Analyzing tandemlog-food-implementation...                      

   info • Statements in an if should be enclosed in a block. Try wrapping the statement in a block • evidence/food-inventory-durable/reviews/ux/matched-before-source/food_page.dart:364:25 • curly_braces_in_flow_control_structures
   info • Statements in an if should be enclosed in a block. Try wrapping the statement in a block • evidence/food-inventory-durable/reviews/ux/matched-before-source/food_page.dart:366:25 • curly_braces_in_flow_control_structures
  error • Target of URI doesn't exist: 'native_text_fixtures.dart'. Try creating the file referenced by the URI, or try using a URI for a file that does exist • evidence/food-inventory-durable/reviews/ux/sources-at-review/integration_test/food_production_workflow_test.dart:13:8 • uri_does_not_exist
  error • Target of URI doesn't exist: 'task_flow_test.dart'. Try creating the file referenced by the URI, or try using a URI for a file that does exist • evidence/food-inventory-durable/reviews/ux/sources-at-review/integration_test/food_production_workflow_test.dart:14:8 • uri_does_not_exist
  error • The function 'openNativeFixtureStore' isn't defined. Try importing the library that defines 'openNativeFixtureStore', correcting the name to the name of an existing function, or defining a function named 'openNativeFixtureStore' • evidence/food-inventory-durable/reviews/ux/sources-at-review/integration_test/food_production_workflow_test.dart:56:26 • undefined_function
  error • The function 'openNativeFixtureStore' isn't defined. Try importing the library that defines 'openNativeFixtureStore', correcting the name to the name of an existing function, or defining a function named 'openNativeFixtureStore' • evidence/food-inventory-durable/reviews/ux/sources-at-review/integration_test/food_production_workflow_test.dart:140:26 • undefined_function
  error • The function 'openNativeFixtureStore' isn't defined. Try importing the library that defines 'openNativeFixtureStore', correcting the name to the name of an existing function, or defining a function named 'openNativeFixtureStore' • evidence/food-inventory-durable/reviews/ux/sources-at-review/integration_test/food_production_workflow_test.dart:253:26 • undefined_function
  error • The function 'openNativeFixtureStore' isn't defined. Try importing the library that defines 'openNativeFixtureStore', correcting the name to the name of an existing function, or defining a function named 'openNativeFixtureStore' • evidence/food-inventory-durable/reviews/ux/sources-at-review/integration_test/food_production_workflow_test.dart:322:26 • undefined_function
  error • Target of URI doesn't exist: '../domain/event.dart'. Try creating the file referenced by the URI, or try using a URI for a file that does exist • evidence/food-inventory-durable/reviews/ux/sources-at-review/lib/food/inventory.dart:1:8 • uri_does_not_exist
  error • Target of URI doesn't exist: '../domain/event_chain.dart'. Try creating the file referenced by the URI, or try using a URI for a file that does exist • evidence/food-inventory-durable/reviews/ux/sources-at-review/lib/food/inventory.dart:2:8 • uri_does_not_exist
  error • The method 'canonicalDataJson' isn't defined for the type 'FoodDetails'. Try correcting the name to the name of an existing method, or defining a method named 'canonicalDataJson' • evidence/food-inventory-durable/reviews/ux/sources-at-review/lib/food/inventory.dart:31:26 • undefined_method
  error • The method 'isCanonicalId' isn't defined for the type 'FoodOperation'. Try correcting the name to the name of an existing method, or defining a method named 'isCanonicalId' • evidence/food-inventory-durable/reviews/ux/sources-at-review/lib/food/inventory.dart:203:30 • undefined_method
  error • The method 'canonicalDataJson' isn't defined for the type 'FoodContainer'. Try correcting the name to the name of an existing method, or defining a method named 'canonicalDataJson' • evidence/food-inventory-durable/reviews/ux/sources-at-review/lib/food/inventory.dart:344:23 • undefined_method
  error • Target of URI doesn't exist: 'application/undo_history.dart'. Try creating the file referenced by the URI, or try using a URI for a file that does exist • evidence/food-inventory-durable/reviews/ux/sources-at-review/lib/main.dart:11:8 • uri_does_not_exist
  error • Target of URI doesn't exist: 'application/task_text_session.dart'. Try creating the file referenced by the URI, or try using a URI for a file that does exist • evidence/food-inventory-durable/reviews/ux/sources-at-review/lib/main.dart:12:8 • uri_does_not_exist
  error • Target of URI doesn't exist: 'application/text_save_command.dart'. Try creating the file referenced by the URI, or try using a URI for a file that does exist • evidence/food-inventory-durable/reviews/ux/sources-at-review/lib/main.dart:13:8 • uri_does_not_exist
  error • Target of URI doesn't exist: 'application/checklist_completion_command.dart'. Try creating the file referenced by the URI, or try using a URI for a file that does exist • evidence/food-inventory-durable/reviews/ux/sources-at-review/lib/main.dart:14:8 • uri_does_not_exist
  error • Target of URI doesn't exist: 'text/native_text_engine.dart'. Try creating the file referenced by the URI, or try using a URI for a file that does exist • evidence/food-inventory-durable/reviews/ux/sources-at-review/lib/main.dart:15:8 • uri_does_not_exist
  error • Target of URI doesn't exist: 'text/native_text_licenses.dart'. Try creating the file referenced by the URI, or try using a URI for a file that does exist • evidence/food-inventory-durable/reviews/ux/sources-at-review/lib/main.dart:16:8 • uri_does_not_exist
  error • Target of URI doesn't exist: 'domain/event.dart'. Try creating the file referenced by the URI, or try using a URI for a file that does exist • evidence/food-inventory-durable/reviews/ux/sources-at-review/lib/main.dart:17:8 • uri_does_not_exist
  error • Target of URI doesn't exist: 'presentation/unavailable_completion.dart'. Try creating the file referenced by the URI, or try using a URI for a file that does exist • evidence/food-inventory-durable/reviews/ux/sources-at-review/lib/main.dart:18:8 • uri_does_not_exist
  error • Target of URI doesn't exist: 'presentation/task_completion_checkbox.dart'. Try creating the file referenced by the URI, or try using a URI for a file that does exist • evidence/food-inventory-durable/reviews/ux/sources-at-review/lib/main.dart:19:8 • uri_does_not_exist
  error • Target of URI doesn't exist: 'presentation/task_entry_area.dart'. Try creating the file referenced by the URI, or try using a URI for a file that does exist • evidence/food-inventory-durable/reviews/ux/sources-at-review/lib/main.dart:20:8 • uri_does_not_exist
  error • Target of URI doesn't exist: 'presentation/task_toolbar.dart'. Try creating the file referenced by the URI, or try using a URI for a file that does exist • evidence/food-inventory-durable/reviews/ux/sources-at-review/lib/main.dart:21:8 • uri_does_not_exist
  error • Target of URI doesn't exist: 'presentation/sticky_task_group.dart'. Try creating the file referenced by the URI, or try using a URI for a file that does exist • evidence/food-inventory-durable/reviews/ux/sources-at-review/lib/main.dart:22:8 • uri_does_not_exist
  error • Target of URI doesn't exist: 'domain/task_view.dart'. Try creating the file referenced by the URI, or try using a URI for a file that does exist • evidence/food-inventory-durable/reviews/ux/sources-at-review/lib/main.dart:23:8 • uri_does_not_exist
  error • Target of URI doesn't exist: 'domain/timed_view.dart'. Try creating the file referenced by the URI, or try using a URI for a file that does exist • evidence/food-inventory-durable/reviews/ux/sources-at-review/lib/main.dart:24:8 • uri_does_not_exist
  error • Target of URI doesn't exist: 'presentation/view_clock.dart'. Try creating the file referenced by the URI, or try using a URI for a file that does exist • evidence/food-inventory-durable/reviews/ux/sources-at-review/lib/main.dart:25:8 • uri_does_not_exist
  error • Target of URI doesn't exist: 'presentation/task_metadata.dart'. Try creating the file referenced by the URI, or try using a URI for a file that does exist • evidence/food-inventory-durable/reviews/ux/sources-at-review/lib/main.dart:26:8 • uri_does_not_exist
  error • Target of URI doesn't exist: 'presentation/tag_filter_picker.dart'. Try creating the file referenced by the URI, or try using a URI for a file that does exist • evidence/food-inventory-durable/reviews/ux/sources-at-review/lib/main.dart:27:8 • uri_does_not_exist
  error • Target of URI doesn't exist: 'presentation/task_editor.dart'. Try creating the file referenced by the URI, or try using a URI for a file that does exist • evidence/food-inventory-durable/reviews/ux/sources-at-review/lib/main.dart:28:8 • uri_does_not_exist
  error • Target of URI doesn't exist: 'presentation/checklist_panel.dart'. Try creating the file referenced by the URI, or try using a URI for a file that does exist • evidence/food-inventory-durable/reviews/ux/sources-at-review/lib/main.dart:29:8 • uri_does_not_exist
  error • Target of URI doesn't exist: 'presentation/checklist_disclosure_ink_border.dart'. Try creating the file referenced by the URI, or try using a URI for a file that does exist • evidence/food-inventory-durable/reviews/ux/sources-at-review/lib/main.dart:30:8 • uri_does_not_exist
  error • Target of URI doesn't exist: 'presentation/task_actions_menu.dart'. Try creating the file referenced by the URI, or try using a URI for a file that does exist • evidence/food-inventory-durable/reviews/ux/sources-at-review/lib/main.dart:31:8 • uri_does_not_exist
  error • Target of URI doesn't exist: 'presentation/checklist_item_editor.dart'. Try creating the file referenced by the URI, or try using a URI for a file that does exist • evidence/food-inventory-durable/reviews/ux/sources-at-review/lib/main.dart:32:8 • uri_does_not_exist
  error • Target of URI doesn't exist: 'presentation/failure_message.dart'. Try creating the file referenced by the URI, or try using a URI for a file that does exist • evidence/food-inventory-durable/reviews/ux/sources-at-review/lib/main.dart:33:8 • uri_does_not_exist
  error • Target of URI doesn't exist: 'presentation/release_version_tile.dart'. Try creating the file referenced by the URI, or try using a URI for a file that does exist • evidence/food-inventory-durable/reviews/ux/sources-at-review/lib/main.dart:34:8 • uri_does_not_exist
  error • Target of URI doesn't exist: 'platform/view_time_source.dart'. Try creating the file referenced by the URI, or try using a URI for a file that does exist • evidence/food-inventory-durable/reviews/ux/sources-at-review/lib/main.dart:35:8 • uri_does_not_exist
  error • Target of URI doesn't exist: 'platform/log_folder.dart'. Try creating the file referenced by the URI, or try using a URI for a file that does exist • evidence/food-inventory-durable/reviews/ux/sources-at-review/lib/main.dart:36:8 • uri_does_not_exist
  error • Target of URI doesn't exist: 'platform/folder_actions.dart'. Try creating the file referenced by the URI, or try using a URI for a file that does exist • evidence/food-inventory-durable/reviews/ux/sources-at-review/lib/main.dart:37:8 • uri_does_not_exist
  error • Target of URI doesn't exist: 'platform/foreground_importer.dart'. Try creating the file referenced by the URI, or try using a URI for a file that does exist • evidence/food-inventory-durable/reviews/ux/sources-at-review/lib/main.dart:38:8 • uri_does_not_exist
  error • Target of URI doesn't exist: 'storage/local_settings.dart'. Try creating the file referenced by the URI, or try using a URI for a file that does exist • evidence/food-inventory-durable/reviews/ux/sources-at-review/lib/main.dart:39:8 • uri_does_not_exist
  error • Target of URI doesn't exist: 'storage/local_durability.dart'. Try creating the file referenced by the URI, or try using a URI for a file that does exist • evidence/food-inventory-durable/reviews/ux/sources-at-review/lib/main.dart:40:8 • uri_does_not_exist
  error • Target of URI doesn't exist: 'storage/local_profile_database.dart'. Try creating the file referenced by the URI, or try using a URI for a file that does exist • evidence/food-inventory-durable/reviews/ux/sources-at-review/lib/main.dart:41:8 • uri_does_not_exist
  error • Target of URI doesn't exist: 'storage/local_profile_migration.dart'. Try creating the file referenced by the URI, or try using a URI for a file that does exist • evidence/food-inventory-durable/reviews/ux/sources-at-review/lib/main.dart:42:8 • uri_does_not_exist
  error • Target of URI doesn't exist: 'storage/task_store.dart'. Try creating the file referenced by the URI, or try using a URI for a file that does exist • evidence/food-inventory-durable/reviews/ux/sources-at-review/lib/main.dart:43:8 • uri_does_not_exist
  error • Target of URI doesn't exist: 'storage/checklist_expansion_store.dart'. Try creating the file referenced by the URI, or try using a URI for a file that does exist • evidence/food-inventory-durable/reviews/ux/sources-at-review/lib/main.dart:44:8 • uri_does_not_exist
  error • Target of URI doesn't exist: 'food/food_store.dart'. Try creating the file referenced by the URI, or try using a URI for a file that does exist • evidence/food-inventory-durable/reviews/ux/sources-at-review/lib/main.dart:46:8 • uri_does_not_exist
  error • Target of URI doesn't exist: 'food/food_record.dart'. Try creating the file referenced by the URI, or try using a URI for a file that does exist • evidence/food-inventory-durable/reviews/ux/sources-at-review/lib/main.dart:47:8 • uri_does_not_exist
  error • The function 'registerNativeTextLicenses' isn't defined. Try importing the library that defines 'registerNativeTextLicenses', correcting the name to the name of an existing function, or defining a function named 'registerNativeTextLicenses' • evidence/food-inventory-durable/reviews/ux/sources-at-review/lib/main.dart:53:3 • undefined_function
  error • Undefined class 'LogFolder'. Try changing the name to the name of an existing class, or creating a class with the name 'LogFolder' • evidence/food-inventory-durable/reviews/ux/sources-at-review/lib/main.dart:65:9 • undefined_class
  error • Undefined class 'FolderActions'. Try changing the name to the name of an existing class, or creating a class with the name 'FolderActions' • evidence/food-inventory-durable/reviews/ux/sources-at-review/lib/main.dart:67:9 • undefined_class
  error • Undefined class 'ViewTimeSource'. Try changing the name to the name of an existing class, or creating a class with the name 'ViewTimeSource' • evidence/food-inventory-durable/reviews/ux/sources-at-review/lib/main.dart:68:9 • undefined_class
  error • The name 'Appearance' isn't a type, so it can't be used as a type argument. Try correcting the name to an existing type, or defining a type named 'Appearance' • evidence/food-inventory-durable/reviews/ux/sources-at-review/lib/main.dart:74:36 • non_type_as_type_argument
  error • Undefined name 'Appearance'. Try correcting the name to one that is defined, or defining the name • evidence/food-inventory-durable/reviews/ux/sources-at-review/lib/main.dart:74:48 • undefined_identifier
  error • The name 'Appearance' isn't a type, so it can't be used as a type argument. Try correcting the name to an existing type, or defining a type named 'Appearance' • evidence/food-inventory-durable/reviews/ux/sources-at-review/lib/main.dart:107:64 • non_type_as_type_argument
  error • Undefined name 'Appearance'. Try correcting the name to one that is defined, or defining the name • evidence/food-inventory-durable/reviews/ux/sources-at-review/lib/main.dart:115:9 • undefined_identifier
  error • Undefined name 'Appearance'. Try correcting the name to one that is defined, or defining the name • evidence/food-inventory-durable/reviews/ux/sources-at-review/lib/main.dart:116:9 • undefined_identifier
  error • Undefined name 'Appearance'. Try correcting the name to one that is defined, or defining the name • evidence/food-inventory-durable/reviews/ux/sources-at-review/lib/main.dart:117:9 • undefined_identifier
  error • The method 'FolderActions' isn't defined for the type '_TandemlogAppState'. Try correcting the name to the name of an existing method, or defining a method named 'FolderActions' • evidence/food-inventory-durable/reviews/ux/sources-at-review/lib/main.dart:122:48 • undefined_method
  error • Undefined class 'LogFolder'. Try changing the name to the name of an existing class, or creating a class with the name 'LogFolder' • evidence/food-inventory-durable/reviews/ux/sources-at-review/lib/main.dart:139:9 • undefined_class
  error • The name 'Appearance' isn't a type, so it can't be used as a type argument. Try correcting the name to an existing type, or defining a type named 'Appearance' • evidence/food-inventory-durable/reviews/ux/sources-at-review/lib/main.dart:141:23 • non_type_as_type_argument
  error • Undefined class 'FolderActions'. Try changing the name to the name of an existing class, or creating a class with the name 'FolderActions' • evidence/food-inventory-durable/reviews/ux/sources-at-review/lib/main.dart:142:9 • undefined_class
  error • Undefined class 'ViewTimeSource'. Try changing the name to the name of an existing class, or creating a class with the name 'ViewTimeSource' • evidence/food-inventory-durable/reviews/ux/sources-at-review/lib/main.dart:143:9 • undefined_class
  error • Undefined class 'TaskStore'. Try changing the name to the name of an existing class, or creating a class with the name 'TaskStore' • evidence/food-inventory-durable/reviews/ux/sources-at-review/lib/main.dart:149:3 • undefined_class
  error • Undefined class 'FoodStore'. Try changing the name to the name of an existing class, or creating a class with the name 'FoodStore' • evidence/food-inventory-durable/reviews/ux/sources-at-review/lib/main.dart:150:3 • undefined_class
  error • The name 'FoodRecord' isn't a type, so it can't be used as a type argument. Try correcting the name to an existing type, or defining a type named 'FoodRecord' • evidence/food-inventory-durable/reviews/ux/sources-at-review/lib/main.dart:154:8 • non_type_as_type_argument
  error • Undefined class 'FoodStore'. Try changing the name to the name of an existing class, or creating a class with the name 'FoodStore' • evidence/food-inventory-durable/reviews/ux/sources-at-review/lib/main.dart:155:5 • undefined_class
  error • The name 'FoodRecord' isn't a type, so it can't be used as a type argument. Try correcting the name to an existing type, or defining a type named 'FoodRecord' • evidence/food-inventory-durable/reviews/ux/sources-at-review/lib/main.dart:155:48 • non_type_as_type_argument
  error • Undefined class 'NativeTextEngine'. Try changing the name to the name of an existing class, or creating a class with the name 'NativeTextEngine' • evidence/food-inventory-durable/reviews/ux/sources-at-review/lib/main.dart:157:3 • undefined_class
  error • Undefined class 'TaskTextSession'. Try changing the name to the name of an existing class, or creating a class with the name 'TaskTextSession' • evidence/food-inventory-durable/reviews/ux/sources-at-review/lib/main.dart:158:3 • undefined_class
  error • Undefined class 'TextSaveCommand'. Try changing the name to the name of an existing class, or creating a class with the name 'TextSaveCommand' • evidence/food-inventory-durable/reviews/ux/sources-at-review/lib/main.dart:159:3 • undefined_class
  error • The method 'SessionUndoHistory' isn't defined for the type '_TasksPageState'. Try correcting the name to the name of an existing method, or defining a method named 'SessionUndoHistory' • evidence/food-inventory-durable/reviews/ux/sources-at-review/lib/main.dart:161:23 • undefined_method
  error • Undefined class 'TaskStore'. Try changing the name to the name of an existing class, or creating a class with the name 'TaskStore' • evidence/food-inventory-durable/reviews/ux/sources-at-review/lib/main.dart:171:3 • undefined_class
  error • The name 'TaskEditorState' isn't a type, so it can't be used as a type argument. Try correcting the name to an existing type, or defining a type named 'TaskEditorState' • evidence/food-inventory-durable/reviews/ux/sources-at-review/lib/main.dart:176:29 • non_type_as_type_argument
  error • The name 'BulkTaskEditorState' isn't a type, so it can't be used as a type argument. Try correcting the name to an existing type, or defining a type named 'BulkTaskEditorState' • evidence/food-inventory-durable/reviews/ux/sources-at-review/lib/main.dart:177:33 • non_type_as_type_argument
  error • The name 'ChecklistItemEditorState' isn't a type, so it can't be used as a type argument. Try correcting the name to an existing type, or defining a type named 'ChecklistItemEditorState' • evidence/food-inventory-durable/reviews/ux/sources-at-review/lib/main.dart:178:13 • non_type_as_type_argument
  error • The name 'TaskViewEntry' isn't a type, so it can't be used as a type argument. Try correcting the name to an existing type, or defining a type named 'TaskViewEntry' • evidence/food-inventory-durable/reviews/ux/sources-at-review/lib/main.dart:189:8 • non_type_as_type_argument
  error • Undefined class 'LocalSettings'. Try changing the name to the name of an existing class, or creating a class with the name 'LocalSettings' • evidence/food-inventory-durable/reviews/ux/sources-at-review/lib/main.dart:210:3 • undefined_class
  error • Undefined class 'LocalProfileDatabase'. Try changing the name to the name of an existing class, or creating a class with the name 'LocalProfileDatabase' • evidence/food-inventory-durable/reviews/ux/sources-at-review/lib/main.dart:211:3 • undefined_class
  error • Undefined class 'ForegroundImporter'. Try changing the name to the name of an existing class, or creating a class with the name 'ForegroundImporter' • evidence/food-inventory-durable/reviews/ux/sources-at-review/lib/main.dart:223:3 • undefined_class
  error • Undefined class 'TaskStore'. Try changing the name to the name of an existing class, or creating a class with the name 'TaskStore' • evidence/food-inventory-durable/reviews/ux/sources-at-review/lib/main.dart:224:3 • undefined_class
  error • Undefined class 'ViewTimeSource'. Try changing the name to the name of an existing class, or creating a class with the name 'ViewTimeSource' • evidence/food-inventory-durable/reviews/ux/sources-at-review/lib/main.dart:230:14 • undefined_class
  error • Undefined class 'ViewClock'. Try changing the name to the name of an existing class, or creating a class with the name 'ViewClock' • evidence/food-inventory-durable/reviews/ux/sources-at-review/lib/main.dart:231:14 • undefined_class
  error • The name 'TaskView' isn't a type, so it can't be used as a type argument. Try correcting the name to an existing type, or defining a type named 'TaskView' • evidence/food-inventory-durable/reviews/ux/sources-at-review/lib/main.dart:231:24 • non_type_as_type_argument
  error • Undefined class 'TaskView'. Try changing the name to the name of an existing class, or creating a class with the name 'TaskView' • evidence/food-inventory-durable/reviews/ux/sources-at-review/lib/main.dart:232:3 • undefined_class
  error • Undefined class 'TaskStore'. Try changing the name to the name of an existing class, or creating a class with the name 'TaskStore' • evidence/food-inventory-durable/reviews/ux/sources-at-review/lib/main.dart:240:5 • undefined_class
  error • The method 'ViewTimeSource' isn't defined for the type '_TasksPageState'. Try correcting the name to the name of an existing method, or defining a method named 'ViewTimeSource' • evidence/food-inventory-durable/reviews/ux/sources-at-review/lib/main.dart:301:9 • undefined_method
  error • The method 'ViewClock' isn't defined for the type '_TasksPageState'. Try correcting the name to the name of an existing method, or defining a method named 'ViewClock' • evidence/food-inventory-durable/reviews/ux/sources-at-review/lib/main.dart:302:17 • undefined_method
  error • The name 'TaskView' isn't a type, so it can't be used as a type argument. Try correcting the name to an existing type, or defining a type named 'TaskView' • evidence/food-inventory-durable/reviews/ux/sources-at-review/lib/main.dart:302:27 • non_type_as_type_argument
  error • The method 'projectTaskView' isn't defined for the type '_TasksPageState'. Try correcting the name to the name of an existing method, or defining a method named 'projectTaskView' • evidence/food-inventory-durable/reviews/ux/sources-at-review/lib/main.dart:308:29 • undefined_method
  error • The method 'TimedView' isn't defined for the type '_TasksPageState'. Try correcting the name to the name of an existing method, or defining a method named 'TimedView' • evidence/food-inventory-durable/reviews/ux/sources-at-review/lib/main.dart:321:18 • undefined_method
  error • The method 'TaskView' isn't defined for the type '_TasksPageState'. Try correcting the name to the name of an existing method, or defining a method named 'TaskView' • evidence/food-inventory-durable/reviews/ux/sources-at-review/lib/main.dart:321:40 • undefined_method
  error • The property 'task' can't be unconditionally accessed because the receiver can be 'null'. Try making the access conditional (using '?.') or adding a null check to the target ('!') • evidence/food-inventory-durable/reviews/ux/sources-at-review/lib/main.dart:329:39 • unchecked_use_of_nullable_value
  error • Undefined name 'LocalProfileDatabase'. Try correcting the name to one that is defined, or defining the name • evidence/food-inventory-durable/reviews/ux/sources-at-review/lib/main.dart:360:33 • undefined_identifier
  error • The method 'LocalProfileMigration' isn't defined for the type '_TasksPageState'. Try correcting the name to the name of an existing method, or defining a method named 'LocalProfileMigration' • evidence/food-inventory-durable/reviews/ux/sources-at-review/lib/main.dart:362:13 • undefined_method
  error • The method 'LocalSettings' isn't defined for the type '_TasksPageState'. Try correcting the name to the name of an existing method, or defining a method named 'LocalSettings' • evidence/food-inventory-durable/reviews/ux/sources-at-review/lib/main.dart:364:18 • undefined_method
  error • The method 'failureMessage' isn't defined for the type '_TasksPageState'. Try correcting the name to the name of an existing method, or defining a method named 'failureMessage' • evidence/food-inventory-durable/reviews/ux/sources-at-review/lib/main.dart:372:15 • undefined_method
  error • Undefined class 'LogFolder'. Try changing the name to the name of an existing class, or creating a class with the name 'LogFolder' • evidence/food-inventory-durable/reviews/ux/sources-at-review/lib/main.dart:392:11 • undefined_class
  error • The method 'AndroidLogFolder' isn't defined for the type '_TasksPageState'. Try correcting the name to the name of an existing method, or defining a method named 'AndroidLogFolder' • evidence/food-inventory-durable/reviews/ux/sources-at-review/lib/main.dart:395:15 • undefined_method
  error • The method 'LocalLogFolder' isn't defined for the type '_TasksPageState'. Try correcting the name to the name of an existing method, or defining a method named 'LocalLogFolder' • evidence/food-inventory-durable/reviews/ux/sources-at-review/lib/main.dart:396:15 • undefined_method
  error • Undefined name 'TaskStore'. Try correcting the name to one that is defined, or defining the name • evidence/food-inventory-durable/reviews/ux/sources-at-review/lib/main.dart:397:26 • undefined_identifier
  error • The method 'NativeTextEngine' isn't defined for the type '_TasksPageState'. Try correcting the name to the name of an existing method, or defining a method named 'NativeTextEngine' • evidence/food-inventory-durable/reviews/ux/sources-at-review/lib/main.dart:402:34 • undefined_method
  error • Undefined class 'FoodStore'. Try changing the name to the name of an existing class, or creating a class with the name 'FoodStore' • evidence/food-inventory-durable/reviews/ux/sources-at-review/lib/main.dart:410:5 • undefined_class
  error • The name 'BoundedLogFolder' isn't defined, so it can't be used in an 'is' expression. Try changing the name to the name of an existing type, or creating a type with the name 'BoundedLogFolder' • evidence/food-inventory-durable/reviews/ux/sources-at-review/lib/main.dart:414:24 • type_test_with_undefined_name
warning • Dead code. Try removing the code, or fixing the code before it so that it can be reached • evidence/food-inventory-durable/reviews/ux/sources-at-review/lib/main.dart:414:42 • dead_code
  error • The name 'FoodHistoryFailure' isn't a class. Try correcting the name to match an existing class • evidence/food-inventory-durable/reviews/ux/sources-at-review/lib/main.dart:415:23 • creation_with_non_type
  error • Undefined name 'FoodStore'. Try correcting the name to one that is defined, or defining the name • evidence/food-inventory-durable/reviews/ux/sources-at-review/lib/main.dart:419:28 • undefined_identifier
  error • The name 'FoodHistoryFailure' isn't a type and can't be used in an on-catch clause. Try correcting the name to match an existing class • evidence/food-inventory-durable/reviews/ux/sources-at-review/lib/main.dart:425:12 • non_type_in_catch_clause
  error • The method 'ChecklistExpansionStore' isn't defined for the type '_TasksPageState'. Try correcting the name to the name of an existing method, or defining a method named 'ChecklistExpansionStore' • evidence/food-inventory-durable/reviews/ux/sources-at-review/lib/main.dart:436:18 • undefined_method
  error • Undefined class 'FoodStore'. Try changing the name to the name of an existing class, or creating a class with the name 'FoodStore' • evidence/food-inventory-durable/reviews/ux/sources-at-review/lib/main.dart:482:5 • undefined_class
  error • Undefined class 'FoodStore'. Try changing the name to the name of an existing class, or creating a class with the name 'FoodStore' • evidence/food-inventory-durable/reviews/ux/sources-at-review/lib/main.dart:483:27 • undefined_class
  error • The name 'FoodHistoryFailure' isn't defined, so it can't be used in an 'is' expression. Try changing the name to the name of an existing type, or creating a type with the name 'FoodHistoryFailure' • evidence/food-inventory-durable/reviews/ux/sources-at-review/lib/main.dart:511:32 • type_test_with_undefined_name
warning • Dead code. Try removing the code, or fixing the code before it so that it can be reached • evidence/food-inventory-durable/reviews/ux/sources-at-review/lib/main.dart:511:52 • dead_code
  error • The property 'operation' can't be unconditionally accessed because the receiver can be 'null'. Try making the access conditional (using '?.') or adding a null check to the target ('!') • evidence/food-inventory-durable/reviews/ux/sources-at-review/lib/main.dart:522:24 • unchecked_use_of_nullable_value
  error • The method 'failureMessage' isn't defined for the type '_TasksPageState'. Try correcting the name to the name of an existing method, or defining a method named 'failureMessage' • evidence/food-inventory-durable/reviews/ux/sources-at-review/lib/main.dart:526:36 • undefined_method
  error • Undefined class 'FoodStore'. Try changing the name to the name of an existing class, or creating a class with the name 'FoodStore' • evidence/food-inventory-durable/reviews/ux/sources-at-review/lib/main.dart:541:5 • undefined_class
  error • Undefined class 'FoodStore'. Try changing the name to the name of an existing class, or creating a class with the name 'FoodStore' • evidence/food-inventory-durable/reviews/ux/sources-at-review/lib/main.dart:543:27 • undefined_class
  error • The method 'recoverPrepared' can't be unconditionally invoked because the receiver can be 'null'. Try making the call conditional (using '?.') or adding a null check to the target ('!') • evidence/food-inventory-durable/reviews/ux/sources-at-review/lib/main.dart:552:20 • unchecked_use_of_nullable_value
  error • The property 'isAdmitted' can't be unconditionally accessed because the receiver can be 'null'. Try making the access conditional (using '?.') or adding a null check to the target ('!') • evidence/food-inventory-durable/reviews/ux/sources-at-review/lib/main.dart:553:41 • unchecked_use_of_nullable_value
  error • The property 'operation' can't be unconditionally accessed because the receiver can be 'null'. Try making the access conditional (using '?.') or adding a null check to the target ('!') • evidence/food-inventory-durable/reviews/ux/sources-at-review/lib/main.dart:557:18 • unchecked_use_of_nullable_value
  error • The property 'lastPreparedRecords' can't be unconditionally accessed because the receiver can be 'null'. Try making the access conditional (using '?.') or adding a null check to the target ('!') • evidence/food-inventory-durable/reviews/ux/sources-at-review/lib/main.dart:564:29 • unchecked_use_of_nullable_value
  error • The property 'lastPreparedRecords' can't be unconditionally accessed because the receiver can be 'null'. Try making the access conditional (using '?.') or adding a null check to the target ('!') • evidence/food-inventory-durable/reviews/ux/sources-at-review/lib/main.dart:569:39 • unchecked_use_of_nullable_value
  error • The property 'lastPreparedRecords' can't be unconditionally accessed because the receiver can be 'null'. Try making the access conditional (using '?.') or adding a null check to the target ('!') • evidence/food-inventory-durable/reviews/ux/sources-at-review/lib/main.dart:570:18 • unchecked_use_of_nullable_value
  error • The property 'lastPreparedRecords' can't be unconditionally accessed because the receiver can be 'null'. Try making the access conditional (using '?.') or adding a null check to the target ('!') • evidence/food-inventory-durable/reviews/ux/sources-at-review/lib/main.dart:574:27 • unchecked_use_of_nullable_value
  error • Undefined class 'TaskStore'. Try changing the name to the name of an existing class, or creating a class with the name 'TaskStore' • evidence/food-inventory-durable/reviews/ux/sources-at-review/lib/main.dart:580:31 • undefined_class
  error • Undefined class 'FoodStore'. Try changing the name to the name of an existing class, or creating a class with the name 'FoodStore' • evidence/food-inventory-durable/reviews/ux/sources-at-review/lib/main.dart:585:7 • undefined_class
  error • The name 'BoundedLogFolder' isn't defined, so it can't be used in an 'is' expression. Try changing the name to the name of an existing type, or creating a type with the name 'BoundedLogFolder' • evidence/food-inventory-durable/reviews/ux/sources-at-review/lib/main.dart:588:33 • type_test_with_undefined_name
warning • Dead code. Try removing the code, or fixing the code before it so that it can be reached • evidence/food-inventory-durable/reviews/ux/sources-at-review/lib/main.dart:588:51 • dead_code
  error • The name 'FoodHistoryFailure' isn't a class. Try correcting the name to match an existing class • evidence/food-inventory-durable/reviews/ux/sources-at-review/lib/main.dart:589:23 • creation_with_non_type
  error • Undefined name 'FoodStore'. Try correcting the name to one that is defined, or defining the name • evidence/food-inventory-durable/reviews/ux/sources-at-review/lib/main.dart:593:24 • undefined_identifier
  error • The name 'FoodHistoryFailure' isn't a type and can't be used in an on-catch clause. Try correcting the name to match an existing class • evidence/food-inventory-durable/reviews/ux/sources-at-review/lib/main.dart:607:12 • non_type_in_catch_clause
  error • The method 'add' can't be unconditionally invoked because the receiver can be 'null'. Try making the call conditional (using '?.') or adding a null check to the target ('!') • evidence/food-inventory-durable/reviews/ux/sources-at-review/lib/main.dart:680:29 • unchecked_use_of_nullable_value
  error • The method 'remove' can't be unconditionally invoked because the receiver can be 'null'. Try making the call conditional (using '?.') or adding a null check to the target ('!') • evidence/food-inventory-durable/reviews/ux/sources-at-review/lib/main.dart:686:42 • unchecked_use_of_nullable_value
  error • The method 'restore' can't be unconditionally invoked because the receiver can be 'null'. Try making the call conditional (using '?.') or adding a null check to the target ('!') • evidence/food-inventory-durable/reviews/ux/sources-at-review/lib/main.dart:689:27 • unchecked_use_of_nullable_value
  error • The method 'changeContents' can't be unconditionally invoked because the receiver can be 'null'. Try making the call conditional (using '?.') or adding a null check to the target ('!') • evidence/food-inventory-durable/reviews/ux/sources-at-review/lib/main.dart:696:29 • unchecked_use_of_nullable_value
  error • The method 'changeDetails' can't be unconditionally invoked because the receiver can be 'null'. Try making the call conditional (using '?.') or adding a null check to the target ('!') • evidence/food-inventory-durable/reviews/ux/sources-at-review/lib/main.dart:704:29 • unchecked_use_of_nullable_value
  error • The method 'undoRemovals' can't be unconditionally invoked because the receiver can be 'null'. Try making the call conditional (using '?.') or adding a null check to the target ('!') • evidence/food-inventory-durable/reviews/ux/sources-at-review/lib/main.dart:715:33 • unchecked_use_of_nullable_value
  error • Undefined class 'FoodStore'. Try changing the name to the name of an existing class, or creating a class with the name 'FoodStore' • evidence/food-inventory-durable/reviews/ux/sources-at-review/lib/main.dart:724:29 • undefined_class
  error • The method 'recoverPrepared' can't be unconditionally invoked because the receiver can be 'null'. Try making the call conditional (using '?.') or adding a null check to the target ('!') • evidence/food-inventory-durable/reviews/ux/sources-at-review/lib/main.dart:727:21 • unchecked_use_of_nullable_value
  error • The property 'isAdmitted' can't be unconditionally accessed because the receiver can be 'null'. Try making the access conditional (using '?.') or adding a null check to the target ('!') • evidence/food-inventory-durable/reviews/ux/sources-at-review/lib/main.dart:731:44 • unchecked_use_of_nullable_value
  error • The property 'operation' can't be unconditionally accessed because the receiver can be 'null'. Try making the access conditional (using '?.') or adding a null check to the target ('!') • evidence/food-inventory-durable/reviews/ux/sources-at-review/lib/main.dart:737:22 • unchecked_use_of_nullable_value
  error • The method 'ensureDirectoryDurable' isn't defined for the type '_TasksPageState'. Try correcting the name to the name of an existing method, or defining a method named 'ensureDirectoryDurable' • evidence/food-inventory-durable/reviews/ux/sources-at-review/lib/main.dart:776:11 • undefined_method
  error • Undefined class 'Appearance'. Try changing the name to the name of an existing class, or creating a class with the name 'Appearance' • evidence/food-inventory-durable/reviews/ux/sources-at-review/lib/main.dart:782:31 • undefined_class
  error • Undefined name 'Appearance'. Try correcting the name to one that is defined, or defining the name • evidence/food-inventory-durable/reviews/ux/sources-at-review/lib/main.dart:820:21 • undefined_identifier
  error • Undefined name 'Appearance'. Try correcting the name to one that is defined, or defining the name • evidence/food-inventory-durable/reviews/ux/sources-at-review/lib/main.dart:821:21 • undefined_identifier
  error • Undefined name 'Appearance'. Try correcting the name to one that is defined, or defining the name • evidence/food-inventory-durable/reviews/ux/sources-at-review/lib/main.dart:822:21 • undefined_identifier
  error • The name 'Appearance' isn't a type, so it can't be used as a type argument. Try correcting the name to an existing type, or defining a type named 'Appearance' • evidence/food-inventory-durable/reviews/ux/sources-at-review/lib/main.dart:828:59 • non_type_as_type_argument
  error • The name 'Appearance' isn't a type, so it can't be used as a type argument. Try correcting the name to an existing type, or defining a type named 'Appearance' • evidence/food-inventory-durable/reviews/ux/sources-at-review/lib/main.dart:836:51 • non_type_as_type_argument
  error • The name 'Appearance' isn't a type, so it can't be used as a type argument. Try correcting the name to an existing type, or defining a type named 'Appearance' • evidence/food-inventory-durable/reviews/ux/sources-at-review/lib/main.dart:843:53 • non_type_as_type_argument
  error • Invalid constant value • evidence/food-inventory-durable/reviews/ux/sources-at-review/lib/main.dart:844:48 • invalid_constant
  error • Undefined name 'Appearance'. Try correcting the name to one that is defined, or defining the name • evidence/food-inventory-durable/reviews/ux/sources-at-review/lib/main.dart:844:48 • undefined_identifier
  error • The name 'Appearance' isn't a type, so it can't be used as a type argument. Try correcting the name to an existing type, or defining a type named 'Appearance' • evidence/food-inventory-durable/reviews/ux/sources-at-review/lib/main.dart:847:53 • non_type_as_type_argument
  error • Invalid constant value • evidence/food-inventory-durable/reviews/ux/sources-at-review/lib/main.dart:848:48 • invalid_constant
  error • Undefined name 'Appearance'. Try correcting the name to one that is defined, or defining the name • evidence/food-inventory-durable/reviews/ux/sources-at-review/lib/main.dart:848:48 • undefined_identifier
  error • The name 'Appearance' isn't a type, so it can't be used as a type argument. Try correcting the name to an existing type, or defining a type named 'Appearance' • evidence/food-inventory-durable/reviews/ux/sources-at-review/lib/main.dart:851:53 • non_type_as_type_argument
  error • Invalid constant value • evidence/food-inventory-durable/reviews/ux/sources-at-review/lib/main.dart:852:48 • invalid_constant
  error • Undefined name 'Appearance'. Try correcting the name to one that is defined, or defining the name • evidence/food-inventory-durable/reviews/ux/sources-at-review/lib/main.dart:852:48 • undefined_identifier
  error • The name 'ReleaseVersionTile' isn't a class. Try correcting the name to match an existing class • evidence/food-inventory-durable/reviews/ux/sources-at-review/lib/main.dart:962:23 • creation_with_non_type
  error • Undefined name 'Appearance'. Try correcting the name to one that is defined, or defining the name • evidence/food-inventory-durable/reviews/ux/sources-at-review/lib/main.dart:989:28 • undefined_identifier
  error • The method 'failureMessage' isn't defined for the type '_TasksPageState'. Try correcting the name to the name of an existing method, or defining a method named 'failureMessage' • evidence/food-inventory-durable/reviews/ux/sources-at-review/lib/main.dart:1055:16 • undefined_method
  error • Undefined class 'TaskStore'. Try changing the name to the name of an existing class, or creating a class with the name 'TaskStore' • evidence/food-inventory-durable/reviews/ux/sources-at-review/lib/main.dart:1100:30 • undefined_class
  error • The method 'failureMessage' isn't defined for the type '_TasksPageState'. Try correcting the name to the name of an existing method, or defining a method named 'failureMessage' • evidence/food-inventory-durable/reviews/ux/sources-at-review/lib/main.dart:1109:40 • undefined_method
  error • The method 'failureMessage' isn't defined for the type '_TasksPageState'. Try correcting the name to the name of an existing method, or defining a method named 'failureMessage' • evidence/food-inventory-durable/reviews/ux/sources-at-review/lib/main.dart:1130:19 • undefined_method
  error • Undefined class 'TaskStore'. Try changing the name to the name of an existing class, or creating a class with the name 'TaskStore' • evidence/food-inventory-durable/reviews/ux/sources-at-review/lib/main.dart:1156:5 • undefined_class
  error • Undefined class 'OperationReceipt'. Try changing the name to the name of an existing class, or creating a class with the name 'OperationReceipt' • evidence/food-inventory-durable/reviews/ux/sources-at-review/lib/main.dart:1158:38 • undefined_class
  error • The name 'OperationReceipt' isn't a type, so it can't be used as a type argument. Try correcting the name to an existing type, or defining a type named 'OperationReceipt' • evidence/food-inventory-durable/reviews/ux/sources-at-review/lib/main.dart:1165:23 • non_type_as_type_argument
  error • The property 'entity' can't be unconditionally accessed because the receiver can be 'null'. Try making the access conditional (using '?.') or adding a null check to the target ('!') • evidence/food-inventory-durable/reviews/ux/sources-at-review/lib/main.dart:1212:57 • unchecked_use_of_nullable_value
  error • Undefined class 'TaskStore'. Try changing the name to the name of an existing class, or creating a class with the name 'TaskStore' • evidence/food-inventory-durable/reviews/ux/sources-at-review/lib/main.dart:1234:5 • undefined_class
  error • The name 'BulkTaskEditorState' isn't a type, so it can't be used as a type argument. Try correcting the name to an existing type, or defining a type named 'BulkTaskEditorState' • evidence/food-inventory-durable/reviews/ux/sources-at-review/lib/main.dart:1235:15 • non_type_as_type_argument
  error • The name 'OperationReceipt' isn't a type, so it can't be used as a type argument. Try correcting the name to an existing type, or defining a type named 'OperationReceipt' • evidence/food-inventory-durable/reviews/ux/sources-at-review/lib/main.dart:1237:10 • non_type_as_type_argument
  error • The property 'id' can't be unconditionally accessed because the receiver can be 'null'. Try making the access conditional (using '?.') or adding a null check to the target ('!') • evidence/food-inventory-durable/reviews/ux/sources-at-review/lib/main.dart:1252:70 • unchecked_use_of_nullable_value
  error • The method 'failureMessage' isn't defined for the type '_TasksPageState'. Try correcting the name to the name of an existing method, or defining a method named 'failureMessage' • evidence/food-inventory-durable/reviews/ux/sources-at-review/lib/main.dart:1328:93 • undefined_method
  error • The method 'ForegroundImporter' isn't defined for the type '_TasksPageState'. Try correcting the name to the name of an existing method, or defining a method named 'ForegroundImporter' • evidence/food-inventory-durable/reviews/ux/sources-at-review/lib/main.dart:1356:13 • undefined_method
  error • Undefined class 'LocalLogFolder'. Try changing the name to the name of an existing class, or creating a class with the name 'LocalLogFolder' • evidence/food-inventory-durable/reviews/ux/sources-at-review/lib/main.dart:1358:17 • undefined_class
  error • Undefined class 'AndroidLogFolder'. Try changing the name to the name of an existing class, or creating a class with the name 'AndroidLogFolder' • evidence/food-inventory-durable/reviews/ux/sources-at-review/lib/main.dart:1361:17 • undefined_class
  error • The method 'failureMessage' isn't defined for the type '_TasksPageState'. Try correcting the name to the name of an existing method, or defining a method named 'failureMessage' • evidence/food-inventory-durable/reviews/ux/sources-at-review/lib/main.dart:1425:21 • undefined_method
  error • The name 'FoodHistoryFailure' isn't defined, so it can't be used in an 'is' expression. Try changing the name to the name of an existing type, or creating a type with the name 'FoodHistoryFailure' • evidence/food-inventory-durable/reviews/ux/sources-at-review/lib/main.dart:1440:22 • type_test_with_undefined_name
  error • The method 'failureMessage' isn't defined for the type '_TasksPageState'. Try correcting the name to the name of an existing method, or defining a method named 'failureMessage' • evidence/food-inventory-durable/reviews/ux/sources-at-review/lib/main.dart:1441:42 • undefined_method
warning • Dead code. Try removing the code, or fixing the code before it so that it can be reached • evidence/food-inventory-durable/reviews/ux/sources-at-review/lib/main.dart:1442:20 • dead_code
  error • The method 'failureMessage' isn't defined for the type '_TasksPageState'. Try correcting the name to the name of an existing method, or defining a method named 'failureMessage' • evidence/food-inventory-durable/reviews/ux/sources-at-review/lib/main.dart:1660:65 • undefined_method
  error • Undefined class 'TaskTextSession'. Try changing the name to the name of an existing class, or creating a class with the name 'TaskTextSession' • evidence/food-inventory-durable/reviews/ux/sources-at-review/lib/main.dart:1728:7 • undefined_class
  error • Undefined class 'TaskTextCapture'. Try changing the name to the name of an existing class, or creating a class with the name 'TaskTextCapture' • evidence/food-inventory-durable/reviews/ux/sources-at-review/lib/main.dart:1729:7 • undefined_class
  error • The method 'TaskTextSession' isn't defined for the type '_TasksPageState'. Try correcting the name to the name of an existing method, or defining a method named 'TaskTextSession' • evidence/food-inventory-durable/reviews/ux/sources-at-review/lib/main.dart:1734:19 • undefined_method
  error • The method 'failureMessage' isn't defined for the type '_TasksPageState'. Try correcting the name to the name of an existing method, or defining a method named 'failureMessage' • evidence/food-inventory-durable/reviews/ux/sources-at-review/lib/main.dart:1742:15 • undefined_method
  error • The name 'TaskEditorState' isn't a type, so it can't be used as a type argument. Try correcting the name to an existing type, or defining a type named 'TaskEditorState' • evidence/food-inventory-durable/reviews/ux/sources-at-review/lib/main.dart:1763:31 • non_type_as_type_argument
  error • The method 'TextSaveCommand' isn't defined for the type '_TasksPageState'. Try correcting the name to the name of an existing method, or defining a method named 'TextSaveCommand' • evidence/food-inventory-durable/reviews/ux/sources-at-review/lib/main.dart:1768:15 • undefined_method
  error • The name 'BulkTaskEditorState' isn't a type, so it can't be used as a type argument. Try correcting the name to an existing type, or defining a type named 'BulkTaskEditorState' • evidence/food-inventory-durable/reviews/ux/sources-at-review/lib/main.dart:1778:35 • non_type_as_type_argument
  error • The property 'task' can't be unconditionally accessed because the receiver can be 'null'. Try making the access conditional (using '?.') or adding a null check to the target ('!') • evidence/food-inventory-durable/reviews/ux/sources-at-review/lib/main.dart:1801:33 • unchecked_use_of_nullable_value
  error • The property 'task' can't be unconditionally accessed because the receiver can be 'null'. Try making the access conditional (using '?.') or adding a null check to the target ('!') • evidence/food-inventory-durable/reviews/ux/sources-at-review/lib/main.dart:1835:57 • unchecked_use_of_nullable_value
  error • The property 'task' can't be unconditionally accessed because the receiver can be 'null'. Try making the access conditional (using '?.') or adding a null check to the target ('!') • evidence/food-inventory-durable/reviews/ux/sources-at-review/lib/main.dart:1848:31 • unchecked_use_of_nullable_value
  error • The method 'projectTaskView' isn't defined for the type '_TasksPageState'. Try correcting the name to the name of an existing method, or defining a method named 'projectTaskView' • evidence/food-inventory-durable/reviews/ux/sources-at-review/lib/main.dart:1852:21 • undefined_method
  error • The property 'task' can't be unconditionally accessed because the receiver can be 'null'. Try making the access conditional (using '?.') or adding a null check to the target ('!') • evidence/food-inventory-durable/reviews/ux/sources-at-review/lib/main.dart:1893:57 • unchecked_use_of_nullable_value
  error • The property 'task' can't be unconditionally accessed because the receiver can be 'null'. Try making the access conditional (using '?.') or adding a null check to the target ('!') • evidence/food-inventory-durable/reviews/ux/sources-at-review/lib/main.dart:1907:55 • unchecked_use_of_nullable_value
  error • The method 'projectTaskView' isn't defined for the type '_TasksPageState'. Try correcting the name to the name of an existing method, or defining a method named 'projectTaskView' • evidence/food-inventory-durable/reviews/ux/sources-at-review/lib/main.dart:1979:20 • undefined_method
  error • Undefined class 'BulkTaskEdit'. Try changing the name to the name of an existing class, or creating a class with the name 'BulkTaskEdit' • evidence/food-inventory-durable/reviews/ux/sources-at-review/lib/main.dart:1999:26 • undefined_class
  error • Undefined class 'BulkTaskEdit'. Try changing the name to the name of an existing class, or creating a class with the name 'BulkTaskEdit' • evidence/food-inventory-durable/reviews/ux/sources-at-review/lib/main.dart:2007:5 • undefined_class
  error • Undefined class 'OperationReceipt'. Try changing the name to the name of an existing class, or creating a class with the name 'OperationReceipt' • evidence/food-inventory-durable/reviews/ux/sources-at-review/lib/main.dart:2008:19 • undefined_class
  error • The name 'StaleTaskSnapshot' isn't defined, so it can't be used in an 'is' expression. Try changing the name to the name of an existing type, or creating a type with the name 'StaleTaskSnapshot' • evidence/food-inventory-durable/reviews/ux/sources-at-review/lib/main.dart:2033:27 • type_test_with_undefined_name
  error • The method 'failureMessage' isn't defined for the type '_TasksPageState'. Try correcting the name to the name of an existing method, or defining a method named 'failureMessage' • evidence/food-inventory-durable/reviews/ux/sources-at-review/lib/main.dart:2057:155 • undefined_method
  error • The name 'StaleTaskSnapshot' isn't defined, so it can't be used in an 'is' expression. Try changing the name to the name of an existing type, or creating a type with the name 'StaleTaskSnapshot' • evidence/food-inventory-durable/reviews/ux/sources-at-review/lib/main.dart:2062:20 • type_test_with_undefined_name
  error • Undefined class 'TaskStore'. Try changing the name to the name of an existing class, or creating a class with the name 'TaskStore' • evidence/food-inventory-durable/reviews/ux/sources-at-review/lib/main.dart:2088:26 • undefined_class
  error • Undefined class 'TaskStore'. Try changing the name to the name of an existing class, or creating a class with the name 'TaskStore' • evidence/food-inventory-durable/reviews/ux/sources-at-review/lib/main.dart:2102:25 • undefined_class
  error • The method 'TaskEditor' isn't defined for the type '_TasksPageState'. Try correcting the name to the name of an existing method, or defining a method named 'TaskEditor' • evidence/food-inventory-durable/reviews/ux/sources-at-review/lib/main.dart:2132:13 • undefined_method
  error • The method 'BulkTaskEditor' isn't defined for the type '_TasksPageState'. Try correcting the name to the name of an existing method, or defining a method named 'BulkTaskEditor' • evidence/food-inventory-durable/reviews/ux/sources-at-review/lib/main.dart:2263:13 • undefined_method
  error • The name 'StaleTaskSnapshot' isn't defined, so it can't be used in an 'is' expression. Try changing the name to the name of an existing type, or creating a type with the name 'StaleTaskSnapshot' • evidence/food-inventory-durable/reviews/ux/sources-at-review/lib/main.dart:2302:37 • type_test_with_undefined_name
warning • Dead code. Try removing the code, or fixing the code before it so that it can be reached • evidence/food-inventory-durable/reviews/ux/sources-at-review/lib/main.dart:2304:24 • dead_code
  error • The method 'failureMessage' isn't defined for the type '_TasksPageState'. Try correcting the name to the name of an existing method, or defining a method named 'failureMessage' • evidence/food-inventory-durable/reviews/ux/sources-at-review/lib/main.dart:2320:122 • undefined_method
  error • The property 'task' can't be unconditionally accessed because the receiver can be 'null'. Try making the access conditional (using '?.') or adding a null check to the target ('!') • evidence/food-inventory-durable/reviews/ux/sources-at-review/lib/main.dart:2355:28 • unchecked_use_of_nullable_value
  error • The name 'StaleTaskSnapshot' isn't a type and can't be used in an on-catch clause. Try correcting the name to match an existing class • evidence/food-inventory-durable/reviews/ux/sources-at-review/lib/main.dart:2401:10 • non_type_in_catch_clause
  error • The property 'task' can't be unconditionally accessed because the receiver can be 'null'. Try making the access conditional (using '?.') or adding a null check to the target ('!') • evidence/food-inventory-durable/reviews/ux/sources-at-review/lib/main.dart:2416:41 • unchecked_use_of_nullable_value
  error • The property 'task' can't be unconditionally accessed because the receiver can be 'null'. Try making the access conditional (using '?.') or adding a null check to the target ('!') • evidence/food-inventory-durable/reviews/ux/sources-at-review/lib/main.dart:2427:33 • unchecked_use_of_nullable_value
  error • The method 'projectTaskView' isn't defined for the type '_TasksPageState'. Try correcting the name to the name of an existing method, or defining a method named 'projectTaskView' • evidence/food-inventory-durable/reviews/ux/sources-at-review/lib/main.dart:2447:25 • undefined_method
  error • The property 'task' can't be unconditionally accessed because the receiver can be 'null'. Try making the access conditional (using '?.') or adding a null check to the target ('!') • evidence/food-inventory-durable/reviews/ux/sources-at-review/lib/main.dart:2502:47 • unchecked_use_of_nullable_value
  error • The property 'task' can't be unconditionally accessed because the receiver can be 'null'. Try making the access conditional (using '?.') or adding a null check to the target ('!') • evidence/food-inventory-durable/reviews/ux/sources-at-review/lib/main.dart:2506:39 • unchecked_use_of_nullable_value
  error • The property 'task' can't be unconditionally accessed because the receiver can be 'null'. Try making the access conditional (using '?.') or adding a null check to the target ('!') • evidence/food-inventory-durable/reviews/ux/sources-at-review/lib/main.dart:2575:37 • unchecked_use_of_nullable_value
  error • The method 'projectTaskView' isn't defined for the type '_TasksPageState'. Try correcting the name to the name of an existing method, or defining a method named 'projectTaskView' • evidence/food-inventory-durable/reviews/ux/sources-at-review/lib/main.dart:2579:24 • undefined_method
  error • The method 'failureMessage' isn't defined for the type '_TasksPageState'. Try correcting the name to the name of an existing method, or defining a method named 'failureMessage' • evidence/food-inventory-durable/reviews/ux/sources-at-review/lib/main.dart:2614:156 • undefined_method
  error • Undefined class 'TaskViewEntry'. Try changing the name to the name of an existing class, or creating a class with the name 'TaskViewEntry' • evidence/food-inventory-durable/reviews/ux/sources-at-review/lib/main.dart:2785:5 • undefined_class
  error • The method 'scheduleMetadata' isn't defined for the type '_TasksPageState'. Try correcting the name to the name of an existing method, or defining a method named 'scheduleMetadata' • evidence/food-inventory-durable/reviews/ux/sources-at-review/lib/main.dart:2795:11 • undefined_method
  error • Undefined class 'TaskViewEntry'. Try changing the name to the name of an existing class, or creating a class with the name 'TaskViewEntry' • evidence/food-inventory-durable/reviews/ux/sources-at-review/lib/main.dart:2814:5 • undefined_class
  error • Undefined class 'TaskStore'. Try changing the name to the name of an existing class, or creating a class with the name 'TaskStore' • evidence/food-inventory-durable/reviews/ux/sources-at-review/lib/main.dart:2843:5 • undefined_class
  error • The property 'task' can't be unconditionally accessed because the receiver can be 'null'. Try making the access conditional (using '?.') or adding a null check to the target ('!') • evidence/food-inventory-durable/reviews/ux/sources-at-review/lib/main.dart:2852:57 • unchecked_use_of_nullable_value
  error • The method 'ChecklistExpansionStore' isn't defined for the type '_TasksPageState'. Try correcting the name to the name of an existing method, or defining a method named 'ChecklistExpansionStore' • evidence/food-inventory-durable/reviews/ux/sources-at-review/lib/main.dart:2856:7 • undefined_method
  error • The method 'failureMessage' isn't defined for the type '_TasksPageState'. Try correcting the name to the name of an existing method, or defining a method named 'failureMessage' • evidence/food-inventory-durable/reviews/ux/sources-at-review/lib/main.dart:2867:54 • undefined_method
  error • Undefined class 'TaskStore'. Try changing the name to the name of an existing class, or creating a class with the name 'TaskStore' • evidence/food-inventory-durable/reviews/ux/sources-at-review/lib/main.dart:2934:5 • undefined_class
  error • The method 'TaskActionsMenuEntry' isn't defined for the type '_TasksPageState'. Try correcting the name to the name of an existing method, or defining a method named 'TaskActionsMenuEntry' • evidence/food-inventory-durable/reviews/ux/sources-at-review/lib/main.dart:2958:11 • undefined_method
  error • The method 'failureMessage' isn't defined for the type '_TasksPageState'. Try correcting the name to the name of an existing method, or defining a method named 'failureMessage' • evidence/food-inventory-durable/reviews/ux/sources-at-review/lib/main.dart:2985:32 • undefined_method
  error • Undefined class 'TaskStore'. Try changing the name to the name of an existing class, or creating a class with the name 'TaskStore' • evidence/food-inventory-durable/reviews/ux/sources-at-review/lib/main.dart:2992:36 • undefined_class
  error • Undefined class 'TaskStore'. Try changing the name to the name of an existing class, or creating a class with the name 'TaskStore' • evidence/food-inventory-durable/reviews/ux/sources-at-review/lib/main.dart:3061:31 • undefined_class
  error • The method 'ChecklistDisclosureInkBorder' isn't defined for the type '_TasksPageState'. Try correcting the name to the name of an existing method, or defining a method named 'ChecklistDisclosureInkBorder' • evidence/food-inventory-durable/reviews/ux/sources-at-review/lib/main.dart:3132:37 • undefined_method
  error • Undefined class 'TaskStore'. Try changing the name to the name of an existing class, or creating a class with the name 'TaskStore' • evidence/food-inventory-durable/reviews/ux/sources-at-review/lib/main.dart:3180:27 • undefined_class
  error • The method 'ChecklistPanel' isn't defined for the type '_TasksPageState'. Try correcting the name to the name of an existing method, or defining a method named 'ChecklistPanel' • evidence/food-inventory-durable/reviews/ux/sources-at-review/lib/main.dart:3187:14 • undefined_method
  error • The method 'setChecklistCompleted' can't be unconditionally invoked because the receiver can be 'null'. Try making the call conditional (using '?.') or adding a null check to the target ('!') • evidence/food-inventory-durable/reviews/ux/sources-at-review/lib/main.dart:3202:42 • unchecked_use_of_nullable_value
  error • The method 'moveChecklistItem' can't be unconditionally invoked because the receiver can be 'null'. Try making the call conditional (using '?.') or adding a null check to the target ('!') • evidence/food-inventory-durable/reviews/ux/sources-at-review/lib/main.dart:3211:42 • unchecked_use_of_nullable_value
  error • The method 'checklistSnapshot' can't be unconditionally invoked because the receiver can be 'null'. Try making the call conditional (using '?.') or adding a null check to the target ('!') • evidence/food-inventory-durable/reviews/ux/sources-at-review/lib/main.dart:3217:25 • unchecked_use_of_nullable_value
  error • The method 'ChecklistCompletionCommand' isn't defined for the type '_TasksPageState'. Try correcting the name to the name of an existing method, or defining a method named 'ChecklistCompletionCommand' • evidence/food-inventory-durable/reviews/ux/sources-at-review/lib/main.dart:3258:23 • undefined_method
  error • Undefined class 'TaskStore'. Try changing the name to the name of an existing class, or creating a class with the name 'TaskStore' • evidence/food-inventory-durable/reviews/ux/sources-at-review/lib/main.dart:3352:5 • undefined_class
  error • Undefined class 'TaskStore'. Try changing the name to the name of an existing class, or creating a class with the name 'TaskStore' • evidence/food-inventory-durable/reviews/ux/sources-at-review/lib/main.dart:3354:31 • undefined_class
  error • Undefined class 'OperationReceipt'. Try changing the name to the name of an existing class, or creating a class with the name 'OperationReceipt' • evidence/food-inventory-durable/reviews/ux/sources-at-review/lib/main.dart:3354:56 • undefined_class
  error • Undefined class 'TaskStore'. Try changing the name to the name of an existing class, or creating a class with the name 'TaskStore' • evidence/food-inventory-durable/reviews/ux/sources-at-review/lib/main.dart:3371:5 • undefined_class
  error • The method 'deleteChecklistItem' can't be unconditionally invoked because the receiver can be 'null'. Try making the call conditional (using '?.') or adding a null check to the target ('!') • evidence/food-inventory-durable/reviews/ux/sources-at-review/lib/main.dart:3407:36 • unchecked_use_of_nullable_value
  error • Undefined class 'TaskStore'. Try changing the name to the name of an existing class, or creating a class with the name 'TaskStore' • evidence/food-inventory-durable/reviews/ux/sources-at-review/lib/main.dart:3415:5 • undefined_class
  error • Undefined class 'TaskTextCapture'. Try changing the name to the name of an existing class, or creating a class with the name 'TaskTextCapture' • evidence/food-inventory-durable/reviews/ux/sources-at-review/lib/main.dart:3421:5 • undefined_class
  error • Undefined class 'TaskTextSession'. Try changing the name to the name of an existing class, or creating a class with the name 'TaskTextSession' • evidence/food-inventory-durable/reviews/ux/sources-at-review/lib/main.dart:3422:5 • undefined_class
  error • Undefined class 'OperationReceipt'. Try changing the name to the name of an existing class, or creating a class with the name 'OperationReceipt' • evidence/food-inventory-durable/reviews/ux/sources-at-review/lib/main.dart:3423:5 • undefined_class
  error • The name 'ChecklistItemEditorState' isn't a type, so it can't be used as a type argument. Try correcting the name to an existing type, or defining a type named 'ChecklistItemEditorState' • evidence/food-inventory-durable/reviews/ux/sources-at-review/lib/main.dart:3426:27 • non_type_as_type_argument
  error • The method 'TaskTextSession' isn't defined for the type '_TasksPageState'. Try correcting the name to the name of an existing method, or defining a method named 'TaskTextSession' • evidence/food-inventory-durable/reviews/ux/sources-at-review/lib/main.dart:3438:19 • undefined_method
  error • The method 'TextSaveCommand' isn't defined for the type '_TasksPageState'. Try correcting the name to the name of an existing method, or defining a method named 'TextSaveCommand' • evidence/food-inventory-durable/reviews/ux/sources-at-review/lib/main.dart:3445:48 • undefined_method
  error • The method 'ChecklistItemEditor' isn't defined for the type '_TasksPageState'. Try correcting the name to the name of an existing method, or defining a method named 'ChecklistItemEditor' • evidence/food-inventory-durable/reviews/ux/sources-at-review/lib/main.dart:3453:18 • undefined_method
  error • The method 'failureMessage' isn't defined for the type '_TasksPageState'. Try correcting the name to the name of an existing method, or defining a method named 'failureMessage' • evidence/food-inventory-durable/reviews/ux/sources-at-review/lib/main.dart:3505:78 • undefined_method
  error • The method 'failureMessage' isn't defined for the type '_TasksPageState'. Try correcting the name to the name of an existing method, or defining a method named 'failureMessage' • evidence/food-inventory-durable/reviews/ux/sources-at-review/lib/main.dart:3541:43 • undefined_method
  error • The method 'TaskToolbar' isn't defined for the type '_TasksPageState'. Try correcting the name to the name of an existing method, or defining a method named 'TaskToolbar' • evidence/food-inventory-durable/reviews/ux/sources-at-review/lib/main.dart:3699:34 • undefined_method
  error • The name 'TagFilterPickerState' isn't a type, so it can't be used as a type argument. Try correcting the name to an existing type, or defining a type named 'TagFilterPickerState' • evidence/food-inventory-durable/reviews/ux/sources-at-review/lib/main.dart:4129:33 • non_type_as_type_argument
  error • The method 'TagFilterPicker' isn't defined for the type '_TasksPageState'. Try correcting the name to the name of an existing method, or defining a method named 'TagFilterPicker' • evidence/food-inventory-durable/reviews/ux/sources-at-review/lib/main.dart:4223:32 • undefined_method
  error • The method 'TaskEntryArea' isn't defined for the type '_TasksPageState'. Try correcting the name to the name of an existing method, or defining a method named 'TaskEntryArea' • evidence/food-inventory-durable/reviews/ux/sources-at-review/lib/main.dart:4431:26 • undefined_method
  error • The name 'TaskViewGroup' isn't a type, so it can't be used as a type argument. Try correcting the name to an existing type, or defining a type named 'TaskViewGroup' • evidence/food-inventory-durable/reviews/ux/sources-at-review/lib/main.dart:4442:22 • non_type_as_type_argument
  error • The name 'TaskViewGroup' isn't a type, so it can't be used as a type argument. Try correcting the name to an existing type, or defining a type named 'TaskViewGroup' • evidence/food-inventory-durable/reviews/ux/sources-at-review/lib/main.dart:4449:10 • non_type_as_type_argument
  error • The property 'entries' can't be unconditionally accessed because the receiver can be 'null'. Try making the access conditional (using '?.') or adding a null check to the target ('!') • evidence/food-inventory-durable/reviews/ux/sources-at-review/lib/main.dart:4453:52 • unchecked_use_of_nullable_value
  error • Undefined class 'TaskViewGroup'. Try changing the name to the name of an existing class, or creating a class with the name 'TaskViewGroup' • evidence/food-inventory-durable/reviews/ux/sources-at-review/lib/main.dart:4480:23 • undefined_class
  error • Undefined class 'TaskViewGroup'. Try changing the name to the name of an existing class, or creating a class with the name 'TaskViewGroup' • evidence/food-inventory-durable/reviews/ux/sources-at-review/lib/main.dart:4496:20 • undefined_class
  error • The property 'entries' can't be unconditionally accessed because the receiver can be 'null'. Try making the access conditional (using '?.') or adding a null check to the target ('!') • evidence/food-inventory-durable/reviews/ux/sources-at-review/lib/main.dart:4499:33 • unchecked_use_of_nullable_value
  error • The property 'entries' can't be unconditionally accessed because the receiver can be 'null'. Try making the access conditional (using '?.') or adding a null check to the target ('!') • evidence/food-inventory-durable/reviews/ux/sources-at-review/lib/main.dart:4565:61 • unchecked_use_of_nullable_value
  error • The method 'StickyTaskGroupHeading' isn't defined for the type '_TasksPageState'. Try correcting the name to the name of an existing method, or defining a method named 'StickyTaskGroupHeading' • evidence/food-inventory-durable/reviews/ux/sources-at-review/lib/main.dart:4598:29 • undefined_method
  error • The method 'UnavailableCompletion' isn't defined for the type '_TasksPageState'. Try correcting the name to the name of an existing method, or defining a method named 'UnavailableCompletion' • evidence/food-inventory-durable/reviews/ux/sources-at-review/lib/main.dart:4710:43 • undefined_method
  error • The method 'TaskCompletionCheckbox' isn't defined for the type '_TasksPageState'. Try correcting the name to the name of an existing method, or defining a method named 'TaskCompletionCheckbox' • evidence/food-inventory-durable/reviews/ux/sources-at-review/lib/main.dart:4734:52 • undefined_method
  error • Target of URI doesn't exist: 'native_text_fixtures.dart'. Try creating the file referenced by the URI, or try using a URI for a file that does exist • evidence/food-inventory-durable/reviews/ux/stable-source/integration_test/food_production_workflow_test.dart:13:8 • uri_does_not_exist
  error • Target of URI doesn't exist: 'task_flow_test.dart'. Try creating the file referenced by the URI, or try using a URI for a file that does exist • evidence/food-inventory-durable/reviews/ux/stable-source/integration_test/food_production_workflow_test.dart:14:8 • uri_does_not_exist
  error • The function 'openNativeFixtureStore' isn't defined. Try importing the library that defines 'openNativeFixtureStore', correcting the name to the name of an existing function, or defining a function named 'openNativeFixtureStore' • evidence/food-inventory-durable/reviews/ux/stable-source/integration_test/food_production_workflow_test.dart:56:26 • undefined_function
  error • The function 'openNativeFixtureStore' isn't defined. Try importing the library that defines 'openNativeFixtureStore', correcting the name to the name of an existing function, or defining a function named 'openNativeFixtureStore' • evidence/food-inventory-durable/reviews/ux/stable-source/integration_test/food_production_workflow_test.dart:140:26 • undefined_function
  error • The function 'openNativeFixtureStore' isn't defined. Try importing the library that defines 'openNativeFixtureStore', correcting the name to the name of an existing function, or defining a function named 'openNativeFixtureStore' • evidence/food-inventory-durable/reviews/ux/stable-source/integration_test/food_production_workflow_test.dart:253:26 • undefined_function
  error • The function 'openNativeFixtureStore' isn't defined. Try importing the library that defines 'openNativeFixtureStore', correcting the name to the name of an existing function, or defining a function named 'openNativeFixtureStore' • evidence/food-inventory-durable/reviews/ux/stable-source/integration_test/food_production_workflow_test.dart:322:26 • undefined_function
  error • Target of URI doesn't exist: '../domain/event.dart'. Try creating the file referenced by the URI, or try using a URI for a file that does exist • evidence/food-inventory-durable/reviews/ux/stable-source/lib/food/inventory.dart:1:8 • uri_does_not_exist
  error • Target of URI doesn't exist: '../domain/event_chain.dart'. Try creating the file referenced by the URI, or try using a URI for a file that does exist • evidence/food-inventory-durable/reviews/ux/stable-source/lib/food/inventory.dart:2:8 • uri_does_not_exist
  error • The method 'canonicalDataJson' isn't defined for the type 'FoodDetails'. Try correcting the name to the name of an existing method, or defining a method named 'canonicalDataJson' • evidence/food-inventory-durable/reviews/ux/stable-source/lib/food/inventory.dart:31:26 • undefined_method
  error • The method 'isCanonicalId' isn't defined for the type 'FoodOperation'. Try correcting the name to the name of an existing method, or defining a method named 'isCanonicalId' • evidence/food-inventory-durable/reviews/ux/stable-source/lib/food/inventory.dart:203:30 • undefined_method
  error • The method 'canonicalDataJson' isn't defined for the type 'FoodContainer'. Try correcting the name to the name of an existing method, or defining a method named 'canonicalDataJson' • evidence/food-inventory-durable/reviews/ux/stable-source/lib/food/inventory.dart:344:23 • undefined_method
  error • Target of URI doesn't exist: 'application/undo_history.dart'. Try creating the file referenced by the URI, or try using a URI for a file that does exist • evidence/food-inventory-durable/reviews/ux/stable-source/lib/main.dart:11:8 • uri_does_not_exist
  error • Target of URI doesn't exist: 'application/task_text_session.dart'. Try creating the file referenced by the URI, or try using a URI for a file that does exist • evidence/food-inventory-durable/reviews/ux/stable-source/lib/main.dart:12:8 • uri_does_not_exist
  error • Target of URI doesn't exist: 'application/text_save_command.dart'. Try creating the file referenced by the URI, or try using a URI for a file that does exist • evidence/food-inventory-durable/reviews/ux/stable-source/lib/main.dart:13:8 • uri_does_not_exist
  error • Target of URI doesn't exist: 'application/checklist_completion_command.dart'. Try creating the file referenced by the URI, or try using a URI for a file that does exist • evidence/food-inventory-durable/reviews/ux/stable-source/lib/main.dart:14:8 • uri_does_not_exist
  error • Target of URI doesn't exist: 'text/native_text_engine.dart'. Try creating the file referenced by the URI, or try using a URI for a file that does exist • evidence/food-inventory-durable/reviews/ux/stable-source/lib/main.dart:15:8 • uri_does_not_exist
  error • Target of URI doesn't exist: 'text/native_text_licenses.dart'. Try creating the file referenced by the URI, or try using a URI for a file that does exist • evidence/food-inventory-durable/reviews/ux/stable-source/lib/main.dart:16:8 • uri_does_not_exist
  error • Target of URI doesn't exist: 'domain/event.dart'. Try creating the file referenced by the URI, or try using a URI for a file that does exist • evidence/food-inventory-durable/reviews/ux/stable-source/lib/main.dart:17:8 • uri_does_not_exist
  error • Target of URI doesn't exist: 'presentation/unavailable_completion.dart'. Try creating the file referenced by the URI, or try using a URI for a file that does exist • evidence/food-inventory-durable/reviews/ux/stable-source/lib/main.dart:18:8 • uri_does_not_exist
  error • Target of URI doesn't exist: 'presentation/task_completion_checkbox.dart'. Try creating the file referenced by the URI, or try using a URI for a file that does exist • evidence/food-inventory-durable/reviews/ux/stable-source/lib/main.dart:19:8 • uri_does_not_exist
  error • Target of URI doesn't exist: 'presentation/task_entry_area.dart'. Try creating the file referenced by the URI, or try using a URI for a file that does exist • evidence/food-inventory-durable/reviews/ux/stable-source/lib/main.dart:20:8 • uri_does_not_exist
  error • Target of URI doesn't exist: 'presentation/task_toolbar.dart'. Try creating the file referenced by the URI, or try using a URI for a file that does exist • evidence/food-inventory-durable/reviews/ux/stable-source/lib/main.dart:21:8 • uri_does_not_exist
  error • Target of URI doesn't exist: 'presentation/sticky_task_group.dart'. Try creating the file referenced by the URI, or try using a URI for a file that does exist • evidence/food-inventory-durable/reviews/ux/stable-source/lib/main.dart:22:8 • uri_does_not_exist
  error • Target of URI doesn't exist: 'domain/task_view.dart'. Try creating the file referenced by the URI, or try using a URI for a file that does exist • evidence/food-inventory-durable/reviews/ux/stable-source/lib/main.dart:23:8 • uri_does_not_exist
  error • Target of URI doesn't exist: 'domain/timed_view.dart'. Try creating the file referenced by the URI, or try using a URI for a file that does exist • evidence/food-inventory-durable/reviews/ux/stable-source/lib/main.dart:24:8 • uri_does_not_exist
  error • Target of URI doesn't exist: 'presentation/view_clock.dart'. Try creating the file referenced by the URI, or try using a URI for a file that does exist • evidence/food-inventory-durable/reviews/ux/stable-source/lib/main.dart:25:8 • uri_does_not_exist
  error • Target of URI doesn't exist: 'presentation/task_metadata.dart'. Try creating the file referenced by the URI, or try using a URI for a file that does exist • evidence/food-inventory-durable/reviews/ux/stable-source/lib/main.dart:26:8 • uri_does_not_exist
  error • Target of URI doesn't exist: 'presentation/tag_filter_picker.dart'. Try creating the file referenced by the URI, or try using a URI for a file that does exist • evidence/food-inventory-durable/reviews/ux/stable-source/lib/main.dart:27:8 • uri_does_not_exist
  error • Target of URI doesn't exist: 'presentation/task_editor.dart'. Try creating the file referenced by the URI, or try using a URI for a file that does exist • evidence/food-inventory-durable/reviews/ux/stable-source/lib/main.dart:28:8 • uri_does_not_exist
  error • Target of URI doesn't exist: 'presentation/checklist_panel.dart'. Try creating the file referenced by the URI, or try using a URI for a file that does exist • evidence/food-inventory-durable/reviews/ux/stable-source/lib/main.dart:29:8 • uri_does_not_exist
  error • Target of URI doesn't exist: 'presentation/checklist_disclosure_ink_border.dart'. Try creating the file referenced by the URI, or try using a URI for a file that does exist • evidence/food-inventory-durable/reviews/ux/stable-source/lib/main.dart:30:8 • uri_does_not_exist
  error • Target of URI doesn't exist: 'presentation/task_actions_menu.dart'. Try creating the file referenced by the URI, or try using a URI for a file that does exist • evidence/food-inventory-durable/reviews/ux/stable-source/lib/main.dart:31:8 • uri_does_not_exist
  error • Target of URI doesn't exist: 'presentation/checklist_item_editor.dart'. Try creating the file referenced by the URI, or try using a URI for a file that does exist • evidence/food-inventory-durable/reviews/ux/stable-source/lib/main.dart:32:8 • uri_does_not_exist
  error • Target of URI doesn't exist: 'presentation/failure_message.dart'. Try creating the file referenced by the URI, or try using a URI for a file that does exist • evidence/food-inventory-durable/reviews/ux/stable-source/lib/main.dart:33:8 • uri_does_not_exist
  error • Target of URI doesn't exist: 'presentation/release_version_tile.dart'. Try creating the file referenced by the URI, or try using a URI for a file that does exist • evidence/food-inventory-durable/reviews/ux/stable-source/lib/main.dart:34:8 • uri_does_not_exist
  error • Target of URI doesn't exist: 'platform/view_time_source.dart'. Try creating the file referenced by the URI, or try using a URI for a file that does exist • evidence/food-inventory-durable/reviews/ux/stable-source/lib/main.dart:35:8 • uri_does_not_exist
  error • Target of URI doesn't exist: 'platform/log_folder.dart'. Try creating the file referenced by the URI, or try using a URI for a file that does exist • evidence/food-inventory-durable/reviews/ux/stable-source/lib/main.dart:36:8 • uri_does_not_exist
  error • Target of URI doesn't exist: 'platform/folder_actions.dart'. Try creating the file referenced by the URI, or try using a URI for a file that does exist • evidence/food-inventory-durable/reviews/ux/stable-source/lib/main.dart:37:8 • uri_does_not_exist
  error • Target of URI doesn't exist: 'platform/foreground_importer.dart'. Try creating the file referenced by the URI, or try using a URI for a file that does exist • evidence/food-inventory-durable/reviews/ux/stable-source/lib/main.dart:38:8 • uri_does_not_exist
  error • Target of URI doesn't exist: 'storage/local_settings.dart'. Try creating the file referenced by the URI, or try using a URI for a file that does exist • evidence/food-inventory-durable/reviews/ux/stable-source/lib/main.dart:39:8 • uri_does_not_exist
  error • Target of URI doesn't exist: 'storage/local_durability.dart'. Try creating the file referenced by the URI, or try using a URI for a file that does exist • evidence/food-inventory-durable/reviews/ux/stable-source/lib/main.dart:40:8 • uri_does_not_exist
  error • Target of URI doesn't exist: 'storage/local_profile_database.dart'. Try creating the file referenced by the URI, or try using a URI for a file that does exist • evidence/food-inventory-durable/reviews/ux/stable-source/lib/main.dart:41:8 • uri_does_not_exist
  error • Target of URI doesn't exist: 'storage/local_profile_migration.dart'. Try creating the file referenced by the URI, or try using a URI for a file that does exist • evidence/food-inventory-durable/reviews/ux/stable-source/lib/main.dart:42:8 • uri_does_not_exist
  error • Target of URI doesn't exist: 'storage/task_store.dart'. Try creating the file referenced by the URI, or try using a URI for a file that does exist • evidence/food-inventory-durable/reviews/ux/stable-source/lib/main.dart:43:8 • uri_does_not_exist
  error • Target of URI doesn't exist: 'storage/checklist_expansion_store.dart'. Try creating the file referenced by the URI, or try using a URI for a file that does exist • evidence/food-inventory-durable/reviews/ux/stable-source/lib/main.dart:44:8 • uri_does_not_exist
  error • Target of URI doesn't exist: 'food/food_store.dart'. Try creating the file referenced by the URI, or try using a URI for a file that does exist • evidence/food-inventory-durable/reviews/ux/stable-source/lib/main.dart:46:8 • uri_does_not_exist
  error • Target of URI doesn't exist: 'food/food_record.dart'. Try creating the file referenced by the URI, or try using a URI for a file that does exist • evidence/food-inventory-durable/reviews/ux/stable-source/lib/main.dart:47:8 • uri_does_not_exist
  error • The function 'registerNativeTextLicenses' isn't defined. Try importing the library that defines 'registerNativeTextLicenses', correcting the name to the name of an existing function, or defining a function named 'registerNativeTextLicenses' • evidence/food-inventory-durable/reviews/ux/stable-source/lib/main.dart:53:3 • undefined_function
  error • Undefined class 'LogFolder'. Try changing the name to the name of an existing class, or creating a class with the name 'LogFolder' • evidence/food-inventory-durable/reviews/ux/stable-source/lib/main.dart:65:9 • undefined_class
  error • Undefined class 'FolderActions'. Try changing the name to the name of an existing class, or creating a class with the name 'FolderActions' • evidence/food-inventory-durable/reviews/ux/stable-source/lib/main.dart:67:9 • undefined_class
  error • Undefined class 'ViewTimeSource'. Try changing the name to the name of an existing class, or creating a class with the name 'ViewTimeSource' • evidence/food-inventory-durable/reviews/ux/stable-source/lib/main.dart:68:9 • undefined_class
  error • The name 'Appearance' isn't a type, so it can't be used as a type argument. Try correcting the name to an existing type, or defining a type named 'Appearance' • evidence/food-inventory-durable/reviews/ux/stable-source/lib/main.dart:74:36 • non_type_as_type_argument
  error • Undefined name 'Appearance'. Try correcting the name to one that is defined, or defining the name • evidence/food-inventory-durable/reviews/ux/stable-source/lib/main.dart:74:48 • undefined_identifier
  error • The name 'Appearance' isn't a type, so it can't be used as a type argument. Try correcting the name to an existing type, or defining a type named 'Appearance' • evidence/food-inventory-durable/reviews/ux/stable-source/lib/main.dart:107:64 • non_type_as_type_argument
  error • Undefined name 'Appearance'. Try correcting the name to one that is defined, or defining the name • evidence/food-inventory-durable/reviews/ux/stable-source/lib/main.dart:115:9 • undefined_identifier
  error • Undefined name 'Appearance'. Try correcting the name to one that is defined, or defining the name • evidence/food-inventory-durable/reviews/ux/stable-source/lib/main.dart:116:9 • undefined_identifier
  error • Undefined name 'Appearance'. Try correcting the name to one that is defined, or defining the name • evidence/food-inventory-durable/reviews/ux/stable-source/lib/main.dart:117:9 • undefined_identifier
  error • The method 'FolderActions' isn't defined for the type '_TandemlogAppState'. Try correcting the name to the name of an existing method, or defining a method named 'FolderActions' • evidence/food-inventory-durable/reviews/ux/stable-source/lib/main.dart:122:48 • undefined_method
  error • Undefined class 'LogFolder'. Try changing the name to the name of an existing class, or creating a class with the name 'LogFolder' • evidence/food-inventory-durable/reviews/ux/stable-source/lib/main.dart:139:9 • undefined_class
  error • The name 'Appearance' isn't a type, so it can't be used as a type argument. Try correcting the name to an existing type, or defining a type named 'Appearance' • evidence/food-inventory-durable/reviews/ux/stable-source/lib/main.dart:141:23 • non_type_as_type_argument
  error • Undefined class 'FolderActions'. Try changing the name to the name of an existing class, or creating a class with the name 'FolderActions' • evidence/food-inventory-durable/reviews/ux/stable-source/lib/main.dart:142:9 • undefined_class
  error • Undefined class 'ViewTimeSource'. Try changing the name to the name of an existing class, or creating a class with the name 'ViewTimeSource' • evidence/food-inventory-durable/reviews/ux/stable-source/lib/main.dart:143:9 • undefined_class
  error • Undefined class 'TaskStore'. Try changing the name to the name of an existing class, or creating a class with the name 'TaskStore' • evidence/food-inventory-durable/reviews/ux/stable-source/lib/main.dart:149:3 • undefined_class
  error • Undefined class 'FoodStore'. Try changing the name to the name of an existing class, or creating a class with the name 'FoodStore' • evidence/food-inventory-durable/reviews/ux/stable-source/lib/main.dart:150:3 • undefined_class
  error • The name 'FoodRecord' isn't a type, so it can't be used as a type argument. Try correcting the name to an existing type, or defining a type named 'FoodRecord' • evidence/food-inventory-durable/reviews/ux/stable-source/lib/main.dart:154:8 • non_type_as_type_argument
  error • Undefined class 'FoodStore'. Try changing the name to the name of an existing class, or creating a class with the name 'FoodStore' • evidence/food-inventory-durable/reviews/ux/stable-source/lib/main.dart:155:5 • undefined_class
  error • The name 'FoodRecord' isn't a type, so it can't be used as a type argument. Try correcting the name to an existing type, or defining a type named 'FoodRecord' • evidence/food-inventory-durable/reviews/ux/stable-source/lib/main.dart:155:48 • non_type_as_type_argument
  error • Undefined class 'NativeTextEngine'. Try changing the name to the name of an existing class, or creating a class with the name 'NativeTextEngine' • evidence/food-inventory-durable/reviews/ux/stable-source/lib/main.dart:157:3 • undefined_class
  error • Undefined class 'TaskTextSession'. Try changing the name to the name of an existing class, or creating a class with the name 'TaskTextSession' • evidence/food-inventory-durable/reviews/ux/stable-source/lib/main.dart:158:3 • undefined_class
  error • Undefined class 'TextSaveCommand'. Try changing the name to the name of an existing class, or creating a class with the name 'TextSaveCommand' • evidence/food-inventory-durable/reviews/ux/stable-source/lib/main.dart:159:3 • undefined_class
  error • The method 'SessionUndoHistory' isn't defined for the type '_TasksPageState'. Try correcting the name to the name of an existing method, or defining a method named 'SessionUndoHistory' • evidence/food-inventory-durable/reviews/ux/stable-source/lib/main.dart:161:23 • undefined_method
  error • Undefined class 'TaskStore'. Try changing the name to the name of an existing class, or creating a class with the name 'TaskStore' • evidence/food-inventory-durable/reviews/ux/stable-source/lib/main.dart:171:3 • undefined_class
  error • The name 'TaskEditorState' isn't a type, so it can't be used as a type argument. Try correcting the name to an existing type, or defining a type named 'TaskEditorState' • evidence/food-inventory-durable/reviews/ux/stable-source/lib/main.dart:176:29 • non_type_as_type_argument
  error • The name 'BulkTaskEditorState' isn't a type, so it can't be used as a type argument. Try correcting the name to an existing type, or defining a type named 'BulkTaskEditorState' • evidence/food-inventory-durable/reviews/ux/stable-source/lib/main.dart:177:33 • non_type_as_type_argument
  error • The name 'ChecklistItemEditorState' isn't a type, so it can't be used as a type argument. Try correcting the name to an existing type, or defining a type named 'ChecklistItemEditorState' • evidence/food-inventory-durable/reviews/ux/stable-source/lib/main.dart:178:13 • non_type_as_type_argument
  error • The name 'TaskViewEntry' isn't a type, so it can't be used as a type argument. Try correcting the name to an existing type, or defining a type named 'TaskViewEntry' • evidence/food-inventory-durable/reviews/ux/stable-source/lib/main.dart:189:8 • non_type_as_type_argument
  error • Undefined class 'LocalSettings'. Try changing the name to the name of an existing class, or creating a class with the name 'LocalSettings' • evidence/food-inventory-durable/reviews/ux/stable-source/lib/main.dart:210:3 • undefined_class
  error • Undefined class 'LocalProfileDatabase'. Try changing the name to the name of an existing class, or creating a class with the name 'LocalProfileDatabase' • evidence/food-inventory-durable/reviews/ux/stable-source/lib/main.dart:211:3 • undefined_class
  error • Undefined class 'ForegroundImporter'. Try changing the name to the name of an existing class, or creating a class with the name 'ForegroundImporter' • evidence/food-inventory-durable/reviews/ux/stable-source/lib/main.dart:223:3 • undefined_class
  error • Undefined class 'TaskStore'. Try changing the name to the name of an existing class, or creating a class with the name 'TaskStore' • evidence/food-inventory-durable/reviews/ux/stable-source/lib/main.dart:224:3 • undefined_class
  error • Undefined class 'ViewTimeSource'. Try changing the name to the name of an existing class, or creating a class with the name 'ViewTimeSource' • evidence/food-inventory-durable/reviews/ux/stable-source/lib/main.dart:230:14 • undefined_class
  error • Undefined class 'ViewClock'. Try changing the name to the name of an existing class, or creating a class with the name 'ViewClock' • evidence/food-inventory-durable/reviews/ux/stable-source/lib/main.dart:231:14 • undefined_class
  error • The name 'TaskView' isn't a type, so it can't be used as a type argument. Try correcting the name to an existing type, or defining a type named 'TaskView' • evidence/food-inventory-durable/reviews/ux/stable-source/lib/main.dart:231:24 • non_type_as_type_argument
  error • Undefined class 'TaskView'. Try changing the name to the name of an existing class, or creating a class with the name 'TaskView' • evidence/food-inventory-durable/reviews/ux/stable-source/lib/main.dart:232:3 • undefined_class
  error • Undefined class 'TaskStore'. Try changing the name to the name of an existing class, or creating a class with the name 'TaskStore' • evidence/food-inventory-durable/reviews/ux/stable-source/lib/main.dart:240:5 • undefined_class
  error • The method 'ViewTimeSource' isn't defined for the type '_TasksPageState'. Try correcting the name to the name of an existing method, or defining a method named 'ViewTimeSource' • evidence/food-inventory-durable/reviews/ux/stable-source/lib/main.dart:301:9 • undefined_method
  error • The method 'ViewClock' isn't defined for the type '_TasksPageState'. Try correcting the name to the name of an existing method, or defining a method named 'ViewClock' • evidence/food-inventory-durable/reviews/ux/stable-source/lib/main.dart:302:17 • undefined_method
  error • The name 'TaskView' isn't a type, so it can't be used as a type argument. Try correcting the name to an existing type, or defining a type named 'TaskView' • evidence/food-inventory-durable/reviews/ux/stable-source/lib/main.dart:302:27 • non_type_as_type_argument
  error • The method 'projectTaskView' isn't defined for the type '_TasksPageState'. Try correcting the name to the name of an existing method, or defining a method named 'projectTaskView' • evidence/food-inventory-durable/reviews/ux/stable-source/lib/main.dart:308:29 • undefined_method
  error • The method 'TimedView' isn't defined for the type '_TasksPageState'. Try correcting the name to the name of an existing method, or defining a method named 'TimedView' • evidence/food-inventory-durable/reviews/ux/stable-source/lib/main.dart:321:18 • undefined_method
  error • The method 'TaskView' isn't defined for the type '_TasksPageState'. Try correcting the name to the name of an existing method, or defining a method named 'TaskView' • evidence/food-inventory-durable/reviews/ux/stable-source/lib/main.dart:321:40 • undefined_method
  error • The property 'task' can't be unconditionally accessed because the receiver can be 'null'. Try making the access conditional (using '?.') or adding a null check to the target ('!') • evidence/food-inventory-durable/reviews/ux/stable-source/lib/main.dart:329:39 • unchecked_use_of_nullable_value
  error • Undefined name 'LocalProfileDatabase'. Try correcting the name to one that is defined, or defining the name • evidence/food-inventory-durable/reviews/ux/stable-source/lib/main.dart:360:33 • undefined_identifier
  error • The method 'LocalProfileMigration' isn't defined for the type '_TasksPageState'. Try correcting the name to the name of an existing method, or defining a method named 'LocalProfileMigration' • evidence/food-inventory-durable/reviews/ux/stable-source/lib/main.dart:362:13 • undefined_method
  error • The method 'LocalSettings' isn't defined for the type '_TasksPageState'. Try correcting the name to the name of an existing method, or defining a method named 'LocalSettings' • evidence/food-inventory-durable/reviews/ux/stable-source/lib/main.dart:364:18 • undefined_method
  error • The method 'failureMessage' isn't defined for the type '_TasksPageState'. Try correcting the name to the name of an existing method, or defining a method named 'failureMessage' • evidence/food-inventory-durable/reviews/ux/stable-source/lib/main.dart:372:15 • undefined_method
  error • Undefined class 'LogFolder'. Try changing the name to the name of an existing class, or creating a class with the name 'LogFolder' • evidence/food-inventory-durable/reviews/ux/stable-source/lib/main.dart:392:11 • undefined_class
  error • The method 'AndroidLogFolder' isn't defined for the type '_TasksPageState'. Try correcting the name to the name of an existing method, or defining a method named 'AndroidLogFolder' • evidence/food-inventory-durable/reviews/ux/stable-source/lib/main.dart:395:15 • undefined_method
  error • The method 'LocalLogFolder' isn't defined for the type '_TasksPageState'. Try correcting the name to the name of an existing method, or defining a method named 'LocalLogFolder' • evidence/food-inventory-durable/reviews/ux/stable-source/lib/main.dart:396:15 • undefined_method
  error • Undefined name 'TaskStore'. Try correcting the name to one that is defined, or defining the name • evidence/food-inventory-durable/reviews/ux/stable-source/lib/main.dart:397:26 • undefined_identifier
  error • The method 'NativeTextEngine' isn't defined for the type '_TasksPageState'. Try correcting the name to the name of an existing method, or defining a method named 'NativeTextEngine' • evidence/food-inventory-durable/reviews/ux/stable-source/lib/main.dart:402:34 • undefined_method
  error • Undefined class 'FoodStore'. Try changing the name to the name of an existing class, or creating a class with the name 'FoodStore' • evidence/food-inventory-durable/reviews/ux/stable-source/lib/main.dart:410:5 • undefined_class
  error • The name 'BoundedLogFolder' isn't defined, so it can't be used in an 'is' expression. Try changing the name to the name of an existing type, or creating a type with the name 'BoundedLogFolder' • evidence/food-inventory-durable/reviews/ux/stable-source/lib/main.dart:414:24 • type_test_with_undefined_name
warning • Dead code. Try removing the code, or fixing the code before it so that it can be reached • evidence/food-inventory-durable/reviews/ux/stable-source/lib/main.dart:414:42 • dead_code
  error • The name 'FoodHistoryFailure' isn't a class. Try correcting the name to match an existing class • evidence/food-inventory-durable/reviews/ux/stable-source/lib/main.dart:415:23 • creation_with_non_type
  error • Undefined name 'FoodStore'. Try correcting the name to one that is defined, or defining the name • evidence/food-inventory-durable/reviews/ux/stable-source/lib/main.dart:419:28 • undefined_identifier
  error • The name 'FoodHistoryFailure' isn't a type and can't be used in an on-catch clause. Try correcting the name to match an existing class • evidence/food-inventory-durable/reviews/ux/stable-source/lib/main.dart:425:12 • non_type_in_catch_clause
  error • The method 'ChecklistExpansionStore' isn't defined for the type '_TasksPageState'. Try correcting the name to the name of an existing method, or defining a method named 'ChecklistExpansionStore' • evidence/food-inventory-durable/reviews/ux/stable-source/lib/main.dart:436:18 • undefined_method
  error • Undefined class 'FoodStore'. Try changing the name to the name of an existing class, or creating a class with the name 'FoodStore' • evidence/food-inventory-durable/reviews/ux/stable-source/lib/main.dart:482:5 • undefined_class
  error • Undefined class 'FoodStore'. Try changing the name to the name of an existing class, or creating a class with the name 'FoodStore' • evidence/food-inventory-durable/reviews/ux/stable-source/lib/main.dart:483:27 • undefined_class
  error • The name 'FoodHistoryFailure' isn't defined, so it can't be used in an 'is' expression. Try changing the name to the name of an existing type, or creating a type with the name 'FoodHistoryFailure' • evidence/food-inventory-durable/reviews/ux/stable-source/lib/main.dart:511:32 • type_test_with_undefined_name
warning • Dead code. Try removing the code, or fixing the code before it so that it can be reached • evidence/food-inventory-durable/reviews/ux/stable-source/lib/main.dart:511:52 • dead_code
  error • The property 'operation' can't be unconditionally accessed because the receiver can be 'null'. Try making the access conditional (using '?.') or adding a null check to the target ('!') • evidence/food-inventory-durable/reviews/ux/stable-source/lib/main.dart:522:24 • unchecked_use_of_nullable_value
  error • The method 'failureMessage' isn't defined for the type '_TasksPageState'. Try correcting the name to the name of an existing method, or defining a method named 'failureMessage' • evidence/food-inventory-durable/reviews/ux/stable-source/lib/main.dart:526:36 • undefined_method
  error • Undefined class 'FoodStore'. Try changing the name to the name of an existing class, or creating a class with the name 'FoodStore' • evidence/food-inventory-durable/reviews/ux/stable-source/lib/main.dart:541:5 • undefined_class
  error • Undefined class 'FoodStore'. Try changing the name to the name of an existing class, or creating a class with the name 'FoodStore' • evidence/food-inventory-durable/reviews/ux/stable-source/lib/main.dart:543:27 • undefined_class
  error • The method 'recoverPrepared' can't be unconditionally invoked because the receiver can be 'null'. Try making the call conditional (using '?.') or adding a null check to the target ('!') • evidence/food-inventory-durable/reviews/ux/stable-source/lib/main.dart:552:20 • unchecked_use_of_nullable_value
  error • The property 'isAdmitted' can't be unconditionally accessed because the receiver can be 'null'. Try making the access conditional (using '?.') or adding a null check to the target ('!') • evidence/food-inventory-durable/reviews/ux/stable-source/lib/main.dart:553:41 • unchecked_use_of_nullable_value
  error • The property 'operation' can't be unconditionally accessed because the receiver can be 'null'. Try making the access conditional (using '?.') or adding a null check to the target ('!') • evidence/food-inventory-durable/reviews/ux/stable-source/lib/main.dart:557:18 • unchecked_use_of_nullable_value
  error • The property 'lastPreparedRecords' can't be unconditionally accessed because the receiver can be 'null'. Try making the access conditional (using '?.') or adding a null check to the target ('!') • evidence/food-inventory-durable/reviews/ux/stable-source/lib/main.dart:564:29 • unchecked_use_of_nullable_value
  error • The property 'lastPreparedRecords' can't be unconditionally accessed because the receiver can be 'null'. Try making the access conditional (using '?.') or adding a null check to the target ('!') • evidence/food-inventory-durable/reviews/ux/stable-source/lib/main.dart:569:39 • unchecked_use_of_nullable_value
  error • The property 'lastPreparedRecords' can't be unconditionally accessed because the receiver can be 'null'. Try making the access conditional (using '?.') or adding a null check to the target ('!') • evidence/food-inventory-durable/reviews/ux/stable-source/lib/main.dart:570:18 • unchecked_use_of_nullable_value
  error • The property 'lastPreparedRecords' can't be unconditionally accessed because the receiver can be 'null'. Try making the access conditional (using '?.') or adding a null check to the target ('!') • evidence/food-inventory-durable/reviews/ux/stable-source/lib/main.dart:574:27 • unchecked_use_of_nullable_value
  error • Undefined class 'TaskStore'. Try changing the name to the name of an existing class, or creating a class with the name 'TaskStore' • evidence/food-inventory-durable/reviews/ux/stable-source/lib/main.dart:580:31 • undefined_class
  error • Undefined class 'FoodStore'. Try changing the name to the name of an existing class, or creating a class with the name 'FoodStore' • evidence/food-inventory-durable/reviews/ux/stable-source/lib/main.dart:585:7 • undefined_class
  error • The name 'BoundedLogFolder' isn't defined, so it can't be used in an 'is' expression. Try changing the name to the name of an existing type, or creating a type with the name 'BoundedLogFolder' • evidence/food-inventory-durable/reviews/ux/stable-source/lib/main.dart:588:33 • type_test_with_undefined_name
warning • Dead code. Try removing the code, or fixing the code before it so that it can be reached • evidence/food-inventory-durable/reviews/ux/stable-source/lib/main.dart:588:51 • dead_code
  error • The name 'FoodHistoryFailure' isn't a class. Try correcting the name to match an existing class • evidence/food-inventory-durable/reviews/ux/stable-source/lib/main.dart:589:23 • creation_with_non_type
  error • Undefined name 'FoodStore'. Try correcting the name to one that is defined, or defining the name • evidence/food-inventory-durable/reviews/ux/stable-source/lib/main.dart:593:24 • undefined_identifier
  error • The name 'FoodHistoryFailure' isn't a type and can't be used in an on-catch clause. Try correcting the name to match an existing class • evidence/food-inventory-durable/reviews/ux/stable-source/lib/main.dart:607:12 • non_type_in_catch_clause
  error • The method 'add' can't be unconditionally invoked because the receiver can be 'null'. Try making the call conditional (using '?.') or adding a null check to the target ('!') • evidence/food-inventory-durable/reviews/ux/stable-source/lib/main.dart:680:29 • unchecked_use_of_nullable_value
  error • The method 'remove' can't be unconditionally invoked because the receiver can be 'null'. Try making the call conditional (using '?.') or adding a null check to the target ('!') • evidence/food-inventory-durable/reviews/ux/stable-source/lib/main.dart:686:42 • unchecked_use_of_nullable_value
  error • The method 'restore' can't be unconditionally invoked because the receiver can be 'null'. Try making the call conditional (using '?.') or adding a null check to the target ('!') • evidence/food-inventory-durable/reviews/ux/stable-source/lib/main.dart:689:27 • unchecked_use_of_nullable_value
  error • The method 'changeContents' can't be unconditionally invoked because the receiver can be 'null'. Try making the call conditional (using '?.') or adding a null check to the target ('!') • evidence/food-inventory-durable/reviews/ux/stable-source/lib/main.dart:696:29 • unchecked_use_of_nullable_value
  error • The method 'changeDetails' can't be unconditionally invoked because the receiver can be 'null'. Try making the call conditional (using '?.') or adding a null check to the target ('!') • evidence/food-inventory-durable/reviews/ux/stable-source/lib/main.dart:704:29 • unchecked_use_of_nullable_value
  error • The method 'undoRemovals' can't be unconditionally invoked because the receiver can be 'null'. Try making the call conditional (using '?.') or adding a null check to the target ('!') • evidence/food-inventory-durable/reviews/ux/stable-source/lib/main.dart:715:33 • unchecked_use_of_nullable_value
  error • Undefined class 'FoodStore'. Try changing the name to the name of an existing class, or creating a class with the name 'FoodStore' • evidence/food-inventory-durable/reviews/ux/stable-source/lib/main.dart:724:29 • undefined_class
  error • The method 'recoverPrepared' can't be unconditionally invoked because the receiver can be 'null'. Try making the call conditional (using '?.') or adding a null check to the target ('!') • evidence/food-inventory-durable/reviews/ux/stable-source/lib/main.dart:727:21 • unchecked_use_of_nullable_value
  error • The property 'isAdmitted' can't be unconditionally accessed because the receiver can be 'null'. Try making the access conditional (using '?.') or adding a null check to the target ('!') • evidence/food-inventory-durable/reviews/ux/stable-source/lib/main.dart:731:44 • unchecked_use_of_nullable_value
  error • The property 'operation' can't be unconditionally accessed because the receiver can be 'null'. Try making the access conditional (using '?.') or adding a null check to the target ('!') • evidence/food-inventory-durable/reviews/ux/stable-source/lib/main.dart:737:22 • unchecked_use_of_nullable_value
  error • The method 'ensureDirectoryDurable' isn't defined for the type '_TasksPageState'. Try correcting the name to the name of an existing method, or defining a method named 'ensureDirectoryDurable' • evidence/food-inventory-durable/reviews/ux/stable-source/lib/main.dart:776:11 • undefined_method
  error • Undefined class 'Appearance'. Try changing the name to the name of an existing class, or creating a class with the name 'Appearance' • evidence/food-inventory-durable/reviews/ux/stable-source/lib/main.dart:782:31 • undefined_class
  error • Undefined name 'Appearance'. Try correcting the name to one that is defined, or defining the name • evidence/food-inventory-durable/reviews/ux/stable-source/lib/main.dart:820:21 • undefined_identifier
  error • Undefined name 'Appearance'. Try correcting the name to one that is defined, or defining the name • evidence/food-inventory-durable/reviews/ux/stable-source/lib/main.dart:821:21 • undefined_identifier
  error • Undefined name 'Appearance'. Try correcting the name to one that is defined, or defining the name • evidence/food-inventory-durable/reviews/ux/stable-source/lib/main.dart:822:21 • undefined_identifier
  error • The name 'Appearance' isn't a type, so it can't be used as a type argument. Try correcting the name to an existing type, or defining a type named 'Appearance' • evidence/food-inventory-durable/reviews/ux/stable-source/lib/main.dart:828:59 • non_type_as_type_argument
  error • The name 'Appearance' isn't a type, so it can't be used as a type argument. Try correcting the name to an existing type, or defining a type named 'Appearance' • evidence/food-inventory-durable/reviews/ux/stable-source/lib/main.dart:836:51 • non_type_as_type_argument
  error • The name 'Appearance' isn't a type, so it can't be used as a type argument. Try correcting the name to an existing type, or defining a type named 'Appearance' • evidence/food-inventory-durable/reviews/ux/stable-source/lib/main.dart:843:53 • non_type_as_type_argument
  error • Invalid constant value • evidence/food-inventory-durable/reviews/ux/stable-source/lib/main.dart:844:48 • invalid_constant
  error • Undefined name 'Appearance'. Try correcting the name to one that is defined, or defining the name • evidence/food-inventory-durable/reviews/ux/stable-source/lib/main.dart:844:48 • undefined_identifier
  error • The name 'Appearance' isn't a type, so it can't be used as a type argument. Try correcting the name to an existing type, or defining a type named 'Appearance' • evidence/food-inventory-durable/reviews/ux/stable-source/lib/main.dart:847:53 • non_type_as_type_argument
  error • Invalid constant value • evidence/food-inventory-durable/reviews/ux/stable-source/lib/main.dart:848:48 • invalid_constant
  error • Undefined name 'Appearance'. Try correcting the name to one that is defined, or defining the name • evidence/food-inventory-durable/reviews/ux/stable-source/lib/main.dart:848:48 • undefined_identifier
  error • The name 'Appearance' isn't a type, so it can't be used as a type argument. Try correcting the name to an existing type, or defining a type named 'Appearance' • evidence/food-inventory-durable/reviews/ux/stable-source/lib/main.dart:851:53 • non_type_as_type_argument
  error • Invalid constant value • evidence/food-inventory-durable/reviews/ux/stable-source/lib/main.dart:852:48 • invalid_constant
  error • Undefined name 'Appearance'. Try correcting the name to one that is defined, or defining the name • evidence/food-inventory-durable/reviews/ux/stable-source/lib/main.dart:852:48 • undefined_identifier
  error • The name 'ReleaseVersionTile' isn't a class. Try correcting the name to match an existing class • evidence/food-inventory-durable/reviews/ux/stable-source/lib/main.dart:962:23 • creation_with_non_type
  error • Undefined name 'Appearance'. Try correcting the name to one that is defined, or defining the name • evidence/food-inventory-durable/reviews/ux/stable-source/lib/main.dart:989:28 • undefined_identifier
  error • The method 'failureMessage' isn't defined for the type '_TasksPageState'. Try correcting the name to the name of an existing method, or defining a method named 'failureMessage' • evidence/food-inventory-durable/reviews/ux/stable-source/lib/main.dart:1055:16 • undefined_method
  error • Undefined class 'TaskStore'. Try changing the name to the name of an existing class, or creating a class with the name 'TaskStore' • evidence/food-inventory-durable/reviews/ux/stable-source/lib/main.dart:1100:30 • undefined_class
  error • The method 'failureMessage' isn't defined for the type '_TasksPageState'. Try correcting the name to the name of an existing method, or defining a method named 'failureMessage' • evidence/food-inventory-durable/reviews/ux/stable-source/lib/main.dart:1109:40 • undefined_method
  error • The method 'failureMessage' isn't defined for the type '_TasksPageState'. Try correcting the name to the name of an existing method, or defining a method named 'failureMessage' • evidence/food-inventory-durable/reviews/ux/stable-source/lib/main.dart:1130:19 • undefined_method
  error • Undefined class 'TaskStore'. Try changing the name to the name of an existing class, or creating a class with the name 'TaskStore' • evidence/food-inventory-durable/reviews/ux/stable-source/lib/main.dart:1156:5 • undefined_class
  error • Undefined class 'OperationReceipt'. Try changing the name to the name of an existing class, or creating a class with the name 'OperationReceipt' • evidence/food-inventory-durable/reviews/ux/stable-source/lib/main.dart:1158:38 • undefined_class
  error • The name 'OperationReceipt' isn't a type, so it can't be used as a type argument. Try correcting the name to an existing type, or defining a type named 'OperationReceipt' • evidence/food-inventory-durable/reviews/ux/stable-source/lib/main.dart:1165:23 • non_type_as_type_argument
  error • The property 'entity' can't be unconditionally accessed because the receiver can be 'null'. Try making the access conditional (using '?.') or adding a null check to the target ('!') • evidence/food-inventory-durable/reviews/ux/stable-source/lib/main.dart:1212:57 • unchecked_use_of_nullable_value
  error • Undefined class 'TaskStore'. Try changing the name to the name of an existing class, or creating a class with the name 'TaskStore' • evidence/food-inventory-durable/reviews/ux/stable-source/lib/main.dart:1234:5 • undefined_class
  error • The name 'BulkTaskEditorState' isn't a type, so it can't be used as a type argument. Try correcting the name to an existing type, or defining a type named 'BulkTaskEditorState' • evidence/food-inventory-durable/reviews/ux/stable-source/lib/main.dart:1235:15 • non_type_as_type_argument
  error • The name 'OperationReceipt' isn't a type, so it can't be used as a type argument. Try correcting the name to an existing type, or defining a type named 'OperationReceipt' • evidence/food-inventory-durable/reviews/ux/stable-source/lib/main.dart:1237:10 • non_type_as_type_argument
  error • The property 'id' can't be unconditionally accessed because the receiver can be 'null'. Try making the access conditional (using '?.') or adding a null check to the target ('!') • evidence/food-inventory-durable/reviews/ux/stable-source/lib/main.dart:1252:70 • unchecked_use_of_nullable_value
  error • The method 'failureMessage' isn't defined for the type '_TasksPageState'. Try correcting the name to the name of an existing method, or defining a method named 'failureMessage' • evidence/food-inventory-durable/reviews/ux/stable-source/lib/main.dart:1328:93 • undefined_method
  error • The method 'ForegroundImporter' isn't defined for the type '_TasksPageState'. Try correcting the name to the name of an existing method, or defining a method named 'ForegroundImporter' • evidence/food-inventory-durable/reviews/ux/stable-source/lib/main.dart:1356:13 • undefined_method
  error • Undefined class 'LocalLogFolder'. Try changing the name to the name of an existing class, or creating a class with the name 'LocalLogFolder' • evidence/food-inventory-durable/reviews/ux/stable-source/lib/main.dart:1358:17 • undefined_class
  error • Undefined class 'AndroidLogFolder'. Try changing the name to the name of an existing class, or creating a class with the name 'AndroidLogFolder' • evidence/food-inventory-durable/reviews/ux/stable-source/lib/main.dart:1361:17 • undefined_class
  error • The method 'failureMessage' isn't defined for the type '_TasksPageState'. Try correcting the name to the name of an existing method, or defining a method named 'failureMessage' • evidence/food-inventory-durable/reviews/ux/stable-source/lib/main.dart:1425:21 • undefined_method
  error • The name 'FoodHistoryFailure' isn't defined, so it can't be used in an 'is' expression. Try changing the name to the name of an existing type, or creating a type with the name 'FoodHistoryFailure' • evidence/food-inventory-durable/reviews/ux/stable-source/lib/main.dart:1440:22 • type_test_with_undefined_name
  error • The method 'failureMessage' isn't defined for the type '_TasksPageState'. Try correcting the name to the name of an existing method, or defining a method named 'failureMessage' • evidence/food-inventory-durable/reviews/ux/stable-source/lib/main.dart:1441:42 • undefined_method
warning • Dead code. Try removing the code, or fixing the code before it so that it can be reached • evidence/food-inventory-durable/reviews/ux/stable-source/lib/main.dart:1442:20 • dead_code
  error • The method 'failureMessage' isn't defined for the type '_TasksPageState'. Try correcting the name to the name of an existing method, or defining a method named 'failureMessage' • evidence/food-inventory-durable/reviews/ux/stable-source/lib/main.dart:1660:65 • undefined_method
  error • Undefined class 'TaskTextSession'. Try changing the name to the name of an existing class, or creating a class with the name 'TaskTextSession' • evidence/food-inventory-durable/reviews/ux/stable-source/lib/main.dart:1728:7 • undefined_class
  error • Undefined class 'TaskTextCapture'. Try changing the name to the name of an existing class, or creating a class with the name 'TaskTextCapture' • evidence/food-inventory-durable/reviews/ux/stable-source/lib/main.dart:1729:7 • undefined_class
  error • The method 'TaskTextSession' isn't defined for the type '_TasksPageState'. Try correcting the name to the name of an existing method, or defining a method named 'TaskTextSession' • evidence/food-inventory-durable/reviews/ux/stable-source/lib/main.dart:1734:19 • undefined_method
  error • The method 'failureMessage' isn't defined for the type '_TasksPageState'. Try correcting the name to the name of an existing method, or defining a method named 'failureMessage' • evidence/food-inventory-durable/reviews/ux/stable-source/lib/main.dart:1742:15 • undefined_method
  error • The name 'TaskEditorState' isn't a type, so it can't be used as a type argument. Try correcting the name to an existing type, or defining a type named 'TaskEditorState' • evidence/food-inventory-durable/reviews/ux/stable-source/lib/main.dart:1763:31 • non_type_as_type_argument
  error • The method 'TextSaveCommand' isn't defined for the type '_TasksPageState'. Try correcting the name to the name of an existing method, or defining a method named 'TextSaveCommand' • evidence/food-inventory-durable/reviews/ux/stable-source/lib/main.dart:1768:15 • undefined_method
  error • The name 'BulkTaskEditorState' isn't a type, so it can't be used as a type argument. Try correcting the name to an existing type, or defining a type named 'BulkTaskEditorState' • evidence/food-inventory-durable/reviews/ux/stable-source/lib/main.dart:1778:35 • non_type_as_type_argument
  error • The property 'task' can't be unconditionally accessed because the receiver can be 'null'. Try making the access conditional (using '?.') or adding a null check to the target ('!') • evidence/food-inventory-durable/reviews/ux/stable-source/lib/main.dart:1801:33 • unchecked_use_of_nullable_value
  error • The property 'task' can't be unconditionally accessed because the receiver can be 'null'. Try making the access conditional (using '?.') or adding a null check to the target ('!') • evidence/food-inventory-durable/reviews/ux/stable-source/lib/main.dart:1835:57 • unchecked_use_of_nullable_value
  error • The property 'task' can't be unconditionally accessed because the receiver can be 'null'. Try making the access conditional (using '?.') or adding a null check to the target ('!') • evidence/food-inventory-durable/reviews/ux/stable-source/lib/main.dart:1848:31 • unchecked_use_of_nullable_value
  error • The method 'projectTaskView' isn't defined for the type '_TasksPageState'. Try correcting the name to the name of an existing method, or defining a method named 'projectTaskView' • evidence/food-inventory-durable/reviews/ux/stable-source/lib/main.dart:1852:21 • undefined_method
  error • The property 'task' can't be unconditionally accessed because the receiver can be 'null'. Try making the access conditional (using '?.') or adding a null check to the target ('!') • evidence/food-inventory-durable/reviews/ux/stable-source/lib/main.dart:1893:57 • unchecked_use_of_nullable_value
  error • The property 'task' can't be unconditionally accessed because the receiver can be 'null'. Try making the access conditional (using '?.') or adding a null check to the target ('!') • evidence/food-inventory-durable/reviews/ux/stable-source/lib/main.dart:1907:55 • unchecked_use_of_nullable_value
  error • The method 'projectTaskView' isn't defined for the type '_TasksPageState'. Try correcting the name to the name of an existing method, or defining a method named 'projectTaskView' • evidence/food-inventory-durable/reviews/ux/stable-source/lib/main.dart:1979:20 • undefined_method
  error • Undefined class 'BulkTaskEdit'. Try changing the name to the name of an existing class, or creating a class with the name 'BulkTaskEdit' • evidence/food-inventory-durable/reviews/ux/stable-source/lib/main.dart:1999:26 • undefined_class
  error • Undefined class 'BulkTaskEdit'. Try changing the name to the name of an existing class, or creating a class with the name 'BulkTaskEdit' • evidence/food-inventory-durable/reviews/ux/stable-source/lib/main.dart:2007:5 • undefined_class
  error • Undefined class 'OperationReceipt'. Try changing the name to the name of an existing class, or creating a class with the name 'OperationReceipt' • evidence/food-inventory-durable/reviews/ux/stable-source/lib/main.dart:2008:19 • undefined_class
  error • The name 'StaleTaskSnapshot' isn't defined, so it can't be used in an 'is' expression. Try changing the name to the name of an existing type, or creating a type with the name 'StaleTaskSnapshot' • evidence/food-inventory-durable/reviews/ux/stable-source/lib/main.dart:2033:27 • type_test_with_undefined_name
  error • The method 'failureMessage' isn't defined for the type '_TasksPageState'. Try correcting the name to the name of an existing method, or defining a method named 'failureMessage' • evidence/food-inventory-durable/reviews/ux/stable-source/lib/main.dart:2057:155 • undefined_method
  error • The name 'StaleTaskSnapshot' isn't defined, so it can't be used in an 'is' expression. Try changing the name to the name of an existing type, or creating a type with the name 'StaleTaskSnapshot' • evidence/food-inventory-durable/reviews/ux/stable-source/lib/main.dart:2062:20 • type_test_with_undefined_name
  error • Undefined class 'TaskStore'. Try changing the name to the name of an existing class, or creating a class with the name 'TaskStore' • evidence/food-inventory-durable/reviews/ux/stable-source/lib/main.dart:2088:26 • undefined_class
  error • Undefined class 'TaskStore'. Try changing the name to the name of an existing class, or creating a class with the name 'TaskStore' • evidence/food-inventory-durable/reviews/ux/stable-source/lib/main.dart:2102:25 • undefined_class
  error • The method 'TaskEditor' isn't defined for the type '_TasksPageState'. Try correcting the name to the name of an existing method, or defining a method named 'TaskEditor' • evidence/food-inventory-durable/reviews/ux/stable-source/lib/main.dart:2132:13 • undefined_method
  error • The method 'BulkTaskEditor' isn't defined for the type '_TasksPageState'. Try correcting the name to the name of an existing method, or defining a method named 'BulkTaskEditor' • evidence/food-inventory-durable/reviews/ux/stable-source/lib/main.dart:2263:13 • undefined_method
  error • The name 'StaleTaskSnapshot' isn't defined, so it can't be used in an 'is' expression. Try changing the name to the name of an existing type, or creating a type with the name 'StaleTaskSnapshot' • evidence/food-inventory-durable/reviews/ux/stable-source/lib/main.dart:2302:37 • type_test_with_undefined_name
warning • Dead code. Try removing the code, or fixing the code before it so that it can be reached • evidence/food-inventory-durable/reviews/ux/stable-source/lib/main.dart:2304:24 • dead_code
  error • The method 'failureMessage' isn't defined for the type '_TasksPageState'. Try correcting the name to the name of an existing method, or defining a method named 'failureMessage' • evidence/food-inventory-durable/reviews/ux/stable-source/lib/main.dart:2320:122 • undefined_method
  error • The property 'task' can't be unconditionally accessed because the receiver can be 'null'. Try making the access conditional (using '?.') or adding a null check to the target ('!') • evidence/food-inventory-durable/reviews/ux/stable-source/lib/main.dart:2355:28 • unchecked_use_of_nullable_value
  error • The name 'StaleTaskSnapshot' isn't a type and can't be used in an on-catch clause. Try correcting the name to match an existing class • evidence/food-inventory-durable/reviews/ux/stable-source/lib/main.dart:2401:10 • non_type_in_catch_clause
  error • The property 'task' can't be unconditionally accessed because the receiver can be 'null'. Try making the access conditional (using '?.') or adding a null check to the target ('!') • evidence/food-inventory-durable/reviews/ux/stable-source/lib/main.dart:2416:41 • unchecked_use_of_nullable_value
  error • The property 'task' can't be unconditionally accessed because the receiver can be 'null'. Try making the access conditional (using '?.') or adding a null check to the target ('!') • evidence/food-inventory-durable/reviews/ux/stable-source/lib/main.dart:2427:33 • unchecked_use_of_nullable_value
  error • The method 'projectTaskView' isn't defined for the type '_TasksPageState'. Try correcting the name to the name of an existing method, or defining a method named 'projectTaskView' • evidence/food-inventory-durable/reviews/ux/stable-source/lib/main.dart:2447:25 • undefined_method
  error • The property 'task' can't be unconditionally accessed because the receiver can be 'null'. Try making the access conditional (using '?.') or adding a null check to the target ('!') • evidence/food-inventory-durable/reviews/ux/stable-source/lib/main.dart:2502:47 • unchecked_use_of_nullable_value
  error • The property 'task' can't be unconditionally accessed because the receiver can be 'null'. Try making the access conditional (using '?.') or adding a null check to the target ('!') • evidence/food-inventory-durable/reviews/ux/stable-source/lib/main.dart:2506:39 • unchecked_use_of_nullable_value
  error • The property 'task' can't be unconditionally accessed because the receiver can be 'null'. Try making the access conditional (using '?.') or adding a null check to the target ('!') • evidence/food-inventory-durable/reviews/ux/stable-source/lib/main.dart:2575:37 • unchecked_use_of_nullable_value
  error • The method 'projectTaskView' isn't defined for the type '_TasksPageState'. Try correcting the name to the name of an existing method, or defining a method named 'projectTaskView' • evidence/food-inventory-durable/reviews/ux/stable-source/lib/main.dart:2579:24 • undefined_method
  error • The method 'failureMessage' isn't defined for the type '_TasksPageState'. Try correcting the name to the name of an existing method, or defining a method named 'failureMessage' • evidence/food-inventory-durable/reviews/ux/stable-source/lib/main.dart:2614:156 • undefined_method
  error • Undefined class 'TaskViewEntry'. Try changing the name to the name of an existing class, or creating a class with the name 'TaskViewEntry' • evidence/food-inventory-durable/reviews/ux/stable-source/lib/main.dart:2785:5 • undefined_class
  error • The method 'scheduleMetadata' isn't defined for the type '_TasksPageState'. Try correcting the name to the name of an existing method, or defining a method named 'scheduleMetadata' • evidence/food-inventory-durable/reviews/ux/stable-source/lib/main.dart:2795:11 • undefined_method
  error • Undefined class 'TaskViewEntry'. Try changing the name to the name of an existing class, or creating a class with the name 'TaskViewEntry' • evidence/food-inventory-durable/reviews/ux/stable-source/lib/main.dart:2814:5 • undefined_class
  error • Undefined class 'TaskStore'. Try changing the name to the name of an existing class, or creating a class with the name 'TaskStore' • evidence/food-inventory-durable/reviews/ux/stable-source/lib/main.dart:2843:5 • undefined_class
  error • The property 'task' can't be unconditionally accessed because the receiver can be 'null'. Try making the access conditional (using '?.') or adding a null check to the target ('!') • evidence/food-inventory-durable/reviews/ux/stable-source/lib/main.dart:2852:57 • unchecked_use_of_nullable_value
  error • The method 'ChecklistExpansionStore' isn't defined for the type '_TasksPageState'. Try correcting the name to the name of an existing method, or defining a method named 'ChecklistExpansionStore' • evidence/food-inventory-durable/reviews/ux/stable-source/lib/main.dart:2856:7 • undefined_method
  error • The method 'failureMessage' isn't defined for the type '_TasksPageState'. Try correcting the name to the name of an existing method, or defining a method named 'failureMessage' • evidence/food-inventory-durable/reviews/ux/stable-source/lib/main.dart:2867:54 • undefined_method
  error • Undefined class 'TaskStore'. Try changing the name to the name of an existing class, or creating a class with the name 'TaskStore' • evidence/food-inventory-durable/reviews/ux/stable-source/lib/main.dart:2934:5 • undefined_class
  error • The method 'TaskActionsMenuEntry' isn't defined for the type '_TasksPageState'. Try correcting the name to the name of an existing method, or defining a method named 'TaskActionsMenuEntry' • evidence/food-inventory-durable/reviews/ux/stable-source/lib/main.dart:2958:11 • undefined_method
  error • The method 'failureMessage' isn't defined for the type '_TasksPageState'. Try correcting the name to the name of an existing method, or defining a method named 'failureMessage' • evidence/food-inventory-durable/reviews/ux/stable-source/lib/main.dart:2985:32 • undefined_method
  error • Undefined class 'TaskStore'. Try changing the name to the name of an existing class, or creating a class with the name 'TaskStore' • evidence/food-inventory-durable/reviews/ux/stable-source/lib/main.dart:2992:36 • undefined_class
  error • Undefined class 'TaskStore'. Try changing the name to the name of an existing class, or creating a class with the name 'TaskStore' • evidence/food-inventory-durable/reviews/ux/stable-source/lib/main.dart:3061:31 • undefined_class
  error • The method 'ChecklistDisclosureInkBorder' isn't defined for the type '_TasksPageState'. Try correcting the name to the name of an existing method, or defining a method named 'ChecklistDisclosureInkBorder' • evidence/food-inventory-durable/reviews/ux/stable-source/lib/main.dart:3132:37 • undefined_method
  error • Undefined class 'TaskStore'. Try changing the name to the name of an existing class, or creating a class with the name 'TaskStore' • evidence/food-inventory-durable/reviews/ux/stable-source/lib/main.dart:3180:27 • undefined_class
  error • The method 'ChecklistPanel' isn't defined for the type '_TasksPageState'. Try correcting the name to the name of an existing method, or defining a method named 'ChecklistPanel' • evidence/food-inventory-durable/reviews/ux/stable-source/lib/main.dart:3187:14 • undefined_method
  error • The method 'setChecklistCompleted' can't be unconditionally invoked because the receiver can be 'null'. Try making the call conditional (using '?.') or adding a null check to the target ('!') • evidence/food-inventory-durable/reviews/ux/stable-source/lib/main.dart:3202:42 • unchecked_use_of_nullable_value
  error • The method 'moveChecklistItem' can't be unconditionally invoked because the receiver can be 'null'. Try making the call conditional (using '?.') or adding a null check to the target ('!') • evidence/food-inventory-durable/reviews/ux/stable-source/lib/main.dart:3211:42 • unchecked_use_of_nullable_value
  error • The method 'checklistSnapshot' can't be unconditionally invoked because the receiver can be 'null'. Try making the call conditional (using '?.') or adding a null check to the target ('!') • evidence/food-inventory-durable/reviews/ux/stable-source/lib/main.dart:3217:25 • unchecked_use_of_nullable_value
  error • The method 'ChecklistCompletionCommand' isn't defined for the type '_TasksPageState'. Try correcting the name to the name of an existing method, or defining a method named 'ChecklistCompletionCommand' • evidence/food-inventory-durable/reviews/ux/stable-source/lib/main.dart:3258:23 • undefined_method
  error • Undefined class 'TaskStore'. Try changing the name to the name of an existing class, or creating a class with the name 'TaskStore' • evidence/food-inventory-durable/reviews/ux/stable-source/lib/main.dart:3352:5 • undefined_class
  error • Undefined class 'TaskStore'. Try changing the name to the name of an existing class, or creating a class with the name 'TaskStore' • evidence/food-inventory-durable/reviews/ux/stable-source/lib/main.dart:3354:31 • undefined_class
  error • Undefined class 'OperationReceipt'. Try changing the name to the name of an existing class, or creating a class with the name 'OperationReceipt' • evidence/food-inventory-durable/reviews/ux/stable-source/lib/main.dart:3354:56 • undefined_class
  error • Undefined class 'TaskStore'. Try changing the name to the name of an existing class, or creating a class with the name 'TaskStore' • evidence/food-inventory-durable/reviews/ux/stable-source/lib/main.dart:3371:5 • undefined_class
  error • The method 'deleteChecklistItem' can't be unconditionally invoked because the receiver can be 'null'. Try making the call conditional (using '?.') or adding a null check to the target ('!') • evidence/food-inventory-durable/reviews/ux/stable-source/lib/main.dart:3407:36 • unchecked_use_of_nullable_value
  error • Undefined class 'TaskStore'. Try changing the name to the name of an existing class, or creating a class with the name 'TaskStore' • evidence/food-inventory-durable/reviews/ux/stable-source/lib/main.dart:3415:5 • undefined_class
  error • Undefined class 'TaskTextCapture'. Try changing the name to the name of an existing class, or creating a class with the name 'TaskTextCapture' • evidence/food-inventory-durable/reviews/ux/stable-source/lib/main.dart:3421:5 • undefined_class
  error • Undefined class 'TaskTextSession'. Try changing the name to the name of an existing class, or creating a class with the name 'TaskTextSession' • evidence/food-inventory-durable/reviews/ux/stable-source/lib/main.dart:3422:5 • undefined_class
  error • Undefined class 'OperationReceipt'. Try changing the name to the name of an existing class, or creating a class with the name 'OperationReceipt' • evidence/food-inventory-durable/reviews/ux/stable-source/lib/main.dart:3423:5 • undefined_class
  error • The name 'ChecklistItemEditorState' isn't a type, so it can't be used as a type argument. Try correcting the name to an existing type, or defining a type named 'ChecklistItemEditorState' • evidence/food-inventory-durable/reviews/ux/stable-source/lib/main.dart:3426:27 • non_type_as_type_argument
  error • The method 'TaskTextSession' isn't defined for the type '_TasksPageState'. Try correcting the name to the name of an existing method, or defining a method named 'TaskTextSession' • evidence/food-inventory-durable/reviews/ux/stable-source/lib/main.dart:3438:19 • undefined_method
  error • The method 'TextSaveCommand' isn't defined for the type '_TasksPageState'. Try correcting the name to the name of an existing method, or defining a method named 'TextSaveCommand' • evidence/food-inventory-durable/reviews/ux/stable-source/lib/main.dart:3445:48 • undefined_method
  error • The method 'ChecklistItemEditor' isn't defined for the type '_TasksPageState'. Try correcting the name to the name of an existing method, or defining a method named 'ChecklistItemEditor' • evidence/food-inventory-durable/reviews/ux/stable-source/lib/main.dart:3453:18 • undefined_method
  error • The method 'failureMessage' isn't defined for the type '_TasksPageState'. Try correcting the name to the name of an existing method, or defining a method named 'failureMessage' • evidence/food-inventory-durable/reviews/ux/stable-source/lib/main.dart:3505:78 • undefined_method
  error • The method 'failureMessage' isn't defined for the type '_TasksPageState'. Try correcting the name to the name of an existing method, or defining a method named 'failureMessage' • evidence/food-inventory-durable/reviews/ux/stable-source/lib/main.dart:3541:43 • undefined_method
  error • The method 'TaskToolbar' isn't defined for the type '_TasksPageState'. Try correcting the name to the name of an existing method, or defining a method named 'TaskToolbar' • evidence/food-inventory-durable/reviews/ux/stable-source/lib/main.dart:3699:34 • undefined_method
  error • The name 'TagFilterPickerState' isn't a type, so it can't be used as a type argument. Try correcting the name to an existing type, or defining a type named 'TagFilterPickerState' • evidence/food-inventory-durable/reviews/ux/stable-source/lib/main.dart:4129:33 • non_type_as_type_argument
  error • The method 'TagFilterPicker' isn't defined for the type '_TasksPageState'. Try correcting the name to the name of an existing method, or defining a method named 'TagFilterPicker' • evidence/food-inventory-durable/reviews/ux/stable-source/lib/main.dart:4223:32 • undefined_method
  error • The method 'TaskEntryArea' isn't defined for the type '_TasksPageState'. Try correcting the name to the name of an existing method, or defining a method named 'TaskEntryArea' • evidence/food-inventory-durable/reviews/ux/stable-source/lib/main.dart:4431:26 • undefined_method
  error • The name 'TaskViewGroup' isn't a type, so it can't be used as a type argument. Try correcting the name to an existing type, or defining a type named 'TaskViewGroup' • evidence/food-inventory-durable/reviews/ux/stable-source/lib/main.dart:4442:22 • non_type_as_type_argument
  error • The name 'TaskViewGroup' isn't a type, so it can't be used as a type argument. Try correcting the name to an existing type, or defining a type named 'TaskViewGroup' • evidence/food-inventory-durable/reviews/ux/stable-source/lib/main.dart:4449:10 • non_type_as_type_argument
  error • The property 'entries' can't be unconditionally accessed because the receiver can be 'null'. Try making the access conditional (using '?.') or adding a null check to the target ('!') • evidence/food-inventory-durable/reviews/ux/stable-source/lib/main.dart:4453:52 • unchecked_use_of_nullable_value
  error • Undefined class 'TaskViewGroup'. Try changing the name to the name of an existing class, or creating a class with the name 'TaskViewGroup' • evidence/food-inventory-durable/reviews/ux/stable-source/lib/main.dart:4480:23 • undefined_class
  error • Undefined class 'TaskViewGroup'. Try changing the name to the name of an existing class, or creating a class with the name 'TaskViewGroup' • evidence/food-inventory-durable/reviews/ux/stable-source/lib/main.dart:4496:20 • undefined_class
  error • The property 'entries' can't be unconditionally accessed because the receiver can be 'null'. Try making the access conditional (using '?.') or adding a null check to the target ('!') • evidence/food-inventory-durable/reviews/ux/stable-source/lib/main.dart:4499:33 • unchecked_use_of_nullable_value
  error • The property 'entries' can't be unconditionally accessed because the receiver can be 'null'. Try making the access conditional (using '?.') or adding a null check to the target ('!') • evidence/food-inventory-durable/reviews/ux/stable-source/lib/main.dart:4565:61 • unchecked_use_of_nullable_value
  error • The method 'StickyTaskGroupHeading' isn't defined for the type '_TasksPageState'. Try correcting the name to the name of an existing method, or defining a method named 'StickyTaskGroupHeading' • evidence/food-inventory-durable/reviews/ux/stable-source/lib/main.dart:4598:29 • undefined_method
  error • The method 'UnavailableCompletion' isn't defined for the type '_TasksPageState'. Try correcting the name to the name of an existing method, or defining a method named 'UnavailableCompletion' • evidence/food-inventory-durable/reviews/ux/stable-source/lib/main.dart:4710:43 • undefined_method
  error • The method 'TaskCompletionCheckbox' isn't defined for the type '_TasksPageState'. Try correcting the name to the name of an existing method, or defining a method named 'TaskCompletionCheckbox' • evidence/food-inventory-durable/reviews/ux/stable-source/lib/main.dart:4734:52 • undefined_method
   info • Statements in an if should be enclosed in a block. Try wrapping the statement in a block • lib/main.dart:1478:7 • curly_braces_in_flow_control_structures

531 issues found. (ran in 2.5s)
