2026-10-10T20:51:42.9836560Z Current runner version: '2.337.0'
2026-10-10T20:51:42.9860669Z ##[group]Runner Image Provisioner
2026-10-10T20:51:42.9861605Z Hosted Compute Agent
2026-10-10T20:51:42.9862192Z Version: 20261002.596
2026-10-10T20:51:42.9862799Z Commit: c3d12f3313a95f25162a1503be624f3b0617f8c0
2026-10-10T20:51:42.9863502Z Build Date: 2026-10-02T22:28:27Z
2026-10-10T20:51:42.9864194Z Worker ID: {207484b4-6077-4d2b-aaeb-04132045b222}
2026-10-10T20:51:42.9864904Z Region: centralus
2026-10-10T20:51:42.9865454Z Cloud: Azure
2026-10-10T20:51:42.9866018Z ##[endgroup]
2026-10-10T20:51:42.9867834Z ##[group]Operating System
2026-10-10T20:51:42.9868482Z Ubuntu
2026-10-10T20:51:42.9869048Z 24.04.5
2026-10-10T20:51:42.9869582Z LTS
2026-10-10T20:51:42.9870398Z ##[endgroup]
2026-10-10T20:51:42.9871094Z ##[group]Runner Image
2026-10-10T20:51:42.9871706Z Image: ubuntu-24.04
2026-10-10T20:51:42.9872320Z Version: 20261004.327.1
2026-10-10T20:51:42.9873699Z Included Software: https://github.com/actions/runner-images/blob/ubuntu24/20261004.327/images/ubuntu/Ubuntu2404-Readme.md
2026-10-10T20:51:42.9875286Z Image Release: https://github.com/actions/runner-images/releases/tag/ubuntu24%2F20261004.327
2026-10-10T20:51:42.9876255Z ##[endgroup]
2026-10-10T20:51:42.9877419Z ##[group]GITHUB_TOKEN Permissions
2026-10-10T20:51:42.9880167Z Contents: read
2026-10-10T20:51:42.9880788Z Metadata: read
2026-10-10T20:51:42.9881321Z ##[endgroup]
2026-10-10T20:51:42.9883481Z Secret source: Actions
2026-10-10T20:51:42.9884356Z Cache mode: write
2026-10-10T20:51:42.9885033Z Prepare workflow directory
2026-10-10T20:51:43.0214957Z Prepare all required actions
2026-10-10T20:51:43.0263812Z Getting action download info
2026-10-10T20:51:43.2758408Z Download action repository 'actions/checkout@3d3c42e5aac5ba805825da76410c181273ba90b1' (SHA:3d3c42e5aac5ba805825da76410c181273ba90b1)
2026-10-10T20:51:43.3715397Z Download action repository 'actions/upload-artifact@043fb46d1a93c77aae656e7c1c64a875d1fc6a0a' (SHA:043fb46d1a93c77aae656e7c1c64a875d1fc6a0a)
2026-10-10T20:51:43.5543800Z Uses: reddraggone9/tandemlog/.github/workflows/validate.yml@refs/heads/main (3d671c20c6a1f6bdc2a2082f9a00e820c34b8050)
2026-10-10T20:51:43.5548050Z Complete job name: checks / linux
2026-10-10T20:51:43.6325067Z ##[group]Run actions/checkout@3d3c42e5aac5ba805825da76410c181273ba90b1
2026-10-10T20:51:43.6326105Z with:
2026-10-10T20:51:43.6326604Z   repository: reddraggone9/tandemlog
2026-10-10T20:51:43.6331057Z   token: ***
2026-10-10T20:51:43.6331581Z   ssh-strict: true
2026-10-10T20:51:43.6332050Z   ssh-user: git
2026-10-10T20:51:43.6332582Z   persist-credentials: true
2026-10-10T20:51:43.6333112Z   clean: true
2026-10-10T20:51:43.6333604Z   sparse-checkout-cone-mode: true
2026-10-10T20:51:43.6334193Z   fetch-depth: 1
2026-10-10T20:51:43.6334687Z   fetch-tags: false
2026-10-10T20:51:43.6335195Z   show-progress: true
2026-10-10T20:51:43.6335683Z   lfs: false
2026-10-10T20:51:43.6336136Z   submodules: false
2026-10-10T20:51:43.6336662Z   set-safe-directory: true
2026-10-10T20:51:43.6337206Z   allow-unsafe-pr-checkout: false
2026-10-10T20:51:43.6338007Z ##[endgroup]
2026-10-10T20:51:43.7338065Z Syncing repository: reddraggone9/tandemlog
2026-10-10T20:51:43.7340463Z ##[group]Getting Git version info
2026-10-10T20:51:43.7341305Z Working directory is '/home/runner/work/tandemlog/tandemlog'
2026-10-10T20:51:43.7342499Z [command]/usr/bin/git version
2026-10-10T20:51:43.7397497Z git version 2.55.0
2026-10-10T20:51:43.7414428Z ##[endgroup]
2026-10-10T20:51:43.7423900Z Temporarily overriding HOME='/home/runner/work/_temp/c4af1dcc-38a4-4684-84b3-f12caef0aeec' before making global git config changes
2026-10-10T20:51:43.7425854Z Adding repository directory to the temporary git global config as a safe directory
2026-10-10T20:51:43.7428784Z [command]/usr/bin/git config --global --add safe.directory /home/runner/work/tandemlog/tandemlog
2026-10-10T20:51:43.7472601Z Deleting the contents of '/home/runner/work/tandemlog/tandemlog'
2026-10-10T20:51:43.7475600Z ##[group]Determining repository object format
2026-10-10T20:51:43.7476889Z ##[endgroup]
2026-10-10T20:51:43.7478258Z ##[group]Initializing the repository
2026-10-10T20:51:43.7480672Z [command]/usr/bin/git init /home/runner/work/tandemlog/tandemlog
2026-10-10T20:51:43.7579321Z hint: Using 'master' as the name for the initial branch. This default branch name
2026-10-10T20:51:43.7580778Z hint: will change to "main" in Git 3.0. To configure the initial branch name
2026-10-10T20:51:43.7582117Z hint: to use in all of your new repositories, which will suppress this warning,
2026-10-10T20:51:43.7583156Z hint: call:
2026-10-10T20:51:43.7583904Z hint:
2026-10-10T20:51:43.7584498Z hint: 	git config --global init.defaultBranch <name>
2026-10-10T20:51:43.7585159Z hint:
2026-10-10T20:51:43.7585983Z hint: Names commonly chosen instead of 'master' are 'main', 'trunk' and
2026-10-10T20:51:43.7587101Z hint: 'development'. The just-created branch can be renamed via this command:
2026-10-10T20:51:43.7587897Z hint:
2026-10-10T20:51:43.7588386Z hint: 	git branch -m <name>
2026-10-10T20:51:43.7588905Z hint:
2026-10-10T20:51:43.7589714Z hint: Disable this message with "git config set advice.defaultBranchName false"
2026-10-10T20:51:43.7591277Z Initialized empty Git repository in /home/runner/work/tandemlog/tandemlog/.git/
2026-10-10T20:51:43.7593417Z [command]/usr/bin/git remote add origin https://github.com/reddraggone9/tandemlog
2026-10-10T20:51:43.7638227Z ##[endgroup]
2026-10-10T20:51:43.7639328Z ##[group]Disabling automatic garbage collection
2026-10-10T20:51:43.7640909Z [command]/usr/bin/git config --local gc.auto 0
2026-10-10T20:51:43.7669478Z ##[endgroup]
2026-10-10T20:51:43.7671023Z ##[group]Setting up auth
2026-10-10T20:51:43.7671614Z Removing SSH command configuration
2026-10-10T20:51:43.7674385Z [command]/usr/bin/git config --local --name-only --get-regexp core\.sshCommand
2026-10-10T20:51:43.7701476Z [command]/usr/bin/git submodule foreach --recursive sh -c "git config --local --name-only --get-regexp 'core\.sshCommand' && git config --local --unset-all 'core.sshCommand' || :"
2026-10-10T20:51:43.7999253Z Removing HTTP extra header
2026-10-10T20:51:43.8004193Z [command]/usr/bin/git config --local --name-only --get-regexp http\.https\:\/\/github\.com\/\.extraheader
2026-10-10T20:51:43.8029613Z [command]/usr/bin/git submodule foreach --recursive sh -c "git config --local --name-only --get-regexp 'http\.https\:\/\/github\.com\/\.extraheader' && git config --local --unset-all 'http.https://github.com/.extraheader' || :"
2026-10-10T20:51:43.8209451Z Removing includeIf entries pointing to credentials config files
2026-10-10T20:51:43.8213998Z [command]/usr/bin/git config --local --name-only --get-regexp ^includeIf\.gitdir:
2026-10-10T20:51:43.8238841Z [command]/usr/bin/git submodule foreach --recursive git config --local --show-origin --name-only --get-regexp remote.origin.url
2026-10-10T20:51:43.8425445Z [command]/usr/bin/git config --file /home/runner/work/_temp/git-credentials-cb98206b-d564-40f5-8256-1ecde4a398ad.config http.https://github.com/.extraheader AUTHORIZATION: basic ***
2026-10-10T20:51:43.8457265Z [command]/usr/bin/git config --local includeIf.gitdir:/home/runner/work/tandemlog/tandemlog/.git.path /home/runner/work/_temp/git-credentials-cb98206b-d564-40f5-8256-1ecde4a398ad.config
2026-10-10T20:51:43.8485630Z [command]/usr/bin/git config --local includeIf.gitdir:/home/runner/work/tandemlog/tandemlog/.git/worktrees/*.path /home/runner/work/_temp/git-credentials-cb98206b-d564-40f5-8256-1ecde4a398ad.config
2026-10-10T20:51:43.8518226Z [command]/usr/bin/git config --local includeIf.gitdir:/github/workspace/.git.path /github/runner_temp/git-credentials-cb98206b-d564-40f5-8256-1ecde4a398ad.config
2026-10-10T20:51:43.8546622Z [command]/usr/bin/git config --local includeIf.gitdir:/github/workspace/.git/worktrees/*.path /github/runner_temp/git-credentials-cb98206b-d564-40f5-8256-1ecde4a398ad.config
2026-10-10T20:51:43.8572634Z ##[endgroup]
2026-10-10T20:51:43.8573866Z ##[group]Fetching the repository
2026-10-10T20:51:43.8580179Z [command]/usr/bin/git -c protocol.version=2 fetch --no-tags --prune --no-recurse-submodules --depth=1 origin +3d671c20c6a1f6bdc2a2082f9a00e820c34b8050:refs/remotes/origin/main
2026-10-10T20:51:47.0019228Z From https://github.com/reddraggone9/tandemlog
2026-10-10T20:51:47.0022216Z  * [new ref]         3d671c20c6a1f6bdc2a2082f9a00e820c34b8050 -> origin/main
2026-10-10T20:51:47.0028191Z [command]/usr/bin/git branch --list --remote origin/main
2026-10-10T20:51:47.0052056Z   origin/main
2026-10-10T20:51:47.0058091Z [command]/usr/bin/git rev-parse refs/remotes/origin/main
2026-10-10T20:51:47.0078196Z 3d671c20c6a1f6bdc2a2082f9a00e820c34b8050
2026-10-10T20:51:47.0083109Z ##[endgroup]
2026-10-10T20:51:47.0085333Z ##[group]Determining the checkout info
2026-10-10T20:51:47.0087965Z ##[endgroup]
2026-10-10T20:51:47.0089580Z [command]/usr/bin/git sparse-checkout disable
2026-10-10T20:51:47.0135721Z [command]/usr/bin/git config --local --unset-all extensions.worktreeConfig
2026-10-10T20:51:47.0166601Z ##[group]Checking out the ref
2026-10-10T20:51:47.0169392Z [command]/usr/bin/git checkout --progress --force -B main refs/remotes/origin/main
2026-10-10T20:51:47.4823520Z Switched to a new branch 'main'
2026-10-10T20:51:47.4829814Z branch 'main' set up to track 'origin/main'.
2026-10-10T20:51:47.4846096Z ##[endgroup]
2026-10-10T20:51:47.4892136Z [command]/usr/bin/git log -1 --format=%H
2026-10-10T20:51:47.4915982Z 3d671c20c6a1f6bdc2a2082f9a00e820c34b8050
2026-10-10T20:51:47.5123326Z ##[group]Run sudo apt-get update && sudo apt-get install -y clang cmake ninja-build pkg-config libgtk-3-dev xvfb dbus-x11 flatpak librsvg2-common
2026-10-10T20:51:47.5124482Z [36;1msudo apt-get update && sudo apt-get install -y clang cmake ninja-build pkg-config libgtk-3-dev xvfb dbus-x11 flatpak librsvg2-common[0m
2026-10-10T20:51:47.5341975Z shell: /usr/bin/bash -e {0}
2026-10-10T20:51:47.5342401Z ##[endgroup]
2026-10-10T20:51:47.6069140Z Get:1 file:/etc/apt/apt-mirrors.txt Mirrorlist [144 B]
2026-10-10T20:51:47.6515609Z Hit:2 http://azure.archive.ubuntu.com/ubuntu noble InRelease
2026-10-10T20:51:47.6521338Z Get:6 https://packages.microsoft.com/ubuntu/24.04/prod noble InRelease [3600 B]
2026-10-10T20:51:47.6540263Z Get:3 http://azure.archive.ubuntu.com/ubuntu noble-updates InRelease [126 kB]
2026-10-10T20:51:47.6570434Z Get:4 http://azure.archive.ubuntu.com/ubuntu noble-backports InRelease [126 kB]
2026-10-10T20:51:47.6598407Z Get:5 http://azure.archive.ubuntu.com/ubuntu noble-security InRelease [126 kB]
2026-10-10T20:51:47.7632707Z Get:7 https://packages.microsoft.com/ubuntu/24.04/prod noble/main arm64 Packages [492 kB]
2026-10-10T20:51:47.7946349Z Get:8 https://packages.microsoft.com/ubuntu/24.04/prod noble/main armhf Packages [12.3 kB]
2026-10-10T20:51:47.8012089Z Get:17 https://packages.microsoft.com/ubuntu/24.04/prod noble/main all Packages [640 B]
2026-10-10T20:51:47.8013442Z Get:9 http://azure.archive.ubuntu.com/ubuntu noble-updates/main amd64 Packages [1375 kB]
2026-10-10T20:51:47.8070435Z Get:10 http://azure.archive.ubuntu.com/ubuntu noble-updates/main Translation-en [306 kB]
2026-10-10T20:51:47.8084072Z Get:18 https://packages.microsoft.com/ubuntu/24.04/prod noble/main amd64 Packages [548 kB]
2026-10-10T20:51:47.8093756Z Get:11 http://azure.archive.ubuntu.com/ubuntu noble-updates/universe amd64 Packages [1702 kB]
2026-10-10T20:51:47.8189975Z Get:12 http://azure.archive.ubuntu.com/ubuntu noble-updates/universe Translation-en [342 kB]
2026-10-10T20:51:47.8242047Z Get:13 http://azure.archive.ubuntu.com/ubuntu noble-updates/restricted amd64 Packages [1761 kB]
2026-10-10T20:51:47.8296383Z Get:14 http://azure.archive.ubuntu.com/ubuntu noble-updates/restricted Translation-en [401 kB]
2026-10-10T20:51:47.8321524Z Get:15 http://azure.archive.ubuntu.com/ubuntu noble-updates/multiverse amd64 Packages [55.0 kB]
2026-10-10T20:51:47.8330401Z Get:16 http://azure.archive.ubuntu.com/ubuntu noble-updates/multiverse Translation-en [14.3 kB]
2026-10-10T20:51:47.8932464Z Get:19 http://azure.archive.ubuntu.com/ubuntu noble-security/main amd64 Packages [1121 kB]
2026-10-10T20:51:47.8983415Z Get:20 http://azure.archive.ubuntu.com/ubuntu noble-security/main Translation-en [228 kB]
2026-10-10T20:51:47.9441756Z Get:21 http://azure.archive.ubuntu.com/ubuntu noble-security/universe amd64 Packages [1220 kB]
2026-10-10T20:51:47.9495151Z Get:22 http://azure.archive.ubuntu.com/ubuntu noble-security/universe Translation-en [245 kB]
2026-10-10T20:51:47.9512505Z Get:23 http://azure.archive.ubuntu.com/ubuntu noble-security/restricted amd64 Packages [1669 kB]
2026-10-10T20:51:47.9580578Z Get:24 http://azure.archive.ubuntu.com/ubuntu noble-security/restricted Translation-en [383 kB]
2026-10-10T20:51:47.9614441Z Get:25 http://azure.archive.ubuntu.com/ubuntu noble-security/multiverse amd64 Packages [49.8 kB]
2026-10-10T20:51:47.9621440Z Get:26 http://azure.archive.ubuntu.com/ubuntu noble-security/multiverse Translation-en [12.4 kB]
2026-10-10T20:51:51.0843565Z Fetched 12.3 MB in 1s (9069 kB/s)
2026-10-10T20:51:51.9836442Z Reading package lists...
2026-10-10T20:51:52.1097468Z Reading package lists...
2026-10-10T20:51:52.3187543Z Building dependency tree...
2026-10-10T20:51:52.3195065Z Reading state information...
2026-10-10T20:51:52.4987710Z pkg-config is already the newest version (1.8.1-2build1).
2026-10-10T20:51:52.4988695Z xvfb is already the newest version (2:21.1.12-1ubuntu1.8).
2026-10-10T20:51:52.4989350Z The following additional packages will be installed:
2026-10-10T20:51:52.4991326Z   bubblewrap bzip2-doc cmake-data desktop-file-utils gir1.2-atk-1.0
2026-10-10T20:51:52.4992377Z   gir1.2-atspi-2.0 gir1.2-freedesktop gir1.2-freedesktop-dev
2026-10-10T20:51:52.4993255Z   gir1.2-gdkpixbuf-2.0 gir1.2-glib-2.0-dev gir1.2-gtk-3.0 gir1.2-harfbuzz-0.0
2026-10-10T20:51:52.4994151Z   gir1.2-pango-1.0 gsettings-desktop-schemas libatk-bridge2.0-dev
2026-10-10T20:51:52.4994970Z   libatk1.0-dev libatspi2.0-dev libavahi-glib1 libblkid-dev libbrotli-dev
2026-10-10T20:51:52.4995885Z   libbz2-dev libcairo-script-interpreter2 libcairo2-dev libdatrie-dev
2026-10-10T20:51:52.4996744Z   libdbus-1-dev libdeflate-dev libegl-dev libegl-mesa0 libegl1
2026-10-10T20:51:52.4997647Z   libegl1-mesa-dev libepoxy-dev libfontconfig-dev libfreetype-dev libfreetype6
2026-10-10T20:51:52.4998537Z   libfribidi-dev libgdk-pixbuf-2.0-dev libgdk-pixbuf2.0-bin
2026-10-10T20:51:52.5001791Z   libgirepository-2.0-0 libgl-dev libgles-dev libgles1 libgles2 libglib2.0-dev
2026-10-10T20:51:52.5002861Z   libglib2.0-dev-bin libglvnd-core-dev libglvnd-dev libglx-dev
2026-10-10T20:51:52.5003600Z   libgraphite2-dev libharfbuzz-cairo0 libharfbuzz-dev libharfbuzz-gobject0
2026-10-10T20:51:52.5004449Z   libharfbuzz-icu0 libharfbuzz-subset0 libice-dev libjbig-dev libjpeg-dev
2026-10-10T20:51:52.5005362Z   libjpeg-turbo8-dev libjpeg8-dev libjsoncpp25 liblerc-dev liblzma-dev
2026-10-10T20:51:52.5006220Z   libmalcontent-0-0 libmount-dev libopengl-dev libopengl0 libostree-1-1
2026-10-10T20:51:52.5006930Z   libpango1.0-dev libpangoxft-1.0-0 libpipewire-0.3-0t64
2026-10-10T20:51:52.5007579Z   libpipewire-0.3-common libpixman-1-dev libpng-dev libpng-tools
2026-10-10T20:51:52.5008344Z   libpng16-16t64 libpthread-stubs0-dev librhash0 librsvg2-2 libselinux1-dev
2026-10-10T20:51:52.5009005Z   libsepol-dev libsharpyuv-dev libsm-dev libspa-0.2-modules libthai-dev
2026-10-10T20:51:52.5009550Z   libtiff-dev libtiffxx6 libwayland-bin libwayland-dev libwayland-server0
2026-10-10T20:51:52.5010345Z   libwebp-dev libwebpdecoder3 libwebrtc-audio-processing1 libx11-dev
2026-10-10T20:51:52.5011130Z   libxau-dev libxcb-render0-dev libxcb-shm0-dev libxcb1-dev libxcomposite-dev
2026-10-10T20:51:52.5011787Z   libxcursor-dev libxdamage-dev libxdmcp-dev libxext-dev libxfixes-dev
2026-10-10T20:51:52.5012373Z   libxft-dev libxi-dev libxinerama-dev libxkbcommon-dev libxrandr-dev
2026-10-10T20:51:52.5012917Z   libxrender-dev libxtst-dev pango1.0-tools session-migration uuid-dev
2026-10-10T20:51:52.5013515Z   wayland-protocols x11proto-dev xdg-dbus-proxy xdg-desktop-portal
2026-10-10T20:51:52.5013981Z   xdg-desktop-portal-gtk xorg-sgml-doctools xtrans-dev
2026-10-10T20:51:52.5014363Z Suggested packages:
2026-10-10T20:51:52.5014819Z   cmake-doc cmake-format elpa-cmake-mode avahi-daemon malcontent-gui
2026-10-10T20:51:52.5015640Z   libcairo2-doc libdatrie-doc freetype2-doc libglib2.0-doc libxml2-utils
2026-10-10T20:51:52.5016188Z   libgraphite2-utils libgtk-3-doc libice-doc liblzma-doc libpango1.0-doc
2026-10-10T20:51:52.5016725Z   pipewire librsvg2-bin libsm-doc libthai-doc libwayland-doc libx11-doc
2026-10-10T20:51:52.5017280Z   libxcb-doc libxext-doc graphicsmagick accountsservice evince
2026-10-10T20:51:52.5017734Z   xdg-desktop-portal-gnome
2026-10-10T20:51:52.5427523Z The following NEW packages will be installed:
2026-10-10T20:51:52.5428509Z   bubblewrap bzip2-doc clang cmake cmake-data dbus-x11 desktop-file-utils
2026-10-10T20:51:52.5429367Z   flatpak gir1.2-atk-1.0 gir1.2-atspi-2.0 gir1.2-freedesktop
2026-10-10T20:51:52.5430256Z   gir1.2-freedesktop-dev gir1.2-gdkpixbuf-2.0 gir1.2-glib-2.0-dev
2026-10-10T20:51:52.5431001Z   gir1.2-gtk-3.0 gir1.2-harfbuzz-0.0 gir1.2-pango-1.0
2026-10-10T20:51:52.5431779Z   gsettings-desktop-schemas libatk-bridge2.0-dev libatk1.0-dev libatspi2.0-dev
2026-10-10T20:51:52.5432629Z   libavahi-glib1 libblkid-dev libbrotli-dev libbz2-dev
2026-10-10T20:51:52.5433350Z   libcairo-script-interpreter2 libcairo2-dev libdatrie-dev libdbus-1-dev
2026-10-10T20:51:52.5434212Z   libdeflate-dev libegl-dev libegl-mesa0 libegl1 libegl1-mesa-dev libepoxy-dev
2026-10-10T20:51:52.5435497Z   libfontconfig-dev libfreetype-dev libfribidi-dev libgdk-pixbuf-2.0-dev
2026-10-10T20:51:52.5436073Z   libgdk-pixbuf2.0-bin libgirepository-2.0-0 libgl-dev libgles-dev libgles1
2026-10-10T20:51:52.5436832Z   libgles2 libglib2.0-dev libglib2.0-dev-bin libglvnd-core-dev libglvnd-dev
2026-10-10T20:51:52.5437571Z   libglx-dev libgraphite2-dev libgtk-3-dev libharfbuzz-cairo0 libharfbuzz-dev
2026-10-10T20:51:52.5438165Z   libharfbuzz-gobject0 libharfbuzz-icu0 libharfbuzz-subset0 libice-dev
2026-10-10T20:51:52.5438728Z   libjbig-dev libjpeg-dev libjpeg-turbo8-dev libjpeg8-dev libjsoncpp25
2026-10-10T20:51:52.5439261Z   liblerc-dev liblzma-dev libmalcontent-0-0 libmount-dev libopengl-dev
2026-10-10T20:51:52.5439818Z   libopengl0 libostree-1-1 libpango1.0-dev libpangoxft-1.0-0
2026-10-10T20:51:52.5440525Z   libpipewire-0.3-0t64 libpipewire-0.3-common libpixman-1-dev libpng-dev
2026-10-10T20:51:52.5441444Z   libpng-tools libpthread-stubs0-dev librhash0 librsvg2-2 librsvg2-common
2026-10-10T20:51:52.5442066Z   libselinux1-dev libsepol-dev libsharpyuv-dev libsm-dev libspa-0.2-modules
2026-10-10T20:51:52.5460919Z   libthai-dev libtiff-dev libtiffxx6 libwayland-bin libwayland-dev
2026-10-10T20:51:52.5470990Z   libwayland-server0 libwebp-dev libwebpdecoder3 libwebrtc-audio-processing1
2026-10-10T20:51:52.5471802Z   libx11-dev libxau-dev libxcb-render0-dev libxcb-shm0-dev libxcb1-dev
2026-10-10T20:51:52.5472430Z   libxcomposite-dev libxcursor-dev libxdamage-dev libxdmcp-dev libxext-dev
2026-10-10T20:51:52.5472992Z   libxfixes-dev libxft-dev libxi-dev libxinerama-dev libxkbcommon-dev
2026-10-10T20:51:52.5473524Z   libxrandr-dev libxrender-dev libxtst-dev ninja-build pango1.0-tools
2026-10-10T20:51:52.5474080Z   session-migration uuid-dev wayland-protocols x11proto-dev xdg-dbus-proxy
2026-10-10T20:51:52.5474709Z   xdg-desktop-portal xdg-desktop-portal-gtk xorg-sgml-doctools xtrans-dev
2026-10-10T20:51:52.5475262Z The following packages will be upgraded:
2026-10-10T20:51:52.5475783Z   libfreetype6 libpng16-16t64
2026-10-10T20:51:52.5625636Z 2 upgraded, 124 newly installed, 0 to remove and 21 not upgraded.
2026-10-10T20:51:52.5626457Z Need to get 33.5 MB of archives.
2026-10-10T20:51:52.5627978Z After this operation, 151 MB of additional disk space will be used.
2026-10-10T20:51:52.5628613Z Get:1 file:/etc/apt/apt-mirrors.txt Mirrorlist [144 B]
2026-10-10T20:51:52.6103741Z Get:2 http://azure.archive.ubuntu.com/ubuntu noble-updates/main amd64 libpng16-16t64 amd64 1.6.43-5ubuntu0.7 [189 kB]
2026-10-10T20:51:52.6395854Z Get:3 http://azure.archive.ubuntu.com/ubuntu noble-updates/main amd64 bubblewrap amd64 0.9.0-1ubuntu0.3 [50.4 kB]
2026-10-10T20:51:52.6677326Z Get:4 http://azure.archive.ubuntu.com/ubuntu noble-updates/main amd64 bzip2-doc all 1.0.8-5.1ubuntu0.1 [499 kB]
2026-10-10T20:51:52.6985318Z Get:5 http://azure.archive.ubuntu.com/ubuntu noble/universe amd64 clang amd64 1:18.0-59~exp2 [5846 B]
2026-10-10T20:51:52.7257510Z Get:6 http://azure.archive.ubuntu.com/ubuntu noble/main amd64 libjsoncpp25 amd64 1.9.5-6build1 [82.8 kB]
2026-10-10T20:51:52.7540421Z Get:7 http://azure.archive.ubuntu.com/ubuntu noble/main amd64 librhash0 amd64 1.4.3-3build1 [129 kB]
2026-10-10T20:51:52.7821087Z Get:8 http://azure.archive.ubuntu.com/ubuntu noble/main amd64 cmake-data all 3.28.3-1build7 [2155 kB]
2026-10-10T20:51:52.8309417Z Get:9 http://azure.archive.ubuntu.com/ubuntu noble/main amd64 cmake amd64 3.28.3-1build7 [11.2 MB]
2026-10-10T20:51:52.9692741Z Get:10 http://azure.archive.ubuntu.com/ubuntu noble-updates/main amd64 dbus-x11 amd64 1.14.10-4ubuntu4.1 [23.3 kB]
2026-10-10T20:51:52.9998813Z Get:11 http://azure.archive.ubuntu.com/ubuntu noble/main amd64 desktop-file-utils amd64 0.27-2build1 [53.8 kB]
2026-10-10T20:51:53.0304219Z Get:12 http://azure.archive.ubuntu.com/ubuntu noble-updates/main amd64 xdg-dbus-proxy amd64 0.1.5-1ubuntu0.2 [26.4 kB]
2026-10-10T20:51:53.0610274Z Get:13 http://azure.archive.ubuntu.com/ubuntu noble-updates/main amd64 libmalcontent-0-0 amd64 0.11.1-1ubuntu1.3 [22.3 kB]
2026-10-10T20:51:53.0926021Z Get:14 http://azure.archive.ubuntu.com/ubuntu noble-updates/main amd64 libavahi-glib1 amd64 0.8-13ubuntu6.2 [8186 B]
2026-10-10T20:51:53.1229735Z Get:15 http://azure.archive.ubuntu.com/ubuntu noble/universe amd64 libostree-1-1 amd64 2024.5-1build2 [373 kB]
2026-10-10T20:51:53.1564264Z Get:16 http://azure.archive.ubuntu.com/ubuntu noble-updates/universe amd64 flatpak amd64 1.14.6-1ubuntu0.1 [1350 kB]
2026-10-10T20:51:53.1992033Z Get:17 http://azure.archive.ubuntu.com/ubuntu noble/main amd64 gir1.2-atk-1.0 amd64 2.52.0-1build1 [23.1 kB]
2026-10-10T20:51:53.2271305Z Get:18 http://azure.archive.ubuntu.com/ubuntu noble/main amd64 gir1.2-freedesktop amd64 1.80.1-1 [49.7 kB]
2026-10-10T20:51:53.2554026Z Get:19 http://azure.archive.ubuntu.com/ubuntu noble/main amd64 gir1.2-atspi-2.0 amd64 2.52.0-1build1 [19.8 kB]
2026-10-10T20:51:53.3251086Z Get:20 http://azure.archive.ubuntu.com/ubuntu noble-updates/main amd64 gir1.2-glib-2.0-dev amd64 2.80.0-6ubuntu3.9 [848 kB]
2026-10-10T20:51:53.3597330Z Get:21 http://azure.archive.ubuntu.com/ubuntu noble/main amd64 gir1.2-freedesktop-dev amd64 1.80.1-1 [28.8 kB]
2026-10-10T20:51:53.3881346Z Get:22 http://azure.archive.ubuntu.com/ubuntu noble-updates/main amd64 gir1.2-gdkpixbuf-2.0 amd64 2.42.10+dfsg-3ubuntu3.3 [9482 B]
2026-10-10T20:51:53.4157187Z Get:23 http://azure.archive.ubuntu.com/ubuntu noble/main amd64 libharfbuzz-gobject0 amd64 8.3.0-2build2 [34.3 kB]
2026-10-10T20:51:53.4438483Z Get:24 http://azure.archive.ubuntu.com/ubuntu noble/main amd64 gir1.2-harfbuzz-0.0 amd64 8.3.0-2build2 [44.5 kB]
2026-10-10T20:51:53.4726210Z Get:25 http://azure.archive.ubuntu.com/ubuntu noble/main amd64 libpangoxft-1.0-0 amd64 1.52.1+ds-1build1 [20.3 kB]
2026-10-10T20:51:53.5034760Z Get:26 http://azure.archive.ubuntu.com/ubuntu noble/main amd64 gir1.2-pango-1.0 amd64 1.52.1+ds-1build1 [34.8 kB]
2026-10-10T20:51:53.5316601Z Get:27 http://azure.archive.ubuntu.com/ubuntu noble-updates/main amd64 gir1.2-gtk-3.0 amd64 3.24.41-4ubuntu1.3 [245 kB]
2026-10-10T20:51:53.5610914Z Get:28 http://azure.archive.ubuntu.com/ubuntu noble/main amd64 session-migration amd64 0.3.9build1 [9034 B]
2026-10-10T20:51:53.5889267Z Get:29 http://azure.archive.ubuntu.com/ubuntu noble-updates/main amd64 gsettings-desktop-schemas all 46.1-0ubuntu1 [35.6 kB]
2026-10-10T20:51:53.6172142Z Get:30 http://azure.archive.ubuntu.com/ubuntu noble-updates/main amd64 libglib2.0-dev-bin amd64 2.80.0-6ubuntu3.9 [138 kB]
2026-10-10T20:51:53.6459205Z Get:31 http://azure.archive.ubuntu.com/ubuntu noble-updates/main amd64 uuid-dev amd64 2.39.3-9ubuntu6.6 [33.5 kB]
2026-10-10T20:51:53.6764004Z Get:32 http://azure.archive.ubuntu.com/ubuntu noble-updates/main amd64 libblkid-dev amd64 2.39.3-9ubuntu6.6 [205 kB]
2026-10-10T20:51:53.7060923Z Get:33 http://azure.archive.ubuntu.com/ubuntu noble/main amd64 libsepol-dev amd64 3.5-2build1 [384 kB]
2026-10-10T20:51:53.7365481Z Get:34 http://azure.archive.ubuntu.com/ubuntu noble-updates/main amd64 libselinux1-dev amd64 3.5-2ubuntu2.1 [164 kB]
2026-10-10T20:51:53.7656058Z Get:35 http://azure.archive.ubuntu.com/ubuntu noble-updates/main amd64 libmount-dev amd64 2.39.3-9ubuntu6.6 [14.9 kB]
2026-10-10T20:51:53.7959602Z Get:36 http://azure.archive.ubuntu.com/ubuntu noble-updates/main amd64 libgirepository-2.0-0 amd64 2.80.0-6ubuntu3.9 [73.5 kB]
2026-10-10T20:51:53.8273521Z Get:37 http://azure.archive.ubuntu.com/ubuntu noble-updates/main amd64 libglib2.0-dev amd64 2.80.0-6ubuntu3.9 [1860 kB]
2026-10-10T20:51:53.8750736Z Get:38 http://azure.archive.ubuntu.com/ubuntu noble/main amd64 libatk1.0-dev amd64 2.52.0-1build1 [100 kB]
2026-10-10T20:51:53.9453316Z Get:39 http://azure.archive.ubuntu.com/ubuntu noble-updates/main amd64 libdbus-1-dev amd64 1.14.10-4ubuntu4.1 [190 kB]
2026-10-10T20:51:53.9773343Z Get:40 http://azure.archive.ubuntu.com/ubuntu noble/main amd64 xorg-sgml-doctools all 1:1.11-1.1 [10.9 kB]
2026-10-10T20:51:54.0082882Z Get:41 http://azure.archive.ubuntu.com/ubuntu noble/main amd64 x11proto-dev all 2023.2-1 [602 kB]
2026-10-10T20:51:54.0398714Z Get:42 http://azure.archive.ubuntu.com/ubuntu noble/main amd64 libxau-dev amd64 1:1.0.9-1build6 [9570 B]
2026-10-10T20:51:54.0682377Z Get:43 http://azure.archive.ubuntu.com/ubuntu noble/main amd64 libxdmcp-dev amd64 1:1.1.3-0ubuntu6 [26.5 kB]
2026-10-10T20:51:54.0992583Z Get:44 http://azure.archive.ubuntu.com/ubuntu noble/main amd64 xtrans-dev all 1.4.0-1 [68.9 kB]
2026-10-10T20:51:54.1302024Z Get:45 http://azure.archive.ubuntu.com/ubuntu noble/main amd64 libpthread-stubs0-dev amd64 0.4-1build3 [4746 B]
2026-10-10T20:51:54.1609496Z Get:46 http://azure.archive.ubuntu.com/ubuntu noble/main amd64 libxcb1-dev amd64 1.15-1ubuntu2 [85.8 kB]
2026-10-10T20:51:54.1919756Z Get:47 http://azure.archive.ubuntu.com/ubuntu noble/main amd64 libx11-dev amd64 2:1.8.7-1build1 [732 kB]
2026-10-10T20:51:54.2276646Z Get:48 http://azure.archive.ubuntu.com/ubuntu noble/main amd64 libxext-dev amd64 2:1.3.4-1build2 [83.5 kB]
2026-10-10T20:51:54.2586658Z Get:49 http://azure.archive.ubuntu.com/ubuntu noble/main amd64 libxfixes-dev amd64 1:6.0.0-2build1 [12.1 kB]
2026-10-10T20:51:54.2893829Z Get:50 http://azure.archive.ubuntu.com/ubuntu noble/main amd64 libxi-dev amd64 2:1.8.1-1build1 [194 kB]
2026-10-10T20:51:54.3212827Z Get:51 http://azure.archive.ubuntu.com/ubuntu noble/main amd64 libxtst-dev amd64 2:1.2.3-1.1build1 [15.9 kB]
2026-10-10T20:51:54.3515777Z Get:52 http://azure.archive.ubuntu.com/ubuntu noble/main amd64 libatspi2.0-dev amd64 2.52.0-1build1 [76.2 kB]
2026-10-10T20:51:54.3828782Z Get:53 http://azure.archive.ubuntu.com/ubuntu noble/main amd64 libatk-bridge2.0-dev amd64 2.52.0-1build1 [4284 B]
2026-10-10T20:51:54.4132372Z Get:54 http://azure.archive.ubuntu.com/ubuntu noble/main amd64 libbrotli-dev amd64 1.1.0-2build2 [353 kB]
2026-10-10T20:51:54.4446680Z Get:55 http://azure.archive.ubuntu.com/ubuntu noble-updates/main amd64 libbz2-dev amd64 1.0.8-5.1ubuntu0.1 [33.6 kB]
2026-10-10T20:51:54.4754525Z Get:56 http://azure.archive.ubuntu.com/ubuntu noble-updates/main amd64 libfreetype6 amd64 2.13.2+dfsg-1ubuntu0.2 [403 kB]
2026-10-10T20:51:54.5556305Z Get:57 http://azure.archive.ubuntu.com/ubuntu noble/main amd64 libcairo-script-interpreter2 amd64 1.18.0-3build1 [60.3 kB]
2026-10-10T20:51:54.5860827Z Get:58 http://azure.archive.ubuntu.com/ubuntu noble-updates/main amd64 libpng-dev amd64 1.6.43-5ubuntu0.7 [265 kB]
2026-10-10T20:51:54.6188092Z Get:59 http://azure.archive.ubuntu.com/ubuntu noble-updates/main amd64 libfreetype-dev amd64 2.13.2+dfsg-1ubuntu0.2 [574 kB]
2026-10-10T20:51:54.6540411Z Get:60 http://azure.archive.ubuntu.com/ubuntu noble/main amd64 libfontconfig-dev amd64 2.15.0-1.1ubuntu2 [161 kB]
2026-10-10T20:51:54.6855577Z Get:61 http://azure.archive.ubuntu.com/ubuntu noble/main amd64 libpixman-1-dev amd64 0.42.2-1build1 [296 kB]
2026-10-10T20:51:54.7185192Z Get:62 http://azure.archive.ubuntu.com/ubuntu noble/main amd64 libice-dev amd64 2:1.0.10-1build3 [51.0 kB]
2026-10-10T20:51:54.7489289Z Get:63 http://azure.archive.ubuntu.com/ubuntu noble/main amd64 libsm-dev amd64 2:1.2.3-1build3 [17.8 kB]
2026-10-10T20:51:54.7794839Z Get:64 http://azure.archive.ubuntu.com/ubuntu noble/main amd64 libxcb-render0-dev amd64 1.15-1ubuntu2 [19.6 kB]
2026-10-10T20:51:54.8078178Z Get:65 http://azure.archive.ubuntu.com/ubuntu noble/main amd64 libxcb-shm0-dev amd64 1.15-1ubuntu2 [8246 B]
2026-10-10T20:51:54.8360397Z Get:66 http://azure.archive.ubuntu.com/ubuntu noble/main amd64 libxrender-dev amd64 1:0.9.10-1.1build1 [26.3 kB]
2026-10-10T20:51:54.8640534Z Get:67 http://azure.archive.ubuntu.com/ubuntu noble/main amd64 libcairo2-dev amd64 1.18.0-3build1 [41.1 kB]
2026-10-10T20:51:54.8921537Z Get:68 http://azure.archive.ubuntu.com/ubuntu noble/main amd64 libdatrie-dev amd64 0.2.13-3build1 [19.4 kB]
2026-10-10T20:51:54.9197034Z Get:69 http://azure.archive.ubuntu.com/ubuntu noble-updates/main amd64 libdeflate-dev amd64 1.19-1build1.1 [50.9 kB]
2026-10-10T20:51:54.9482644Z Get:70 http://azure.archive.ubuntu.com/ubuntu noble-updates/main amd64 libegl-mesa0 amd64 25.2.8-0ubuntu0.24.04.4 [117 kB]
2026-10-10T20:51:54.9795405Z Get:71 http://azure.archive.ubuntu.com/ubuntu noble/main amd64 libegl1 amd64 1.7.0-1build1 [28.7 kB]
2026-10-10T20:51:55.0072072Z Get:72 http://azure.archive.ubuntu.com/ubuntu noble/main amd64 libglx-dev amd64 1.7.0-1build1 [14.2 kB]
2026-10-10T20:51:55.0346424Z Get:73 http://azure.archive.ubuntu.com/ubuntu noble/main amd64 libgl-dev amd64 1.7.0-1build1 [102 kB]
2026-10-10T20:51:55.0646623Z Get:74 http://azure.archive.ubuntu.com/ubuntu noble/main amd64 libegl-dev amd64 1.7.0-1build1 [18.2 kB]
2026-10-10T20:51:55.0922948Z Get:75 http://azure.archive.ubuntu.com/ubuntu noble/main amd64 libglvnd-core-dev amd64 1.7.0-1build1 [13.6 kB]
2026-10-10T20:51:55.1607360Z Get:76 http://azure.archive.ubuntu.com/ubuntu noble/main amd64 libgles1 amd64 1.7.0-1build1 [11.6 kB]
2026-10-10T20:51:55.1883164Z Get:77 http://azure.archive.ubuntu.com/ubuntu noble/main amd64 libgles2 amd64 1.7.0-1build1 [17.1 kB]
2026-10-10T20:51:55.2160510Z Get:78 http://azure.archive.ubuntu.com/ubuntu noble/main amd64 libgles-dev amd64 1.7.0-1build1 [50.5 kB]
2026-10-10T20:51:55.2440402Z Get:79 http://azure.archive.ubuntu.com/ubuntu noble/main amd64 libopengl0 amd64 1.7.0-1build1 [32.8 kB]
2026-10-10T20:51:55.2721825Z Get:80 http://azure.archive.ubuntu.com/ubuntu noble/main amd64 libopengl-dev amd64 1.7.0-1build1 [3454 B]
2026-10-10T20:51:55.2999028Z Get:81 http://azure.archive.ubuntu.com/ubuntu noble/main amd64 libglvnd-dev amd64 1.7.0-1build1 [3198 B]
2026-10-10T20:51:55.3273122Z Get:82 http://azure.archive.ubuntu.com/ubuntu noble-updates/main amd64 libegl1-mesa-dev amd64 25.2.8-0ubuntu0.24.04.4 [26.8 kB]
2026-10-10T20:51:55.3550333Z Get:83 http://azure.archive.ubuntu.com/ubuntu noble/main amd64 libepoxy-dev amd64 1.5.10-1build1 [132 kB]
2026-10-10T20:51:55.3861070Z Get:84 http://azure.archive.ubuntu.com/ubuntu noble/main amd64 libfribidi-dev amd64 1.0.13-3build1 [64.8 kB]
2026-10-10T20:51:55.4173825Z Get:85 http://azure.archive.ubuntu.com/ubuntu noble-updates/main amd64 libgdk-pixbuf2.0-bin amd64 2.42.10+dfsg-3ubuntu3.3 [13.9 kB]
2026-10-10T20:51:55.4487038Z Get:86 http://azure.archive.ubuntu.com/ubuntu noble/main amd64 libjpeg-turbo8-dev amd64 2.1.5-2ubuntu2 [295 kB]
2026-10-10T20:51:55.4815070Z Get:87 http://azure.archive.ubuntu.com/ubuntu noble/main amd64 libjpeg8-dev amd64 8c-2ubuntu11 [1484 B]
2026-10-10T20:51:55.5127646Z Get:88 http://azure.archive.ubuntu.com/ubuntu noble/main amd64 libjpeg-dev amd64 8c-2ubuntu11 [1482 B]
2026-10-10T20:51:55.5435900Z Get:89 http://azure.archive.ubuntu.com/ubuntu noble/main amd64 libjbig-dev amd64 2.1-6.1ubuntu2 [27.9 kB]
2026-10-10T20:51:55.5748851Z Get:90 http://azure.archive.ubuntu.com/ubuntu noble-updates/main amd64 liblzma-dev amd64 5.6.1+really5.4.5-1ubuntu0.3 [176 kB]
2026-10-10T20:51:55.6068409Z Get:91 http://azure.archive.ubuntu.com/ubuntu noble/main amd64 libwebpdecoder3 amd64 1.3.2-0.4build3 [114 kB]
2026-10-10T20:51:55.6386316Z Get:92 http://azure.archive.ubuntu.com/ubuntu noble/main amd64 libsharpyuv-dev amd64 1.3.2-0.4build3 [16.0 kB]
2026-10-10T20:51:55.6700735Z Get:93 http://azure.archive.ubuntu.com/ubuntu noble/main amd64 libwebp-dev amd64 1.3.2-0.4build3 [367 kB]
2026-10-10T20:51:55.7034553Z Get:94 http://azure.archive.ubuntu.com/ubuntu noble-updates/main amd64 libtiffxx6 amd64 4.5.1+git230720-4ubuntu2.5 [5642 B]
2026-10-10T20:51:55.7729118Z Get:95 http://azure.archive.ubuntu.com/ubuntu noble/main amd64 liblerc-dev amd64 4.0.0+ds-4ubuntu2 [182 kB]
2026-10-10T20:51:55.8019770Z Get:96 http://azure.archive.ubuntu.com/ubuntu noble-updates/main amd64 libtiff-dev amd64 4.5.1+git230720-4ubuntu2.5 [338 kB]
2026-10-10T20:51:55.8322008Z Get:97 http://azure.archive.ubuntu.com/ubuntu noble-updates/main amd64 libgdk-pixbuf-2.0-dev amd64 2.42.10+dfsg-3ubuntu3.3 [47.9 kB]
2026-10-10T20:51:55.8603834Z Get:98 http://azure.archive.ubuntu.com/ubuntu noble-updates/main amd64 libgraphite2-dev amd64 1.3.14-2ubuntu0.24.04.1 [14.7 kB]
2026-10-10T20:51:55.8884075Z Get:99 http://azure.archive.ubuntu.com/ubuntu noble/main amd64 libharfbuzz-icu0 amd64 8.3.0-2build2 [13.3 kB]
2026-10-10T20:51:55.9163218Z Get:100 http://azure.archive.ubuntu.com/ubuntu noble/main amd64 libharfbuzz-subset0 amd64 8.3.0-2build2 [448 kB]
2026-10-10T20:51:55.9472690Z Get:101 http://azure.archive.ubuntu.com/ubuntu noble/main amd64 libharfbuzz-cairo0 amd64 8.3.0-2build2 [26.2 kB]
2026-10-10T20:51:55.9756409Z Get:102 http://azure.archive.ubuntu.com/ubuntu noble/main amd64 libharfbuzz-dev amd64 8.3.0-2build2 [142 kB]
2026-10-10T20:51:56.0118882Z Get:103 http://azure.archive.ubuntu.com/ubuntu noble/main amd64 libthai-dev amd64 0.1.29-2build1 [26.6 kB]
2026-10-10T20:51:56.0423203Z Get:104 http://azure.archive.ubuntu.com/ubuntu noble/main amd64 libxft-dev amd64 2.3.6-1build1 [64.3 kB]
2026-10-10T20:51:56.0797740Z Get:105 http://azure.archive.ubuntu.com/ubuntu noble/main amd64 pango1.0-tools amd64 1.52.1+ds-1build1 [36.7 kB]
2026-10-10T20:51:56.1104947Z Get:106 http://azure.archive.ubuntu.com/ubuntu noble/main amd64 libpango1.0-dev amd64 1.52.1+ds-1build1 [147 kB]
2026-10-10T20:51:56.1419123Z Get:107 http://azure.archive.ubuntu.com/ubuntu noble/main amd64 libwayland-server0 amd64 1.22.0-2.1build1 [33.9 kB]
2026-10-10T20:51:56.1723518Z Get:108 http://azure.archive.ubuntu.com/ubuntu noble/main amd64 libwayland-bin amd64 1.22.0-2.1build1 [20.6 kB]
2026-10-10T20:51:56.2031997Z Get:109 http://azure.archive.ubuntu.com/ubuntu noble/main amd64 libwayland-dev amd64 1.22.0-2.1build1 [71.3 kB]
2026-10-10T20:51:56.2340840Z Get:110 http://azure.archive.ubuntu.com/ubuntu noble/main amd64 libxcomposite-dev amd64 1:0.4.5-1build3 [9374 B]
2026-10-10T20:51:56.2652121Z Get:111 http://azure.archive.ubuntu.com/ubuntu noble/main amd64 libxcursor-dev amd64 1:1.2.1-1build1 [31.8 kB]
2026-10-10T20:51:56.2959454Z Get:112 http://azure.archive.ubuntu.com/ubuntu noble/main amd64 libxdamage-dev amd64 1:1.1.6-1build1 [5270 B]
2026-10-10T20:51:56.3264331Z Get:113 http://azure.archive.ubuntu.com/ubuntu noble/main amd64 libxinerama-dev amd64 2:1.1.4-3build1 [7988 B]
2026-10-10T20:51:56.3569611Z Get:114 http://azure.archive.ubuntu.com/ubuntu noble/main amd64 libxkbcommon-dev amd64 1.6.0-1build1 [56.3 kB]
2026-10-10T20:51:56.3881126Z Get:115 http://azure.archive.ubuntu.com/ubuntu noble/main amd64 libxrandr-dev amd64 2:1.5.2-2build1 [26.4 kB]
2026-10-10T20:51:56.4188121Z Get:116 http://azure.archive.ubuntu.com/ubuntu noble-updates/main amd64 wayland-protocols all 1.45-1~ubuntu0.24.04.2 [114 kB]
2026-10-10T20:51:56.4501414Z Get:117 http://azure.archive.ubuntu.com/ubuntu noble-updates/main amd64 libgtk-3-dev amd64 3.24.41-4ubuntu1.3 [1096 kB]
2026-10-10T20:51:56.4906115Z Get:118 http://azure.archive.ubuntu.com/ubuntu noble/main amd64 libwebrtc-audio-processing1 amd64 0.3.1-0ubuntu6 [290 kB]
2026-10-10T20:51:56.5229357Z Get:119 http://azure.archive.ubuntu.com/ubuntu noble-updates/main amd64 libspa-0.2-modules amd64 1.0.5-1ubuntu3.3 [628 kB]
2026-10-10T20:51:56.5584233Z Get:120 http://azure.archive.ubuntu.com/ubuntu noble-updates/main amd64 libpipewire-0.3-0t64 amd64 1.0.5-1ubuntu3.3 [252 kB]
2026-10-10T20:51:56.6344118Z Get:121 http://azure.archive.ubuntu.com/ubuntu noble-updates/main amd64 libpipewire-0.3-common all 1.0.5-1ubuntu3.3 [19.5 kB]
2026-10-10T20:51:56.6647775Z Get:122 http://azure.archive.ubuntu.com/ubuntu noble-updates/main amd64 libpng-tools amd64 1.6.43-5ubuntu0.7 [28.5 kB]
2026-10-10T20:51:56.6951055Z Get:123 http://azure.archive.ubuntu.com/ubuntu noble-updates/main amd64 librsvg2-2 amd64 2.58.0+dfsg-1ubuntu0.1 [2141 kB]
2026-10-10T20:51:56.7449350Z Get:124 http://azure.archive.ubuntu.com/ubuntu noble-updates/main amd64 librsvg2-common amd64 2.58.0+dfsg-1ubuntu0.1 [11.8 kB]
2026-10-10T20:51:56.7753339Z Get:125 http://azure.archive.ubuntu.com/ubuntu noble/universe amd64 ninja-build amd64 1.11.1-2 [129 kB]
2026-10-10T20:51:56.8064472Z Get:126 http://azure.archive.ubuntu.com/ubuntu noble-updates/main amd64 xdg-desktop-portal amd64 1.18.4-1ubuntu2.24.04.3 [307 kB]
2026-10-10T20:51:56.8393547Z Get:127 http://azure.archive.ubuntu.com/ubuntu noble/main amd64 xdg-desktop-portal-gtk amd64 1.15.1-1build2 [80.3 kB]
2026-10-10T20:51:57.2197866Z Fetched 33.5 MB in 4s (7823 kB/s)
2026-10-10T20:51:57.2637448Z (Reading database ... 
2026-10-10T20:51:57.2638453Z (Reading database ... 5%
2026-10-10T20:51:57.2639262Z (Reading database ... 10%
2026-10-10T20:51:57.2640835Z (Reading database ... 15%
2026-10-10T20:51:57.2641330Z (Reading database ... 20%
2026-10-10T20:51:57.2641701Z (Reading database ... 25%
2026-10-10T20:51:57.2642089Z (Reading database ... 30%
2026-10-10T20:51:57.2642460Z (Reading database ... 35%
2026-10-10T20:51:57.2642836Z (Reading database ... 40%
2026-10-10T20:51:57.2643291Z (Reading database ... 45%
2026-10-10T20:51:57.2643665Z (Reading database ... 50%
2026-10-10T20:51:57.2692158Z (Reading database ... 55%
2026-10-10T20:51:57.3321932Z (Reading database ... 60%
2026-10-10T20:51:57.5705561Z (Reading database ... 65%
2026-10-10T20:51:57.7482297Z (Reading database ... 70%
2026-10-10T20:51:57.9612084Z (Reading database ... 75%
2026-10-10T20:51:58.0330743Z (Reading database ... 80%
2026-10-10T20:51:58.1675034Z (Reading database ... 85%
2026-10-10T20:51:58.3273924Z (Reading database ... 90%
2026-10-10T20:51:58.4621821Z (Reading database ... 95%
2026-10-10T20:51:58.4622613Z (Reading database ... 100%
2026-10-10T20:51:58.4623527Z (Reading database ... 203191 files and directories currently installed.)
2026-10-10T20:51:58.4667553Z Preparing to unpack .../000-libpng16-16t64_1.6.43-5ubuntu0.7_amd64.deb ...
2026-10-10T20:51:58.8580387Z Unpacking libpng16-16t64:amd64 (1.6.43-5ubuntu0.7) over (1.6.43-5ubuntu0.6) ...
2026-10-10T20:51:59.1393496Z Selecting previously unselected package bubblewrap.
2026-10-10T20:51:59.1517093Z Preparing to unpack .../001-bubblewrap_0.9.0-1ubuntu0.3_amd64.deb ...
2026-10-10T20:51:59.1682052Z Unpacking bubblewrap (0.9.0-1ubuntu0.3) ...
2026-10-10T20:51:59.3685937Z Selecting previously unselected package bzip2-doc.
2026-10-10T20:51:59.3823424Z Preparing to unpack .../002-bzip2-doc_1.0.8-5.1ubuntu0.1_all.deb ...
2026-10-10T20:51:59.4291884Z Unpacking bzip2-doc (1.0.8-5.1ubuntu0.1) ...
2026-10-10T20:52:00.4601913Z Selecting previously unselected package clang.
2026-10-10T20:52:00.4725591Z Preparing to unpack .../003-clang_1%3a18.0-59~exp2_amd64.deb ...
2026-10-10T20:52:00.7401848Z Unpacking clang (1:18.0-59~exp2) ...
2026-10-10T20:52:02.1585014Z Selecting previously unselected package libjsoncpp25:amd64.
2026-10-10T20:52:02.1714285Z Preparing to unpack .../004-libjsoncpp25_1.9.5-6build1_amd64.deb ...
2026-10-10T20:52:02.2778629Z Unpacking libjsoncpp25:amd64 (1.9.5-6build1) ...
2026-10-10T20:52:02.3249522Z Selecting previously unselected package librhash0:amd64.
2026-10-10T20:52:02.3373073Z Preparing to unpack .../005-librhash0_1.4.3-3build1_amd64.deb ...
2026-10-10T20:52:02.3387562Z Unpacking librhash0:amd64 (1.4.3-3build1) ...
2026-10-10T20:52:02.3599464Z Selecting previously unselected package cmake-data.
2026-10-10T20:52:02.3722864Z Preparing to unpack .../006-cmake-data_3.28.3-1build7_all.deb ...
2026-10-10T20:52:02.3786817Z Unpacking cmake-data (3.28.3-1build7) ...
2026-10-10T20:52:02.7848083Z Selecting previously unselected package cmake.
2026-10-10T20:52:02.7987323Z Preparing to unpack .../007-cmake_3.28.3-1build7_amd64.deb ...
2026-10-10T20:52:02.7999765Z Unpacking cmake (3.28.3-1build7) ...
2026-10-10T20:52:03.0803681Z Selecting previously unselected package dbus-x11.
2026-10-10T20:52:03.0927909Z Preparing to unpack .../008-dbus-x11_1.14.10-4ubuntu4.1_amd64.deb ...
2026-10-10T20:52:03.0939638Z Unpacking dbus-x11 (1.14.10-4ubuntu4.1) ...
2026-10-10T20:52:03.1150928Z Selecting previously unselected package desktop-file-utils.
2026-10-10T20:52:03.1275594Z Preparing to unpack .../009-desktop-file-utils_0.27-2build1_amd64.deb ...
2026-10-10T20:52:03.1288472Z Unpacking desktop-file-utils (0.27-2build1) ...
2026-10-10T20:52:03.1505915Z Selecting previously unselected package xdg-dbus-proxy.
2026-10-10T20:52:03.1630830Z Preparing to unpack .../010-xdg-dbus-proxy_0.1.5-1ubuntu0.2_amd64.deb ...
2026-10-10T20:52:03.1644424Z Unpacking xdg-dbus-proxy (0.1.5-1ubuntu0.2) ...
2026-10-10T20:52:03.1948132Z Selecting previously unselected package libmalcontent-0-0:amd64.
2026-10-10T20:52:03.2073391Z Preparing to unpack .../011-libmalcontent-0-0_0.11.1-1ubuntu1.3_amd64.deb ...
2026-10-10T20:52:03.2088623Z Unpacking libmalcontent-0-0:amd64 (0.11.1-1ubuntu1.3) ...
2026-10-10T20:52:03.2274890Z Selecting previously unselected package libavahi-glib1:amd64.
2026-10-10T20:52:03.2399251Z Preparing to unpack .../012-libavahi-glib1_0.8-13ubuntu6.2_amd64.deb ...
2026-10-10T20:52:03.2412291Z Unpacking libavahi-glib1:amd64 (0.8-13ubuntu6.2) ...
2026-10-10T20:52:03.2596863Z Selecting previously unselected package libostree-1-1:amd64.
2026-10-10T20:52:03.2721799Z Preparing to unpack .../013-libostree-1-1_2024.5-1build2_amd64.deb ...
2026-10-10T20:52:03.2735988Z Unpacking libostree-1-1:amd64 (2024.5-1build2) ...
2026-10-10T20:52:03.2964820Z Selecting previously unselected package flatpak.
2026-10-10T20:52:03.3087093Z Preparing to unpack .../014-flatpak_1.14.6-1ubuntu0.1_amd64.deb ...
2026-10-10T20:52:03.3147956Z Unpacking flatpak (1.14.6-1ubuntu0.1) ...
2026-10-10T20:52:03.4491567Z Selecting previously unselected package gir1.2-atk-1.0:amd64.
2026-10-10T20:52:03.4615849Z Preparing to unpack .../015-gir1.2-atk-1.0_2.52.0-1build1_amd64.deb ...
2026-10-10T20:52:03.4627440Z Unpacking gir1.2-atk-1.0:amd64 (2.52.0-1build1) ...
2026-10-10T20:52:03.4792703Z Selecting previously unselected package gir1.2-freedesktop:amd64.
2026-10-10T20:52:03.4916904Z Preparing to unpack .../016-gir1.2-freedesktop_1.80.1-1_amd64.deb ...
2026-10-10T20:52:03.4929057Z Unpacking gir1.2-freedesktop:amd64 (1.80.1-1) ...
2026-10-10T20:52:03.5101290Z Selecting previously unselected package gir1.2-atspi-2.0:amd64.
2026-10-10T20:52:03.5225148Z Preparing to unpack .../017-gir1.2-atspi-2.0_2.52.0-1build1_amd64.deb ...
2026-10-10T20:52:03.5234326Z Unpacking gir1.2-atspi-2.0:amd64 (2.52.0-1build1) ...
2026-10-10T20:52:03.5397974Z Selecting previously unselected package gir1.2-glib-2.0-dev:amd64.
2026-10-10T20:52:03.5521061Z Preparing to unpack .../018-gir1.2-glib-2.0-dev_2.80.0-6ubuntu3.9_amd64.deb ...
2026-10-10T20:52:03.5529945Z Unpacking gir1.2-glib-2.0-dev:amd64 (2.80.0-6ubuntu3.9) ...
2026-10-10T20:52:03.6666694Z Selecting previously unselected package gir1.2-freedesktop-dev:amd64.
2026-10-10T20:52:03.6793738Z Preparing to unpack .../019-gir1.2-freedesktop-dev_1.80.1-1_amd64.deb ...
2026-10-10T20:52:03.6805002Z Unpacking gir1.2-freedesktop-dev:amd64 (1.80.1-1) ...
2026-10-10T20:52:03.6978516Z Selecting previously unselected package gir1.2-gdkpixbuf-2.0:amd64.
2026-10-10T20:52:03.7103854Z Preparing to unpack .../020-gir1.2-gdkpixbuf-2.0_2.42.10+dfsg-3ubuntu3.3_amd64.deb ...
2026-10-10T20:52:03.7114287Z Unpacking gir1.2-gdkpixbuf-2.0:amd64 (2.42.10+dfsg-3ubuntu3.3) ...
2026-10-10T20:52:03.7281999Z Selecting previously unselected package libharfbuzz-gobject0:amd64.
2026-10-10T20:52:03.7407322Z Preparing to unpack .../021-libharfbuzz-gobject0_8.3.0-2build2_amd64.deb ...
2026-10-10T20:52:03.7416163Z Unpacking libharfbuzz-gobject0:amd64 (8.3.0-2build2) ...
2026-10-10T20:52:03.7581025Z Selecting previously unselected package gir1.2-harfbuzz-0.0:amd64.
2026-10-10T20:52:03.7706414Z Preparing to unpack .../022-gir1.2-harfbuzz-0.0_8.3.0-2build2_amd64.deb ...
2026-10-10T20:52:03.7714981Z Unpacking gir1.2-harfbuzz-0.0:amd64 (8.3.0-2build2) ...
2026-10-10T20:52:03.7888422Z Selecting previously unselected package libpangoxft-1.0-0:amd64.
2026-10-10T20:52:03.8011477Z Preparing to unpack .../023-libpangoxft-1.0-0_1.52.1+ds-1build1_amd64.deb ...
2026-10-10T20:52:03.8019334Z Unpacking libpangoxft-1.0-0:amd64 (1.52.1+ds-1build1) ...
2026-10-10T20:52:03.8179099Z Selecting previously unselected package gir1.2-pango-1.0:amd64.
2026-10-10T20:52:03.8302920Z Preparing to unpack .../024-gir1.2-pango-1.0_1.52.1+ds-1build1_amd64.deb ...
2026-10-10T20:52:03.8311228Z Unpacking gir1.2-pango-1.0:amd64 (1.52.1+ds-1build1) ...
2026-10-10T20:52:03.8632846Z Selecting previously unselected package gir1.2-gtk-3.0:amd64.
2026-10-10T20:52:03.8756320Z Preparing to unpack .../025-gir1.2-gtk-3.0_3.24.41-4ubuntu1.3_amd64.deb ...
2026-10-10T20:52:03.8764522Z Unpacking gir1.2-gtk-3.0:amd64 (3.24.41-4ubuntu1.3) ...
2026-10-10T20:52:03.8966586Z Selecting previously unselected package session-migration.
2026-10-10T20:52:03.9089212Z Preparing to unpack .../026-session-migration_0.3.9build1_amd64.deb ...
2026-10-10T20:52:03.9098660Z Unpacking session-migration (0.3.9build1) ...
2026-10-10T20:52:03.9268515Z Selecting previously unselected package gsettings-desktop-schemas.
2026-10-10T20:52:03.9393488Z Preparing to unpack .../027-gsettings-desktop-schemas_46.1-0ubuntu1_all.deb ...
2026-10-10T20:52:03.9401865Z Unpacking gsettings-desktop-schemas (46.1-0ubuntu1) ...
2026-10-10T20:52:03.9624146Z Selecting previously unselected package libglib2.0-dev-bin.
2026-10-10T20:52:03.9749038Z Preparing to unpack .../028-libglib2.0-dev-bin_2.80.0-6ubuntu3.9_amd64.deb ...
2026-10-10T20:52:03.9757432Z Unpacking libglib2.0-dev-bin (2.80.0-6ubuntu3.9) ...
2026-10-10T20:52:03.9979628Z Selecting previously unselected package uuid-dev:amd64.
2026-10-10T20:52:04.0103772Z Preparing to unpack .../029-uuid-dev_2.39.3-9ubuntu6.6_amd64.deb ...
2026-10-10T20:52:04.0112143Z Unpacking uuid-dev:amd64 (2.39.3-9ubuntu6.6) ...
2026-10-10T20:52:04.0356699Z Selecting previously unselected package libblkid-dev:amd64.
2026-10-10T20:52:04.0481180Z Preparing to unpack .../030-libblkid-dev_2.39.3-9ubuntu6.6_amd64.deb ...
2026-10-10T20:52:04.0490307Z Unpacking libblkid-dev:amd64 (2.39.3-9ubuntu6.6) ...
2026-10-10T20:52:04.0863826Z Selecting previously unselected package libsepol-dev:amd64.
2026-10-10T20:52:04.0989934Z Preparing to unpack .../031-libsepol-dev_3.5-2build1_amd64.deb ...
2026-10-10T20:52:04.0999074Z Unpacking libsepol-dev:amd64 (3.5-2build1) ...
2026-10-10T20:52:04.1242994Z Selecting previously unselected package libselinux1-dev:amd64.
2026-10-10T20:52:04.1371009Z Preparing to unpack .../032-libselinux1-dev_3.5-2ubuntu2.1_amd64.deb ...
2026-10-10T20:52:04.1381415Z Unpacking libselinux1-dev:amd64 (3.5-2ubuntu2.1) ...
2026-10-10T20:52:04.1658547Z Selecting previously unselected package libmount-dev:amd64.
2026-10-10T20:52:04.1784425Z Preparing to unpack .../033-libmount-dev_2.39.3-9ubuntu6.6_amd64.deb ...
2026-10-10T20:52:04.1793349Z Unpacking libmount-dev:amd64 (2.39.3-9ubuntu6.6) ...
2026-10-10T20:52:04.1965530Z Selecting previously unselected package libgirepository-2.0-0:amd64.
2026-10-10T20:52:04.2090730Z Preparing to unpack .../034-libgirepository-2.0-0_2.80.0-6ubuntu3.9_amd64.deb ...
2026-10-10T20:52:04.2098959Z Unpacking libgirepository-2.0-0:amd64 (2.80.0-6ubuntu3.9) ...
2026-10-10T20:52:04.2265188Z Selecting previously unselected package libglib2.0-dev:amd64.
2026-10-10T20:52:04.2387584Z Preparing to unpack .../035-libglib2.0-dev_2.80.0-6ubuntu3.9_amd64.deb ...
2026-10-10T20:52:04.2396567Z Unpacking libglib2.0-dev:amd64 (2.80.0-6ubuntu3.9) ...
2026-10-10T20:52:04.3723666Z Selecting previously unselected package libatk1.0-dev:amd64.
2026-10-10T20:52:04.3848351Z Preparing to unpack .../036-libatk1.0-dev_2.52.0-1build1_amd64.deb ...
2026-10-10T20:52:04.3860943Z Unpacking libatk1.0-dev:amd64 (2.52.0-1build1) ...
2026-10-10T20:52:04.4097438Z Selecting previously unselected package libdbus-1-dev:amd64.
2026-10-10T20:52:04.4221370Z Preparing to unpack .../037-libdbus-1-dev_1.14.10-4ubuntu4.1_amd64.deb ...
2026-10-10T20:52:04.4232469Z Unpacking libdbus-1-dev:amd64 (1.14.10-4ubuntu4.1) ...
2026-10-10T20:52:04.4459901Z Selecting previously unselected package xorg-sgml-doctools.
2026-10-10T20:52:04.4584802Z Preparing to unpack .../038-xorg-sgml-doctools_1%3a1.11-1.1_all.deb ...
2026-10-10T20:52:04.4596244Z Unpacking xorg-sgml-doctools (1:1.11-1.1) ...
2026-10-10T20:52:04.4796604Z Selecting previously unselected package x11proto-dev.
2026-10-10T20:52:04.4922739Z Preparing to unpack .../039-x11proto-dev_2023.2-1_all.deb ...
2026-10-10T20:52:04.5025961Z Unpacking x11proto-dev (2023.2-1) ...
2026-10-10T20:52:04.5360541Z Selecting previously unselected package libxau-dev:amd64.
2026-10-10T20:52:04.5486554Z Preparing to unpack .../040-libxau-dev_1%3a1.0.9-1build6_amd64.deb ...
2026-10-10T20:52:04.5498839Z Unpacking libxau-dev:amd64 (1:1.0.9-1build6) ...
2026-10-10T20:52:04.5657695Z Selecting previously unselected package libxdmcp-dev:amd64.
2026-10-10T20:52:04.5781290Z Preparing to unpack .../041-libxdmcp-dev_1%3a1.1.3-0ubuntu6_amd64.deb ...
2026-10-10T20:52:04.5792071Z Unpacking libxdmcp-dev:amd64 (1:1.1.3-0ubuntu6) ...
2026-10-10T20:52:04.5953177Z Selecting previously unselected package xtrans-dev.
2026-10-10T20:52:04.6077567Z Preparing to unpack .../042-xtrans-dev_1.4.0-1_all.deb ...
2026-10-10T20:52:04.6086643Z Unpacking xtrans-dev (1.4.0-1) ...
2026-10-10T20:52:04.6290279Z Selecting previously unselected package libpthread-stubs0-dev:amd64.
2026-10-10T20:52:04.6414060Z Preparing to unpack .../043-libpthread-stubs0-dev_0.4-1build3_amd64.deb ...
2026-10-10T20:52:04.6423327Z Unpacking libpthread-stubs0-dev:amd64 (0.4-1build3) ...
2026-10-10T20:52:04.6614391Z Selecting previously unselected package libxcb1-dev:amd64.
2026-10-10T20:52:04.6738126Z Preparing to unpack .../044-libxcb1-dev_1.15-1ubuntu2_amd64.deb ...
2026-10-10T20:52:04.6749425Z Unpacking libxcb1-dev:amd64 (1.15-1ubuntu2) ...
2026-10-10T20:52:04.7132104Z Selecting previously unselected package libx11-dev:amd64.
2026-10-10T20:52:04.7261744Z Preparing to unpack .../045-libx11-dev_2%3a1.8.7-1build1_amd64.deb ...
2026-10-10T20:52:04.7273021Z Unpacking libx11-dev:amd64 (2:1.8.7-1build1) ...
2026-10-10T20:52:04.7551389Z Selecting previously unselected package libxext-dev:amd64.
2026-10-10T20:52:04.7674096Z Preparing to unpack .../046-libxext-dev_2%3a1.3.4-1build2_amd64.deb ...
2026-10-10T20:52:04.7684523Z Unpacking libxext-dev:amd64 (2:1.3.4-1build2) ...
2026-10-10T20:52:04.7909276Z Selecting previously unselected package libxfixes-dev:amd64.
2026-10-10T20:52:04.8035960Z Preparing to unpack .../047-libxfixes-dev_1%3a6.0.0-2build1_amd64.deb ...
2026-10-10T20:52:04.8045183Z Unpacking libxfixes-dev:amd64 (1:6.0.0-2build1) ...
2026-10-10T20:52:04.8207855Z Selecting previously unselected package libxi-dev:amd64.
2026-10-10T20:52:04.8334498Z Preparing to unpack .../048-libxi-dev_2%3a1.8.1-1build1_amd64.deb ...
2026-10-10T20:52:04.8345986Z Unpacking libxi-dev:amd64 (2:1.8.1-1build1) ...
2026-10-10T20:52:04.8569701Z Selecting previously unselected package libxtst-dev:amd64.
2026-10-10T20:52:04.8695781Z Preparing to unpack .../049-libxtst-dev_2%3a1.2.3-1.1build1_amd64.deb ...
2026-10-10T20:52:04.8707527Z Unpacking libxtst-dev:amd64 (2:1.2.3-1.1build1) ...
2026-10-10T20:52:04.8873301Z Selecting previously unselected package libatspi2.0-dev:amd64.
2026-10-10T20:52:04.8999156Z Preparing to unpack .../050-libatspi2.0-dev_2.52.0-1build1_amd64.deb ...
2026-10-10T20:52:04.9009050Z Unpacking libatspi2.0-dev:amd64 (2.52.0-1build1) ...
2026-10-10T20:52:04.9361130Z Selecting previously unselected package libatk-bridge2.0-dev:amd64.
2026-10-10T20:52:04.9485736Z Preparing to unpack .../051-libatk-bridge2.0-dev_2.52.0-1build1_amd64.deb ...
2026-10-10T20:52:04.9497051Z Unpacking libatk-bridge2.0-dev:amd64 (2.52.0-1build1) ...
2026-10-10T20:52:04.9659712Z Selecting previously unselected package libbrotli-dev:amd64.
2026-10-10T20:52:04.9785377Z Preparing to unpack .../052-libbrotli-dev_1.1.0-2build2_amd64.deb ...
2026-10-10T20:52:04.9795656Z Unpacking libbrotli-dev:amd64 (1.1.0-2build2) ...
2026-10-10T20:52:05.0003608Z Selecting previously unselected package libbz2-dev:amd64.
2026-10-10T20:52:05.0127771Z Preparing to unpack .../053-libbz2-dev_1.0.8-5.1ubuntu0.1_amd64.deb ...
2026-10-10T20:52:05.0139925Z Unpacking libbz2-dev:amd64 (1.0.8-5.1ubuntu0.1) ...
2026-10-10T20:52:05.0439652Z Preparing to unpack .../054-libfreetype6_2.13.2+dfsg-1ubuntu0.2_amd64.deb ...
2026-10-10T20:52:05.0466293Z Unpacking libfreetype6:amd64 (2.13.2+dfsg-1ubuntu0.2) over (2.13.2+dfsg-1ubuntu0.1) ...
2026-10-10T20:52:05.0715366Z Selecting previously unselected package libcairo-script-interpreter2:amd64.
2026-10-10T20:52:05.0844395Z Preparing to unpack .../055-libcairo-script-interpreter2_1.18.0-3build1_amd64.deb ...
2026-10-10T20:52:05.0853341Z Unpacking libcairo-script-interpreter2:amd64 (1.18.0-3build1) ...
2026-10-10T20:52:05.1043068Z Selecting previously unselected package libpng-dev:amd64.
2026-10-10T20:52:05.1166858Z Preparing to unpack .../056-libpng-dev_1.6.43-5ubuntu0.7_amd64.deb ...
2026-10-10T20:52:05.1324580Z Unpacking libpng-dev:amd64 (1.6.43-5ubuntu0.7) ...
2026-10-10T20:52:05.1535113Z Selecting previously unselected package libfreetype-dev:amd64.
2026-10-10T20:52:05.1660723Z Preparing to unpack .../057-libfreetype-dev_2.13.2+dfsg-1ubuntu0.2_amd64.deb ...
2026-10-10T20:52:05.1670160Z Unpacking libfreetype-dev:amd64 (2.13.2+dfsg-1ubuntu0.2) ...
2026-10-10T20:52:05.1954608Z Selecting previously unselected package libfontconfig-dev:amd64.
2026-10-10T20:52:05.2079864Z Preparing to unpack .../058-libfontconfig-dev_2.15.0-1.1ubuntu2_amd64.deb ...
2026-10-10T20:52:05.2089644Z Unpacking libfontconfig-dev:amd64 (2.15.0-1.1ubuntu2) ...
2026-10-10T20:52:05.2282308Z Selecting previously unselected package libpixman-1-dev:amd64.
2026-10-10T20:52:05.2407221Z Preparing to unpack .../059-libpixman-1-dev_0.42.2-1build1_amd64.deb ...
2026-10-10T20:52:05.2415582Z Unpacking libpixman-1-dev:amd64 (0.42.2-1build1) ...
2026-10-10T20:52:05.2622337Z Selecting previously unselected package libice-dev:amd64.
2026-10-10T20:52:05.2750613Z Preparing to unpack .../060-libice-dev_2%3a1.0.10-1build3_amd64.deb ...
2026-10-10T20:52:05.2758485Z Unpacking libice-dev:amd64 (2:1.0.10-1build3) ...
2026-10-10T20:52:05.2933970Z Selecting previously unselected package libsm-dev:amd64.
2026-10-10T20:52:05.3061656Z Preparing to unpack .../061-libsm-dev_2%3a1.2.3-1build3_amd64.deb ...
2026-10-10T20:52:05.3072520Z Unpacking libsm-dev:amd64 (2:1.2.3-1build3) ...
2026-10-10T20:52:05.3430509Z Selecting previously unselected package libxcb-render0-dev:amd64.
2026-10-10T20:52:05.3558807Z Preparing to unpack .../062-libxcb-render0-dev_1.15-1ubuntu2_amd64.deb ...
2026-10-10T20:52:05.3570740Z Unpacking libxcb-render0-dev:amd64 (1.15-1ubuntu2) ...
2026-10-10T20:52:05.3743297Z Selecting previously unselected package libxcb-shm0-dev:amd64.
2026-10-10T20:52:05.3869555Z Preparing to unpack .../063-libxcb-shm0-dev_1.15-1ubuntu2_amd64.deb ...
2026-10-10T20:52:05.3881057Z Unpacking libxcb-shm0-dev:amd64 (1.15-1ubuntu2) ...
2026-10-10T20:52:05.4047062Z Selecting previously unselected package libxrender-dev:amd64.
2026-10-10T20:52:05.4173860Z Preparing to unpack .../064-libxrender-dev_1%3a0.9.10-1.1build1_amd64.deb ...
2026-10-10T20:52:05.4184741Z Unpacking libxrender-dev:amd64 (1:0.9.10-1.1build1) ...
2026-10-10T20:52:05.4354081Z Selecting previously unselected package libcairo2-dev:amd64.
2026-10-10T20:52:05.4483020Z Preparing to unpack .../065-libcairo2-dev_1.18.0-3build1_amd64.deb ...
2026-10-10T20:52:05.4494035Z Unpacking libcairo2-dev:amd64 (1.18.0-3build1) ...
2026-10-10T20:52:05.4918020Z Selecting previously unselected package libdatrie-dev:amd64.
2026-10-10T20:52:05.5043726Z Preparing to unpack .../066-libdatrie-dev_0.2.13-3build1_amd64.deb ...
2026-10-10T20:52:05.5055471Z Unpacking libdatrie-dev:amd64 (0.2.13-3build1) ...
2026-10-10T20:52:05.5222059Z Selecting previously unselected package libdeflate-dev:amd64.
2026-10-10T20:52:05.5350554Z Preparing to unpack .../067-libdeflate-dev_1.19-1build1.1_amd64.deb ...
2026-10-10T20:52:05.5529066Z Unpacking libdeflate-dev:amd64 (1.19-1build1.1) ...
2026-10-10T20:52:05.5719455Z Selecting previously unselected package libegl-mesa0:amd64.
2026-10-10T20:52:05.5847494Z Preparing to unpack .../068-libegl-mesa0_25.2.8-0ubuntu0.24.04.4_amd64.deb ...
2026-10-10T20:52:05.5860627Z Unpacking libegl-mesa0:amd64 (25.2.8-0ubuntu0.24.04.4) ...
2026-10-10T20:52:05.6057864Z Selecting previously unselected package libegl1:amd64.
2026-10-10T20:52:05.6186355Z Preparing to unpack .../069-libegl1_1.7.0-1build1_amd64.deb ...
2026-10-10T20:52:05.6199118Z Unpacking libegl1:amd64 (1.7.0-1build1) ...
2026-10-10T20:52:05.6370800Z Selecting previously unselected package libglx-dev:amd64.
2026-10-10T20:52:05.6496108Z Preparing to unpack .../070-libglx-dev_1.7.0-1build1_amd64.deb ...
2026-10-10T20:52:05.6506936Z Unpacking libglx-dev:amd64 (1.7.0-1build1) ...
2026-10-10T20:52:05.6674258Z Selecting previously unselected package libgl-dev:amd64.
2026-10-10T20:52:05.6801587Z Preparing to unpack .../071-libgl-dev_1.7.0-1build1_amd64.deb ...
2026-10-10T20:52:05.6813552Z Unpacking libgl-dev:amd64 (1.7.0-1build1) ...
2026-10-10T20:52:05.7019779Z Selecting previously unselected package libegl-dev:amd64.
2026-10-10T20:52:05.7146640Z Preparing to unpack .../072-libegl-dev_1.7.0-1build1_amd64.deb ...
2026-10-10T20:52:05.7156443Z Unpacking libegl-dev:amd64 (1.7.0-1build1) ...
2026-10-10T20:52:05.7330853Z Selecting previously unselected package libglvnd-core-dev:amd64.
2026-10-10T20:52:05.7455488Z Preparing to unpack .../073-libglvnd-core-dev_1.7.0-1build1_amd64.deb ...
2026-10-10T20:52:05.7629263Z Unpacking libglvnd-core-dev:amd64 (1.7.0-1build1) ...
2026-10-10T20:52:05.7832797Z Selecting previously unselected package libgles1:amd64.
2026-10-10T20:52:05.7961990Z Preparing to unpack .../074-libgles1_1.7.0-1build1_amd64.deb ...
2026-10-10T20:52:05.7970679Z Unpacking libgles1:amd64 (1.7.0-1build1) ...
2026-10-10T20:52:05.8154819Z Selecting previously unselected package libgles2:amd64.
2026-10-10T20:52:05.8279790Z Preparing to unpack .../075-libgles2_1.7.0-1build1_amd64.deb ...
2026-10-10T20:52:05.8290382Z Unpacking libgles2:amd64 (1.7.0-1build1) ...
2026-10-10T20:52:05.8469546Z Selecting previously unselected package libgles-dev:amd64.
2026-10-10T20:52:05.8594576Z Preparing to unpack .../076-libgles-dev_1.7.0-1build1_amd64.deb ...
2026-10-10T20:52:05.8603757Z Unpacking libgles-dev:amd64 (1.7.0-1build1) ...
2026-10-10T20:52:05.8828317Z Selecting previously unselected package libopengl0:amd64.
2026-10-10T20:52:05.8953433Z Preparing to unpack .../077-libopengl0_1.7.0-1build1_amd64.deb ...
2026-10-10T20:52:05.8966768Z Unpacking libopengl0:amd64 (1.7.0-1build1) ...
2026-10-10T20:52:05.9560983Z Selecting previously unselected package libopengl-dev:amd64.
2026-10-10T20:52:05.9686876Z Preparing to unpack .../078-libopengl-dev_1.7.0-1build1_amd64.deb ...
2026-10-10T20:52:05.9761738Z Unpacking libopengl-dev:amd64 (1.7.0-1build1) ...
2026-10-10T20:52:05.9941327Z Selecting previously unselected package libglvnd-dev:amd64.
2026-10-10T20:52:06.0066316Z Preparing to unpack .../079-libglvnd-dev_1.7.0-1build1_amd64.deb ...
2026-10-10T20:52:06.0079191Z Unpacking libglvnd-dev:amd64 (1.7.0-1build1) ...
2026-10-10T20:52:06.0248966Z Selecting previously unselected package libegl1-mesa-dev:amd64.
2026-10-10T20:52:06.0375327Z Preparing to unpack .../080-libegl1-mesa-dev_25.2.8-0ubuntu0.24.04.4_amd64.deb ...
2026-10-10T20:52:06.0387502Z Unpacking libegl1-mesa-dev:amd64 (25.2.8-0ubuntu0.24.04.4) ...
2026-10-10T20:52:06.0561124Z Selecting previously unselected package libepoxy-dev:amd64.
2026-10-10T20:52:06.0687214Z Preparing to unpack .../081-libepoxy-dev_1.5.10-1build1_amd64.deb ...
2026-10-10T20:52:06.0696070Z Unpacking libepoxy-dev:amd64 (1.5.10-1build1) ...
2026-10-10T20:52:06.0951260Z Selecting previously unselected package libfribidi-dev:amd64.
2026-10-10T20:52:06.1076009Z Preparing to unpack .../082-libfribidi-dev_1.0.13-3build1_amd64.deb ...
2026-10-10T20:52:06.1088959Z Unpacking libfribidi-dev:amd64 (1.0.13-3build1) ...
2026-10-10T20:52:06.1307150Z Selecting previously unselected package libgdk-pixbuf2.0-bin.
2026-10-10T20:52:06.1433924Z Preparing to unpack .../083-libgdk-pixbuf2.0-bin_2.42.10+dfsg-3ubuntu3.3_amd64.deb ...
2026-10-10T20:52:06.1447264Z Unpacking libgdk-pixbuf2.0-bin (2.42.10+dfsg-3ubuntu3.3) ...
2026-10-10T20:52:06.1619953Z Selecting previously unselected package libjpeg-turbo8-dev:amd64.
2026-10-10T20:52:06.1745500Z Preparing to unpack .../084-libjpeg-turbo8-dev_2.1.5-2ubuntu2_amd64.deb ...
2026-10-10T20:52:06.1871602Z Unpacking libjpeg-turbo8-dev:amd64 (2.1.5-2ubuntu2) ...
2026-10-10T20:52:06.2109097Z Selecting previously unselected package libjpeg8-dev:amd64.
2026-10-10T20:52:06.2234362Z Preparing to unpack .../085-libjpeg8-dev_8c-2ubuntu11_amd64.deb ...
2026-10-10T20:52:06.2242971Z Unpacking libjpeg8-dev:amd64 (8c-2ubuntu11) ...
2026-10-10T20:52:06.2415603Z Selecting previously unselected package libjpeg-dev:amd64.
2026-10-10T20:52:06.2541801Z Preparing to unpack .../086-libjpeg-dev_8c-2ubuntu11_amd64.deb ...
2026-10-10T20:52:06.2550246Z Unpacking libjpeg-dev:amd64 (8c-2ubuntu11) ...
2026-10-10T20:52:06.2715613Z Selecting previously unselected package libjbig-dev:amd64.
2026-10-10T20:52:06.2849539Z Preparing to unpack .../087-libjbig-dev_2.1-6.1ubuntu2_amd64.deb ...
2026-10-10T20:52:06.2858017Z Unpacking libjbig-dev:amd64 (2.1-6.1ubuntu2) ...
2026-10-10T20:52:06.3034336Z Selecting previously unselected package liblzma-dev:amd64.
2026-10-10T20:52:06.3157233Z Preparing to unpack .../088-liblzma-dev_5.6.1+really5.4.5-1ubuntu0.3_amd64.deb ...
2026-10-10T20:52:06.3169538Z Unpacking liblzma-dev:amd64 (5.6.1+really5.4.5-1ubuntu0.3) ...
2026-10-10T20:52:06.3386269Z Selecting previously unselected package libwebpdecoder3:amd64.
2026-10-10T20:52:06.3512529Z Preparing to unpack .../089-libwebpdecoder3_1.3.2-0.4build3_amd64.deb ...
2026-10-10T20:52:06.3522105Z Unpacking libwebpdecoder3:amd64 (1.3.2-0.4build3) ...
2026-10-10T20:52:06.3695405Z Selecting previously unselected package libsharpyuv-dev:amd64.
2026-10-10T20:52:06.3818578Z Preparing to unpack .../090-libsharpyuv-dev_1.3.2-0.4build3_amd64.deb ...
2026-10-10T20:52:06.3967090Z Unpacking libsharpyuv-dev:amd64 (1.3.2-0.4build3) ...
2026-10-10T20:52:06.4193644Z Selecting previously unselected package libwebp-dev:amd64.
2026-10-10T20:52:06.4318099Z Preparing to unpack .../091-libwebp-dev_1.3.2-0.4build3_amd64.deb ...
2026-10-10T20:52:06.4326762Z Unpacking libwebp-dev:amd64 (1.3.2-0.4build3) ...
2026-10-10T20:52:06.4594088Z Selecting previously unselected package libtiffxx6:amd64.
2026-10-10T20:52:06.4717226Z Preparing to unpack .../092-libtiffxx6_4.5.1+git230720-4ubuntu2.5_amd64.deb ...
2026-10-10T20:52:06.4725499Z Unpacking libtiffxx6:amd64 (4.5.1+git230720-4ubuntu2.5) ...
2026-10-10T20:52:06.4884022Z Selecting previously unselected package liblerc-dev:amd64.
2026-10-10T20:52:06.5007470Z Preparing to unpack .../093-liblerc-dev_4.0.0+ds-4ubuntu2_amd64.deb ...
2026-10-10T20:52:06.5017222Z Unpacking liblerc-dev:amd64 (4.0.0+ds-4ubuntu2) ...
2026-10-10T20:52:06.5221073Z Selecting previously unselected package libtiff-dev:amd64.
2026-10-10T20:52:06.5347969Z Preparing to unpack .../094-libtiff-dev_4.5.1+git230720-4ubuntu2.5_amd64.deb ...
2026-10-10T20:52:06.5365474Z Unpacking libtiff-dev:amd64 (4.5.1+git230720-4ubuntu2.5) ...
2026-10-10T20:52:06.5614306Z Selecting previously unselected package libgdk-pixbuf-2.0-dev:amd64.
2026-10-10T20:52:06.5737695Z Preparing to unpack .../095-libgdk-pixbuf-2.0-dev_2.42.10+dfsg-3ubuntu3.3_amd64.deb ...
2026-10-10T20:52:06.5747648Z Unpacking libgdk-pixbuf-2.0-dev:amd64 (2.42.10+dfsg-3ubuntu3.3) ...
2026-10-10T20:52:06.6079171Z Selecting previously unselected package libgraphite2-dev:amd64.
2026-10-10T20:52:06.6206524Z Preparing to unpack .../096-libgraphite2-dev_1.3.14-2ubuntu0.24.04.1_amd64.deb ...
2026-10-10T20:52:06.6215214Z Unpacking libgraphite2-dev:amd64 (1.3.14-2ubuntu0.24.04.1) ...
2026-10-10T20:52:06.6395834Z Selecting previously unselected package libharfbuzz-icu0:amd64.
2026-10-10T20:52:06.6519720Z Preparing to unpack .../097-libharfbuzz-icu0_8.3.0-2build2_amd64.deb ...
2026-10-10T20:52:06.6531987Z Unpacking libharfbuzz-icu0:amd64 (8.3.0-2build2) ...
2026-10-10T20:52:06.6704370Z Selecting previously unselected package libharfbuzz-subset0:amd64.
2026-10-10T20:52:06.6828560Z Preparing to unpack .../098-libharfbuzz-subset0_8.3.0-2build2_amd64.deb ...
2026-10-10T20:52:06.6841320Z Unpacking libharfbuzz-subset0:amd64 (8.3.0-2build2) ...
2026-10-10T20:52:06.7062575Z Selecting previously unselected package libharfbuzz-cairo0:amd64.
2026-10-10T20:52:06.7186642Z Preparing to unpack .../099-libharfbuzz-cairo0_8.3.0-2build2_amd64.deb ...
2026-10-10T20:52:06.7201081Z Unpacking libharfbuzz-cairo0:amd64 (8.3.0-2build2) ...
2026-10-10T20:52:06.7364306Z Selecting previously unselected package libharfbuzz-dev:amd64.
2026-10-10T20:52:06.7488823Z Preparing to unpack .../100-libharfbuzz-dev_8.3.0-2build2_amd64.deb ...
2026-10-10T20:52:06.7500142Z Unpacking libharfbuzz-dev:amd64 (8.3.0-2build2) ...
2026-10-10T20:52:06.7789136Z Selecting previously unselected package libthai-dev:amd64.
2026-10-10T20:52:06.7914584Z Preparing to unpack .../101-libthai-dev_0.1.29-2build1_amd64.deb ...
2026-10-10T20:52:06.7924963Z Unpacking libthai-dev:amd64 (0.1.29-2build1) ...
2026-10-10T20:52:06.8370153Z Selecting previously unselected package libxft-dev:amd64.
2026-10-10T20:52:06.8495907Z Preparing to unpack .../102-libxft-dev_2.3.6-1build1_amd64.deb ...
2026-10-10T20:52:06.8506226Z Unpacking libxft-dev:amd64 (2.3.6-1build1) ...
2026-10-10T20:52:06.8709368Z Selecting previously unselected package pango1.0-tools.
2026-10-10T20:52:06.8836499Z Preparing to unpack .../103-pango1.0-tools_1.52.1+ds-1build1_amd64.deb ...
2026-10-10T20:52:06.8850854Z Unpacking pango1.0-tools (1.52.1+ds-1build1) ...
2026-10-10T20:52:06.9024864Z Selecting previously unselected package libpango1.0-dev:amd64.
2026-10-10T20:52:06.9148475Z Preparing to unpack .../104-libpango1.0-dev_1.52.1+ds-1build1_amd64.deb ...
2026-10-10T20:52:06.9157810Z Unpacking libpango1.0-dev:amd64 (1.52.1+ds-1build1) ...
2026-10-10T20:52:06.9408404Z Selecting previously unselected package libwayland-server0:amd64.
2026-10-10T20:52:06.9534035Z Preparing to unpack .../105-libwayland-server0_1.22.0-2.1build1_amd64.deb ...
2026-10-10T20:52:06.9542398Z Unpacking libwayland-server0:amd64 (1.22.0-2.1build1) ...
2026-10-10T20:52:06.9711731Z Selecting previously unselected package libwayland-bin.
2026-10-10T20:52:06.9839874Z Preparing to unpack .../106-libwayland-bin_1.22.0-2.1build1_amd64.deb ...
2026-10-10T20:52:06.9850924Z Unpacking libwayland-bin (1.22.0-2.1build1) ...
2026-10-10T20:52:07.0029493Z Selecting previously unselected package libwayland-dev:amd64.
2026-10-10T20:52:07.0158874Z Preparing to unpack .../107-libwayland-dev_1.22.0-2.1build1_amd64.deb ...
2026-10-10T20:52:07.0267248Z Unpacking libwayland-dev:amd64 (1.22.0-2.1build1) ...
2026-10-10T20:52:07.0466691Z Selecting previously unselected package libxcomposite-dev:amd64.
2026-10-10T20:52:07.0591979Z Preparing to unpack .../108-libxcomposite-dev_1%3a0.4.5-1build3_amd64.deb ...
2026-10-10T20:52:07.0603715Z Unpacking libxcomposite-dev:amd64 (1:0.4.5-1build3) ...
2026-10-10T20:52:07.0779342Z Selecting previously unselected package libxcursor-dev:amd64.
2026-10-10T20:52:07.0906462Z Preparing to unpack .../109-libxcursor-dev_1%3a1.2.1-1build1_amd64.deb ...
2026-10-10T20:52:07.0918035Z Unpacking libxcursor-dev:amd64 (1:1.2.1-1build1) ...
2026-10-10T20:52:07.1117950Z Selecting previously unselected package libxdamage-dev:amd64.
2026-10-10T20:52:07.1242984Z Preparing to unpack .../110-libxdamage-dev_1%3a1.1.6-1build1_amd64.deb ...
2026-10-10T20:52:07.1254588Z Unpacking libxdamage-dev:amd64 (1:1.1.6-1build1) ...
2026-10-10T20:52:07.1416256Z Selecting previously unselected package libxinerama-dev:amd64.
2026-10-10T20:52:07.1542222Z Preparing to unpack .../111-libxinerama-dev_2%3a1.1.4-3build1_amd64.deb ...
2026-10-10T20:52:07.1550460Z Unpacking libxinerama-dev:amd64 (2:1.1.4-3build1) ...
2026-10-10T20:52:07.1717751Z Selecting previously unselected package libxkbcommon-dev:amd64.
2026-10-10T20:52:07.1844852Z Preparing to unpack .../112-libxkbcommon-dev_1.6.0-1build1_amd64.deb ...
2026-10-10T20:52:07.1859279Z Unpacking libxkbcommon-dev:amd64 (1.6.0-1build1) ...
2026-10-10T20:52:07.7868907Z Selecting previously unselected package libxrandr-dev:amd64.
2026-10-10T20:52:07.7995214Z Preparing to unpack .../113-libxrandr-dev_2%3a1.5.2-2build1_amd64.deb ...
2026-10-10T20:52:08.0956055Z Unpacking libxrandr-dev:amd64 (2:1.5.2-2build1) ...
2026-10-10T20:52:09.2984477Z Selecting previously unselected package wayland-protocols.
2026-10-10T20:52:09.3119873Z Preparing to unpack .../114-wayland-protocols_1.45-1~ubuntu0.24.04.2_all.deb ...
2026-10-10T20:52:09.3128893Z Unpacking wayland-protocols (1.45-1~ubuntu0.24.04.2) ...
2026-10-10T20:52:09.3401007Z Selecting previously unselected package libgtk-3-dev:amd64.
2026-10-10T20:52:09.3528193Z Preparing to unpack .../115-libgtk-3-dev_3.24.41-4ubuntu1.3_amd64.deb ...
2026-10-10T20:52:09.3539310Z Unpacking libgtk-3-dev:amd64 (3.24.41-4ubuntu1.3) ...
2026-10-10T20:52:09.5064605Z Selecting previously unselected package libwebrtc-audio-processing1:amd64.
2026-10-10T20:52:09.5193584Z Preparing to unpack .../116-libwebrtc-audio-processing1_0.3.1-0ubuntu6_amd64.deb ...
2026-10-10T20:52:09.5206143Z Unpacking libwebrtc-audio-processing1:amd64 (0.3.1-0ubuntu6) ...
2026-10-10T20:52:09.5411900Z Selecting previously unselected package libspa-0.2-modules:amd64.
2026-10-10T20:52:09.5537165Z Preparing to unpack .../117-libspa-0.2-modules_1.0.5-1ubuntu3.3_amd64.deb ...
2026-10-10T20:52:09.5549745Z Unpacking libspa-0.2-modules:amd64 (1.0.5-1ubuntu3.3) ...
2026-10-10T20:52:09.5824536Z Selecting previously unselected package libpipewire-0.3-0t64:amd64.
2026-10-10T20:52:09.5950681Z Preparing to unpack .../118-libpipewire-0.3-0t64_1.0.5-1ubuntu3.3_amd64.deb ...
2026-10-10T20:52:09.5959628Z Unpacking libpipewire-0.3-0t64:amd64 (1.0.5-1ubuntu3.3) ...
2026-10-10T20:52:09.6168755Z Selecting previously unselected package libpipewire-0.3-common.
2026-10-10T20:52:09.6296105Z Preparing to unpack .../119-libpipewire-0.3-common_1.0.5-1ubuntu3.3_all.deb ...
2026-10-10T20:52:09.6305454Z Unpacking libpipewire-0.3-common (1.0.5-1ubuntu3.3) ...
2026-10-10T20:52:09.6474484Z Selecting previously unselected package libpng-tools.
2026-10-10T20:52:09.6603560Z Preparing to unpack .../120-libpng-tools_1.6.43-5ubuntu0.7_amd64.deb ...
2026-10-10T20:52:09.6615352Z Unpacking libpng-tools (1.6.43-5ubuntu0.7) ...
2026-10-10T20:52:09.6986933Z Selecting previously unselected package librsvg2-2:amd64.
2026-10-10T20:52:09.7120353Z Preparing to unpack .../121-librsvg2-2_2.58.0+dfsg-1ubuntu0.1_amd64.deb ...
2026-10-10T20:52:09.7130211Z Unpacking librsvg2-2:amd64 (2.58.0+dfsg-1ubuntu0.1) ...
2026-10-10T20:52:09.7907874Z Selecting previously unselected package librsvg2-common:amd64.
2026-10-10T20:52:09.8036928Z Preparing to unpack .../122-librsvg2-common_2.58.0+dfsg-1ubuntu0.1_amd64.deb ...
2026-10-10T20:52:09.8046717Z Unpacking librsvg2-common:amd64 (2.58.0+dfsg-1ubuntu0.1) ...
2026-10-10T20:52:09.8248347Z Selecting previously unselected package ninja-build.
2026-10-10T20:52:09.8374746Z Preparing to unpack .../123-ninja-build_1.11.1-2_amd64.deb ...
2026-10-10T20:52:09.8385520Z Unpacking ninja-build (1.11.1-2) ...
2026-10-10T20:52:09.8595474Z Selecting previously unselected package xdg-desktop-portal.
2026-10-10T20:52:09.8721879Z Preparing to unpack .../124-xdg-desktop-portal_1.18.4-1ubuntu2.24.04.3_amd64.deb ...
2026-10-10T20:52:09.8743089Z Unpacking xdg-desktop-portal (1.18.4-1ubuntu2.24.04.3) ...
2026-10-10T20:52:09.9082040Z Selecting previously unselected package xdg-desktop-portal-gtk.
2026-10-10T20:52:09.9209988Z Preparing to unpack .../125-xdg-desktop-portal-gtk_1.15.1-1build2_amd64.deb ...
2026-10-10T20:52:09.9219616Z Unpacking xdg-desktop-portal-gtk (1.15.1-1build2) ...
2026-10-10T20:52:09.9817569Z Setting up libpipewire-0.3-common (1.0.5-1ubuntu3.3) ...
2026-10-10T20:52:09.9848342Z Setting up bubblewrap (0.9.0-1ubuntu0.3) ...
2026-10-10T20:52:09.9898223Z Setting up libglib2.0-dev-bin (2.80.0-6ubuntu3.9) ...
2026-10-10T20:52:10.1273957Z Setting up bzip2-doc (1.0.8-5.1ubuntu0.1) ...
2026-10-10T20:52:10.1298477Z Setting up libwayland-server0:amd64 (1.22.0-2.1build1) ...
2026-10-10T20:52:10.1319697Z Setting up session-migration (0.3.9build1) ...
2026-10-10T20:52:10.2369810Z Created symlink /etc/systemd/user/graphical-session-pre.target.wants/session-migration.service → /usr/lib/systemd/user/session-migration.service.
2026-10-10T20:52:10.2371061Z 
2026-10-10T20:52:10.2402908Z Setting up libjpeg-turbo8-dev:amd64 (2.1.5-2ubuntu2) ...
2026-10-10T20:52:10.2427257Z Setting up gir1.2-freedesktop:amd64 (1.80.1-1) ...
2026-10-10T20:52:10.2455795Z Setting up libharfbuzz-icu0:amd64 (8.3.0-2build2) ...
2026-10-10T20:52:10.2477226Z Setting up libpixman-1-dev:amd64 (0.42.2-1build1) ...
2026-10-10T20:52:10.2500604Z Setting up desktop-file-utils (0.27-2build1) ...
2026-10-10T20:52:10.3479149Z Setting up libpangoxft-1.0-0:amd64 (1.52.1+ds-1build1) ...
2026-10-10T20:52:10.3504250Z Setting up libglvnd-core-dev:amd64 (1.7.0-1build1) ...
2026-10-10T20:52:10.3527270Z Setting up gir1.2-gdkpixbuf-2.0:amd64 (2.42.10+dfsg-3ubuntu3.3) ...
2026-10-10T20:52:10.3549640Z Setting up libgirepository-2.0-0:amd64 (2.80.0-6ubuntu3.9) ...
2026-10-10T20:52:10.3578300Z Setting up gir1.2-atk-1.0:amd64 (2.52.0-1build1) ...
2026-10-10T20:52:10.3601706Z Setting up libfribidi-dev:amd64 (1.0.13-3build1) ...
2026-10-10T20:52:10.3621902Z Setting up libxkbcommon-dev:amd64 (1.6.0-1build1) ...
2026-10-10T20:52:10.3647929Z Setting up pango1.0-tools (1.52.1+ds-1build1) ...
2026-10-10T20:52:10.3668423Z Setting up libjbig-dev:amd64 (2.1-6.1ubuntu2) ...
2026-10-10T20:52:10.3692172Z Setting up libwebrtc-audio-processing1:amd64 (0.3.1-0ubuntu6) ...
2026-10-10T20:52:10.3712390Z Setting up libwebpdecoder3:amd64 (1.3.2-0.4build3) ...
2026-10-10T20:52:10.3731934Z Setting up libharfbuzz-gobject0:amd64 (8.3.0-2build2) ...
2026-10-10T20:52:10.3754704Z Setting up gir1.2-atspi-2.0:amd64 (2.52.0-1build1) ...
2026-10-10T20:52:10.3777483Z Setting up gir1.2-harfbuzz-0.0:amd64 (8.3.0-2build2) ...
2026-10-10T20:52:10.3803058Z Setting up libpthread-stubs0-dev:amd64 (0.4-1build3) ...
2026-10-10T20:52:10.3826432Z Setting up libopengl0:amd64 (1.7.0-1build1) ...
2026-10-10T20:52:10.3852316Z Setting up ninja-build (1.11.1-2) ...
2026-10-10T20:52:10.3874746Z Setting up librsvg2-2:amd64 (2.58.0+dfsg-1ubuntu0.1) ...
2026-10-10T20:52:10.3894499Z Setting up xtrans-dev (1.4.0-1) ...
2026-10-10T20:52:10.3917981Z Setting up libwayland-bin (1.22.0-2.1build1) ...
2026-10-10T20:52:10.3936978Z Setting up libgraphite2-dev:amd64 (1.3.14-2ubuntu0.24.04.1) ...
2026-10-10T20:52:10.3956609Z Setting up gir1.2-pango-1.0:amd64 (1.52.1+ds-1build1) ...
2026-10-10T20:52:10.3979171Z Setting up libegl-mesa0:amd64 (25.2.8-0ubuntu0.24.04.4) ...
2026-10-10T20:52:10.4000422Z Setting up libgles2:amd64 (1.7.0-1build1) ...
2026-10-10T20:52:10.4020957Z Setting up libharfbuzz-cairo0:amd64 (8.3.0-2build2) ...
2026-10-10T20:52:10.4045421Z Setting up libdbus-1-dev:amd64 (1.14.10-4ubuntu4.1) ...
2026-10-10T20:52:10.5341401Z Setting up libspa-0.2-modules:amd64 (1.0.5-1ubuntu3.3) ...
2026-10-10T20:52:10.5362805Z Setting up uuid-dev:amd64 (2.39.3-9ubuntu6.6) ...
2026-10-10T20:52:10.5383366Z Setting up clang (1:18.0-59~exp2) ...
2026-10-10T20:52:10.5571971Z Setting up libgles1:amd64 (1.7.0-1build1) ...
2026-10-10T20:52:10.5594283Z Setting up libpng16-16t64:amd64 (1.6.43-5ubuntu0.7) ...
2026-10-10T20:52:10.5618967Z Setting up libjsoncpp25:amd64 (1.9.5-6build1) ...
2026-10-10T20:52:10.5642398Z Setting up libsepol-dev:amd64 (3.5-2build1) ...
2026-10-10T20:52:10.5666889Z Setting up liblerc-dev:amd64 (4.0.0+ds-4ubuntu2) ...
2026-10-10T20:52:10.5688070Z Setting up librsvg2-common:amd64 (2.58.0+dfsg-1ubuntu0.1) ...
2026-10-10T20:52:10.5740472Z Setting up liblzma-dev:amd64 (5.6.1+really5.4.5-1ubuntu0.3) ...
2026-10-10T20:52:10.5768880Z Setting up xdg-dbus-proxy (0.1.5-1ubuntu0.2) ...
2026-10-10T20:52:10.5788420Z Setting up wayland-protocols (1.45-1~ubuntu0.24.04.2) ...
2026-10-10T20:52:10.5812629Z Setting up libdatrie-dev:amd64 (0.2.13-3build1) ...
2026-10-10T20:52:10.5831502Z Setting up gir1.2-glib-2.0-dev:amd64 (2.80.0-6ubuntu3.9) ...
2026-10-10T20:52:10.5856580Z Setting up libgdk-pixbuf2.0-bin (2.42.10+dfsg-3ubuntu3.3) ...
2026-10-10T20:52:10.5878766Z Setting up dbus-x11 (1.14.10-4ubuntu4.1) ...
2026-10-10T20:52:10.5914773Z Setting up librhash0:amd64 (1.4.3-3build1) ...
2026-10-10T20:52:10.5935886Z Setting up libegl1:amd64 (1.7.0-1build1) ...
2026-10-10T20:52:10.5960540Z Setting up libharfbuzz-subset0:amd64 (8.3.0-2build2) ...
2026-10-10T20:52:10.5981196Z Setting up xorg-sgml-doctools (1:1.11-1.1) ...
2026-10-10T20:52:10.6004817Z Setting up libavahi-glib1:amd64 (0.8-13ubuntu6.2) ...
2026-10-10T20:52:10.6030959Z Setting up cmake-data (3.28.3-1build7) ...
2026-10-10T20:52:10.6101350Z Setting up libopengl-dev:amd64 (1.7.0-1build1) ...
2026-10-10T20:52:10.6127393Z Setting up libjpeg8-dev:amd64 (8c-2ubuntu11) ...
2026-10-10T20:52:10.6149848Z Setting up libsharpyuv-dev:amd64 (1.3.2-0.4build3) ...
2026-10-10T20:52:10.6173966Z Setting up libtiffxx6:amd64 (4.5.1+git230720-4ubuntu2.5) ...
2026-10-10T20:52:10.6196530Z Setting up libdeflate-dev:amd64 (1.19-1build1.1) ...
2026-10-10T20:52:10.6226311Z Setting up libpipewire-0.3-0t64:amd64 (1.0.5-1ubuntu3.3) ...
2026-10-10T20:52:10.6249825Z Setting up libbrotli-dev:amd64 (1.1.0-2build2) ...
2026-10-10T20:52:10.6275994Z Setting up libmalcontent-0-0:amd64 (0.11.1-1ubuntu1.3) ...
2026-10-10T20:52:10.6294921Z Setting up libbz2-dev:amd64 (1.0.8-5.1ubuntu0.1) ...
2026-10-10T20:52:10.6315234Z Setting up gsettings-desktop-schemas (46.1-0ubuntu1) ...
2026-10-10T20:52:10.6340842Z Setting up libblkid-dev:amd64 (2.39.3-9ubuntu6.6) ...
2026-10-10T20:52:10.6361911Z Setting up xdg-desktop-portal (1.18.4-1ubuntu2.24.04.3) ...
2026-10-10T20:52:10.7301284Z Created symlink /etc/systemd/user/graphical-session-pre.target.wants/xdg-desktop-portal-rewrite-launchers.service → /usr/lib/systemd/user/xdg-desktop-portal-rewrite-launchers.service.
2026-10-10T20:52:10.7302093Z 
2026-10-10T20:52:10.7470446Z Setting up libpng-tools (1.6.43-5ubuntu0.7) ...
2026-10-10T20:52:10.7490762Z Setting up libselinux1-dev:amd64 (3.5-2ubuntu2.1) ...
2026-10-10T20:52:10.7518190Z Setting up libpng-dev:amd64 (1.6.43-5ubuntu0.7) ...
2026-10-10T20:52:10.7541022Z Setting up libostree-1-1:amd64 (2024.5-1build2) ...
2026-10-10T20:52:10.7560828Z Setting up gir1.2-gtk-3.0:amd64 (3.24.41-4ubuntu1.3) ...
2026-10-10T20:52:10.7585262Z Setting up libjpeg-dev:amd64 (8c-2ubuntu11) ...
2026-10-10T20:52:10.7604928Z Setting up libwayland-dev:amd64 (1.22.0-2.1build1) ...
2026-10-10T20:52:10.7628901Z Setting up libwebp-dev:amd64 (1.3.2-0.4build3) ...
2026-10-10T20:52:10.7649881Z Setting up libfreetype6:amd64 (2.13.2+dfsg-1ubuntu0.2) ...
2026-10-10T20:52:10.7670434Z Setting up libtiff-dev:amd64 (4.5.1+git230720-4ubuntu2.5) ...
2026-10-10T20:52:10.7696030Z Setting up gir1.2-freedesktop-dev:amd64 (1.80.1-1) ...
2026-10-10T20:52:10.7716808Z Setting up flatpak (1.14.6-1ubuntu0.1) ...
2026-10-10T20:52:11.3833388Z Setting up libthai-dev:amd64 (0.1.29-2build1) ...
2026-10-10T20:52:11.3852774Z Setting up cmake (3.28.3-1build7) ...
2026-10-10T20:52:11.3878960Z Setting up libmount-dev:amd64 (2.39.3-9ubuntu6.6) ...
2026-10-10T20:52:11.3901629Z Setting up libcairo-script-interpreter2:amd64 (1.18.0-3build1) ...
2026-10-10T20:52:11.3926929Z Setting up libfreetype-dev:amd64 (2.13.2+dfsg-1ubuntu0.2) ...
2026-10-10T20:52:11.3945476Z Setting up libglib2.0-dev:amd64 (2.80.0-6ubuntu3.9) ...
2026-10-10T20:52:11.3971883Z Setting up libfontconfig-dev:amd64 (2.15.0-1.1ubuntu2) ...
2026-10-10T20:52:11.4403446Z Processing triggers for libc-bin (2.39-0ubuntu8.9) ...
2026-10-10T20:52:11.4853495Z Processing triggers for man-db (2.12.0-4build2) ...
2026-10-10T20:52:11.4876117Z Not building database; man-db/auto-update is not 'true'.
2026-10-10T20:52:11.4896380Z Processing triggers for libglib2.0-0t64:amd64 (2.80.0-6ubuntu3.9) ...
2026-10-10T20:52:11.5032316Z Processing triggers for dbus (1.14.10-4ubuntu4.1) ...
2026-10-10T20:52:11.5199482Z Processing triggers for libgdk-pixbuf-2.0-0:amd64 (2.42.10+dfsg-3ubuntu3.3) ...
2026-10-10T20:52:11.5533076Z Processing triggers for sgml-base (1.31) ...
2026-10-10T20:52:11.5658277Z Processing triggers for install-info (7.1-3build2) ...
2026-10-10T20:52:11.6683739Z Setting up libatk1.0-dev:amd64 (2.52.0-1build1) ...
2026-10-10T20:52:11.6726284Z Setting up x11proto-dev (2023.2-1) ...
2026-10-10T20:52:11.6754315Z Setting up libgdk-pixbuf-2.0-dev:amd64 (2.42.10+dfsg-3ubuntu3.3) ...
2026-10-10T20:52:11.6950323Z Setting up xdg-desktop-portal-gtk (1.15.1-1build2) ...
2026-10-10T20:52:11.7009999Z Setting up libharfbuzz-dev:amd64 (8.3.0-2build2) ...
2026-10-10T20:52:11.7041040Z Setting up libxau-dev:amd64 (1:1.0.9-1build6) ...
2026-10-10T20:52:11.7070876Z Setting up libice-dev:amd64 (2:1.0.10-1build3) ...
2026-10-10T20:52:11.7097263Z Setting up libsm-dev:amd64 (2:1.2.3-1build3) ...
2026-10-10T20:52:11.7146075Z Setting up libxdmcp-dev:amd64 (1:1.1.3-0ubuntu6) ...
2026-10-10T20:52:11.7238117Z Setting up libxcb1-dev:amd64 (1.15-1ubuntu2) ...
2026-10-10T20:52:11.7277470Z Setting up libx11-dev:amd64 (2:1.8.7-1build1) ...
2026-10-10T20:52:11.7317339Z Setting up libxfixes-dev:amd64 (1:6.0.0-2build1) ...
2026-10-10T20:52:11.7340744Z Setting up libxcb-shm0-dev:amd64 (1.15-1ubuntu2) ...
2026-10-10T20:52:11.7378764Z Setting up libxcb-render0-dev:amd64 (1.15-1ubuntu2) ...
2026-10-10T20:52:11.7406192Z Setting up libxext-dev:amd64 (2:1.3.4-1build2) ...
2026-10-10T20:52:11.7433204Z Setting up libglx-dev:amd64 (1.7.0-1build1) ...
2026-10-10T20:52:11.7473463Z Setting up libxi-dev:amd64 (2:1.8.1-1build1) ...
2026-10-10T20:52:11.7498588Z Setting up libxrender-dev:amd64 (1:0.9.10-1.1build1) ...
2026-10-10T20:52:11.7526376Z Setting up libgl-dev:amd64 (1.7.0-1build1) ...
2026-10-10T20:52:11.7549871Z Setting up libxft-dev:amd64 (2.3.6-1build1) ...
2026-10-10T20:52:11.7581250Z Setting up libxtst-dev:amd64 (2:1.2.3-1.1build1) ...
2026-10-10T20:52:11.7608460Z Setting up libxdamage-dev:amd64 (1:1.1.6-1build1) ...
2026-10-10T20:52:11.7637042Z Setting up libatspi2.0-dev:amd64 (2.52.0-1build1) ...
2026-10-10T20:52:11.7683254Z Setting up libegl-dev:amd64 (1.7.0-1build1) ...
2026-10-10T20:52:11.7711107Z Setting up libxcomposite-dev:amd64 (1:0.4.5-1build3) ...
2026-10-10T20:52:11.7735093Z Setting up libxcursor-dev:amd64 (1:1.2.1-1build1) ...
2026-10-10T20:52:11.7767313Z Setting up libepoxy-dev:amd64 (1.5.10-1build1) ...
2026-10-10T20:52:11.7803216Z Setting up libatk-bridge2.0-dev:amd64 (2.52.0-1build1) ...
2026-10-10T20:52:11.7830452Z Setting up libxrandr-dev:amd64 (2:1.5.2-2build1) ...
2026-10-10T20:52:11.7867497Z Setting up libxinerama-dev:amd64 (2:1.1.4-3build1) ...
2026-10-10T20:52:11.7896745Z Setting up libcairo2-dev:amd64 (1.18.0-3build1) ...
2026-10-10T20:52:11.7932513Z Setting up libgles-dev:amd64 (1.7.0-1build1) ...
2026-10-10T20:52:11.7980355Z Setting up libglvnd-dev:amd64 (1.7.0-1build1) ...
2026-10-10T20:52:11.8016029Z Setting up libpango1.0-dev:amd64 (1.52.1+ds-1build1) ...
2026-10-10T20:52:11.8050605Z Setting up libegl1-mesa-dev:amd64 (25.2.8-0ubuntu0.24.04.4) ...
2026-10-10T20:52:11.8087734Z Setting up libgtk-3-dev:amd64 (3.24.41-4ubuntu1.3) ...
2026-10-10T20:52:12.3896079Z 
2026-10-10T20:52:12.3897275Z Running kernel seems to be up-to-date.
2026-10-10T20:52:12.3897707Z 
2026-10-10T20:52:12.3897878Z Restarting services...
2026-10-10T20:52:12.3962561Z  systemctl restart php8.3-fpm.service
2026-10-10T20:52:12.4881274Z 
2026-10-10T20:52:12.4881920Z No containers need to be restarted.
2026-10-10T20:52:12.4882313Z 
2026-10-10T20:52:12.4882656Z No user sessions are running outdated binaries.
2026-10-10T20:52:12.4883050Z 
2026-10-10T20:52:12.4883350Z No VM guests are running outdated hypervisor (qemu) binaries on this host.
2026-10-10T20:52:13.4287229Z Prepare all required actions
2026-10-10T20:52:13.4333894Z ##[group]Run ./.github/actions/setup-flutter
2026-10-10T20:52:13.4334311Z ##[endgroup]
2026-10-10T20:52:13.4394435Z ##[start-action display=Run git clone --depth 1 --branch 3.47.5 https://github.com/flutter/flutter.git "$RUNNER_TEMP/flutter";id=__self.__run]
2026-10-10T20:52:13.4426842Z ##[group]Run git clone --depth 1 --branch 3.47.5 https://github.com/flutter/flutter.git "$RUNNER_TEMP/flutter"
2026-10-10T20:52:13.4427594Z [36;1mgit clone --depth 1 --branch 3.47.5 https://github.com/flutter/flutter.git "$RUNNER_TEMP/flutter"[0m
2026-10-10T20:52:13.4428282Z [36;1mtest "$(git -C "$RUNNER_TEMP/flutter" rev-parse HEAD)" = 6a19cca56475dbfba1478ee68d7bd0c2ef891da1[0m
2026-10-10T20:52:13.4428935Z [36;1mecho "$RUNNER_TEMP/flutter/bin" >> "$GITHUB_PATH"[0m
2026-10-10T20:52:13.4473766Z shell: /usr/bin/bash --noprofile --norc -e -o pipefail {0}
2026-10-10T20:52:13.4474254Z ##[endgroup]
2026-10-10T20:52:13.4548339Z Cloning into '/home/runner/work/_temp/flutter'...
2026-10-10T20:52:19.5339584Z Note: switching to '6a19cca56475dbfba1478ee68d7bd0c2ef891da1'.
2026-10-10T20:52:19.5340433Z 
2026-10-10T20:52:19.5340808Z You are in 'detached HEAD' state. You can look around, make experimental
2026-10-10T20:52:19.5341606Z changes and commit them, and you can discard any commits you make in this
2026-10-10T20:52:19.5342364Z state without impacting any branches by switching back to a branch.
2026-10-10T20:52:19.5342750Z 
2026-10-10T20:52:19.5343106Z If you want to create a new branch to retain commits you create, you may
2026-10-10T20:52:19.5343603Z do so (now or later) by using -c with the switch command. Example:
2026-10-10T20:52:19.5343876Z 
2026-10-10T20:52:19.5344057Z   git switch -c <new-branch-name>
2026-10-10T20:52:19.5344275Z 
2026-10-10T20:52:19.5344400Z Or undo this operation with:
2026-10-10T20:52:19.5344595Z 
2026-10-10T20:52:19.5344718Z   git switch -
2026-10-10T20:52:19.5344910Z 
2026-10-10T20:52:19.5345137Z Turn off this advice by setting config variable advice.detachedHead to false
2026-10-10T20:52:19.5345502Z 
2026-10-10T20:52:20.4000956Z ##[end-action id=__self.__run;outcome=success;conclusion=success;duration_ms=6960]
2026-10-10T20:52:20.4005121Z ##[start-action display=Run flutter config --no-analytics;id=__self.__run_2]
2026-10-10T20:52:20.4028597Z ##[group]Run flutter config --no-analytics
2026-10-10T20:52:20.4029024Z [36;1mflutter config --no-analytics[0m
2026-10-10T20:52:20.4029366Z [36;1mflutter --version[0m
2026-10-10T20:52:20.4073707Z shell: /usr/bin/bash --noprofile --norc -e -o pipefail {0}
2026-10-10T20:52:20.4074242Z ##[endgroup]
2026-10-10T20:52:20.4457022Z Downloading Linux x64 Dart SDK from Flutter engine af7e796e161ae0bb1ff0758c71a7105418bd9ded...
2026-10-10T20:52:20.4552186Z   % Total    % Received % Xferd  Average Speed   Time    Time     Time  Current
2026-10-10T20:52:20.4553448Z                                  Dload  Upload   Total   Spent    Left  Speed
2026-10-10T20:52:20.4554109Z 
2026-10-10T20:52:21.0454469Z   0     0    0     0    0     0      0      0 --:--:-- --:--:-- --:--:--     0
2026-10-10T20:52:22.0451282Z   3  227M    3 9085k    0     0  15.0M      0  0:00:15 --:--:--  0:00:15 15.0M
2026-10-10T20:52:23.0451462Z  33  227M   33 75.5M    0     0  47.4M      0  0:00:04  0:00:01  0:00:03 47.4M
2026-10-10T20:52:23.1781804Z  92  227M   92  209M    0     0  80.8M      0  0:00:02  0:00:02 --:--:-- 80.8M
2026-10-10T20:52:23.1782637Z 100  227M  100  227M    0     0  83.6M      0  0:00:02  0:00:02 --:--:-- 83.5M
2026-10-10T20:52:28.4460350Z Building flutter tool...
2026-10-10T20:52:28.4637520Z Resolving dependencies...
2026-10-10T20:52:28.9517798Z Downloading packages...
2026-10-10T20:52:31.8589581Z + _fe_analyzer_shared 95.0.0 (109.0.0 available)
2026-10-10T20:52:31.8590329Z + analyzer 10.1.0 (14.5.0 available)
2026-10-10T20:52:31.8590942Z + archive 3.6.1 (4.4.0 available)
2026-10-10T20:52:31.8591454Z + args 2.7.0
2026-10-10T20:52:31.8591762Z + async 2.13.1
2026-10-10T20:52:31.8592467Z + boolean_selector 2.1.2
2026-10-10T20:52:31.8592862Z + browser_launcher 1.1.3 (1.2.0 available)
2026-10-10T20:52:31.8593330Z + built_collection 5.1.1 (5.1.2 available)
2026-10-10T20:52:31.8593797Z + built_value 8.12.6 (8.13.0 available)
2026-10-10T20:52:31.8594427Z + checked_yaml 2.0.4
2026-10-10T20:52:31.8594842Z + cli_config 0.2.0
2026-10-10T20:52:31.8595228Z + clock 1.1.2 (1.1.3 available)
2026-10-10T20:52:31.8595665Z + code_assets 1.2.1 (2.1.0 available)
2026-10-10T20:52:31.8596136Z + code_builder 4.11.1 (4.12.0 available)
2026-10-10T20:52:31.8596692Z + collection 1.19.1
2026-10-10T20:52:31.8597079Z + completion 1.0.2
2026-10-10T20:52:31.8597465Z + convert 3.1.2
2026-10-10T20:52:31.8597785Z + coverage 1.15.1
2026-10-10T20:52:31.8598049Z + crypto 3.0.7
2026-10-10T20:52:31.8598346Z + csslib 1.0.2
2026-10-10T20:52:31.8598612Z + dap 1.4.0
2026-10-10T20:52:31.8598904Z + dart_service_protocol_shared 0.0.3
2026-10-10T20:52:31.8599255Z + dart_style 3.1.7 (3.1.13 available)
2026-10-10T20:52:31.8599603Z + data_assets 0.20.0
2026-10-10T20:52:31.8600728Z + dds 5.4.0
2026-10-10T20:52:31.8601017Z + dds_service_extensions 2.1.0
2026-10-10T20:52:31.8601348Z + devtools_shared 13.1.0 (14.0.0 available)
2026-10-10T20:52:31.8601716Z + dtd 4.0.0
2026-10-10T20:52:31.8602000Z + dwds 27.1.2 (27.1.4 available)
2026-10-10T20:52:31.8602335Z + extension_discovery 2.1.0
2026-10-10T20:52:31.8602638Z + fake_async 1.3.3
2026-10-10T20:52:31.8602894Z + ffi 2.2.0
2026-10-10T20:52:31.8603178Z + file 7.0.1
2026-10-10T20:52:31.8603480Z + file_testing 3.0.2 (3.1.0 available)
2026-10-10T20:52:31.8603842Z + fixnum 1.1.1
2026-10-10T20:52:31.8604145Z + flutter_template_images 5.0.0 (5.0.1 available)
2026-10-10T20:52:31.8604508Z + frontend_server_client 4.0.0 (4.1.0 available)
2026-10-10T20:52:31.8604912Z + glob 2.1.3 (2.2.0 available)
2026-10-10T20:52:31.8605208Z + graphs 2.3.2
2026-10-10T20:52:31.8605485Z + hooks 2.0.2 (2.2.0 available)
2026-10-10T20:52:31.8605806Z + hooks_runner 1.5.0 (1.6.4 available)
2026-10-10T20:52:31.8606127Z + html 0.15.6 (0.15.7 available)
2026-10-10T20:52:31.8606468Z + http 1.6.0
2026-10-10T20:52:31.8606786Z + http_multi_server 3.2.2
2026-10-10T20:52:31.8607143Z + http_parser 4.1.2
2026-10-10T20:52:31.8607450Z + intl 0.20.3
2026-10-10T20:52:31.8607745Z + io 1.0.5 (1.1.0 available)
2026-10-10T20:52:31.8608112Z + js 0.7.2 (discontinued)
2026-10-10T20:52:31.8608421Z + json_annotation 4.12.0
2026-10-10T20:52:31.8608709Z + json_rpc_2 4.1.0
2026-10-10T20:52:31.8609015Z + logging 1.3.0
2026-10-10T20:52:31.8609294Z + matcher 0.12.20
2026-10-10T20:52:31.8609583Z + meta 1.18.3 (1.19.0 available)
2026-10-10T20:52:31.8609927Z + mime 2.0.0 (2.1.0 available)
2026-10-10T20:52:31.8610378Z + multicast_dns 0.3.3+1
2026-10-10T20:52:31.8610755Z + mustache_template 2.0.5 (2.0.6 available)
2026-10-10T20:52:31.8611110Z + native_stack_traces 0.6.1 (0.7.0 available)
2026-10-10T20:52:31.8611713Z + node_preamble 2.0.2
2026-10-10T20:52:31.8612052Z + package_config 2.2.0 (3.0.0 available)
2026-10-10T20:52:31.8612376Z + path 1.9.1
2026-10-10T20:52:31.8612677Z + petitparser 7.0.2 (7.1.0 available)
2026-10-10T20:52:31.8613008Z + platform 3.1.6 (3.2.0 available)
2026-10-10T20:52:31.8613317Z + pool 1.5.2 (1.5.3 available)
2026-10-10T20:52:31.8613675Z + process 5.0.5 (5.0.6 available)
2026-10-10T20:52:31.8614031Z + pub_semver 2.2.0 (2.2.1 available)
2026-10-10T20:52:31.8614373Z + pubspec_parse 1.5.0 (1.6.0 available)
2026-10-10T20:52:31.8614696Z + record_use 0.6.0 (1.1.1 available)
2026-10-10T20:52:31.8614990Z + shelf 1.4.2
2026-10-10T20:52:31.8615321Z + shelf_packages_handler 3.0.2
2026-10-10T20:52:31.8615631Z + shelf_proxy 1.0.5
2026-10-10T20:52:31.8615909Z + shelf_static 1.1.3
2026-10-10T20:52:31.8616204Z + shelf_web_socket 3.0.0
2026-10-10T20:52:31.8616501Z + source_map_stack_trace 2.1.2
2026-10-10T20:52:31.8616862Z + source_maps 0.10.13 (0.10.14 available)
2026-10-10T20:52:31.8617225Z + source_span 1.10.2
2026-10-10T20:52:31.8617509Z + sprintf 7.0.0
2026-10-10T20:52:31.8617793Z + sse 4.2.0
2026-10-10T20:52:31.8618090Z + stack_trace 1.12.1 (1.12.2 available)
2026-10-10T20:52:31.8618579Z + standard_message_codec 0.0.1+5
2026-10-10T20:52:31.8618895Z + stream_channel 2.1.4
2026-10-10T20:52:31.8619173Z + string_scanner 1.4.1
2026-10-10T20:52:31.8619490Z + sync_http 0.3.1
2026-10-10T20:52:31.8619886Z + term_glyph 1.2.2
2026-10-10T20:52:31.8620438Z + test 1.31.1 (1.33.0 available)
2026-10-10T20:52:31.8620825Z + test_api 0.7.12 (0.7.15 available)
2026-10-10T20:52:31.8621155Z + test_core 0.6.18 (0.6.21 available)
2026-10-10T20:52:31.8621527Z + typed_data 1.4.0
2026-10-10T20:52:31.8621862Z + unified_analytics 8.0.15 (8.0.18 available)
2026-10-10T20:52:31.8622227Z + uuid 4.5.3 (4.6.0 available)
2026-10-10T20:52:31.8622570Z + vm_service 15.2.0 (15.3.0 available)
2026-10-10T20:52:31.8622926Z + vm_service_interface 2.0.1
2026-10-10T20:52:31.8623277Z + vm_snapshot_analysis 0.7.6
2026-10-10T20:52:31.8623608Z + watcher 1.2.1
2026-10-10T20:52:31.8623868Z + web 1.1.1
2026-10-10T20:52:31.8624202Z + web_socket 1.0.1
2026-10-10T20:52:31.8624504Z + web_socket_channel 3.0.3
2026-10-10T20:52:31.8624851Z + webdriver 3.1.0 (3.2.0 available)
2026-10-10T20:52:31.8625223Z + webkit_inspection_protocol 1.2.1
2026-10-10T20:52:31.8625544Z + xml 6.6.1 (7.1.0 available)
2026-10-10T20:52:31.8625872Z + yaml 3.1.3 (3.1.4 available)
2026-10-10T20:52:31.8626174Z + yaml_edit 2.2.4
2026-10-10T20:52:31.8626501Z Changed 101 dependencies!
2026-10-10T20:52:31.8626857Z 1 package is discontinued.
2026-10-10T20:52:31.8627277Z 43 packages have newer versions incompatible with dependency constraints.
2026-10-10T20:52:31.8627775Z Try `dart pub outdated` for more information.
2026-10-10T20:52:48.7813260Z Analytics reporting disabled.
2026-10-10T20:52:48.7814667Z 
2026-10-10T20:52:48.7815268Z You may need to restart any open editors for them to read new settings.
2026-10-10T20:52:48.8538696Z Flutter 3.47.5 • channel [user-branch] • https://github.com/flutter/flutter.git
2026-10-10T20:52:48.8539737Z Framework • revision 6a19cca564 (3 weeks ago) • 2026-09-17 14:13:22 -0400
2026-10-10T20:52:48.8541083Z Engine • hash ab598368592da0064197e2bc15c7f5b0a2c6bb1f (revision af7e796e16) (24 days ago) • 2026-09-16 18:35:09.000Z
2026-10-10T20:52:48.8541986Z Tools • Dart 3.13.4 • DevTools 2.60.0
2026-10-10T20:52:48.8571789Z ##[end-action id=__self.__run_2;outcome=success;conclusion=success;duration_ms=28456]
2026-10-10T20:52:48.8644948Z Prepare all required actions
2026-10-10T20:52:48.8698263Z ##[group]Run ./.github/actions/setup-text-engine
2026-10-10T20:52:48.8698636Z with:
2026-10-10T20:52:48.8698963Z   platform: linux
2026-10-10T20:52:48.8699277Z ##[endgroup]
2026-10-10T20:52:48.8705240Z ##[start-action display=Select preinstalled Windows Python 3.11;id=__self_2.__run]
2026-10-10T20:52:48.8724669Z ##[end-action id=__self_2.__run;outcome=skipped;conclusion=skipped;duration_ms=0]
2026-10-10T20:52:48.8733842Z ##[start-action display=Bootstrap reviewed official Rust inputs outside app builds;id=__self_2.__run_2]
2026-10-10T20:52:48.8755074Z ##[group]Run python tool/bootstrap_text_engine.py --platform "$TEXT_PLATFORM"
2026-10-10T20:52:48.8755677Z [36;1mpython tool/bootstrap_text_engine.py --platform "$TEXT_PLATFORM"[0m
2026-10-10T20:52:48.8797431Z shell: /usr/bin/bash --noprofile --norc -e -o pipefail {0}
2026-10-10T20:52:48.8797848Z env:
2026-10-10T20:52:48.8798168Z   TEXT_PLATFORM: linux
2026-10-10T20:52:48.8798612Z ##[endgroup]
2026-10-10T20:52:49.3194768Z info: profile set to minimal
2026-10-10T20:52:49.3195350Z info: default host tuple is x86_64-unknown-linux-gnu
2026-10-10T20:52:49.3195884Z info: skipping toolchain installation
2026-10-10T20:52:49.3196128Z 
2026-10-10T20:52:49.3196278Z 
2026-10-10T20:52:49.3196599Z Rust is installed now. Great!
2026-10-10T20:52:49.3196991Z 
2026-10-10T20:52:49.3197414Z To get started you need Cargo's bin directory (/home/runner/work/_
2026-10-10T20:52:49.3197909Z temp/tandemlog-rust-bootstrap/cargo/bin) in your PATH
2026-10-10T20:52:49.3198355Z environment variable. This has not been done automatically.
2026-10-10T20:52:49.3198641Z 
2026-10-10T20:52:49.3198845Z To configure your current shell, you need to source
2026-10-10T20:52:49.3199270Z the corresponding env file under /home/runner/work/_
2026-10-10T20:52:49.3199673Z temp/tandemlog-rust-bootstrap/cargo.
2026-10-10T20:52:49.3200002Z 
2026-10-10T20:52:49.3200553Z Consider running the right command for your shell (note the leading DOT):
2026-10-10T20:52:49.3201468Z . "/home/runner/work/_temp/tandemlog-rust-bootstrap/cargo/env"     # For 
2026-10-10T20:52:49.3201986Z sh/ash/dash/pdksh/bash
2026-10-10T20:52:49.3202402Z . "/home/runner/work/_temp/tandemlog-rust-bootstrap/cargo/env.ps1" # For pwsh
2026-10-10T20:52:49.3203092Z cargo:rerun-if-env-changed=CC_x86_64-unknown-linux-gnu
2026-10-10T20:52:49.3203702Z CC_x86_64-unknown-linux-gnu = None
2026-10-10T20:52:49.3204085Z cargo:rerun-if-env-changed=CC_x86_64_unknown_linux_gnu
2026-10-10T20:52:49.3204484Z CC_x86_64_unknown_linux_gnu = None
2026-10-10T20:52:49.3204825Z cargo:rerun-if-env-changed=HOST_CC
2026-10-10T20:52:49.3205161Z HOST_CC = None
2026-10-10T20:52:49.3205525Z cargo:rerun-if-env-changed=CC
2026-10-10T20:52:49.3205841Z CC = None
2026-10-10T20:52:49.3206169Z cargo:rerun-if-env-changed=CC_ENABLE_DEBUG_OUTPUT
2026-10-10T20:52:49.3524005Z cargo:rerun-if-env-changed=CRATE_CC_NO_DEFAULTS
2026-10-10T20:52:49.3524639Z CRATE_CC_NO_DEFAULTS = None
2026-10-10T20:52:49.3525155Z cargo:rerun-if-env-changed=CFLAGS
2026-10-10T20:52:49.3525481Z CFLAGS = None
2026-10-10T20:52:49.3525790Z cargo:rerun-if-env-changed=HOST_CFLAGS
2026-10-10T20:52:49.3526180Z HOST_CFLAGS = None
2026-10-10T20:52:49.3526557Z cargo:rerun-if-env-changed=CFLAGS_x86_64_unknown_linux_gnu
2026-10-10T20:52:49.3526998Z CFLAGS_x86_64_unknown_linux_gnu = None
2026-10-10T20:52:49.3527393Z cargo:rerun-if-env-changed=CFLAGS_x86_64-unknown-linux-gnu
2026-10-10T20:52:49.3527801Z CFLAGS_x86_64-unknown-linux-gnu = None
2026-10-10T20:52:49.3585155Z info: auto-self-update mode set to disable
2026-10-10T20:52:49.3585758Z warn: no toolchain installed and no default toolchain set
2026-10-10T20:52:49.3586480Z help: run 'rustup default stable' to download the latest stable release of Rust and set it as your default toolchain.
2026-10-10T20:52:49.3636347Z info: syncing channel updates for 1.99.0-x86_64-unknown-linux-gnu
2026-10-10T20:52:49.5876102Z info: latest update on 2026-10-01 for version 1.99.0 (b940084d7 2026-09-28)
2026-10-10T20:52:49.5877220Z info: downloading 3 components
2026-10-10T20:52:58.3334425Z 
2026-10-10T20:52:58.3402113Z   1.99.0-x86_64-unknown-linux-gnu installed - rustc 1.99.0 (b940084d7 2026-09-28)
2026-10-10T20:52:58.3402545Z 
2026-10-10T20:52:58.3409507Z info: default toolchain set to 1.99.0-x86_64-unknown-linux-gnu
2026-10-10T20:52:58.3868894Z info: component rust-std is up to date
2026-10-10T20:52:58.4037231Z     Updating crates.io index
2026-10-10T20:52:58.7308125Z  Downloading crates ...
2026-10-10T20:52:58.8379934Z   Downloaded quote v1.0.47
2026-10-10T20:52:58.8483863Z   Downloaded unicode-ident v1.0.26
2026-10-10T20:52:58.8561605Z   Downloaded proc-macro2 v1.0.107
2026-10-10T20:52:58.8668724Z   Downloaded itoa v1.0.18
2026-10-10T20:52:58.8716021Z   Downloaded windows-link v0.2.1
2026-10-10T20:52:58.8721638Z   Downloaded parking v2.2.1
2026-10-10T20:52:58.8811890Z   Downloaded scopeguard v1.2.0
2026-10-10T20:52:58.8819729Z   Downloaded wasm-bindgen-shared v0.2.129
2026-10-10T20:52:58.8827944Z   Downloaded event-listener-strategy v0.5.4
2026-10-10T20:52:58.8836762Z   Downloaded smallstr v0.3.1
2026-10-10T20:52:58.8928665Z   Downloaded cfg-if v1.0.5
2026-10-10T20:52:58.8937377Z   Downloaded thiserror-impl v2.0.21
2026-10-10T20:52:58.8946175Z   Downloaded rustversion v1.0.23
2026-10-10T20:52:58.8962322Z   Downloaded lock_api v0.4.14
2026-10-10T20:52:58.8972000Z   Downloaded wasm-bindgen-macro v0.2.129
2026-10-10T20:52:58.8977950Z   Downloaded redox_syscall v0.5.18
2026-10-10T20:52:58.8993695Z   Downloaded pin-project-lite v0.2.17
2026-10-10T20:52:58.9037299Z   Downloaded async-trait v0.1.92
2026-10-10T20:52:58.9060955Z   Downloaded dashmap v6.2.1
2026-10-10T20:52:58.9075959Z   Downloaded fastrand v2.5.0
2026-10-10T20:52:58.9085897Z   Downloaded smallvec v1.16.2
2026-10-10T20:52:58.9096045Z   Downloaded thiserror v2.0.21
2026-10-10T20:52:58.9133441Z   Downloaded once_cell v1.21.4
2026-10-10T20:52:58.9151720Z   Downloaded parking_lot_core v0.9.12
2026-10-10T20:52:58.9166239Z   Downloaded event-listener v5.4.2
2026-10-10T20:52:58.9179345Z   Downloaded zmij v1.0.23
2026-10-10T20:52:58.9195037Z   Downloaded serde_derive v1.0.229
2026-10-10T20:52:58.9215133Z   Downloaded bitflags v2.13.2
2026-10-10T20:52:58.9242598Z   Downloaded crossbeam-utils v0.8.23
2026-10-10T20:52:58.9270362Z   Downloaded r-efi v6.0.0
2026-10-10T20:52:58.9304602Z   Downloaded serde_core v1.0.229
2026-10-10T20:52:58.9325858Z   Downloaded getrandom v0.4.3
2026-10-10T20:52:58.9350981Z   Downloaded async-lock v3.4.2
2026-10-10T20:52:58.9368974Z   Downloaded base64 v0.22.1
2026-10-10T20:52:58.9394621Z   Downloaded wasm-bindgen v0.2.129
2026-10-10T20:52:58.9414596Z   Downloaded arc-swap v1.9.2
2026-10-10T20:52:58.9440646Z   Downloaded serde v1.0.229
2026-10-10T20:52:58.9466259Z   Downloaded memchr v2.8.3
2026-10-10T20:52:58.9502149Z   Downloaded bumpalo v3.20.3
2026-10-10T20:52:58.9522323Z   Downloaded js-sys v0.3.106
2026-10-10T20:52:58.9545943Z   Downloaded wasm-bindgen-macro-support v0.2.129
2026-10-10T20:52:58.9566277Z   Downloaded hashbrown v0.14.5
2026-10-10T20:52:58.9600696Z   Downloaded serde_json v1.0.151
2026-10-10T20:52:58.9648518Z   Downloaded syn v3.0.6
2026-10-10T20:52:58.9725552Z   Downloaded libc v0.2.190
2026-10-10T20:52:59.0284691Z ##[end-action id=__self_2.__run_2;outcome=success;conclusion=success;duration_ms=10155]
2026-10-10T20:52:59.0287683Z ##[start-action display=Install exact approved NDK outside app builds;id=__self_2.__run_3]
2026-10-10T20:52:59.0293704Z ##[end-action id=__self_2.__run_3;outcome=skipped;conclusion=skipped;duration_ms=0]
2026-10-10T20:52:59.0324562Z ##[group]Run flutter pub get --enforce-lockfile
2026-10-10T20:52:59.0324977Z [36;1mflutter pub get --enforce-lockfile[0m
2026-10-10T20:52:59.0367922Z shell: /usr/bin/bash -e {0}
2026-10-10T20:52:59.0368403Z env:
2026-10-10T20:52:59.0368796Z   CARGO_HOME: /home/runner/work/_temp/tandemlog-rust-bootstrap/cargo
2026-10-10T20:52:59.0369366Z   RUSTUP_HOME: /home/runner/work/_temp/tandemlog-rust-bootstrap/rustup
2026-10-10T20:52:59.0369954Z   RUSTUP_UPDATE_ROOT: https://static.rust-lang.org/rustup
2026-10-10T20:52:59.0370601Z   RUSTUP_DIST_SERVER: https://static.rust-lang.org
2026-10-10T20:52:59.0371022Z   RUSTUP_AUTO_INSTALL: 0
2026-10-10T20:52:59.0371474Z   TANDEMLOG_TEXT_TARGET_DIR: /home/runner/work/_temp/tandemlog-rust-bootstrap/target
2026-10-10T20:52:59.0371943Z ##[endgroup]
2026-10-10T20:52:59.4426630Z [1/10] Material Fonts                                              302ms
2026-10-10T20:52:59.5452059Z [2/10] Gradle Wrapper                                               51ms
2026-10-10T20:52:59.5538329Z [3/10] Flutter SDK
2026-10-10T20:52:59.6933641Z   ├─ [1/5] sky_engine                                              132ms
2026-10-10T20:52:59.8183795Z   ├─ [2/5] flutter_gpu                                              62ms
2026-10-10T20:53:00.0991507Z   ├─ [3/5] flutter_patched_sdk                                     267ms
2026-10-10T20:53:00.5031688Z   ├─ [4/5] flutter_patched_sdk_product                             297ms
2026-10-10T20:53:01.5864095Z   └─ [5/5] linux-x64                                               978ms
2026-10-10T20:53:02.4167176Z [10/10] linux-x64/font-subset                                      154ms
2026-10-10T20:53:02.5321563Z Resolving dependencies...
2026-10-10T20:53:03.0931549Z Downloading packages...
2026-10-10T20:53:04.3855300Z   code_assets 1.2.1 (2.1.0 available)
2026-10-10T20:53:04.3855978Z   cross_file 0.3.5+5 (0.4.0 available)
2026-10-10T20:53:04.3856684Z   jni 1.0.3 (1.1.0 available)
2026-10-10T20:53:04.3857168Z   jni_flutter 1.0.3 (1.0.4+1 available)
2026-10-10T20:53:04.3857723Z   material_color_utilities 0.13.0 (0.13.1 available)
2026-10-10T20:53:04.3858347Z   native_toolchain_c 0.19.3 (0.19.5 available)
2026-10-10T20:53:04.3858861Z   objective_c 9.5.0 (9.6.2 available)
2026-10-10T20:53:04.3859358Z   test_api 0.7.12 (0.7.15 available)
2026-10-10T20:53:04.3859729Z   url_launcher 6.3.2 (6.3.3 available)
2026-10-10T20:53:04.3860203Z   vector_math 2.4.0 (2.4.3 available)
2026-10-10T20:53:04.3860594Z Got dependencies!
2026-10-10T20:53:04.3861218Z 10 packages have newer versions incompatible with dependency constraints.
2026-10-10T20:53:04.3861728Z Try `flutter pub outdated` for more information.
2026-10-10T20:53:04.5956243Z ##[group]Run dart format --output=none --set-exit-if-changed lib test integration_test tool
2026-10-10T20:53:04.5956964Z [36;1mdart format --output=none --set-exit-if-changed lib test integration_test tool[0m
2026-10-10T20:53:04.5998515Z shell: /usr/bin/bash -e {0}
2026-10-10T20:53:04.5998887Z env:
2026-10-10T20:53:04.5999380Z   CARGO_HOME: /home/runner/work/_temp/tandemlog-rust-bootstrap/cargo
2026-10-10T20:53:04.5999964Z   RUSTUP_HOME: /home/runner/work/_temp/tandemlog-rust-bootstrap/rustup
2026-10-10T20:53:04.6000670Z   RUSTUP_UPDATE_ROOT: https://static.rust-lang.org/rustup
2026-10-10T20:53:04.6001138Z   RUSTUP_DIST_SERVER: https://static.rust-lang.org
2026-10-10T20:53:04.6001525Z   RUSTUP_AUTO_INSTALL: 0
2026-10-10T20:53:04.6001985Z   TANDEMLOG_TEXT_TARGET_DIR: /home/runner/work/_temp/tandemlog-rust-bootstrap/target
2026-10-10T20:53:04.6002551Z ##[endgroup]
2026-10-10T20:53:06.0299679Z Formatted 214 files (0 changed) in 1.38 seconds.
2026-10-10T20:53:06.0374261Z ##[group]Run flutter analyze
2026-10-10T20:53:06.0374642Z [36;1mflutter analyze[0m
2026-10-10T20:53:06.0416100Z shell: /usr/bin/bash -e {0}
2026-10-10T20:53:06.0416551Z env:
2026-10-10T20:53:06.0417020Z   CARGO_HOME: /home/runner/work/_temp/tandemlog-rust-bootstrap/cargo
2026-10-10T20:53:06.0417867Z   RUSTUP_HOME: /home/runner/work/_temp/tandemlog-rust-bootstrap/rustup
2026-10-10T20:53:06.0418379Z   RUSTUP_UPDATE_ROOT: https://static.rust-lang.org/rustup
2026-10-10T20:53:06.0418814Z   RUSTUP_DIST_SERVER: https://static.rust-lang.org
2026-10-10T20:53:06.0419213Z   RUSTUP_AUTO_INSTALL: 0
2026-10-10T20:53:06.0419646Z   TANDEMLOG_TEXT_TARGET_DIR: /home/runner/work/_temp/tandemlog-rust-bootstrap/target
2026-10-10T20:53:06.0420282Z ##[endgroup]
2026-10-10T20:53:06.2572590Z Resolving dependencies...
2026-10-10T20:53:06.3289360Z Downloading packages...
2026-10-10T20:53:06.3921323Z   code_assets 1.2.1 (2.1.0 available)
2026-10-10T20:53:06.3921772Z   cross_file 0.3.5+5 (0.4.0 available)
2026-10-10T20:53:06.3922702Z   jni 1.0.3 (1.1.0 available)
2026-10-10T20:53:06.3923202Z   jni_flutter 1.0.3 (1.0.4+1 available)
2026-10-10T20:53:06.3923916Z   material_color_utilities 0.13.0 (0.13.1 available)
2026-10-10T20:53:06.3924455Z   native_toolchain_c 0.19.3 (0.19.5 available)
2026-10-10T20:53:06.3925059Z   objective_c 9.5.0 (9.6.2 available)
2026-10-10T20:53:06.3925542Z   test_api 0.7.12 (0.7.15 available)
2026-10-10T20:53:06.3926104Z   url_launcher 6.3.2 (6.3.3 available)
2026-10-10T20:53:06.3926700Z   vector_math 2.4.0 (2.4.3 available)
2026-10-10T20:53:06.3927158Z Got dependencies!
2026-10-10T20:53:06.3927737Z 10 packages have newer versions incompatible with dependency constraints.
2026-10-10T20:53:06.3928489Z Try `flutter pub outdated` for more information.
2026-10-10T20:53:16.8484759Z Analyzing tandemlog...                                          
2026-10-10T20:53:16.8500710Z No issues found! (ran in 10.0s)
2026-10-10T20:53:16.8612624Z ##[group]Run python tool/build_text_engine.py --platform linux --output-dir "$RUNNER_TEMP/native-unit"
2026-10-10T20:53:16.8613738Z [36;1mpython tool/build_text_engine.py --platform linux --output-dir "$RUNNER_TEMP/native-unit"[0m
2026-10-10T20:53:16.8614689Z [36;1mnative_library="$RUNNER_TEMP/native-unit/libtandemlog_text.so"[0m
2026-10-10T20:53:16.8615621Z [36;1mif [[ "$RUNNER_OS" == Windows ]]; then native_library="$(cygpath -w "$native_library")"; fi[0m
2026-10-10T20:53:16.8616516Z [36;1mpython tool/native_build_gates.py verify_library "$native_library"[0m
2026-10-10T20:53:16.8617292Z [36;1mecho "TANDEMLOG_TEXT_LIBRARY=$native_library" >> "$GITHUB_ENV"[0m
2026-10-10T20:53:16.8673995Z shell: /usr/bin/bash --noprofile --norc -e -o pipefail {0}
2026-10-10T20:53:16.8674586Z env:
2026-10-10T20:53:16.8675184Z   CARGO_HOME: /home/runner/work/_temp/tandemlog-rust-bootstrap/cargo
2026-10-10T20:53:16.8676169Z   RUSTUP_HOME: /home/runner/work/_temp/tandemlog-rust-bootstrap/rustup
2026-10-10T20:53:16.8677136Z   RUSTUP_UPDATE_ROOT: https://static.rust-lang.org/rustup
2026-10-10T20:53:16.8677873Z   RUSTUP_DIST_SERVER: https://static.rust-lang.org
2026-10-10T20:53:16.8678417Z   RUSTUP_AUTO_INSTALL: 0
2026-10-10T20:53:16.8679056Z   TANDEMLOG_TEXT_TARGET_DIR: /home/runner/work/_temp/tandemlog-rust-bootstrap/target
2026-10-10T20:53:16.8679735Z ##[endgroup]
2026-10-10T20:53:17.0126853Z    Compiling proc-macro2 v1.0.107
2026-10-10T20:53:17.0127924Z    Compiling unicode-ident v1.0.26
2026-10-10T20:53:17.0128746Z    Compiling quote v1.0.47
2026-10-10T20:53:17.0129425Z    Compiling libc v0.2.190
2026-10-10T20:53:17.0635816Z    Compiling serde_core v1.0.229
2026-10-10T20:53:17.1414242Z    Compiling rustversion v1.0.23
2026-10-10T20:53:17.2088916Z    Compiling crossbeam-utils v0.8.23
2026-10-10T20:53:17.2396539Z    Compiling zmij v1.0.23
2026-10-10T20:53:17.3041758Z    Compiling pin-project-lite v0.2.17
2026-10-10T20:53:17.3368739Z    Compiling parking_lot_core v0.9.12
2026-10-10T20:53:17.3401339Z    Compiling parking v2.2.1
2026-10-10T20:53:17.3589187Z    Compiling smallvec v1.16.2
2026-10-10T20:53:17.4148542Z    Compiling event-listener v5.4.2
2026-10-10T20:53:17.7323480Z    Compiling thiserror v2.0.21
2026-10-10T20:53:17.8038006Z    Compiling syn v3.0.6
2026-10-10T20:53:17.8708552Z    Compiling serde_json v1.0.151
2026-10-10T20:53:17.9411593Z    Compiling serde v1.0.229
2026-10-10T20:53:18.0631738Z    Compiling cfg-if v1.0.5
2026-10-10T20:53:18.0942260Z    Compiling scopeguard v1.2.0
2026-10-10T20:53:18.1281711Z    Compiling lock_api v0.4.14
2026-10-10T20:53:18.3511605Z    Compiling event-listener-strategy v0.5.4
2026-10-10T20:53:18.9852615Z    Compiling once_cell v1.21.4
2026-10-10T20:53:19.0851543Z    Compiling memchr v2.8.3
2026-10-10T20:53:19.1321661Z    Compiling itoa v1.0.18
2026-10-10T20:53:19.2561563Z    Compiling hashbrown v0.14.5
2026-10-10T20:53:19.8827919Z    Compiling dashmap v6.2.1
2026-10-10T20:53:19.8931711Z    Compiling arc-swap v1.9.2
2026-10-10T20:53:20.1312023Z    Compiling async-lock v3.4.2
2026-10-10T20:53:20.3081347Z    Compiling smallstr v0.3.1
2026-10-10T20:53:20.4251354Z    Compiling fastrand v2.5.0
2026-10-10T20:53:20.6474046Z    Compiling base64 v0.22.1
2026-10-10T20:53:21.0051629Z    Compiling serde_derive v1.0.229
2026-10-10T20:53:21.0052007Z    Compiling thiserror-impl v2.0.21
2026-10-10T20:53:21.0081242Z    Compiling async-trait v0.1.92
2026-10-10T20:53:22.8424218Z    Compiling yrs v0.28.0 (/home/runner/work/tandemlog/tandemlog/native/text_engine/vendor/yrs-0.28.0)
2026-10-10T20:53:22.9989683Z warning: unused imports: `BlockRange` and `Block`
2026-10-10T20:53:22.9990518Z  --> vendor/yrs-0.28.0/src/transaction.rs:1:20
2026-10-10T20:53:22.9990912Z   |
2026-10-10T20:53:22.9997185Z 1 | use crate::block::{Block, BlockRange, Item, ItemContent, ItemPosition, ItemPtr, Prelim, ID};
2026-10-10T20:53:22.9997629Z   |                    ^^^^^  ^^^^^^^^^^
2026-10-10T20:53:22.9997870Z   |
2026-10-10T20:53:22.9998438Z   = note: `#[warn(unused_imports)]` (part of `#[warn(unused)]`) on by default
2026-10-10T20:53:22.9998722Z 
2026-10-10T20:53:23.0003588Z warning: unused import: `Block`
2026-10-10T20:53:23.0003970Z  --> vendor/yrs-0.28.0/src/block_iter.rs:1:20
2026-10-10T20:53:23.0004325Z   |
2026-10-10T20:53:23.0004729Z 1 | use crate::block::{Block, Item, ItemContent, ItemPtr, Prelim};
2026-10-10T20:53:23.0005206Z   |                    ^^^^^
2026-10-10T20:53:23.0005407Z 
2026-10-10T20:53:23.0011592Z warning: unused import: `ItemContent`
2026-10-10T20:53:23.0011980Z  --> vendor/yrs-0.28.0/src/iter.rs:1:20
2026-10-10T20:53:23.0012318Z   |
2026-10-10T20:53:23.0012619Z 1 | use crate::block::{ItemContent, ItemPtr};
2026-10-10T20:53:23.0013007Z   |                    ^^^^^^^^^^^
2026-10-10T20:53:23.0013235Z 
2026-10-10T20:53:23.0013738Z warning: unused imports: `SmallVec` and `smallvec`
2026-10-10T20:53:23.0014125Z  --> vendor/yrs-0.28.0/src/iter.rs:4:16
2026-10-10T20:53:23.0014430Z   |
2026-10-10T20:53:23.0014697Z 4 | use smallvec::{smallvec, SmallVec};
2026-10-10T20:53:23.0015153Z   |                ^^^^^^^^  ^^^^^^^^
2026-10-10T20:53:23.0015399Z 
2026-10-10T20:53:23.5567353Z warning: unused import: `crate::utils::OptionExt`
2026-10-10T20:53:23.5567846Z   --> vendor/yrs-0.28.0/src/doc.rs:10:5
2026-10-10T20:53:23.5568173Z    |
2026-10-10T20:53:23.5568414Z 10 | use crate::utils::OptionExt;
2026-10-10T20:53:23.5568700Z    |     ^^^^^^^^^^^^^^^^^^^^^^^
2026-10-10T20:53:23.5568861Z 
2026-10-10T20:53:23.5797980Z warning: value assigned to `left` is never read
2026-10-10T20:53:23.5798434Z    --> vendor/yrs-0.28.0/src/block.rs:494:24
2026-10-10T20:53:23.5798813Z     |
2026-10-10T20:53:23.5799072Z 494 |         let mut left = None;
2026-10-10T20:53:23.5799504Z     |                        ^^^^ this value is reassigned later and never used
2026-10-10T20:53:23.5799945Z ...
2026-10-10T20:53:23.5800569Z 540 |                 left = parent_branch.map.get(sub).cloned();
2026-10-10T20:53:23.5801338Z     |                 ------------------------------------------ `left` is overwritten here before the previous value is read
2026-10-10T20:53:23.5801833Z     |
2026-10-10T20:53:23.5802182Z     = note: `#[warn(unused_assignments)]` (part of `#[warn(unused)]`) on by default
2026-10-10T20:53:23.5802520Z 
2026-10-10T20:53:23.5873337Z warning: unused variable: `ptr`
2026-10-10T20:53:23.5873747Z    --> vendor/yrs-0.28.0/src/block.rs:886:21
2026-10-10T20:53:23.5874091Z     |
2026-10-10T20:53:23.5874509Z 886 |                 let ptr = BranchPtr::from(branch);
2026-10-10T20:53:23.5875088Z     |                     ^^^ help: if this is intentional, prefix it with an underscore: `_ptr`
2026-10-10T20:53:23.5875562Z     |
2026-10-10T20:53:23.5875934Z     = note: `#[warn(unused_variables)]` (part of `#[warn(unused)]`) on by default
2026-10-10T20:53:23.5876298Z 
2026-10-10T20:53:23.7236724Z warning: unused variable: `ptr`
2026-10-10T20:53:23.7237182Z    --> vendor/yrs-0.28.0/src/transaction.rs:778:13
2026-10-10T20:53:23.7237550Z     |
2026-10-10T20:53:23.7237771Z 778 |         let ptr = item.clone();
2026-10-10T20:53:23.7238172Z     |             ^^^ help: if this is intentional, prefix it with an underscore: `_ptr`
2026-10-10T20:53:23.7238453Z 
2026-10-10T20:53:23.7275320Z warning: variable does not need to be mutable
2026-10-10T20:53:23.7275766Z    --> vendor/yrs-0.28.0/src/transaction.rs:958:13
2026-10-10T20:53:23.7276150Z     |
2026-10-10T20:53:23.7276435Z 958 |         let mut block = Item::new(
2026-10-10T20:53:23.7276703Z     |             ----^^^^^
2026-10-10T20:53:23.7276949Z     |             |
2026-10-10T20:53:23.7277166Z     |             help: remove this `mut`
2026-10-10T20:53:23.7277410Z     |
2026-10-10T20:53:23.7277685Z     = note: `#[warn(unused_mut)]` (part of `#[warn(unused)]`) on by default
2026-10-10T20:53:23.7277931Z 
2026-10-10T20:53:24.2137939Z warning: variable does not need to be mutable
2026-10-10T20:53:24.2138317Z    --> vendor/yrs-0.28.0/src/undo.rs:133:13
2026-10-10T20:53:24.2138577Z     |
2026-10-10T20:53:24.2138874Z 133 |         let mut state = Arc::new(Inner {
2026-10-10T20:53:24.2139367Z     |             ----^^^^^
2026-10-10T20:53:24.2139612Z     |             |
2026-10-10T20:53:24.2139837Z     |             help: remove this `mut`
2026-10-10T20:53:24.2140013Z 
2026-10-10T20:53:24.2261292Z warning: unused variable: `clear_undo`
2026-10-10T20:53:24.2261710Z    --> vendor/yrs-0.28.0/src/undo.rs:379:34
2026-10-10T20:53:24.2262128Z     |
2026-10-10T20:53:24.2262428Z 379 |     fn clear_internal(&mut self, clear_undo: bool, clear_redo: bool) {
2026-10-10T20:53:24.2262964Z     |                                  ^^^^^^^^^^ help: if this is intentional, prefix it with an underscore: `_clear_undo`
2026-10-10T20:53:24.2263365Z 
2026-10-10T20:53:24.2263473Z warning: unused variable: `clear_redo`
2026-10-10T20:53:24.2263760Z    --> vendor/yrs-0.28.0/src/undo.rs:379:52
2026-10-10T20:53:24.2264027Z     |
2026-10-10T20:53:24.2264307Z 379 |     fn clear_internal(&mut self, clear_undo: bool, clear_redo: bool) {
2026-10-10T20:53:24.2264841Z     |                                                    ^^^^^^^^^^ help: if this is intentional, prefix it with an underscore: `_clear_redo`
2026-10-10T20:53:24.2265304Z 
2026-10-10T20:53:24.2660762Z warning: method `as_item` is never used
2026-10-10T20:53:24.2661425Z    --> vendor/yrs-0.28.0/src/block.rs:198:12
2026-10-10T20:53:24.2661716Z     |
2026-10-10T20:53:24.2661977Z 183 | impl<'a> BlockRef<'a> {
2026-10-10T20:53:24.2662275Z     | --------------------- method in this implementation
2026-10-10T20:53:24.2662565Z ...
2026-10-10T20:53:24.2662814Z 198 |     pub fn as_item(&self) -> Option<&'a Item> {
2026-10-10T20:53:24.2663102Z     |            ^^^^^^^
2026-10-10T20:53:24.2663318Z     |
2026-10-10T20:53:24.2663595Z     = note: `#[warn(dead_code)]` (part of `#[warn(unused)]`) on by default
2026-10-10T20:53:24.2663860Z 
2026-10-10T20:53:24.2664023Z warning: methods `last_id`, `is_item`, and `is_gc` are never used
2026-10-10T20:53:24.2664385Z    --> vendor/yrs-0.28.0/src/block.rs:264:12
2026-10-10T20:53:24.2664649Z     |
2026-10-10T20:53:24.2664868Z 221 | impl Block {
2026-10-10T20:53:24.2665121Z     | ---------- methods in this implementation
2026-10-10T20:53:24.2665395Z ...
2026-10-10T20:53:24.2665597Z 264 |     pub fn last_id(&self) -> ID {
2026-10-10T20:53:24.2665859Z     |            ^^^^^^^
2026-10-10T20:53:24.2666071Z ...
2026-10-10T20:53:24.2666277Z 281 |     pub fn is_item(&self) -> bool {
2026-10-10T20:53:24.2666539Z     |            ^^^^^^^
2026-10-10T20:53:24.2666748Z ...
2026-10-10T20:53:24.2666946Z 291 |     pub fn is_gc(&self) -> bool {
2026-10-10T20:53:24.2667210Z     |            ^^^^^
2026-10-10T20:53:24.2667347Z 
2026-10-10T20:53:24.2667470Z warning: method `delete_as_cleanup` is never used
2026-10-10T20:53:24.2667776Z    --> vendor/yrs-0.28.0/src/block.rs:632:19
2026-10-10T20:53:24.2668036Z     |
2026-10-10T20:53:24.2668221Z 444 | impl ItemPtr {
2026-10-10T20:53:24.2668462Z     | ------------ method in this implementation
2026-10-10T20:53:24.2668725Z ...
2026-10-10T20:53:24.2669044Z 632 |     pub(crate) fn delete_as_cleanup(&self, txn: &mut TransactionMut, is_local: bool) {
2026-10-10T20:53:24.2669457Z     |                   ^^^^^^^^^^^^^^^^^
2026-10-10T20:53:24.2669625Z 
2026-10-10T20:53:24.2669729Z warning: method `integrate` is never used
2026-10-10T20:53:24.2670012Z     --> vendor/yrs-0.28.0/src/block.rs:1415:19
2026-10-10T20:53:24.2670560Z      |
2026-10-10T20:53:24.2670849Z 1354 | impl BlockRange {
2026-10-10T20:53:24.2671237Z      | --------------- method in this implementation
2026-10-10T20:53:24.2671654Z ...
2026-10-10T20:53:24.2672037Z 1415 |     pub(crate) fn integrate(&mut self, pivot: u32) -> bool {
2026-10-10T20:53:24.2672541Z      |                   ^^^^^^^^^
2026-10-10T20:53:24.2672774Z 
2026-10-10T20:53:24.2672941Z warning: method `contains` is never used
2026-10-10T20:53:24.2673405Z    --> vendor/yrs-0.28.0/src/block_store.rs:300:12
2026-10-10T20:53:24.2673812Z     |
2026-10-10T20:53:24.2674089Z 289 | impl BlockStore {
2026-10-10T20:53:24.2674485Z     | --------------- method in this implementation
2026-10-10T20:53:24.2674774Z ...
2026-10-10T20:53:24.2675163Z 300 |     pub fn contains(&self, id: &ID) -> bool {
2026-10-10T20:53:24.2675434Z     |            ^^^^^^^^
2026-10-10T20:53:24.2675566Z 
2026-10-10T20:53:24.2675703Z warning: constant `WEAK_REF_FLAGS_QUOTE` is never used
2026-10-10T20:53:24.2676016Z    --> vendor/yrs-0.28.0/src/types/mod.rs:230:7
2026-10-10T20:53:24.2676277Z     |
2026-10-10T20:53:24.2676489Z 230 | const WEAK_REF_FLAGS_QUOTE: u8 = 0b0000_0001;
2026-10-10T20:53:24.2676764Z     |       ^^^^^^^^^^^^^^^^^^^^
2026-10-10T20:53:24.2676913Z 
2026-10-10T20:53:24.2677056Z warning: constant `WEAK_REF_FLAGS_START_ASSOC` is never used
2026-10-10T20:53:24.2677377Z    --> vendor/yrs-0.28.0/src/types/mod.rs:232:7
2026-10-10T20:53:24.2677637Z     |
2026-10-10T20:53:24.2677857Z 232 | const WEAK_REF_FLAGS_START_ASSOC: u8 = 0b0000_0010;
2026-10-10T20:53:24.2678139Z     |       ^^^^^^^^^^^^^^^^^^^^^^^^^^
2026-10-10T20:53:24.2678288Z 
2026-10-10T20:53:24.2678430Z warning: constant `WEAK_REF_FLAGS_END_ASSOC` is never used
2026-10-10T20:53:24.2678856Z    --> vendor/yrs-0.28.0/src/types/mod.rs:234:7
2026-10-10T20:53:24.2679105Z     |
2026-10-10T20:53:24.2679320Z 234 | const WEAK_REF_FLAGS_END_ASSOC: u8 = 0b0000_0100;
2026-10-10T20:53:24.2679597Z     |       ^^^^^^^^^^^^^^^^^^^^^^^^
2026-10-10T20:53:24.2679752Z 
2026-10-10T20:53:24.2679908Z warning: constant `WEAK_REF_FLAGS_START_UNBOUNDED` is never used
2026-10-10T20:53:24.2680347Z    --> vendor/yrs-0.28.0/src/types/mod.rs:236:7
2026-10-10T20:53:24.2681074Z     |
2026-10-10T20:53:24.2681315Z 236 | const WEAK_REF_FLAGS_START_UNBOUNDED: u8 = 0b0000_1000;
2026-10-10T20:53:24.2681622Z     |       ^^^^^^^^^^^^^^^^^^^^^^^^^^^^^^
2026-10-10T20:53:24.2681781Z 
2026-10-10T20:53:24.2681939Z warning: constant `WEAK_REF_FLAGS_END_UNBOUNDED` is never used
2026-10-10T20:53:24.2682276Z    --> vendor/yrs-0.28.0/src/types/mod.rs:238:7
2026-10-10T20:53:24.2682534Z     |
2026-10-10T20:53:24.2682763Z 238 | const WEAK_REF_FLAGS_END_UNBOUNDED: u8 = 0b0001_0000;
2026-10-10T20:53:24.2683057Z     |       ^^^^^^^^^^^^^^^^^^^^^^^^^^^^
2026-10-10T20:53:24.2683226Z 
2026-10-10T20:53:24.2683372Z warning: constant `WEAK_REF_FLAGS_PARENT_ROOT` is never used
2026-10-10T20:53:24.2683702Z    --> vendor/yrs-0.28.0/src/types/mod.rs:240:7
2026-10-10T20:53:24.2683951Z     |
2026-10-10T20:53:24.2684170Z 240 | const WEAK_REF_FLAGS_PARENT_ROOT: u8 = 0b0010_0000;
2026-10-10T20:53:24.2684460Z     |       ^^^^^^^^^^^^^^^^^^^^^^^^^^
2026-10-10T20:53:24.2684606Z 
2026-10-10T20:53:24.2684769Z warning: field `txn` is never read
2026-10-10T20:53:24.2685026Z    --> vendor/yrs-0.28.0/src/types/mod.rs:538:5
2026-10-10T20:53:24.2685271Z     |
2026-10-10T20:53:24.2685470Z 536 | pub(crate) struct Entries<'a, B, T> {
2026-10-10T20:53:24.2685761Z     |                   ------- field in this struct
2026-10-10T20:53:24.2686171Z 537 |     iter: std::collections::hash_map::Iter<'a, Arc<str>, ItemPtr>,
2026-10-10T20:53:24.2686498Z 538 |     txn: B,
2026-10-10T20:53:24.2686694Z     |     ^^^
2026-10-10T20:53:24.2686877Z     |
2026-10-10T20:53:24.2687290Z     = note: `Entries` has a derived impl for the trait `Debug`, but this is intentionally ignored during dead code analysis
2026-10-10T20:53:24.2687689Z 
2026-10-10T20:53:24.2687799Z warning: method `as_id_set` is never used
2026-10-10T20:53:24.2688076Z   --> vendor/yrs-0.28.0/src/update.rs:48:12
2026-10-10T20:53:24.2688326Z    |
2026-10-10T20:53:24.2688505Z 28 | impl BlockSet {
2026-10-10T20:53:24.2688739Z    | ------------- method in this implementation
2026-10-10T20:53:24.2688997Z ...
2026-10-10T20:53:24.2689191Z 48 |     pub fn as_id_set(&self) -> IdSet {
2026-10-10T20:53:24.2689439Z    |            ^^^^^^^^^
2026-10-10T20:53:24.2689572Z 
2026-10-10T20:53:24.2689767Z warning: associated functions `next_target` and `return_stack` are never used
2026-10-10T20:53:24.2690423Z    --> vendor/yrs-0.28.0/src/update.rs:503:8
2026-10-10T20:53:24.2690690Z     |
2026-10-10T20:53:24.2690871Z 169 | impl Update {
2026-10-10T20:53:24.2691135Z     | ----------- associated functions in this implementation
2026-10-10T20:53:24.2691431Z ...
2026-10-10T20:53:24.2691730Z 503 |     fn next_target<'a, 'b>(
2026-10-10T20:53:24.2691963Z     |        ^^^^^^^^^^^
2026-10-10T20:53:24.2692168Z ...
2026-10-10T20:53:24.2692489Z 526 |     fn return_stack(stack: Vec<Block>, refs: &mut BlockSet, remaining: &mut BlockSet) {
2026-10-10T20:53:24.2692858Z     |        ^^^^^^^^^^^^
2026-10-10T20:53:24.2692994Z 
2026-10-10T20:53:24.2693153Z warning: methods `forward`, `backward`, and `values` are never used
2026-10-10T20:53:24.2693513Z    --> vendor/yrs-0.28.0/src/block_iter.rs:76:12
2026-10-10T20:53:24.2693766Z     |
2026-10-10T20:53:24.2693944Z  18 | impl BlockIter {
2026-10-10T20:53:24.2694180Z     | -------------- methods in this implementation
2026-10-10T20:53:24.2694437Z ...
2026-10-10T20:53:24.2694673Z  76 |     pub fn forward<T: ReadTxn>(&mut self, txn: &T, len: u32) {
2026-10-10T20:53:24.2694970Z     |            ^^^^^^^
2026-10-10T20:53:24.2695166Z ...
2026-10-10T20:53:24.2695429Z 130 |     pub fn backward<T: ReadTxn>(&mut self, txn: &mut T, mut len: u32) {
2026-10-10T20:53:24.2695835Z     |            ^^^^^^^^
2026-10-10T20:53:24.2696032Z ...
2026-10-10T20:53:24.2696377Z 369 |     pub fn values<'a, 'txn, T: ReadTxn>(
2026-10-10T20:53:24.2696641Z     |            ^^^^^^
2026-10-10T20:53:24.2696771Z 
2026-10-10T20:53:24.2696879Z warning: struct `Values` is never constructed
2026-10-10T20:53:24.2697176Z    --> vendor/yrs-0.28.0/src/block_iter.rs:377:12
2026-10-10T20:53:24.2697442Z     |
2026-10-10T20:53:24.2697856Z 377 | pub struct Values<'a, 'txn> {
2026-10-10T20:53:24.2698128Z     |            ^^^^^^
2026-10-10T20:53:24.2698277Z 
2026-10-10T20:53:24.2698429Z warning: associated function `new` is never used
2026-10-10T20:53:24.2698788Z    --> vendor/yrs-0.28.0/src/block_iter.rs:383:8
2026-10-10T20:53:24.2699114Z     |
2026-10-10T20:53:24.2699339Z 382 | impl<'a, 'txn> Values<'a, 'txn> {
2026-10-10T20:53:24.2699755Z     | ------------------------------- associated function in this implementation
2026-10-10T20:53:24.2700474Z 383 |     fn new(iter: &'a mut BlockIter, txn: &'txn mut TransactionMut<'txn>) -> Self {
2026-10-10T20:53:24.2700947Z     |        ^^^
2026-10-10T20:53:24.2701102Z 
2026-10-10T20:53:24.2701237Z warning: method `remove_at` is never used
2026-10-10T20:53:24.2701590Z    --> vendor/yrs-0.28.0/src/branch.rs:398:19
2026-10-10T20:53:24.2701889Z     |
2026-10-10T20:53:24.2702093Z 222 | impl Branch {
2026-10-10T20:53:24.2702392Z     | ----------- method in this implementation
2026-10-10T20:53:24.2702684Z ...
2026-10-10T20:53:24.2703005Z 398 |     pub(crate) fn remove_at(&self, txn: &mut TransactionMut, index: u32, len: u32) -> u32 {
2026-10-10T20:53:24.2703398Z     |                   ^^^^^^^^^
2026-10-10T20:53:24.2703547Z 
2026-10-10T20:53:24.2703647Z warning: method `inner_mut` is never used
2026-10-10T20:53:24.2703914Z    --> vendor/yrs-0.28.0/src/ids.rs:548:19
2026-10-10T20:53:24.2704156Z     |
2026-10-10T20:53:24.2704346Z  58 | impl<T: Merge> IdRanges<T> {
2026-10-10T20:53:24.2704624Z     | -------------------------- method in this implementation
2026-10-10T20:53:24.2704919Z ...
2026-10-10T20:53:24.2705197Z 548 |     pub(crate) fn inner_mut(&mut self) -> &mut SmallVec<[(Range<u32>, T); 1]> {
2026-10-10T20:53:24.2705543Z     |                   ^^^^^^^^^
2026-10-10T20:53:24.2705689Z 
2026-10-10T20:53:24.2705798Z warning: trait `BlockIterator` is never used
2026-10-10T20:53:24.2706071Z  --> vendor/yrs-0.28.0/src/iter.rs:7:18
2026-10-10T20:53:24.2706310Z   |
2026-10-10T20:53:24.2706571Z 7 | pub(crate) trait BlockIterator: Iterator<Item = ItemPtr> + Sized {
2026-10-10T20:53:24.2706898Z   |                  ^^^^^^^^^^^^^
2026-10-10T20:53:24.2707041Z 
2026-10-10T20:53:24.2707164Z warning: trait `BlockSliceIterator` is never used
2026-10-10T20:53:24.2707452Z   --> vendor/yrs-0.28.0/src/iter.rs:16:18
2026-10-10T20:53:24.2707688Z    |
2026-10-10T20:53:24.2707973Z 16 | pub(crate) trait BlockSliceIterator: Iterator<Item = ItemSlice> + Sized {
2026-10-10T20:53:24.2708330Z    |                  ^^^^^^^^^^^^^^^^^^
2026-10-10T20:53:24.2708493Z 
2026-10-10T20:53:24.2708758Z warning: struct `RangeIter` is never constructed
2026-10-10T20:53:24.2709047Z    --> vendor/yrs-0.28.0/src/iter.rs:106:19
2026-10-10T20:53:24.2709293Z     |
2026-10-10T20:53:24.2709564Z 106 | pub(crate) struct RangeIter<I> {
2026-10-10T20:53:24.2709908Z     |                   ^^^^^^^^^
2026-10-10T20:53:24.2710212Z 
2026-10-10T20:53:24.2710431Z warning: associated items `new` and `begin` are never used
2026-10-10T20:53:24.2711050Z    --> vendor/yrs-0.28.0/src/iter.rs:117:8
2026-10-10T20:53:24.2711496Z     |
2026-10-10T20:53:24.2711708Z 113 | / impl<I> RangeIter<I>
2026-10-10T20:53:24.2711929Z 114 | | where
2026-10-10T20:53:24.2712138Z 115 | |     I: Iterator<Item = ItemPtr>,
2026-10-10T20:53:24.2712461Z     | |________________________________- associated items in this implementation
2026-10-10T20:53:24.2712780Z 116 |   {
2026-10-10T20:53:24.2713063Z 117 |       fn new(iter: I, start: StickyIndex, end: StickyIndex) -> Self {
2026-10-10T20:53:24.2713390Z     |          ^^^
2026-10-10T20:53:24.2713658Z ...
2026-10-10T20:53:24.2713921Z 126 |       fn begin(&mut self, start_offset: &mut u32) -> Option<ItemPtr> {
2026-10-10T20:53:24.2714243Z     |          ^^^^^
2026-10-10T20:53:24.2714367Z 
2026-10-10T20:53:24.2714473Z warning: enum `RangeIterState` is never used
2026-10-10T20:53:24.2714754Z    --> vendor/yrs-0.28.0/src/iter.rs:234:6
2026-10-10T20:53:24.2714995Z     |
2026-10-10T20:53:24.2715184Z 234 | enum RangeIterState {
2026-10-10T20:53:24.2715408Z     |      ^^^^^^^^^^^^^^
2026-10-10T20:53:24.2715539Z 
2026-10-10T20:53:24.2715652Z warning: struct `Values` is never constructed
2026-10-10T20:53:24.2715931Z    --> vendor/yrs-0.28.0/src/iter.rs:245:19
2026-10-10T20:53:24.2716166Z     |
2026-10-10T20:53:24.2716351Z 245 | pub(crate) struct Values<I> {
2026-10-10T20:53:24.2716595Z     |                   ^^^^^^
2026-10-10T20:53:24.2716737Z 
2026-10-10T20:53:24.2716850Z warning: associated function `new` is never used
2026-10-10T20:53:24.2717135Z    --> vendor/yrs-0.28.0/src/iter.rs:251:8
2026-10-10T20:53:24.2717376Z     |
2026-10-10T20:53:24.2717558Z 250 | impl<I> Values<I> {
2026-10-10T20:53:24.2717841Z     | ----------------- associated function in this implementation
2026-10-10T20:53:24.2718146Z 251 |     fn new(iter: I) -> Self {
2026-10-10T20:53:24.2718373Z     |        ^^^
2026-10-10T20:53:24.2718479Z 
2026-10-10T20:53:24.2718577Z warning: field `txn` is never read
2026-10-10T20:53:24.2718824Z    --> vendor/yrs-0.28.0/src/iter.rs:287:5
2026-10-10T20:53:24.2719060Z     |
2026-10-10T20:53:24.2719243Z 286 | pub struct AsIter<'a, T, I> {
2026-10-10T20:53:24.2719493Z     |            ------ field in this struct
2026-10-10T20:53:24.2719733Z 287 |     txn: &'a T,
2026-10-10T20:53:24.2719931Z     |     ^^^
2026-10-10T20:53:24.2720303Z     |
2026-10-10T20:53:24.2720723Z     = note: `AsIter` has a derived impl for the trait `Debug`, but this is intentionally ignored during dead code analysis
2026-10-10T20:53:24.2721106Z 
2026-10-10T20:53:24.2721310Z warning: methods `adjacent`, `contains_id`, `right`, and `left` are never used
2026-10-10T20:53:24.2721698Z    --> vendor/yrs-0.28.0/src/slice.rs:164:12
2026-10-10T20:53:24.2721946Z     |
2026-10-10T20:53:24.2722130Z 105 | impl ItemSlice {
2026-10-10T20:53:24.2722372Z     | -------------- methods in this implementation
2026-10-10T20:53:24.2722629Z ...
2026-10-10T20:53:24.2722821Z 164 |     pub fn adjacent(&self) -> bool {
2026-10-10T20:53:24.2723067Z     |            ^^^^^^^^
2026-10-10T20:53:24.2723263Z ...
2026-10-10T20:53:24.2723480Z 179 |     pub fn contains_id(&self, id: &ID) -> bool {
2026-10-10T20:53:24.2723757Z     |            ^^^^^^^^^^^
2026-10-10T20:53:24.2723962Z ...
2026-10-10T20:53:24.2724171Z 249 |     pub fn right(&self) -> Option<ItemSlice> {
2026-10-10T20:53:24.2724441Z     |            ^^^^^
2026-10-10T20:53:24.2724628Z ...
2026-10-10T20:53:24.2724829Z 269 |     pub fn left(&self) -> Option<ItemSlice> {
2026-10-10T20:53:24.2725095Z     |            ^^^^
2026-10-10T20:53:24.2725221Z 
2026-10-10T20:53:24.2725367Z warning: methods `within_range` and `get_item` are never used
2026-10-10T20:53:24.2725785Z    --> vendor/yrs-0.28.0/src/sticky_index.rs:272:19
2026-10-10T20:53:24.2726053Z     |
2026-10-10T20:53:24.2726240Z  51 | impl StickyIndex {
2026-10-10T20:53:24.2726493Z     | ---------------- methods in this implementation
2026-10-10T20:53:24.2726755Z ...
2026-10-10T20:53:24.2727020Z 272 |     pub(crate) fn within_range(&self, ptr: Option<ItemPtr>) -> bool {
2026-10-10T20:53:24.2727358Z     |                   ^^^^^^^^^^^^
2026-10-10T20:53:24.2727579Z ...
2026-10-10T20:53:24.2727852Z 287 |     pub(crate) fn get_item<T: ReadTxn>(&self, txn: &T) -> Option<ItemPtr> {
2026-10-10T20:53:24.2728197Z     |                   ^^^^^^^^
2026-10-10T20:53:24.2728343Z 
2026-10-10T20:53:24.2728535Z warning: hiding a lifetime that's elided elsewhere is confusing
2026-10-10T20:53:24.2728870Z   --> vendor/yrs-0.28.0/src/event.rs:63:18
2026-10-10T20:53:24.2729172Z    |
2026-10-10T20:53:24.2729507Z 63 |     pub fn added(&self) -> SubdocsEventIter {
2026-10-10T20:53:24.2730228Z    |                  ^^^^^     ^^^^^^^^^^^^^^^^ the same lifetime is hidden here
2026-10-10T20:53:24.2730661Z    |                  |
2026-10-10T20:53:24.2730963Z    |                  the lifetime is elided here
2026-10-10T20:53:24.2731293Z    |
2026-10-10T20:53:24.2731732Z    = help: the same lifetime is referred to in inconsistent ways, making the signature confusing
2026-10-10T20:53:24.2732286Z    = note: `#[warn(mismatched_lifetime_syntaxes)]` on by default
2026-10-10T20:53:24.2732745Z help: use `'_` for type paths
2026-10-10T20:53:24.2733033Z    |
2026-10-10T20:53:24.2733320Z 63 |     pub fn added(&self) -> SubdocsEventIter<'_> {
2026-10-10T20:53:24.2733616Z    |                                            ++++
2026-10-10T20:53:24.2733814Z 
2026-10-10T20:53:24.2734037Z warning: hiding a lifetime that's elided elsewhere is confusing
2026-10-10T20:53:24.2734487Z   --> vendor/yrs-0.28.0/src/event.rs:69:20
2026-10-10T20:53:24.2734849Z    |
2026-10-10T20:53:24.2735128Z 69 |     pub fn removed(&self) -> SubdocsEventIter {
2026-10-10T20:53:24.2735587Z    |                    ^^^^^     ^^^^^^^^^^^^^^^^ the same lifetime is hidden here
2026-10-10T20:53:24.2735884Z    |                    |
2026-10-10T20:53:24.2736230Z    |                    the lifetime is elided here
2026-10-10T20:53:24.2736556Z    |
2026-10-10T20:53:24.2736993Z    = help: the same lifetime is referred to in inconsistent ways, making the signature confusing
2026-10-10T20:53:24.2737559Z help: use `'_` for type paths
2026-10-10T20:53:24.2737772Z    |
2026-10-10T20:53:24.2737993Z 69 |     pub fn removed(&self) -> SubdocsEventIter<'_> {
2026-10-10T20:53:24.2738288Z    |                                              ++++
2026-10-10T20:53:24.2738468Z 
2026-10-10T20:53:24.2738616Z warning: hiding a lifetime that's elided elsewhere is confusing
2026-10-10T20:53:24.2738946Z   --> vendor/yrs-0.28.0/src/event.rs:75:19
2026-10-10T20:53:24.2739193Z    |
2026-10-10T20:53:24.2739401Z 75 |     pub fn loaded(&self) -> SubdocsEventIter {
2026-10-10T20:53:24.2739732Z    |                   ^^^^^     ^^^^^^^^^^^^^^^^ the same lifetime is hidden here
2026-10-10T20:53:24.2740264Z    |                   |
2026-10-10T20:53:24.2740623Z    |                   the lifetime is elided here
2026-10-10T20:53:24.2741013Z    |
2026-10-10T20:53:24.2741506Z    = help: the same lifetime is referred to in inconsistent ways, making the signature confusing
2026-10-10T20:53:24.2742065Z help: use `'_` for type paths
2026-10-10T20:53:24.2742356Z    |
2026-10-10T20:53:24.2742579Z 75 |     pub fn loaded(&self) -> SubdocsEventIter<'_> {
2026-10-10T20:53:24.2742883Z    |                                             ++++
2026-10-10T20:53:24.2743054Z 
2026-10-10T20:53:24.2743257Z warning: hiding a lifetime that's elided elsewhere is confusing
2026-10-10T20:53:24.2743937Z    --> vendor/yrs-0.28.0/src/store.rs:358:20
2026-10-10T20:53:24.2744275Z     |
2026-10-10T20:53:24.2744502Z 358 |     pub fn subdocs(&self) -> SubdocsIter {
2026-10-10T20:53:24.2744915Z     |                    ^^^^^     ^^^^^^^^^^^ the same lifetime is hidden here
2026-10-10T20:53:24.2745209Z     |                    |
2026-10-10T20:53:24.2745443Z     |                    the lifetime is elided here
2026-10-10T20:53:24.2745695Z     |
2026-10-10T20:53:24.2746028Z     = help: the same lifetime is referred to in inconsistent ways, making the signature confusing
2026-10-10T20:53:24.2746432Z help: use `'_` for type paths
2026-10-10T20:53:24.2746651Z     |
2026-10-10T20:53:24.2746861Z 358 |     pub fn subdocs(&self) -> SubdocsIter<'_> {
2026-10-10T20:53:24.2747139Z     |                                         ++++
2026-10-10T20:53:24.2747313Z 
2026-10-10T20:53:24.2747468Z warning: hiding a lifetime that's elided elsewhere is confusing
2026-10-10T20:53:24.2747788Z    --> vendor/yrs-0.28.0/src/store.rs:364:25
2026-10-10T20:53:24.2748026Z     |
2026-10-10T20:53:24.2748238Z 364 |     pub fn subdoc_guids(&self) -> SubdocGuids {
2026-10-10T20:53:24.2748553Z     |                         ^^^^^     ^^^^^^^^^^^ the same lifetime is hidden here
2026-10-10T20:53:24.2748986Z     |                         |
2026-10-10T20:53:24.2749228Z     |                         the lifetime is elided here
2026-10-10T20:53:24.2749552Z     |
2026-10-10T20:53:24.2749895Z     = help: the same lifetime is referred to in inconsistent ways, making the signature confusing
2026-10-10T20:53:24.2750529Z help: use `'_` for type paths
2026-10-10T20:53:24.2750747Z     |
2026-10-10T20:53:24.2750974Z 364 |     pub fn subdoc_guids(&self) -> SubdocGuids<'_> {
2026-10-10T20:53:24.2751272Z     |                                              ++++
2026-10-10T20:53:24.2751446Z 
2026-10-10T20:53:24.2751602Z warning: hiding a lifetime that's elided elsewhere is confusing
2026-10-10T20:53:24.2751935Z    --> vendor/yrs-0.28.0/src/store.rs:444:28
2026-10-10T20:53:24.2752178Z     |
2026-10-10T20:53:24.2752441Z 444 |     pub(crate) fn try_read(&self) -> Option<RwLockReadGuard<Store>> {
2026-10-10T20:53:24.2752848Z     |                            ^^^^^            ^^^^^^^^^^^^^^^^^^^^^^ the same lifetime is hidden here
2026-10-10T20:53:24.2753192Z     |                            |
2026-10-10T20:53:24.2753449Z     |                            the lifetime is elided here
2026-10-10T20:53:24.2753703Z     |
2026-10-10T20:53:24.2754026Z     = help: the same lifetime is referred to in inconsistent ways, making the signature confusing
2026-10-10T20:53:24.2754419Z help: use `'_` for type paths
2026-10-10T20:53:24.2754633Z     |
2026-10-10T20:53:24.2754900Z 444 |     pub(crate) fn try_read(&self) -> Option<RwLockReadGuard<'_, Store>> {
2026-10-10T20:53:24.2755261Z     |                                                             +++
2026-10-10T20:53:24.2755449Z 
2026-10-10T20:53:24.2755592Z warning: hiding a lifetime that's elided elsewhere is confusing
2026-10-10T20:53:24.2755912Z    --> vendor/yrs-0.28.0/src/store.rs:449:33
2026-10-10T20:53:24.2756161Z     |
2026-10-10T20:53:24.2756413Z 449 |     pub(crate) fn read_blocking(&self) -> RwLockReadGuard<Store> {
2026-10-10T20:53:24.2756804Z     |                                 ^^^^^     ^^^^^^^^^^^^^^^^^^^^^^ the same lifetime is hidden here
2026-10-10T20:53:24.2757132Z     |                                 |
2026-10-10T20:53:24.2757398Z     |                                 the lifetime is elided here
2026-10-10T20:53:24.2757662Z     |
2026-10-10T20:53:24.2757981Z     = help: the same lifetime is referred to in inconsistent ways, making the signature confusing
2026-10-10T20:53:24.2758373Z help: use `'_` for type paths
2026-10-10T20:53:24.2758587Z     |
2026-10-10T20:53:24.2758851Z 449 |     pub(crate) fn read_blocking(&self) -> RwLockReadGuard<'_, Store> {
2026-10-10T20:53:24.2759209Z     |                                                           +++
2026-10-10T20:53:24.2759390Z 
2026-10-10T20:53:24.2759543Z warning: hiding a lifetime that's elided elsewhere is confusing
2026-10-10T20:53:24.2759868Z    --> vendor/yrs-0.28.0/src/store.rs:458:30
2026-10-10T20:53:24.2760184Z     |
2026-10-10T20:53:24.2760412Z 458 |     pub(crate) fn read_async(&self) -> Read<Store> {
2026-10-10T20:53:24.2760842Z     |                              ^^^^^     ^^^^^^^^^^^ the same lifetime is hidden here
2026-10-10T20:53:24.2761147Z     |                              |
2026-10-10T20:53:24.2761405Z     |                              the lifetime is elided here
2026-10-10T20:53:24.2761667Z     |
2026-10-10T20:53:24.2761985Z     = help: the same lifetime is referred to in inconsistent ways, making the signature confusing
2026-10-10T20:53:24.2762387Z help: use `'_` for type paths
2026-10-10T20:53:24.2762603Z     |
2026-10-10T20:53:24.2762873Z 458 |     pub(crate) fn read_async(&self) -> Read<'_, Store> {
2026-10-10T20:53:24.2763318Z     |                                             +++
2026-10-10T20:53:24.2763674Z 
2026-10-10T20:53:24.2763891Z warning: hiding a lifetime that's elided elsewhere is confusing
2026-10-10T20:53:24.2764353Z    --> vendor/yrs-0.28.0/src/store.rs:462:29
2026-10-10T20:53:24.2764748Z     |
2026-10-10T20:53:24.2765175Z 462 |     pub(crate) fn try_write(&self) -> Option<RwLockWriteGuard<Store>> {
2026-10-10T20:53:24.2765670Z     |                             ^^^^^            ^^^^^^^^^^^^^^^^^^^^^^^ the same lifetime is hidden here
2026-10-10T20:53:24.2765989Z     |                             |
2026-10-10T20:53:24.2766250Z     |                             the lifetime is elided here
2026-10-10T20:53:24.2766510Z     |
2026-10-10T20:53:24.2766832Z     = help: the same lifetime is referred to in inconsistent ways, making the signature confusing
2026-10-10T20:53:24.2767239Z help: use `'_` for type paths
2026-10-10T20:53:24.2767456Z     |
2026-10-10T20:53:24.2767738Z 462 |     pub(crate) fn try_write(&self) -> Option<RwLockWriteGuard<'_, Store>> {
2026-10-10T20:53:24.2768118Z     |                                                               +++
2026-10-10T20:53:24.2768315Z 
2026-10-10T20:53:24.2768469Z warning: hiding a lifetime that's elided elsewhere is confusing
2026-10-10T20:53:24.2768793Z    --> vendor/yrs-0.28.0/src/store.rs:467:34
2026-10-10T20:53:24.2769048Z     |
2026-10-10T20:53:24.2769314Z 467 |     pub(crate) fn write_blocking(&self) -> RwLockWriteGuard<Store> {
2026-10-10T20:53:24.2769720Z     |                                  ^^^^^     ^^^^^^^^^^^^^^^^^^^^^^^ the same lifetime is hidden here
2026-10-10T20:53:24.2770148Z     |                                  |
2026-10-10T20:53:24.2770447Z     |                                  the lifetime is elided here
2026-10-10T20:53:24.2770728Z     |
2026-10-10T20:53:24.2771077Z     = help: the same lifetime is referred to in inconsistent ways, making the signature confusing
2026-10-10T20:53:24.2771494Z help: use `'_` for type paths
2026-10-10T20:53:24.2771716Z     |
2026-10-10T20:53:24.2772007Z 467 |     pub(crate) fn write_blocking(&self) -> RwLockWriteGuard<'_, Store> {
2026-10-10T20:53:24.2772391Z     |                                                             +++
2026-10-10T20:53:24.2772596Z 
2026-10-10T20:53:24.2772755Z warning: hiding a lifetime that's elided elsewhere is confusing
2026-10-10T20:53:24.2773108Z    --> vendor/yrs-0.28.0/src/store.rs:476:31
2026-10-10T20:53:24.2773370Z     |
2026-10-10T20:53:24.2773613Z 476 |     pub(crate) fn write_async(&self) -> Write<Store> {
2026-10-10T20:53:24.2773983Z     |                               ^^^^^     ^^^^^^^^^^^^ the same lifetime is hidden here
2026-10-10T20:53:24.2774317Z     |                               |
2026-10-10T20:53:24.2774593Z     |                               the lifetime is elided here
2026-10-10T20:53:24.2774865Z     |
2026-10-10T20:53:24.2775201Z     = help: the same lifetime is referred to in inconsistent ways, making the signature confusing
2026-10-10T20:53:24.2775633Z help: use `'_` for type paths
2026-10-10T20:53:24.2775857Z     |
2026-10-10T20:53:24.2776094Z 476 |     pub(crate) fn write_async(&self) -> Write<'_, Store> {
2026-10-10T20:53:24.2776415Z     |                                               +++
2026-10-10T20:53:24.2776683Z 
2026-10-10T20:53:24.2776845Z warning: hiding a lifetime that's elided elsewhere is confusing
2026-10-10T20:53:24.2777284Z    --> vendor/yrs-0.28.0/src/transaction.rs:168:18
2026-10-10T20:53:24.2777557Z     |
2026-10-10T20:53:24.2777758Z 168 |     fn root_refs(&self) -> RootRefs {
2026-10-10T20:53:24.2778057Z     |                  ^^^^^     ^^^^^^^^ the same lifetime is hidden here
2026-10-10T20:53:24.2778347Z     |                  |
2026-10-10T20:53:24.2778585Z     |                  the lifetime is elided here
2026-10-10T20:53:24.2778844Z     |
2026-10-10T20:53:24.2779170Z     = help: the same lifetime is referred to in inconsistent ways, making the signature confusing
2026-10-10T20:53:24.2779580Z help: use `'_` for type paths
2026-10-10T20:53:24.2779813Z     |
2026-10-10T20:53:24.2780091Z 168 |     fn root_refs(&self) -> RootRefs<'_> {
2026-10-10T20:53:24.2780388Z     |                                    ++++
2026-10-10T20:53:24.2780629Z 
2026-10-10T20:53:24.2780847Z warning: hiding a lifetime that's elided elsewhere is confusing
2026-10-10T20:53:24.2781327Z    --> vendor/yrs-0.28.0/src/transaction.rs:175:21
2026-10-10T20:53:24.2781677Z     |
2026-10-10T20:53:24.2781894Z 175 |     fn subdoc_guids(&self) -> SubdocGuids {
2026-10-10T20:53:24.2782210Z     |                     ^^^^^     ^^^^^^^^^^^ the same lifetime is hidden here
2026-10-10T20:53:24.2782502Z     |                     |
2026-10-10T20:53:24.2782749Z     |                     the lifetime is elided here
2026-10-10T20:53:24.2783020Z     |
2026-10-10T20:53:24.2783350Z     = help: the same lifetime is referred to in inconsistent ways, making the signature confusing
2026-10-10T20:53:24.2783748Z help: use `'_` for type paths
2026-10-10T20:53:24.2783958Z     |
2026-10-10T20:53:24.2784166Z 175 |     fn subdoc_guids(&self) -> SubdocGuids<'_> {
2026-10-10T20:53:24.2784443Z     |                                          ++++
2026-10-10T20:53:24.2784620Z 
2026-10-10T20:53:24.2784767Z warning: hiding a lifetime that's elided elsewhere is confusing
2026-10-10T20:53:24.2785107Z    --> vendor/yrs-0.28.0/src/transaction.rs:181:16
2026-10-10T20:53:24.2785364Z     |
2026-10-10T20:53:24.2785574Z 181 |     fn subdocs(&self) -> SubdocsIter {
2026-10-10T20:53:24.2785866Z     |                ^^^^^     ^^^^^^^^^^^ the same lifetime is hidden here
2026-10-10T20:53:24.2786148Z     |                |
2026-10-10T20:53:24.2786373Z     |                the lifetime is elided here
2026-10-10T20:53:24.2786618Z     |
2026-10-10T20:53:24.2786934Z     = help: the same lifetime is referred to in inconsistent ways, making the signature confusing
2026-10-10T20:53:24.2787330Z help: use `'_` for type paths
2026-10-10T20:53:24.2787538Z     |
2026-10-10T20:53:24.2787736Z 181 |     fn subdocs(&self) -> SubdocsIter<'_> {
2026-10-10T20:53:24.2788006Z     |                                     ++++
2026-10-10T20:53:24.2788172Z 
2026-10-10T20:53:24.2788343Z warning: hiding a lifetime that's elided elsewhere is confusing
2026-10-10T20:53:24.2788682Z    --> vendor/yrs-0.28.0/src/types/mod.rs:911:17
2026-10-10T20:53:24.2788932Z     |
2026-10-10T20:53:24.2789131Z 911 |     pub fn iter(&self) -> EventsIter {
2026-10-10T20:53:24.2789432Z     |                 ^^^^^     ^^^^^^^^^^ the same lifetime is hidden here
2026-10-10T20:53:24.2789714Z     |                 |
2026-10-10T20:53:24.2789940Z     |                 the lifetime is elided here
2026-10-10T20:53:24.2790362Z     |
2026-10-10T20:53:24.2790690Z     = help: the same lifetime is referred to in inconsistent ways, making the signature confusing
2026-10-10T20:53:24.2791103Z help: use `'_` for type paths
2026-10-10T20:53:24.2791321Z     |
2026-10-10T20:53:24.2791527Z 911 |     pub fn iter(&self) -> EventsIter<'_> {
2026-10-10T20:53:24.2791802Z     |                                     ++++
2026-10-10T20:53:24.2791967Z 
2026-10-10T20:53:24.2882060Z warning: hiding a lifetime that's elided elsewhere is confusing
2026-10-10T20:53:24.2882587Z   --> vendor/yrs-0.28.0/src/state_vector.rs:93:17
2026-10-10T20:53:24.2882943Z    |
2026-10-10T20:53:24.2883370Z 93 |     pub fn iter(&self) -> std::collections::hash_map::Iter<ClientID, u32> {
2026-10-10T20:53:24.2884207Z    |                 ^^^^^     ^^^^^^^^^^^^^^^^^^^^^^^^^^^^^^^^^^^^^^^^^^^^^^^ the same lifetime is hidden here
2026-10-10T20:53:24.2884713Z    |                 |
2026-10-10T20:53:24.2885045Z    |                 the lifetime is elided here
2026-10-10T20:53:24.2885432Z    |
2026-10-10T20:53:24.2885938Z    = help: the same lifetime is referred to in inconsistent ways, making the signature confusing
2026-10-10T20:53:24.2886465Z help: use `'_` for type paths
2026-10-10T20:53:24.2886765Z    |
2026-10-10T20:53:24.2887158Z 93 |     pub fn iter(&self) -> std::collections::hash_map::Iter<'_, ClientID, u32> {
2026-10-10T20:53:24.2887662Z    |                                                            +++
2026-10-10T20:53:24.2887921Z 
2026-10-10T20:53:24.2893090Z warning: hiding a lifetime that's elided elsewhere is confusing
2026-10-10T20:53:24.2893641Z    --> vendor/yrs-0.28.0/src/sync/awareness.rs:141:17
2026-10-10T20:53:24.2894120Z     |
2026-10-10T20:53:24.2894342Z 141 |     pub fn iter(&self) -> AwarenessIter {
2026-10-10T20:53:24.2894810Z     |                 ^^^^^     ^^^^^^^^^^^^^ the same lifetime is hidden here
2026-10-10T20:53:24.2895111Z     |                 |
2026-10-10T20:53:24.2895344Z     |                 the lifetime is elided here
2026-10-10T20:53:24.2895595Z     |
2026-10-10T20:53:24.2895922Z     = help: the same lifetime is referred to in inconsistent ways, making the signature confusing
2026-10-10T20:53:24.2896318Z help: use `'_` for type paths
2026-10-10T20:53:24.2896547Z     |
2026-10-10T20:53:24.2896756Z 141 |     pub fn iter(&self) -> AwarenessIter<'_> {
2026-10-10T20:53:24.2897038Z     |                                        ++++
2026-10-10T20:53:24.2897208Z 
2026-10-10T20:53:30.6674771Z warning: `yrs` (lib) generated 58 warnings (run `cargo fix --lib -p yrs` to apply 27 suggestions)
2026-10-10T20:53:30.6675686Z    Compiling tandemlog-text v0.0.0 (/home/runner/work/tandemlog/tandemlog/native/text_engine)
2026-10-10T20:53:43.8441338Z     Finished `release` profile [optimized] target(s) in 26.88s
2026-10-10T20:53:44.5946038Z Required production native ABI loaded: /home/runner/work/_temp/native-unit/libtandemlog_text.so
2026-10-10T20:53:44.6054558Z ##[group]Run flutter test
2026-10-10T20:53:44.6054833Z [36;1mflutter test[0m
2026-10-10T20:53:44.6094618Z shell: /usr/bin/bash -e {0}
2026-10-10T20:53:44.6094896Z env:
2026-10-10T20:53:44.6095211Z   CARGO_HOME: /home/runner/work/_temp/tandemlog-rust-bootstrap/cargo
2026-10-10T20:53:44.6095672Z   RUSTUP_HOME: /home/runner/work/_temp/tandemlog-rust-bootstrap/rustup
2026-10-10T20:53:44.6096127Z   RUSTUP_UPDATE_ROOT: https://static.rust-lang.org/rustup
2026-10-10T20:53:44.6096505Z   RUSTUP_DIST_SERVER: https://static.rust-lang.org
2026-10-10T20:53:44.6096810Z   RUSTUP_AUTO_INSTALL: 0
2026-10-10T20:53:44.6097194Z   TANDEMLOG_TEXT_TARGET_DIR: /home/runner/work/_temp/tandemlog-rust-bootstrap/target
2026-10-10T20:53:44.6097718Z   TANDEMLOG_TEXT_LIBRARY: /home/runner/work/_temp/native-unit/libtandemlog_text.so
2026-10-10T20:53:44.6098108Z ##[endgroup]
2026-10-10T20:53:44.7495657Z Resolving dependencies...
2026-10-10T20:53:44.8205266Z Downloading packages...
2026-10-10T20:53:44.8829552Z   code_assets 1.2.1 (2.1.0 available)
2026-10-10T20:53:44.8830155Z   cross_file 0.3.5+5 (0.4.0 available)
2026-10-10T20:53:44.8830535Z   jni 1.0.3 (1.1.0 available)
2026-10-10T20:53:44.8830874Z   jni_flutter 1.0.3 (1.0.4+1 available)
2026-10-10T20:53:44.8831291Z   material_color_utilities 0.13.0 (0.13.1 available)
2026-10-10T20:53:44.8831821Z   native_toolchain_c 0.19.3 (0.19.5 available)
2026-10-10T20:53:44.8832217Z   objective_c 9.5.0 (9.6.2 available)
2026-10-10T20:53:44.8832550Z   test_api 0.7.12 (0.7.15 available)
2026-10-10T20:53:44.8832892Z   url_launcher 6.3.2 (6.3.3 available)
2026-10-10T20:53:44.8833195Z   vector_math 2.4.0 (2.4.3 available)
2026-10-10T20:53:44.8833433Z Got dependencies!
2026-10-10T20:53:44.8833757Z 10 packages have newer versions incompatible with dependency constraints.
2026-10-10T20:53:44.8834150Z Try `flutter pub outdated` for more information.
2026-10-10T20:53:47.7477244Z 
2026-10-10T20:53:55.5353017Z ##[group]✅ Passing tests
2026-10-10T20:53:55.5376512Z ✅ /home/runner/work/tandemlog/tandemlog/test/view_time_source_test.dart: same-offset zone changes notify; unchanged fallback stays quiet
2026-10-10T20:53:55.5516005Z ✅ /home/runner/work/tandemlog/tandemlog/test/view_time_source_test.dart: late requests and disposed callbacks cannot replace current zone
2026-10-10T20:53:55.5619900Z ✅ /home/runner/work/tandemlog/tandemlog/test/view_time_source_test.dart: unknown local zone is explicit, and recovers without UTC guessing
2026-10-10T20:53:55.5654816Z ✅ /home/runner/work/tandemlog/tandemlog/test/view_time_source_test.dart: local mapping refuses disabled-DST or inconsistent OS offsets
2026-10-10T20:53:55.5688627Z ✅ /home/runner/work/tandemlog/tandemlog/test/view_time_source_test.dart: explicit Linux TZ identity does not need filesystem access
2026-10-10T20:53:55.5972071Z ✅ /home/runner/work/tandemlog/tandemlog/test/view_time_source_test.dart: Linux zone files honor localtime symlink and copied-file identity
2026-10-10T20:53:55.7899738Z ✅ /home/runner/work/tandemlog/tandemlog/test/event_chain_test.dart: independent Python SHA256 golden JSONL is byte-exact on re-encode
2026-10-10T20:53:55.7980919Z ✅ /home/runner/work/tandemlog/tandemlog/test/event_chain_test.dart: new records require an explicit predecessor beyond genesis
2026-10-10T20:53:55.8092143Z ✅ /home/runner/work/tandemlog/tandemlog/test/event_chain_test.dart: canonical bytes reject alternate spellings and duplicate fields
2026-10-10T20:53:55.8134451Z ✅ /home/runner/work/tandemlog/tandemlog/test/event_chain_test.dart: data key order is recursive and array order remains significant
2026-10-10T20:53:55.8251667Z ✅ /home/runner/work/tandemlog/tandemlog/test/event_chain_test.dart: altering any envelope field or content breaks the retained hash
2026-10-10T20:53:55.8302486Z ✅ /home/runner/work/tandemlog/tandemlog/test/event_chain_test.dart: hash fields must be full lowercase hex and are mandatory
2026-10-10T20:53:55.8382433Z ✅ /home/runner/work/tandemlog/tandemlog/test/event_chain_test.dart: literal Unicode survives, malformed surrogates never become replacements
2026-10-10T20:53:55.8428236Z ✅ /home/runner/work/tandemlog/tandemlog/test/event_chain_test.dart: canonical numeric grammar is plain safe integers, never floats
2026-10-10T20:53:55.8496698Z ✅ /home/runner/work/tandemlog/tandemlog/test/event_chain_test.dart: obsolete separate tag events are rejected rather than reinterpreted
2026-10-10T20:53:55.8858628Z ✅ /home/runner/work/tandemlog/tandemlog/test/event_chain_test.dart: event size admission counts UTF-8 bytes with an inclusive 1 MiB limit
2026-10-10T20:53:55.8894802Z ✅ /home/runner/work/tandemlog/tandemlog/test/event_chain_test.dart: v1 and v2 prerelease histories remain explicit preserved failures
2026-10-10T20:53:57.8345008Z ✅ /home/runner/work/tandemlog/tandemlog/test/initial_task_rank_test.dart: scalar capture retains top rank after Inbox triage and replay
2026-10-10T20:53:58.2649964Z ✅ /home/runner/work/tandemlog/tandemlog/test/initial_task_rank_test.dart: native capture retains top rank after Inbox triage and replay
2026-10-10T20:53:58.3795930Z ✅ /home/runner/work/tandemlog/tandemlog/test/initial_task_rank_test.dart: legacy creations and retries retain their released append order
2026-10-10T20:53:58.5040266Z ✅ /home/runner/work/tandemlog/tandemlog/test/initial_task_rank_test.dart: complete-prefix capture waits for initial position and retries exact suffix
2026-10-10T20:53:58.6290582Z ✅ /home/runner/work/tandemlog/tandemlog/test/initial_task_rank_test.dart: native capture never exposes creation intent before placement reservation
2026-10-10T20:53:58.7270350Z ✅ /home/runner/work/tandemlog/tandemlog/test/initial_task_rank_test.dart: native staging failure retains complete creation and placement reservation
2026-10-10T20:53:58.9627764Z ✅ /home/runner/work/tandemlog/tandemlog/test/initial_task_rank_test.dart: global first rank covers completed and other-assignee hidden tasks
2026-10-10T20:53:59.1021138Z ##[endgroup]
2026-10-10T20:53:59.1022785Z ##[group]✅ /home/runner/work/tandemlog/tandemlog/test/native_checklist_recompletion_test.dart: native offline checklist successor keeps its edited item after recompletion
2026-10-10T20:53:59.1023711Z HISTORICAL_RECOMPLETION recompletion: Native item Saved ChildItemA
2026-10-10T20:53:59.1024462Z ##[endgroup]
2026-10-10T20:53:59.1691783Z ##[group]✅ Passing tests
2026-10-10T20:53:59.1692629Z ✅ /home/runner/work/tandemlog/tandemlog/test/initial_task_rank_test.dart: multiline 1-record prefix retains exact placements through peer arrival and retry
2026-10-10T20:53:59.3676071Z ✅ /home/runner/work/tandemlog/tandemlog/test/initial_task_rank_test.dart: multiline 2-record prefix retains exact placements through peer arrival and retry
2026-10-10T20:53:59.6047381Z ✅ /home/runner/work/tandemlog/tandemlog/test/initial_task_rank_test.dart: multiline 3-record prefix retains exact placements through peer arrival and retry
2026-10-10T20:54:01.1344355Z ##[endgroup]
2026-10-10T20:54:01.1362468Z ##[group]✅ /home/runner/work/tandemlog/tandemlog/test/native_checklist_recompletion_test.dart: native offline checklist successor keeps its edited item after Undo
2026-10-10T20:54:01.1363727Z HISTORICAL_RECOMPLETION Undo: Native item Saved ChildItemA
2026-10-10T20:54:01.1364465Z ##[endgroup]
2026-10-10T20:54:02.4550853Z ##[group]✅ Passing tests
2026-10-10T20:54:02.4551964Z ✅ /home/runner/work/tandemlog/tandemlog/test/task_editor_tags_test.dart: removing a chip retains unrelated query, caret, and active composition
2026-10-10T20:54:02.7632916Z ##[endgroup]
2026-10-10T20:54:02.7634610Z ##[group]✅ /home/runner/work/tandemlog/tandemlog/test/native_checklist_recompletion_test.dart: native offline checklist successor keeps its edited item after recompletion cold replay
2026-10-10T20:54:02.7635965Z HISTORICAL_RECOMPLETION recompletion cold replay: Native item Saved ChildItemA
2026-10-10T20:54:02.7636620Z ##[endgroup]
2026-10-10T20:54:03.1792297Z ##[group]✅ Passing tests
2026-10-10T20:54:03.1799657Z ✅ /home/runner/work/tandemlog/tandemlog/test/task_editor_tags_test.dart: Enter uses existing match idempotently and Save resolves opaque pending inventory tag
2026-10-10T20:54:03.7229809Z ✅ /home/runner/work/tandemlog/tandemlog/test/task_editor_tags_test.dart: touch creation adds all new tokens and invalid query never enables it
2026-10-10T20:54:04.0822939Z ✅ /home/runner/work/tandemlog/tandemlog/test/task_editor_tags_test.dart: opaque original tags survive pending Save with exact case and spaces
2026-10-10T20:54:04.2972313Z ##[endgroup]
2026-10-10T20:54:04.2973788Z ##[group]✅ /home/runner/work/tandemlog/tandemlog/test/native_checklist_recompletion_test.dart: native offline checklist successor keeps its edited item after Undo cold replay
2026-10-10T20:54:04.2974778Z HISTORICAL_RECOMPLETION Undo cold replay: Native item Saved ChildItemA
2026-10-10T20:54:04.2975756Z ##[endgroup]
2026-10-10T20:54:04.3698435Z ##[group]✅ Passing tests
2026-10-10T20:54:04.3699501Z ✅ /home/runner/work/tandemlog/tandemlog/test/task_editor_tags_test.dart: failed Save retains selected chips and exact pending query
2026-10-10T20:54:04.4974619Z ✅ /home/runner/work/tandemlog/tandemlog/test/native_checklist_recompletion_test.dart: native recurrence without checklist reinitializes untouched child
2026-10-10T20:54:04.6923761Z ✅ /home/runner/work/tandemlog/tandemlog/test/task_editor_tags_test.dart: active tag composition blocks Save and canClose Save
2026-10-10T20:54:04.7726139Z ✅ /home/runner/work/tandemlog/tandemlog/test/native_checklist_recompletion_test.dart: native recurrence without checklist retains edited child
2026-10-10T20:54:05.0066921Z ✅ /home/runner/work/tandemlog/tandemlog/test/task_editor_tags_test.dart: single Save adds pending query without replacing selected tags
2026-10-10T20:54:05.4999863Z ✅ /home/runner/work/tandemlog/tandemlog/test/task_editor_tags_test.dart: pending query participates in canClose; Cancel retains it, Save commits it
2026-10-10T20:54:05.8192123Z ✅ /home/runner/work/tandemlog/tandemlog/test/task_editor_tags_test.dart: bulk Remove cannot create an unknown tag from an unfinished query
2026-10-10T20:54:06.1897671Z ✅ /home/runner/work/tandemlog/tandemlog/test/checklist_storage_test.dart: stale inline reorder stops before receipt after peer refresh
2026-10-10T20:54:06.5354760Z ✅ /home/runner/work/tandemlog/tandemlog/test/recurring_text_test.dart: failed native admission discards rejected replay authority and recovers, cancellation fault=false
2026-10-10T20:54:06.5936941Z ✅ /home/runner/work/tandemlog/tandemlog/test/recurring_text_test.dart: failed native admission discards rejected replay authority and recovers, cancellation fault=true
2026-10-10T20:54:06.6704010Z ✅ /home/runner/work/tandemlog/tandemlog/test/recurring_text_test.dart: actual native recurring inherited text new reference proofs preserve old exact-state proofs and reject substitution
2026-10-10T20:54:06.7766710Z ✅ /home/runner/work/tandemlog/tandemlog/test/checklist_storage_test.dart: one-level items have native title/notes, completion, order and targeted Undo
2026-10-10T20:54:07.0171198Z ✅ /home/runner/work/tandemlog/tandemlog/test/checklist_storage_test.dart: nested, non-task parents and cross-parent move anchors append nothing
2026-10-10T20:54:07.2659227Z ✅ /home/runner/work/tandemlog/tandemlog/test/recurring_text_test.dart: actual native recurring inherited text resolver shares recurrence references and advances native history once
2026-10-10T20:54:07.3016651Z ✅ /home/runner/work/tandemlog/tandemlog/test/recurring_text_test.dart: actual native recurring inherited text memo preserves union and rejects sparse closed prefixes after a hit
2026-10-10T20:54:07.3845767Z ✅ /home/runner/work/tandemlog/tandemlog/test/recurring_text_test.dart: actual native recurring inherited text memo budgets evict without changing replay or requiring native checkpoints
2026-10-10T20:54:07.7570884Z ✅ /home/runner/work/tandemlog/tandemlog/test/checklist_storage_test.dart: recurrence copies fresh unchecked items preserving order and native field identities
2026-10-10T20:54:07.9796351Z ✅ /home/runner/work/tandemlog/tandemlog/test/recurring_text_test.dart: actual native recurring inherited text shared originals remain bounded without evicting the latest edited proof
2026-10-10T20:54:08.0166172Z ✅ /home/runner/work/tandemlog/tandemlog/test/recurring_text_test.dart: actual native recurring inherited text offline title and notes union preserves acknowledged child prefix and duplicates
2026-10-10T20:54:08.0329597Z ✅ /home/runner/work/tandemlog/tandemlog/test/recurring_text_test.dart: actual native recurring inherited text later parent edits flow only through another completion and Undo retains contributions
2026-10-10T20:54:08.0587955Z ✅ /home/runner/work/tandemlog/tandemlog/test/recurring_text_test.dart: actual native recurring inherited text missing proof is pending; known wrong context or state hash is invalid
2026-10-10T20:54:08.0645752Z ✅ /home/runner/work/tandemlog/tandemlog/test/recurring_text_test.dart: actual native recurring inherited text actual foreign struct author is rejected
2026-10-10T20:54:08.0721813Z ✅ /home/runner/work/tandemlog/tandemlog/test/recurring_text_test.dart: actual native recurring inherited text reusing another writer’s actor claim is rejected
2026-10-10T20:54:08.0902963Z ✅ /home/runner/work/tandemlog/tandemlog/test/recurring_text_test.dart: actual native recurring inherited text grandchild prefix excludes a late ancestor completion
2026-10-10T20:54:08.1158724Z ✅ /home/runner/work/tandemlog/tandemlog/test/recurring_text_test.dart: actual native recurring inherited text missing current grant waits but a closed incomplete proof rejects
2026-10-10T20:54:08.1378036Z ✅ /home/runner/work/tandemlog/tandemlog/test/recurring_text_test.dart: actual native recurring inherited text union visible overflow rejects without modifying canonical inputs
2026-10-10T20:54:08.9045763Z ✅ /home/runner/work/tandemlog/tandemlog/test/local_profile_migration_test.dart: fresh profile creates one DB and stable settings identity without lock files
2026-10-10T20:54:08.9621071Z ✅ /home/runner/work/tandemlog/tandemlog/test/checklist_storage_test.dart: offline completions union item text and membership while preserving successor edits
2026-10-10T20:54:09.1544681Z ✅ /home/runner/work/tandemlog/tandemlog/test/checklist_storage_test.dart: scalar parent can recur with native checklist without a forced parent text baseline
2026-10-10T20:54:09.3586416Z ✅ /home/runner/work/tandemlog/tandemlog/test/local_profile_migration_test.dart: verified full import cleans known originals, preserves unknown/canonical data and identity
2026-10-10T20:54:09.5524563Z ✅ /home/runner/work/tandemlog/tandemlog/test/checklist_storage_test.dart: historical recompletion leaves the independently initialized child checklist untouched
2026-10-10T20:54:09.6166628Z ✅ /home/runner/work/tandemlog/tandemlog/test/local_profile_migration_test.dart: restart resumes without identity change at import.started
2026-10-10T20:54:09.8312168Z ✅ /home/runner/work/tandemlog/tandemlog/test/local_profile_migration_test.dart: restart resumes without identity change at files.imported
2026-10-10T20:54:10.0199240Z ✅ /home/runner/work/tandemlog/tandemlog/test/checklist_storage_test.dart: saved item completion/move/delete protects successor from completion Undo
2026-10-10T20:54:10.0421783Z ✅ /home/runner/work/tandemlog/tandemlog/test/local_profile_migration_test.dart: restart resumes without identity change at caches.imported
2026-10-10T20:54:10.2604590Z ✅ /home/runner/work/tandemlog/tandemlog/test/local_profile_migration_test.dart: restart resumes without identity change at cleanup.planned
2026-10-10T20:54:10.4679355Z ✅ /home/runner/work/tandemlog/tandemlog/test/local_profile_migration_test.dart: restart resumes without identity change at sources.verified
2026-10-10T20:54:10.6841697Z ✅ /home/runner/work/tandemlog/tandemlog/test/local_profile_migration_test.dart: restart resumes without identity change at activation.before
2026-10-10T20:54:10.7225127Z ✅ /home/runner/work/tandemlog/tandemlog/test/checklist_storage_test.dart: late offline copy cannot overwrite a saved child order or checked state
2026-10-10T20:54:10.8577311Z ✅ /home/runner/work/tandemlog/tandemlog/test/local_profile_migration_test.dart: restart resumes without identity change at activation.committed
2026-10-10T20:54:11.0281461Z ✅ /home/runner/work/tandemlog/tandemlog/test/local_profile_migration_test.dart: restart resumes without identity change at cleanup.marked
2026-10-10T20:54:11.1873451Z ✅ /home/runner/work/tandemlog/tandemlog/test/checklist_storage_test.dart: scalar-mode checklist history also preserves initialized child on historical recompletion
2026-10-10T20:54:11.1982817Z ✅ /home/runner/work/tandemlog/tandemlog/test/local_profile_migration_test.dart: restart resumes without identity change at cleanup.deleted
2026-10-10T20:54:11.3722132Z ✅ /home/runner/work/tandemlog/tandemlog/test/local_profile_migration_test.dart: restart resumes without identity change at cleanup.committed
2026-10-10T20:54:11.5301874Z ✅ /home/runner/work/tandemlog/tandemlog/test/local_profile_migration_test.dart: restart resumes without identity change at cleanup.finished
2026-10-10T20:54:11.5979622Z ✅ /home/runner/work/tandemlog/tandemlog/test/local_profile_migration_test.dart: activated private intent cannot disappear without atomic retirement proof
2026-10-10T20:54:11.7327203Z ✅ /home/runner/work/tandemlog/tandemlog/test/checklist_storage_test.dart: copied-item native proofs work through three generations and exact membership cannot be forged
2026-10-10T20:54:12.1229659Z ✅ /home/runner/work/tandemlog/tandemlog/test/checklist_storage_test.dart: untouched copied items follow successor suppression and identical cold/warm cache replay
2026-10-10T20:54:12.9182385Z ✅ /home/runner/work/tandemlog/tandemlog/test/stable_v3_compatibility_test.dart: first stable v3 bytes, identities, clocks and event meanings stay frozen
2026-10-10T20:54:13.2957232Z ✅ /home/runner/work/tandemlog/tandemlog/test/stable_v3_compatibility_test.dart: frozen history converges after arrival [22222222-2222-4222-8222-222222222222, 33333333-3333-4333-8333-333333333333] and cache rebuild
2026-10-10T20:54:13.4811837Z ✅ /home/runner/work/tandemlog/tandemlog/test/stable_v3_compatibility_test.dart: frozen history converges after arrival [33333333-3333-4333-8333-333333333333, 22222222-2222-4222-8222-222222222222] and cache rebuild
2026-10-10T20:54:13.6853421Z ✅ /home/runner/work/tandemlog/tandemlog/test/stable_v3_compatibility_test.dart: new writer extends frozen v3 without rewriting prior history
2026-10-10T20:54:14.4490020Z ✅ /home/runner/work/tandemlog/tandemlog/test/text_cache_inheritance_test.dart: resolved inherited cache preserves original claims and rebuilds corrupt disposable state
2026-10-10T20:54:14.7278845Z ✅ /home/runner/work/tandemlog/tandemlog/test/local_profile_migration_test.dart: actual crash-retained legacy WAL and SHM import and cleanup
2026-10-10T20:54:14.8446616Z ✅ /home/runner/work/tandemlog/tandemlog/test/local_profile_migration_test.dart: cleanup boundary rechecks target before deleting the source
2026-10-10T20:54:14.9709642Z ✅ /home/runner/work/tandemlog/tandemlog/test/local_profile_migration_test.dart: valid guard regression after activation retains original authority
2026-10-10T20:54:15.1392509Z ✅ /home/runner/work/tandemlog/tandemlog/test/local_profile_migration_test.dart: changed cleanup source fails closed and resumes only after exact restoration
2026-10-10T20:54:15.2398903Z ✅ /home/runner/work/tandemlog/tandemlog/test/local_profile_migration_test.dart: missing protected_settings at final activation gate retains originals
2026-10-10T20:54:15.3279107Z ✅ /home/runner/work/tandemlog/tandemlog/test/local_profile_migration_test.dart: missing protected_writer_guards at final activation gate retains originals
2026-10-10T20:54:15.4232524Z ✅ /home/runner/work/tandemlog/tandemlog/test/local_profile_migration_test.dart: missing protected_cache_imports at final activation gate retains originals
2026-10-10T20:54:15.4570730Z ✅ /home/runner/work/tandemlog/tandemlog/test/local_profile_migration_test.dart: sole exact private intent lost at final activation gate retains its file
2026-10-10T20:54:15.6214035Z ✅ /home/runner/work/tandemlog/tandemlog/test/local_profile_migration_test.dart: orphan temporary authority and linked cleanup sources remain untouched
2026-10-10T20:54:17.4997264Z ✅ /home/runner/work/tandemlog/tandemlog/test/task_entry_area_test.dart: selection swaps preserve slot geometry, draft and semantics
2026-10-10T20:54:18.0822711Z ✅ /home/runner/work/tandemlog/tandemlog/test/android_recovery_harness_test.dart: populated shared folder is rejected before native initialization
2026-10-10T20:54:18.4627919Z ✅ /home/runner/work/tandemlog/tandemlog/test/local_profile_migration_test.dart: SIGKILL recovery retains identity and canonical bytes at files.imported
2026-10-10T20:54:19.3100438Z ✅ /home/runner/work/tandemlog/tandemlog/test/android_recovery_harness_test.dart: bounded recovery harness passes all six synthetic cases
2026-10-10T20:54:20.2850854Z ✅ /home/runner/work/tandemlog/tandemlog/test/checklist_delivery_test.dart: remote item waits for missing task parent then attaches once without appearing as a task
2026-10-10T20:54:20.5371944Z ✅ /home/runner/work/tandemlog/tandemlog/test/checklist_delivery_test.dart: late user parent invalidates retained item transactionally
2026-10-10T20:54:20.6504677Z ✅ /home/runner/work/tandemlog/tandemlog/test/checklist_delivery_test.dart: late item parent invalidates retained item transactionally
2026-10-10T20:54:20.7925528Z ✅ /home/runner/work/tandemlog/tandemlog/test/checklist_delivery_test.dart: late same-parent creation anchor settles item order and duplicates do not add items
2026-10-10T20:54:21.0225306Z ✅ /home/runner/work/tandemlog/tandemlog/test/checklist_delivery_test.dart: late cross-parent move anchor rolls back arrival without changing the pending source item
2026-10-10T20:54:21.1215185Z ✅ /home/runner/work/tandemlog/tandemlog/test/checklist_delivery_test.dart: late user creation anchor rejects with transactional rollback
2026-10-10T20:54:21.2155638Z ✅ /home/runner/work/tandemlog/tandemlog/test/checklist_delivery_test.dart: late task creation anchor rejects with transactional rollback
2026-10-10T20:54:21.3269973Z ✅ /home/runner/work/tandemlog/tandemlog/test/local_profile_migration_test.dart: SIGKILL recovery retains identity and canonical bytes at cleanup.planned
2026-10-10T20:54:21.4981421Z ✅ /home/runner/work/tandemlog/tandemlog/test/checklist_delivery_test.dart: copy contribution waits for its source frontier then reconstructs unchecked native item exactly
2026-10-10T20:54:21.7735555Z ✅ /home/runner/work/tandemlog/tandemlog/test/checklist_delivery_test.dart: forged membership copy rejects before receipt and leaves canonical history untouched
2026-10-10T20:54:22.0092099Z ✅ /home/runner/work/tandemlog/tandemlog/test/checklist_delivery_test.dart: forged order copy rejects before receipt and leaves canonical history untouched
2026-10-10T20:54:22.2520732Z ✅ /home/runner/work/tandemlog/tandemlog/test/checklist_delivery_test.dart: forged visible text copy rejects before receipt and leaves canonical history untouched
2026-10-10T20:54:22.4702551Z ✅ /home/runner/work/tandemlog/tandemlog/test/checklist_delivery_test.dart: forged history proof copy rejects before receipt and leaves canonical history untouched
2026-10-10T20:54:22.7638998Z ✅ /home/runner/work/tandemlog/tandemlog/test/checklist_delivery_test.dart: forged source parent copy rejects before receipt and leaves canonical history untouched
2026-10-10T20:54:22.8923523Z ✅ /home/runner/work/tandemlog/tandemlog/test/checklist_delivery_test.dart: copied ID collision with independent task rejects before receipt
2026-10-10T20:54:23.0268848Z ✅ /home/runner/work/tandemlog/tandemlog/test/checklist_delivery_test.dart: copied ID collision with independent item rejects before receipt
2026-10-10T20:54:23.4684640Z ✅ /home/runner/work/tandemlog/tandemlog/test/checklist_delivery_test.dart: late duplicate copy contribution preserves child-owned ordering and check state
2026-10-10T20:54:23.7541834Z ✅ /home/runner/work/tandemlog/tandemlog/test/checklist_delivery_test.dart: parent recurrence preserves live item private draft and later source Save does not flow into copied notes
2026-10-10T20:54:24.0419102Z ✅ /home/runner/work/tandemlog/tandemlog/test/checklist_delivery_test.dart: item private drafts, pre-append Save cancellation and scoped Undo preserve another item
2026-10-10T20:54:24.4638953Z ✅ /home/runner/work/tandemlog/tandemlog/test/local_profile_migration_test.dart: SIGKILL recovery retains identity and canonical bytes at activation.committed
2026-10-10T20:54:26.3679747Z ✅ /home/runner/work/tandemlog/tandemlog/test/text_store_test.dart: actual native TaskStore successive closed-editor replacements Undo without duplicating restored identities
2026-10-10T20:54:26.6337994Z ✅ /home/runner/work/tandemlog/tandemlog/test/text_store_test.dart: actual native TaskStore acknowledged unregistered Save blocks stale native Undo without appending
2026-10-10T20:54:26.8040595Z ✅ /home/runner/work/tandemlog/tandemlog/test/text_store_test.dart: actual native TaskStore mixed native ordering survives warm reopen and canonical rebuild
2026-10-10T20:54:26.9887143Z ✅ /home/runner/work/tandemlog/tandemlog/test/text_store_test.dart: actual native TaskStore native recurring completion proves its immutable inheritance (native creation: true)
2026-10-10T20:54:27.2164816Z ✅ /home/runner/work/tandemlog/tandemlog/test/text_store_test.dart: actual native TaskStore native recurring completion proves its immutable inheritance (native creation: false)
2026-10-10T20:54:27.3688145Z ✅ /home/runner/work/tandemlog/tandemlog/test/local_profile_migration_test.dart: SIGKILL recovery retains identity and canonical bytes at cleanup.marked
2026-10-10T20:54:27.5954824Z ✅ /home/runner/work/tandemlog/tandemlog/test/text_store_test.dart: actual native TaskStore causal peer reuse retains original character ownership through selective Undo
2026-10-10T20:54:27.7573293Z ✅ /home/runner/work/tandemlog/tandemlog/test/text_store_test.dart: actual native TaskStore explicit mixed historical inheritance refuses without changing history
2026-10-10T20:54:28.3997188Z ✅ /home/runner/work/tandemlog/tandemlog/test/text_store_test.dart: actual native TaskStore repeated cancelled editors release source documents while saved scoped Undo survives
2026-10-10T20:54:28.5449283Z ✅ /home/runner/work/tandemlog/tandemlog/test/text_store_test.dart: actual native TaskStore native guard ignores remote text while preserving metadata and creation tags
2026-10-10T20:54:28.7394540Z ✅ /home/runner/work/tandemlog/tandemlog/test/text_store_test.dart: actual native TaskStore Undo naming remote-deleted latest Save never consumes an older Save
2026-10-10T20:54:28.8919428Z ✅ /home/runner/work/tandemlog/tandemlog/test/text_store_test.dart: actual native TaskStore unknown native Undo preserves exact compensation retry restart=false
2026-10-10T20:54:29.0712201Z ✅ /home/runner/work/tandemlog/tandemlog/test/text_store_test.dart: actual native TaskStore unknown native Undo preserves exact compensation retry restart=true
2026-10-10T20:54:29.2773381Z ✅ /home/runner/work/tandemlog/tandemlog/test/text_store_test.dart: actual native TaskStore session Undo survives editor close and touches only canonical changed fields
2026-10-10T20:54:29.3776174Z ✅ /home/runner/work/tandemlog/tandemlog/test/text_store_test.dart: actual native TaskStore bulk capture with native engine creates independently editable native tasks
2026-10-10T20:54:29.5603538Z ✅ /home/runner/work/tandemlog/tandemlog/test/text_store_test.dart: actual native TaskStore native compensation restores deletion and retracts only original nontext effects
2026-10-10T20:54:29.7083543Z ✅ /home/runner/work/tandemlog/tandemlog/test/text_store_test.dart: actual native TaskStore buffered native dependency survives full SQLite cache loss and settles on late parent
2026-10-10T20:54:30.0169689Z ✅ /home/runner/work/tandemlog/tandemlog/test/text_store_test.dart: actual native TaskStore missing baseline prefixes stay pending and competing roots block only legacy text
2026-10-10T20:54:30.2872342Z ✅ /home/runner/work/tandemlog/tandemlog/test/local_profile_migration_test.dart: SIGKILL recovery retains identity and canonical bytes at cleanup.deleted
2026-10-10T20:54:30.2920292Z ✅ /home/runner/work/tandemlog/tandemlog/test/text_store_test.dart: actual native TaskStore offline peers merge owned packets and preserve atomic metadata after cache loss
2026-10-10T20:54:30.4226919Z ✅ /home/runner/work/tandemlog/tandemlog/test/text_store_test.dart: actual native TaskStore one legacy baseline excludes late scalar text and preserves nontext changes
2026-10-10T20:54:30.4949431Z ✅ /home/runner/work/tandemlog/tandemlog/test/text_store_test.dart: actual native TaskStore unknown append exact receipt after restart cacheLoss=false afterAppend=false
2026-10-10T20:54:30.5902945Z ✅ /home/runner/work/tandemlog/tandemlog/test/text_store_test.dart: actual native TaskStore unknown append exact receipt after restart cacheLoss=true afterAppend=false
2026-10-10T20:54:30.6713864Z ✅ /home/runner/work/tandemlog/tandemlog/test/text_store_test.dart: actual native TaskStore unknown append exact receipt after restart cacheLoss=false afterAppend=true
2026-10-10T20:54:30.7777503Z ✅ /home/runner/work/tandemlog/tandemlog/test/text_store_test.dart: actual native TaskStore unknown append exact receipt after restart cacheLoss=true afterAppend=true
2026-10-10T20:54:30.8359744Z ✅ /home/runner/work/tandemlog/tandemlog/test/text_store_test.dart: actual native TaskStore misnamed private native intent rejects recovery before append and retains evidence
2026-10-10T20:54:30.9174569Z ✅ /home/runner/work/tandemlog/tandemlog/test/text_store_test.dart: actual native TaskStore new native creation verifies actor1 seed and persists full native state
2026-10-10T20:54:31.0692747Z ✅ /home/runner/work/tandemlog/tandemlog/test/text_store_test.dart: actual native TaskStore native storage extends cache13 without replaying frozen v3 logs
2026-10-10T20:54:31.7984454Z ✅ /home/runner/work/tandemlog/tandemlog/test/legacy_protected_files_import_test.dart: imports exact identity, reservations and pending bytes; deletes nothing
2026-10-10T20:54:31.8584850Z ✅ /home/runner/work/tandemlog/tandemlog/test/legacy_protected_files_import_test.dart: import interruption before commit rolls back every protected file
2026-10-10T20:54:31.9423893Z ✅ /home/runner/work/tandemlog/tandemlog/test/legacy_protected_files_import_test.dart: repeat import preserves subsequent acknowledged guard state
2026-10-10T20:54:32.0026975Z ✅ /home/runner/work/tandemlog/tandemlog/test/legacy_protected_files_import_test.dart: changed legacy authority after import is retained and rejected
2026-10-10T20:54:32.0233677Z ✅ /home/runner/work/tandemlog/tandemlog/test/legacy_protected_files_import_test.dart: legacy profile lease prevents concurrent migration
2026-10-10T20:54:32.0581570Z ✅ /home/runner/work/tandemlog/tandemlog/test/legacy_protected_files_import_test.dart: guard conflicts fail without overwriting either authority
2026-10-10T20:54:32.0957127Z ✅ /home/runner/work/tandemlog/tandemlog/test/legacy_protected_files_import_test.dart: bad indexed intent binding cannot verify first import
2026-10-10T20:54:32.1420265Z ✅ /home/runner/work/tandemlog/tandemlog/test/legacy_protected_files_import_test.dart: bad indexed intent binding cannot verify repeat import
2026-10-10T20:54:32.1962508Z ✅ /home/runner/work/tandemlog/tandemlog/test/legacy_protected_files_import_test.dart: repeat import rejects lost previously imported reservations
2026-10-10T20:54:32.2432398Z ✅ /home/runner/work/tandemlog/tandemlog/test/legacy_protected_files_import_test.dart: repeat import rejects changed previously imported reservations
2026-10-10T20:54:32.3052140Z ✅ /home/runner/work/tandemlog/tandemlog/test/legacy_protected_files_import_test.dart: missing previously imported guard source is rejected
2026-10-10T20:54:32.3421282Z ✅ /home/runner/work/tandemlog/tandemlog/test/legacy_protected_files_import_test.dart: settings index must agree with preserved raw installation UUID
2026-10-10T20:54:32.3752580Z ✅ /home/runner/work/tandemlog/tandemlog/test/legacy_protected_files_import_test.dart: source replacement after commit cannot mark import verified
2026-10-10T20:54:32.4010424Z ✅ /home/runner/work/tandemlog/tandemlog/test/legacy_protected_files_import_test.dart: recognized symlink source is rejected without following it
2026-10-10T20:54:33.2287731Z ✅ /home/runner/work/tandemlog/tandemlog/test/local_profile_migration_test.dart: SIGKILL recovery retains identity and canonical bytes at cleanup.committed
2026-10-10T20:54:33.9315021Z ✅ /home/runner/work/tandemlog/tandemlog/test/recurring_completion_undo_test.dart: true Undo suppresses untouched successor, preserves bytes, and survives rebuild
2026-10-10T20:54:34.1901619Z ✅ /home/runner/work/tandemlog/tandemlog/test/recurring_completion_undo_test.dart: ordinary Reopen retains successor and generic recurring Undo rejects
2026-10-10T20:54:34.3831249Z ✅ /home/runner/work/tandemlog/tandemlog/test/recurring_completion_undo_test.dart: edit protects successor from cleanup
2026-10-10T20:54:34.5655483Z ✅ /home/runner/work/tandemlog/tandemlog/test/recurring_completion_undo_test.dart: tags protects successor from cleanup
2026-10-10T20:54:34.7666262Z ✅ /home/runner/work/tandemlog/tandemlog/test/recurring_completion_undo_test.dart: move protects successor from cleanup
2026-10-10T20:54:34.9697437Z ✅ /home/runner/work/tandemlog/tandemlog/test/recurring_completion_undo_test.dart: complete protects successor from cleanup
2026-10-10T20:54:35.1540510Z ✅ /home/runner/work/tandemlog/tandemlog/test/recurring_completion_undo_test.dart: delete protects successor from cleanup
2026-10-10T20:54:35.3283929Z ✅ /home/runner/work/tandemlog/tandemlog/test/recurring_completion_undo_test.dart: anchor protects successor from cleanup
2026-10-10T20:54:35.5030927Z ✅ /home/runner/work/tandemlog/tandemlog/test/recurring_completion_undo_test.dart: undoneEdit protects successor from cleanup
2026-10-10T20:54:35.7420179Z ✅ /home/runner/work/tandemlog/tandemlog/test/recurring_completion_undo_test.dart: late remote edit restores protected successor and converges after rebuild
2026-10-10T20:54:36.0064706Z ✅ /home/runner/work/tandemlog/tandemlog/test/recurring_completion_undo_test.dart: late remote completion restores protected successor and converges after rebuild
2026-10-10T20:54:36.2374523Z ✅ /home/runner/work/tandemlog/tandemlog/test/recurring_completion_undo_test.dart: late remote anchor restores protected successor and converges after rebuild
2026-10-10T20:54:36.4888347Z ✅ /home/runner/work/tandemlog/tandemlog/test/recurring_completion_undo_test.dart: untouched recompletion uses surviving snapshot and current parent position
2026-10-10T20:54:36.6850708Z ✅ /home/runner/work/tandemlog/tandemlog/test/recurring_completion_undo_test.dart: mixed Undo confirms only prefix and retries cleanup (0 retained)
2026-10-10T20:54:36.8867803Z ✅ /home/runner/work/tandemlog/tandemlog/test/recurring_completion_undo_test.dart: mixed Undo confirms only prefix and retries cleanup (1 retained)
2026-10-10T20:54:37.0164462Z ✅ /home/runner/work/tandemlog/tandemlog/test/recurring_completion_undo_test.dart: new cleanup rejects nonrecurring and wrong-task targets before append
2026-10-10T20:54:37.1248085Z ✅ /home/runner/work/tandemlog/tandemlog/test/recurring_completion_undo_test.dart: delayed valid cleanup suppresses successor once its target arrives
2026-10-10T20:54:37.2663631Z ✅ /home/runner/work/tandemlog/tandemlog/test/recurring_completion_undo_test.dart: delayed nonrecurring and forward cleanup targets fail transactionally
2026-10-10T20:54:37.3667263Z ✅ /home/runner/work/tandemlog/tandemlog/test/recurring_completion_undo_test.dart: generic recurring Undo rejects transactionally when completion arrives late
2026-10-10T20:54:37.4878706Z ✅ /home/runner/work/tandemlog/tandemlog/test/recurring_completion_undo_test.dart: new cleanup wire schema rejects extra fields and malformed references
2026-10-10T20:54:37.6184710Z ✅ /home/runner/work/tandemlog/tandemlog/test/recurring_completion_undo_test.dart: pure seed selection is independent of arrival order and preserves historical Undo
2026-10-10T20:54:39.9207332Z ✅ /home/runner/work/tandemlog/tandemlog/test/checklist_item_native_editor_test.dart: remote deleted parent rejects private native Save without receipt and permits Discard
2026-10-10T20:54:40.1362979Z ✅ /home/runner/work/tandemlog/tandemlog/test/checklist_item_native_editor_test.dart: native caret-only edits stay clean; composition propagates; committed merged text renews before close
2026-10-10T20:54:40.7643159Z ✅ /home/runner/work/tandemlog/tandemlog/test/undo_history_test.dart: failed receipt ID reuse confirms only exact successful retry bytes
2026-10-10T20:54:40.7752823Z ✅ /home/runner/work/tandemlog/tandemlog/test/undo_history_test.dart: grouped partial retry and independent actions step through bounded history
2026-10-10T20:54:41.3270945Z ✅ /home/runner/work/tandemlog/tandemlog/test/view_clock_test.dart: exact boundary updates without edits; watchdog avoids projection
2026-10-10T20:54:41.3300281Z ✅ /home/runner/work/tandemlog/tandemlog/test/view_clock_test.dart: resume samples current time after skipped boundaries without replay
2026-10-10T20:54:41.3328440Z ✅ /home/runner/work/tandemlog/tandemlog/test/view_clock_test.dart: native invalidation immediate; fallback detects clock and zone changes
2026-10-10T20:54:41.3357754Z ✅ /home/runner/work/tandemlog/tandemlog/test/view_clock_test.dart: delayed wake uses current instant and input invalidation rearms
2026-10-10T20:54:41.3380932Z ✅ /home/runner/work/tandemlog/tandemlog/test/view_clock_test.dart: cancelled workspace timer cannot publish and callback can dispose
2026-10-10T20:54:41.3414664Z ✅ /home/runner/work/tandemlog/tandemlog/test/view_clock_test.dart: callback disposal and invalid boundary cannot produce timer loops
2026-10-10T20:54:41.4071409Z ✅ /home/runner/work/tandemlog/tandemlog/test/view_clock_test.dart: injected calendar boundary crosses DST day 2027-03-14
2026-10-10T20:54:41.4375728Z ✅ /home/runner/work/tandemlog/tandemlog/test/view_clock_test.dart: injected calendar boundary crosses DST day 2027-11-07
2026-10-10T20:54:41.5267000Z ##[endgroup]
2026-10-10T20:54:41.5268753Z ##[group]✅ /home/runner/work/tandemlog/tandemlog/test/date_time_layout_test.dart: populated rows fit at measured boundary and retain composing drafts
2026-10-10T20:54:41.5269996Z LAYOUT bulk=false scale=1.0 rowBoundary=392.0
2026-10-10T20:54:41.5270733Z LAYOUT bulk=false scale=1.3 rowBoundary=456.0
2026-10-10T20:54:41.5271223Z LAYOUT bulk=false scale=2.0 rowBoundary=628.0
2026-10-10T20:54:41.5271705Z LAYOUT bulk=true scale=1.0 rowBoundary=488.0
2026-10-10T20:54:41.5272394Z LAYOUT bulk=true scale=1.3 rowBoundary=552.0
2026-10-10T20:54:41.5273300Z LAYOUT bulk=true scale=2.0 rowBoundary=724.0
2026-10-10T20:54:41.5274027Z ##[endgroup]
2026-10-10T20:54:42.2950651Z ##[group]✅ Passing tests
2026-10-10T20:54:42.2951903Z ✅ /home/runner/work/tandemlog/tandemlog/test/storage_test.dart: local task deletion targeting user rejects before canonical append
2026-10-10T20:54:42.3851767Z ✅ /home/runner/work/tandemlog/tandemlog/test/storage_test.dart: delayed remote user creation resolves pending task deletion as transactional error
2026-10-10T20:54:42.6112066Z ✅ /home/runner/work/tandemlog/tandemlog/test/incremental_history_test.dart: cache reopen and repeated unchanged refresh read zero log bytes at 10240 bytes
2026-10-10T20:54:42.6450833Z ✅ /home/runner/work/tandemlog/tandemlog/test/storage_test.dart: bulk edit reconciles durable append after refresh failure before retry
2026-10-10T20:54:42.8673813Z ✅ /home/runner/work/tandemlog/tandemlog/test/storage_test.dart: bulk delete reconciles durable append after refresh failure before retry
2026-10-10T20:54:43.0623330Z ✅ /home/runner/work/tandemlog/tandemlog/test/storage_test.dart: bulk move reconciles durable append after refresh failure before retry
2026-10-10T20:54:43.1567249Z ✅ /home/runner/work/tandemlog/tandemlog/test/incremental_history_test.dart: cache reopen and repeated unchanged refresh read zero log bytes at 1048576 bytes
2026-10-10T20:54:43.2315551Z ✅ /home/runner/work/tandemlog/tandemlog/test/storage_test.dart: bulk patch preserves mixed fields and observed tags; invalid patch writes nothing
2026-10-10T20:54:43.2450193Z ✅ /home/runner/work/tandemlog/tandemlog/test/incremental_history_test.dart: same-length historical rewrite stays cached until explicit verification; fresh cache rejects invalid selfhash
2026-10-10T20:54:43.3063159Z ✅ /home/runner/work/tandemlog/tandemlog/test/incremental_history_test.dart: explicit verification checks newly observed ranges after append and reopen
2026-10-10T20:54:43.3778994Z ✅ /home/runner/work/tandemlog/tandemlog/test/incremental_history_test.dart: successful explicit verification compacts checked ranges into a new whole-prefix baseline
2026-10-10T20:54:43.4327643Z ✅ /home/runner/work/tandemlog/tandemlog/test/incremental_history_test.dart: missing admitted log fails on resume and cold reopen without content reads
2026-10-10T20:54:43.4448889Z ✅ /home/runner/work/tandemlog/tandemlog/test/storage_test.dart: bulk guard rechecks before the batch append; retry block uses global order
2026-10-10T20:54:43.4833103Z ✅ /home/runner/work/tandemlog/tandemlog/test/incremental_history_test.dart: truncated admitted log fails on resume and cold reopen without content reads
2026-10-10T20:54:43.5242504Z ✅ /home/runner/work/tandemlog/tandemlog/test/incremental_history_test.dart: truncation between size observation and fresh seek fails without advancing cache
2026-10-10T20:54:43.5781830Z ✅ /home/runner/work/tandemlog/tandemlog/test/incremental_history_test.dart: atomic replacement with growth reads only new suffix and audits changed old prefix explicitly
2026-10-10T20:54:43.6330846Z ✅ /home/runner/work/tandemlog/tandemlog/test/incremental_history_test.dart: partial remote tail advances only complete records, then admits completed tail exactly once
2026-10-10T20:54:43.6869048Z ✅ /home/runner/work/tandemlog/tandemlog/test/incremental_history_test.dart: new records remain strict and a failed batch leaves ranges and offset unchanged
2026-10-10T20:54:43.7043175Z ✅ /home/runner/work/tandemlog/tandemlog/test/storage_test.dart: offline edits and completions cannot resurrect deletion; successor survives restart
2026-10-10T20:54:43.7319504Z ✅ /home/runner/work/tandemlog/tandemlog/test/incremental_history_test.dart: seeked new space rejects transactionally without advancing admitted bytes
2026-10-10T20:54:43.7800843Z ✅ /home/runner/work/tandemlog/tandemlog/test/incremental_history_test.dart: seeked new writer rejects transactionally without advancing admitted bytes
2026-10-10T20:54:43.8175456Z ✅ /home/runner/work/tandemlog/tandemlog/test/storage_test.dart: stale bulk and invalid selections fail before any durable command
2026-10-10T20:54:43.8260468Z ✅ /home/runner/work/tandemlog/tandemlog/test/incremental_history_test.dart: seeked new sequence rejects transactionally without advancing admitted bytes
2026-10-10T20:54:43.8675856Z ✅ /home/runner/work/tandemlog/tandemlog/test/incremental_history_test.dart: seeked new clock rejects transactionally without advancing admitted bytes
2026-10-10T20:54:43.9075639Z ✅ /home/runner/work/tandemlog/tandemlog/test/incremental_history_test.dart: seeked new blank rejects transactionally without advancing admitted bytes
2026-10-10T20:54:43.9702884Z ✅ /home/runner/work/tandemlog/tandemlog/test/incremental_history_test.dart: seeked new undo reference rejects transactionally without advancing admitted bytes
2026-10-10T20:54:44.0135726Z ✅ /home/runner/work/tandemlog/tandemlog/test/incremental_history_test.dart: seeked new tag reference rejects transactionally without advancing admitted bytes
2026-10-10T20:54:44.0534856Z ✅ /home/runner/work/tandemlog/tandemlog/test/incremental_history_test.dart: seeked new move reference rejects transactionally without advancing admitted bytes
2026-10-10T20:54:44.0992375Z ✅ /home/runner/work/tandemlog/tandemlog/test/incremental_history_test.dart: oversized remote incomplete tail fails before admission
2026-10-10T20:54:44.1190591Z ✅ /home/runner/work/tandemlog/tandemlog/test/storage_test.dart: guarded move rejects changes arriving inside its refresh without append
2026-10-10T20:54:44.1476462Z ✅ /home/runner/work/tandemlog/tandemlog/test/incremental_history_test.dart: explicit verification fails visibly when cached range coverage is incomplete
2026-10-10T20:54:44.1930815Z ✅ /home/runner/work/tandemlog/tandemlog/test/incremental_history_test.dart: unknown size provider honestly full-reads and verifies every refresh
2026-10-10T20:54:44.2375348Z ✅ /home/runner/work/tandemlog/tandemlog/test/incremental_history_test.dart: unseekable provider honestly full-reads and verifies every refresh
2026-10-10T20:54:44.3319276Z ✅ /home/runner/work/tandemlog/tandemlog/test/storage_test.dart: typed due bounds are atomic across offline edits and rebuild
2026-10-10T20:54:44.4679347Z ✅ /home/runner/work/tandemlog/tandemlog/test/storage_test.dart: failed obsolete-cache replay preserves identity and prior stream guards on retry
2026-10-10T20:54:44.5617669Z ✅ /home/runner/work/tandemlog/tandemlog/test/storage_test.dart: future caches and v1 canonical protocol are retained and not auto-converted
2026-10-10T20:54:44.6934471Z ✅ /home/runner/work/tandemlog/tandemlog/test/storage_test.dart: known obsolete cache rebuilds canonical state and retains backup
2026-10-10T20:54:44.8483396Z ✅ /home/runner/work/tandemlog/tandemlog/test/incremental_history_test.dart: cache 10 upgrade replays once with retained baseline and then reads no historical bytes
2026-10-10T20:54:44.9094659Z ✅ /home/runner/work/tandemlog/tandemlog/test/storage_test.dart: reopen targets observed completions, is idempotent and survives restart
2026-10-10T20:54:44.9279643Z ✅ /home/runner/work/tandemlog/tandemlog/test/incremental_history_test.dart: obsolete-cache replay preserves baseline guards through failed migration and retry
2026-10-10T20:54:45.0067153Z ✅ /home/runner/work/tandemlog/tandemlog/test/incremental_history_test.dart: owned incomplete append is visible after cold reopen and cannot confirm receipt
2026-10-10T20:54:45.0470346Z ✅ /home/runner/work/tandemlog/tandemlog/test/storage_test.dart: reopen refresh does not expand the observed target set
2026-10-10T20:54:45.0689932Z ✅ /home/runner/work/tandemlog/tandemlog/test/incremental_history_test.dart: new raw receipt cannot confirm a transport rewrite with equivalent JSON meaning
2026-10-10T20:54:45.1782532Z ✅ /home/runner/work/tandemlog/tandemlog/test/incremental_history_test.dart: seeked command receipts reject changed new raw bytes and durable retry is idempotent
2026-10-10T20:54:45.1834957Z ✅ /home/runner/work/tandemlog/tandemlog/test/storage_test.dart: partial reopen retries without duplicating a committed undo
2026-10-10T20:54:45.2175907Z ✅ /home/runner/work/tandemlog/tandemlog/test/incremental_history_test.dart: new suffix selfhash has exact diagnostic and never advances cache
2026-10-10T20:54:45.2511410Z ✅ /home/runner/work/tandemlog/tandemlog/test/incremental_history_test.dart: new suffix previousHash has exact diagnostic and never advances cache
2026-10-10T20:54:45.2664997Z ✅ /home/runner/work/tandemlog/tandemlog/test/storage_test.dart: restart retains state and unchanged files avoid parsing/replay
2026-10-10T20:54:45.2763194Z ✅ /home/runner/work/tandemlog/tandemlog/test/incremental_history_test.dart: fresh replay checks genesis even when every selfhash is valid
2026-10-10T20:54:45.3142140Z ✅ /home/runner/work/tandemlog/tandemlog/test/incremental_history_test.dart: full verification reports exact changed record with UTF8 byte offset
2026-10-10T20:54:45.3617797Z ✅ /home/runner/work/tandemlog/tandemlog/test/incremental_history_test.dart: successful full verification counts records and bytes without appending an event
2026-10-10T20:54:45.3809894Z ✅ /home/runner/work/tandemlog/tandemlog/test/storage_test.dart: cache deletion rebuilds exact projection and writer stays stable
2026-10-10T20:54:45.4312683Z ✅ /home/runner/work/tandemlog/tandemlog/test/incremental_history_test.dart: retained baseline detects recomputed chain while a fresh cache cannot authenticate it
2026-10-10T20:54:45.4923522Z ✅ /home/runner/work/tandemlog/tandemlog/test/incremental_history_test.dart: known final-record removal fails verification while fresh valid prefix remains admissible
2026-10-10T20:54:45.5200728Z ✅ /home/runner/work/tandemlog/tandemlog/test/storage_test.dart: offline independent fields, duplicate transport and atomic replacement converge
2026-10-10T20:54:45.5458735Z ✅ /home/runner/work/tandemlog/tandemlog/test/incremental_history_test.dart: old v2 canonical history and cache are retained without migration
2026-10-10T20:54:45.5833235Z ✅ /home/runner/work/tandemlog/tandemlog/test/incremental_history_test.dart: full verification retains and rejects inconsistent cached chain_head
2026-10-10T20:54:45.6186247Z ✅ /home/runner/work/tandemlog/tandemlog/test/incremental_history_test.dart: full verification retains and rejects inconsistent cached last_seq
2026-10-10T20:54:45.6522427Z ✅ /home/runner/work/tandemlog/tandemlog/test/incremental_history_test.dart: full verification retains and rejects inconsistent cached last_clock
2026-10-10T20:54:45.6524366Z ✅ /home/runner/work/tandemlog/tandemlog/test/storage_test.dart: concurrent completion survives targeted undo from another user
2026-10-10T20:54:45.7403654Z ✅ /home/runner/work/tandemlog/tandemlog/test/incremental_history_test.dart: oversized partial suffix identifies exact absolute record and offset
2026-10-10T20:54:45.7451995Z ✅ /home/runner/work/tandemlog/tandemlog/test/storage_test.dart: unknown version blocks import without checkpoint advancement
2026-10-10T20:54:45.7796225Z ✅ /home/runner/work/tandemlog/tandemlog/test/incremental_history_test.dart: semantic failure identifies invalid move before later unrelated event
2026-10-10T20:54:45.8265758Z ✅ /home/runner/work/tandemlog/tandemlog/test/storage_test.dart: malformed complete records are preserved and block writes
2026-10-10T20:54:46.0829929Z ✅ /home/runner/work/tandemlog/tandemlog/test/storage_test.dart: incomplete remote tail is retried after completion
2026-10-10T20:54:46.1619868Z ✅ /home/runner/work/tandemlog/tandemlog/test/storage_test.dart: explicit integrity check rejects changed same-length committed prefix
2026-10-10T20:54:46.2400505Z ✅ /home/runner/work/tandemlog/tandemlog/test/storage_test.dart: missing previously seen stream blocks writes
2026-10-10T20:54:46.3216340Z ✅ /home/runner/work/tandemlog/tandemlog/test/storage_test.dart: owned incomplete tail is not silently truncated
2026-10-10T20:54:46.4085496Z ✅ /home/runner/work/tandemlog/tandemlog/test/storage_test.dart: durable append before cache failure recovers once after restart
2026-10-10T20:54:46.4509416Z ✅ /home/runner/work/tandemlog/tandemlog/test/native_text_engine_test.dart: missing native library is an explicit failure
2026-10-10T20:54:46.4812316Z ✅ /home/runner/work/tandemlog/tandemlog/test/native_text_engine_test.dart: operation bytes require exact canonical Base64 and bounded size
2026-10-10T20:54:46.5412505Z ✅ /home/runner/work/tandemlog/tandemlog/test/storage_test.dart: out-of-order entity dependency is retained and projected later
2026-10-10T20:54:46.6798403Z ✅ /home/runner/work/tandemlog/tandemlog/test/storage_test.dart: concurrent commands and refreshes serialize without duplicate sequence
2026-10-10T20:54:46.8125070Z ✅ /home/runner/work/tandemlog/tandemlog/test/storage_test.dart: invalid local commands leave canonical bytes unchanged
2026-10-10T20:54:46.9312612Z ✅ /home/runner/work/tandemlog/tandemlog/test/storage_test.dart: manifest deletion, replacement and future format block commands
2026-10-10T20:54:47.0146301Z ✅ /home/runner/work/tandemlog/tandemlog/test/storage_test.dart: local undo requires an earlier completion of the same entity
2026-10-10T20:54:47.0994088Z ✅ /home/runner/work/tandemlog/tandemlog/test/storage_test.dart: remote undo arriving before completion is revalidated when target arrives
2026-10-10T20:54:47.1954711Z ✅ /home/runner/work/tandemlog/tandemlog/test/storage_test.dart: remote undo cannot suppress a future-clock completion
2026-10-10T20:54:47.3134020Z ✅ /home/runner/work/tandemlog/tandemlog/test/storage_test.dart: close drains accepted work, rejects new work and is idempotent
2026-10-10T20:54:47.4354165Z ✅ /home/runner/work/tandemlog/tandemlog/test/native_text_engine_test.dart: actual production FFI inspection reuse is immutable budget-specific and bounded
2026-10-10T20:54:47.4519988Z ✅ /home/runner/work/tandemlog/tandemlog/test/native_text_engine_test.dart: actual production FFI pending named Undo rejects a different operation and keeps exact retry
2026-10-10T20:54:47.4602328Z ✅ /home/runner/work/tandemlog/tandemlog/test/native_text_engine_test.dart: actual production FFI dedicated receipt owner never undoes an older Save after remote cancellation
2026-10-10T20:54:47.4673996Z ✅ /home/runner/work/tandemlog/tandemlog/test/native_text_engine_test.dart: actual production FFI captured Unicode edit survives remote arrival and receipt-gated Save
2026-10-10T20:54:47.4681545Z ✅ /home/runner/work/tandemlog/tandemlog/test/storage_test.dart: pending undo is validated before its local target is appended
2026-10-10T20:54:47.4724125Z ✅ /home/runner/work/tandemlog/tandemlog/test/native_text_engine_test.dart: actual production FFI IME and wrong-source preparation preserve the captured draft
2026-10-10T20:54:47.4783885Z ✅ /home/runner/work/tandemlog/tandemlog/test/native_text_engine_test.dart: actual production FFI rejected receipt preserves live state, draft and prior Undo
2026-10-10T20:54:47.4878424Z ✅ /home/runner/work/tandemlog/tandemlog/test/native_text_engine_test.dart: actual production FFI prepared Undo keeps remote text and cancellation retains prior stack
2026-10-10T20:54:47.4933186Z ✅ /home/runner/work/tandemlog/tandemlog/test/native_text_engine_test.dart: actual production FFI invalid update, field limit and split surrogate rejection are atomic
2026-10-10T20:54:47.4984389Z ✅ /home/runner/work/tandemlog/tandemlog/test/native_text_engine_test.dart: actual production FFI native remote limit rejection preserves source and captured draft
2026-10-10T20:54:47.5034089Z ✅ /home/runner/work/tandemlog/tandemlog/test/native_text_engine_test.dart: actual production FFI inspection reports struct authors rather than delivery owner
2026-10-10T20:54:47.5094493Z ✅ /home/runner/work/tandemlog/tandemlog/test/native_text_engine_test.dart: actual production FFI checkpoint includes pending operations and restores with a fresh GUID
2026-10-10T20:54:47.5137896Z ✅ /home/runner/work/tandemlog/tandemlog/test/native_text_engine_test.dart: actual production FFI foreign handles, disposed generations and actor collisions fail explicitly
2026-10-10T20:54:47.5798973Z ✅ /home/runner/work/tandemlog/tandemlog/test/storage_test.dart: missing canonical folder contents do not initialize a new manifest
2026-10-10T20:54:47.9445079Z ✅ /home/runner/work/tandemlog/tandemlog/test/storage_test.dart: offline tag removal preserves unseen same-name additions and atomic edits
2026-10-10T20:54:48.0577767Z ✅ /home/runner/work/tandemlog/tandemlog/test/order_projection_test.dart: moving a legacy task below a native task uses both creation actions
2026-10-10T20:54:48.0606947Z ✅ /home/runner/work/tandemlog/tandemlog/test/order_projection_test.dart: native creation after a move keeps chronological manual ordering
2026-10-10T20:54:48.1401333Z ✅ /home/runner/work/tandemlog/tandemlog/test/storage_test.dart: concurrent relative moves converge and survive cache rebuild
2026-10-10T20:54:48.5622486Z ✅ /home/runner/work/tandemlog/tandemlog/test/storage_test.dart: unchanged repeating completion rejects before append and refreshes remote schedule
2026-10-10T20:54:48.6961761Z ✅ /home/runner/work/tandemlog/tandemlog/test/storage_test.dart: accepted historic unchanged recurrence is replayed without retroactive rejection
2026-10-10T20:54:48.9348492Z ✅ /home/runner/work/tandemlog/tandemlog/test/storage_test.dart: concurrent recurrence completion has one durable successor and history reopen retains edits
2026-10-10T20:54:48.9889363Z ✅ /home/runner/work/tandemlog/tandemlog/test/storage_test.dart: protocol v1 remains untouched and explicitly rejected
2026-10-10T20:54:49.1903450Z ✅ /home/runner/work/tandemlog/tandemlog/test/storage_test.dart: late winning recurrence seed cannot resurrect removed successor tags
2026-10-10T20:54:49.3270457Z ✅ /home/runner/work/tandemlog/tandemlog/test/storage_test.dart: successor collision and invalid tag/move references fail before append
2026-10-10T20:54:49.4600533Z ✅ /home/runner/work/tandemlog/tandemlog/test/storage_test.dart: offline schedule edits converge atomically without mixing precise date-times
2026-10-10T20:54:49.5968327Z ✅ /home/runner/work/tandemlog/tandemlog/test/storage_test.dart: completion reconciles changed timezone before selecting civil day
2026-10-10T20:54:49.7335700Z ✅ /home/runner/work/tandemlog/tandemlog/test/storage_test.dart: completion durable append failure recovers parent and sole successor together
2026-10-10T20:54:49.8246754Z ✅ /home/runner/work/tandemlog/tandemlog/test/storage_test.dart: pending future tag removal cannot poison next local append
2026-10-10T20:54:49.9028474Z ✅ /home/runner/work/tandemlog/tandemlog/test/tag_input_test.dart: hardware Enter propagates active IME composition
2026-10-10T20:54:50.0468134Z ✅ /home/runner/work/tandemlog/tandemlog/test/tag_input_test.dart: hardware Numpad Enter propagates active IME composition
2026-10-10T20:54:50.3002466Z ✅ /home/runner/work/tandemlog/tandemlog/test/tag_input_test.dart: hardware ArrowDown then Enter selects existing option
2026-10-10T20:54:50.4118637Z ✅ /home/runner/work/tandemlog/tandemlog/test/storage_test.dart: offline older high sequence loses to a later wall-clock edit
2026-10-10T20:54:50.4953323Z ✅ /home/runner/work/tandemlog/tandemlog/test/tag_input_test.dart: hardware ArrowDown then Numpad Enter selects existing option
2026-10-10T20:54:50.5502589Z ✅ /home/runner/work/tandemlog/tandemlog/test/storage_test.dart: observed clocks precede local writes across rollback and restart
2026-10-10T20:54:50.6520995Z ✅ /home/runner/work/tandemlog/tandemlog/test/tag_input_test.dart: opaque __create inventory tag and creation row keep separate identities
2026-10-10T20:54:50.6747141Z ✅ /home/runner/work/tandemlog/tandemlog/test/storage_test.dart: future records remain immutable and readable while warning permits writes
2026-10-10T20:54:50.7177725Z ✅ /home/runner/work/tandemlog/tandemlog/test/tag_input_test.dart: shared B layout keeps chips above full-width query at 390.0
2026-10-10T20:54:50.7709180Z ✅ /home/runner/work/tandemlog/tandemlog/test/storage_test.dart: large clock rollback warns without blocking and warning clears when caught up
2026-10-10T20:54:50.7765722Z ✅ /home/runner/work/tandemlog/tandemlog/test/tag_input_test.dart: shared B layout keeps chips above full-width query at 1000.0
2026-10-10T20:54:51.0659039Z ✅ /home/runner/work/tandemlog/tandemlog/test/storage_test.dart: SQLite and canonical clock retain exact signed-64-bit nanoseconds
2026-10-10T20:54:51.3383004Z ✅ /home/runner/work/tandemlog/tandemlog/test/storage_test.dart: recurrence inserts at current parent position and later moves stay independent
2026-10-10T20:54:51.4498269Z ✅ /home/runner/work/tandemlog/tandemlog/test/storage_test.dart: later creation stays after an earlier move to end
2026-10-10T20:54:51.6206536Z ✅ /home/runner/work/tandemlog/tandemlog/test/storage_test.dart: late pre-completion move converges and old order cache rebuilds without log writes
2026-10-10T20:54:52.0089166Z ✅ /home/runner/work/tandemlog/tandemlog/test/sticky_task_group_test.dart: native heading pins and pushes off at 1.0x text
2026-10-10T20:54:52.1019207Z ✅ /home/runner/work/tandemlog/tandemlog/test/sticky_task_group_test.dart: native heading pins and pushes off at 2.0x text
2026-10-10T20:54:52.1404518Z ✅ /home/runner/work/tandemlog/tandemlog/test/sticky_task_group_test.dart: heading wraps to its measured extent and has one header node
2026-10-10T20:54:52.1924204Z ✅ /home/runner/work/tandemlog/tandemlog/test/text_context_test.dart: context hashes the precise canonical domain descriptor
2026-10-10T20:54:52.1975458Z ✅ /home/runner/work/tandemlog/tandemlog/test/text_context_test.dart: canonical nested values reuse scalar ordering and exact escaping
2026-10-10T20:54:52.2028745Z ✅ /home/runner/work/tandemlog/tandemlog/test/text_context_test.dart: invalid identity, basis, field, kind and digest fail closed
2026-10-10T20:54:52.2121930Z ✅ /home/runner/work/tandemlog/tandemlog/test/text_context_test.dart: native creation context uses its canonical creation and seed hashes
2026-10-10T20:54:52.2188260Z ✅ /home/runner/work/tandemlog/tandemlog/test/text_context_test.dart: baseline digest is independent of object insertion order
2026-10-10T20:54:52.2221990Z ✅ /home/runner/work/tandemlog/tandemlog/test/text_context_test.dart: baseline digest rejects incomplete or arbitrary fields
2026-10-10T20:54:52.8716002Z ✅ /home/runner/work/tandemlog/tandemlog/test/foreground_importer_test.dart: coalesces repeated notifications and retains bounded fallback
2026-10-10T20:54:52.8745908Z ✅ /home/runner/work/tandemlog/tandemlog/test/foreground_importer_test.dart: pause and workspace disposal cancel debounce and fallback; resume reconciles
2026-10-10T20:54:52.8793901Z ✅ /home/runner/work/tandemlog/tandemlog/test/foreground_importer_test.dart: watcher failure recovers on fallback and overlapping work is serialized
2026-10-10T20:54:53.5225411Z ✅ /home/runner/work/tandemlog/tandemlog/test/compact_selection_actions_test.dart: selection commands wrap without losing touch targets
2026-10-10T20:54:54.1487753Z ✅ /home/runner/work/tandemlog/tandemlog/test/text_undo_event_test.dart: native Undo preserves compensation bytes and names original command
2026-10-10T20:54:54.1617862Z ✅ /home/runner/work/tandemlog/tandemlog/test/text_undo_event_test.dart: Undo nontext effects remains possible when native compensation is empty
2026-10-10T20:54:54.1713570Z ✅ /home/runner/work/tandemlog/tandemlog/test/text_undo_event_test.dart: Undo retracts only the original nontext effects in pure projection
2026-10-10T20:54:54.7172130Z ✅ /home/runner/work/tandemlog/tandemlog/test/historical_completion_event_test.dart: historical completion is required, separate and hash-bound to earlier scalar initialization
2026-10-10T20:54:54.7248807Z ✅ /home/runner/work/tandemlog/tandemlog/test/historical_completion_event_test.dart: forward/self reference, extra retained metadata and wrong child identities fail wire admission
2026-10-10T20:54:54.7371839Z ✅ /home/runner/work/tandemlog/tandemlog/test/historical_completion_event_test.dart: known equal or later source clocks remain invalid after delayed arrival
2026-10-10T20:54:55.4548381Z ✅ /home/runner/work/tandemlog/tandemlog/test/task_toolbar_test.dart: identity fits actual name/scale and retains accessible full name at narrow widths
2026-10-10T20:54:55.5960188Z ✅ /home/runner/work/tandemlog/tandemlog/test/task_toolbar_test.dart: status changes reserve count and control geometry
2026-10-10T20:54:56.2276728Z ✅ /home/runner/work/tandemlog/tandemlog/test/schedule_test.dart: completion guard compares actual occurrence dates, not rendered bounds
2026-10-10T20:54:56.2849652Z ✅ /home/runner/work/tandemlog/tandemlog/test/schedule_test.dart: all 37 observed expressions match pinned upstream oracle
2026-10-10T20:54:56.2942066Z ✅ /home/runner/work/tandemlog/tandemlog/test/schedule_test.dart: civil dates and schedule reject normalization and unknown fields
2026-10-10T20:54:56.2981021Z ✅ /home/runner/work/tandemlog/tandemlog/test/schedule_test.dart: reference precedence, missing dates and configured scheduled removal
2026-10-10T20:54:56.3029176Z ✅ /home/runner/work/tandemlog/tandemlog/test/schedule_test.dart: start bounds reject invalid edits without inventing dates
2026-10-10T20:54:56.3079719Z ✅ /home/runner/work/tandemlog/tandemlog/test/schedule_test.dart: named-zone gap and fold obey end-of-due-day bounds
2026-10-10T20:54:56.3127489Z ✅ /home/runner/work/tandemlog/tandemlog/test/schedule_test.dart: exact due bounds are inclusive; date-only due covers whole day
2026-10-10T20:54:56.3163011Z ✅ /home/runner/work/tandemlog/tandemlog/test/schedule_test.dart: precise named-zone bounds compare resolved gap and fold instants
2026-10-10T20:54:56.3193273Z ✅ /home/runner/work/tandemlog/tandemlog/test/schedule_test.dart: recurrence preserves exact times and removes scheduled time with its date
2026-10-10T20:54:56.3217452Z ✅ /home/runner/work/tandemlog/tandemlog/test/schedule_test.dart: last supported due day accepts its internal next-year boundary
2026-10-10T20:54:56.3240569Z ✅ /home/runner/work/tandemlog/tandemlog/test/schedule_test.dart: clamping evolves while explicit last remains month end
2026-10-10T20:54:56.8512417Z ✅ /home/runner/work/tandemlog/tandemlog/test/profile_lock_test.dart: same process and canonical aliases contend until release
2026-10-10T20:54:56.8589363Z ✅ /home/runner/work/tandemlog/tandemlog/test/profile_lock_test.dart: failed acquisition releases the process guard for retry
2026-10-10T20:54:57.3742895Z ✅ /home/runner/work/tandemlog/tandemlog/test/profile_lock_test.dart: child process holds OS lock; killing it allows reacquisition
2026-10-10T20:54:57.7025848Z ✅ /home/runner/work/tandemlog/tandemlog/test/food_retention_draft_test.dart: removing newly created retention chip stays removed on Add
2026-10-10T20:54:59.2695934Z ✅ /home/runner/work/tandemlog/tandemlog/test/checklist_baseline_selection_test.dart: shared baseline preserves earliest scalar successor protected by checked copied-item history
2026-10-10T20:54:59.8063255Z ✅ /home/runner/work/tandemlog/tandemlog/test/food_review_regression_test.dart: 101-container group removal and Undo use bounded captured batches
2026-10-10T20:54:59.8147729Z ✅ /home/runner/work/tandemlog/tandemlog/test/food_review_regression_test.dart: known wrong-kind edit reference fails even while target creation missing
2026-10-10T20:54:59.9716379Z ✅ /home/runner/work/tandemlog/tandemlog/test/checklist_baseline_selection_test.dart: shared baseline preserves earliest scalar successor protected by undone and deleted copied-item history
2026-10-10T20:55:00.6129271Z ✅ /home/runner/work/tandemlog/tandemlog/test/checklist_baseline_selection_test.dart: later copied-item activity preserves the declared scalar baseline through native capture and cold replay
2026-10-10T20:55:01.0828869Z ✅ /home/runner/work/tandemlog/tandemlog/test/food_review_regression_test.dart: typed retention reason survives direct Add
2026-10-10T20:55:01.1192037Z ✅ /home/runner/work/tandemlog/tandemlog/test/event_clock_test.dart: new wall time wins despite many older borrowed nanoseconds
2026-10-10T20:55:01.1405217Z ✅ /home/runner/work/tandemlog/tandemlog/test/event_clock_test.dart: equal and backward wall time borrow exactly one nanosecond
2026-10-10T20:55:01.1500868Z ✅ /home/runner/work/tandemlog/tandemlog/test/event_clock_test.dart: canonical decimal clock round trips values beyond JSON number precision
2026-10-10T20:55:01.1771407Z ✅ /home/runner/work/tandemlog/tandemlog/test/event_clock_test.dart: numeric legacy and tuple draft event clocks are rejected explicitly
2026-10-10T20:55:01.4555782Z ✅ /home/runner/work/tandemlog/tandemlog/test/food_review_regression_test.dart: repeated dialog Cancel callback cannot pop food page
2026-10-10T20:55:01.4614957Z ✅ /home/runner/work/tandemlog/tandemlog/test/food_review_regression_test.dart: known removal before physical creation is rejected
2026-10-10T20:55:01.8105596Z ✅ /home/runner/work/tandemlog/tandemlog/test/food_review_regression_test.dart: active retention composition is not staged by submit
2026-10-10T20:55:02.5366767Z ✅ /home/runner/work/tandemlog/tandemlog/test/local_settings_test.dart: legacy folder/user settings remain selected and default to System
2026-10-10T20:55:02.5499814Z ✅ /home/runner/work/tandemlog/tandemlog/test/local_settings_test.dart: theme-only preferences never create a canonical workspace
2026-10-10T20:55:02.5554939Z ✅ /home/runner/work/tandemlog/tandemlog/test/local_settings_test.dart: new desktop default is shared-data without creating files
2026-10-10T20:55:02.5636270Z ✅ /home/runner/work/tandemlog/tandemlog/test/local_settings_test.dart: settings reset retains a populated legacy default
2026-10-10T20:55:02.5681142Z ✅ /home/runner/work/tandemlog/tandemlog/test/local_settings_test.dart: empty legacy folder does not override the clearer default
2026-10-10T20:55:02.5750350Z ✅ /home/runner/work/tandemlog/tandemlog/test/local_settings_test.dart: populated shared-data remains preferred without altering either folder
2026-10-10T20:55:04.0401227Z ✅ /home/runner/work/tandemlog/tandemlog/test/shared_text_storage_test.dart: shared recurrence cache stores references and survives warm/cold reconstruction
2026-10-10T20:55:05.0376614Z ✅ /home/runner/work/tandemlog/tandemlog/test/shared_text_history_test.dart: reordered originals bound disposable interning and retain old references
2026-10-10T20:55:05.0447560Z ✅ /home/runner/work/tandemlog/tandemlog/test/shared_text_history_test.dart: reshaped branches apply originals once, checkpoint restore=false
2026-10-10T20:55:05.0508082Z ✅ /home/runner/work/tandemlog/tandemlog/test/shared_text_history_test.dart: reshaped branches apply originals once, checkpoint restore=true
2026-10-10T20:55:05.0657899Z ✅ /home/runner/work/tandemlog/tandemlog/test/task_completion_checkbox_test.dart: disabled repeat perimeter has uniform opacity at overlapping tips
2026-10-10T20:55:05.1541578Z ✅ /home/runner/work/tandemlog/tandemlog/test/shared_text_history_test.dart: one original operation is retained across immutable recurrence references
2026-10-10T20:55:05.1621998Z ✅ /home/runner/work/tandemlog/tandemlog/test/shared_text_history_test.dart: union order and duplicate arrival retain one reference to each original
2026-10-10T20:55:05.1680780Z ✅ /home/runner/work/tandemlog/tandemlog/test/shared_text_history_test.dart: equal seed text cannot authorize independent roots or forged packet claims
2026-10-10T20:55:05.1732722Z ✅ /home/runner/work/tandemlog/tandemlog/test/shared_text_history_test.dart: canonical packet metadata is checked before retaining a reference
2026-10-10T20:55:05.1785896Z ✅ /home/runner/work/tandemlog/tandemlog/test/shared_text_history_test.dart: retained original packets are deeply immutable and privately owned
2026-10-10T20:55:05.2411230Z ✅ /home/runner/work/tandemlog/tandemlog/test/shared_text_history_test.dart: incremental native replay is linear and sparse checkpoints preserve historical state
2026-10-10T20:55:05.2883148Z ✅ /home/runner/work/tandemlog/tandemlog/test/shared_text_history_test.dart: reference summaries export full state only for sparse checkpoints or explicit proof
2026-10-10T20:55:05.2941615Z ✅ /home/runner/work/tandemlog/tandemlog/test/shared_text_history_test.dart: evicting native roots and closing a materializer does not change references
2026-10-10T20:55:05.2998546Z ✅ /home/runner/work/tandemlog/tandemlog/test/task_completion_checkbox_test.dart: repeat geometry retains padded touch and checked semantics
2026-10-10T20:55:05.3382430Z ✅ /home/runner/work/tandemlog/tandemlog/test/task_completion_checkbox_test.dart: disabled repeat target cannot complete at enlarged text
2026-10-10T20:55:05.3956964Z ✅ /home/runner/work/tandemlog/tandemlog/test/task_completion_checkbox_test.dart: completed controls share native appearance in both themes
2026-10-10T20:55:06.7310197Z ✅ /home/runner/work/tandemlog/tandemlog/test/writer_guard_test.dart: acknowledged head blocks old snapshot through other directory without sequence reuse
2026-10-10T20:55:06.8657423Z ✅ /home/runner/work/tandemlog/tandemlog/test/writer_guard_test.dart: acknowledged head blocks old snapshot through URI alias without sequence reuse
2026-10-10T20:55:06.9834053Z ✅ /home/runner/work/tandemlog/tandemlog/test/writer_guard_test.dart: acknowledged head blocks old snapshot through rebuilt cache without sequence reuse
2026-10-10T20:55:07.0807916Z ✅ /home/runner/work/tandemlog/tandemlog/test/writer_guard_test.dart: missing owned log is blocked even with a new cache and data directory
2026-10-10T20:55:07.2012216Z ✅ /home/runner/work/tandemlog/tandemlog/test/writer_guard_test.dart: same sequence with a fully recomputed valid chain rejects against private head
2026-10-10T20:55:07.3377040Z ✅ /home/runner/work/tandemlog/tandemlog/test/writer_guard_test.dart: an explicitly different writer can use a restored snapshot without changing original guard
2026-10-10T20:55:07.4534832Z ✅ /home/runner/work/tandemlog/tandemlog/test/writer_guard_test.dart: guard metadata is durable before append and normal reopen/refresh reads no old history
2026-10-10T20:55:07.6431612Z ✅ /home/runner/work/tandemlog/tandemlog/test/writer_guard_test.dart: zero-record failed append reserves candidate across restart until exact late arrival
2026-10-10T20:55:07.7805751Z ✅ /home/runner/work/tandemlog/tandemlog/test/writer_guard_test.dart: lost append acknowledgment reconciles exact pending head after restart without duplicate sequence
2026-10-10T20:55:07.8167584Z ✅ /home/runner/work/tandemlog/tandemlog/test/food_view_reachability_test.dart: Food inventory reachable at320/dark/1.0x/error=false
2026-10-10T20:55:07.8987191Z ✅ /home/runner/work/tandemlog/tandemlog/test/writer_guard_test.dart: acknowledgment guard failure rolls cache back and blocks false confirmation until restart
2026-10-10T20:55:08.0775812Z ✅ /home/runner/work/tandemlog/tandemlog/test/writer_guard_test.dart: batch durable prefix reconciles across cache replacement
2026-10-10T20:55:08.1837710Z ✅ /home/runner/work/tandemlog/tandemlog/test/writer_guard_test.dart: batch durable prefix with partial tail blocks across cache replacement
2026-10-10T20:55:08.2849521Z ✅ /home/runner/work/tandemlog/tandemlog/test/writer_guard_test.dart: valid cache12 upgrades once without changing canonical bytes or writer guard
2026-10-10T20:55:08.2873012Z ✅ /home/runner/work/tandemlog/tandemlog/test/food_view_reachability_test.dart: Food inventory reachable at320/dark/1.0x/error=true
2026-10-10T20:55:08.3705782Z ✅ /home/runner/work/tandemlog/tandemlog/test/writer_guard_test.dart: cache10 retains old materialization and rejects separate tag event on upgrade
2026-10-10T20:55:08.5155227Z ✅ /home/runner/work/tandemlog/tandemlog/test/writer_guard_test.dart: cache10 retains old materialization and rejects generic recurring Undo on upgrade
2026-10-10T20:55:08.5973751Z ✅ /home/runner/work/tandemlog/tandemlog/test/writer_guard_test.dart: cache11 retains old materialization and rejects separate tag event on upgrade
2026-10-10T20:55:08.7203491Z ✅ /home/runner/work/tandemlog/tandemlog/test/food_view_reachability_test.dart: Food inbox reachable at320/dark/1.0x/error=false
2026-10-10T20:55:08.7366731Z ✅ /home/runner/work/tandemlog/tandemlog/test/writer_guard_test.dart: cache11 retains old materialization and rejects generic recurring Undo on upgrade
2026-10-10T20:55:08.8200786Z ✅ /home/runner/work/tandemlog/tandemlog/test/writer_guard_test.dart: cache12 retains old materialization and rejects separate tag event on upgrade
2026-10-10T20:55:08.9419814Z ✅ /home/runner/work/tandemlog/tandemlog/test/writer_guard_test.dart: cache12 retains old materialization and rejects generic recurring Undo on upgrade
2026-10-10T20:55:08.9982257Z ✅ /home/runner/work/tandemlog/tandemlog/test/writer_guard_test.dart: noninteger pending sequence is rejected without normalizing private metadata
2026-10-10T20:55:09.0579750Z ✅ /home/runner/work/tandemlog/tandemlog/test/writer_guard_test.dart: guard instances serialize candidate reservation for the same installation identity
2026-10-10T20:55:09.1304770Z ✅ /home/runner/work/tandemlog/tandemlog/test/writer_guard_test.dart: malformed private guard is preserved and never rebuilt from disposable cache
2026-10-10T20:55:09.2017349Z ✅ /home/runner/work/tandemlog/tandemlog/test/food_view_reachability_test.dart: Food inbox reachable at320/dark/1.0x/error=true
2026-10-10T20:55:09.6834302Z ✅ /home/runner/work/tandemlog/tandemlog/test/text_inheritance_test.dart: strict descriptor rejects unknown keys, versions, fields and hashes
2026-10-10T20:55:09.6897221Z ✅ /home/runner/work/tandemlog/tandemlog/test/text_inheritance_test.dart: missing proof is pending while a known wrong hash is invalid
2026-10-10T20:55:09.6959692Z ✅ /home/runner/work/tandemlog/tandemlog/test/text_inheritance_test.dart: genesis is verified and does not require a record
2026-10-10T20:55:09.7012343Z ✅ /home/runner/work/tandemlog/tandemlog/test/text_inheritance_test.dart: forward clock and same writer references are rejected even missing
2026-10-10T20:55:09.7073268Z ✅ /home/runner/work/tandemlog/tandemlog/test/text_inheritance_test.dart: duplicate reordered arrival filters immutable observed prefix
2026-10-10T20:55:10.0729530Z ✅ /home/runner/work/tandemlog/tandemlog/test/food_view_reachability_test.dart: Food retained reachable at320/dark/1.0x/error=false
2026-10-10T20:55:10.4090294Z ✅ /home/runner/work/tandemlog/tandemlog/test/profile_safety_store_test.dart: writer reservation and partial acknowledgement survive reopening
2026-10-10T20:55:10.4551546Z ✅ /home/runner/work/tandemlog/tandemlog/test/profile_safety_store_test.dart: same writer and event sequence are scoped to separate workspaces
2026-10-10T20:55:10.4757348Z ✅ /home/runner/work/tandemlog/tandemlog/test/profile_safety_store_test.dart: pending canonical bytes are immutable and survive reopen
2026-10-10T20:55:10.4946873Z ✅ /home/runner/work/tandemlog/tandemlog/test/profile_safety_store_test.dart: rollback and projection deletion do not clear protected evidence
2026-10-10T20:55:10.5150176Z ✅ /home/runner/work/tandemlog/tandemlog/test/profile_safety_store_test.dart: a SQL disk-capacity failure preserves original error and pending rows
2026-10-10T20:55:10.5402252Z ✅ /home/runner/work/tandemlog/tandemlog/test/profile_safety_store_test.dart: copied writer IDs across profiles are outside profile exclusion
2026-10-10T20:55:10.7553078Z ✅ /home/runner/work/tandemlog/tandemlog/test/food_view_reachability_test.dart: Food retained reachable at320/dark/1.0x/error=true
2026-10-10T20:55:10.7769739Z ✅ /home/runner/work/tandemlog/tandemlog/test/profile_safety_store_test.dart: distinct profile writers converge in one canonical workspace
2026-10-10T20:55:10.7885727Z ✅ /home/runner/work/tandemlog/tandemlog/test/profile_safety_store_test.dart: async and nested transactions cannot commit unrelated outer work
2026-10-10T20:55:10.8058652Z ✅ /home/runner/work/tandemlog/tandemlog/test/profile_safety_store_test.dart: pending reads reject corrupt bytes and mismatched indexed identity
2026-10-10T20:55:10.9617860Z ✅ /home/runner/work/tandemlog/tandemlog/test/food_view_reachability_test.dart: Food deleted reachable at320/dark/1.0x/error=false
2026-10-10T20:55:11.1496459Z ✅ /home/runner/work/tandemlog/tandemlog/test/food_view_reachability_test.dart: Food deleted reachable at320/dark/1.0x/error=true
2026-10-10T20:55:11.4343193Z ✅ /home/runner/work/tandemlog/tandemlog/test/food_view_reachability_test.dart: Food inventory reachable at320/dark/2.0x/error=false
2026-10-10T20:55:11.7470605Z ✅ /home/runner/work/tandemlog/tandemlog/test/food_view_reachability_test.dart: Food inventory reachable at320/dark/2.0x/error=true
2026-10-10T20:55:11.8496546Z ✅ /home/runner/work/tandemlog/tandemlog/test/undo_storage_test.dart: bulk Undo restores mixed schedules/assignees/tags and retains newer synced registers
2026-10-10T20:55:11.8629139Z ✅ /home/runner/work/tandemlog/tandemlog/test/food_view_reachability_test.dart: empty Food inventory remains reachable at320/dark/2x
2026-10-10T20:55:12.4433046Z ✅ /home/runner/work/tandemlog/tandemlog/test/undo_storage_test.dart: completion and reopening Undo preserve successor work and independent completion/deletion
2026-10-10T20:55:12.5469239Z ✅ /home/runner/work/tandemlog/tandemlog/test/food_view_reachability_test.dart: Food inbox reachable at320/dark/2.0x/error=false
2026-10-10T20:55:12.7722421Z ✅ /home/runner/work/tandemlog/tandemlog/test/undo_storage_test.dart: move Undo retains later relative move and replays after known-cache upgrade
2026-10-10T20:55:12.9722087Z ✅ /home/runner/work/tandemlog/tandemlog/test/food_view_reachability_test.dart: Food inbox reachable at320/dark/2.0x/error=true
2026-10-10T20:55:12.9893987Z ✅ /home/runner/work/tandemlog/tandemlog/test/undo_storage_test.dart: Undo failure before append confirms only durable prefix and retry is idempotent
2026-10-10T20:55:13.1088133Z ✅ /home/runner/work/tandemlog/tandemlog/test/food_view_reachability_test.dart: empty Food inbox remains reachable at320/dark/2x
2026-10-10T20:55:13.1862487Z ✅ /home/runner/work/tandemlog/tandemlog/test/undo_storage_test.dart: Undo failure after append confirms only durable prefix and retry is idempotent
2026-10-10T20:55:13.3758561Z ✅ /home/runner/work/tandemlog/tandemlog/test/undo_storage_test.dart: unresolved write blocks new payload until exact delayed record appears
2026-10-10T20:55:13.5094247Z ✅ /home/runner/work/tandemlog/tandemlog/test/undo_storage_test.dart: delayed cross-entity Undo target fails transactionally with canonical bytes preserved
2026-10-10T20:55:13.6916599Z ✅ /home/runner/work/tandemlog/tandemlog/test/food_view_reachability_test.dart: Food retained reachable at320/dark/2.0x/error=false
2026-10-10T20:55:14.2580235Z ✅ /home/runner/work/tandemlog/tandemlog/test/food_view_reachability_test.dart: Food retained reachable at320/dark/2.0x/error=true
2026-10-10T20:55:14.3757856Z ✅ /home/runner/work/tandemlog/tandemlog/test/food_view_reachability_test.dart: empty Food retained remains reachable at320/dark/2x
2026-10-10T20:55:14.5578483Z ✅ /home/runner/work/tandemlog/tandemlog/test/food_view_reachability_test.dart: Food deleted reachable at320/dark/2.0x/error=false
2026-10-10T20:55:14.7725035Z ✅ /home/runner/work/tandemlog/tandemlog/test/food_view_reachability_test.dart: Food deleted reachable at320/dark/2.0x/error=true
2026-10-10T20:55:14.8671749Z ✅ /home/runner/work/tandemlog/tandemlog/test/food_view_reachability_test.dart: empty Food deleted remains reachable at320/dark/2x
2026-10-10T20:55:15.0902414Z ✅ /home/runner/work/tandemlog/tandemlog/test/food_view_reachability_test.dart: Food inventory reachable at320/light/1.0x/error=false
2026-10-10T20:55:15.3268630Z ✅ /home/runner/work/tandemlog/tandemlog/test/food_view_reachability_test.dart: Food inventory reachable at320/light/1.0x/error=true
2026-10-10T20:55:15.6083883Z ✅ /home/runner/work/tandemlog/tandemlog/test/food_view_reachability_test.dart: Food inbox reachable at320/light/1.0x/error=false
2026-10-10T20:55:15.8587301Z ✅ /home/runner/work/tandemlog/tandemlog/test/food_view_reachability_test.dart: Food inbox reachable at320/light/1.0x/error=true
2026-10-10T20:55:16.2799451Z ✅ /home/runner/work/tandemlog/tandemlog/test/food_view_reachability_test.dart: Food retained reachable at320/light/1.0x/error=false
2026-10-10T20:55:16.7188297Z ✅ /home/runner/work/tandemlog/tandemlog/test/food_view_reachability_test.dart: Food retained reachable at320/light/1.0x/error=true
2026-10-10T20:55:16.8536783Z ✅ /home/runner/work/tandemlog/tandemlog/test/food_view_reachability_test.dart: Food deleted reachable at320/light/1.0x/error=false
2026-10-10T20:55:16.9687022Z ✅ /home/runner/work/tandemlog/tandemlog/test/bulk_apply_semantics_test.dart: bulk apply names and accessible actions isolate fields at (900.0, 1.0)
2026-10-10T20:55:16.9969652Z ✅ /home/runner/work/tandemlog/tandemlog/test/food_view_reachability_test.dart: Food deleted reachable at320/light/1.0x/error=true
2026-10-10T20:55:17.2002513Z ✅ /home/runner/work/tandemlog/tandemlog/test/food_view_reachability_test.dart: Food inventory reachable at320/light/2.0x/error=false
2026-10-10T20:55:17.4120004Z ✅ /home/runner/work/tandemlog/tandemlog/test/food_view_reachability_test.dart: Food inventory reachable at320/light/2.0x/error=true
2026-10-10T20:55:17.4971772Z ✅ /home/runner/work/tandemlog/tandemlog/test/food_view_reachability_test.dart: empty Food inventory remains reachable at320/light/2x
2026-10-10T20:55:17.9874482Z ✅ /home/runner/work/tandemlog/tandemlog/test/food_view_reachability_test.dart: Food inbox reachable at320/light/2.0x/error=false
2026-10-10T20:55:18.2892437Z ✅ /home/runner/work/tandemlog/tandemlog/test/food_view_reachability_test.dart: Food inbox reachable at320/light/2.0x/error=true
2026-10-10T20:55:18.3859860Z ✅ /home/runner/work/tandemlog/tandemlog/test/food_view_reachability_test.dart: empty Food inbox remains reachable at320/light/2x
2026-10-10T20:55:18.4039053Z ✅ /home/runner/work/tandemlog/tandemlog/test/bulk_apply_semantics_test.dart: bulk apply names and accessible actions isolate fields at (390.0, 2.0)
2026-10-10T20:55:18.7716401Z ✅ /home/runner/work/tandemlog/tandemlog/test/food_view_reachability_test.dart: Food retained reachable at320/light/2.0x/error=false
2026-10-10T20:55:19.1805778Z ✅ /home/runner/work/tandemlog/tandemlog/test/bulk_apply_semantics_test.dart: keyboard applies only Due time; tag operations stay distinct
2026-10-10T20:55:19.2218563Z ✅ /home/runner/work/tandemlog/tandemlog/test/food_view_reachability_test.dart: Food retained reachable at320/light/2.0x/error=true
2026-10-10T20:55:19.3172431Z ✅ /home/runner/work/tandemlog/tandemlog/test/food_view_reachability_test.dart: empty Food retained remains reachable at320/light/2x
2026-10-10T20:55:19.4806940Z ✅ /home/runner/work/tandemlog/tandemlog/test/food_view_reachability_test.dart: Food deleted reachable at320/light/2.0x/error=false
2026-10-10T20:55:19.6543088Z ✅ /home/runner/work/tandemlog/tandemlog/test/food_view_reachability_test.dart: Food deleted reachable at320/light/2.0x/error=true
2026-10-10T20:55:19.6629388Z ✅ /home/runner/work/tandemlog/tandemlog/test/bulk_apply_semantics_test.dart: saving retains field names but disables all apply actions
2026-10-10T20:55:19.7264255Z ✅ /home/runner/work/tandemlog/tandemlog/test/food_view_reachability_test.dart: empty Food deleted remains reachable at320/light/2x
2026-10-10T20:55:20.4867917Z ✅ /home/runner/work/tandemlog/tandemlog/test/domain_test.dart: deletion is a validated permanent tombstone in every arrival order
2026-10-10T20:55:20.5001104Z ✅ /home/runner/work/tandemlog/tandemlog/test/domain_test.dart: canonical UUID admission matches namespace validation and rejects aliases
2026-10-10T20:55:20.5118348Z ✅ /home/runner/work/tandemlog/tandemlog/test/domain_test.dart: all arrival permutations yield identical field conflict and undo state
2026-10-10T20:55:20.5187270Z ✅ /home/runner/work/tandemlog/tandemlog/test/domain_test.dart: unknown event/fields and counter overflow are rejected
2026-10-10T20:55:20.5706807Z ✅ /home/runner/work/tandemlog/tandemlog/test/domain_test.dart: historical v1 events and invalid new active fields fail explicitly
2026-10-10T20:55:21.0304760Z ✅ /home/runner/work/tandemlog/tandemlog/test/release_version_tile_test.dart: shows and copies only release version 2026.10.1
2026-10-10T20:55:21.1039537Z ✅ /home/runner/work/tandemlog/tandemlog/test/release_version_tile_test.dart: shows and copies only release version 2026.10.2-rc.1
2026-10-10T20:55:21.1552409Z ✅ /home/runner/work/tandemlog/tandemlog/test/release_version_tile_test.dart: missing metadata does not copy a guessed version
2026-10-10T20:55:21.2505435Z ✅ /home/runner/work/tandemlog/tandemlog/test/release_version_tile_test.dart: clipboard failure is contextual and can be retried
2026-10-10T20:55:21.7033595Z ✅ /home/runner/work/tandemlog/tandemlog/test/food_store_test.dart: malformed Food disables only Food and existing Tasks remain writable
2026-10-10T20:55:21.7525340Z ✅ /home/runner/work/tandemlog/tandemlog/test/food_store_test.dart: Food-only provider failure preserves the typed module boundary
2026-10-10T20:55:21.7941916Z ✅ /home/runner/work/tandemlog/tandemlog/test/food_store_test.dart: moved manifest stays a shared fatal fault
2026-10-10T20:55:21.8331811Z ✅ /home/runner/work/tandemlog/tandemlog/test/food_store_test.dart: malformed protected Food head is shared integrity, not history
2026-10-10T20:55:21.8700584Z ✅ /home/runner/work/tandemlog/tandemlog/test/food_store_test.dart: recognized Food conflict stays module-scoped: food-00000000-0000-4000-8000-000000000001.sync-conflict-synthetic.foodlog
2026-10-10T20:55:21.9095410Z ✅ /home/runner/work/tandemlog/tandemlog/test/food_store_test.dart: recognized Food conflict stays module-scoped: food-00000000-0000-4000-8000-000000000001.foodlog.sync-conflict-synthetic
2026-10-10T20:55:21.9435610Z ✅ /home/runner/work/tandemlog/tandemlog/test/food_store_test.dart: unclassified conflict preserves released Task fail-closed policy
2026-10-10T20:55:22.0676889Z ✅ /home/runner/work/tandemlog/tandemlog/test/food_store_test.dart: disabled Food retains exact prepared bytes for explicit recovery
2026-10-10T20:55:22.2012201Z ✅ /home/runner/work/tandemlog/tandemlog/test/food_store_test.dart: food physical count and durable Deleted survive restart without changing task v3 bytes
2026-10-10T20:55:22.2741444Z ✅ /home/runner/work/tandemlog/tandemlog/test/food_store_test.dart: partial first record is resumed exactly from protected bytes across restart
2026-10-10T20:55:22.3343109Z ✅ /home/runner/work/tandemlog/tandemlog/test/food_store_test.dart: uncertain successful append admits once and retires exact receipt
2026-10-10T20:55:22.3859216Z ✅ /home/runner/work/tandemlog/tandemlog/test/food_store_test.dart: acknowledged missing stream fails closed and retains last view
2026-10-10T20:55:22.4425415Z ✅ /home/runner/work/tandemlog/tandemlog/test/food_store_test.dart: food refresh SQL fault preserves state and receipts together
2026-10-10T20:55:22.4857374Z ✅ /home/runner/work/tandemlog/tandemlog/test/food_store_test.dart: missing own reservation after initialization cannot reuse a sequence
2026-10-10T20:55:22.5679710Z ✅ /home/runner/work/tandemlog/tandemlog/test/food_store_test.dart: food handle releases its lease when the profile owner is poisoned
2026-10-10T20:55:23.5022510Z ✅ /home/runner/work/tandemlog/tandemlog/test/tag_input_geometry_test.dart: many selected chips keep query and results reachable with IME
2026-10-10T20:55:24.0851916Z ✅ /home/runner/work/tandemlog/tandemlog/test/food_record_test.dart: literal canonical food wire/hash and module writer fixture
2026-10-10T20:55:24.1057216Z ✅ /home/runner/work/tandemlog/tandemlog/test/food_record_test.dart: separate food hash domain and immutable envelope bindings
2026-10-10T20:55:24.1084528Z ✅ /home/runner/work/tandemlog/tandemlog/test/food_record_test.dart: food DTO identity and order cannot disagree with verified envelope
2026-10-10T20:55:24.1136643Z ✅ /home/runner/work/tandemlog/tandemlog/test/food_record_test.dart: noncreation records carry observed per-container creation basis
2026-10-10T20:55:24.1224213Z ✅ /home/runner/work/tandemlog/tandemlog/test/food_record_test.dart: unknown/noncanonical/oversized records are rejected
2026-10-10T20:55:24.1296640Z ✅ /home/runner/work/tandemlog/tandemlog/test/food_record_test.dart: exact signed64 clock roundtrip and bounds
2026-10-10T20:55:24.3331939Z ✅ /home/runner/work/tandemlog/tandemlog/test/tag_filter_picker_test.dart: query underline gap stays stable with chips at 260.0/1.0
2026-10-10T20:55:24.6085155Z ✅ /home/runner/work/tandemlog/tandemlog/test/tag_filter_picker_test.dart: query underline gap stays stable with chips at 260.0/2.0
2026-10-10T20:55:24.8307808Z ✅ /home/runner/work/tandemlog/tandemlog/test/tag_filter_picker_test.dart: query underline gap stays stable with chips at 390.0/1.0
2026-10-10T20:55:25.0262660Z ✅ /home/runner/work/tandemlog/tandemlog/test/tag_filter_picker_test.dart: query underline gap stays stable with chips at 390.0/2.0
2026-10-10T20:55:25.2924402Z ✅ /home/runner/work/tandemlog/tandemlog/test/tag_filter_picker_test.dart: initial suggestions survive IME relayout at 1.0 text scale
2026-10-10T20:55:25.4865100Z ✅ /home/runner/work/tandemlog/tandemlog/test/checklist_architecture_gate_test.dart: genuine offline item activity arriving after cancellation restores its task
2026-10-10T20:55:25.5104025Z ✅ /home/runner/work/tandemlog/tandemlog/test/tag_filter_picker_test.dart: initial suggestions survive IME relayout at 2.0 text scale
2026-10-10T20:55:25.8261409Z ✅ /home/runner/work/tandemlog/tandemlog/test/checklist_architecture_gate_test.dart: local item create cannot resurrect a canceled successor
2026-10-10T20:55:26.1029389Z ✅ /home/runner/work/tandemlog/tandemlog/test/checklist_architecture_gate_test.dart: local item check cannot resurrect a canceled successor
2026-10-10T20:55:26.1356540Z ✅ /home/runner/work/tandemlog/tandemlog/test/tag_filter_picker_test.dart: below-first dialog overlay uses content size and stays stable through queries and metrics
2026-10-10T20:55:26.6146184Z ✅ /home/runner/work/tandemlog/tandemlog/test/checklist_architecture_gate_test.dart: local item move cannot resurrect a canceled successor
2026-10-10T20:55:26.8641729Z ✅ /home/runner/work/tandemlog/tandemlog/test/checklist_architecture_gate_test.dart: local item delete cannot resurrect a canceled successor
2026-10-10T20:55:27.1597041Z ✅ /home/runner/work/tandemlog/tandemlog/test/checklist_architecture_gate_test.dart: local item native Save cannot resurrect a canceled successor
2026-10-10T20:55:27.3975808Z ✅ /home/runner/work/tandemlog/tandemlog/test/checklist_architecture_gate_test.dart: item Save returns its current merged item rather than a deleted row
2026-10-10T20:55:29.3737974Z ✅ /home/runner/work/tandemlog/tandemlog/test/food_collapsed_inspect_guard_test.dart: latest Full conflict retains warning and Inspect dark 1.0x
2026-10-10T20:55:29.7374528Z ✅ /home/runner/work/tandemlog/tandemlog/test/food_collapsed_inspect_guard_test.dart: latest Full conflict retains warning and Inspect dark 2.0x
2026-10-10T20:55:30.0739509Z ✅ /home/runner/work/tandemlog/tandemlog/test/food_collapsed_inspect_guard_test.dart: latest Full conflict retains warning and Inspect light 1.0x
2026-10-10T20:55:30.3797014Z ✅ /home/runner/work/tandemlog/tandemlog/test/food_collapsed_inspect_guard_test.dart: latest Full conflict retains warning and Inspect light 2.0x
2026-10-10T20:55:31.2622912Z ##[endgroup]
2026-10-10T20:55:31.2624088Z ##[group]✅ /home/runner/work/tandemlog/tandemlog/test/food_replay_budget_test.dart: wide-target thousand-reference history has a bounded replay budget
2026-10-10T20:55:31.2624960Z FOOD_REPLAY_BUDGET bytes=12418562 records=1002 targets=100 refs=1000 elapsed_ms=2513
2026-10-10T20:55:31.2625489Z ##[endgroup]
2026-10-10T20:55:31.9130986Z ##[group]✅ Passing tests
2026-10-10T20:55:31.9149699Z ✅ /home/runner/work/tandemlog/tandemlog/test/profile_task_store_test.dart: immutable names reject injected identifiers
2026-10-10T20:55:32.0999753Z ✅ /home/runner/work/tandemlog/tandemlog/test/profile_task_store_test.dart: shared checklist display state is scoped and uses owner rollback
2026-10-10T20:55:32.2569492Z ✅ /home/runner/work/tandemlog/tandemlog/test/profile_task_store_test.dart: two workspaces isolate identical entity and writer sequence IDs
2026-10-10T20:55:32.2979357Z ✅ /home/runner/work/tandemlog/tandemlog/test/profile_task_store_test.dart: same location rejects a duplicate handle until close
2026-10-10T20:55:32.3477320Z ✅ /home/runner/work/tandemlog/tandemlog/test/profile_task_store_test.dart: queued open prevents owner close before its handle is returned
2026-10-10T20:55:32.3855392Z ✅ /home/runner/work/tandemlog/tandemlog/test/profile_task_store_test.dart: shared namespace never invokes legacy global schema replay
2026-10-10T20:55:32.5592570Z ✅ /home/runner/work/tandemlog/tandemlog/test/profile_task_store_test.dart: protected native receipt survives alias confirmation/rebuild appended=false
2026-10-10T20:55:32.6880699Z ✅ /home/runner/work/tandemlog/tandemlog/test/profile_task_store_test.dart: protected native receipt survives alias confirmation/rebuild appended=true
2026-10-10T20:55:32.7647539Z ✅ /home/runner/work/tandemlog/tandemlog/test/profile_task_store_test.dart: failed shared acknowledgement retains exact intent and rolls back projections
2026-10-10T20:55:32.8515432Z ✅ /home/runner/work/tandemlog/tandemlog/test/profile_task_store_test.dart: overlapping workspace operations share one transaction owner
2026-10-10T20:55:33.4466260Z ✅ /home/runner/work/tandemlog/tandemlog/test/task_metadata_test.dart: future hints use projection availability and the observed local day
2026-10-10T20:55:33.4492402Z ✅ /home/runner/work/tandemlog/tandemlog/test/task_metadata_test.dart: passed start and history hints stay absent even with a retained instant
2026-10-10T20:55:33.4516139Z ✅ /home/runner/work/tandemlog/tandemlog/test/task_metadata_test.dart: same heading removes date-only details and empty separators
2026-10-10T20:55:33.4537148Z ✅ /home/runner/work/tandemlog/tandemlog/test/task_metadata_test.dart: same heading retains role and time
2026-10-10T20:55:33.4558905Z ✅ /home/runner/work/tandemlog/tandemlog/test/task_metadata_test.dart: day groups hide due dates and available starts
2026-10-10T20:55:33.4609216Z ✅ /home/runner/work/tandemlog/tandemlog/test/task_metadata_test.dart: day groups hide pinned dates even across local days
2026-10-10T20:55:33.4629417Z ✅ /home/runner/work/tandemlog/tandemlog/test/task_metadata_test.dart: repeat perimeter needs no redundant metadata line or verbose rule
2026-10-10T20:55:33.4656914Z ✅ /home/runner/work/tandemlog/tandemlog/test/task_metadata_test.dart: local zone changes alter only pinned presentation
2026-10-10T20:55:33.4674033Z ✅ /home/runner/work/tandemlog/tandemlog/test/task_metadata_test.dart: pinned DST gaps and folds share projection resolution
2026-10-10T20:55:33.4702574Z ✅ /home/runner/work/tandemlog/tandemlog/test/task_metadata_test.dart: local day headings and bounded task times share the observed zone
2026-10-10T20:55:33.4719804Z ✅ /home/runner/work/tandemlog/tandemlog/test/task_metadata_test.dart: date-only occurrence override suppresses timed base due
2026-10-10T20:55:33.9004021Z ✅ /home/runner/work/tandemlog/tandemlog/test/shared_tag_semantics_test.dart: query clear and dropdown actions identify every editing context
2026-10-10T20:55:34.4339937Z ✅ /home/runner/work/tandemlog/tandemlog/test/shared_tag_semantics_test.dart: editor exposes named query and removable selected tags
2026-10-10T20:55:34.5082966Z ✅ /home/runner/work/tandemlog/tandemlog/test/legacy_cache_import_test.dart: captures primary and historical observations, keeps originals and replays unchanged logs
2026-10-10T20:55:34.6286990Z ✅ /home/runner/work/tandemlog/tandemlog/test/legacy_cache_import_test.dart: cache import transaction interruption leaves no partial observations
2026-10-10T20:55:34.7691162Z ✅ /home/runner/work/tandemlog/tandemlog/test/legacy_cache_import_test.dart: warm namespace still validates protected snapshot bytes
2026-10-10T20:55:34.9077663Z ✅ /home/runner/work/tandemlog/tandemlog/test/legacy_cache_import_test.dart: interrupted legacy replay retains independent heads/ranges and backup
2026-10-10T20:55:35.0178877Z ✅ /home/runner/work/tandemlog/tandemlog/test/legacy_cache_import_test.dart: changed source or conflicting location binding rejects without replacement
2026-10-10T20:55:35.1993983Z ✅ /home/runner/work/tandemlog/tandemlog/test/legacy_cache_import_test.dart: cache-only exact native receipt imports and retries without private file
2026-10-10T20:55:35.4195726Z ✅ /home/runner/work/tandemlog/tandemlog/test/shared_tag_semantics_test.dart: bulk suggestions are readable and semantics activation is local
2026-10-10T20:55:36.1988087Z ✅ /home/runner/work/tandemlog/tandemlog/test/shared_tag_semantics_test.dart: bulk chip actions preserve independent deltas and Apply state
2026-10-10T20:55:36.4982281Z ✅ /home/runner/work/tandemlog/tandemlog/test/unavailable_completion_test.dart: unavailable completion explains by tap and keyboard without completing
2026-10-10T20:55:36.8009756Z ✅ /home/runner/work/tandemlog/tandemlog/test/shared_tag_semantics_test.dart: Saving freezes tag editing and chip removal in both bulk contexts
2026-10-10T20:55:37.7007177Z ✅ /home/runner/work/tandemlog/tandemlog/test/checklist_suppressed_capture_test.dart: canceled untouched checklist successor cannot open a private native editor or become visible through capture
2026-10-10T20:55:38.2550339Z ✅ /home/runner/work/tandemlog/tandemlog/test/local_durability_test.dart: exclusive create writes and flushes file before its parent
2026-10-10T20:55:38.2620622Z ✅ /home/runner/work/tandemlog/tandemlog/test/local_durability_test.dart: new append barriers and existing stream first-use barrier
2026-10-10T20:55:38.2667254Z ✅ /home/runner/work/tandemlog/tandemlog/test/local_durability_test.dart: interrupted writes and fsync retry; close never retries
2026-10-10T20:55:38.2713927Z ✅ /home/runner/work/tandemlog/tandemlog/test/local_durability_test.dart: file fsync failure closes descriptor and prevents directory barrier
2026-10-10T20:55:38.2763759Z ✅ /home/runner/work/tandemlog/tandemlog/test/local_durability_test.dart: failed directory open/fsync is visible and append retries barrier
2026-10-10T20:55:38.2821210Z ✅ /home/runner/work/tandemlog/tandemlog/test/local_durability_test.dart: mkdir chain flushes each new parent and confirmed directories skip barriers
2026-10-10T20:55:38.2887452Z ✅ /home/runner/work/tandemlog/tandemlog/test/local_durability_test.dart: first ensure confirms existing ancestry after interrupted earlier process
2026-10-10T20:55:38.2936219Z ✅ /home/runner/work/tandemlog/tandemlog/test/local_durability_test.dart: failed mkdir barrier retries even though the directory now exists
2026-10-10T20:55:38.3101126Z ✅ /home/runner/work/tandemlog/tandemlog/test/local_durability_test.dart: atomic replacement synchronizes parent after completed rename and preserves failures
2026-10-10T20:55:38.3248123Z ✅ /home/runner/work/tandemlog/tandemlog/test/local_durability_test.dart: profile lock creates its directory through durability before settings
2026-10-10T20:55:38.3376287Z ✅ /home/runner/work/tandemlog/tandemlog/test/local_durability_test.dart: failed settings replacement retains its saved identity on retry
2026-10-10T20:55:38.3486365Z ✅ /home/runner/work/tandemlog/tandemlog/test/local_durability_test.dart: marker rename sync failure is confirmed on the next settings load
2026-10-10T20:55:38.3608298Z ✅ /home/runner/work/tandemlog/tandemlog/test/local_durability_test.dart: other platforms retain file flushing without calling Linux APIs
2026-10-10T20:55:38.3810620Z ✅ /home/runner/work/tandemlog/tandemlog/test/local_durability_test.dart: real Linux FFI smoke: manifest creation, append, replacement and missing-directory error
2026-10-10T20:55:39.2717927Z ✅ /home/runner/work/tandemlog/tandemlog/test/bulk_failure_visibility_test.dart: bulk failure remains visible after bottom scroll (height: 820.0, keyboard: 0.0, message: Selected tasks changed. Close this editor and review them before retrying., scale: 1.0, width: 390.0)
2026-10-10T20:55:39.4987914Z ✅ /home/runner/work/tandemlog/tandemlog/test/checklist_completion_command_test.dart: all checked items complete without warning and prepare exactly one receipt
2026-10-10T20:55:39.7455989Z ✅ /home/runner/work/tandemlog/tandemlog/test/checklist_completion_command_test.dart: cancel unfinished warning prepares nothing and preserves exact canonical bytes
2026-10-10T20:55:39.9067893Z ✅ /home/runner/work/tandemlog/tandemlog/test/bulk_failure_visibility_test.dart: bulk failure remains visible after bottom scroll (height: 820.0, keyboard: 280.0, message: Selected tasks changed. Close this editor and review them before retrying., scale: 2.0, width: 390.0)
2026-10-10T20:55:40.1113203Z ✅ /home/runner/work/tandemlog/tandemlog/test/checklist_completion_command_test.dart: warning observes whole current checklist including checked items notes and order
2026-10-10T20:55:40.4397678Z ✅ /home/runner/work/tandemlog/tandemlog/test/checklist_completion_command_test.dart: incoming new unchecked item during warning requires fresh confirmation before receipt
2026-10-10T20:55:40.4878749Z ✅ /home/runner/work/tandemlog/tandemlog/test/bulk_failure_visibility_test.dart: bulk failure remains visible after bottom scroll (height: 640.0, keyboard: 280.0, message: Selected tasks changed. Close this editor and review them before retrying., scale: 2.0, width: 360.0)
2026-10-10T20:55:40.7402608Z ✅ /home/runner/work/tandemlog/tandemlog/test/checklist_completion_command_test.dart: incoming completion state during warning requires fresh confirmation before receipt
2026-10-10T20:55:41.0058252Z ✅ /home/runner/work/tandemlog/tandemlog/test/bulk_failure_visibility_test.dart: bulk failure remains visible after bottom scroll (height: 640.0, keyboard: 280.0, message: Folder save failed. Your draft is retained. The provider did not acknowledge the selected changes. Reconnect the folder and check its permissions before retrying. No successful save has been reported. A long provider explanation must remain readable without moving the form., scale: 2.0, width: 360.0)
2026-10-10T20:55:41.0736113Z ✅ /home/runner/work/tandemlog/tandemlog/test/checklist_completion_command_test.dart: incoming title during warning requires fresh confirmation before receipt
2026-10-10T20:55:41.3177737Z ✅ /home/runner/work/tandemlog/tandemlog/test/bulk_failure_visibility_test.dart: single modal and bulk panel keep existing failure location false
2026-10-10T20:55:41.3916183Z ✅ /home/runner/work/tandemlog/tandemlog/test/checklist_completion_command_test.dart: incoming notes during warning requires fresh confirmation before receipt
2026-10-10T20:55:41.6204108Z ✅ /home/runner/work/tandemlog/tandemlog/test/bulk_failure_visibility_test.dart: single modal and bulk panel keep existing failure location true
2026-10-10T20:55:41.6711524Z ✅ /home/runner/work/tandemlog/tandemlog/test/checklist_completion_command_test.dart: incoming order during warning requires fresh confirmation before receipt
2026-10-10T20:55:42.1369318Z ✅ /home/runner/work/tandemlog/tandemlog/test/checklist_completion_command_test.dart: cancel renewed warning keeps peer changes but writes no local completion
2026-10-10T20:55:42.4126009Z ✅ /home/runner/work/tandemlog/tandemlog/test/checklist_completion_command_test.dart: incoming checks clearing all unfinished work need no second warning
2026-10-10T20:55:42.6207462Z ✅ /home/runner/work/tandemlog/tandemlog/test/checklist_completion_command_test.dart: task deleted while warning is open stops without preparing duplicate completion
2026-10-10T20:55:42.8358975Z ✅ /home/runner/work/tandemlog/tandemlog/test/checklist_completion_command_test.dart: task completed while warning is open stops without preparing duplicate completion
2026-10-10T20:55:43.0547187Z ✅ /home/runner/work/tandemlog/tandemlog/test/checklist_completion_command_test.dart: already completed task returns null without warning or duplicate receipt
2026-10-10T20:55:43.3229317Z ✅ /home/runner/work/tandemlog/tandemlog/test/checklist_completion_command_test.dart: native incoming notes renew warning while another private item draft stays unpublished
2026-10-10T20:55:43.4742437Z ✅ /home/runner/work/tandemlog/tandemlog/test/recurring_store_test.dart: offline recurring peers retain child edits drafts Undo and exact cold replay
2026-10-10T20:55:43.8113087Z ✅ /home/runner/work/tandemlog/tandemlog/test/checklist_completion_command_test.dart: incoming unchecked item at native preparation boundary retries confirmation before any receipt
2026-10-10T20:55:44.0726216Z ✅ /home/runner/work/tandemlog/tandemlog/test/task_view_test.dart: exact times precede date-only on the same day without invented time
2026-10-10T20:55:44.0759459Z ✅ /home/runner/work/tandemlog/tandemlog/test/task_view_test.dart: scheduled override supplies both date and precision for sorting
2026-10-10T20:55:44.1068888Z ✅ /home/runner/work/tandemlog/tandemlog/test/task_view_test.dart: calendar bounds retain precision over viewer midnight and DST
2026-10-10T20:55:44.1132358Z ✅ /home/runner/work/tandemlog/tandemlog/test/task_view_test.dart: visible future hints refresh at viewer midnight before the start
2026-10-10T20:55:44.1198026Z ✅ /home/runner/work/tandemlog/tandemlog/test/task_view_test.dart: recurring completion eligibility changes at civil midnight and on zone changes
2026-10-10T20:55:44.1226078Z ✅ /home/runner/work/tandemlog/tandemlog/test/task_view_test.dart: completion boundary follows 23-hour and 25-hour named-zone days
2026-10-10T20:55:44.1271384Z ✅ /home/runner/work/tandemlog/tandemlog/test/task_view_test.dart: ordinary tag intersects assignee, upcoming and completed views
2026-10-10T20:55:44.1300387Z ✅ /home/runner/work/tandemlog/tandemlog/test/task_view_test.dart: upcoming is opt-in and does not change stored rows
2026-10-10T20:55:44.1329888Z ✅ /home/runner/work/tandemlog/tandemlog/test/task_view_test.dart: standalone timing evaluates hidden and completed rows without changing state
2026-10-10T20:55:44.1365489Z ✅ /home/runner/work/tandemlog/tandemlog/test/task_view_test.dart: bounds accept only nullable integers and preserve recurrence anchor
2026-10-10T20:55:44.1391855Z ✅ /home/runner/work/tandemlog/tandemlog/test/task_view_test.dart: availability includes exact boundary and completed history stays visible
2026-10-10T20:55:44.1427203Z ✅ /home/runner/work/tandemlog/tandemlog/test/task_view_test.dart: effective scheduled precedence, bounds, Someday and manual ties
2026-10-10T20:55:44.1465897Z ✅ /home/runner/work/tandemlog/tandemlog/test/task_view_test.dart: bounds clamp civil day while retaining exact time and manual tie order
2026-10-10T20:55:44.1490965Z ✅ /home/runner/work/tandemlog/tandemlog/test/task_view_test.dart: pinned exact dates convert to viewer calendar but date-only remains civil
2026-10-10T20:55:44.1525276Z ✅ /home/runner/work/tandemlog/tandemlog/test/task_view_test.dart: start midnight and DST gap/fold use calendar transitions
2026-10-10T20:55:44.1550666Z ✅ /home/runner/work/tandemlog/tandemlog/test/task_view_test.dart: date-only start midnight uses the shared pinned task zone
2026-10-10T20:55:44.1593085Z ✅ /home/runner/work/tandemlog/tandemlog/test/task_view_test.dart: supported bound horizon is admitted and renderable, larger values rejected
2026-10-10T20:55:44.1614611Z ✅ /home/runner/work/tandemlog/tandemlog/test/task_view_test.dart: derived bound groups may cross the persisted date year limit
2026-10-10T20:55:44.1646231Z ✅ /home/runner/work/tandemlog/tandemlog/test/task_view_test.dart: bounds midnight boundary follows 23 and 25 hour local days
2026-10-10T20:55:44.1668765Z ✅ /home/runner/work/tandemlog/tandemlog/test/task_view_test.dart: filter and hidden bounds select earliest relevant clock boundary
2026-10-10T20:55:44.1696528Z ✅ /home/runner/work/tandemlog/tandemlog/test/task_view_test.dart: search bypasses filters and availability without changing source
2026-10-10T20:55:44.1733376Z ✅ /home/runner/work/tandemlog/tandemlog/test/task_view_test.dart: multiple tags match any then combine with visibility and assignee
2026-10-10T20:55:45.0485708Z ✅ /home/runner/work/tandemlog/tandemlog/test/checklist_suppressed_item_capture_test.dart: copied item under canceled successor cannot open a private native editor
2026-10-10T20:55:45.7139630Z ✅ /home/runner/work/tandemlog/tandemlog/test/text_actor_registry_test.dart: TA01 durable actor derivation is exact, stable and context scoped
2026-10-10T20:55:45.7212032Z ✅ /home/runner/work/tandemlog/tandemlog/test/text_actor_registry_test.dart: TA02 reserved, unsafe, malformed and mismatched owners reject
2026-10-10T20:55:45.7261140Z ✅ /home/runner/work/tandemlog/tandemlog/test/text_actor_registry_test.dart: TA03 actual allocator collision retains first owner and rejects second
2026-10-10T20:55:45.7312226Z ✅ /home/runner/work/tandemlog/tandemlog/test/text_actor_registry_test.dart: TA04 multi-field admission is atomic when a later owner conflicts
2026-10-10T20:55:45.7339598Z ✅ /home/runner/work/tandemlog/tandemlog/test/text_actor_registry_test.dart: TA05 canonical-only ownership replay is duplicate/order independent
2026-10-10T20:55:45.7380335Z ✅ /home/runner/work/tandemlog/tandemlog/test/text_actor_registry_test.dart: TA06 operation struct authors must be the declared owner
2026-10-10T20:55:45.7403537Z ✅ /home/runner/work/tandemlog/tandemlog/test/text_actor_registry_test.dart: TA07 separate documents do not conflate equal actor numbers
2026-10-10T20:55:45.7425581Z ✅ /home/runner/work/tandemlog/tandemlog/test/text_actor_registry_test.dart: TA08 unknown ownership metadata fails explicitly
2026-10-10T20:55:45.7448198Z ✅ /home/runner/work/tandemlog/tandemlog/test/text_actor_registry_test.dart: a failed delta preserves every previously bound owner
2026-10-10T20:55:45.7475839Z ✅ /home/runner/work/tandemlog/tandemlog/test/text_actor_registry_test.dart: cached owner still rejects changed identity and unknown authors
2026-10-10T20:55:46.1947847Z ✅ /home/runner/work/tandemlog/tandemlog/test/historical_delivery_test.dart: review: historical source and marker arrive after cross-writer Undo
2026-10-10T20:55:46.8617106Z ✅ /home/runner/work/tandemlog/tandemlog/test/historical_delivery_test.dart: review: native historical source and marker arrive after cross-writer Undo
2026-10-10T20:55:47.2874327Z ✅ /home/runner/work/tandemlog/tandemlog/test/checklist_presentation_test.dart: holding child reorder handle never opens help popup
2026-10-10T20:55:47.4068819Z ✅ /home/runner/work/tandemlog/tandemlog/test/checklist_presentation_test.dart: child reorder drag still works after holding 0:00:00.000000
2026-10-10T20:55:47.4493772Z ✅ /home/runner/work/tandemlog/tandemlog/test/inbox_test.dart: Inbox means raw capture until first surviving saved edit
2026-10-10T20:55:47.4526989Z ✅ /home/runner/work/tandemlog/tandemlog/test/inbox_test.dart: derived successors are organized even if their snapshot is empty
2026-10-10T20:55:47.4643764Z ✅ /home/runner/work/tandemlog/tandemlog/test/inbox_test.dart: Inbox is first in manual order and separate from Someday/history
2026-10-10T20:55:47.5153196Z ✅ /home/runner/work/tandemlog/tandemlog/test/checklist_presentation_test.dart: child reorder drag still works after holding 0:00:01.000000
2026-10-10T20:55:47.5907870Z ✅ /home/runner/work/tandemlog/tandemlog/test/checklist_presentation_test.dart: child handle uses parent reorder icon and retains semantics
2026-10-10T20:55:47.5975855Z ✅ /home/runner/work/tandemlog/tandemlog/test/checklist_presentation_test.dart: title normalization respects composition and selection-only history
2026-10-10T20:55:47.7033557Z ✅ /home/runner/work/tandemlog/tandemlog/test/checklist_presentation_test.dart: panel exposes check/edit/add, relative moves and edge restrictions
2026-10-10T20:55:47.7537823Z ✅ /home/runner/work/tandemlog/tandemlog/test/checklist_presentation_test.dart: panel disabled controls and 200 percent narrow semantics
2026-10-10T20:55:47.9097286Z ✅ /home/runner/work/tandemlog/tandemlog/test/checklist_presentation_test.dart: busy checkbox keeps child focus and guards repeat Space
2026-10-10T20:55:48.0261961Z ✅ /home/runner/work/tandemlog/tandemlog/test/checklist_presentation_test.dart: late control callbacks cannot dispatch after panel becomes busy
2026-10-10T20:55:48.0699105Z ✅ /home/runner/work/tandemlog/tandemlog/test/food_profile_upgrade_test.dart: released schema2 upgrades additively and retains all protected bytes
2026-10-10T20:55:48.1167780Z ✅ /home/runner/work/tandemlog/tandemlog/test/food_profile_upgrade_test.dart: weakened released authority prevents any schema3 creation
2026-10-10T20:55:48.1553410Z ✅ /home/runner/work/tandemlog/tandemlog/test/food_profile_upgrade_test.dart: halfway additive upgrade failure rolls back all new authority
2026-10-10T20:55:48.1693286Z ✅ /home/runner/work/tandemlog/tandemlog/test/checklist_presentation_test.dart: child handle supports scoped typed drag and relative movement
2026-10-10T20:55:48.3638064Z ✅ /home/runner/work/tandemlog/tandemlog/test/checklist_presentation_test.dart: drop rejects wrong scope stale snapshot and disabled late acceptance
2026-10-10T20:55:48.5306749Z ✅ /home/runner/work/tandemlog/tandemlog/test/checklist_presentation_test.dart: move semantics keyboard edges and Add focus hook stay child scoped
2026-10-10T20:55:48.8492818Z ✅ /home/runner/work/tandemlog/tandemlog/test/checklist_presentation_test.dart: new item saves normalized title and multiline notes independently
2026-10-10T20:55:49.1773287Z ✅ /home/runner/work/tandemlog/tandemlog/test/checklist_presentation_test.dart: dirty close can be cancelled, dismissed and asked repeatedly without popping
2026-10-10T20:55:49.3709077Z ✅ /home/runner/work/tandemlog/tandemlog/test/checklist_presentation_test.dart: save through close guard renews dirty baseline; reopening starts clean
2026-10-10T20:55:49.5160001Z ✅ /home/runner/work/tandemlog/tandemlog/test/checklist_presentation_test.dart: failed save retains draft; pending receipt freezes fields and close but permits exact retry
2026-10-10T20:55:49.7514013Z ✅ /home/runner/work/tandemlog/tandemlog/test/checklist_presentation_test.dart: IME composition cannot save; length errors retain fields
2026-10-10T20:55:49.8445682Z ✅ /home/runner/work/tandemlog/tandemlog/test/checklist_presentation_test.dart: narrow enlarged editor and keyboard keep multiline input and actions reachable
2026-10-10T20:55:49.9505092Z ✅ /home/runner/work/tandemlog/tandemlog/test/checklist_presentation_test.dart: busy Save admits one command and freezes draft until success
2026-10-10T20:55:50.2140623Z ✅ /home/runner/work/tandemlog/tandemlog/test/checklist_presentation_test.dart: Cancel and route back resolve dirty item before closing host
2026-10-10T20:55:50.3710231Z ✅ /home/runner/work/tandemlog/tandemlog/test/checklist_presentation_test.dart: render dark desktop and narrow enlarged components
2026-10-10T20:55:51.4282889Z ✅ /home/runner/work/tandemlog/tandemlog/test/text_save_command_test.dart: production native Save coordinator canonical acknowledgement precedes commit and enables selective Undo
2026-10-10T20:55:51.6248246Z ✅ /home/runner/work/tandemlog/tandemlog/test/text_save_command_test.dart: production native Save coordinator unknown append retains exact packet and nontext intent afterWriting=false
2026-10-10T20:55:51.7808309Z ✅ /home/runner/work/tandemlog/tandemlog/test/text_save_command_test.dart: production native Save coordinator unknown append retains exact packet and nontext intent afterWriting=true
2026-10-10T20:55:52.0373010Z ✅ /home/runner/work/tandemlog/tandemlog/test/text_save_command_test.dart: production native Save coordinator bound retry completes frozen intent after remote metadata changes
2026-10-10T20:55:52.0898683Z ✅ /home/runner/work/tandemlog/tandemlog/test/food_expiry_guidance_test.dart: 320dp dark 1.0x date guidance and saving
2026-10-10T20:55:52.1548628Z ✅ /home/runner/work/tandemlog/tandemlog/test/text_save_command_test.dart: production native Save coordinator unchanged Save preserves captured lease and nontext-only Save uses ordinary edit
2026-10-10T20:55:52.2772619Z ✅ /home/runner/work/tandemlog/tandemlog/test/text_save_command_test.dart: production native Save coordinator nontext guard rejects before append without consuming private edits
2026-10-10T20:55:52.5434385Z ✅ /home/runner/work/tandemlog/tandemlog/test/text_save_command_test.dart: production native Save coordinator remote text merges into the returned row without rebasing private intent
2026-10-10T20:55:52.7077408Z ✅ /home/runner/work/tandemlog/tandemlog/test/text_save_command_test.dart: production native Save coordinator nontext-only native session permits remote text under the same guard
2026-10-10T20:55:52.8341076Z ✅ /home/runner/work/tandemlog/tandemlog/test/text_save_command_test.dart: production native Save coordinator Undo registration failure reports the already saved result
2026-10-10T20:55:52.9455608Z ✅ /home/runner/work/tandemlog/tandemlog/test/text_save_command_test.dart: production native Save coordinator postcommit draft allocation failure reports saved and can finish renewal
2026-10-10T20:55:53.0202305Z ✅ /home/runner/work/tandemlog/tandemlog/test/text_save_command_test.dart: production native Save coordinator native Save rejects whole-string fields
2026-10-10T20:55:53.5575487Z ✅ /home/runner/work/tandemlog/tandemlog/test/local_profile_database_test.dart: one DB after clean close, with exclusive durable WAL configured
2026-10-10T20:55:53.5783221Z ✅ /home/runner/work/tandemlog/tandemlog/test/local_profile_database_test.dart: same process and symlink aliases fail before opening another handle
2026-10-10T20:55:53.5914928Z ✅ /home/runner/work/tandemlog/tandemlog/test/local_profile_database_test.dart: failed open retains unsupported database and releases process guard
2026-10-10T20:55:53.6186374Z ✅ /home/runner/work/tandemlog/tandemlog/test/food_expiry_guidance_test.dart: 320dp dark 2.0x date guidance and saving
2026-10-10T20:55:55.1561963Z ✅ /home/runner/work/tandemlog/tandemlog/test/local_profile_database_test.dart: OS exclusion survives commit and process death
2026-10-10T20:55:55.1563559Z ✅ /home/runner/work/tandemlog/tandemlog/test/food_expiry_guidance_test.dart: 320dp light 1.0x date guidance and saving
2026-10-10T20:55:56.3742189Z ✅ /home/runner/work/tandemlog/tandemlog/test/food_expiry_guidance_test.dart: 320dp light 2.0x date guidance and saving
2026-10-10T20:55:56.7416653Z ✅ /home/runner/work/tandemlog/tandemlog/test/local_profile_database_test.dart: OS exclusion survives rollback and process death
2026-10-10T20:55:57.0715105Z ✅ /home/runner/work/tandemlog/tandemlog/test/android_log_folder_test.dart: range bridge returns suffix and exposes nonseekable fallback explicitly
2026-10-10T20:55:57.0745107Z ✅ /home/runner/work/tandemlog/tandemlog/test/android_log_folder_test.dart: range truncation/provider errors remain failures rather than fallback
2026-10-10T20:55:57.0882066Z ✅ /home/runner/work/tandemlog/tandemlog/test/android_log_folder_test.dart: unsupported watch retains 15-second foreground fallback and retries
2026-10-10T20:55:57.0932312Z ✅ /home/runner/work/tandemlog/tandemlog/test/android_log_folder_test.dart: metadata remains optional observations and never creates trusted stamps
2026-10-10T20:55:57.1015067Z ✅ /home/runner/work/tandemlog/tandemlog/test/android_log_folder_test.dart: list rejects duplicate tandemlog-space.json before returning observations (same identity: false)
2026-10-10T20:55:57.1047432Z ✅ /home/runner/work/tandemlog/tandemlog/test/android_log_folder_test.dart: list rejects duplicate tandemlog-space.json before returning observations (same identity: true)
2026-10-10T20:55:57.1090773Z ✅ /home/runner/work/tandemlog/tandemlog/test/android_log_folder_test.dart: list rejects duplicate writer.jsonl before returning observations (same identity: false)
2026-10-10T20:55:57.1151588Z ✅ /home/runner/work/tandemlog/tandemlog/test/android_log_folder_test.dart: list rejects duplicate writer.jsonl before returning observations (same identity: true)
2026-10-10T20:55:57.1181338Z ✅ /home/runner/work/tandemlog/tandemlog/test/android_log_folder_test.dart: unrelated duplicate names do not reject the folder
2026-10-10T20:55:57.1241390Z ✅ /home/runner/work/tandemlog/tandemlog/test/android_log_folder_test.dart: list preserves native duplicate-name diagnostics and fails closed
2026-10-10T20:55:57.1271517Z ✅ /home/runner/work/tandemlog/tandemlog/test/android_log_folder_test.dart: read preserves native duplicate-name diagnostics and fails closed
2026-10-10T20:55:57.1321732Z ✅ /home/runner/work/tandemlog/tandemlog/test/android_log_folder_test.dart: readFrom preserves native duplicate-name diagnostics and fails closed
2026-10-10T20:55:57.1336294Z ✅ /home/runner/work/tandemlog/tandemlog/test/android_log_folder_test.dart: append preserves native duplicate-name diagnostics and fails closed
2026-10-10T20:55:57.1385168Z ✅ /home/runner/work/tandemlog/tandemlog/test/android_log_folder_test.dart: create preserves native duplicate-name diagnostics and fails closed
2026-10-10T20:55:57.1506153Z ✅ /home/runner/work/tandemlog/tandemlog/test/android_log_folder_test.dart: watch cancellation and old callbacks cannot trigger the new folder
2026-10-10T20:55:57.1543744Z ✅ /home/runner/work/tandemlog/tandemlog/test/android_log_folder_test.dart: unsupported watch activation becomes a stream error for polling fallback
2026-10-10T20:55:57.1591803Z ✅ /home/runner/work/tandemlog/tandemlog/test/android_log_folder_test.dart: observer error is delivered and a resumed watch uses fresh token
2026-10-10T20:55:57.1616651Z ✅ /home/runner/work/tandemlog/tandemlog/test/android_log_folder_test.dart: successful folder calls preserve bytes, names and forced revalidation
2026-10-10T20:55:57.1660691Z ✅ /home/runner/work/tandemlog/tandemlog/test/android_log_folder_test.dart: missing manifest gives restoration guidance without blaming permission
2026-10-10T20:55:57.1684030Z ✅ /home/runner/work/tandemlog/tandemlog/test/android_log_folder_test.dart: list generic IO failure stays honest and omits provider internals
2026-10-10T20:55:57.1704907Z ✅ /home/runner/work/tandemlog/tandemlog/test/android_log_folder_test.dart: read generic IO failure stays honest and omits provider internals
2026-10-10T20:55:57.1727766Z ✅ /home/runner/work/tandemlog/tandemlog/test/android_log_folder_test.dart: append generic IO failure stays honest and omits provider internals
2026-10-10T20:55:57.1753040Z ✅ /home/runner/work/tandemlog/tandemlog/test/android_log_folder_test.dart: create generic IO failure stays honest and omits provider internals
2026-10-10T20:55:57.1784830Z ✅ /home/runner/work/tandemlog/tandemlog/test/android_log_folder_test.dart: actual denied access and picker failures have specific recovery
2026-10-10T20:55:57.1846459Z ✅ /home/runner/work/tandemlog/tandemlog/test/android_log_folder_test.dart: presentation retains partial progress and canonical validation messages
2026-10-10T20:55:57.1867426Z ✅ /home/runner/work/tandemlog/tandemlog/test/android_log_folder_test.dart: food duplicates remain visible for module-scoped admission
2026-10-10T20:55:57.1893318Z ✅ /home/runner/work/tandemlog/tandemlog/test/android_log_folder_test.dart: bounded food reads send the limit to the provider
2026-10-10T20:55:57.8512585Z ✅ /home/runner/work/tandemlog/tandemlog/test/text_event_test.dart: new text packets retain exact bytes and closed metadata
2026-10-10T20:55:57.8670277Z ✅ /home/runner/work/tandemlog/tandemlog/test/text_event_test.dart: text packet fields, ownership and canonical base64 fail closed
2026-10-10T20:55:57.8779796Z ✅ /home/runner/work/tandemlog/tandemlog/test/text_event_test.dart: one text command can carry atomic existing nontext edits
2026-10-10T20:55:57.8839423Z ✅ /home/runner/work/tandemlog/tandemlog/test/text_event_test.dart: pure projection applies nontext without leaking native packet metadata
2026-10-10T20:55:57.8898967Z ✅ /home/runner/work/tandemlog/tandemlog/test/text_event_test.dart: baseline root declares closed exact prefix and genesis frontiers
2026-10-10T20:55:57.8961730Z ✅ /home/runner/work/tandemlog/tandemlog/test/text_event_test.dart: baseline unknown versions and invalid scope or frontiers fail closed
2026-10-10T20:55:58.3138212Z ✅ /home/runner/work/tandemlog/tandemlog/test/local_profile_database_test.dart: OS exclusion survives uncommitted and process death
2026-10-10T20:55:58.3339684Z ✅ /home/runner/work/tandemlog/tandemlog/test/local_profile_database_test.dart: independent profiles can own DBs concurrently; this is not a workspace lease
2026-10-10T20:55:58.3482522Z ✅ /home/runner/work/tandemlog/tandemlog/test/local_profile_database_test.dart: missing protected_writer_guards fails closed instead of recreating safety authority
2026-10-10T20:55:58.3621269Z ✅ /home/runner/work/tandemlog/tandemlog/test/local_profile_database_test.dart: missing protected_text_intents fails closed instead of recreating safety authority
2026-10-10T20:55:58.3767400Z ✅ /home/runner/work/tandemlog/tandemlog/test/local_profile_database_test.dart: weakened protected schema fails closed despite matching columns
2026-10-10T20:55:58.4020890Z ✅ /home/runner/work/tandemlog/tandemlog/test/local_profile_database_test.dart: exact frozen unpublished v1 upgrades without resetting identity
2026-10-10T20:55:58.9382852Z ✅ /home/runner/work/tandemlog/tandemlog/test/command_acknowledgement_test.dart: single edit must fail when transport drops newly appended event
2026-10-10T20:55:59.0449203Z ✅ /home/runner/work/tandemlog/tandemlog/test/command_acknowledgement_test.dart: single command must not acknowledge different bytes with the same event ID
2026-10-10T20:55:59.0691498Z ✅ /home/runner/work/tandemlog/tandemlog/test/wall_time_test.dart: Chicago spring gap moves forward by gap, fall fold uses earlier instant
2026-10-10T20:55:59.0721541Z ✅ /home/runner/work/tandemlog/tandemlog/test/wall_time_test.dart: pinned wall time follows DST while UTC has no transition
2026-10-10T20:55:59.0744685Z ✅ /home/runner/work/tandemlog/tandemlog/test/wall_time_test.dart: half-hour transitions are not hardcoded to an hour
2026-10-10T20:55:59.1585396Z ✅ /home/runner/work/tandemlog/tandemlog/test/command_acknowledgement_test.dart: create batch reports 0 confirmed records after suffix replacement
2026-10-10T20:55:59.5162046Z ✅ /home/runner/work/tandemlog/tandemlog/test/command_acknowledgement_test.dart: edit batch reports 0 confirmed records after suffix replacement
2026-10-10T20:55:59.6521667Z ✅ /home/runner/work/tandemlog/tandemlog/test/command_acknowledgement_test.dart: delete batch reports 0 confirmed records after suffix replacement
2026-10-10T20:55:59.8094418Z ✅ /home/runner/work/tandemlog/tandemlog/test/command_acknowledgement_test.dart: reopen must fail and retain unconfirmed completion targets (0 prefix)
2026-10-10T20:55:59.8170921Z ✅ /home/runner/work/tandemlog/tandemlog/test/food_intents_test.dart: reservation and exact bytes commit or roll back together
2026-10-10T20:55:59.8484427Z ✅ /home/runner/work/tandemlog/tandemlog/test/food_intents_test.dart: receipt cannot be retired by different bytes or without transaction
2026-10-10T20:56:00.1955286Z ✅ /home/runner/work/tandemlog/tandemlog/test/command_acknowledgement_test.dart: Undo reports only confirmed retractions and preserves retry (0 prefix)
2026-10-10T20:56:00.2845387Z ✅ /home/runner/work/tandemlog/tandemlog/test/command_acknowledgement_test.dart: create batch reports 1 confirmed records after suffix replacement
2026-10-10T20:56:00.4126026Z ✅ /home/runner/work/tandemlog/tandemlog/test/command_acknowledgement_test.dart: edit batch reports 1 confirmed records after suffix replacement
2026-10-10T20:56:00.4305931Z ✅ /home/runner/work/tandemlog/tandemlog/test/food_inventory_test.dart: legacy date certainty stays unknown unless evidence establishes it
2026-10-10T20:56:00.4509288Z ✅ /home/runner/work/tandemlog/tandemlog/test/food_inventory_test.dart: Deleted sorts tied writers and uses latest still-active deletion
2026-10-10T20:56:00.4543574Z ✅ /home/runner/work/tandemlog/tandemlog/test/food_inventory_test.dart: Deleted sequence tie uses numeric sequence rather than lexical ID
2026-10-10T20:56:00.4608735Z ✅ /home/runner/work/tandemlog/tandemlog/test/food_inventory_test.dart: equivalent fractions do not conflict; real alternatives require review
2026-10-10T20:56:00.4649005Z ✅ /home/runner/work/tandemlog/tandemlog/test/food_inventory_test.dart: multiwriter tied clocks and delayed Restore replay deterministically
2026-10-10T20:56:00.4681832Z ✅ /home/runner/work/tandemlog/tandemlog/test/food_inventory_test.dart: independent field edits merge without overwriting the other field
2026-10-10T20:56:00.4717075Z ✅ /home/runner/work/tandemlog/tandemlog/test/food_inventory_test.dart: concurrent contents alternatives remain visible until observed resolution
2026-10-10T20:56:00.4758172Z ✅ /home/runner/work/tandemlog/tandemlog/test/food_inventory_test.dart: Add N creates physical containers; count is derived
2026-10-10T20:56:00.4836577Z ✅ /home/runner/work/tandemlog/tandemlog/test/food_inventory_test.dart: eight containers stay eight with seven full and one third remaining
2026-10-10T20:56:00.4864399Z ✅ /home/runner/work/tandemlog/tandemlog/test/food_inventory_test.dart: identical full containers have a deterministic quick target
2026-10-10T20:56:00.4895658Z ✅ /home/runner/work/tandemlog/tandemlog/test/food_inventory_test.dart: observed group deletion excludes concurrent new containers
2026-10-10T20:56:00.4934921Z ✅ /home/runner/work/tandemlog/tandemlog/test/food_inventory_test.dart: concurrent same-target remove counts once; unseen delete survives Restore
2026-10-10T20:56:00.5094068Z ✅ /home/runner/work/tandemlog/tandemlog/test/food_inventory_test.dart: duplicate and arbitrarily reordered delivery replay identically
2026-10-10T20:56:00.5171699Z ✅ /home/runner/work/tandemlog/tandemlog/test/food_inventory_test.dart: retention hides even preexpiry; undated stays Inbox; search ignores filters
2026-10-10T20:56:00.5205896Z ✅ /home/runner/work/tandemlog/tandemlog/test/food_inventory_test.dart: expiry order is global; different expiry or descriptive data stay separate
2026-10-10T20:56:00.5261584Z ✅ /home/runner/work/tandemlog/tandemlog/test/food_inventory_test.dart: Deleted is explicit, searchable, and durable with no age cutoff
2026-10-10T20:56:00.5304061Z ✅ /home/runner/work/tandemlog/tandemlog/test/food_inventory_test.dart: invalid counts, fractions, dates, paths and unknown fields fail closed
2026-10-10T20:56:00.5596286Z ✅ /home/runner/work/tandemlog/tandemlog/test/command_acknowledgement_test.dart: delete batch reports 1 confirmed records after suffix replacement
2026-10-10T20:56:00.9100855Z ✅ /home/runner/work/tandemlog/tandemlog/test/command_acknowledgement_test.dart: reopen must fail and retain unconfirmed completion targets (1 prefix)
2026-10-10T20:56:01.0628410Z ✅ /home/runner/work/tandemlog/tandemlog/test/command_acknowledgement_test.dart: Undo reports only confirmed retractions and preserves retry (1 prefix)
2026-10-10T20:56:01.1081611Z ✅ /home/runner/work/tandemlog/tandemlog/test/command_acknowledgement_test.dart: incomplete BulkTaskResult cannot report success without an error
2026-10-10T20:56:01.1093594Z ✅ /home/runner/work/tandemlog/tandemlog/test/food_import_contract_vector_test.dart: v1 import identity and plan hash match independent frozen vector
2026-10-10T20:56:01.6989355Z ✅ /home/runner/work/tandemlog/tandemlog/test/writer_identity_test.dart: migration prefers selected cache and preserves every legacy identity
2026-10-10T20:56:01.7128063Z ✅ /home/runner/work/tandemlog/tandemlog/test/writer_identity_test.dart: no selected cache chooses lexical first independent of listing order
2026-10-10T20:56:01.7317534Z ✅ /home/runner/work/tandemlog/tandemlog/test/writer_identity_test.dart: settings reset creates fresh writer without resurrecting legacy
2026-10-10T20:56:01.7398063Z ✅ /home/runner/work/tandemlog/tandemlog/test/writer_identity_test.dart: saved migration identity finishes marker after interruption
2026-10-10T20:56:01.7577573Z ✅ /home/runner/work/tandemlog/tandemlog/test/writer_identity_test.dart: marker write failure retains durable settings identity on retry
2026-10-10T20:56:01.8303775Z ✅ /home/runner/work/tandemlog/tandemlog/test/writer_identity_test.dart: store startup failures release the defensive workspace lease
2026-10-10T20:56:01.9448735Z ✅ /home/runner/work/tandemlog/tandemlog/test/checklist_expansion_store_test.dart: sparse local expansion preserves other metadata and normal reopen
2026-10-10T20:56:01.9479694Z ✅ /home/runner/work/tandemlog/tandemlog/test/checklist_expansion_store_test.dart: cache reset defaults collapsed and invalid local values are ignored
2026-10-10T20:56:01.9538964Z ✅ /home/runner/work/tandemlog/tandemlog/test/checklist_expansion_store_test.dart: bad IDs and an active canonical transaction cannot cause partial UI writes
2026-10-10T20:56:01.9994848Z ✅ /home/runner/work/tandemlog/tandemlog/test/writer_identity_test.dart: cache 9 replays Inbox classification without changing canonical bytes
2026-10-10T20:56:02.0120019Z ✅ /home/runner/work/tandemlog/tandemlog/test/writer_identity_test.dart: invalid legacy identity fails without overwriting settings or identity
2026-10-10T20:56:02.0197281Z ✅ /home/runner/work/tandemlog/tandemlog/test/writer_identity_test.dart: invalid settings writer and migration marker fail explicitly
2026-10-10T20:56:02.0370201Z ✅ /home/runner/work/tandemlog/tandemlog/test/writer_identity_test.dart: failed atomic settings replacement does not finalize migration
2026-10-10T20:56:02.3592458Z ✅ /home/runner/work/tandemlog/tandemlog/test/writer_identity_test.dart: two spaces share installation writer and resume each stream safely
2026-10-10T20:56:02.4425389Z ✅ /home/runner/work/tandemlog/tandemlog/test/writer_identity_test.dart: explicit identity preserves old stream and uses a fresh stream
2026-10-10T20:56:03.2749812Z ✅ /home/runner/work/tandemlog/tandemlog/test/checklist_security_review_test.dart: admissible large checklist copy has bounded decode work and preserves canonical bytes
2026-10-10T20:56:03.6313605Z ✅ /home/runner/work/tandemlog/tandemlog/test/food_import_test.dart: strict v1 contract canonical fractions stable identities and invalid inputs
2026-10-10T20:56:03.7910325Z ✅ /home/runner/work/tandemlog/tandemlog/test/food_import_test.dart: dry run stages nothing and explicit commit preserves physical and unknown data
2026-10-10T20:56:03.9077809Z ✅ /home/runner/work/tandemlog/tandemlog/test/checklist_security_review_test.dart: scalar checklist historical recompletion preserves protected child without shared-text initialization
2026-10-10T20:56:03.9953707Z ✅ /home/runner/work/tandemlog/tandemlog/test/food_import_test.dart: cold retry after later edit and deletion uses original admission not projection
2026-10-10T20:56:04.4514546Z ✅ /home/runner/work/tandemlog/tandemlog/test/food_import_test.dart: partial append cold retry recovers exact reserved bytes without fresh IDs
2026-10-10T20:56:04.5712351Z ✅ /home/runner/work/tandemlog/tandemlog/test/food_import_test.dart: uncertain full append cold retry admits originals without second append
2026-10-10T20:56:04.6911164Z ✅ /home/runner/work/tandemlog/tandemlog/test/closed_runtime_actor_test.dart: pending then valid resolution cannot publish inherited actor proof into a different runtime
2026-10-10T20:56:04.7085751Z ✅ /home/runner/work/tandemlog/tandemlog/test/food_import_test.dart: changed count source payload and namespace refuse after attempt
2026-10-10T20:56:05.0038077Z ✅ /home/runner/work/tandemlog/tandemlog/test/food_import_test.dart: atomic ledger staging failure preserves canonical guard and intents
2026-10-10T20:56:05.0940581Z ✅ /home/runner/work/tandemlog/tandemlog/test/food_import_test.dart: missing attempt or source witness fails closed
2026-10-10T20:56:05.1925833Z ✅ /home/runner/work/tandemlog/tandemlog/test/food_import_test.dart: unrelated pending receipt is not recovered as import
2026-10-10T20:56:05.2555183Z ✅ /home/runner/work/tandemlog/tandemlog/test/food_import_test.dart: wrong workspace refuses without reserving or appending
2026-10-10T20:56:05.3375425Z ✅ /home/runner/work/tandemlog/tandemlog/test/food_import_test.dart: missing index with retained attempt refuses a new source namespace
2026-10-10T20:56:05.4220754Z ✅ /home/runner/work/tandemlog/tandemlog/test/food_import_test.dart: pre-byte crash changed plan and missing ledger cannot restamp prepared receipts
2026-10-10T20:56:05.4903024Z ✅ /home/runner/work/tandemlog/tandemlog/test/food_import_test.dart: physical collision with remote birth without local ledger refuses
2026-10-10T20:56:05.5817773Z ✅ /home/runner/work/tandemlog/tandemlog/test/food_import_test.dart: concurrent identical commit callbacks serialize into one original batch
2026-10-10T20:56:06.0835226Z ✅ /home/runner/work/tandemlog/tandemlog/test/historical_recompletion_test.dart: offline historical recompletions converge without reseeding or suppressing the existing child
2026-10-10T20:56:06.3009608Z ✅ /home/runner/work/tandemlog/tandemlog/test/historical_recompletion_test.dart: known wrong historical initialization rejects before receipt preparation
2026-10-10T20:56:06.7607489Z ✅ /home/runner/work/tandemlog/tandemlog/test/historical_recompletion_test.dart: historical recompletion preserves independent child draft, context and scoped Undo
2026-10-10T20:56:07.0234028Z ✅ /home/runner/work/tandemlog/tandemlog/test/historical_recompletion_test.dart: historical recompletion leaves open child unchanged through warm and cold replay
2026-10-10T20:56:07.3485005Z ✅ /home/runner/work/tandemlog/tandemlog/test/historical_recompletion_test.dart: historical recompletion leaves completed child unchanged through warm and cold replay
2026-10-10T20:56:07.5990626Z ✅ /home/runner/work/tandemlog/tandemlog/test/historical_recompletion_test.dart: historical recompletion leaves deleted child unchanged through warm and cold replay
2026-10-10T20:56:08.7492459Z ✅ /home/runner/work/tandemlog/tandemlog/test/batch_storage_test.dart: 1-task create/edit/tag/move/delete/Undo use one durable append/cache transaction
2026-10-10T20:56:09.7037287Z ✅ /home/runner/work/tandemlog/tandemlog/test/food_import_test.dart: fully staged maximum batch preserves all 1000 physical identities
2026-10-10T20:56:09.7613345Z ✅ /home/runner/work/tandemlog/tandemlog/test/food_import_test.dart: shared manifest change remains hard and leaves import unstaged
2026-10-10T20:56:09.8144143Z ✅ /home/runner/work/tandemlog/tandemlog/test/food_import_test.dart: import cannot select a writer different from protected settings
2026-10-10T20:56:09.8509569Z ✅ /home/runner/work/tandemlog/tandemlog/test/batch_storage_test.dart: 30-task create/edit/tag/move/delete/Undo use one durable append/cache transaction
2026-10-10T20:56:09.8730554Z ✅ /home/runner/work/tandemlog/tandemlog/test/food_import_test.dart: oversized local import metadata is refused before ledger materialization
2026-10-10T20:56:09.9527840Z ✅ /home/runner/work/tandemlog/tandemlog/test/food_import_test.dart: all metadata ledger loss with surviving initialization refuses new namespace
2026-10-10T20:56:10.0221325Z ✅ /home/runner/work/tandemlog/tandemlog/test/food_import_test.dart: malformed Food cannot mask lost protected import evidence on refresh
2026-10-10T20:56:10.0778668Z ✅ /home/runner/work/tandemlog/tandemlog/test/food_import_test.dart: malformed Food cannot mask protected settings binding on import
2026-10-10T20:56:10.1433331Z ✅ /home/runner/work/tandemlog/tandemlog/test/food_import_test.dart: zero-byte attempt all metadata loss refuses original and new namespace
2026-10-10T20:56:10.2134903Z ✅ /home/runner/work/tandemlog/tandemlog/test/food_import_test.dart: missing initialization witness with retained ledgers fails closed
2026-10-10T20:56:12.6057294Z ✅ /home/runner/work/tandemlog/tandemlog/test/batch_storage_test.dart: 100-task create/edit/tag/move/delete/Undo use one durable append/cache transaction
2026-10-10T20:56:12.6969807Z ✅ /home/runner/work/tandemlog/tandemlog/test/batch_storage_test.dart: capture before write reconciles exact records and never discards incomplete tail
2026-10-10T20:56:12.7877567Z ✅ /home/runner/work/tandemlog/tandemlog/test/batch_storage_test.dart: capture prefix write reconciles exact records and never discards incomplete tail
2026-10-10T20:56:12.8872074Z ✅ /home/runner/work/tandemlog/tandemlog/test/batch_storage_test.dart: capture tail write reconciles exact records and never discards incomplete tail
2026-10-10T20:56:12.9608727Z ✅ /home/runner/work/tandemlog/tandemlog/test/batch_storage_test.dart: capture after write reconciles exact records and never discards incomplete tail
2026-10-10T20:56:13.0322475Z ✅ /home/runner/work/tandemlog/tandemlog/test/batch_storage_test.dart: capture cache write reconciles exact records and never discards incomplete tail
2026-10-10T20:56:13.0983732Z ✅ /home/runner/work/tandemlog/tandemlog/test/batch_storage_test.dart: invalid deferred reference to second batch event rejects all before append
2026-10-10T20:56:13.1793771Z ✅ /home/runner/work/tandemlog/tandemlog/test/batch_storage_test.dart: deferred tag reference to second prepared event rejects the complete batch
2026-10-10T20:56:13.7774705Z ✅ /home/runner/work/tandemlog/tandemlog/test/task_clock_test.dart: Chicago completion day follows local midnight across DST
2026-10-10T20:56:13.7819528Z ✅ /home/runner/work/tandemlog/tandemlog/test/task_clock_test.dart: unknown timezone never silently falls back
2026-10-10T20:56:14.0022102Z ✅ /home/runner/work/tandemlog/tandemlog/test/food_editor_keyboard_layout_test.dart: 320dp dark 1.0x editor 0 with IME/errors
2026-10-10T20:56:15.7766961Z ✅ /home/runner/work/tandemlog/tandemlog/test/food_durable_editor_test.dart: a failed durable Add retains editor and exact visible draft
2026-10-10T20:56:15.8739693Z ✅ /home/runner/work/tandemlog/tandemlog/test/food_editor_keyboard_layout_test.dart: 320dp dark 1.0x editor 1 with IME/errors
2026-10-10T20:56:15.8872844Z ✅ /home/runner/work/tandemlog/tandemlog/test/food_durable_editor_test.dart: pending receipt prevents opening a different Add editor
2026-10-10T20:56:16.4548670Z ✅ /home/runner/work/tandemlog/tandemlog/test/food_durable_editor_test.dart: failed prepared Save retries the frozen original draft
2026-10-10T20:56:16.8314498Z ✅ /home/runner/work/tandemlog/tandemlog/test/food_durable_editor_test.dart: repeated captured discard decision cannot pop another route
2026-10-10T20:56:17.0368704Z ✅ /home/runner/work/tandemlog/tandemlog/test/food_durable_editor_test.dart: a retained rendered removal callback keeps its workspace origin
2026-10-10T20:56:18.7865293Z ✅ /home/runner/work/tandemlog/tandemlog/test/food_preview_test.dart: collapsed summary preserves single known full
2026-10-10T20:56:18.9114136Z ✅ /home/runner/work/tandemlog/tandemlog/test/food_preview_test.dart: collapsed summary preserves single unknown
2026-10-10T20:56:19.0188202Z ✅ /home/runner/work/tandemlog/tandemlog/test/food_preview_test.dart: collapsed summary preserves single partial
2026-10-10T20:56:19.1350204Z ✅ /home/runner/work/tandemlog/tandemlog/test/food_preview_test.dart: collapsed summary preserves multiple full
2026-10-10T20:56:19.2228102Z ✅ /home/runner/work/tandemlog/tandemlog/test/food_preview_test.dart: collapsed summary preserves mixed full and partial
2026-10-10T20:56:19.6821977Z ✅ /home/runner/work/tandemlog/tandemlog/test/food_preview_test.dart: retained reasons start collapsed; active search bypasses them
2026-10-10T20:56:20.1360957Z ✅ /home/runner/work/tandemlog/tandemlog/test/food_preview_test.dart: narrow and wide inventory render partial stock without overflow
2026-10-10T20:56:20.4588975Z ✅ /home/runner/work/tandemlog/tandemlog/test/food_preview_test.dart: quick remove, Deleted and Undo preserve physical identity
2026-10-10T20:56:20.6187070Z ✅ /home/runner/work/tandemlog/tandemlog/test/food_preview_test.dart: partial containers require inspection; search includes retained stock
2026-10-10T20:56:20.8552107Z ✅ /home/runner/work/tandemlog/tandemlog/test/food_editor_keyboard_layout_test.dart: 320dp dark 1.0x editor 100 with IME/errors
2026-10-10T20:56:21.3296452Z ✅ /home/runner/work/tandemlog/tandemlog/test/task_text_session_test.dart: private UTF16 edits survive remote arrival; composition blocks preparation; cancel retains live owner
2026-10-10T20:56:21.8898238Z ✅ /home/runner/work/tandemlog/tandemlog/test/food_editor_keyboard_layout_test.dart: 320dp dark 2.0x editor 0 with IME/errors
2026-10-10T20:56:23.0212144Z ✅ /home/runner/work/tandemlog/tandemlog/test/food_editor_keyboard_layout_test.dart: 320dp dark 2.0x editor 1 with IME/errors
2026-10-10T20:56:23.3192671Z ✅ /home/runner/work/tandemlog/tandemlog/test/task_text_session_test.dart: confirmed Save keeps an open editor editable with a fresh lease
2026-10-10T20:56:23.3321146Z ✅ /home/runner/work/tandemlog/tandemlog/test/task_text_session_test.dart: later-field preparation failure retains earlier packet for retry
2026-10-10T20:56:25.0535743Z ✅ /home/runner/work/tandemlog/tandemlog/test/task_editor_test.dart: sort bounds explanation clears floating Minimum days label at 1.0
2026-10-10T20:56:25.2467186Z ✅ /home/runner/work/tandemlog/tandemlog/test/task_editor_test.dart: sort bounds explanation clears floating Minimum days label at 2.0
2026-10-10T20:56:25.4185722Z ✅ /home/runner/work/tandemlog/tandemlog/test/task_editor_test.dart: blocked text instruction wraps with full semantics at narrow 200 percent
2026-10-10T20:56:26.0053269Z ✅ /home/runner/work/tandemlog/tandemlog/test/task_editor_test.dart: unactivated text stays visible and disabled while scheduling saves
2026-10-10T20:56:27.0475640Z ✅ /home/runner/work/tandemlog/tandemlog/test/food_editor_keyboard_layout_test.dart: 320dp dark 2.0x editor 100 with IME/errors
2026-10-10T20:56:27.2139976Z ✅ /home/runner/work/tandemlog/tandemlog/test/task_editor_test.dart: blank Time focus preserves date precision and midnight is explicit
2026-10-10T20:56:27.5306400Z ✅ /home/runner/work/tandemlog/tandemlog/test/task_editor_test.dart: single and bulk editors put tags and assignee after scheduling
2026-10-10T20:56:27.9367774Z ✅ /home/runner/work/tandemlog/tandemlog/test/food_editor_keyboard_layout_test.dart: 320dp light 1.0x editor 0 with IME/errors
2026-10-10T20:56:28.0693950Z ✅ /home/runner/work/tandemlog/tandemlog/test/task_editor_test.dart: date and optional time share rows and clear time independently
2026-10-10T20:56:28.3462232Z ✅ /home/runner/work/tandemlog/tandemlog/test/task_editor_test.dart: date rows stack at narrow widths and enlarged text
2026-10-10T20:56:29.0266530Z ✅ /home/runner/work/tandemlog/tandemlog/test/food_editor_keyboard_layout_test.dart: 320dp light 1.0x editor 1 with IME/errors
2026-10-10T20:56:29.1096478Z ✅ /home/runner/work/tandemlog/tandemlog/test/task_editor_test.dart: title caret survives viewport and text scale changes without unrelated jumps
2026-10-10T20:56:29.8100202Z ✅ /home/runner/work/tandemlog/tandemlog/test/task_editor_test.dart: description caret survives viewport and text scale changes without unrelated jumps
2026-10-10T20:56:30.4429459Z ✅ /home/runner/work/tandemlog/tandemlog/test/task_editor_test.dart: changed composing title cannot save until normalized commit
2026-10-10T20:56:30.6907437Z ✅ /home/runner/work/tandemlog/tandemlog/test/task_editor_test.dart: title input normalizes paste selection after IME commits
2026-10-10T20:56:31.0598112Z ✅ /home/runner/work/tandemlog/tandemlog/test/task_editor_test.dart: historical multiline title opens clean and notes save preserves title
2026-10-10T20:56:31.3738664Z ✅ /home/runner/work/tandemlog/tandemlog/test/task_editor_test.dart: title grows from one to two lines and notes grow then scroll with caret
2026-10-10T20:56:31.6472434Z ✅ /home/runner/work/tandemlog/tandemlog/test/task_editor_test.dart: keyboard and large text bound notes and keep modal actions reachable
2026-10-10T20:56:31.8647348Z ✅ /home/runner/work/tandemlog/tandemlog/test/task_editor_test.dart: close guards dirty draft and preserves text after keep editing
2026-10-10T20:56:32.2401904Z ✅ /home/runner/work/tandemlog/tandemlog/test/task_editor_test.dart: live schedule validation and repeat conditional fields
2026-10-10T20:56:32.5549299Z ✅ /home/runner/work/tandemlog/tandemlog/test/task_editor_test.dart: nonrepeat override survives title edit and frozen original ignores incoming data
2026-10-10T20:56:32.7706227Z ✅ /home/runner/work/tandemlog/tandemlog/test/food_editor_keyboard_layout_test.dart: 320dp light 1.0x editor 100 with IME/errors
2026-10-10T20:56:33.0161342Z ✅ /home/runner/work/tandemlog/tandemlog/test/task_editor_test.dart: bulk caret and focus changes do not apply mixed fields
2026-10-10T20:56:33.6252222Z ✅ /home/runner/work/tandemlog/tandemlog/test/task_editor_test.dart: bulk blank untouched preserves mixed precision; explicit blank clears
2026-10-10T20:56:33.6905570Z ✅ /home/runner/work/tandemlog/tandemlog/test/food_editor_keyboard_layout_test.dart: 320dp light 2.0x editor 0 with IME/errors
2026-10-10T20:56:33.8106169Z ✅ /home/runner/work/tandemlog/tandemlog/test/task_editor_test.dart: bulk coupled validation checks every task
2026-10-10T20:56:34.1392765Z ✅ /home/runner/work/tandemlog/tandemlog/test/task_editor_test.dart: async save disables controls, rejects duplicate submit and keeps failed draft
2026-10-10T20:56:34.3965619Z ✅ /home/runner/work/tandemlog/tandemlog/test/task_editor_test.dart: deletion requires confirmation and delete failure preserves draft
2026-10-10T20:56:34.6762695Z ✅ /home/runner/work/tandemlog/tandemlog/test/food_editor_keyboard_layout_test.dart: 320dp light 2.0x editor 1 with IME/errors
2026-10-10T20:56:34.9882389Z ✅ /home/runner/work/tandemlog/tandemlog/test/task_editor_test.dart: invalid tags timezone recurrence and bounds block submission live
2026-10-10T20:56:35.4139398Z ✅ /home/runner/work/tandemlog/tandemlog/test/task_editor_test.dart: panel flag changes retain draft and public close guard
2026-10-10T20:56:35.6975365Z ✅ /home/runner/work/tandemlog/tandemlog/test/task_editor_test.dart: title and notes wire limits validate before save
2026-10-10T20:56:36.1493239Z ✅ /home/runner/work/tandemlog/tandemlog/test/task_editor_test.dart: draft occurrence remains accessible after removing repeat
2026-10-10T20:56:36.2435638Z ✅ /home/runner/work/tandemlog/tandemlog/test/task_editor_test.dart: override actions wrap with narrow viewport and large text
2026-10-10T20:56:36.5277645Z ✅ /home/runner/work/tandemlog/tandemlog/test/task_editor_test.dart: host owns Back and opens exactly one discard prompt
2026-10-10T20:56:36.7308231Z ✅ /home/runner/work/tandemlog/tandemlog/test/task_editor_test.dart: guard Save commits frozen single draft without closing
2026-10-10T20:56:36.9781323Z ✅ /home/runner/work/tandemlog/tandemlog/test/task_editor_test.dart: folder failure is readable and retains the draft for retry
2026-10-10T20:56:37.3635991Z ✅ /home/runner/work/tandemlog/tandemlog/test/task_editor_test.dart: guard Save validation and write failure retain draft and selection
2026-10-10T20:56:37.6905461Z ✅ /home/runner/work/tandemlog/tandemlog/test/task_editor_test.dart: bulk guard Save applies patch against frozen tasks without closing
2026-10-10T20:56:37.7948316Z ✅ /home/runner/work/tandemlog/tandemlog/test/task_editor_test.dart: selection header wraps at narrow large text
2026-10-10T20:56:38.1222286Z ✅ /home/runner/work/tandemlog/tandemlog/test/task_editor_test.dart: bulk header is compact, wraps accessibly, and Clear retains dirty guard
2026-10-10T20:56:38.1452790Z ✅ /home/runner/work/tandemlog/tandemlog/test/food_editor_keyboard_layout_test.dart: 320dp light 2.0x editor 100 with IME/errors
2026-10-10T20:56:38.1710487Z ##[endgroup]
2026-10-10T20:56:38.1710658Z 
2026-10-10T20:56:38.1717574Z 🎉 878 tests passed.
2026-10-10T20:56:38.2180894Z ##[group]Run cargo +1.99.0 test --locked --offline --manifest-path native/text_engine/Cargo.toml --target-dir "$TANDEMLOG_TEXT_TARGET_DIR"
2026-10-10T20:56:38.2181806Z [36;1mcargo +1.99.0 test --locked --offline --manifest-path native/text_engine/Cargo.toml --target-dir "$TANDEMLOG_TEXT_TARGET_DIR"[0m
2026-10-10T20:56:38.2182409Z [36;1mexport SPIKE_LIBRARY="$TANDEMLOG_TEXT_LIBRARY"[0m
2026-10-10T20:56:38.2182815Z [36;1mpython -m unittest discover -s experiments/yrs-spike/tests -v[0m
2026-10-10T20:56:38.2225115Z shell: /usr/bin/bash --noprofile --norc -e -o pipefail {0}
2026-10-10T20:56:38.2225507Z env:
2026-10-10T20:56:38.2225829Z   CARGO_HOME: /home/runner/work/_temp/tandemlog-rust-bootstrap/cargo
2026-10-10T20:56:38.2226292Z   RUSTUP_HOME: /home/runner/work/_temp/tandemlog-rust-bootstrap/rustup
2026-10-10T20:56:38.2226737Z   RUSTUP_UPDATE_ROOT: https://static.rust-lang.org/rustup
2026-10-10T20:56:38.2227123Z   RUSTUP_DIST_SERVER: https://static.rust-lang.org
2026-10-10T20:56:38.2227500Z   RUSTUP_AUTO_INSTALL: 0
2026-10-10T20:56:38.2227884Z   TANDEMLOG_TEXT_TARGET_DIR: /home/runner/work/_temp/tandemlog-rust-bootstrap/target
2026-10-10T20:56:38.2228409Z   TANDEMLOG_TEXT_LIBRARY: /home/runner/work/_temp/native-unit/libtandemlog_text.so
2026-10-10T20:56:38.2228799Z ##[endgroup]
2026-10-10T20:56:38.2592010Z    Compiling proc-macro2 v1.0.107
2026-10-10T20:56:38.2592606Z    Compiling unicode-ident v1.0.26
2026-10-10T20:56:38.2594395Z    Compiling quote v1.0.47
2026-10-10T20:56:38.2594865Z    Compiling libc v0.2.190
2026-10-10T20:56:38.3221398Z    Compiling serde_core v1.0.229
2026-10-10T20:56:38.3949106Z    Compiling smallvec v1.16.2
2026-10-10T20:56:38.4973067Z    Compiling parking_lot_core v0.9.12
2026-10-10T20:56:38.5374223Z    Compiling pin-project-lite v0.2.17
2026-10-10T20:56:38.5705419Z    Compiling parking v2.2.1
2026-10-10T20:56:38.5751465Z    Compiling zmij v1.0.23
2026-10-10T20:56:38.5943795Z    Compiling rustversion v1.0.23
2026-10-10T20:56:38.6581702Z    Compiling crossbeam-utils v0.8.23
2026-10-10T20:56:38.7237019Z    Compiling event-listener v5.4.2
2026-10-10T20:56:39.0381159Z    Compiling scopeguard v1.2.0
2026-10-10T20:56:39.0710918Z    Compiling syn v3.0.6
2026-10-10T20:56:39.0951032Z    Compiling cfg-if v1.0.5
2026-10-10T20:56:39.1167326Z    Compiling serde_json v1.0.151
2026-10-10T20:56:39.2391033Z    Compiling thiserror v2.0.21
2026-10-10T20:56:39.4713799Z    Compiling serde v1.0.229
2026-10-10T20:56:39.6581994Z    Compiling lock_api v0.4.14
2026-10-10T20:56:39.8351346Z    Compiling event-listener-strategy v0.5.4
2026-10-10T20:56:40.3171360Z    Compiling hashbrown v0.14.5
2026-10-10T20:56:40.5511827Z    Compiling once_cell v1.21.4
2026-10-10T20:56:40.6776937Z    Compiling memchr v2.8.3
2026-10-10T20:56:40.8181120Z    Compiling itoa v1.0.18
2026-10-10T20:56:40.8536958Z    Compiling dashmap v6.2.1
2026-10-10T20:56:40.9321340Z    Compiling arc-swap v1.9.2
2026-10-10T20:56:41.1921350Z    Compiling async-lock v3.4.2
2026-10-10T20:56:41.3151276Z    Compiling smallstr v0.3.1
2026-10-10T20:56:41.4017608Z    Compiling fastrand v2.5.0
2026-10-10T20:56:41.5581331Z    Compiling base64 v0.22.1
2026-10-10T20:56:42.1511641Z    Compiling serde_derive v1.0.229
2026-10-10T20:56:42.1512156Z    Compiling thiserror-impl v2.0.21
2026-10-10T20:56:42.1512567Z    Compiling async-trait v0.1.92
2026-10-10T20:56:43.9234898Z    Compiling yrs v0.28.0 (/home/runner/work/tandemlog/tandemlog/native/text_engine/vendor/yrs-0.28.0)
2026-10-10T20:56:44.0824454Z warning: unused imports: `BlockRange` and `Block`
2026-10-10T20:56:44.0825059Z  --> vendor/yrs-0.28.0/src/transaction.rs:1:20
2026-10-10T20:56:44.0825329Z   |
2026-10-10T20:56:44.0825717Z 1 | use crate::block::{Block, BlockRange, Item, ItemContent, ItemPosition, ItemPtr, Prelim, ID};
2026-10-10T20:56:44.0826136Z   |                    ^^^^^  ^^^^^^^^^^
2026-10-10T20:56:44.0826368Z   |
2026-10-10T20:56:44.0826644Z   = note: `#[warn(unused_imports)]` (part of `#[warn(unused)]`) on by default
2026-10-10T20:56:44.0826944Z 
2026-10-10T20:56:44.0837752Z warning: unused import: `Block`
2026-10-10T20:56:44.0838118Z  --> vendor/yrs-0.28.0/src/block_iter.rs:1:20
2026-10-10T20:56:44.0838371Z   |
2026-10-10T20:56:44.0838633Z 1 | use crate::block::{Block, Item, ItemContent, ItemPtr, Prelim};
2026-10-10T20:56:44.0838952Z   |                    ^^^^^
2026-10-10T20:56:44.0839087Z 
2026-10-10T20:56:44.0845773Z warning: unused import: `ItemContent`
2026-10-10T20:56:44.0846159Z  --> vendor/yrs-0.28.0/src/iter.rs:1:20
2026-10-10T20:56:44.0846399Z   |
2026-10-10T20:56:44.0846616Z 1 | use crate::block::{ItemContent, ItemPtr};
2026-10-10T20:56:44.0846881Z   |                    ^^^^^^^^^^^
2026-10-10T20:56:44.0847039Z 
2026-10-10T20:56:44.0847606Z warning: unused imports: `SmallVec` and `smallvec`
2026-10-10T20:56:44.0847973Z  --> vendor/yrs-0.28.0/src/iter.rs:4:16
2026-10-10T20:56:44.0848307Z   |
2026-10-10T20:56:44.0848572Z 4 | use smallvec::{smallvec, SmallVec};
2026-10-10T20:56:44.0848940Z   |                ^^^^^^^^  ^^^^^^^^
2026-10-10T20:56:44.0849182Z 
2026-10-10T20:56:44.6570856Z warning: unused import: `crate::utils::OptionExt`
2026-10-10T20:56:44.6571419Z   --> vendor/yrs-0.28.0/src/doc.rs:10:5
2026-10-10T20:56:44.6571799Z    |
2026-10-10T20:56:44.6572085Z 10 | use crate::utils::OptionExt;
2026-10-10T20:56:44.6572446Z    |     ^^^^^^^^^^^^^^^^^^^^^^^
2026-10-10T20:56:44.6572636Z 
2026-10-10T20:56:44.6808988Z warning: value assigned to `left` is never read
2026-10-10T20:56:44.6809535Z    --> vendor/yrs-0.28.0/src/block.rs:494:24
2026-10-10T20:56:44.6809907Z     |
2026-10-10T20:56:44.6810364Z 494 |         let mut left = None;
2026-10-10T20:56:44.6810802Z     |                        ^^^^ this value is reassigned later and never used
2026-10-10T20:56:44.6811250Z ...
2026-10-10T20:56:44.6811673Z 540 |                 left = parent_branch.map.get(sub).cloned();
2026-10-10T20:56:44.6812165Z     |                 ------------------------------------------ `left` is overwritten here before the previous value is read
2026-10-10T20:56:44.6812884Z     |
2026-10-10T20:56:44.6813193Z     = note: `#[warn(unused_assignments)]` (part of `#[warn(unused)]`) on by default
2026-10-10T20:56:44.6813488Z 
2026-10-10T20:56:44.6887289Z warning: unused variable: `ptr`
2026-10-10T20:56:44.6887663Z    --> vendor/yrs-0.28.0/src/block.rs:886:21
2026-10-10T20:56:44.6887996Z     |
2026-10-10T20:56:44.6888263Z 886 |                 let ptr = BranchPtr::from(branch);
2026-10-10T20:56:44.6888664Z     |                     ^^^ help: if this is intentional, prefix it with an underscore: `_ptr`
2026-10-10T20:56:44.6889014Z     |
2026-10-10T20:56:44.6889295Z     = note: `#[warn(unused_variables)]` (part of `#[warn(unused)]`) on by default
2026-10-10T20:56:44.6889559Z 
2026-10-10T20:56:44.8282827Z warning: unused variable: `ptr`
2026-10-10T20:56:44.8283318Z    --> vendor/yrs-0.28.0/src/transaction.rs:778:13
2026-10-10T20:56:44.8283653Z     |
2026-10-10T20:56:44.8283892Z 778 |         let ptr = item.clone();
2026-10-10T20:56:44.8284336Z     |             ^^^ help: if this is intentional, prefix it with an underscore: `_ptr`
2026-10-10T20:56:44.8284682Z 
2026-10-10T20:56:44.8323998Z warning: variable does not need to be mutable
2026-10-10T20:56:44.8324457Z    --> vendor/yrs-0.28.0/src/transaction.rs:958:13
2026-10-10T20:56:44.8324740Z     |
2026-10-10T20:56:44.8324986Z 958 |         let mut block = Item::new(
2026-10-10T20:56:44.8325248Z     |             ----^^^^^
2026-10-10T20:56:44.8325468Z     |             |
2026-10-10T20:56:44.8325682Z     |             help: remove this `mut`
2026-10-10T20:56:44.8325926Z     |
2026-10-10T20:56:44.8326193Z     = note: `#[warn(unused_mut)]` (part of `#[warn(unused)]`) on by default
2026-10-10T20:56:44.8326514Z 
2026-10-10T20:56:45.3232838Z warning: variable does not need to be mutable
2026-10-10T20:56:45.3233379Z    --> vendor/yrs-0.28.0/src/undo.rs:133:13
2026-10-10T20:56:45.3233645Z     |
2026-10-10T20:56:45.3233917Z 133 |         let mut state = Arc::new(Inner {
2026-10-10T20:56:45.3234217Z     |             ----^^^^^
2026-10-10T20:56:45.3234438Z     |             |
2026-10-10T20:56:45.3234874Z     |             help: remove this `mut`
2026-10-10T20:56:45.3235055Z 
2026-10-10T20:56:45.3357494Z warning: unused variable: `clear_undo`
2026-10-10T20:56:45.3358000Z    --> vendor/yrs-0.28.0/src/undo.rs:379:34
2026-10-10T20:56:45.3358432Z     |
2026-10-10T20:56:45.3358734Z 379 |     fn clear_internal(&mut self, clear_undo: bool, clear_redo: bool) {
2026-10-10T20:56:45.3359266Z     |                                  ^^^^^^^^^^ help: if this is intentional, prefix it with an underscore: `_clear_undo`
2026-10-10T20:56:45.3359628Z 
2026-10-10T20:56:45.3359739Z warning: unused variable: `clear_redo`
2026-10-10T20:56:45.3360020Z    --> vendor/yrs-0.28.0/src/undo.rs:379:52
2026-10-10T20:56:45.3360457Z     |
2026-10-10T20:56:45.3360729Z 379 |     fn clear_internal(&mut self, clear_undo: bool, clear_redo: bool) {
2026-10-10T20:56:45.3361248Z     |                                                    ^^^^^^^^^^ help: if this is intentional, prefix it with an underscore: `_clear_redo`
2026-10-10T20:56:45.3361609Z 
2026-10-10T20:56:45.3748344Z warning: method `as_item` is never used
2026-10-10T20:56:45.3749189Z    --> vendor/yrs-0.28.0/src/block.rs:198:12
2026-10-10T20:56:45.3750320Z     |
2026-10-10T20:56:45.3750675Z 183 | impl<'a> BlockRef<'a> {
2026-10-10T20:56:45.3751135Z     | --------------------- method in this implementation
2026-10-10T20:56:45.3751565Z ...
2026-10-10T20:56:45.3751887Z 198 |     pub fn as_item(&self) -> Option<&'a Item> {
2026-10-10T20:56:45.3752290Z     |            ^^^^^^^
2026-10-10T20:56:45.3752596Z     |
2026-10-10T20:56:45.3752993Z     = note: `#[warn(dead_code)]` (part of `#[warn(unused)]`) on by default
2026-10-10T20:56:45.3753366Z 
2026-10-10T20:56:45.3753598Z warning: methods `last_id`, `is_item`, and `is_gc` are never used
2026-10-10T20:56:45.3754073Z    --> vendor/yrs-0.28.0/src/block.rs:264:12
2026-10-10T20:56:45.3754335Z     |
2026-10-10T20:56:45.3754743Z 221 | impl Block {
2026-10-10T20:56:45.3754998Z     | ---------- methods in this implementation
2026-10-10T20:56:45.3755278Z ...
2026-10-10T20:56:45.3755480Z 264 |     pub fn last_id(&self) -> ID {
2026-10-10T20:56:45.3755734Z     |            ^^^^^^^
2026-10-10T20:56:45.3755941Z ...
2026-10-10T20:56:45.3756138Z 281 |     pub fn is_item(&self) -> bool {
2026-10-10T20:56:45.3756420Z     |            ^^^^^^^
2026-10-10T20:56:45.3756620Z ...
2026-10-10T20:56:45.3756856Z 291 |     pub fn is_gc(&self) -> bool {
2026-10-10T20:56:45.3757097Z     |            ^^^^^
2026-10-10T20:56:45.3757222Z 
2026-10-10T20:56:45.3757351Z warning: method `delete_as_cleanup` is never used
2026-10-10T20:56:45.3757657Z    --> vendor/yrs-0.28.0/src/block.rs:632:19
2026-10-10T20:56:45.3757911Z     |
2026-10-10T20:56:45.3758095Z 444 | impl ItemPtr {
2026-10-10T20:56:45.3758333Z     | ------------ method in this implementation
2026-10-10T20:56:45.3758591Z ...
2026-10-10T20:56:45.3758913Z 632 |     pub(crate) fn delete_as_cleanup(&self, txn: &mut TransactionMut, is_local: bool) {
2026-10-10T20:56:45.3759318Z     |                   ^^^^^^^^^^^^^^^^^
2026-10-10T20:56:45.3759490Z 
2026-10-10T20:56:45.3759598Z warning: method `integrate` is never used
2026-10-10T20:56:45.3759883Z     --> vendor/yrs-0.28.0/src/block.rs:1415:19
2026-10-10T20:56:45.3760402Z      |
2026-10-10T20:56:45.3760661Z 1354 | impl BlockRange {
2026-10-10T20:56:45.3760919Z      | --------------- method in this implementation
2026-10-10T20:56:45.3761250Z ...
2026-10-10T20:56:45.3761611Z 1415 |     pub(crate) fn integrate(&mut self, pivot: u32) -> bool {
2026-10-10T20:56:45.3762071Z      |                   ^^^^^^^^^
2026-10-10T20:56:45.3762307Z 
2026-10-10T20:56:45.3762454Z warning: method `contains` is never used
2026-10-10T20:56:45.3762881Z    --> vendor/yrs-0.28.0/src/block_store.rs:300:12
2026-10-10T20:56:45.3763266Z     |
2026-10-10T20:56:45.3763527Z 289 | impl BlockStore {
2026-10-10T20:56:45.3763887Z     | --------------- method in this implementation
2026-10-10T20:56:45.3764259Z ...
2026-10-10T20:56:45.3764529Z 300 |     pub fn contains(&self, id: &ID) -> bool {
2026-10-10T20:56:45.3765079Z     |            ^^^^^^^^
2026-10-10T20:56:45.3765290Z 
2026-10-10T20:56:45.3765475Z warning: constant `WEAK_REF_FLAGS_QUOTE` is never used
2026-10-10T20:56:45.3765959Z    --> vendor/yrs-0.28.0/src/types/mod.rs:230:7
2026-10-10T20:56:45.3766336Z     |
2026-10-10T20:56:45.3766652Z 230 | const WEAK_REF_FLAGS_QUOTE: u8 = 0b0000_0001;
2026-10-10T20:56:45.3767056Z     |       ^^^^^^^^^^^^^^^^^^^^
2026-10-10T20:56:45.3767272Z 
2026-10-10T20:56:45.3767499Z warning: constant `WEAK_REF_FLAGS_START_ASSOC` is never used
2026-10-10T20:56:45.3767995Z    --> vendor/yrs-0.28.0/src/types/mod.rs:232:7
2026-10-10T20:56:45.3768370Z     |
2026-10-10T20:56:45.3768711Z 232 | const WEAK_REF_FLAGS_START_ASSOC: u8 = 0b0000_0010;
2026-10-10T20:56:45.3769010Z     |       ^^^^^^^^^^^^^^^^^^^^^^^^^^
2026-10-10T20:56:45.3769175Z 
2026-10-10T20:56:45.3769319Z warning: constant `WEAK_REF_FLAGS_END_ASSOC` is never used
2026-10-10T20:56:45.3769650Z    --> vendor/yrs-0.28.0/src/types/mod.rs:234:7
2026-10-10T20:56:45.3769920Z     |
2026-10-10T20:56:45.3770470Z 234 | const WEAK_REF_FLAGS_END_ASSOC: u8 = 0b0000_0100;
2026-10-10T20:56:45.3770783Z     |       ^^^^^^^^^^^^^^^^^^^^^^^^
2026-10-10T20:56:45.3770939Z 
2026-10-10T20:56:45.3771109Z warning: constant `WEAK_REF_FLAGS_START_UNBOUNDED` is never used
2026-10-10T20:56:45.3771451Z    --> vendor/yrs-0.28.0/src/types/mod.rs:236:7
2026-10-10T20:56:45.3771713Z     |
2026-10-10T20:56:45.3771953Z 236 | const WEAK_REF_FLAGS_START_UNBOUNDED: u8 = 0b0000_1000;
2026-10-10T20:56:45.3772260Z     |       ^^^^^^^^^^^^^^^^^^^^^^^^^^^^^^
2026-10-10T20:56:45.3772426Z 
2026-10-10T20:56:45.3772574Z warning: constant `WEAK_REF_FLAGS_END_UNBOUNDED` is never used
2026-10-10T20:56:45.3772917Z    --> vendor/yrs-0.28.0/src/types/mod.rs:238:7
2026-10-10T20:56:45.3773170Z     |
2026-10-10T20:56:45.3773407Z 238 | const WEAK_REF_FLAGS_END_UNBOUNDED: u8 = 0b0001_0000;
2026-10-10T20:56:45.3773711Z     |       ^^^^^^^^^^^^^^^^^^^^^^^^^^^^
2026-10-10T20:56:45.3773990Z 
2026-10-10T20:56:45.3774146Z warning: constant `WEAK_REF_FLAGS_PARENT_ROOT` is never used
2026-10-10T20:56:45.3774481Z    --> vendor/yrs-0.28.0/src/types/mod.rs:240:7
2026-10-10T20:56:45.3774797Z     |
2026-10-10T20:56:45.3775021Z 240 | const WEAK_REF_FLAGS_PARENT_ROOT: u8 = 0b0010_0000;
2026-10-10T20:56:45.3775309Z     |       ^^^^^^^^^^^^^^^^^^^^^^^^^^
2026-10-10T20:56:45.3775464Z 
2026-10-10T20:56:45.3775557Z warning: field `txn` is never read
2026-10-10T20:56:45.3775829Z    --> vendor/yrs-0.28.0/src/types/mod.rs:538:5
2026-10-10T20:56:45.3776079Z     |
2026-10-10T20:56:45.3776278Z 536 | pub(crate) struct Entries<'a, B, T> {
2026-10-10T20:56:45.3776564Z     |                   ------- field in this struct
2026-10-10T20:56:45.3776949Z 537 |     iter: std::collections::hash_map::Iter<'a, Arc<str>, ItemPtr>,
2026-10-10T20:56:45.3777281Z 538 |     txn: B,
2026-10-10T20:56:45.3777475Z     |     ^^^
2026-10-10T20:56:45.3777653Z     |
2026-10-10T20:56:45.3778081Z     = note: `Entries` has a derived impl for the trait `Debug`, but this is intentionally ignored during dead code analysis
2026-10-10T20:56:45.3778472Z 
2026-10-10T20:56:45.3778579Z warning: method `as_id_set` is never used
2026-10-10T20:56:45.3778847Z   --> vendor/yrs-0.28.0/src/update.rs:48:12
2026-10-10T20:56:45.3779094Z    |
2026-10-10T20:56:45.3779278Z 28 | impl BlockSet {
2026-10-10T20:56:45.3779519Z    | ------------- method in this implementation
2026-10-10T20:56:45.3779778Z ...
2026-10-10T20:56:45.3779971Z 48 |     pub fn as_id_set(&self) -> IdSet {
2026-10-10T20:56:45.3780347Z    |            ^^^^^^^^^
2026-10-10T20:56:45.3780488Z 
2026-10-10T20:56:45.3780743Z warning: associated functions `next_target` and `return_stack` are never used
2026-10-10T20:56:45.3781134Z    --> vendor/yrs-0.28.0/src/update.rs:503:8
2026-10-10T20:56:45.3781384Z     |
2026-10-10T20:56:45.3781560Z 169 | impl Update {
2026-10-10T20:56:45.3781809Z     | ----------- associated functions in this implementation
2026-10-10T20:56:45.3782102Z ...
2026-10-10T20:56:45.3782289Z 503 |     fn next_target<'a, 'b>(
2026-10-10T20:56:45.3782621Z     |        ^^^^^^^^^^^
2026-10-10T20:56:45.3782829Z ...
2026-10-10T20:56:45.3783136Z 526 |     fn return_stack(stack: Vec<Block>, refs: &mut BlockSet, remaining: &mut BlockSet) {
2026-10-10T20:56:45.3783515Z     |        ^^^^^^^^^^^^
2026-10-10T20:56:45.3783643Z 
2026-10-10T20:56:45.3783808Z warning: methods `forward`, `backward`, and `values` are never used
2026-10-10T20:56:45.3784156Z    --> vendor/yrs-0.28.0/src/block_iter.rs:76:12
2026-10-10T20:56:45.3784413Z     |
2026-10-10T20:56:45.3784596Z  18 | impl BlockIter {
2026-10-10T20:56:45.3784831Z     | -------------- methods in this implementation
2026-10-10T20:56:45.3785090Z ...
2026-10-10T20:56:45.3785334Z  76 |     pub fn forward<T: ReadTxn>(&mut self, txn: &T, len: u32) {
2026-10-10T20:56:45.3785643Z     |            ^^^^^^^
2026-10-10T20:56:45.3785839Z ...
2026-10-10T20:56:45.3786098Z 130 |     pub fn backward<T: ReadTxn>(&mut self, txn: &mut T, mut len: u32) {
2026-10-10T20:56:45.3786433Z     |            ^^^^^^^^
2026-10-10T20:56:45.3786628Z ...
2026-10-10T20:56:45.3786821Z 369 |     pub fn values<'a, 'txn, T: ReadTxn>(
2026-10-10T20:56:45.3787071Z     |            ^^^^^^
2026-10-10T20:56:45.3787195Z 
2026-10-10T20:56:45.3787303Z warning: struct `Values` is never constructed
2026-10-10T20:56:45.3787592Z    --> vendor/yrs-0.28.0/src/block_iter.rs:377:12
2026-10-10T20:56:45.3787852Z     |
2026-10-10T20:56:45.3788044Z 377 | pub struct Values<'a, 'txn> {
2026-10-10T20:56:45.3788278Z     |            ^^^^^^
2026-10-10T20:56:45.3788396Z 
2026-10-10T20:56:45.3788516Z warning: associated function `new` is never used
2026-10-10T20:56:45.3788807Z    --> vendor/yrs-0.28.0/src/block_iter.rs:383:8
2026-10-10T20:56:45.3789063Z     |
2026-10-10T20:56:45.3789253Z 382 | impl<'a, 'txn> Values<'a, 'txn> {
2026-10-10T20:56:45.3789573Z     | ------------------------------- associated function in this implementation
2026-10-10T20:56:45.3790002Z 383 |     fn new(iter: &'a mut BlockIter, txn: &'txn mut TransactionMut<'txn>) -> Self {
2026-10-10T20:56:45.3790599Z     |        ^^^
2026-10-10T20:56:45.3790719Z 
2026-10-10T20:56:45.3790829Z warning: method `remove_at` is never used
2026-10-10T20:56:45.3791103Z    --> vendor/yrs-0.28.0/src/branch.rs:398:19
2026-10-10T20:56:45.3791348Z     |
2026-10-10T20:56:45.3791525Z 222 | impl Branch {
2026-10-10T20:56:45.3791755Z     | ----------- method in this implementation
2026-10-10T20:56:45.3792008Z ...
2026-10-10T20:56:45.3792322Z 398 |     pub(crate) fn remove_at(&self, txn: &mut TransactionMut, index: u32, len: u32) -> u32 {
2026-10-10T20:56:45.3792707Z     |                   ^^^^^^^^^
2026-10-10T20:56:45.3792851Z 
2026-10-10T20:56:45.3792950Z warning: method `inner_mut` is never used
2026-10-10T20:56:45.3793216Z    --> vendor/yrs-0.28.0/src/ids.rs:548:19
2026-10-10T20:56:45.3793470Z     |
2026-10-10T20:56:45.3793659Z  58 | impl<T: Merge> IdRanges<T> {
2026-10-10T20:56:45.3793947Z     | -------------------------- method in this implementation
2026-10-10T20:56:45.3794228Z ...
2026-10-10T20:56:45.3794504Z 548 |     pub(crate) fn inner_mut(&mut self) -> &mut SmallVec<[(Range<u32>, T); 1]> {
2026-10-10T20:56:45.3794864Z     |                   ^^^^^^^^^
2026-10-10T20:56:45.3795017Z 
2026-10-10T20:56:45.3795126Z warning: trait `BlockIterator` is never used
2026-10-10T20:56:45.3795405Z  --> vendor/yrs-0.28.0/src/iter.rs:7:18
2026-10-10T20:56:45.3795639Z   |
2026-10-10T20:56:45.3795899Z 7 | pub(crate) trait BlockIterator: Iterator<Item = ItemPtr> + Sized {
2026-10-10T20:56:45.3796240Z   |                  ^^^^^^^^^^^^^
2026-10-10T20:56:45.3796386Z 
2026-10-10T20:56:45.3796513Z warning: trait `BlockSliceIterator` is never used
2026-10-10T20:56:45.3796806Z   --> vendor/yrs-0.28.0/src/iter.rs:16:18
2026-10-10T20:56:45.3797047Z    |
2026-10-10T20:56:45.3797327Z 16 | pub(crate) trait BlockSliceIterator: Iterator<Item = ItemSlice> + Sized {
2026-10-10T20:56:45.3797686Z    |                  ^^^^^^^^^^^^^^^^^^
2026-10-10T20:56:45.3797850Z 
2026-10-10T20:56:45.3797960Z warning: struct `RangeIter` is never constructed
2026-10-10T20:56:45.3798312Z    --> vendor/yrs-0.28.0/src/iter.rs:106:19
2026-10-10T20:56:45.3798555Z     |
2026-10-10T20:56:45.3798745Z 106 | pub(crate) struct RangeIter<I> {
2026-10-10T20:56:45.3798992Z     |                   ^^^^^^^^^
2026-10-10T20:56:45.3799131Z 
2026-10-10T20:56:45.3799277Z warning: associated items `new` and `begin` are never used
2026-10-10T20:56:45.3799588Z    --> vendor/yrs-0.28.0/src/iter.rs:117:8
2026-10-10T20:56:45.3799828Z     |
2026-10-10T20:56:45.3800015Z 113 | / impl<I> RangeIter<I>
2026-10-10T20:56:45.3800372Z 114 | | where
2026-10-10T20:56:45.3800649Z 115 | |     I: Iterator<Item = ItemPtr>,
2026-10-10T20:56:45.3800969Z     | |________________________________- associated items in this implementation
2026-10-10T20:56:45.3801290Z 116 |   {
2026-10-10T20:56:45.3801555Z 117 |       fn new(iter: I, start: StickyIndex, end: StickyIndex) -> Self {
2026-10-10T20:56:45.3801894Z     |          ^^^
2026-10-10T20:56:45.3802082Z ...
2026-10-10T20:56:45.3802339Z 126 |       fn begin(&mut self, start_offset: &mut u32) -> Option<ItemPtr> {
2026-10-10T20:56:45.3802657Z     |          ^^^^^
2026-10-10T20:56:45.3802772Z 
2026-10-10T20:56:45.3802927Z warning: enum `RangeIterState` is never used
2026-10-10T20:56:45.3803322Z    --> vendor/yrs-0.28.0/src/iter.rs:234:6
2026-10-10T20:56:45.3803647Z     |
2026-10-10T20:56:45.3803903Z 234 | enum RangeIterState {
2026-10-10T20:56:45.3804211Z     |      ^^^^^^^^^^^^^^
2026-10-10T20:56:45.3804400Z 
2026-10-10T20:56:45.3804573Z warning: struct `Values` is never constructed
2026-10-10T20:56:45.3804969Z    --> vendor/yrs-0.28.0/src/iter.rs:245:19
2026-10-10T20:56:45.3805301Z     |
2026-10-10T20:56:45.3805552Z 245 | pub(crate) struct Values<I> {
2026-10-10T20:56:45.3805885Z     |                   ^^^^^^
2026-10-10T20:56:45.3806075Z 
2026-10-10T20:56:45.3806231Z warning: associated function `new` is never used
2026-10-10T20:56:45.3806624Z    --> vendor/yrs-0.28.0/src/iter.rs:251:8
2026-10-10T20:56:45.3807024Z     |
2026-10-10T20:56:45.3807289Z 250 | impl<I> Values<I> {
2026-10-10T20:56:45.3807825Z     | ----------------- associated function in this implementation
2026-10-10T20:56:45.3808266Z 251 |     fn new(iter: I) -> Self {
2026-10-10T20:56:45.3808576Z     |        ^^^
2026-10-10T20:56:45.3808693Z 
2026-10-10T20:56:45.3808791Z warning: field `txn` is never read
2026-10-10T20:56:45.3809040Z    --> vendor/yrs-0.28.0/src/iter.rs:287:5
2026-10-10T20:56:45.3809280Z     |
2026-10-10T20:56:45.3809463Z 286 | pub struct AsIter<'a, T, I> {
2026-10-10T20:56:45.3809716Z     |            ------ field in this struct
2026-10-10T20:56:45.3809960Z 287 |     txn: &'a T,
2026-10-10T20:56:45.3810338Z     |     ^^^
2026-10-10T20:56:45.3810522Z     |
2026-10-10T20:56:45.3810929Z     = note: `AsIter` has a derived impl for the trait `Debug`, but this is intentionally ignored during dead code analysis
2026-10-10T20:56:45.3811321Z 
2026-10-10T20:56:45.3811527Z warning: methods `adjacent`, `contains_id`, `right`, and `left` are never used
2026-10-10T20:56:45.3811911Z    --> vendor/yrs-0.28.0/src/slice.rs:164:12
2026-10-10T20:56:45.3812158Z     |
2026-10-10T20:56:45.3812341Z 105 | impl ItemSlice {
2026-10-10T20:56:45.3812581Z     | -------------- methods in this implementation
2026-10-10T20:56:45.3812842Z ...
2026-10-10T20:56:45.3813036Z 164 |     pub fn adjacent(&self) -> bool {
2026-10-10T20:56:45.3813284Z     |            ^^^^^^^^
2026-10-10T20:56:45.3813488Z ...
2026-10-10T20:56:45.3813700Z 179 |     pub fn contains_id(&self, id: &ID) -> bool {
2026-10-10T20:56:45.3813985Z     |            ^^^^^^^^^^^
2026-10-10T20:56:45.3814191Z ...
2026-10-10T20:56:45.3814407Z 249 |     pub fn right(&self) -> Option<ItemSlice> {
2026-10-10T20:56:45.3814681Z     |            ^^^^^
2026-10-10T20:56:45.3814870Z ...
2026-10-10T20:56:45.3815074Z 269 |     pub fn left(&self) -> Option<ItemSlice> {
2026-10-10T20:56:45.3815342Z     |            ^^^^
2026-10-10T20:56:45.3815468Z 
2026-10-10T20:56:45.3815616Z warning: methods `within_range` and `get_item` are never used
2026-10-10T20:56:45.3816057Z    --> vendor/yrs-0.28.0/src/sticky_index.rs:272:19
2026-10-10T20:56:45.3816317Z     |
2026-10-10T20:56:45.3816510Z  51 | impl StickyIndex {
2026-10-10T20:56:45.3816761Z     | ---------------- methods in this implementation
2026-10-10T20:56:45.3817029Z ...
2026-10-10T20:56:45.3817289Z 272 |     pub(crate) fn within_range(&self, ptr: Option<ItemPtr>) -> bool {
2026-10-10T20:56:45.3817621Z     |                   ^^^^^^^^^^^^
2026-10-10T20:56:45.3817850Z ...
2026-10-10T20:56:45.3818120Z 287 |     pub(crate) fn get_item<T: ReadTxn>(&self, txn: &T) -> Option<ItemPtr> {
2026-10-10T20:56:45.3818456Z     |                   ^^^^^^^^
2026-10-10T20:56:45.3818601Z 
2026-10-10T20:56:45.3818779Z warning: hiding a lifetime that's elided elsewhere is confusing
2026-10-10T20:56:45.3819124Z   --> vendor/yrs-0.28.0/src/event.rs:63:18
2026-10-10T20:56:45.3819369Z    |
2026-10-10T20:56:45.3819582Z 63 |     pub fn added(&self) -> SubdocsEventIter {
2026-10-10T20:56:45.3819906Z    |                  ^^^^^     ^^^^^^^^^^^^^^^^ the same lifetime is hidden here
2026-10-10T20:56:45.3820405Z    |                  |
2026-10-10T20:56:45.3820639Z    |                  the lifetime is elided here
2026-10-10T20:56:45.3820887Z    |
2026-10-10T20:56:45.3821228Z    = help: the same lifetime is referred to in inconsistent ways, making the signature confusing
2026-10-10T20:56:45.3821684Z    = note: `#[warn(mismatched_lifetime_syntaxes)]` on by default
2026-10-10T20:56:45.3822003Z help: use `'_` for type paths
2026-10-10T20:56:45.3822217Z    |
2026-10-10T20:56:45.3822428Z 63 |     pub fn added(&self) -> SubdocsEventIter<'_> {
2026-10-10T20:56:45.3822716Z    |                                            ++++
2026-10-10T20:56:45.3822882Z 
2026-10-10T20:56:45.3823042Z warning: hiding a lifetime that's elided elsewhere is confusing
2026-10-10T20:56:45.3823372Z   --> vendor/yrs-0.28.0/src/event.rs:69:20
2026-10-10T20:56:45.3823632Z    |
2026-10-10T20:56:45.3823855Z 69 |     pub fn removed(&self) -> SubdocsEventIter {
2026-10-10T20:56:45.3824334Z    |                    ^^^^^     ^^^^^^^^^^^^^^^^ the same lifetime is hidden here
2026-10-10T20:56:45.3824643Z    |                    |
2026-10-10T20:56:45.3824890Z    |                    the lifetime is elided here
2026-10-10T20:56:45.3825146Z    |
2026-10-10T20:56:45.3825528Z    = help: the same lifetime is referred to in inconsistent ways, making the signature confusing
2026-10-10T20:56:45.3826209Z help: use `'_` for type paths
2026-10-10T20:56:45.3826482Z    |
2026-10-10T20:56:45.3826792Z 69 |     pub fn removed(&self) -> SubdocsEventIter<'_> {
2026-10-10T20:56:45.3827207Z    |                                              ++++
2026-10-10T20:56:45.3827482Z 
2026-10-10T20:56:45.3827704Z warning: hiding a lifetime that's elided elsewhere is confusing
2026-10-10T20:56:45.3828177Z   --> vendor/yrs-0.28.0/src/event.rs:75:19
2026-10-10T20:56:45.3828435Z    |
2026-10-10T20:56:45.3828649Z 75 |     pub fn loaded(&self) -> SubdocsEventIter {
2026-10-10T20:56:45.3829022Z    |                   ^^^^^     ^^^^^^^^^^^^^^^^ the same lifetime is hidden here
2026-10-10T20:56:45.3829479Z    |                   |
2026-10-10T20:56:45.3829827Z    |                   the lifetime is elided here
2026-10-10T20:56:45.3830408Z    |
2026-10-10T20:56:45.3830801Z    = help: the same lifetime is referred to in inconsistent ways, making the signature confusing
2026-10-10T20:56:45.3831447Z help: use `'_` for type paths
2026-10-10T20:56:45.3831785Z    |
2026-10-10T20:56:45.3832126Z 75 |     pub fn loaded(&self) -> SubdocsEventIter<'_> {
2026-10-10T20:56:45.3832591Z    |                                             ++++
2026-10-10T20:56:45.3832879Z 
2026-10-10T20:56:45.3833161Z warning: hiding a lifetime that's elided elsewhere is confusing
2026-10-10T20:56:45.3833693Z    --> vendor/yrs-0.28.0/src/store.rs:358:20
2026-10-10T20:56:45.3834072Z     |
2026-10-10T20:56:45.3834388Z 358 |     pub fn subdocs(&self) -> SubdocsIter {
2026-10-10T20:56:45.3834880Z     |                    ^^^^^     ^^^^^^^^^^^ the same lifetime is hidden here
2026-10-10T20:56:45.3835345Z     |                    |
2026-10-10T20:56:45.3835821Z     |                    the lifetime is elided here
2026-10-10T20:56:45.3836213Z     |
2026-10-10T20:56:45.3836739Z     = help: the same lifetime is referred to in inconsistent ways, making the signature confusing
2026-10-10T20:56:45.3837388Z help: use `'_` for type paths
2026-10-10T20:56:45.3837723Z     |
2026-10-10T20:56:45.3838055Z 358 |     pub fn subdocs(&self) -> SubdocsIter<'_> {
2026-10-10T20:56:45.3838500Z     |                                         ++++
2026-10-10T20:56:45.3838782Z 
2026-10-10T20:56:45.3839022Z warning: hiding a lifetime that's elided elsewhere is confusing
2026-10-10T20:56:45.3839551Z    --> vendor/yrs-0.28.0/src/store.rs:364:25
2026-10-10T20:56:45.3839931Z     |
2026-10-10T20:56:45.3840430Z 364 |     pub fn subdoc_guids(&self) -> SubdocGuids {
2026-10-10T20:56:45.3840947Z     |                         ^^^^^     ^^^^^^^^^^^ the same lifetime is hidden here
2026-10-10T20:56:45.3841431Z     |                         |
2026-10-10T20:56:45.3841817Z     |                         the lifetime is elided here
2026-10-10T20:56:45.3842216Z     |
2026-10-10T20:56:45.3842735Z     = help: the same lifetime is referred to in inconsistent ways, making the signature confusing
2026-10-10T20:56:45.3843384Z help: use `'_` for type paths
2026-10-10T20:56:45.3843712Z     |
2026-10-10T20:56:45.3844054Z 364 |     pub fn subdoc_guids(&self) -> SubdocGuids<'_> {
2026-10-10T20:56:45.3844531Z     |                                              ++++
2026-10-10T20:56:45.3844808Z 
2026-10-10T20:56:45.3845050Z warning: hiding a lifetime that's elided elsewhere is confusing
2026-10-10T20:56:45.3845576Z    --> vendor/yrs-0.28.0/src/store.rs:444:28
2026-10-10T20:56:45.3845950Z     |
2026-10-10T20:56:45.3846358Z 444 |     pub(crate) fn try_read(&self) -> Option<RwLockReadGuard<Store>> {
2026-10-10T20:56:45.3847001Z     |                            ^^^^^            ^^^^^^^^^^^^^^^^^^^^^^ the same lifetime is hidden here
2026-10-10T20:56:45.3847623Z     |                            |
2026-10-10T20:56:45.3848034Z     |                            the lifetime is elided here
2026-10-10T20:56:45.3848438Z     |
2026-10-10T20:56:45.3848961Z     = help: the same lifetime is referred to in inconsistent ways, making the signature confusing
2026-10-10T20:56:45.3849601Z help: use `'_` for type paths
2026-10-10T20:56:45.3849900Z     |
2026-10-10T20:56:45.3850380Z 444 |     pub(crate) fn try_read(&self) -> Option<RwLockReadGuard<'_, Store>> {
2026-10-10T20:56:45.3850827Z     |                                                             +++
2026-10-10T20:56:45.3851025Z 
2026-10-10T20:56:45.3851178Z warning: hiding a lifetime that's elided elsewhere is confusing
2026-10-10T20:56:45.3851515Z    --> vendor/yrs-0.28.0/src/store.rs:449:33
2026-10-10T20:56:45.3851764Z     |
2026-10-10T20:56:45.3852031Z 449 |     pub(crate) fn read_blocking(&self) -> RwLockReadGuard<Store> {
2026-10-10T20:56:45.3852449Z     |                                 ^^^^^     ^^^^^^^^^^^^^^^^^^^^^^ the same lifetime is hidden here
2026-10-10T20:56:45.3852789Z     |                                 |
2026-10-10T20:56:45.3853067Z     |                                 the lifetime is elided here
2026-10-10T20:56:45.3853332Z     |
2026-10-10T20:56:45.3853663Z     = help: the same lifetime is referred to in inconsistent ways, making the signature confusing
2026-10-10T20:56:45.3854076Z help: use `'_` for type paths
2026-10-10T20:56:45.3854292Z     |
2026-10-10T20:56:45.3854557Z 449 |     pub(crate) fn read_blocking(&self) -> RwLockReadGuard<'_, Store> {
2026-10-10T20:56:45.3854913Z     |                                                           +++
2026-10-10T20:56:45.3855103Z 
2026-10-10T20:56:45.3855261Z warning: hiding a lifetime that's elided elsewhere is confusing
2026-10-10T20:56:45.3855597Z    --> vendor/yrs-0.28.0/src/store.rs:458:30
2026-10-10T20:56:45.3855843Z     |
2026-10-10T20:56:45.3856068Z 458 |     pub(crate) fn read_async(&self) -> Read<Store> {
2026-10-10T20:56:45.3856495Z     |                              ^^^^^     ^^^^^^^^^^^ the same lifetime is hidden here
2026-10-10T20:56:45.3856806Z     |                              |
2026-10-10T20:56:45.3857077Z     |                              the lifetime is elided here
2026-10-10T20:56:45.3857343Z     |
2026-10-10T20:56:45.3857669Z     = help: the same lifetime is referred to in inconsistent ways, making the signature confusing
2026-10-10T20:56:45.3858078Z help: use `'_` for type paths
2026-10-10T20:56:45.3858308Z     |
2026-10-10T20:56:45.3858538Z 458 |     pub(crate) fn read_async(&self) -> Read<'_, Store> {
2026-10-10T20:56:45.3858852Z     |                                             +++
2026-10-10T20:56:45.3859027Z 
2026-10-10T20:56:45.3859189Z warning: hiding a lifetime that's elided elsewhere is confusing
2026-10-10T20:56:45.3859509Z    --> vendor/yrs-0.28.0/src/store.rs:462:29
2026-10-10T20:56:45.3859752Z     |
2026-10-10T20:56:45.3860018Z 462 |     pub(crate) fn try_write(&self) -> Option<RwLockWriteGuard<Store>> {
2026-10-10T20:56:45.3860754Z     |                             ^^^^^            ^^^^^^^^^^^^^^^^^^^^^^^ the same lifetime is hidden here
2026-10-10T20:56:45.3861083Z     |                             |
2026-10-10T20:56:45.3861341Z     |                             the lifetime is elided here
2026-10-10T20:56:45.3861602Z     |
2026-10-10T20:56:45.3861916Z     = help: the same lifetime is referred to in inconsistent ways, making the signature confusing
2026-10-10T20:56:45.3862328Z help: use `'_` for type paths
2026-10-10T20:56:45.3862542Z     |
2026-10-10T20:56:45.3862809Z 462 |     pub(crate) fn try_write(&self) -> Option<RwLockWriteGuard<'_, Store>> {
2026-10-10T20:56:45.3863171Z     |                                                               +++
2026-10-10T20:56:45.3863370Z 
2026-10-10T20:56:45.3863531Z warning: hiding a lifetime that's elided elsewhere is confusing
2026-10-10T20:56:45.3863864Z    --> vendor/yrs-0.28.0/src/store.rs:467:34
2026-10-10T20:56:45.3864192Z     |
2026-10-10T20:56:45.3864528Z 467 |     pub(crate) fn write_blocking(&self) -> RwLockWriteGuard<Store> {
2026-10-10T20:56:45.3865135Z     |                                  ^^^^^     ^^^^^^^^^^^^^^^^^^^^^^^ the same lifetime is hidden here
2026-10-10T20:56:45.3865597Z     |                                  |
2026-10-10T20:56:45.3866060Z     |                                  the lifetime is elided here
2026-10-10T20:56:45.3866341Z     |
2026-10-10T20:56:45.3866691Z     = help: the same lifetime is referred to in inconsistent ways, making the signature confusing
2026-10-10T20:56:45.3867120Z help: use `'_` for type paths
2026-10-10T20:56:45.3867350Z     |
2026-10-10T20:56:45.3867633Z 467 |     pub(crate) fn write_blocking(&self) -> RwLockWriteGuard<'_, Store> {
2026-10-10T20:56:45.3868017Z     |                                                             +++
2026-10-10T20:56:45.3868223Z 
2026-10-10T20:56:45.3868381Z warning: hiding a lifetime that's elided elsewhere is confusing
2026-10-10T20:56:45.3868736Z    --> vendor/yrs-0.28.0/src/store.rs:476:31
2026-10-10T20:56:45.3868994Z     |
2026-10-10T20:56:45.3869241Z 476 |     pub(crate) fn write_async(&self) -> Write<Store> {
2026-10-10T20:56:45.3869609Z     |                               ^^^^^     ^^^^^^^^^^^^ the same lifetime is hidden here
2026-10-10T20:56:45.3869946Z     |                               |
2026-10-10T20:56:45.3870388Z     |                               the lifetime is elided here
2026-10-10T20:56:45.3870768Z     |
2026-10-10T20:56:45.3871110Z     = help: the same lifetime is referred to in inconsistent ways, making the signature confusing
2026-10-10T20:56:45.3871538Z help: use `'_` for type paths
2026-10-10T20:56:45.3871769Z     |
2026-10-10T20:56:45.3872014Z 476 |     pub(crate) fn write_async(&self) -> Write<'_, Store> {
2026-10-10T20:56:45.3872346Z     |                                               +++
2026-10-10T20:56:45.3872529Z 
2026-10-10T20:56:45.3872683Z warning: hiding a lifetime that's elided elsewhere is confusing
2026-10-10T20:56:45.3873052Z    --> vendor/yrs-0.28.0/src/transaction.rs:168:18
2026-10-10T20:56:45.3873322Z     |
2026-10-10T20:56:45.3873623Z 168 |     fn root_refs(&self) -> RootRefs {
2026-10-10T20:56:45.3873941Z     |                  ^^^^^     ^^^^^^^^ the same lifetime is hidden here
2026-10-10T20:56:45.3874239Z     |                  |
2026-10-10T20:56:45.3874474Z     |                  the lifetime is elided here
2026-10-10T20:56:45.3874756Z     |
2026-10-10T20:56:45.3875084Z     = help: the same lifetime is referred to in inconsistent ways, making the signature confusing
2026-10-10T20:56:45.3875488Z help: use `'_` for type paths
2026-10-10T20:56:45.3875705Z     |
2026-10-10T20:56:45.3875914Z 168 |     fn root_refs(&self) -> RootRefs<'_> {
2026-10-10T20:56:45.3876186Z     |                                    ++++
2026-10-10T20:56:45.3876346Z 
2026-10-10T20:56:45.3876498Z warning: hiding a lifetime that's elided elsewhere is confusing
2026-10-10T20:56:45.3876835Z    --> vendor/yrs-0.28.0/src/transaction.rs:175:21
2026-10-10T20:56:45.3877096Z     |
2026-10-10T20:56:45.3877301Z 175 |     fn subdoc_guids(&self) -> SubdocGuids {
2026-10-10T20:56:45.3877625Z     |                     ^^^^^     ^^^^^^^^^^^ the same lifetime is hidden here
2026-10-10T20:56:45.3877926Z     |                     |
2026-10-10T20:56:45.3878159Z     |                     the lifetime is elided here
2026-10-10T20:56:45.3878419Z     |
2026-10-10T20:56:45.3878740Z     = help: the same lifetime is referred to in inconsistent ways, making the signature confusing
2026-10-10T20:56:45.3879126Z help: use `'_` for type paths
2026-10-10T20:56:45.3879338Z     |
2026-10-10T20:56:45.3879551Z 175 |     fn subdoc_guids(&self) -> SubdocGuids<'_> {
2026-10-10T20:56:45.3879831Z     |                                          ++++
2026-10-10T20:56:45.3880006Z 
2026-10-10T20:56:45.3880240Z warning: hiding a lifetime that's elided elsewhere is confusing
2026-10-10T20:56:45.3880576Z    --> vendor/yrs-0.28.0/src/transaction.rs:181:16
2026-10-10T20:56:45.3880832Z     |
2026-10-10T20:56:45.3881127Z 181 |     fn subdocs(&self) -> SubdocsIter {
2026-10-10T20:56:45.3881433Z     |                ^^^^^     ^^^^^^^^^^^ the same lifetime is hidden here
2026-10-10T20:56:45.3881711Z     |                |
2026-10-10T20:56:45.3881930Z     |                the lifetime is elided here
2026-10-10T20:56:45.3882176Z     |
2026-10-10T20:56:45.3882493Z     = help: the same lifetime is referred to in inconsistent ways, making the signature confusing
2026-10-10T20:56:45.3882886Z help: use `'_` for type paths
2026-10-10T20:56:45.3883100Z     |
2026-10-10T20:56:45.3883304Z 181 |     fn subdocs(&self) -> SubdocsIter<'_> {
2026-10-10T20:56:45.3883582Z     |                                     ++++
2026-10-10T20:56:45.3883756Z 
2026-10-10T20:56:45.3883927Z warning: hiding a lifetime that's elided elsewhere is confusing
2026-10-10T20:56:45.3884252Z    --> vendor/yrs-0.28.0/src/types/mod.rs:911:17
2026-10-10T20:56:45.3884503Z     |
2026-10-10T20:56:45.3884701Z 911 |     pub fn iter(&self) -> EventsIter {
2026-10-10T20:56:45.3884999Z     |                 ^^^^^     ^^^^^^^^^^ the same lifetime is hidden here
2026-10-10T20:56:45.3885292Z     |                 |
2026-10-10T20:56:45.3885522Z     |                 the lifetime is elided here
2026-10-10T20:56:45.3885770Z     |
2026-10-10T20:56:45.3886089Z     = help: the same lifetime is referred to in inconsistent ways, making the signature confusing
2026-10-10T20:56:45.3886485Z help: use `'_` for type paths
2026-10-10T20:56:45.3886710Z     |
2026-10-10T20:56:45.3886942Z 911 |     pub fn iter(&self) -> EventsIter<'_> {
2026-10-10T20:56:45.3887211Z     |                                     ++++
2026-10-10T20:56:45.3887368Z 
2026-10-10T20:56:45.3991178Z warning: hiding a lifetime that's elided elsewhere is confusing
2026-10-10T20:56:45.3991647Z   --> vendor/yrs-0.28.0/src/state_vector.rs:93:17
2026-10-10T20:56:45.3991937Z    |
2026-10-10T20:56:45.3992286Z 93 |     pub fn iter(&self) -> std::collections::hash_map::Iter<ClientID, u32> {
2026-10-10T20:56:45.3992760Z    |                 ^^^^^     ^^^^^^^^^^^^^^^^^^^^^^^^^^^^^^^^^^^^^^^^^^^^^^^ the same lifetime is hidden here
2026-10-10T20:56:45.3993354Z    |                 |
2026-10-10T20:56:45.3993603Z    |                 the lifetime is elided here
2026-10-10T20:56:45.3993870Z    |
2026-10-10T20:56:45.3994232Z    = help: the same lifetime is referred to in inconsistent ways, making the signature confusing
2026-10-10T20:56:45.3994658Z help: use `'_` for type paths
2026-10-10T20:56:45.3994889Z    |
2026-10-10T20:56:45.3995183Z 93 |     pub fn iter(&self) -> std::collections::hash_map::Iter<'_, ClientID, u32> {
2026-10-10T20:56:45.3995577Z    |                                                            +++
2026-10-10T20:56:45.3995784Z 
2026-10-10T20:56:45.4000395Z warning: hiding a lifetime that's elided elsewhere is confusing
2026-10-10T20:56:45.4000825Z    --> vendor/yrs-0.28.0/src/sync/awareness.rs:141:17
2026-10-10T20:56:45.4001113Z     |
2026-10-10T20:56:45.4001343Z 141 |     pub fn iter(&self) -> AwarenessIter {
2026-10-10T20:56:45.4001687Z     |                 ^^^^^     ^^^^^^^^^^^^^ the same lifetime is hidden here
2026-10-10T20:56:45.4001996Z     |                 |
2026-10-10T20:56:45.4002236Z     |                 the lifetime is elided here
2026-10-10T20:56:45.4002490Z     |
2026-10-10T20:56:45.4002841Z     = help: the same lifetime is referred to in inconsistent ways, making the signature confusing
2026-10-10T20:56:45.4003277Z help: use `'_` for type paths
2026-10-10T20:56:45.4003514Z     |
2026-10-10T20:56:45.4003737Z 141 |     pub fn iter(&self) -> AwarenessIter<'_> {
2026-10-10T20:56:45.4004032Z     |                                        ++++
2026-10-10T20:56:45.4004206Z 
2026-10-10T20:56:46.8144441Z warning: `yrs` (lib) generated 58 warnings (run `cargo fix --lib -p yrs` to apply 27 suggestions)
2026-10-10T20:56:46.8145832Z    Compiling tandemlog-text v0.0.0 (/home/runner/work/tandemlog/tandemlog/native/text_engine)
2026-10-10T20:56:47.7030832Z     Finished `test` profile [unoptimized + debuginfo] target(s) in 9.46s
2026-10-10T20:56:47.7045308Z      Running unittests src/lib.rs (/home/runner/work/_temp/tandemlog-rust-bootstrap/target/debug/deps/tandemlog_text-11651a1d89e2bb30)
2026-10-10T20:56:47.7055796Z 
2026-10-10T20:56:47.7055935Z running 4 tests
2026-10-10T20:56:47.7058989Z test worker_failure_tests::disconnected_worker_is_explicit_unknown_outcome ... ok
2026-10-10T20:56:47.7059681Z test worker_failure_tests::worker_panic_quarantines_without_implicit_reset ... ok
2026-10-10T20:56:47.7108995Z test owned_undo_tests::requested_ineffective_item_never_consumes_older_owned_save ... ok
2026-10-10T20:56:47.7145465Z test owned_undo_tests::successive_owned_replacements_follow_restored_identity_and_preserve_peer ... ok
2026-10-10T20:56:47.7145910Z 
2026-10-10T20:56:47.7146156Z test result: ok. 4 passed; 0 failed; 0 ignored; 0 measured; 0 filtered out; finished in 0.01s
2026-10-10T20:56:47.7146511Z 
2026-10-10T20:56:47.7919241Z test_R01_foreign_root_apply_is_atomic (test_admission.Admission.test_R01_foreign_root_apply_is_atomic) ... ok
2026-10-10T20:56:47.7920993Z test_R02_foreign_root_cannot_enter_new (test_admission.Admission.test_R02_foreign_root_cannot_enter_new) ... ok
2026-10-10T20:56:47.7924004Z test_R03_foreign_root_cannot_enter_restore (test_admission.Admission.test_R03_foreign_root_cannot_enter_restore) ... ok
2026-10-10T20:56:47.7928870Z test_R04_embed_rejected_even_when_get_string_hides_it (test_admission.Admission.test_R04_embed_rejected_even_when_get_string_hides_it) ... ok
2026-10-10T20:56:47.7933983Z test_R05_format_rejected (test_admission.Admission.test_R05_format_rejected) ... ok
2026-10-10T20:56:47.7938944Z test_R06_nested_shared_type_rejected (test_admission.Admission.test_R06_nested_shared_type_rejected) ... ok
2026-10-10T20:56:47.7943958Z test_R07_map_slot_rejected (test_admission.Admission.test_R07_map_slot_rejected) ... ok
2026-10-10T20:56:47.7949990Z test_R08_missing_nested_parent_rejected_before_pending_storage (test_admission.Admission.test_R08_missing_nested_parent_rejected_before_pending_storage) ... ok
2026-10-10T20:56:47.7955536Z test_R09_conflicting_reserved_seed_rejected (test_admission.Admission.test_R09_conflicting_reserved_seed_rejected) ... ok
2026-10-10T20:56:47.7962963Z test_R10_deleted_seed_identity_survives_checkpoint (test_admission.Admission.test_R10_deleted_seed_identity_survives_checkpoint) ... ok
2026-10-10T20:56:47.7969829Z test_R11_duplicate_full_state_with_split_seed_is_allowed (test_admission.Admission.test_R11_duplicate_full_state_with_split_seed_is_allowed) ... ok
2026-10-10T20:56:47.7975399Z test_R12_conflicting_nonseed_actor_overlap_rejected (test_admission.Admission.test_R12_conflicting_nonseed_actor_overlap_rejected) ... ok
2026-10-10T20:56:47.7980531Z test_R13_trailing_bytes_rejected_without_mutation (test_admission.Admission.test_R13_trailing_bytes_rejected_without_mutation) ... ok
2026-10-10T20:56:47.7986022Z test_R14_reserved_seed_cannot_extend_its_original_identity (test_admission.Admission.test_R14_reserved_seed_cannot_extend_its_original_identity) ... ok
2026-10-10T20:56:47.7999999Z test_U01_large_plaintext_inspect_rejected_preflight (test_admission_units.Units.test_U01_large_plaintext_inspect_rejected_preflight) ... ok
2026-10-10T20:56:47.8002749Z test_U02_explicit_inspector_units (test_admission_units.Units.test_U02_explicit_inspector_units) ... ok
2026-10-10T20:56:47.8009907Z test_U03_retained_deleted_identity_budget_preserves_undo (test_admission_units.Units.test_U03_retained_deleted_identity_budget_preserves_undo) ... ok
2026-10-10T20:56:47.8014633Z test_U04_remote_combined_budget_atomic (test_admission_units.Units.test_U04_remote_combined_budget_atomic) ... ok
2026-10-10T20:56:47.8016751Z test_U05_skips_and_delete_ranges_have_work_budget (test_admission_units.Units.test_U05_skips_and_delete_ranges_have_work_budget) ... ok
2026-10-10T20:56:47.8023657Z test_U06_restore_draft_inherit_and_validation (test_admission_units.Units.test_U06_restore_draft_inherit_and_validation) ... ok
2026-10-10T20:56:47.8030931Z test_C01_shared_seed_does_not_duplicate_historical_text (test_contract.Contract.test_C01_shared_seed_does_not_duplicate_historical_text) ... ok
2026-10-10T20:56:47.8037484Z test_C02_save_publishes_only_draft_changes (test_contract.Contract.test_C02_save_publishes_only_draft_changes) ... ok
2026-10-10T20:56:47.8042803Z test_C03_cancel_has_no_published_change (test_contract.Contract.test_C03_cancel_has_no_published_change) ... ok
2026-10-10T20:56:47.8050549Z test_C04_save_captured_baseline_preserves_remote_insert (test_contract.Contract.test_C04_save_captured_baseline_preserves_remote_insert) ... ok
2026-10-10T20:56:47.8058309Z test_C05_draft_delete_does_not_delete_concurrent_insert (test_contract.Contract.test_C05_draft_delete_does_not_delete_concurrent_insert) ... ok
2026-10-10T20:56:47.8065647Z test_C06_offline_disjoint_insertions_merge (test_contract.Contract.test_C06_offline_disjoint_insertions_merge) ... ok
2026-10-10T20:56:47.8075070Z test_C07_same_location_insertions_converge_without_lost_text (test_contract.Contract.test_C07_same_location_insertions_converge_without_lost_text) ... ok
2026-10-10T20:56:47.8082796Z test_C08_concurrent_overlapping_deletes_converge (test_contract.Contract.test_C08_concurrent_overlapping_deletes_converge) ... ok
2026-10-10T20:56:47.8101847Z test_C09_duplicate_delivery_is_idempotent (test_contract.Contract.test_C09_duplicate_delivery_is_idempotent) ... ok
2026-10-10T20:56:47.8109461Z test_C10_out_of_order_missing_dependency_eventually_integrates (test_contract.Contract.test_C10_out_of_order_missing_dependency_eventually_integrates) ... ok
2026-10-10T20:56:47.8117456Z test_C11_pending_dependency_survives_checkpoint_restart (test_contract.Contract.test_C11_pending_dependency_survives_checkpoint_restart) ... ok
2026-10-10T20:56:47.8142416Z test_C12_all_delivery_permutations_converge (test_contract.Contract.test_C12_all_delivery_permutations_converge) ... ok
2026-10-10T20:56:48.1876113Z test_C13_random_duplicate_out_of_order_delivery (test_contract.Contract.test_C13_random_duplicate_out_of_order_delivery) ... ok
2026-10-10T20:56:48.1882991Z test_C14_independent_fields_remain_independent (test_contract.Contract.test_C14_independent_fields_remain_independent) ... ok
2026-10-10T20:56:48.1888388Z test_C15_recurrence_successor_text_is_independent (test_contract.Contract.test_C15_recurrence_successor_text_is_independent) ... ok
2026-10-10T20:56:48.1894341Z test_C16_unicode_utf16_offsets_and_emoji (test_contract.Contract.test_C16_unicode_utf16_offsets_and_emoji) ... ok
2026-10-10T20:56:48.1900639Z test_C17_split_surrogate_offsets_rejected_without_mutation (test_contract.Contract.test_C17_split_surrogate_offsets_rejected_without_mutation) ... ok
2026-10-10T20:56:48.1905586Z test_C18_combining_zwj_and_markdown_remain_source_text (test_contract.Contract.test_C18_combining_zwj_and_markdown_remain_source_text) ... ok
2026-10-10T20:56:48.1911735Z test_C19_composition_blocks_save_and_cancel_discards (test_contract.Contract.test_C19_composition_blocks_save_and_cancel_discards) ... ok
2026-10-10T20:56:48.1920293Z test_C20_composition_commit_publishes_final_text_once (test_contract.Contract.test_C20_composition_commit_publishes_final_text_once) ... ok
2026-10-10T20:56:48.1925281Z test_C21_sticky_selection_moves_with_remote_prefix (test_contract.Contract.test_C21_sticky_selection_moves_with_remote_prefix) ... ok
2026-10-10T20:56:48.1932932Z test_C22_selective_undo_preserves_remote_insert (test_contract.Contract.test_C22_selective_undo_preserves_remote_insert) ... ok
2026-10-10T20:56:48.1940672Z test_C23_selective_undo_save_batch_retains_remote (test_contract.Contract.test_C23_selective_undo_save_batch_retains_remote) ... ok
2026-10-10T20:56:48.1947118Z test_C24_redo_is_compensation_not_history_removal (test_contract.Contract.test_C24_redo_is_compensation_not_history_removal) ... ok
2026-10-10T20:56:48.1953553Z test_C25_undo_after_remote_delete_does_not_resurrect_remote_work (test_contract.Contract.test_C25_undo_after_remote_delete_does_not_resurrect_remote_work) ... ok
2026-10-10T20:56:48.1960768Z test_C26_invalid_binary_rejected_atomically (test_contract.Contract.test_C26_invalid_binary_rejected_atomically) ... ok
2026-10-10T20:56:48.1971999Z test_C27_oversized_update_rejected_before_decode (test_contract.Contract.test_C27_oversized_update_rejected_before_decode) ... ok
2026-10-10T20:56:48.1977516Z test_C28_out_of_range_edit_and_invalid_base64_are_atomic (test_contract.Contract.test_C28_out_of_range_edit_and_invalid_base64_are_atomic) ... ok
2026-10-10T20:56:48.1980967Z test_C29_actor_collision_rejected (test_contract.Contract.test_C29_actor_collision_rejected) ... ok
2026-10-10T20:56:48.1988182Z test_C30_text_limit_rejected_without_partial_commit (test_contract.Contract.test_C30_text_limit_rejected_without_partial_commit) ... ok
2026-10-10T20:56:48.2001397Z test_C31_exact_update_bytes_survive_json_roundtrip_and_replay (test_contract.Contract.test_C31_exact_update_bytes_survive_json_roundtrip_and_replay) ... ok
2026-10-10T20:56:48.2135008Z test_C32_full_checkpoint_and_tail_equal_full_replay (test_contract.Contract.test_C32_full_checkpoint_and_tail_equal_full_replay) ... ok
2026-10-10T20:56:48.2569413Z test_C33_bridge_utf8_memory_cycles (test_contract.Contract.test_C33_bridge_utf8_memory_cycles) ... ok
2026-10-10T20:56:51.5352083Z test_C34_performance_and_storage_measurements (test_contract.Contract.test_C34_performance_and_storage_measurements) ... ok
2026-10-10T20:56:51.5362614Z test_O01_draft_cannot_save_to_different_source (test_ownership.Ownership.test_O01_draft_cannot_save_to_different_source) ... ok
2026-10-10T20:56:51.5370877Z test_O02_incoming_update_cannot_be_attributed_to_draft (test_ownership.Ownership.test_O02_incoming_update_cannot_be_attributed_to_draft) ... ok
2026-10-10T20:56:51.5376584Z test_O03_successful_save_consumes_draft_once (test_ownership.Ownership.test_O03_successful_save_consumes_draft_once) ... ok
2026-10-10T20:56:51.5383446Z test_O04_failed_save_preserves_prior_undo_and_draft (test_ownership.Ownership.test_O04_failed_save_preserves_prior_undo_and_draft) ... ok
2026-10-10T20:56:51.5391903Z test_U01_prepare_is_nonmutating_and_repeated_bytes_are_immutable (test_prepared_undo.PreparedUndo.test_U01_prepare_is_nonmutating_and_repeated_bytes_are_immutable) ... ok
2026-10-10T20:56:51.5403915Z test_U02_missing_wrong_receipt_does_not_change_live_or_consume_undo (test_prepared_undo.PreparedUndo.test_U02_missing_wrong_receipt_does_not_change_live_or_consume_undo) ... ok
2026-10-10T20:56:51.5414226Z test_U03_remote_arrival_after_prepare_preserves_exact_compensation (test_prepared_undo.PreparedUndo.test_U03_remote_arrival_after_prepare_preserves_exact_compensation) ... ok
2026-10-10T20:56:51.5422689Z test_U04_unknown_receipt_retry_is_idempotent_and_keeps_prior_undo (test_prepared_undo.PreparedUndo.test_U04_unknown_receipt_retry_is_idempotent_and_keeps_prior_undo) ... ok
2026-10-10T20:56:51.5430621Z test_U05_cancel_and_rejection_preserve_prior_selective_undo (test_prepared_undo.PreparedUndo.test_U05_cancel_and_rejection_preserve_prior_selective_undo) ... ok
2026-10-10T20:56:51.5443117Z test_U06_pending_blocks_local_changes_but_accepts_remote (test_prepared_undo.PreparedUndo.test_U06_pending_blocks_local_changes_but_accepts_remote) ... ok
2026-10-10T20:56:51.5450709Z test_U07_token_bound_to_owner_and_not_reused_name (test_prepared_undo.PreparedUndo.test_U07_token_bound_to_owner_and_not_reused_name) ... ok
2026-10-10T20:56:51.5459893Z test_U08_captured_draft_identity_survives_clone_commit_and_remote (test_prepared_undo.PreparedUndo.test_U08_captured_draft_identity_survives_clone_commit_and_remote) ... ok
2026-10-10T20:56:51.5471309Z test_U09_saved_draft_batch_undo_and_redo_ownership_are_preserved (test_prepared_undo.PreparedUndo.test_U09_saved_draft_batch_undo_and_redo_ownership_are_preserved) ... ok
2026-10-10T20:56:51.5479453Z test_U10_immutable_compensation_replays_after_native_reset (test_prepared_undo.PreparedUndo.test_U10_immutable_compensation_replays_after_native_reset) ... ok
2026-10-10T20:56:51.5487405Z test_U11_no_undo_rejection_and_anchor_lifetime (test_prepared_undo.PreparedUndo.test_U11_no_undo_rejection_and_anchor_lifetime) ... ok
2026-10-10T20:56:51.5493985Z test_U12_failed_prepare_draft_keeps_target_and_private_undo (test_prepared_undo.PreparedUndo.test_U12_failed_prepare_draft_keeps_target_and_private_undo) ... ok
2026-10-10T20:56:51.5502151Z test_A01_receipt_history_budget_rejection_keeps_preparation_and_live_undo (test_resource_atomic.AtomicBudgetReceipt.test_A01_receipt_history_budget_rejection_keeps_preparation_and_live_undo) ... ok
2026-10-10T20:56:51.5510802Z test_A02_queued_remote_budget_rejection_preserves_live_and_frozen_packet (test_resource_atomic.AtomicBudgetReceipt.test_A02_queued_remote_budget_rejection_preserves_live_and_frozen_packet) ... ok
2026-10-10T20:56:51.5517623Z test_B01_struct_actor_inspection_is_sorted_unique_and_readonly (test_resource_limits.NativeBudgets.test_B01_struct_actor_inspection_is_sorted_unique_and_readonly) ... ok
2026-10-10T20:56:51.5522096Z test_B02_delete_references_and_skip_holes_are_not_struct_authors (test_resource_limits.NativeBudgets.test_B02_delete_references_and_skip_holes_are_not_struct_authors) ... ok
2026-10-10T20:56:51.5531865Z test_B03_inspector_validates_binary_base64_and_plaintext_before_metadata (test_resource_limits.NativeBudgets.test_B03_inspector_validates_binary_base64_and_plaintext_before_metadata) ... ok
2026-10-10T20:56:51.5538733Z test_B04_visible_utf16_limit_rejects_atomically_with_prior_undo (test_resource_limits.NativeBudgets.test_B04_visible_utf16_limit_rejects_atomically_with_prior_undo) ... ok
2026-10-10T20:56:51.5544596Z test_B05_generated_update_budget_is_distinct_from_visible_and_state (test_resource_limits.NativeBudgets.test_B05_generated_update_budget_is_distinct_from_visible_and_state) ... ok
2026-10-10T20:56:51.5592461Z test_B06_large_checkpoint_and_existing_history_do_not_use_operation_limit (test_resource_limits.NativeBudgets.test_B06_large_checkpoint_and_existing_history_do_not_use_operation_limit) ... ok
2026-10-10T20:56:51.5611863Z test_B07_state_limit_growth_rejection_retains_exact_live_state (test_resource_limits.NativeBudgets.test_B07_state_limit_growth_rejection_retains_exact_live_state) ... ok
2026-10-10T20:56:51.5623484Z test_B08_session_replay_limit_is_explicit_and_rejection_keeps_undo (test_resource_limits.NativeBudgets.test_B08_session_replay_limit_is_explicit_and_rejection_keeps_undo) ... ok
2026-10-10T20:56:51.5629721Z test_B09_prepared_clone_budget_rejection_keeps_original_session_undo (test_resource_limits.NativeBudgets.test_B09_prepared_clone_budget_rejection_keeps_original_session_undo) ... ok
2026-10-10T20:56:51.5633945Z test_B10_usage_documents_serialized_weights_and_actual_owner_guid (test_resource_limits.NativeBudgets.test_B10_usage_documents_serialized_weights_and_actual_owner_guid) ... ok
2026-10-10T20:56:51.5648202Z test_B11_retained_receipt_history_is_bounded_without_pruning (test_resource_limits.NativeBudgets.test_B11_retained_receipt_history_is_bounded_without_pruning) ... ok
2026-10-10T20:56:51.5654439Z test_B12_restore_limit_failure_does_not_replace_existing_owner (test_resource_limits.NativeBudgets.test_B12_restore_limit_failure_does_not_replace_existing_owner) ... ok
2026-10-10T20:56:51.5661528Z test_B13_private_draft_inherits_limits_and_rejection_preserves_draft (test_resource_limits.NativeBudgets.test_B13_private_draft_inherits_limits_and_rejection_preserves_draft) ... ok
2026-10-10T20:56:51.5672573Z test_B14_limit_configuration_rejects_unknown_zero_boolean_and_overflow (test_resource_limits.NativeBudgets.test_B14_limit_configuration_rejects_unknown_zero_boolean_and_overflow) ... ok
2026-10-10T20:56:51.7476575Z test_B15_large_bounded_checkpoint_frame_and_input_allocator (test_resource_limits.NativeBudgets.test_B15_large_bounded_checkpoint_frame_and_input_allocator) ... ok
2026-10-10T20:56:51.7487351Z test_H01_original_packets_duplicates_and_concurrent_delivery_match_owned_state (test_shared_history_materializer.SharedHistoryMaterializer.test_H01_original_packets_duplicates_and_concurrent_delivery_match_owned_state) ... ok
2026-10-10T20:56:51.7496561Z test_H02_missing_causal_dependency_survives_checkpoint_and_later_arrival (test_shared_history_materializer.SharedHistoryMaterializer.test_H02_missing_causal_dependency_survives_checkpoint_and_later_arrival) ... ok
2026-10-10T20:56:51.7505333Z test_H03_rejection_quarantines_disposable_state_and_preserves_other_owners (test_shared_history_materializer.SharedHistoryMaterializer.test_H03_rejection_quarantines_disposable_state_and_preserves_other_owners) ... ok
2026-10-10T20:56:51.7510912Z test_H04_materializer_and_session_handles_cannot_alias (test_shared_history_materializer.SharedHistoryMaterializer.test_H04_materializer_and_session_handles_cannot_alias) ... ok
2026-10-10T20:56:51.7573793Z test_H05_incremental_history_has_no_session_undo_replay_budget (test_shared_history_materializer.SharedHistoryMaterializer.test_H05_incremental_history_has_no_session_undo_replay_budget) ... ok
2026-10-10T20:56:51.7756861Z test_H06_private_save_packets_do_not_repeat_prior_generations_delete_sets (test_shared_history_materializer.SharedHistoryMaterializer.test_H06_private_save_packets_do_not_repeat_prior_generations_delete_sets) ... ok
2026-10-10T20:56:51.7763352Z test_H07_foreign_root_and_conflicting_seed_quarantine_materializers (test_shared_history_materializer.SharedHistoryMaterializer.test_H07_foreign_root_and_conflicting_seed_quarantine_materializers) ... ok
2026-10-10T20:56:51.7771323Z test_H08_visible_and_retained_budgets_fail_without_touching_editor (test_shared_history_materializer.SharedHistoryMaterializer.test_H08_visible_and_retained_budgets_fail_without_touching_editor) ... ok
2026-10-10T20:56:51.7774500Z test_H09_rejected_seed_does_not_reserve_handle (test_shared_history_materializer.SharedHistoryMaterializer.test_H09_rejected_seed_does_not_reserve_handle) ... ok
2026-10-10T20:56:51.7826219Z test_W01_same_handle_is_shared_across_different_caller_threads (test_worker_ownership.WorkerOwnership.test_W01_same_handle_is_shared_across_different_caller_threads) ... ok
2026-10-10T20:56:51.7833954Z test_W02_production_and_spike_json_aliases_share_exact_owner (test_worker_ownership.WorkerOwnership.test_W02_production_and_spike_json_aliases_share_exact_owner) ... ok
2026-10-10T20:56:51.7855641Z test_W03_concurrent_remote_prepare_and_receipt_commit_converge (test_worker_ownership.WorkerOwnership.test_W03_concurrent_remote_prepare_and_receipt_commit_converge) ... ok
2026-10-10T20:56:51.7883914Z test_W04_simultaneous_prepare_returns_one_immutable_owner_token (test_worker_ownership.WorkerOwnership.test_W04_simultaneous_prepare_returns_one_immutable_owner_token) ... ok
2026-10-10T20:56:51.7897700Z test_W05_wrong_receipt_and_cross_thread_cancel_preserve_prior_undo (test_worker_ownership.WorkerOwnership.test_W05_wrong_receipt_and_cross_thread_cancel_preserve_prior_undo) ... ok
2026-10-10T20:56:51.8015685Z test_W06_response_callback_buffer_can_be_read_and_freed_elsewhere (test_worker_ownership.WorkerOwnership.test_W06_response_callback_buffer_can_be_read_and_freed_elsewhere) ... ok
2026-10-10T20:56:51.8030289Z test_W07_late_cross_thread_receipt_cannot_attach_to_recreated_name (test_worker_ownership.WorkerOwnership.test_W07_late_cross_thread_receipt_cannot_attach_to_recreated_name) ... ok
2026-10-10T20:56:51.8039028Z test_W08_invalid_request_error_does_not_reset_or_reseed_owner (test_worker_ownership.WorkerOwnership.test_W08_invalid_request_error_does_not_reset_or_reseed_owner) ... ok
2026-10-10T20:56:51.8047212Z test_W09_private_draft_preparation_has_specific_ownership_rejection (test_worker_ownership.WorkerOwnership.test_W09_private_draft_preparation_has_specific_ownership_rejection) ... ok
2026-10-10T20:56:51.8059910Z test_W10_captured_draft_guid_survives_cross_thread_receipt_commit (test_worker_ownership.WorkerOwnership.test_W10_captured_draft_guid_survives_cross_thread_receipt_commit) ... ok
2026-10-10T20:56:51.8075265Z test_W11_input_allocation_and_release_aliases_share_allocator (test_worker_ownership.WorkerOwnership.test_W11_input_allocation_and_release_aliases_share_allocator) ... ok
2026-10-10T20:56:51.8075891Z 
2026-10-10T20:56:51.8076060Z ----------------------------------------------------------------------
2026-10-10T20:56:51.8076687Z Ran 107 tests in 4.017s
2026-10-10T20:56:51.8076834Z 
2026-10-10T20:56:51.8076915Z OK
2026-10-10T20:56:51.8218488Z ##[group]Run python3 -m unittest discover -s tool -p 'test_*.py'
2026-10-10T20:56:51.8218930Z [36;1mpython3 -m unittest discover -s tool -p 'test_*.py'[0m
2026-10-10T20:56:51.8258543Z shell: /usr/bin/bash -e {0}
2026-10-10T20:56:51.8258815Z env:
2026-10-10T20:56:51.8259127Z   CARGO_HOME: /home/runner/work/_temp/tandemlog-rust-bootstrap/cargo
2026-10-10T20:56:51.8259588Z   RUSTUP_HOME: /home/runner/work/_temp/tandemlog-rust-bootstrap/rustup
2026-10-10T20:56:51.8260019Z   RUSTUP_UPDATE_ROOT: https://static.rust-lang.org/rustup
2026-10-10T20:56:51.8261110Z   RUSTUP_DIST_SERVER: https://static.rust-lang.org
2026-10-10T20:56:51.8261416Z   RUSTUP_AUTO_INSTALL: 0
2026-10-10T20:56:51.8261778Z   TANDEMLOG_TEXT_TARGET_DIR: /home/runner/work/_temp/tandemlog-rust-bootstrap/target
2026-10-10T20:56:51.8262295Z   TANDEMLOG_TEXT_LIBRARY: /home/runner/work/_temp/native-unit/libtandemlog_text.so
2026-10-10T20:56:51.8262688Z ##[endgroup]
2026-10-10T20:56:52.8984436Z .........................................................
2026-10-10T20:56:52.8985256Z ----------------------------------------------------------------------
2026-10-10T20:56:52.8985966Z Ran 57 tests in 0.949s
2026-10-10T20:56:52.8986245Z 
2026-10-10T20:56:52.8986413Z OK
2026-10-10T20:56:52.9002574Z {"executable_sha256": "0370190d81a1bc1e156676eb83f3adb83bb65e765fd5b7b74719004b77345310", "github_run_id": "123", "native_library_sha256": "7bc2fcce9d2525bcb6a722a6cc144de4fd8946c0047d7de73788e37d1f2d42d8", "portable_archive": "tandemlog-windows-x64-unsigned-portable.zip", "portable_sha256": "4269c6273fc866da3ebff65136b5db5cb8d7ef861f16aeab65e7e0c209869d37", "source_revision": "aaaaaaaaaaaaaaaaaaaaaaaaaaaaaaaaaaaaaaaa"}
2026-10-10T20:56:52.9192904Z ##[group]Run xvfb-run -a dbus-run-session -- flutter test integration_test/task_flow_test.dart -d linux
2026-10-10T20:56:52.9193955Z [36;1mxvfb-run -a dbus-run-session -- flutter test integration_test/task_flow_test.dart -d linux[0m
2026-10-10T20:56:52.9235580Z shell: /usr/bin/bash -e {0}
2026-10-10T20:56:52.9235852Z env:
2026-10-10T20:56:52.9236165Z   CARGO_HOME: /home/runner/work/_temp/tandemlog-rust-bootstrap/cargo
2026-10-10T20:56:52.9236612Z   RUSTUP_HOME: /home/runner/work/_temp/tandemlog-rust-bootstrap/rustup
2026-10-10T20:56:52.9237032Z   RUSTUP_UPDATE_ROOT: https://static.rust-lang.org/rustup
2026-10-10T20:56:52.9237389Z   RUSTUP_DIST_SERVER: https://static.rust-lang.org
2026-10-10T20:56:52.9237678Z   RUSTUP_AUTO_INSTALL: 0
2026-10-10T20:56:52.9238032Z   TANDEMLOG_TEXT_TARGET_DIR: /home/runner/work/_temp/tandemlog-rust-bootstrap/target
2026-10-10T20:56:52.9238528Z   TANDEMLOG_TEXT_LIBRARY: /home/runner/work/_temp/native-unit/libtandemlog_text.so
2026-10-10T20:56:52.9238939Z ##[endgroup]
2026-10-10T20:56:53.7522024Z [1/3] Linux SDK
2026-10-10T20:56:54.8041052Z   ├─ [1/3] linux-x64-debug/linux-x64-flutter-gtk                 1,050ms
2026-10-10T20:56:55.6641724Z   ├─ [2/3] linux-x64-profile/linux-x64-flutter-gtk                 434ms
2026-10-10T20:56:56.1626921Z   └─ [3/3] linux-x64-release/linux-x64-flutter-gtk                 278ms
2026-10-10T20:56:56.4087913Z Resolving dependencies...
2026-10-10T20:56:56.4823798Z Downloading packages...
2026-10-10T20:56:56.5563579Z   code_assets 1.2.1 (2.1.0 available)
2026-10-10T20:56:56.5563927Z   cross_file 0.3.5+5 (0.4.0 available)
2026-10-10T20:56:56.5564196Z   jni 1.0.3 (1.1.0 available)
2026-10-10T20:56:56.5564438Z   jni_flutter 1.0.3 (1.0.4+1 available)
2026-10-10T20:56:56.5564729Z   material_color_utilities 0.13.0 (0.13.1 available)
2026-10-10T20:56:56.5565030Z   native_toolchain_c 0.19.3 (0.19.5 available)
2026-10-10T20:56:56.5565303Z   objective_c 9.5.0 (9.6.2 available)
2026-10-10T20:56:56.5565583Z   test_api 0.7.12 (0.7.15 available)
2026-10-10T20:56:56.5565864Z   url_launcher 6.3.2 (6.3.3 available)
2026-10-10T20:56:56.5566219Z   vector_math 2.4.0 (2.4.3 available)
2026-10-10T20:56:56.5566476Z Got dependencies!
2026-10-10T20:56:56.5566786Z 10 packages have newer versions incompatible with dependency constraints.
2026-10-10T20:56:56.5567433Z Try `flutter pub outdated` for more information.
2026-10-10T20:56:56.8954506Z 
2026-10-10T20:57:00.9820480Z Building Linux application...                                   
2026-10-10T20:57:00.9829709Z warning: unused imports: `BlockRange` and `Block`
2026-10-10T20:57:00.9834245Z warning: unused import: `Block`
2026-10-10T20:57:00.9836116Z warning: unused import: `ItemContent`
2026-10-10T20:57:00.9837711Z warning: unused imports: `SmallVec` and `smallvec`
2026-10-10T20:57:00.9839251Z warning: unused import: `crate::utils::OptionExt`
2026-10-10T20:57:00.9840991Z warning: value assigned to `left` is never read
2026-10-10T20:57:00.9846511Z warning: unused variable: `ptr`
2026-10-10T20:57:00.9850018Z warning: unused variable: `ptr`
2026-10-10T20:57:00.9852858Z warning: variable does not need to be mutable
2026-10-10T20:57:00.9855812Z warning: variable does not need to be mutable
2026-10-10T20:57:00.9857681Z warning: unused variable: `clear_undo`
2026-10-10T20:57:00.9862158Z warning: unused variable: `clear_redo`
2026-10-10T20:57:00.9866118Z warning: method `as_item` is never used
2026-10-10T20:57:00.9869307Z warning: methods `last_id`, `is_item`, and `is_gc` are never used
2026-10-10T20:57:00.9872052Z warning: method `delete_as_cleanup` is never used
2026-10-10T20:57:00.9875516Z warning: method `integrate` is never used
2026-10-10T20:57:00.9877866Z warning: method `contains` is never used
2026-10-10T20:57:00.9880158Z warning: constant `WEAK_REF_FLAGS_QUOTE` is never used
2026-10-10T20:57:00.9881869Z warning: constant `WEAK_REF_FLAGS_START_ASSOC` is never used
2026-10-10T20:57:00.9883590Z warning: constant `WEAK_REF_FLAGS_END_ASSOC` is never used
2026-10-10T20:57:00.9885626Z warning: constant `WEAK_REF_FLAGS_START_UNBOUNDED` is never used
2026-10-10T20:57:00.9887144Z warning: constant `WEAK_REF_FLAGS_END_UNBOUNDED` is never used
2026-10-10T20:57:00.9888854Z warning: constant `WEAK_REF_FLAGS_PARENT_ROOT` is never used
2026-10-10T20:57:00.9890725Z warning: field `txn` is never read
2026-10-10T20:57:00.9895685Z warning: method `as_id_set` is never used
2026-10-10T20:57:00.9897410Z warning: associated functions `next_target` and `return_stack` are never used
2026-10-10T20:57:00.9900652Z warning: methods `forward`, `backward`, and `values` are never used
2026-10-10T20:57:00.9904254Z warning: struct `Values` is never constructed
2026-10-10T20:57:00.9905444Z warning: associated function `new` is never used
2026-10-10T20:57:00.9908621Z warning: method `remove_at` is never used
2026-10-10T20:57:00.9912047Z warning: method `inner_mut` is never used
2026-10-10T20:57:00.9914669Z warning: trait `BlockIterator` is never used
2026-10-10T20:57:00.9916222Z warning: trait `BlockSliceIterator` is never used
2026-10-10T20:57:00.9918069Z warning: struct `RangeIter` is never constructed
2026-10-10T20:57:00.9919492Z warning: associated items `new` and `begin` are never used
2026-10-10T20:57:00.9923874Z warning: enum `RangeIterState` is never used
2026-10-10T20:57:00.9924990Z warning: struct `Values` is never constructed
2026-10-10T20:57:00.9926378Z warning: associated function `new` is never used
2026-10-10T20:57:00.9952668Z warning: field `txn` is never read
2026-10-10T20:57:00.9955451Z warning: methods `adjacent`, `contains_id`, `right`, and `left` are never used
2026-10-10T20:57:00.9959193Z warning: methods `within_range` and `get_item` are never used
2026-10-10T20:57:00.9963480Z warning: hiding a lifetime that's elided elsewhere is confusing
2026-10-10T20:57:00.9968947Z warning: hiding a lifetime that's elided elsewhere is confusing
2026-10-10T20:57:00.9973960Z warning: hiding a lifetime that's elided elsewhere is confusing
2026-10-10T20:57:00.9978944Z warning: hiding a lifetime that's elided elsewhere is confusing
2026-10-10T20:57:00.9984051Z warning: hiding a lifetime that's elided elsewhere is confusing
2026-10-10T20:57:00.9989331Z warning: hiding a lifetime that's elided elsewhere is confusing
2026-10-10T20:57:00.9995680Z warning: hiding a lifetime that's elided elsewhere is confusing
2026-10-10T20:57:01.0002299Z warning: hiding a lifetime that's elided elsewhere is confusing
2026-10-10T20:57:01.0009089Z warning: hiding a lifetime that's elided elsewhere is confusing
2026-10-10T20:57:01.0015559Z warning: hiding a lifetime that's elided elsewhere is confusing
2026-10-10T20:57:01.0025720Z warning: hiding a lifetime that's elided elsewhere is confusing
2026-10-10T20:57:01.0028175Z warning: hiding a lifetime that's elided elsewhere is confusing
2026-10-10T20:57:01.0032970Z warning: hiding a lifetime that's elided elsewhere is confusing
2026-10-10T20:57:01.0037272Z warning: hiding a lifetime that's elided elsewhere is confusing
2026-10-10T20:57:01.0041628Z warning: hiding a lifetime that's elided elsewhere is confusing
2026-10-10T20:57:01.0046420Z warning: hiding a lifetime that's elided elsewhere is confusing
2026-10-10T20:57:01.0053327Z warning: hiding a lifetime that's elided elsewhere is confusing
2026-10-10T20:57:01.0057910Z warning: `yrs` (lib) generated 58 warnings (run `cargo fix --lib -p yrs` to apply 27 suggestions)
2026-10-10T20:57:16.6749699Z ✓ Built build/linux/x64/debug/bundle/tandemlog
2026-10-10T20:57:18.2276265Z dbus-daemon[7228]: [session uid=1001 pid=7228] Activating service name='org.freedesktop.portal.Desktop' requested by ':1.0' (uid=1001 pid=7586 comm="/home/runner/work/tandemlog/tandemlog/build/linux/" label="unconfined")
2026-10-10T20:57:18.2375212Z dbus-daemon[7228]: [session uid=1001 pid=7228] Activating service name='org.freedesktop.portal.Documents' requested by ':1.2' (uid=1001 pid=7591 comm="/usr/libexec/xdg-desktop-portal" label="unconfined")
2026-10-10T20:57:18.2432004Z dbus-daemon[7228]: [session uid=1001 pid=7228] Activating service name='org.freedesktop.impl.portal.PermissionStore' requested by ':1.3' (uid=1001 pid=7599 comm="/usr/libexec/xdg-document-portal" label="unconfined")
2026-10-10T20:57:18.2464644Z dbus-daemon[7228]: [session uid=1001 pid=7228] Successfully activated service 'org.freedesktop.impl.portal.PermissionStore'
2026-10-10T20:57:18.2475367Z dbus-daemon[7228]: [session uid=1001 pid=7228] Successfully activated service 'org.freedesktop.portal.Documents'
2026-10-10T20:57:18.2519272Z Ignoring invalid max threads value 4294967295 > max (100000).
2026-10-10T20:57:18.2539984Z 
2026-10-10T20:57:18.2540995Z (/usr/libexec/xdg-desktop-portal:7591): xdg-desktop-portal-WARNING **: 20:57:18.253: Choosing gtk.portal for org.freedesktop.impl.portal.Lockdown as a last-resort fallback
2026-10-10T20:57:18.2542091Z 
2026-10-10T20:57:18.2543132Z (/usr/libexec/xdg-desktop-portal:7591): xdg-desktop-portal-WARNING **: 20:57:18.253: The preferred method to match portal implementations to desktop environments is to use the portals.conf(5) configuration file
2026-10-10T20:57:18.2545357Z dbus-daemon[7228]: [session uid=1001 pid=7228] Activating service name='org.freedesktop.impl.portal.desktop.gtk' requested by ':1.2' (uid=1001 pid=7591 comm="/usr/libexec/xdg-desktop-portal" label="unconfined")
2026-10-10T20:57:18.2675274Z 
2026-10-10T20:57:18.2679479Z (xdg-desktop-portal-gtk:7616): dbind-WARNING **: 20:57:18.267: AT-SPI: Error retrieving accessibility bus address: org.freedesktop.DBus.Error.ServiceUnknown: The name org.a11y.Bus was not provided by any .service files
2026-10-10T20:57:18.2963709Z dbus-daemon[7228]: [session uid=1001 pid=7228] Successfully activated service 'org.freedesktop.impl.portal.desktop.gtk'
2026-10-10T20:57:18.2994712Z 
2026-10-10T20:57:18.2995705Z (/usr/libexec/xdg-desktop-portal:7591): xdg-desktop-portal-WARNING **: 20:57:18.299: Failed to load RealtimeKit property: GDBus.Error:org.freedesktop.DBus.Error.ServiceUnknown: The name org.freedesktop.RealtimeKit1 was not provided by any .service files
2026-10-10T20:57:18.2996687Z 
2026-10-10T20:57:18.2997588Z (/usr/libexec/xdg-desktop-portal:7591): xdg-desktop-portal-WARNING **: 20:57:18.299: Failed to load RealtimeKit property: GDBus.Error:org.freedesktop.DBus.Error.ServiceUnknown: The name org.freedesktop.RealtimeKit1 was not provided by any .service files
2026-10-10T20:57:18.2999231Z 
2026-10-10T20:57:18.3000208Z (/usr/libexec/xdg-desktop-portal:7591): xdg-desktop-portal-WARNING **: 20:57:18.299: Failed to load RealtimeKit property: GDBus.Error:org.freedesktop.DBus.Error.ServiceUnknown: The name org.freedesktop.RealtimeKit1 was not provided by any .service files
2026-10-10T20:57:18.3001442Z 
2026-10-10T20:57:18.3001904Z (/usr/libexec/xdg-desktop-portal:7591): xdg-desktop-portal-WARNING **: 20:57:18.299: No skeleton to export
2026-10-10T20:57:18.3002456Z 
2026-10-10T20:57:18.3003233Z (/usr/libexec/xdg-desktop-portal:7591): xdg-desktop-portal-WARNING **: 20:57:18.299: Choosing gtk.portal for org.freedesktop.impl.portal.FileChooser as a last-resort fallback
2026-10-10T20:57:18.3006982Z 
2026-10-10T20:57:18.3007670Z (/usr/libexec/xdg-desktop-portal:7591): xdg-desktop-portal-WARNING **: 20:57:18.300: Choosing gtk.portal for org.freedesktop.impl.portal.AppChooser as a last-resort fallback
2026-10-10T20:57:18.3013971Z 
2026-10-10T20:57:18.3014973Z (/usr/libexec/xdg-desktop-portal:7591): xdg-desktop-portal-WARNING **: 20:57:18.301: Choosing gtk.portal for org.freedesktop.impl.portal.Print as a last-resort fallback
2026-10-10T20:57:18.3020653Z 
2026-10-10T20:57:18.3021522Z (/usr/libexec/xdg-desktop-portal:7591): xdg-desktop-portal-WARNING **: 20:57:18.302: Choosing gtk.portal for org.freedesktop.impl.portal.Notification as a last-resort fallback
2026-10-10T20:57:18.3027172Z 
2026-10-10T20:57:18.3028182Z (/usr/libexec/xdg-desktop-portal:7591): xdg-desktop-portal-WARNING **: 20:57:18.302: Choosing gtk.portal for org.freedesktop.impl.portal.Inhibit as a last-resort fallback
2026-10-10T20:57:18.3034337Z 
2026-10-10T20:57:18.3035584Z (/usr/libexec/xdg-desktop-portal:7591): xdg-desktop-portal-WARNING **: 20:57:18.303: Choosing gtk.portal for org.freedesktop.impl.portal.Access as a last-resort fallback
2026-10-10T20:57:18.3056743Z [W][00361.263599] pw.conf      | [          conf.c: 1031 try_load_conf()] can't load config client.conf: No such file or directory
2026-10-10T20:57:18.3058029Z [E][00361.263659] pw.conf      | [          conf.c: 1060 pw_conf_load_conf_for_context()] can't load config client.conf: No such file or directory
2026-10-10T20:57:18.3058489Z 
2026-10-10T20:57:18.3058915Z (/usr/libexec/xdg-desktop-portal:7591): xdg-desktop-portal-WARNING **: 20:57:18.305: Failed connect to PipeWire: Couldn't create PipeWire context
2026-10-10T20:57:18.3059492Z 
2026-10-10T20:57:18.3060370Z (/usr/libexec/xdg-desktop-portal:7591): xdg-desktop-portal-WARNING **: 20:57:18.305: Choosing gtk.portal for org.freedesktop.impl.portal.Account as a last-resort fallback
2026-10-10T20:57:18.3067351Z 
2026-10-10T20:57:18.3068291Z (/usr/libexec/xdg-desktop-portal:7591): xdg-desktop-portal-WARNING **: 20:57:18.306: Choosing gtk.portal for org.freedesktop.impl.portal.Email as a last-resort fallback
2026-10-10T20:57:18.3074584Z 
2026-10-10T20:57:18.3075600Z (/usr/libexec/xdg-desktop-portal:7591): xdg-desktop-portal-WARNING **: 20:57:18.307: Choosing gtk.portal for org.freedesktop.impl.portal.DynamicLauncher as a last-resort fallback
2026-10-10T20:57:18.3084032Z dbus-daemon[7228]: [session uid=1001 pid=7228] Successfully activated service 'org.freedesktop.portal.Desktop'
2026-10-10T20:57:47.1899987Z ##[group]✅ sticky date groups retain drafts, selection and safe edge drops
2026-10-10T20:57:47.1900723Z TANDEMLOG_FIRST_FRAME_MS=293
2026-10-10T20:57:47.1901064Z TANDEMLOG_PHASE identity_lock=0
2026-10-10T20:57:47.1901413Z TANDEMLOG_PHASE sqlite_open_schema=16
2026-10-10T20:57:47.1901793Z TANDEMLOG_PHASE manifest=12
2026-10-10T20:57:47.1902124Z TANDEMLOG_PHASE ingest=158
2026-10-10T20:57:47.1902521Z TANDEMLOG_ROWS {"query_ms":0,"decode_ms":0,"sort_ms":0}
2026-10-10T20:57:47.1902962Z TANDEMLOG_READY_MS=1549 FILES_READ=1
2026-10-10T20:57:47.1903614Z ##[endgroup]
2026-10-10T20:57:48.7044477Z TANDEMLOG_FIRST_FRAME_MS=18
2026-10-10T20:57:48.9554516Z TANDEMLOG_PHASE identity_lock=0
2026-10-10T20:57:48.9719369Z TANDEMLOG_PHASE sqlite_open_schema=16
2026-10-10T20:57:48.9840201Z TANDEMLOG_PHASE manifest=12
2026-10-10T20:57:49.0170967Z TANDEMLOG_PHASE ingest=32
2026-10-10T20:57:49.0490879Z TANDEMLOG_ROWS {"query_ms":0,"decode_ms":0,"sort_ms":0}
2026-10-10T20:57:49.2002216Z TANDEMLOG_READY_MS=514 FILES_READ=1
2026-10-10T20:58:01.3858150Z ##[group]✅ Passing tests
2026-10-10T20:58:01.3858574Z ✅ future start hints update idle, search and resumed local time
2026-10-10T20:58:05.6787680Z ✅ legacy v3 provider replacement blocks retry until exact pending history recovery
2026-10-10T20:58:07.6450733Z ✅ native provider replacement freezes draft and retries the exact canonical receipt
2026-10-10T20:58:08.1838861Z ##[endgroup]
2026-10-10T20:58:08.1839130Z TANDEMLOG_FIRST_FRAME_MS=17
2026-10-10T20:58:08.4537500Z TANDEMLOG_PHASE identity_lock=0
2026-10-10T20:58:08.4698138Z TANDEMLOG_PHASE sqlite_open_schema=15
2026-10-10T20:58:08.4815723Z TANDEMLOG_PHASE manifest=11
2026-10-10T20:58:08.5030708Z TANDEMLOG_PHASE ingest=21
2026-10-10T20:58:08.5224122Z TANDEMLOG_ROWS {"query_ms":0,"decode_ms":0,"sort_ms":0}
2026-10-10T20:58:08.5862584Z TANDEMLOG_READY_MS=420 FILES_READ=1
2026-10-10T20:58:34.4860936Z ##[group]✅ Passing tests
2026-10-10T20:58:34.4861505Z ✅ historical v3 recurrence compatibility: checked completion, failed reopen and Undo
2026-10-10T20:58:34.7976072Z ##[endgroup]
2026-10-10T20:58:34.7976419Z TANDEMLOG_FIRST_FRAME_MS=15
2026-10-10T20:58:35.0615673Z TANDEMLOG_PHASE identity_lock=0
2026-10-10T20:58:35.0765702Z TANDEMLOG_PHASE sqlite_open_schema=14
2026-10-10T20:58:35.0879206Z TANDEMLOG_PHASE manifest=11
2026-10-10T20:58:35.1099651Z TANDEMLOG_PHASE ingest=21
2026-10-10T20:58:35.1394038Z TANDEMLOG_ROWS {"query_ms":0,"decode_ms":0,"sort_ms":0}
2026-10-10T20:58:35.1970487Z TANDEMLOG_READY_MS=415 FILES_READ=1
2026-10-10T20:58:40.3852154Z ##[group]✅ Passing tests
2026-10-10T20:58:40.3852859Z ✅ checkbox focus light 1200.0 x1.0: offline native task
2026-10-10T20:58:40.6971833Z ##[endgroup]
2026-10-10T20:58:40.6972088Z TANDEMLOG_FIRST_FRAME_MS=14
2026-10-10T20:58:40.9384217Z TANDEMLOG_PHASE identity_lock=0
2026-10-10T20:58:40.9698691Z TANDEMLOG_PHASE sqlite_open_schema=31
2026-10-10T20:58:40.9868458Z TANDEMLOG_PHASE manifest=16
2026-10-10T20:58:41.0103416Z TANDEMLOG_PHASE ingest=23
2026-10-10T20:58:41.0479746Z TANDEMLOG_ROWS {"query_ms":0,"decode_ms":0,"sort_ms":0}
2026-10-10T20:58:41.1074236Z TANDEMLOG_READY_MS=425 FILES_READ=1
2026-10-10T20:58:46.3855502Z ##[group]✅ Passing tests
2026-10-10T20:58:46.3856126Z ✅ checkbox focus dark 390.0 x1.0: offline native task
2026-10-10T20:58:46.6786804Z ##[endgroup]
2026-10-10T20:58:46.6787183Z TANDEMLOG_FIRST_FRAME_MS=14
2026-10-10T20:58:46.9233915Z TANDEMLOG_PHASE identity_lock=0
2026-10-10T20:58:46.9552420Z TANDEMLOG_PHASE sqlite_open_schema=31
2026-10-10T20:58:46.9716193Z TANDEMLOG_PHASE manifest=15
2026-10-10T20:58:46.9919470Z TANDEMLOG_PHASE ingest=21
2026-10-10T20:58:47.0266412Z TANDEMLOG_ROWS {"query_ms":0,"decode_ms":0,"sort_ms":0}
2026-10-10T20:58:47.0886888Z TANDEMLOG_READY_MS=424 FILES_READ=1
2026-10-10T20:58:53.7884344Z ##[group]✅ Passing tests
2026-10-10T20:58:53.7884994Z ✅ checkbox focus dark 390.0 x2.0: historical v3 recurrence compatibility
2026-10-10T20:58:55.0025103Z ##[endgroup]
2026-10-10T20:58:55.0025470Z TANDEMLOG_FIRST_FRAME_MS=18
2026-10-10T20:58:55.2628668Z TANDEMLOG_PHASE identity_lock=0
2026-10-10T20:58:55.2785096Z TANDEMLOG_PHASE sqlite_open_schema=15
2026-10-10T20:58:55.2900811Z TANDEMLOG_PHASE manifest=11
2026-10-10T20:58:55.3330449Z TANDEMLOG_PHASE ingest=42
2026-10-10T20:58:55.3685219Z TANDEMLOG_ROWS {"query_ms":0,"decode_ms":0,"sort_ms":0}
2026-10-10T20:58:55.4939765Z TANDEMLOG_READY_MS=510 FILES_READ=2
2026-10-10T20:58:58.7170709Z ##[group]✅ Passing tests
2026-10-10T20:58:58.7171447Z ✅ completion consent progress and admission: cancel
2026-10-10T20:58:59.8949048Z ##[endgroup]
2026-10-10T20:58:59.8949302Z TANDEMLOG_FIRST_FRAME_MS=14
2026-10-10T20:59:00.1444564Z TANDEMLOG_PHASE identity_lock=0
2026-10-10T20:59:00.1603585Z TANDEMLOG_PHASE sqlite_open_schema=15
2026-10-10T20:59:00.1718418Z TANDEMLOG_PHASE manifest=11
2026-10-10T20:59:00.2135869Z TANDEMLOG_PHASE ingest=41
2026-10-10T20:59:00.2326049Z TANDEMLOG_ROWS {"query_ms":0,"decode_ms":0,"sort_ms":0}
2026-10-10T20:59:00.2779766Z TANDEMLOG_READY_MS=397 FILES_READ=1
2026-10-10T20:59:03.3981724Z ##[group]✅ Passing tests
2026-10-10T20:59:03.3982202Z ✅ completion consent progress and admission: barrier
2026-10-10T20:59:04.5789685Z ##[endgroup]
2026-10-10T20:59:04.5789963Z TANDEMLOG_FIRST_FRAME_MS=14
2026-10-10T20:59:04.8401224Z TANDEMLOG_PHASE identity_lock=0
2026-10-10T20:59:04.8556200Z TANDEMLOG_PHASE sqlite_open_schema=15
2026-10-10T20:59:04.8671990Z TANDEMLOG_PHASE manifest=11
2026-10-10T20:59:04.9078616Z TANDEMLOG_PHASE ingest=40
2026-10-10T20:59:04.9422139Z TANDEMLOG_ROWS {"query_ms":0,"decode_ms":0,"sort_ms":0}
2026-10-10T20:59:05.0751932Z TANDEMLOG_READY_MS=510 FILES_READ=2
2026-10-10T20:59:08.2820451Z ##[group]✅ Passing tests
2026-10-10T20:59:08.2821034Z ✅ completion consent progress and admission: escape
2026-10-10T20:59:09.4266119Z ##[endgroup]
2026-10-10T20:59:09.4266439Z TANDEMLOG_FIRST_FRAME_MS=13
2026-10-10T20:59:09.6719891Z TANDEMLOG_PHASE identity_lock=0
2026-10-10T20:59:09.6877878Z TANDEMLOG_PHASE sqlite_open_schema=15
2026-10-10T20:59:09.6993223Z TANDEMLOG_PHASE manifest=11
2026-10-10T20:59:09.7407355Z TANDEMLOG_PHASE ingest=41
2026-10-10T20:59:09.7617198Z TANDEMLOG_ROWS {"query_ms":0,"decode_ms":0,"sort_ms":0}
2026-10-10T20:59:09.8108638Z TANDEMLOG_READY_MS=397 FILES_READ=1
2026-10-10T20:59:13.3655374Z ##[group]✅ Passing tests
2026-10-10T20:59:13.3655864Z ✅ completion consent progress and admission: confirm
2026-10-10T20:59:14.4949335Z ##[endgroup]
2026-10-10T20:59:14.4949839Z TANDEMLOG_FIRST_FRAME_MS=14
2026-10-10T20:59:14.7396553Z TANDEMLOG_PHASE identity_lock=0
2026-10-10T20:59:14.7554124Z TANDEMLOG_PHASE sqlite_open_schema=15
2026-10-10T20:59:14.7667318Z TANDEMLOG_PHASE manifest=11
2026-10-10T20:59:14.8051201Z TANDEMLOG_PHASE ingest=37
2026-10-10T20:59:14.8238763Z TANDEMLOG_ROWS {"query_ms":0,"decode_ms":0,"sort_ms":0}
2026-10-10T20:59:14.8757026Z TANDEMLOG_READY_MS=395 FILES_READ=1
2026-10-10T20:59:18.3998594Z ##[group]✅ Passing tests
2026-10-10T20:59:18.3999179Z ✅ completion consent progress and admission: failure
2026-10-10T20:59:26.1127764Z ##[endgroup]
2026-10-10T20:59:26.1128036Z TANDEMLOG_FIRST_FRAME_MS=14
2026-10-10T20:59:26.3582620Z TANDEMLOG_PHASE identity_lock=0
2026-10-10T20:59:26.3876928Z TANDEMLOG_PHASE sqlite_open_schema=29
2026-10-10T20:59:26.3993146Z TANDEMLOG_PHASE manifest=11
2026-10-10T20:59:26.5352697Z TANDEMLOG_PHASE ingest=135
2026-10-10T20:59:26.5679418Z TANDEMLOG_ROWS {"query_ms":0,"decode_ms":0,"sort_ms":0}
2026-10-10T20:59:26.7872817Z TANDEMLOG_READY_MS=689 FILES_READ=1
2026-10-10T20:59:38.8721006Z ##[group]✅ combined header and stationary selection 390.0 x1.0
2026-10-10T20:59:38.8721937Z HEADER_SELECTION_SEEK {"width":390.0,"text_scale":1.0,"steps":6,"viewport_height":578.0,"offset":1763.0,"max_extent":3585.7837837837833,"row_height":58.0}
2026-10-10T20:59:38.8722872Z ##[endgroup]
2026-10-10T20:59:46.3620763Z TANDEMLOG_FIRST_FRAME_MS=14
2026-10-10T20:59:46.6047975Z TANDEMLOG_PHASE identity_lock=0
2026-10-10T20:59:46.6456173Z TANDEMLOG_PHASE sqlite_open_schema=40
2026-10-10T20:59:46.6584099Z TANDEMLOG_PHASE manifest=12
2026-10-10T20:59:46.7946938Z TANDEMLOG_PHASE ingest=136
2026-10-10T20:59:46.8356682Z TANDEMLOG_ROWS {"query_ms":0,"decode_ms":0,"sort_ms":0}
2026-10-10T20:59:46.9915454Z TANDEMLOG_READY_MS=644 FILES_READ=1
2026-10-10T21:00:02.5870397Z ##[group]✅ combined header and stationary selection 320.0 x2.0
2026-10-10T21:00:02.5871268Z HEADER_SELECTION_SEEK {"width":320.0,"text_scale":2.0,"steps":21,"viewport_height":474.0,"offset":5231.0,"max_extent":10647.538461538461,"row_height":150.0}
2026-10-10T21:00:02.5872171Z ##[endgroup]
2026-10-10T21:00:03.8625251Z TANDEMLOG_FIRST_FRAME_MS=14
2026-10-10T21:00:04.1140281Z TANDEMLOG_PHASE identity_lock=0
2026-10-10T21:00:04.1293867Z TANDEMLOG_PHASE sqlite_open_schema=15
2026-10-10T21:00:04.1417328Z TANDEMLOG_PHASE manifest=11
2026-10-10T21:00:04.1808023Z TANDEMLOG_PHASE ingest=39
2026-10-10T21:00:04.2088399Z TANDEMLOG_ROWS {"query_ms":0,"decode_ms":0,"sort_ms":0}
2026-10-10T21:00:04.2662609Z TANDEMLOG_READY_MS=419 FILES_READ=1
2026-10-10T21:00:25.0909278Z ##[group]✅ Passing tests
2026-10-10T21:00:25.0909752Z ✅ native historical checklist recompletion and Undo keep child text
2026-10-10T21:00:25.5110588Z ##[endgroup]
2026-10-10T21:00:25.5110866Z TANDEMLOG_FIRST_FRAME_MS=13
2026-10-10T21:00:25.7546261Z TANDEMLOG_PHASE identity_lock=0
2026-10-10T21:00:25.7716367Z TANDEMLOG_PHASE sqlite_open_schema=16
2026-10-10T21:00:25.7832356Z TANDEMLOG_PHASE manifest=11
2026-10-10T21:00:25.8057419Z TANDEMLOG_PHASE ingest=22
2026-10-10T21:00:25.8334976Z TANDEMLOG_ROWS {"query_ms":0,"decode_ms":0,"sort_ms":0}
2026-10-10T21:00:25.9117408Z TANDEMLOG_READY_MS=414 FILES_READ=1
2026-10-10T21:00:30.0500818Z ##[group]✅ Passing tests
2026-10-10T21:00:30.0501247Z ✅ native stale bulk failure stays visible desktop-dark
2026-10-10T21:00:30.4434166Z ##[endgroup]
2026-10-10T21:00:30.4434487Z TANDEMLOG_FIRST_FRAME_MS=12
2026-10-10T21:00:30.7087531Z TANDEMLOG_PHASE identity_lock=0
2026-10-10T21:00:30.7249118Z TANDEMLOG_PHASE sqlite_open_schema=15
2026-10-10T21:00:30.7366251Z TANDEMLOG_PHASE manifest=11
2026-10-10T21:00:30.7592137Z TANDEMLOG_PHASE ingest=22
2026-10-10T21:00:30.7868121Z TANDEMLOG_ROWS {"query_ms":0,"decode_ms":0,"sort_ms":0}
2026-10-10T21:00:30.8411853Z TANDEMLOG_READY_MS=410 FILES_READ=1
2026-10-10T21:00:35.0656978Z ##[group]✅ Passing tests
2026-10-10T21:00:35.0657374Z ✅ native stale bulk failure stays visible narrow-dark
2026-10-10T21:00:35.4644990Z ##[endgroup]
2026-10-10T21:00:35.4645416Z TANDEMLOG_FIRST_FRAME_MS=17
2026-10-10T21:00:35.7381896Z TANDEMLOG_PHASE identity_lock=0
2026-10-10T21:00:35.7614499Z TANDEMLOG_PHASE sqlite_open_schema=15
2026-10-10T21:00:35.7655818Z TANDEMLOG_PHASE manifest=11
2026-10-10T21:00:35.7882040Z TANDEMLOG_PHASE ingest=22
2026-10-10T21:00:35.8158421Z TANDEMLOG_ROWS {"query_ms":0,"decode_ms":0,"sort_ms":0}
2026-10-10T21:00:35.8736597Z TANDEMLOG_READY_MS=426 FILES_READ=1
2026-10-10T21:00:40.1983127Z ##[group]✅ Passing tests
2026-10-10T21:00:40.1983577Z ✅ native stale bulk failure stays visible narrow-light-200-ime
2026-10-10T21:00:40.5936258Z ##[endgroup]
2026-10-10T21:00:40.5936660Z TANDEMLOG_FIRST_FRAME_MS=12
2026-10-10T21:00:40.8636358Z TANDEMLOG_PHASE identity_lock=0
2026-10-10T21:00:40.8796899Z TANDEMLOG_PHASE sqlite_open_schema=15
2026-10-10T21:00:40.8918061Z TANDEMLOG_PHASE manifest=12
2026-10-10T21:00:40.9144604Z TANDEMLOG_PHASE ingest=22
2026-10-10T21:00:40.9420921Z TANDEMLOG_ROWS {"query_ms":0,"decode_ms":0,"sort_ms":0}
2026-10-10T21:00:40.9893540Z TANDEMLOG_READY_MS=408 FILES_READ=1
2026-10-10T21:00:45.1983969Z ##[group]✅ Passing tests
2026-10-10T21:00:45.1984397Z ✅ native stale bulk failure stays visible small-dark-200-ime
2026-10-10T21:00:45.5476363Z ##[endgroup]
2026-10-10T21:00:45.5476662Z TANDEMLOG_FIRST_FRAME_MS=16
2026-10-10T21:00:45.8000506Z TANDEMLOG_PHASE identity_lock=0
2026-10-10T21:00:45.8159362Z TANDEMLOG_PHASE sqlite_open_schema=15
2026-10-10T21:00:45.8275073Z TANDEMLOG_PHASE manifest=11
2026-10-10T21:00:45.8526467Z TANDEMLOG_PHASE ingest=24
2026-10-10T21:00:45.8802536Z TANDEMLOG_ROWS {"query_ms":0,"decode_ms":0,"sort_ms":0}
2026-10-10T21:00:45.9589802Z TANDEMLOG_READY_MS=427 FILES_READ=1
2026-10-10T21:00:47.4226285Z ##[group]✅ Passing tests
2026-10-10T21:00:47.4226842Z ✅ Search keeps Undo and text alignment 1200.0 x1.0
2026-10-10T21:00:47.8086189Z ##[endgroup]
2026-10-10T21:00:47.8086447Z TANDEMLOG_FIRST_FRAME_MS=11
2026-10-10T21:00:48.0489505Z TANDEMLOG_PHASE identity_lock=0
2026-10-10T21:00:48.0768222Z TANDEMLOG_PHASE sqlite_open_schema=27
2026-10-10T21:00:48.0884245Z TANDEMLOG_PHASE manifest=11
2026-10-10T21:00:48.1140416Z TANDEMLOG_PHASE ingest=25
2026-10-10T21:00:48.1472289Z TANDEMLOG_ROWS {"query_ms":0,"decode_ms":0,"sort_ms":0}
2026-10-10T21:00:48.2192394Z TANDEMLOG_READY_MS=422 FILES_READ=1
2026-10-10T21:00:49.9051818Z ##[group]✅ Passing tests
2026-10-10T21:00:49.9052304Z ✅ Search keeps Undo and text alignment 1200.0 x2.0
2026-10-10T21:00:50.2750379Z ##[endgroup]
2026-10-10T21:00:50.2750829Z TANDEMLOG_FIRST_FRAME_MS=11
2026-10-10T21:00:50.5133245Z TANDEMLOG_PHASE identity_lock=0
2026-10-10T21:00:50.5289983Z TANDEMLOG_PHASE sqlite_open_schema=15
2026-10-10T21:00:50.5520652Z TANDEMLOG_PHASE manifest=22
2026-10-10T21:00:50.5774099Z TANDEMLOG_PHASE ingest=25
2026-10-10T21:00:50.6074680Z TANDEMLOG_ROWS {"query_ms":0,"decode_ms":0,"sort_ms":0}
2026-10-10T21:00:50.6977469Z TANDEMLOG_READY_MS=434 FILES_READ=1
2026-10-10T21:00:52.3898080Z ##[group]✅ Passing tests
2026-10-10T21:00:52.3898599Z ✅ Search keeps Undo and text alignment 390.0 x1.0
2026-10-10T21:00:52.7281263Z ##[endgroup]
2026-10-10T21:00:52.7281526Z TANDEMLOG_FIRST_FRAME_MS=14
2026-10-10T21:00:52.9820844Z TANDEMLOG_PHASE identity_lock=0
2026-10-10T21:00:53.0015775Z TANDEMLOG_PHASE sqlite_open_schema=19
2026-10-10T21:00:53.0130783Z TANDEMLOG_PHASE manifest=11
2026-10-10T21:00:53.0380003Z TANDEMLOG_PHASE ingest=24
2026-10-10T21:00:53.0654799Z TANDEMLOG_ROWS {"query_ms":0,"decode_ms":0,"sort_ms":0}
2026-10-10T21:00:53.1398480Z TANDEMLOG_READY_MS=426 FILES_READ=1
2026-10-10T21:00:54.6060636Z ##[group]✅ Passing tests
2026-10-10T21:00:54.6061219Z ✅ Search keeps Undo and text alignment 320.0 x2.0
2026-10-10T21:00:54.6594525Z ##[endgroup]
2026-10-10T21:00:54.6595262Z TANDEMLOG_FIRST_FRAME_MS=13
2026-10-10T21:00:54.9480637Z TANDEMLOG_ONBOARDING_READY_MS=301 FILES_READ=0
2026-10-10T21:00:55.3437190Z ##[group]✅ Passing tests
2026-10-10T21:00:55.3437733Z ✅ second instance does not read or write preferences and Retry acquires released lease
2026-10-10T21:00:55.3765052Z ##[endgroup]
2026-10-10T21:00:55.3765395Z TANDEMLOG_FIRST_FRAME_MS=12
2026-10-10T21:00:55.6431021Z ##[group]✅ Passing tests
2026-10-10T21:00:55.6431828Z ✅ interrupted startup releases installation lease after pending work
2026-10-10T21:00:56.0414532Z ##[endgroup]
2026-10-10T21:00:56.0414881Z TANDEMLOG_FIRST_FRAME_MS=11
2026-10-10T21:00:56.2815584Z TANDEMLOG_PHASE identity_lock=0
2026-10-10T21:00:56.2985193Z TANDEMLOG_PHASE sqlite_open_schema=16
2026-10-10T21:00:56.3100824Z TANDEMLOG_PHASE manifest=11
2026-10-10T21:00:56.3321997Z TANDEMLOG_PHASE ingest=21
2026-10-10T21:00:56.3600518Z TANDEMLOG_ROWS {"query_ms":0,"decode_ms":0,"sort_ms":0}
2026-10-10T21:00:56.4398381Z TANDEMLOG_READY_MS=410 FILES_READ=1
2026-10-10T21:01:03.2479527Z ##[group]✅ Passing tests
2026-10-10T21:01:03.2479942Z ✅ Inbox capture cancel edit Undo and history remain coherent
2026-10-10T21:01:03.5412366Z ##[endgroup]
2026-10-10T21:01:03.5412752Z TANDEMLOG_FIRST_FRAME_MS=11
2026-10-10T21:01:03.7832244Z TANDEMLOG_PHASE identity_lock=0
2026-10-10T21:01:03.8007596Z TANDEMLOG_PHASE sqlite_open_schema=17
2026-10-10T21:01:03.8127359Z TANDEMLOG_PHASE manifest=11
2026-10-10T21:01:03.8339949Z TANDEMLOG_PHASE ingest=21
2026-10-10T21:01:03.8523245Z TANDEMLOG_ROWS {"query_ms":0,"decode_ms":0,"sort_ms":0}
2026-10-10T21:01:03.9329604Z TANDEMLOG_READY_MS=403 FILES_READ=1
2026-10-10T21:01:05.4615658Z ##[group]✅ Passing tests
2026-10-10T21:01:05.4616376Z ✅ creation-only prefix keeps immutable capture through background reconciliation
2026-10-10T21:01:05.4922831Z ##[endgroup]
2026-10-10T21:01:05.4923544Z TANDEMLOG_FIRST_FRAME_MS=12
2026-10-10T21:01:05.6306378Z TANDEMLOG_ONBOARDING_READY_MS=150 FILES_READ=0
2026-10-10T21:01:06.4720458Z ##[group]✅ Passing tests
2026-10-10T21:01:06.4720826Z ✅ integrity action requires an open store
2026-10-10T21:01:06.8082530Z ##[endgroup]
2026-10-10T21:01:06.8082804Z TANDEMLOG_FIRST_FRAME_MS=12
2026-10-10T21:01:07.0449786Z TANDEMLOG_PHASE identity_lock=0
2026-10-10T21:01:07.0601970Z TANDEMLOG_PHASE sqlite_open_schema=15
2026-10-10T21:01:07.0736238Z TANDEMLOG_PHASE manifest=13
2026-10-10T21:01:07.0949484Z TANDEMLOG_PHASE ingest=21
2026-10-10T21:01:07.1222690Z TANDEMLOG_ROWS {"query_ms":0,"decode_ms":0,"sort_ms":0}
2026-10-10T21:01:07.2018133Z TANDEMLOG_READY_MS=405 FILES_READ=1
2026-10-10T21:01:17.4653142Z ##[group]✅ Passing tests
2026-10-10T21:01:17.4654048Z ✅ manual integrity preserves drafts Search selection and Undo, imports valid growth, and copies diagnostics
2026-10-10T21:01:18.2914104Z ##[endgroup]
2026-10-10T21:01:18.5290512Z TANDEMLOG_FIRST_FRAME_MS=11
2026-10-10T21:01:18.5291179Z TANDEMLOG_PHASE identity_lock=0
2026-10-10T21:01:18.5445631Z TANDEMLOG_PHASE sqlite_open_schema=15
2026-10-10T21:01:18.5560831Z TANDEMLOG_PHASE manifest=11
2026-10-10T21:01:18.5869807Z TANDEMLOG_PHASE ingest=30
2026-10-10T21:01:18.6145055Z TANDEMLOG_ROWS {"query_ms":0,"decode_ms":0,"sort_ms":0}
2026-10-10T21:01:18.6928303Z TANDEMLOG_READY_MS=413 FILES_READ=1
2026-10-10T21:01:20.9010359Z ##[group]✅ Passing tests
2026-10-10T21:01:20.9011062Z ✅ same-day precision sorts, constrains dragging and retains historical title
2026-10-10T21:01:21.2270483Z ##[endgroup]
2026-10-10T21:01:21.2270855Z TANDEMLOG_FIRST_FRAME_MS=12
2026-10-10T21:01:21.5128762Z TANDEMLOG_PHASE identity_lock=0
2026-10-10T21:01:21.5286890Z TANDEMLOG_PHASE sqlite_open_schema=15
2026-10-10T21:01:21.5402929Z TANDEMLOG_PHASE manifest=11
2026-10-10T21:01:21.5615631Z TANDEMLOG_PHASE ingest=21
2026-10-10T21:01:21.5910841Z TANDEMLOG_ROWS {"query_ms":0,"decode_ms":0,"sort_ms":0}
2026-10-10T21:01:21.6252010Z TANDEMLOG_READY_MS=409 FILES_READ=1
2026-10-10T21:01:32.2318697Z ##[group]✅ Passing tests
2026-10-10T21:01:32.2319135Z ✅ Settings copies the running release name without changing tasks
2026-10-10T21:01:32.5419777Z ##[endgroup]
2026-10-10T21:01:32.5420194Z TANDEMLOG_FIRST_FRAME_MS=11
2026-10-10T21:01:32.8347068Z TANDEMLOG_PHASE identity_lock=0
2026-10-10T21:01:32.8507431Z TANDEMLOG_PHASE sqlite_open_schema=15
2026-10-10T21:01:32.8626673Z TANDEMLOG_PHASE manifest=11
2026-10-10T21:01:32.8840494Z TANDEMLOG_PHASE ingest=21
2026-10-10T21:01:32.9252779Z TANDEMLOG_ROWS {"query_ms":0,"decode_ms":0,"sort_ms":0}
2026-10-10T21:01:33.0509463Z TANDEMLOG_READY_MS=519 FILES_READ=1
2026-10-10T21:01:48.4517369Z ##[group]✅ Passing tests
2026-10-10T21:01:48.4517785Z ✅ optional time rows preserve precision, zone and drafts
2026-10-10T21:01:48.8258877Z ##[endgroup]
2026-10-10T21:01:48.8259157Z TANDEMLOG_FIRST_FRAME_MS=12
2026-10-10T21:01:49.0715831Z TANDEMLOG_PHASE identity_lock=0
2026-10-10T21:01:49.0896964Z TANDEMLOG_PHASE sqlite_open_schema=17
2026-10-10T21:01:49.1016451Z TANDEMLOG_PHASE manifest=11
2026-10-10T21:01:49.1214683Z TANDEMLOG_PHASE ingest=19
2026-10-10T21:01:49.1507451Z TANDEMLOG_ROWS {"query_ms":0,"decode_ms":0,"sort_ms":0}
2026-10-10T21:01:49.2162077Z TANDEMLOG_READY_MS=403 FILES_READ=1
2026-10-10T21:01:56.2919752Z TANDEMLOG_FIRST_FRAME_MS=12
2026-10-10T21:01:56.3008667Z TANDEMLOG_PHASE identity_lock=0
2026-10-10T21:01:56.3265166Z TANDEMLOG_PHASE sqlite_open_schema=25
2026-10-10T21:01:56.3397232Z TANDEMLOG_PHASE manifest=13
2026-10-10T21:01:56.3533636Z TANDEMLOG_PHASE ingest=13
2026-10-10T21:01:56.3825483Z TANDEMLOG_ROWS {"query_ms":0,"decode_ms":0,"sort_ms":0}
2026-10-10T21:01:56.4518243Z TANDEMLOG_READY_MS=172 FILES_READ=0
2026-10-10T21:01:56.7157773Z ##[group]✅ Passing tests
2026-10-10T21:01:56.7158498Z ✅ offline new text, remote draft Save, Undo and explicit legacy setup
2026-10-10T21:01:57.4098626Z ##[endgroup]
2026-10-10T21:01:57.4098877Z TANDEMLOG_FIRST_FRAME_MS=12
2026-10-10T21:01:57.6933158Z TANDEMLOG_PHASE identity_lock=0
2026-10-10T21:01:57.7087494Z TANDEMLOG_PHASE sqlite_open_schema=15
2026-10-10T21:01:57.7201737Z TANDEMLOG_PHASE manifest=11
2026-10-10T21:01:57.7473258Z TANDEMLOG_PHASE ingest=26
2026-10-10T21:01:57.8002591Z TANDEMLOG_ROWS {"query_ms":0,"decode_ms":0,"sort_ms":0}
2026-10-10T21:01:57.9221369Z TANDEMLOG_READY_MS=525 FILES_READ=1
2026-10-10T21:01:59.1773077Z ##[group]✅ Passing tests
2026-10-10T21:01:59.1774168Z ✅ historical successor recompletion completes parent and keeps independent child
2026-10-10T21:01:59.4744011Z ##[endgroup]
2026-10-10T21:01:59.4744477Z TANDEMLOG_FIRST_FRAME_MS=11
2026-10-10T21:01:59.7146568Z TANDEMLOG_PHASE identity_lock=0
2026-10-10T21:01:59.7408301Z TANDEMLOG_PHASE sqlite_open_schema=25
2026-10-10T21:01:59.7525036Z TANDEMLOG_PHASE manifest=11
2026-10-10T21:01:59.7734332Z TANDEMLOG_PHASE ingest=20
2026-10-10T21:01:59.8005780Z TANDEMLOG_ROWS {"query_ms":0,"decode_ms":0,"sort_ms":0}
2026-10-10T21:01:59.8657378Z TANDEMLOG_READY_MS=403 FILES_READ=1
2026-10-10T21:02:02.3837705Z ##[group]✅ Passing tests
2026-10-10T21:02:02.3838815Z ✅ native recurring completion creates one editable inherited successor with receipt Undo
2026-10-10T21:02:02.9416287Z ##[endgroup]
2026-10-10T21:02:02.9416552Z TANDEMLOG_FIRST_FRAME_MS=11
2026-10-10T21:02:03.1840785Z TANDEMLOG_PHASE identity_lock=0
2026-10-10T21:02:03.2107558Z TANDEMLOG_PHASE sqlite_open_schema=26
2026-10-10T21:02:03.2223137Z TANDEMLOG_PHASE manifest=11
2026-10-10T21:02:03.2495418Z TANDEMLOG_PHASE ingest=27
2026-10-10T21:02:03.2769428Z TANDEMLOG_ROWS {"query_ms":0,"decode_ms":0,"sort_ms":0}
2026-10-10T21:02:03.3378226Z TANDEMLOG_READY_MS=407 FILES_READ=1
2026-10-10T21:02:25.3815958Z ##[group]✅ Passing tests
2026-10-10T21:02:25.3816614Z ✅ native checklist desktop dark repeated editors and refreshed completion warning
2026-10-10T21:02:25.9568336Z ##[endgroup]
2026-10-10T21:02:25.9568677Z TANDEMLOG_FIRST_FRAME_MS=24
2026-10-10T21:02:26.1962151Z TANDEMLOG_PHASE identity_lock=0
2026-10-10T21:02:26.2116763Z TANDEMLOG_PHASE sqlite_open_schema=15
2026-10-10T21:02:26.2338892Z TANDEMLOG_PHASE manifest=22
2026-10-10T21:02:26.2610420Z TANDEMLOG_PHASE ingest=27
2026-10-10T21:02:26.2906425Z TANDEMLOG_ROWS {"query_ms":0,"decode_ms":0,"sort_ms":0}
2026-10-10T21:02:26.3663027Z TANDEMLOG_READY_MS=434 FILES_READ=1
2026-10-10T21:02:51.8812104Z ##[group]✅ Passing tests
2026-10-10T21:02:51.8812679Z ✅ native checklist narrow enlarged light repeated editors and refreshed completion warning
2026-10-10T21:02:52.5586894Z ##[endgroup]
2026-10-10T21:02:52.5587246Z TANDEMLOG_FIRST_FRAME_MS=12
2026-10-10T21:02:52.8024946Z TANDEMLOG_PHASE identity_lock=0
2026-10-10T21:02:52.8184447Z TANDEMLOG_PHASE sqlite_open_schema=15
2026-10-10T21:02:52.8302024Z TANDEMLOG_PHASE manifest=11
2026-10-10T21:02:52.8585857Z TANDEMLOG_PHASE ingest=28
2026-10-10T21:02:52.8887046Z TANDEMLOG_ROWS {"query_ms":0,"decode_ms":0,"sort_ms":0}
2026-10-10T21:02:52.9411751Z TANDEMLOG_READY_MS=394 FILES_READ=1
2026-10-10T21:03:02.2637807Z ##[group]✅ Passing tests
2026-10-10T21:03:02.2638385Z ✅ checklist toggle acts directly on shown parents and follows live state
2026-10-10T21:03:03.0264183Z ##[endgroup]
2026-10-10T21:03:03.0264525Z TANDEMLOG_FIRST_FRAME_MS=14
2026-10-10T21:03:03.2310955Z TANDEMLOG_PHASE identity_lock=0
2026-10-10T21:03:03.2464377Z TANDEMLOG_PHASE sqlite_open_schema=15
2026-10-10T21:03:03.2538815Z TANDEMLOG_PHASE manifest=7
2026-10-10T21:03:03.2926283Z TANDEMLOG_PHASE ingest=38
2026-10-10T21:03:03.3111552Z TANDEMLOG_ROWS {"query_ms":0,"decode_ms":0,"sort_ms":0}
2026-10-10T21:03:03.4255544Z TANDEMLOG_READY_MS=413 FILES_READ=1
2026-10-10T21:03:11.8320665Z ##[group]✅ task row inset follows available width including desktop resize
2026-10-10T21:03:11.8322286Z CHECKLIST_DISCLOSURE_GEOMETRY width=599.0 scale=1.0 secondary=true body=Rect.fromLTRB(52.0, 238.0, 499.0, 314.0) target=Rect.fromLTRB(52.0, 314.0, 100.0, 342.0) count=Rect.fromLTRB(65.0, 316.0, 87.8, 336.0) textBottom=314.0
2026-10-10T21:03:11.8323852Z CHECKLIST_DISCLOSURE_GEOMETRY width=599.0 scale=1.0 secondary=false body=Rect.fromLTRB(52.0, 487.0, 499.0, 541.0) target=Rect.fromLTRB(52.0, 541.0, 100.0, 569.0) count=Rect.fromLTRB(65.0, 543.0, 87.8, 563.0) textBottom=541.0
2026-10-10T21:03:11.8325668Z CHECKLIST_DISCLOSURE_GEOMETRY width=1200.0 scale=1.0 secondary=true body=Rect.fromLTRB(68.0, 238.0, 819.4, 286.0) target=Rect.fromLTRB(68.0, 286.0, 116.0, 314.0) count=Rect.fromLTRB(81.0, 288.0, 103.8, 308.0) textBottom=286.0
2026-10-10T21:03:11.8326924Z CHECKLIST_DISCLOSURE_GEOMETRY width=1200.0 scale=1.0 secondary=false body=Rect.fromLTRB(68.0, 459.0, 754.9, 507.0) target=Rect.fromLTRB(68.0, 507.0, 116.0, 535.0) count=Rect.fromLTRB(81.0, 509.0, 103.8, 529.0) textBottom=507.0
2026-10-10T21:03:11.8328431Z CHECKLIST_DISCLOSURE_GEOMETRY width=600.0 scale=1.0 secondary=true body=Rect.fromLTRB(68.0, 238.0, 484.0, 314.0) target=Rect.fromLTRB(68.0, 314.0, 116.0, 342.0) count=Rect.fromLTRB(81.0, 316.0, 103.8, 336.0) textBottom=314.0
2026-10-10T21:03:11.8329877Z CHECKLIST_DISCLOSURE_GEOMETRY width=600.0 scale=1.0 secondary=false body=Rect.fromLTRB(68.0, 487.0, 484.0, 541.0) target=Rect.fromLTRB(68.0, 541.0, 116.0, 569.0) count=Rect.fromLTRB(81.0, 543.0, 103.8, 563.0) textBottom=541.0
2026-10-10T21:03:11.8331919Z CHECKLIST_DISCLOSURE_GEOMETRY width=390.0 scale=1.0 secondary=true body=Rect.fromLTRB(52.0, 238.0, 290.0, 362.0) target=Rect.fromLTRB(52.0, 362.0, 100.0, 390.0) count=Rect.fromLTRB(65.0, 364.0, 87.8, 384.0) textBottom=362.0
2026-10-10T21:03:11.8333463Z CHECKLIST_DISCLOSURE_GEOMETRY width=390.0 scale=1.0 secondary=false body=Rect.fromLTRB(52.0, 575.0, 290.0, 677.0) target=Rect.fromLTRB(52.0, 677.0, 100.0, 705.0) count=Rect.fromLTRB(65.0, 679.0, 87.8, 699.0) textBottom=677.0
2026-10-10T21:03:11.8334663Z CHECKLIST_DISCLOSURE_GEOMETRY width=360.0 scale=2.0 secondary=true body=Rect.fromLTRB(52.0, 286.0, 260.0, 766.0) target=Rect.fromLTRB(52.0, 766.0, 110.4, 814.0) count=Rect.fromLTRB(65.0, 768.0, 110.4, 808.0) textBottom=766.0
2026-10-10T21:03:11.8335882Z CHECKLIST_DISCLOSURE_GEOMETRY width=360.0 scale=2.0 secondary=false body=Rect.fromLTRB(52.0, 505.0, 260.0, 943.0) target=Rect.fromLTRB(52.0, 943.0, 110.4, 991.0) count=Rect.fromLTRB(65.0, 945.0, 110.4, 985.0) textBottom=943.0
2026-10-10T21:03:11.8337075Z CHECKLIST_DISCLOSURE_GEOMETRY width=390.0 scale=2.0 secondary=true body=Rect.fromLTRB(52.0, 238.0, 290.0, 670.0) target=Rect.fromLTRB(52.0, 670.0, 110.4, 718.0) count=Rect.fromLTRB(65.0, 672.0, 110.4, 712.0) textBottom=670.0
2026-10-10T21:03:11.8338258Z CHECKLIST_DISCLOSURE_GEOMETRY width=390.0 scale=2.0 secondary=false body=Rect.fromLTRB(52.0, 553.0, 290.0, 943.0) target=Rect.fromLTRB(52.0, 943.0, 110.4, 991.0) count=Rect.fromLTRB(65.0, 945.0, 110.4, 985.0) textBottom=943.0
2026-10-10T21:03:11.8339583Z CHECKLIST_DISCLOSURE_GEOMETRY width=620.0 scale=1.0 secondary=true body=Rect.fromLTRB(64.0, 238.0, 500.0, 314.0) target=Rect.fromLTRB(64.0, 314.0, 112.0, 342.0) count=Rect.fromLTRB(77.0, 316.0, 99.8, 336.0) textBottom=314.0
2026-10-10T21:03:11.8340992Z CHECKLIST_DISCLOSURE_GEOMETRY width=620.0 scale=1.0 secondary=false body=Rect.fromLTRB(64.0, 487.0, 500.0, 541.0) target=Rect.fromLTRB(64.0, 541.0, 112.0, 569.0) count=Rect.fromLTRB(77.0, 543.0, 99.8, 563.0) textBottom=541.0
2026-10-10T21:03:11.8342194Z CHECKLIST_DISCLOSURE_GEOMETRY width=390.0 scale=1.0 secondary=true body=Rect.fromLTRB(64.0, 238.0, 270.0, 362.0) target=Rect.fromLTRB(64.0, 362.0, 112.0, 390.0) count=Rect.fromLTRB(77.0, 364.0, 99.8, 384.0) textBottom=362.0
2026-10-10T21:03:11.8343393Z CHECKLIST_DISCLOSURE_GEOMETRY width=390.0 scale=1.0 secondary=false body=Rect.fromLTRB(64.0, 575.0, 270.0, 677.0) target=Rect.fromLTRB(64.0, 677.0, 112.0, 705.0) count=Rect.fromLTRB(77.0, 679.0, 99.8, 699.0) textBottom=677.0
2026-10-10T21:03:11.8344397Z ##[endgroup]
2026-10-10T21:03:12.1253383Z TANDEMLOG_FIRST_FRAME_MS=11
2026-10-10T21:03:12.3690557Z TANDEMLOG_PHASE identity_lock=0
2026-10-10T21:03:12.3846764Z TANDEMLOG_PHASE sqlite_open_schema=15
2026-10-10T21:03:12.3958774Z TANDEMLOG_PHASE manifest=11
2026-10-10T21:03:12.4163828Z TANDEMLOG_PHASE ingest=20
2026-10-10T21:03:12.4435219Z TANDEMLOG_ROWS {"query_ms":0,"decode_ms":0,"sort_ms":0}
2026-10-10T21:03:12.5017461Z TANDEMLOG_READY_MS=388 FILES_READ=1
2026-10-10T21:03:28.1984240Z ##[group]✅ Passing tests
2026-10-10T21:03:28.1984669Z ✅ task menu follows live item counts for mouse and keyboard
2026-10-10T21:03:28.5929661Z ##[endgroup]
2026-10-10T21:03:28.5929918Z TANDEMLOG_FIRST_FRAME_MS=12
2026-10-10T21:03:28.8330675Z TANDEMLOG_PHASE identity_lock=0
2026-10-10T21:03:28.8486655Z TANDEMLOG_PHASE sqlite_open_schema=15
2026-10-10T21:03:28.8603060Z TANDEMLOG_PHASE manifest=11
2026-10-10T21:03:28.8798673Z TANDEMLOG_PHASE ingest=19
2026-10-10T21:03:28.8982844Z TANDEMLOG_ROWS {"query_ms":0,"decode_ms":0,"sort_ms":0}
2026-10-10T21:03:28.9747609Z TANDEMLOG_READY_MS=394 FILES_READ=2
2026-10-10T21:03:39.1484831Z ##[group]✅ Passing tests
2026-10-10T21:03:39.1485334Z ✅ task menu refresh failure, keyboard, right click, selected-row Delete and Undo
2026-10-10T21:03:39.8351127Z ##[endgroup]
2026-10-10T21:03:39.8351476Z TANDEMLOG_FIRST_FRAME_MS=11
2026-10-10T21:03:40.0768844Z TANDEMLOG_PHASE identity_lock=0
2026-10-10T21:03:40.0924260Z TANDEMLOG_PHASE sqlite_open_schema=15
2026-10-10T21:03:40.1038443Z TANDEMLOG_PHASE manifest=11
2026-10-10T21:03:40.1340637Z TANDEMLOG_PHASE ingest=30
2026-10-10T21:03:40.1636638Z TANDEMLOG_ROWS {"query_ms":0,"decode_ms":0,"sort_ms":0}
2026-10-10T21:03:40.2078171Z TANDEMLOG_READY_MS=384 FILES_READ=1
2026-10-10T21:03:41.4079979Z TANDEMLOG_FIRST_FRAME_MS=11
2026-10-10T21:03:41.4175237Z TANDEMLOG_PHASE identity_lock=0
2026-10-10T21:03:41.4329139Z TANDEMLOG_PHASE sqlite_open_schema=15
2026-10-10T21:03:41.4438350Z TANDEMLOG_PHASE manifest=10
2026-10-10T21:03:41.4540660Z TANDEMLOG_PHASE ingest=10
2026-10-10T21:03:41.4806918Z TANDEMLOG_ROWS {"query_ms":0,"decode_ms":0,"sort_ms":0}
2026-10-10T21:03:41.5642499Z TANDEMLOG_READY_MS=167 FILES_READ=0
2026-10-10T21:03:50.3467072Z ##[group]✅ inline checklist desktop menu and item ownership
2026-10-10T21:03:50.3467998Z CHECKLIST_TRAILING_GEOMETRY narrow=false menu=Rect.fromLTRB(1088.0, 252.0, 1136.0, 300.0) parent=Rect.fromLTRB(1136.0, 252.0, 1184.0, 300.0) child=Rect.fromLTRB(1136.0, 314.0, 1184.0, 362.0) delete=Rect.fromLTRB(1088.0, 314.0, 1136.0, 362.0)
2026-10-10T21:03:50.3468959Z ##[endgroup]
2026-10-10T21:03:50.8743871Z TANDEMLOG_FIRST_FRAME_MS=11
2026-10-10T21:03:51.0684461Z TANDEMLOG_PHASE identity_lock=0
2026-10-10T21:03:51.0815232Z TANDEMLOG_PHASE sqlite_open_schema=13
2026-10-10T21:03:51.1044027Z TANDEMLOG_PHASE manifest=22
2026-10-10T21:03:51.1407004Z TANDEMLOG_PHASE ingest=36
2026-10-10T21:03:51.1647875Z TANDEMLOG_ROWS {"query_ms":0,"decode_ms":0,"sort_ms":0}
2026-10-10T21:03:51.2535060Z TANDEMLOG_READY_MS=391 FILES_READ=1
2026-10-10T21:03:52.4227826Z TANDEMLOG_FIRST_FRAME_MS=10
2026-10-10T21:03:52.4286664Z TANDEMLOG_PHASE identity_lock=0
2026-10-10T21:03:52.4386131Z TANDEMLOG_PHASE sqlite_open_schema=9
2026-10-10T21:03:52.4483086Z TANDEMLOG_PHASE manifest=9
2026-10-10T21:03:52.4584731Z TANDEMLOG_PHASE ingest=9
2026-10-10T21:03:52.4807084Z TANDEMLOG_ROWS {"query_ms":0,"decode_ms":0,"sort_ms":0}
2026-10-10T21:03:52.5807085Z TANDEMLOG_READY_MS=168 FILES_READ=0
2026-10-10T21:04:01.6469518Z ##[group]✅ inline checklist phone enlarged menu and item ownership
2026-10-10T21:04:01.6470966Z CHECKLIST_TRAILING_GEOMETRY narrow=true menu=Rect.fromLTRB(294.0, 357.0, 342.0, 405.0) parent=Rect.fromLTRB(342.0, 357.0, 390.0, 405.0) child=Rect.fromLTRB(342.0, 456.0, 390.0, 504.0) delete=Rect.fromLTRB(294.0, 456.0, 342.0, 504.0)
2026-10-10T21:04:01.6472222Z ##[endgroup]
2026-10-10T21:04:03.6419898Z TANDEMLOG_FIRST_FRAME_MS=12
2026-10-10T21:04:03.8481485Z TANDEMLOG_PHASE identity_lock=0
2026-10-10T21:04:03.8625052Z TANDEMLOG_PHASE sqlite_open_schema=14
2026-10-10T21:04:03.8696018Z TANDEMLOG_PHASE manifest=7
2026-10-10T21:04:03.9350364Z TANDEMLOG_PHASE ingest=64
2026-10-10T21:04:03.9655480Z TANDEMLOG_ROWS {"query_ms":0,"decode_ms":0,"sort_ms":0}
2026-10-10T21:04:04.0538639Z TANDEMLOG_READY_MS=424 FILES_READ=1
2026-10-10T21:04:19.9151559Z ##[group]✅ disclosure bottom spacing and ink retain compact row geometry
2026-10-10T21:04:19.9152693Z DISCLOSURE_LAYOUT width=1200.0 scale=1.0 secondary=true ordinaryBottom=6.0 disclosureBottom=6.0 body=Rect.fromLTRB(68.0, 355.0, 348.3, 405.0) target=Rect.fromLTRB(68.0, 405.0, 116.0, 433.0) count=Rect.fromLTRB(81.0, 407.0, 103.8, 427.0) shape=ChecklistDisclosureInkBorder()
2026-10-10T21:04:19.9154350Z DISCLOSURE_LAYOUT width=1200.0 scale=1.0 secondary=false ordinaryBottom=6.0 disclosureBottom=6.0 body=Rect.fromLTRB(68.0, 238.0, 283.9, 286.0) target=Rect.fromLTRB(68.0, 286.0, 116.0, 314.0) count=Rect.fromLTRB(81.0, 288.0, 103.8, 308.0) shape=ChecklistDisclosureInkBorder()
2026-10-10T21:04:19.9156233Z DISCLOSURE_LAYOUT width=1200.0 scale=2.0 secondary=true ordinaryBottom=6.0 disclosureBottom=6.0 body=Rect.fromLTRB(68.0, 477.0, 604.1, 571.0) target=Rect.fromLTRB(68.0, 571.0, 126.4, 619.0) count=Rect.fromLTRB(81.0, 573.0, 126.4, 613.0) shape=ChecklistDisclosureInkBorder()
2026-10-10T21:04:19.9157857Z DISCLOSURE_LAYOUT width=1200.0 scale=2.0 secondary=false ordinaryBottom=6.0 disclosureBottom=6.0 body=Rect.fromLTRB(68.0, 314.0, 488.8, 368.0) target=Rect.fromLTRB(68.0, 368.0, 126.4, 416.0) count=Rect.fromLTRB(81.0, 370.0, 126.4, 410.0) shape=ChecklistDisclosureInkBorder()
2026-10-10T21:04:19.9159693Z DISCLOSURE_LAYOUT width=390.0 scale=1.0 secondary=true ordinaryBottom=6.0 disclosureBottom=6.0 body=Rect.fromLTRB(52.0, 355.0, 267.9, 427.0) target=Rect.fromLTRB(52.0, 427.0, 100.0, 455.0) count=Rect.fromLTRB(65.0, 429.0, 87.8, 449.0) shape=ChecklistDisclosureInkBorder()
2026-10-10T21:04:19.9161338Z DISCLOSURE_LAYOUT width=390.0 scale=1.0 secondary=false ordinaryBottom=6.0 disclosureBottom=6.0 body=Rect.fromLTRB(52.0, 238.0, 267.9, 286.0) target=Rect.fromLTRB(52.0, 286.0, 100.0, 314.0) count=Rect.fromLTRB(65.0, 288.0, 87.8, 308.0) shape=ChecklistDisclosureInkBorder()
2026-10-10T21:04:19.9162789Z DISCLOSURE_LAYOUT width=390.0 scale=2.0 secondary=true ordinaryBottom=6.0 disclosureBottom=6.0 body=Rect.fromLTRB(52.0, 363.0, 290.0, 595.0) target=Rect.fromLTRB(52.0, 595.0, 110.4, 643.0) count=Rect.fromLTRB(65.0, 597.0, 110.4, 637.0) shape=ChecklistDisclosureInkBorder()
2026-10-10T21:04:19.9164412Z DISCLOSURE_LAYOUT width=390.0 scale=2.0 secondary=false ordinaryBottom=6.0 disclosureBottom=6.0 body=Rect.fromLTRB(52.0, 306.0, 290.0, 456.0) target=Rect.fromLTRB(52.0, 456.0, 110.4, 504.0) count=Rect.fromLTRB(65.0, 458.0, 110.4, 498.0) shape=ChecklistDisclosureInkBorder()
2026-10-10T21:04:19.9165418Z ##[endgroup]
2026-10-10T21:04:21.0085702Z TANDEMLOG_FIRST_FRAME_MS=11
2026-10-10T21:04:21.2666568Z TANDEMLOG_PHASE identity_lock=0
2026-10-10T21:04:21.2822179Z TANDEMLOG_PHASE sqlite_open_schema=15
2026-10-10T21:04:21.2936207Z TANDEMLOG_PHASE manifest=11
2026-10-10T21:04:21.3217359Z TANDEMLOG_PHASE ingest=27
2026-10-10T21:04:21.3491602Z TANDEMLOG_ROWS {"query_ms":0,"decode_ms":0,"sort_ms":0}
2026-10-10T21:04:21.4021065Z TANDEMLOG_READY_MS=405 FILES_READ=1
2026-10-10T21:04:28.5543654Z ##[group]✅ workspace switch rejects old checklist and menu callbacks with colliding IDs
2026-10-10T21:04:28.5544264Z TANDEMLOG_PHASE identity_lock=0
2026-10-10T21:04:28.5544613Z TANDEMLOG_PHASE sqlite_open_schema=33
2026-10-10T21:04:28.5544968Z TANDEMLOG_PHASE manifest=22
2026-10-10T21:04:28.5545241Z TANDEMLOG_PHASE ingest=45
2026-10-10T21:04:28.5545595Z TANDEMLOG_ROWS {"query_ms":0,"decode_ms":0,"sort_ms":0}
2026-10-10T21:04:28.5545993Z TANDEMLOG_PHASE identity_lock=0
2026-10-10T21:04:28.5546312Z TANDEMLOG_PHASE sqlite_open_schema=10
2026-10-10T21:04:28.5546635Z TANDEMLOG_PHASE manifest=25
2026-10-10T21:04:28.5546944Z TANDEMLOG_PHASE ingest=17
2026-10-10T21:04:28.5547348Z TANDEMLOG_ROWS {"query_ms":0,"decode_ms":0,"sort_ms":0}
2026-10-10T21:04:28.5547969Z ##[endgroup]
2026-10-10T21:04:28.9930682Z TANDEMLOG_FIRST_FRAME_MS=13
2026-10-10T21:04:29.2995720Z TANDEMLOG_PHASE identity_lock=0
2026-10-10T21:04:29.3160147Z TANDEMLOG_PHASE sqlite_open_schema=16
2026-10-10T21:04:29.3276335Z TANDEMLOG_PHASE manifest=11
2026-10-10T21:04:29.3492377Z TANDEMLOG_PHASE ingest=21
2026-10-10T21:04:29.3792606Z TANDEMLOG_ROWS {"query_ms":0,"decode_ms":0,"sort_ms":0}
2026-10-10T21:04:29.5011772Z TANDEMLOG_READY_MS=519 FILES_READ=2
2026-10-10T21:04:31.9098717Z TANDEMLOG_FIRST_FRAME_MS=11
2026-10-10T21:04:31.9350761Z TANDEMLOG_PHASE identity_lock=0
2026-10-10T21:04:31.9558374Z TANDEMLOG_PHASE sqlite_open_schema=20
2026-10-10T21:04:31.9678898Z TANDEMLOG_PHASE manifest=12
2026-10-10T21:04:31.9925663Z TANDEMLOG_PHASE ingest=24
2026-10-10T21:04:32.0204330Z TANDEMLOG_ROWS {"query_ms":0,"decode_ms":0,"sort_ms":0}
2026-10-10T21:04:32.0744366Z TANDEMLOG_READY_MS=176 FILES_READ=2
2026-10-10T21:04:32.2742716Z ##[group]✅ Passing tests
2026-10-10T21:04:32.2743197Z ✅ application disposal during item Save confirmed preserves durable intent
2026-10-10T21:04:32.6935521Z ##[endgroup]
2026-10-10T21:04:32.6936133Z TANDEMLOG_FIRST_FRAME_MS=13
2026-10-10T21:04:32.9804429Z TANDEMLOG_PHASE identity_lock=0
2026-10-10T21:04:32.9958810Z TANDEMLOG_PHASE sqlite_open_schema=15
2026-10-10T21:04:33.0075962Z TANDEMLOG_PHASE manifest=11
2026-10-10T21:04:33.0300501Z TANDEMLOG_PHASE ingest=22
2026-10-10T21:04:33.0497691Z TANDEMLOG_ROWS {"query_ms":0,"decode_ms":0,"sort_ms":0}
2026-10-10T21:04:33.0834885Z TANDEMLOG_READY_MS=402 FILES_READ=1
2026-10-10T21:04:35.5425039Z TANDEMLOG_FIRST_FRAME_MS=11
2026-10-10T21:04:35.5714456Z TANDEMLOG_PHASE identity_lock=0
2026-10-10T21:04:35.5927782Z TANDEMLOG_PHASE sqlite_open_schema=21
2026-10-10T21:04:35.6051438Z TANDEMLOG_PHASE manifest=12
2026-10-10T21:04:35.6383968Z TANDEMLOG_PHASE ingest=33
2026-10-10T21:04:35.6664886Z TANDEMLOG_ROWS {"query_ms":0,"decode_ms":0,"sort_ms":0}
2026-10-10T21:04:35.7032481Z TANDEMLOG_READY_MS=172 FILES_READ=2
2026-10-10T21:04:35.8907962Z ##[group]✅ Passing tests
2026-10-10T21:04:35.8908556Z ✅ application disposal during item Save unknown preserves durable intent
2026-10-10T21:04:36.3421731Z ##[endgroup]
2026-10-10T21:04:36.3423219Z TANDEMLOG_FIRST_FRAME_MS=14
2026-10-10T21:04:36.6238061Z TANDEMLOG_PHASE identity_lock=0
2026-10-10T21:04:36.6397194Z TANDEMLOG_PHASE sqlite_open_schema=15
2026-10-10T21:04:36.6514290Z TANDEMLOG_PHASE manifest=11
2026-10-10T21:04:36.6763663Z TANDEMLOG_PHASE ingest=24
2026-10-10T21:04:36.7053833Z TANDEMLOG_ROWS {"query_ms":0,"decode_ms":0,"sort_ms":0}
2026-10-10T21:04:36.7399421Z TANDEMLOG_READY_MS=410 FILES_READ=1
2026-10-10T21:04:37.9902793Z ##[group]✅ Passing tests
2026-10-10T21:04:37.9903390Z ✅ application disposal finishes item route ownership teardown
2026-10-10T21:04:38.2916624Z ##[endgroup]
2026-10-10T21:04:38.2916882Z TANDEMLOG_FIRST_FRAME_MS=11
2026-10-10T21:04:38.5346002Z TANDEMLOG_PHASE identity_lock=0
2026-10-10T21:04:38.5646653Z TANDEMLOG_PHASE sqlite_open_schema=29
2026-10-10T21:04:38.5761431Z TANDEMLOG_PHASE manifest=11
2026-10-10T21:04:38.5946564Z TANDEMLOG_PHASE ingest=18
2026-10-10T21:04:38.6129686Z TANDEMLOG_ROWS {"query_ms":0,"decode_ms":0,"sort_ms":0}
2026-10-10T21:04:38.6804284Z TANDEMLOG_READY_MS=400 FILES_READ=2
2026-10-10T21:04:41.8811470Z ##[group]✅ Passing tests
2026-10-10T21:04:41.8812174Z ✅ new item late acknowledgement remains frozen until exact Retry Save
2026-10-10T21:04:42.3079564Z ##[endgroup]
2026-10-10T21:04:42.3079831Z TANDEMLOG_FIRST_FRAME_MS=12
2026-10-10T21:04:42.5696327Z TANDEMLOG_PHASE identity_lock=0
2026-10-10T21:04:42.5851915Z TANDEMLOG_PHASE sqlite_open_schema=15
2026-10-10T21:04:42.5965623Z TANDEMLOG_PHASE manifest=11
2026-10-10T21:04:42.6189369Z TANDEMLOG_PHASE ingest=22
2026-10-10T21:04:42.6371421Z TANDEMLOG_ROWS {"query_ms":0,"decode_ms":0,"sort_ms":0}
2026-10-10T21:04:42.7006186Z TANDEMLOG_READY_MS=404 FILES_READ=2
2026-10-10T21:04:45.9645911Z ##[group]✅ Passing tests
2026-10-10T21:04:45.9646351Z ✅ task Undo waits for item route and native lease teardown once
2026-10-10T21:04:46.4751023Z ##[endgroup]
2026-10-10T21:04:46.4751294Z TANDEMLOG_FIRST_FRAME_MS=12
2026-10-10T21:04:46.7148142Z TANDEMLOG_PHASE identity_lock=0
2026-10-10T21:04:46.7411838Z TANDEMLOG_PHASE sqlite_open_schema=25
2026-10-10T21:04:46.7527916Z TANDEMLOG_PHASE manifest=11
2026-10-10T21:04:46.7896590Z TANDEMLOG_PHASE ingest=35
2026-10-10T21:04:46.8197391Z TANDEMLOG_ROWS {"query_ms":0,"decode_ms":0,"sort_ms":0}
2026-10-10T21:04:46.8656366Z TANDEMLOG_READY_MS=402 FILES_READ=2
2026-10-10T21:04:49.1136810Z ##[group]✅ Passing tests
2026-10-10T21:04:49.1137946Z ✅ user switch waits only for item Save and route teardown
2026-10-10T21:04:49.6244409Z ##[endgroup]
2026-10-10T21:04:49.6244673Z TANDEMLOG_FIRST_FRAME_MS=11
2026-10-10T21:04:49.8644422Z TANDEMLOG_PHASE identity_lock=0
2026-10-10T21:04:49.8901675Z TANDEMLOG_PHASE sqlite_open_schema=25
2026-10-10T21:04:49.9017717Z TANDEMLOG_PHASE manifest=11
2026-10-10T21:04:49.9367342Z TANDEMLOG_PHASE ingest=34
2026-10-10T21:04:49.9681764Z TANDEMLOG_ROWS {"query_ms":0,"decode_ms":0,"sort_ms":0}
2026-10-10T21:04:50.0157820Z TANDEMLOG_READY_MS=403 FILES_READ=2
2026-10-10T21:04:52.3977457Z ##[group]✅ Passing tests
2026-10-10T21:04:52.3977917Z ✅ user switch saves private item before changing identity
2026-10-10T21:04:52.7903110Z ##[endgroup]
2026-10-10T21:04:52.7903389Z TANDEMLOG_FIRST_FRAME_MS=10
2026-10-10T21:04:53.0489708Z TANDEMLOG_PHASE identity_lock=0
2026-10-10T21:04:53.0651561Z TANDEMLOG_PHASE sqlite_open_schema=15
2026-10-10T21:04:53.0767522Z TANDEMLOG_PHASE manifest=11
2026-10-10T21:04:53.0992664Z TANDEMLOG_PHASE ingest=22
2026-10-10T21:04:53.1267685Z TANDEMLOG_ROWS {"query_ms":0,"decode_ms":0,"sort_ms":0}
2026-10-10T21:04:53.1853489Z TANDEMLOG_READY_MS=405 FILES_READ=1
2026-10-10T21:04:57.4815018Z ##[group]✅ Passing tests
2026-10-10T21:04:57.4815453Z ✅ native bulk named apply persists only Due time desktop-dark
2026-10-10T21:04:57.8740858Z ##[endgroup]
2026-10-10T21:04:57.8741124Z TANDEMLOG_FIRST_FRAME_MS=11
2026-10-10T21:04:58.1329758Z TANDEMLOG_PHASE identity_lock=0
2026-10-10T21:04:58.1483846Z TANDEMLOG_PHASE sqlite_open_schema=15
2026-10-10T21:04:58.1596907Z TANDEMLOG_PHASE manifest=11
2026-10-10T21:04:58.1825239Z TANDEMLOG_PHASE ingest=22
2026-10-10T21:04:58.2098792Z TANDEMLOG_ROWS {"query_ms":0,"decode_ms":0,"sort_ms":0}
2026-10-10T21:04:58.2698952Z TANDEMLOG_READY_MS=406 FILES_READ=1
2026-10-10T21:05:02.7816566Z ##[group]✅ Passing tests
2026-10-10T21:05:02.7817017Z ✅ native bulk named apply persists only Due time narrow-light-200
2026-10-10T21:05:03.2139068Z ##[endgroup]
2026-10-10T21:05:03.2139464Z TANDEMLOG_FIRST_FRAME_MS=15
2026-10-10T21:05:03.4565869Z TANDEMLOG_PHASE identity_lock=0
2026-10-10T21:05:03.4827614Z TANDEMLOG_PHASE sqlite_open_schema=25
2026-10-10T21:05:03.4942080Z TANDEMLOG_PHASE manifest=11
2026-10-10T21:05:03.5154112Z TANDEMLOG_PHASE ingest=21
2026-10-10T21:05:03.5425641Z TANDEMLOG_ROWS {"query_ms":0,"decode_ms":0,"sort_ms":0}
2026-10-10T21:05:03.5992925Z TANDEMLOG_READY_MS=400 FILES_READ=1
2026-10-10T21:05:08.2671074Z ##[group]✅ Passing tests
2026-10-10T21:05:08.2671437Z ✅ native field spacing 1200.0/1.0
2026-10-10T21:05:08.6581873Z ##[endgroup]
2026-10-10T21:05:08.6582136Z TANDEMLOG_FIRST_FRAME_MS=11
2026-10-10T21:05:08.9183152Z TANDEMLOG_PHASE identity_lock=0
2026-10-10T21:05:08.9338873Z TANDEMLOG_PHASE sqlite_open_schema=15
2026-10-10T21:05:08.9452921Z TANDEMLOG_PHASE manifest=11
2026-10-10T21:05:08.9666157Z TANDEMLOG_PHASE ingest=21
2026-10-10T21:05:08.9939939Z TANDEMLOG_ROWS {"query_ms":0,"decode_ms":0,"sort_ms":0}
2026-10-10T21:05:09.0485495Z TANDEMLOG_READY_MS=402 FILES_READ=1
2026-10-10T21:05:13.8339164Z ##[group]✅ Passing tests
2026-10-10T21:05:13.8339517Z ✅ native field spacing 390.0/1.0
2026-10-10T21:05:14.2254669Z ##[endgroup]
2026-10-10T21:05:14.2255066Z TANDEMLOG_FIRST_FRAME_MS=12
2026-10-10T21:05:14.4617398Z TANDEMLOG_PHASE identity_lock=0
2026-10-10T21:05:14.4769763Z TANDEMLOG_PHASE sqlite_open_schema=15
2026-10-10T21:05:14.4941315Z TANDEMLOG_PHASE manifest=17
2026-10-10T21:05:14.5107601Z TANDEMLOG_PHASE ingest=16
2026-10-10T21:05:14.5327363Z TANDEMLOG_ROWS {"query_ms":0,"decode_ms":0,"sort_ms":0}
2026-10-10T21:05:14.6122098Z TANDEMLOG_READY_MS=399 FILES_READ=1
2026-10-10T21:05:19.4844940Z ##[group]✅ Passing tests
2026-10-10T21:05:19.4845282Z ✅ native field spacing 390.0/2.0
2026-10-10T21:05:20.3580876Z ##[endgroup]
2026-10-10T21:05:20.3581165Z TANDEMLOG_FIRST_FRAME_MS=12
2026-10-10T21:05:20.6154564Z TANDEMLOG_PHASE identity_lock=0
2026-10-10T21:05:20.6310763Z TANDEMLOG_PHASE sqlite_open_schema=15
2026-10-10T21:05:20.6426024Z TANDEMLOG_PHASE manifest=11
2026-10-10T21:05:20.6672371Z TANDEMLOG_PHASE ingest=24
2026-10-10T21:05:20.6946237Z TANDEMLOG_ROWS {"query_ms":0,"decode_ms":0,"sort_ms":0}
2026-10-10T21:05:20.7392411Z TANDEMLOG_READY_MS=393 FILES_READ=1
2026-10-10T21:05:37.4175968Z ##[group]✅ Passing tests
2026-10-10T21:05:37.4176449Z ✅ shared tag editing and filtering desktop-dark
2026-10-10T21:05:38.2920965Z ##[endgroup]
2026-10-10T21:05:38.2921221Z TANDEMLOG_FIRST_FRAME_MS=12
2026-10-10T21:05:38.5289010Z TANDEMLOG_PHASE identity_lock=0
2026-10-10T21:05:38.5446515Z TANDEMLOG_PHASE sqlite_open_schema=15
2026-10-10T21:05:38.5666756Z TANDEMLOG_PHASE manifest=22
2026-10-10T21:05:38.5912910Z TANDEMLOG_PHASE ingest=24
2026-10-10T21:05:38.6271391Z TANDEMLOG_ROWS {"query_ms":0,"decode_ms":0,"sort_ms":0}
2026-10-10T21:05:38.7048587Z TANDEMLOG_READY_MS=425 FILES_READ=1
2026-10-10T21:05:56.5897141Z ##[group]✅ Passing tests
2026-10-10T21:05:56.5897902Z ✅ shared tag editing and filtering narrow-dark
2026-10-10T21:05:57.3909900Z ##[endgroup]
2026-10-10T21:05:57.3910411Z TANDEMLOG_FIRST_FRAME_MS=12
2026-10-10T21:05:57.5944525Z TANDEMLOG_PHASE identity_lock=0
2026-10-10T21:05:57.6062061Z TANDEMLOG_PHASE sqlite_open_schema=11
2026-10-10T21:05:57.6134283Z TANDEMLOG_PHASE manifest=7
2026-10-10T21:05:57.6336209Z TANDEMLOG_PHASE ingest=20
2026-10-10T21:05:57.6665026Z TANDEMLOG_ROWS {"query_ms":0,"decode_ms":0,"sort_ms":0}
2026-10-10T21:05:57.7844014Z TANDEMLOG_READY_MS=405 FILES_READ=1
2026-10-10T21:06:17.3355170Z ##[group]✅ Passing tests
2026-10-10T21:06:17.3355586Z ✅ shared tag editing and filtering narrow-light-200
2026-10-10T21:06:17.6581510Z ##[endgroup]
2026-10-10T21:06:17.6581887Z TANDEMLOG_FIRST_FRAME_MS=12
2026-10-10T21:06:17.8976671Z TANDEMLOG_PHASE identity_lock=0
2026-10-10T21:06:17.9242717Z TANDEMLOG_PHASE sqlite_open_schema=26
2026-10-10T21:06:17.9357410Z TANDEMLOG_PHASE manifest=11
2026-10-10T21:06:17.9582013Z TANDEMLOG_PHASE ingest=22
2026-10-10T21:06:17.9765607Z TANDEMLOG_ROWS {"query_ms":0,"decode_ms":0,"sort_ms":0}
2026-10-10T21:06:18.0472583Z TANDEMLOG_READY_MS=401 FILES_READ=2
2026-10-10T21:06:19.9481034Z ##[group]✅ Passing tests
2026-10-10T21:06:19.9481566Z ✅ queued task capture cannot append after reconciliation discovers shared authority loss
2026-10-10T21:06:20.2406843Z ##[endgroup]
2026-10-10T21:06:20.2407143Z TANDEMLOG_FIRST_FRAME_MS=11
2026-10-10T21:06:20.4808090Z TANDEMLOG_PHASE identity_lock=0
2026-10-10T21:06:20.5072713Z TANDEMLOG_PHASE sqlite_open_schema=25
2026-10-10T21:06:20.5197063Z TANDEMLOG_PHASE manifest=12
2026-10-10T21:06:20.5451678Z TANDEMLOG_PHASE ingest=25
2026-10-10T21:06:20.5650561Z TANDEMLOG_ROWS {"query_ms":0,"decode_ms":0,"sort_ms":0}
2026-10-10T21:06:20.6291075Z TANDEMLOG_READY_MS=399 FILES_READ=2
2026-10-10T21:06:22.6812930Z ##[group]✅ Passing tests
2026-10-10T21:06:22.6814011Z ✅ shared recovery retains private task editor draft and rejects a retained Save
2026-10-10T21:06:22.9738573Z ##[endgroup]
2026-10-10T21:06:22.9738906Z TANDEMLOG_FIRST_FRAME_MS=11
2026-10-10T21:06:23.2133927Z TANDEMLOG_PHASE identity_lock=0
2026-10-10T21:06:23.2291918Z TANDEMLOG_PHASE sqlite_open_schema=15
2026-10-10T21:06:23.2509857Z TANDEMLOG_PHASE manifest=21
2026-10-10T21:06:23.2795010Z TANDEMLOG_PHASE ingest=27
2026-10-10T21:06:23.2989826Z TANDEMLOG_ROWS {"query_ms":0,"decode_ms":0,"sort_ms":0}
2026-10-10T21:06:23.3800344Z TANDEMLOG_READY_MS=417 FILES_READ=2
2026-10-10T21:06:27.0314840Z ##[group]✅ Passing tests
2026-10-10T21:06:27.0315311Z ✅ restored exact manifest resumes the same draft after guarded repeated Retry
2026-10-10T21:06:27.3247211Z ##[endgroup]
2026-10-10T21:06:27.3247483Z TANDEMLOG_FIRST_FRAME_MS=11
2026-10-10T21:06:27.5822842Z TANDEMLOG_PHASE identity_lock=0
2026-10-10T21:06:27.5986524Z TANDEMLOG_PHASE sqlite_open_schema=16
2026-10-10T21:06:27.6111360Z TANDEMLOG_PHASE manifest=12
2026-10-10T21:06:27.6327488Z TANDEMLOG_PHASE ingest=21
2026-10-10T21:06:27.6880564Z TANDEMLOG_ROWS {"query_ms":0,"decode_ms":0,"sort_ms":0}
2026-10-10T21:06:27.7155840Z TANDEMLOG_READY_MS=402 FILES_READ=1
2026-10-10T21:06:30.2312946Z ##[group]✅ Passing tests
2026-10-10T21:06:30.2313406Z ✅ isolated Food startup failure keeps Tasks writable and retries only Food
2026-10-10T21:06:30.5279582Z ##[endgroup]
2026-10-10T21:06:30.5279839Z TANDEMLOG_FIRST_FRAME_MS=14
2026-10-10T21:06:30.7776925Z TANDEMLOG_PHASE identity_lock=0
2026-10-10T21:06:30.7933478Z TANDEMLOG_PHASE sqlite_open_schema=15
2026-10-10T21:06:30.8046107Z TANDEMLOG_PHASE manifest=11
2026-10-10T21:06:30.8255720Z TANDEMLOG_PHASE ingest=20
2026-10-10T21:06:30.8527928Z TANDEMLOG_ROWS {"query_ms":0,"decode_ms":0,"sort_ms":0}
2026-10-10T21:06:30.9213574Z TANDEMLOG_READY_MS=408 FILES_READ=1
2026-10-10T21:06:35.3126696Z TANDEMLOG_FIRST_FRAME_MS=16
2026-10-10T21:06:35.3213999Z TANDEMLOG_PHASE identity_lock=0
2026-10-10T21:06:35.3425888Z TANDEMLOG_PHASE sqlite_open_schema=21
2026-10-10T21:06:35.3543817Z TANDEMLOG_PHASE manifest=11
2026-10-10T21:06:35.3657176Z TANDEMLOG_PHASE ingest=11
2026-10-10T21:06:35.4066632Z TANDEMLOG_ROWS {"query_ms":0,"decode_ms":0,"sort_ms":0}
2026-10-10T21:06:35.4695161Z TANDEMLOG_READY_MS=173 FILES_READ=0
2026-10-10T21:06:38.2143975Z ##[group]✅ Passing tests
2026-10-10T21:06:38.2144550Z ✅ production Food navigation persists Deleted and restores after restart
2026-10-10T21:07:38.0320960Z ✅ native 320dp expiry guidance at 100/200% in both themes
2026-10-10T21:11:23.5147695Z ✅ native Food editor title/form/IME/error layout matrix
2026-10-10T21:13:09.9981647Z ✅ native Food views remain reachable by swiping at large text
2026-10-10T21:13:10.3422423Z ##[endgroup]
2026-10-10T21:13:10.3422743Z TANDEMLOG_FIRST_FRAME_MS=12
2026-10-10T21:13:10.5671800Z TANDEMLOG_PHASE identity_lock=0
2026-10-10T21:13:10.5852904Z TANDEMLOG_PHASE sqlite_open_schema=17
2026-10-10T21:13:10.6033033Z TANDEMLOG_PHASE manifest=17
2026-10-10T21:13:10.6207419Z TANDEMLOG_PHASE ingest=17
2026-10-10T21:13:10.6471609Z TANDEMLOG_ROWS {"query_ms":0,"decode_ms":0,"sort_ms":0}
2026-10-10T21:13:10.7192913Z TANDEMLOG_READY_MS=389 FILES_READ=1
2026-10-10T21:13:44.8343562Z ##[group]✅ Passing tests
2026-10-10T21:13:44.8344161Z ✅ phone single and bulk editors keep fields usable with the IME
2026-10-10T21:13:45.2253729Z ##[endgroup]
2026-10-10T21:13:45.2254046Z TANDEMLOG_FIRST_FRAME_MS=11
2026-10-10T21:13:45.5016424Z TANDEMLOG_PHASE identity_lock=0
2026-10-10T21:13:45.5166508Z TANDEMLOG_PHASE sqlite_open_schema=14
2026-10-10T21:13:45.5278149Z TANDEMLOG_PHASE manifest=11
2026-10-10T21:13:45.5488785Z TANDEMLOG_PHASE ingest=20
2026-10-10T21:13:45.5776676Z TANDEMLOG_ROWS {"query_ms":0,"decode_ms":0,"sort_ms":0}
2026-10-10T21:13:45.7145316Z TANDEMLOG_READY_MS=500 FILES_READ=1
2026-10-10T21:13:52.9918625Z TANDEMLOG_FIRST_FRAME_MS=11
2026-10-10T21:13:53.0104325Z TANDEMLOG_PHASE identity_lock=0
2026-10-10T21:13:53.0203228Z TANDEMLOG_PHASE sqlite_open_schema=9
2026-10-10T21:13:53.0312341Z TANDEMLOG_PHASE manifest=10
2026-10-10T21:13:53.0412644Z TANDEMLOG_PHASE ingest=10
2026-10-10T21:13:53.0682252Z TANDEMLOG_ROWS {"query_ms":0,"decode_ms":0,"sort_ms":0}
2026-10-10T21:13:53.1575194Z TANDEMLOG_READY_MS=177 FILES_READ=0
2026-10-10T21:14:01.9859702Z ##[group]✅ Passing tests
2026-10-10T21:14:01.9860467Z ✅ phone tag dropdown stays tappable above an open keyboard
2026-10-10T21:14:03.3417441Z ##[endgroup]
2026-10-10T21:14:03.3417694Z TANDEMLOG_FIRST_FRAME_MS=10
2026-10-10T21:14:03.6096537Z TANDEMLOG_PHASE identity_lock=0
2026-10-10T21:14:03.6253555Z TANDEMLOG_PHASE sqlite_open_schema=15
2026-10-10T21:14:03.6367060Z TANDEMLOG_PHASE manifest=11
2026-10-10T21:14:03.6651641Z TANDEMLOG_PHASE ingest=28
2026-10-10T21:14:03.7178856Z TANDEMLOG_ROWS {"query_ms":0,"decode_ms":0,"sort_ms":0}
2026-10-10T21:14:03.8406491Z TANDEMLOG_READY_MS=509 FILES_READ=1
2026-10-10T21:14:38.1603189Z ##[group]✅ Passing tests
2026-10-10T21:14:38.1603650Z ✅ multi-tag selection bulk editing deletion and guarded editor sessions
2026-10-10T21:14:39.6229993Z ##[endgroup]
2026-10-10T21:14:39.6230706Z TANDEMLOG_FIRST_FRAME_MS=11
2026-10-10T21:14:39.8618396Z TANDEMLOG_PHASE identity_lock=0
2026-10-10T21:14:39.8769881Z TANDEMLOG_PHASE sqlite_open_schema=15
2026-10-10T21:14:39.8885064Z TANDEMLOG_PHASE manifest=11
2026-10-10T21:14:39.9165175Z TANDEMLOG_PHASE ingest=27
2026-10-10T21:14:39.9441649Z TANDEMLOG_ROWS {"query_ms":0,"decode_ms":0,"sort_ms":0}
2026-10-10T21:14:40.0021582Z TANDEMLOG_READY_MS=390 FILES_READ=1
2026-10-10T21:14:49.0673558Z ##[group]✅ Passing tests
2026-10-10T21:14:49.1067609Z ✅ workspace search preserves filters drafts and completion sections
2026-10-10T21:14:49.1068462Z ##[endgroup]
2026-10-10T21:14:49.1068854Z TANDEMLOG_FIRST_FRAME_MS=11
2026-10-10T21:14:49.5396238Z TANDEMLOG_FIRST_FRAME_MS=10
2026-10-10T21:14:49.5574045Z TANDEMLOG_PHASE identity_lock=0
2026-10-10T21:14:49.5850969Z TANDEMLOG_PHASE sqlite_open_schema=27
2026-10-10T21:14:49.6021546Z TANDEMLOG_PHASE manifest=16
2026-10-10T21:14:49.6150818Z TANDEMLOG_PHASE ingest=13
2026-10-10T21:14:49.6507963Z TANDEMLOG_ROWS {"query_ms":0,"decode_ms":0,"sort_ms":0}
2026-10-10T21:14:49.6907331Z TANDEMLOG_ONBOARDING_READY_MS=160 FILES_READ=0
2026-10-10T21:15:07.3751499Z TANDEMLOG_FIRST_FRAME_MS=11
2026-10-10T21:15:07.3985711Z TANDEMLOG_PHASE identity_lock=0
2026-10-10T21:15:07.4172631Z TANDEMLOG_PHASE sqlite_open_schema=18
2026-10-10T21:15:07.4281475Z TANDEMLOG_PHASE manifest=10
2026-10-10T21:15:07.4383301Z TANDEMLOG_PHASE ingest=10
2026-10-10T21:15:07.4657011Z TANDEMLOG_ROWS {"query_ms":0,"decode_ms":0,"sort_ms":0}
2026-10-10T21:15:07.5308212Z TANDEMLOG_READY_MS=167 FILES_READ=0
2026-10-10T21:15:10.1047524Z ##[group]✅ Passing tests
2026-10-10T21:15:10.1047961Z ✅ native capture, edit, completion, undo, restart and error recovery
2026-10-10T21:15:10.1448850Z ##[endgroup]
2026-10-10T21:15:10.1449191Z TANDEMLOG_FIRST_FRAME_MS=12
2026-10-10T21:15:10.2628912Z TANDEMLOG_ONBOARDING_READY_MS=130 FILES_READ=0
2026-10-10T21:15:13.9584071Z TANDEMLOG_FIRST_FRAME_MS=11
2026-10-10T21:15:14.0825173Z TANDEMLOG_ONBOARDING_READY_MS=136 FILES_READ=0
2026-10-10T21:15:25.2771545Z TANDEMLOG_FIRST_FRAME_MS=14
2026-10-10T21:15:25.2920617Z TANDEMLOG_PHASE identity_lock=0
2026-10-10T21:15:25.3070938Z TANDEMLOG_PHASE sqlite_open_schema=14
2026-10-10T21:15:25.3188278Z TANDEMLOG_PHASE manifest=11
2026-10-10T21:15:25.3302248Z TANDEMLOG_PHASE ingest=11
2026-10-10T21:15:25.3698776Z TANDEMLOG_ROWS {"query_ms":0,"decode_ms":0,"sort_ms":0}
2026-10-10T21:15:25.4125162Z TANDEMLOG_READY_MS=148 FILES_READ=0
2026-10-10T21:15:26.0384918Z ##[group]✅ desktop onboarding, live theme, inline retry and folder actions
2026-10-10T21:15:26.0385519Z TANDEMLOG_PHASE identity_lock=0
2026-10-10T21:15:26.0385825Z TANDEMLOG_PHASE sqlite_open_schema=11
2026-10-10T21:15:26.0386084Z TANDEMLOG_PHASE manifest=12
2026-10-10T21:15:26.0386314Z TANDEMLOG_PHASE ingest=11
2026-10-10T21:15:26.0386581Z TANDEMLOG_ROWS {"query_ms":0,"decode_ms":0,"sort_ms":0}
2026-10-10T21:15:26.0386875Z TANDEMLOG_PHASE identity_lock=0
2026-10-10T21:15:26.0387268Z ##[endgroup]
2026-10-10T21:15:26.2405898Z TANDEMLOG_FIRST_FRAME_MS=10
2026-10-10T21:15:26.5457738Z TANDEMLOG_PHASE identity_lock=0
2026-10-10T21:15:26.5609433Z TANDEMLOG_PHASE sqlite_open_schema=15
2026-10-10T21:15:26.5726526Z TANDEMLOG_PHASE manifest=11
2026-10-10T21:15:26.5918168Z TANDEMLOG_PHASE ingest=19
2026-10-10T21:15:26.6323422Z TANDEMLOG_ROWS {"query_ms":0,"decode_ms":0,"sort_ms":0}
2026-10-10T21:15:26.7429755Z TANDEMLOG_READY_MS=512 FILES_READ=1
2026-10-10T21:15:35.3939834Z ##[group]✅ Passing tests
2026-10-10T21:15:35.3940664Z ✅ explicit Add finalizes composing drafts once while Enter leaves IME candidates alone
2026-10-10T21:15:35.6955911Z ##[endgroup]
2026-10-10T21:15:35.6957011Z TANDEMLOG_FIRST_FRAME_MS=15
2026-10-10T21:15:35.9764325Z TANDEMLOG_PHASE identity_lock=0
2026-10-10T21:15:35.9921813Z TANDEMLOG_PHASE sqlite_open_schema=15
2026-10-10T21:15:36.0037980Z TANDEMLOG_PHASE manifest=11
2026-10-10T21:15:36.0244940Z TANDEMLOG_PHASE ingest=20
2026-10-10T21:15:36.0640396Z TANDEMLOG_ROWS {"query_ms":0,"decode_ms":0,"sort_ms":0}
2026-10-10T21:15:36.1653741Z TANDEMLOG_READY_MS=484 FILES_READ=1
2026-10-10T21:15:46.7005346Z ##[group]✅ Passing tests
2026-10-10T21:15:46.7005944Z ✅ automatic imports preserve edit/capture buffers and keyboard submission
2026-10-10T21:15:47.0278807Z ##[endgroup]
2026-10-10T21:15:47.0279065Z TANDEMLOG_FIRST_FRAME_MS=14
2026-10-10T21:15:47.1462436Z TANDEMLOG_ONBOARDING_READY_MS=133 FILES_READ=0
2026-10-10T21:15:48.0078673Z TANDEMLOG_FIRST_FRAME_MS=11
2026-10-10T21:15:48.0232272Z TANDEMLOG_PHASE identity_lock=0
2026-10-10T21:15:48.0330286Z TANDEMLOG_PHASE sqlite_open_schema=9
2026-10-10T21:15:48.0439370Z TANDEMLOG_PHASE manifest=10
2026-10-10T21:15:48.0538811Z TANDEMLOG_PHASE ingest=9
2026-10-10T21:15:48.0804093Z TANDEMLOG_ROWS {"query_ms":0,"decode_ms":0,"sort_ms":0}
2026-10-10T21:15:48.1481542Z TANDEMLOG_READY_MS=151 FILES_READ=0
2026-10-10T21:15:48.4390379Z ##[group]✅ desktop Start retains legacy default data after settings reset
2026-10-10T21:15:48.4390945Z TANDEMLOG_PHASE identity_lock=0
2026-10-10T21:15:48.4391334Z TANDEMLOG_PHASE sqlite_open_schema=21
2026-10-10T21:15:48.4391674Z TANDEMLOG_PHASE manifest=21
2026-10-10T21:15:48.4391982Z TANDEMLOG_PHASE ingest=45
2026-10-10T21:15:48.4392361Z TANDEMLOG_ROWS {"query_ms":0,"decode_ms":0,"sort_ms":0}
2026-10-10T21:15:48.4392929Z ##[endgroup]
2026-10-10T21:15:48.4921005Z TANDEMLOG_FIRST_FRAME_MS=11
2026-10-10T21:15:48.7621565Z TANDEMLOG_PHASE identity_lock=0
2026-10-10T21:15:49.6886067Z ##[group]✅ missing saved workspace does not silently create a default
2026-10-10T21:15:49.6886585Z TANDEMLOG_PHASE identity_lock=0
2026-10-10T21:15:49.6887105Z ##[endgroup]
2026-10-10T21:15:49.7270938Z TANDEMLOG_FIRST_FRAME_MS=11
2026-10-10T21:15:49.8457617Z TANDEMLOG_ONBOARDING_READY_MS=129 FILES_READ=0
2026-10-10T21:15:50.6892416Z ##[group]✅ Passing tests
2026-10-10T21:15:50.6892862Z ✅ Android Start keeps picker and cancel creates no private workspace
2026-10-10T21:15:50.8921089Z ##[endgroup]
2026-10-10T21:15:50.8921356Z TANDEMLOG_FIRST_FRAME_MS=11
2026-10-10T21:15:51.1626077Z TANDEMLOG_PHASE identity_lock=0
2026-10-10T21:15:51.1776185Z TANDEMLOG_PHASE sqlite_open_schema=14
2026-10-10T21:15:51.1890783Z TANDEMLOG_PHASE manifest=11
2026-10-10T21:15:51.2081472Z TANDEMLOG_PHASE ingest=18
2026-10-10T21:15:51.2365855Z TANDEMLOG_ROWS {"query_ms":0,"decode_ms":0,"sort_ms":0}
2026-10-10T21:15:51.2608793Z TANDEMLOG_READY_MS=380 FILES_READ=1
2026-10-10T21:15:56.7223132Z ##[group]✅ Passing tests
2026-10-10T21:15:56.7223524Z ✅ Shift+Enter reveals caret before any further input
2026-10-10T21:15:58.0749454Z ##[endgroup]
2026-10-10T21:15:58.0749893Z TANDEMLOG_FIRST_FRAME_MS=11
2026-10-10T21:15:58.3425421Z TANDEMLOG_PHASE identity_lock=0
2026-10-10T21:15:58.3580583Z TANDEMLOG_PHASE sqlite_open_schema=15
2026-10-10T21:15:58.3694351Z TANDEMLOG_PHASE manifest=11
2026-10-10T21:15:58.3977417Z TANDEMLOG_PHASE ingest=28
2026-10-10T21:15:58.4296825Z TANDEMLOG_ROWS {"query_ms":0,"decode_ms":0,"sort_ms":0}
2026-10-10T21:15:58.5695094Z TANDEMLOG_READY_MS=505 FILES_READ=1
2026-10-10T21:16:08.3096081Z ##[group]✅ Passing tests
2026-10-10T21:16:08.3096716Z ✅ compact filters compose reopen reset and keep identity separate
2026-10-10T21:16:09.6740874Z ##[endgroup]
2026-10-10T21:16:09.6757411Z TANDEMLOG_FIRST_FRAME_MS=10
2026-10-10T21:16:09.9511936Z TANDEMLOG_PHASE identity_lock=0
2026-10-10T21:16:09.9661986Z TANDEMLOG_PHASE sqlite_open_schema=14
2026-10-10T21:16:09.9776654Z TANDEMLOG_PHASE manifest=11
2026-10-10T21:16:10.0120358Z TANDEMLOG_PHASE ingest=34
2026-10-10T21:16:10.0514895Z TANDEMLOG_ROWS {"query_ms":0,"decode_ms":0,"sort_ms":0}
2026-10-10T21:16:10.1686223Z TANDEMLOG_READY_MS=503 FILES_READ=1
2026-10-10T21:16:20.4953400Z ##[group]✅ Passing tests
2026-10-10T21:16:20.4953825Z ✅ bounded tag search and responsive task metadata remain readable
2026-10-10T21:18:09.9436119Z ##[endgroup]
2026-10-10T21:18:09.9436443Z TANDEMLOG_FIRST_FRAME_MS=13
2026-10-10T21:18:10.2172516Z TANDEMLOG_PHASE identity_lock=0
2026-10-10T21:18:10.2332801Z TANDEMLOG_PHASE sqlite_open_schema=15
2026-10-10T21:18:10.2448897Z TANDEMLOG_PHASE manifest=11
2026-10-10T21:18:11.4367542Z TANDEMLOG_PHASE ingest=1191
2026-10-10T21:18:11.5001318Z TANDEMLOG_ROWS {"query_ms":4,"decode_ms":12,"sort_ms":0}
2026-10-10T21:18:11.6564417Z TANDEMLOG_READY_MS=1726 FILES_READ=1
2026-10-10T21:18:34.3255685Z ##[group]✅ Passing tests
2026-10-10T21:18:34.3256189Z ✅ header controls stay fixed between open and completed tabs
2026-10-10T21:18:34.6891377Z ##[endgroup]
2026-10-10T21:18:34.6891700Z TANDEMLOG_FIRST_FRAME_MS=10
2026-10-10T21:18:34.9767097Z TANDEMLOG_PHASE identity_lock=0
2026-10-10T21:18:34.9917864Z TANDEMLOG_PHASE sqlite_open_schema=14
2026-10-10T21:18:35.0033239Z TANDEMLOG_PHASE manifest=11
2026-10-10T21:18:35.0245987Z TANDEMLOG_PHASE ingest=21
2026-10-10T21:18:35.0634363Z TANDEMLOG_ROWS {"query_ms":0,"decode_ms":0,"sort_ms":0}
2026-10-10T21:18:35.1691351Z TANDEMLOG_READY_MS=489 FILES_READ=1
2026-10-10T21:18:47.1889815Z ##[group]✅ Passing tests
2026-10-10T21:18:47.1890837Z ✅ dates, zones, tags and order with historical v3 recurrence compatibility
2026-10-10T21:18:47.3563378Z ##[endgroup]
2026-10-10T21:18:47.3563640Z TANDEMLOG_FIRST_FRAME_MS=11
2026-10-10T21:18:47.5849091Z TANDEMLOG_PHASE identity_lock=0
2026-10-10T21:18:47.5995073Z TANDEMLOG_PHASE sqlite_open_schema=14
2026-10-10T21:18:47.6166738Z TANDEMLOG_PHASE manifest=17
2026-10-10T21:18:47.6300482Z TANDEMLOG_PHASE ingest=13
2026-10-10T21:18:47.6564671Z TANDEMLOG_ROWS {"query_ms":0,"decode_ms":0,"sort_ms":0}
2026-10-10T21:18:47.7265898Z TANDEMLOG_READY_MS=380 FILES_READ=1
2026-10-10T21:18:48.4060404Z ##[group]✅ Passing tests
2026-10-10T21:18:48.4060896Z ✅ future event clock warns without blocking capture
2026-10-10T21:18:54.4402622Z ##[endgroup]
2026-10-10T21:18:54.4403445Z TANDEMLOG_FIRST_FRAME_MS=11
2026-10-10T21:18:54.6621399Z TANDEMLOG_PHASE identity_lock=0
2026-10-10T21:18:54.6774845Z TANDEMLOG_PHASE sqlite_open_schema=15
2026-10-10T21:18:54.6955770Z TANDEMLOG_PHASE manifest=17
2026-10-10T21:18:54.7674285Z TANDEMLOG_PHASE ingest=71
2026-10-10T21:18:54.8151453Z TANDEMLOG_ROWS {"query_ms":0,"decode_ms":0,"sort_ms":0}
2026-10-10T21:18:54.9963217Z TANDEMLOG_READY_MS=567 FILES_READ=1
2026-10-10T21:19:19.6410974Z TANDEMLOG_FIRST_FRAME_MS=10
2026-10-10T21:19:19.6627509Z TANDEMLOG_PHASE identity_lock=0
2026-10-10T21:19:19.6737488Z TANDEMLOG_PHASE sqlite_open_schema=11
2026-10-10T21:19:19.6861289Z TANDEMLOG_PHASE manifest=12
2026-10-10T21:19:19.6976030Z TANDEMLOG_PHASE ingest=11
2026-10-10T21:19:19.7255919Z TANDEMLOG_ROWS {"query_ms":0,"decode_ms":0,"sort_ms":0}
2026-10-10T21:19:19.8373589Z TANDEMLOG_READY_MS=208 FILES_READ=0
2026-10-10T21:19:20.1623887Z ##[group]✅ Passing tests
2026-10-10T21:19:21.2416669Z ✅ native tag filters preserve drafts and selected block drag scrolls offscreen
2026-10-10T21:19:21.2417550Z ##[endgroup]
2026-10-10T21:19:21.2417819Z TANDEMLOG_FIRST_FRAME_MS=10
2026-10-10T21:19:21.5127902Z TANDEMLOG_PHASE identity_lock=0
2026-10-10T21:19:21.5280365Z TANDEMLOG_PHASE sqlite_open_schema=15
2026-10-10T21:19:21.5394402Z TANDEMLOG_PHASE manifest=11
2026-10-10T21:19:21.5716851Z TANDEMLOG_PHASE ingest=31
2026-10-10T21:19:21.6123557Z TANDEMLOG_ROWS {"query_ms":0,"decode_ms":0,"sort_ms":0}
2026-10-10T21:19:21.7531039Z TANDEMLOG_READY_MS=523 FILES_READ=1
2026-10-10T21:19:32.7572647Z TANDEMLOG_FIRST_FRAME_MS=10
2026-10-10T21:19:32.7748955Z TANDEMLOG_PHASE identity_lock=0
2026-10-10T21:19:32.7943651Z TANDEMLOG_PHASE sqlite_open_schema=19
2026-10-10T21:19:32.8073108Z TANDEMLOG_PHASE manifest=12
2026-10-10T21:19:32.8197227Z TANDEMLOG_PHASE ingest=12
2026-10-10T21:19:32.8609076Z TANDEMLOG_ROWS {"query_ms":0,"decode_ms":0,"sort_ms":0}
2026-10-10T21:19:32.9254850Z TANDEMLOG_READY_MS=179 FILES_READ=0
2026-10-10T21:19:34.1771102Z ##[group]✅ Passing tests
2026-10-10T21:19:34.1771755Z ✅ native drag preserves hidden order and rejects other time buckets
2026-10-10T21:19:34.4742202Z ##[endgroup]
2026-10-10T21:19:34.4742449Z TANDEMLOG_FIRST_FRAME_MS=9
2026-10-10T21:19:34.8745108Z TANDEMLOG_PHASE identity_lock=0
2026-10-10T21:19:34.9009380Z TANDEMLOG_PHASE sqlite_open_schema=26
2026-10-10T21:19:34.9249204Z TANDEMLOG_PHASE manifest=23
2026-10-10T21:19:34.9474828Z TANDEMLOG_PHASE ingest=22
2026-10-10T21:19:34.9953699Z TANDEMLOG_ROWS {"query_ms":0,"decode_ms":0,"sort_ms":0}
2026-10-10T21:19:35.1775580Z TANDEMLOG_READY_MS=713 FILES_READ=1
2026-10-10T21:19:35.7057983Z ##[group]✅ Passing tests
2026-10-10T21:19:35.7058519Z ✅ loaded startup marker waits for a rendered time projection
2026-10-10T21:19:36.6740671Z ##[endgroup]
2026-10-10T21:19:36.6740930Z TANDEMLOG_FIRST_FRAME_MS=10
2026-10-10T21:19:36.9434179Z TANDEMLOG_PHASE identity_lock=0
2026-10-10T21:19:36.9582944Z TANDEMLOG_PHASE sqlite_open_schema=14
2026-10-10T21:19:36.9695775Z TANDEMLOG_PHASE manifest=11
2026-10-10T21:19:36.9972229Z TANDEMLOG_PHASE ingest=27
2026-10-10T21:19:37.0270224Z TANDEMLOG_ROWS {"query_ms":0,"decode_ms":0,"sort_ms":0}
2026-10-10T21:19:37.1744028Z TANDEMLOG_READY_MS=510 FILES_READ=1
2026-10-10T21:19:46.5759646Z ##[group]✅ Passing tests
2026-10-10T21:19:46.5760246Z ✅ timed task groups preserve drafts and editors without log writes
2026-10-10T21:19:46.8750282Z ##[endgroup]
2026-10-10T21:19:46.8750590Z TANDEMLOG_FIRST_FRAME_MS=11
2026-10-10T21:19:47.1401353Z TANDEMLOG_PHASE identity_lock=0
2026-10-10T21:19:47.1556830Z TANDEMLOG_PHASE sqlite_open_schema=15
2026-10-10T21:19:47.1670457Z TANDEMLOG_PHASE manifest=11
2026-10-10T21:19:47.1878830Z TANDEMLOG_PHASE ingest=20
2026-10-10T21:19:47.2148794Z TANDEMLOG_ROWS {"query_ms":0,"decode_ms":0,"sort_ms":0}
2026-10-10T21:19:47.2642960Z TANDEMLOG_READY_MS=401 FILES_READ=1
2026-10-10T21:20:51.5900459Z TANDEMLOG_FIRST_FRAME_MS=11
2026-10-10T21:20:51.5988118Z TANDEMLOG_PHASE identity_lock=0
2026-10-10T21:20:51.6253770Z TANDEMLOG_PHASE sqlite_open_schema=26
2026-10-10T21:20:51.6395854Z TANDEMLOG_PHASE manifest=14
2026-10-10T21:20:51.6519566Z TANDEMLOG_PHASE ingest=12
2026-10-10T21:20:51.6983958Z TANDEMLOG_ROWS {"query_ms":0,"decode_ms":0,"sort_ms":0}
2026-10-10T21:20:51.7500320Z TANDEMLOG_READY_MS=171 FILES_READ=0
2026-10-10T21:20:52.2346681Z ##[group]✅ Passing tests
2026-10-10T21:20:52.2347207Z ✅ session Undo survives notices, protects drafts and preserves newer synced edits
2026-10-10T21:20:52.5065112Z ##[endgroup]
2026-10-10T21:20:52.5065357Z TANDEMLOG_FIRST_FRAME_MS=10
2026-10-10T21:20:52.7616808Z TANDEMLOG_PHASE identity_lock=0
2026-10-10T21:20:52.7771306Z TANDEMLOG_PHASE sqlite_open_schema=15
2026-10-10T21:20:52.7884921Z TANDEMLOG_PHASE manifest=11
2026-10-10T21:20:52.8080923Z TANDEMLOG_PHASE ingest=19
2026-10-10T21:20:52.8351305Z TANDEMLOG_ROWS {"query_ms":0,"decode_ms":0,"sort_ms":0}
2026-10-10T21:20:52.8986518Z TANDEMLOG_READY_MS=402 FILES_READ=1
2026-10-10T21:20:57.1976707Z ##[group]✅ Passing tests
2026-10-10T21:20:57.1977343Z ✅ historical v3 recurrence compatibility enables unchanged completion at midnight
2026-10-10T21:20:58.5736682Z ##[endgroup]
2026-10-10T21:20:58.5736937Z TANDEMLOG_FIRST_FRAME_MS=10
2026-10-10T21:20:58.7809874Z TANDEMLOG_PHASE identity_lock=0
2026-10-10T21:20:58.7964086Z TANDEMLOG_PHASE sqlite_open_schema=15
2026-10-10T21:20:58.8032820Z TANDEMLOG_PHASE manifest=6
2026-10-10T21:20:58.8273912Z TANDEMLOG_PHASE ingest=23
2026-10-10T21:20:58.8537252Z TANDEMLOG_ROWS {"query_ms":0,"decode_ms":0,"sort_ms":0}
2026-10-10T21:20:58.9814114Z TANDEMLOG_READY_MS=418 FILES_READ=1
2026-10-10T21:21:05.2190445Z ##[group]✅ Passing tests
2026-10-10T21:21:05.2191079Z ✅ single and bulk dirty panes stay mounted through drag and reorder Undo
2026-10-10T21:21:05.4242693Z ##[endgroup]
2026-10-10T21:21:05.4242945Z TANDEMLOG_FIRST_FRAME_MS=11
2026-10-10T21:21:05.6614297Z TANDEMLOG_PHASE identity_lock=0
2026-10-10T21:21:05.6768376Z TANDEMLOG_PHASE sqlite_open_schema=15
2026-10-10T21:21:05.6896587Z TANDEMLOG_PHASE manifest=12
2026-10-10T21:21:05.7083986Z TANDEMLOG_PHASE ingest=18
2026-10-10T21:21:05.7354453Z TANDEMLOG_ROWS {"query_ms":0,"decode_ms":0,"sort_ms":0}
2026-10-10T21:21:05.8113847Z TANDEMLOG_READY_MS=398 FILES_READ=1
2026-10-10T21:21:10.0007954Z ##[group]✅ capture batches update draft once and retain responsive native frames
2026-10-10T21:21:10.0008560Z TANDEMLOG_NATIVE_BATCH count=1 input_clear_ms=94 settle_ms=354 frames=2 input_updates=1
2026-10-10T21:21:10.0009106Z TANDEMLOG_NATIVE_BATCH count=30 input_clear_ms=337 settle_ms=496 frames=3 input_updates=1
2026-10-10T21:21:10.0009669Z TANDEMLOG_NATIVE_BATCH count=100 input_clear_ms=756 settle_ms=377 frames=3 input_updates=1
2026-10-10T21:21:10.0010698Z ##[endgroup]
2026-10-10T21:21:11.0743028Z TANDEMLOG_FIRST_FRAME_MS=12
2026-10-10T21:21:11.3115346Z TANDEMLOG_PHASE identity_lock=0
2026-10-10T21:21:11.3269844Z TANDEMLOG_PHASE sqlite_open_schema=15
2026-10-10T21:21:11.3398654Z TANDEMLOG_PHASE manifest=12
2026-10-10T21:21:11.4267821Z TANDEMLOG_PHASE ingest=86
2026-10-10T21:21:11.4640982Z TANDEMLOG_ROWS {"query_ms":0,"decode_ms":0,"sort_ms":0}
2026-10-10T21:21:11.6437795Z TANDEMLOG_READY_MS=581 FILES_READ=1
2026-10-10T21:21:37.0848063Z ##[group]✅ Passing tests
2026-10-10T21:21:37.0848522Z ✅ compact selection commands stay reachable through scrolling and resize
2026-10-10T21:21:37.1082631Z ##[endgroup]
2026-10-10T21:21:37.1083018Z 
2026-10-10T21:21:37.1087358Z 🎉 95 tests passed.
2026-10-10T21:21:37.1301517Z ##[group]Run flutter build linux --release
2026-10-10T21:21:37.1301867Z [36;1mflutter build linux --release[0m
2026-10-10T21:21:37.1344677Z shell: /usr/bin/bash -e {0}
2026-10-10T21:21:37.1344952Z env:
2026-10-10T21:21:37.1345276Z   CARGO_HOME: /home/runner/work/_temp/tandemlog-rust-bootstrap/cargo
2026-10-10T21:21:37.1345738Z   RUSTUP_HOME: /home/runner/work/_temp/tandemlog-rust-bootstrap/rustup
2026-10-10T21:21:37.1346157Z   RUSTUP_UPDATE_ROOT: https://static.rust-lang.org/rustup
2026-10-10T21:21:37.1346522Z   RUSTUP_DIST_SERVER: https://static.rust-lang.org
2026-10-10T21:21:37.1346818Z   RUSTUP_AUTO_INSTALL: 0
2026-10-10T21:21:37.1347170Z   TANDEMLOG_TEXT_TARGET_DIR: /home/runner/work/_temp/tandemlog-rust-bootstrap/target
2026-10-10T21:21:37.1347685Z   TANDEMLOG_TEXT_LIBRARY: /home/runner/work/_temp/native-unit/libtandemlog_text.so
2026-10-10T21:21:37.1348056Z ##[endgroup]
2026-10-10T21:21:37.2767280Z Resolving dependencies...
2026-10-10T21:21:37.3492142Z Downloading packages...
2026-10-10T21:21:37.4163978Z   code_assets 1.2.1 (2.1.0 available)
2026-10-10T21:21:37.4164652Z   cross_file 0.3.5+5 (0.4.0 available)
2026-10-10T21:21:37.4165213Z   jni 1.0.3 (1.1.0 available)
2026-10-10T21:21:37.4165714Z   jni_flutter 1.0.3 (1.0.4+1 available)
2026-10-10T21:21:37.4166354Z   material_color_utilities 0.13.0 (0.13.1 available)
2026-10-10T21:21:37.4166938Z   native_toolchain_c 0.19.3 (0.19.5 available)
2026-10-10T21:21:37.4167483Z   objective_c 9.5.0 (9.6.2 available)
2026-10-10T21:21:37.4167990Z   test_api 0.7.12 (0.7.15 available)
2026-10-10T21:21:37.4168484Z   url_launcher 6.3.2 (6.3.3 available)
2026-10-10T21:21:37.4168984Z   vector_math 2.4.0 (2.4.3 available)
2026-10-10T21:21:37.4169434Z Got dependencies!
2026-10-10T21:21:37.4170212Z 10 packages have newer versions incompatible with dependency constraints.
2026-10-10T21:21:37.4170974Z Try `flutter pub outdated` for more information.
2026-10-10T21:21:39.1316740Z Building Linux application...                                   
2026-10-10T21:21:39.1326022Z warning: unused imports: `BlockRange` and `Block`
2026-10-10T21:21:39.1329503Z warning: unused import: `Block`
2026-10-10T21:21:39.1331411Z warning: unused import: `ItemContent`
2026-10-10T21:21:39.1332912Z warning: unused imports: `SmallVec` and `smallvec`
2026-10-10T21:21:39.1334225Z warning: unused import: `crate::utils::OptionExt`
2026-10-10T21:21:39.1335345Z warning: value assigned to `left` is never read
2026-10-10T21:21:39.1340371Z warning: unused variable: `ptr`
2026-10-10T21:21:39.1343696Z warning: unused variable: `ptr`
2026-10-10T21:21:39.1345786Z warning: variable does not need to be mutable
2026-10-10T21:21:39.1349737Z warning: variable does not need to be mutable
2026-10-10T21:21:39.1350530Z warning: unused variable: `clear_undo`
2026-10-10T21:21:39.1353624Z warning: unused variable: `clear_redo`
2026-10-10T21:21:39.1357671Z warning: method `as_item` is never used
2026-10-10T21:21:39.1360602Z warning: methods `last_id`, `is_item`, and `is_gc` are never used
2026-10-10T21:21:39.1363336Z warning: method `delete_as_cleanup` is never used
2026-10-10T21:21:39.1365786Z warning: method `integrate` is never used
2026-10-10T21:21:39.1368063Z warning: method `contains` is never used
2026-10-10T21:21:39.1370263Z warning: constant `WEAK_REF_FLAGS_QUOTE` is never used
2026-10-10T21:21:39.1371942Z warning: constant `WEAK_REF_FLAGS_START_ASSOC` is never used
2026-10-10T21:21:39.1373439Z warning: constant `WEAK_REF_FLAGS_END_ASSOC` is never used
2026-10-10T21:21:39.1375108Z warning: constant `WEAK_REF_FLAGS_START_UNBOUNDED` is never used
2026-10-10T21:21:39.1376657Z warning: constant `WEAK_REF_FLAGS_END_UNBOUNDED` is never used
2026-10-10T21:21:39.1378138Z warning: constant `WEAK_REF_FLAGS_PARENT_ROOT` is never used
2026-10-10T21:21:39.1379730Z warning: field `txn` is never read
2026-10-10T21:21:39.1383878Z warning: method `as_id_set` is never used
2026-10-10T21:21:39.1385642Z warning: associated functions `next_target` and `return_stack` are never used
2026-10-10T21:21:39.1389315Z warning: methods `forward`, `backward`, and `values` are never used
2026-10-10T21:21:39.1395040Z warning: struct `Values` is never constructed
2026-10-10T21:21:39.1395922Z warning: associated function `new` is never used
2026-10-10T21:21:39.1397142Z warning: method `remove_at` is never used
2026-10-10T21:21:39.1400318Z warning: method `inner_mut` is never used
2026-10-10T21:21:39.1407333Z warning: trait `BlockIterator` is never used
2026-10-10T21:21:39.1424170Z warning: trait `BlockSliceIterator` is never used
2026-10-10T21:21:39.1424795Z warning: struct `RangeIter` is never constructed
2026-10-10T21:21:39.1425351Z warning: associated items `new` and `begin` are never used
2026-10-10T21:21:39.1426000Z warning: enum `RangeIterState` is never used
2026-10-10T21:21:39.1435906Z warning: struct `Values` is never constructed
2026-10-10T21:21:39.1451266Z warning: associated function `new` is never used
2026-10-10T21:21:39.1460307Z warning: field `txn` is never read
2026-10-10T21:21:39.1461063Z warning: methods `adjacent`, `contains_id`, `right`, and `left` are never used
2026-10-10T21:21:39.1461812Z warning: methods `within_range` and `get_item` are never used
2026-10-10T21:21:39.1462459Z warning: hiding a lifetime that's elided elsewhere is confusing
2026-10-10T21:21:39.1463176Z warning: hiding a lifetime that's elided elsewhere is confusing
2026-10-10T21:21:39.1464166Z warning: hiding a lifetime that's elided elsewhere is confusing
2026-10-10T21:21:39.1494928Z warning: hiding a lifetime that's elided elsewhere is confusing
2026-10-10T21:21:39.1521362Z warning: hiding a lifetime that's elided elsewhere is confusing
2026-10-10T21:21:39.1541039Z warning: hiding a lifetime that's elided elsewhere is confusing
2026-10-10T21:21:39.1541851Z warning: hiding a lifetime that's elided elsewhere is confusing
2026-10-10T21:21:39.1542614Z warning: hiding a lifetime that's elided elsewhere is confusing
2026-10-10T21:21:39.1543341Z warning: hiding a lifetime that's elided elsewhere is confusing
2026-10-10T21:21:39.1567239Z warning: hiding a lifetime that's elided elsewhere is confusing
2026-10-10T21:21:39.1580941Z warning: hiding a lifetime that's elided elsewhere is confusing
2026-10-10T21:21:39.1581730Z warning: hiding a lifetime that's elided elsewhere is confusing
2026-10-10T21:21:39.1582398Z warning: hiding a lifetime that's elided elsewhere is confusing
2026-10-10T21:21:39.1588131Z warning: hiding a lifetime that's elided elsewhere is confusing
2026-10-10T21:21:39.1588866Z warning: hiding a lifetime that's elided elsewhere is confusing
2026-10-10T21:21:39.1589455Z warning: hiding a lifetime that's elided elsewhere is confusing
2026-10-10T21:21:39.1589996Z warning: hiding a lifetime that's elided elsewhere is confusing
2026-10-10T21:21:39.1591231Z warning: `yrs` (lib) generated 58 warnings (run `cargo fix --lib -p yrs` to apply 27 suggestions)
2026-10-10T21:22:11.1038221Z ✓ Built build/linux/x64/release/bundle/tandemlog
2026-10-10T21:22:11.1116890Z ##[group]Run python tool/native_build_gates.py verify_payload --platform linux --payload build/linux/x64/release/bundle
2026-10-10T21:22:11.1117707Z [36;1mpython tool/native_build_gates.py verify_payload --platform linux --payload build/linux/x64/release/bundle[0m
2026-10-10T21:22:11.1158335Z shell: /usr/bin/bash -e {0}
2026-10-10T21:22:11.1158768Z env:
2026-10-10T21:22:11.1159073Z   CARGO_HOME: /home/runner/work/_temp/tandemlog-rust-bootstrap/cargo
2026-10-10T21:22:11.1159530Z   RUSTUP_HOME: /home/runner/work/_temp/tandemlog-rust-bootstrap/rustup
2026-10-10T21:22:11.1159961Z   RUSTUP_UPDATE_ROOT: https://static.rust-lang.org/rustup
2026-10-10T21:22:11.1160594Z   RUSTUP_DIST_SERVER: https://static.rust-lang.org
2026-10-10T21:22:11.1160888Z   RUSTUP_AUTO_INSTALL: 0
2026-10-10T21:22:11.1161248Z   TANDEMLOG_TEXT_TARGET_DIR: /home/runner/work/_temp/tandemlog-rust-bootstrap/target
2026-10-10T21:22:11.1161819Z   TANDEMLOG_TEXT_LIBRARY: /home/runner/work/_temp/native-unit/libtandemlog_text.so
2026-10-10T21:22:11.1162195Z ##[endgroup]
2026-10-10T21:22:11.2049609Z Required production native ABI loaded: build/linux/x64/release/bundle/lib/libtandemlog_text.so
2026-10-10T21:22:11.2050374Z Packaged native library and exact notices verified: build/linux/x64/release/bundle
2026-10-10T21:22:11.2160614Z ##[group]Run xvfb-run -a dbus-run-session -- python3 tool/measure_startup.py --tasks 10 --runs 2 --workspace "$RUNNER_TEMP/tandemlog-performance" > linux-startup.json
2026-10-10T21:22:11.2161812Z [36;1mxvfb-run -a dbus-run-session -- python3 tool/measure_startup.py --tasks 10 --runs 2 --workspace "$RUNNER_TEMP/tandemlog-performance" > linux-startup.json[0m
2026-10-10T21:22:11.2202293Z shell: /usr/bin/bash -e {0}
2026-10-10T21:22:11.2202588Z env:
2026-10-10T21:22:11.2202918Z   CARGO_HOME: /home/runner/work/_temp/tandemlog-rust-bootstrap/cargo
2026-10-10T21:22:11.2203410Z   RUSTUP_HOME: /home/runner/work/_temp/tandemlog-rust-bootstrap/rustup
2026-10-10T21:22:11.2203873Z   RUSTUP_UPDATE_ROOT: https://static.rust-lang.org/rustup
2026-10-10T21:22:11.2204261Z   RUSTUP_DIST_SERVER: https://static.rust-lang.org
2026-10-10T21:22:11.2204583Z   RUSTUP_AUTO_INSTALL: 0
2026-10-10T21:22:11.2204983Z   TANDEMLOG_TEXT_TARGET_DIR: /home/runner/work/_temp/tandemlog-rust-bootstrap/target
2026-10-10T21:22:11.2205582Z   TANDEMLOG_TEXT_LIBRARY: /home/runner/work/_temp/native-unit/libtandemlog_text.so
2026-10-10T21:22:11.2206033Z ##[endgroup]
2026-10-10T21:22:12.9596902Z ##[group]Run mkdir dist
2026-10-10T21:22:12.9597312Z [36;1mmkdir dist[0m
2026-10-10T21:22:12.9597645Z [36;1mcp linux-startup.json dist/[0m
2026-10-10T21:22:12.9655923Z shell: /usr/bin/bash -e {0}
2026-10-10T21:22:12.9656323Z env:
2026-10-10T21:22:12.9656804Z   CARGO_HOME: /home/runner/work/_temp/tandemlog-rust-bootstrap/cargo
2026-10-10T21:22:12.9657527Z   RUSTUP_HOME: /home/runner/work/_temp/tandemlog-rust-bootstrap/rustup
2026-10-10T21:22:12.9658205Z   RUSTUP_UPDATE_ROOT: https://static.rust-lang.org/rustup
2026-10-10T21:22:12.9658805Z   RUSTUP_DIST_SERVER: https://static.rust-lang.org
2026-10-10T21:22:12.9659241Z   RUSTUP_AUTO_INSTALL: 0
2026-10-10T21:22:12.9659747Z   TANDEMLOG_TEXT_TARGET_DIR: /home/runner/work/_temp/tandemlog-rust-bootstrap/target
2026-10-10T21:22:12.9660692Z   TANDEMLOG_TEXT_LIBRARY: /home/runner/work/_temp/native-unit/libtandemlog_text.so
2026-10-10T21:22:12.9661371Z ##[endgroup]
2026-10-10T21:22:12.9791840Z ##[group]Run bash packaging/linux/build-flatpak.sh
2026-10-10T21:22:12.9792222Z [36;1mbash packaging/linux/build-flatpak.sh[0m
2026-10-10T21:22:12.9830929Z shell: /usr/bin/bash -e {0}
2026-10-10T21:22:12.9831196Z env:
2026-10-10T21:22:12.9831502Z   CARGO_HOME: /home/runner/work/_temp/tandemlog-rust-bootstrap/cargo
2026-10-10T21:22:12.9831966Z   RUSTUP_HOME: /home/runner/work/_temp/tandemlog-rust-bootstrap/rustup
2026-10-10T21:22:12.9832396Z   RUSTUP_UPDATE_ROOT: https://static.rust-lang.org/rustup
2026-10-10T21:22:12.9832771Z   RUSTUP_DIST_SERVER: https://static.rust-lang.org
2026-10-10T21:22:12.9833070Z   RUSTUP_AUTO_INSTALL: 0
2026-10-10T21:22:12.9833430Z   TANDEMLOG_TEXT_TARGET_DIR: /home/runner/work/_temp/tandemlog-rust-bootstrap/target
2026-10-10T21:22:12.9833946Z   TANDEMLOG_TEXT_LIBRARY: /home/runner/work/_temp/native-unit/libtandemlog_text.so
2026-10-10T21:22:12.9834339Z ##[endgroup]
2026-10-10T21:22:13.8665279Z Installing runtime/org.freedesktop.Platform.GL.default/x86_64/25.08
2026-10-10T21:22:18.9087726Z Installing runtime/org.freedesktop.Platform.GL.default/x86_64/25.08-extra
2026-10-10T21:22:20.3241968Z Installing runtime/org.freedesktop.Platform.codecs-extra/x86_64/25.08-extra
2026-10-10T21:22:21.1031606Z Installing runtime/org.gnome.Platform.Locale/x86_64/50
2026-10-10T21:22:31.9979125Z Installing runtime/org.gnome.Platform/x86_64/50
2026-10-10T21:22:49.4936366Z Installing runtime/org.gnome.Sdk.Locale/x86_64/50
2026-10-10T21:22:54.4720572Z Installing runtime/org.gnome.Sdk/x86_64/50
2026-10-10T21:23:20.6052306Z Exporting share/applications/com.reddraggone9.tandemlog.desktop
2026-10-10T21:23:20.6053229Z Exporting share/icons/hicolor/scalable/apps/com.reddraggone9.tandemlog.svg
2026-10-10T21:23:20.6066479Z Please review the exported files and the metadata
2026-10-10T21:23:22.4177626Z Commit: f0d5b76d83751857d2a3c7add926c3cb97dc11d8696b105e387ffe8aa7cc9619
2026-10-10T21:23:22.4178047Z Metadata Total: 49
2026-10-10T21:23:22.4178259Z Metadata Written: 20
2026-10-10T21:23:22.4178501Z Content Total: 24
2026-10-10T21:23:22.4178700Z Content Written: 22
2026-10-10T21:23:22.4179182Z Content Bytes Written: 32040154 (32.0 MB)
2026-10-10T21:23:36.1632488Z Commit: f68fa1023f8a02d5a3b9962129d1058aeab47100fdd940ed32bf5a119d6c4170
2026-10-10T21:23:36.1633067Z Metadata Total: 49
2026-10-10T21:23:36.1633359Z Metadata Written: 1
2026-10-10T21:23:36.1633644Z Content Total: 24
2026-10-10T21:23:36.1633919Z Content Written: 0
2026-10-10T21:23:36.1634202Z Content Bytes Written: 0 (0 bytes)
2026-10-10T21:23:48.2192244Z ##[group]Run xvfb-run -a dbus-run-session -- bash packaging/linux/install-smoke.sh
2026-10-10T21:23:48.2192874Z [36;1mxvfb-run -a dbus-run-session -- bash packaging/linux/install-smoke.sh[0m
2026-10-10T21:23:48.2233949Z shell: /usr/bin/bash -e {0}
2026-10-10T21:23:48.2234241Z env:
2026-10-10T21:23:48.2234570Z   CARGO_HOME: /home/runner/work/_temp/tandemlog-rust-bootstrap/cargo
2026-10-10T21:23:48.2235051Z   RUSTUP_HOME: /home/runner/work/_temp/tandemlog-rust-bootstrap/rustup
2026-10-10T21:23:48.2235514Z   RUSTUP_UPDATE_ROOT: https://static.rust-lang.org/rustup
2026-10-10T21:23:48.2235903Z   RUSTUP_DIST_SERVER: https://static.rust-lang.org
2026-10-10T21:23:48.2236213Z   RUSTUP_AUTO_INSTALL: 0
2026-10-10T21:23:48.2236588Z   TANDEMLOG_TEXT_TARGET_DIR: /home/runner/work/_temp/tandemlog-rust-bootstrap/target
2026-10-10T21:23:48.2237119Z   TANDEMLOG_TEXT_LIBRARY: /home/runner/work/_temp/native-unit/libtandemlog_text.so
2026-10-10T21:23:48.2237512Z ##[endgroup]
2026-10-10T21:23:48.8175219Z Installing app/com.reddraggone9.tandemlog/x86_64/master
2026-10-10T21:23:50.5677790Z dbus-daemon[8927]: [session uid=1001 pid=8927] Activating service name='org.freedesktop.Flatpak' requested by ':1.1' (uid=1001 pid=8953 comm="flatpak run --die-with-parent --instance-id-fd=3 c" label="flatpak (unconfined)")
2026-10-10T21:23:50.6768087Z dbus-daemon[8927]: [session uid=1001 pid=8927] Successfully activated service 'org.freedesktop.Flatpak'
2026-10-10T21:23:50.6781020Z dbus-daemon[8927]: [session uid=1001 pid=8927] Activating service name='org.freedesktop.portal.Documents' requested by ':1.1' (uid=1001 pid=8953 comm="flatpak run --die-with-parent --instance-id-fd=3 c" label="flatpak (unconfined)")
2026-10-10T21:23:50.6823245Z dbus-daemon[8927]: [session uid=1001 pid=8927] Activating service name='org.freedesktop.impl.portal.PermissionStore' requested by ':1.3' (uid=1001 pid=8970 comm="/usr/libexec/xdg-document-portal" label="unconfined")
2026-10-10T21:23:50.6856754Z dbus-daemon[8927]: [session uid=1001 pid=8927] Successfully activated service 'org.freedesktop.impl.portal.PermissionStore'
2026-10-10T21:23:50.6867989Z dbus-daemon[8927]: [session uid=1001 pid=8927] Successfully activated service 'org.freedesktop.portal.Documents'
2026-10-10T21:23:50.6912374Z Ignoring invalid max threads value 4294967295 > max (100000).
2026-10-10T21:23:50.7790216Z dbus-daemon[8927]: [session uid=1001 pid=8927] Activating service name='org.freedesktop.portal.Desktop' requested by ':1.5' (uid=1001 pid=8988 comm="xdg-dbus-proxy --args=41" label="flatpak (unconfined)")
2026-10-10T21:23:50.7859508Z 
2026-10-10T21:23:50.7860690Z (/usr/libexec/xdg-desktop-portal:8999): xdg-desktop-portal-WARNING **: 21:23:50.785: Choosing gtk.portal for org.freedesktop.impl.portal.Lockdown as a last-resort fallback
2026-10-10T21:23:50.7861364Z 
2026-10-10T21:23:50.7862102Z (/usr/libexec/xdg-desktop-portal:8999): xdg-desktop-portal-WARNING **: 21:23:50.785: The preferred method to match portal implementations to desktop environments is to use the portals.conf(5) configuration file
2026-10-10T21:23:50.7863487Z dbus-daemon[8927]: [session uid=1001 pid=8927] Activating service name='org.freedesktop.impl.portal.desktop.gtk' requested by ':1.7' (uid=1001 pid=8999 comm="/usr/libexec/xdg-desktop-portal" label="unconfined")
2026-10-10T21:23:50.7997428Z 
2026-10-10T21:23:50.7998375Z (xdg-desktop-portal-gtk:9005): dbind-WARNING **: 21:23:50.799: AT-SPI: Error retrieving accessibility bus address: org.freedesktop.DBus.Error.ServiceUnknown: The name org.a11y.Bus was not provided by any .service files
2026-10-10T21:23:50.8080990Z dbus-daemon[8927]: [session uid=1001 pid=8927] Successfully activated service 'org.freedesktop.impl.portal.desktop.gtk'
2026-10-10T21:23:50.8115888Z 
2026-10-10T21:23:50.8116944Z (/usr/libexec/xdg-desktop-portal:8999): xdg-desktop-portal-WARNING **: 21:23:50.811: Failed to load RealtimeKit property: GDBus.Error:org.freedesktop.DBus.Error.ServiceUnknown: The name org.freedesktop.RealtimeKit1 was not provided by any .service files
2026-10-10T21:23:50.8118745Z 
2026-10-10T21:23:50.8119643Z (/usr/libexec/xdg-desktop-portal:8999): xdg-desktop-portal-WARNING **: 21:23:50.811: Failed to load RealtimeKit property: GDBus.Error:org.freedesktop.DBus.Error.ServiceUnknown: The name org.freedesktop.RealtimeKit1 was not provided by any .service files
2026-10-10T21:23:50.8122245Z 
2026-10-10T21:23:50.8123123Z (/usr/libexec/xdg-desktop-portal:8999): xdg-desktop-portal-WARNING **: 21:23:50.812: Failed to load RealtimeKit property: GDBus.Error:org.freedesktop.DBus.Error.ServiceUnknown: The name org.freedesktop.RealtimeKit1 was not provided by any .service files
2026-10-10T21:23:50.8124413Z 
2026-10-10T21:23:50.8124794Z (/usr/libexec/xdg-desktop-portal:8999): xdg-desktop-portal-WARNING **: 21:23:50.812: No skeleton to export
2026-10-10T21:23:50.8125555Z 
2026-10-10T21:23:50.8126345Z (/usr/libexec/xdg-desktop-portal:8999): xdg-desktop-portal-WARNING **: 21:23:50.812: Choosing gtk.portal for org.freedesktop.impl.portal.FileChooser as a last-resort fallback
2026-10-10T21:23:50.8129645Z 
2026-10-10T21:23:50.8130402Z (/usr/libexec/xdg-desktop-portal:8999): xdg-desktop-portal-WARNING **: 21:23:50.812: Choosing gtk.portal for org.freedesktop.impl.portal.AppChooser as a last-resort fallback
2026-10-10T21:23:50.8135256Z 
2026-10-10T21:23:50.8137398Z (/usr/libexec/xdg-desktop-portal:8999): xdg-desktop-portal-WARNING **: 21:23:50.813: Choosing gtk.portal for org.freedesktop.impl.portal.Print as a last-resort fallback
2026-10-10T21:23:50.8143075Z 
2026-10-10T21:23:50.8144015Z (/usr/libexec/xdg-desktop-portal:8999): xdg-desktop-portal-WARNING **: 21:23:50.814: Choosing gtk.portal for org.freedesktop.impl.portal.Notification as a last-resort fallback
2026-10-10T21:23:50.8149084Z 
2026-10-10T21:23:50.8150399Z (/usr/libexec/xdg-desktop-portal:8999): xdg-desktop-portal-WARNING **: 21:23:50.814: Choosing gtk.portal for org.freedesktop.impl.portal.Inhibit as a last-resort fallback
2026-10-10T21:23:50.8155242Z 
2026-10-10T21:23:50.8156080Z (/usr/libexec/xdg-desktop-portal:8999): xdg-desktop-portal-WARNING **: 21:23:50.815: Choosing gtk.portal for org.freedesktop.impl.portal.Access as a last-resort fallback
2026-10-10T21:23:50.8174478Z [W][01953.790036] pw.conf      | [          conf.c: 1031 try_load_conf()] can't load config client.conf: No such file or directory
2026-10-10T21:23:50.8175419Z [E][01953.790086] pw.conf      | [          conf.c: 1060 pw_conf_load_conf_for_context()] can't load config client.conf: No such file or directory
2026-10-10T21:23:50.8175919Z 
2026-10-10T21:23:50.8177536Z (/usr/libexec/xdg-desktop-portal:8999): xdg-desktop-portal-WARNING **: 21:23:50.817: Failed connect to PipeWire: Couldn't create PipeWire context
2026-10-10T21:23:50.8178411Z 
2026-10-10T21:23:50.8179111Z (/usr/libexec/xdg-desktop-portal:8999): xdg-desktop-portal-WARNING **: 21:23:50.817: Choosing gtk.portal for org.freedesktop.impl.portal.Account as a last-resort fallback
2026-10-10T21:23:50.8182907Z 
2026-10-10T21:23:50.8183807Z (/usr/libexec/xdg-desktop-portal:8999): xdg-desktop-portal-WARNING **: 21:23:50.818: Choosing gtk.portal for org.freedesktop.impl.portal.Email as a last-resort fallback
2026-10-10T21:23:50.8188885Z 
2026-10-10T21:23:50.8189509Z (/usr/libexec/xdg-desktop-portal:8999): xdg-desktop-portal-WARNING **: 21:23:50.818: Choosing gtk.portal for org.freedesktop.impl.portal.DynamicLauncher as a last-resort fallback
2026-10-10T21:23:50.8204356Z dbus-daemon[8927]: [session uid=1001 pid=8927] Successfully activated service 'org.freedesktop.portal.Desktop'
2026-10-10T21:23:54.4869702Z Installing app/com.reddraggone9.tandemlog/x86_64/master
2026-10-10T21:23:55.3027362Z tandemlog-linux-x64.flatpak: OK
2026-10-10T21:23:55.6442766Z Installing app/com.reddraggone9.tandemlog/x86_64/master
2026-10-10T21:24:00.1404566Z Uninstalling app/com.reddraggone9.tandemlog/x86_64/master
2026-10-10T21:24:01.1921116Z Installing app/com.reddraggone9.tandemlog/x86_64/master
2026-10-10T21:24:02.7695297Z tandemlog-linux-x64.flatpak: OK
2026-10-10T21:24:06.0652993Z ##[group]Run actions/upload-artifact@043fb46d1a93c77aae656e7c1c64a875d1fc6a0a
2026-10-10T21:24:06.0653400Z with:
2026-10-10T21:24:06.0653606Z   name: linux
2026-10-10T21:24:06.0653814Z   path: dist/*
2026-10-10T21:24:06.0654025Z   retention-days: 5
2026-10-10T21:24:06.0654258Z   if-no-files-found: error
2026-10-10T21:24:06.0654507Z   compression-level: 6
2026-10-10T21:24:06.0654739Z   overwrite: false
2026-10-10T21:24:06.0654962Z   include-hidden-files: false
2026-10-10T21:24:06.0655213Z   archive: true
2026-10-10T21:24:06.0655414Z env:
2026-10-10T21:24:06.0655706Z   CARGO_HOME: /home/runner/work/_temp/tandemlog-rust-bootstrap/cargo
2026-10-10T21:24:06.0656171Z   RUSTUP_HOME: /home/runner/work/_temp/tandemlog-rust-bootstrap/rustup
2026-10-10T21:24:06.0656600Z   RUSTUP_UPDATE_ROOT: https://static.rust-lang.org/rustup
2026-10-10T21:24:06.0656969Z   RUSTUP_DIST_SERVER: https://static.rust-lang.org
2026-10-10T21:24:06.0657277Z   RUSTUP_AUTO_INSTALL: 0
2026-10-10T21:24:06.0657689Z   TANDEMLOG_TEXT_TARGET_DIR: /home/runner/work/_temp/tandemlog-rust-bootstrap/target
2026-10-10T21:24:06.0658229Z   TANDEMLOG_TEXT_LIBRARY: /home/runner/work/_temp/native-unit/libtandemlog_text.so
2026-10-10T21:24:06.0658621Z ##[endgroup]
2026-10-10T21:24:06.2029189Z With the provided path, there will be 4 files uploaded
2026-10-10T21:24:06.2034810Z Artifact name is valid!
2026-10-10T21:24:06.2035199Z Root directory input is valid!
2026-10-10T21:24:06.4789029Z Uploading artifact: linux.zip
2026-10-10T21:24:06.4859215Z Beginning upload of artifact content to blob storage
2026-10-10T21:24:07.2075965Z Uploaded bytes 8388608
2026-10-10T21:24:07.2605061Z Uploaded bytes 9218422
2026-10-10T21:24:07.2986132Z Finished uploading artifact content to blob storage!
2026-10-10T21:24:07.2987475Z SHA256 digest of uploaded artifact is d41608c8ffa21777bc8621977d3b4e18586c90e0dbf3d6fe7a6ce0ae052612f1
2026-10-10T21:24:07.2988534Z Finalizing artifact upload
2026-10-10T21:24:07.5831702Z Artifact linux successfully finalized. Artifact ID 11682714300
2026-10-10T21:24:07.5832667Z Artifact linux has been successfully uploaded! Final size is 9218422 bytes. Artifact ID is 11682714300
2026-10-10T21:24:07.5836198Z Artifact download URL: https://github.com/reddraggone9/tandemlog/actions/runs/38085381679/artifacts/11682714300
2026-10-10T21:24:07.5994137Z Post job cleanup.
2026-10-10T21:24:07.6799838Z [command]/usr/bin/git version
2026-10-10T21:24:07.6832849Z git version 2.55.0
2026-10-10T21:24:07.6870607Z Temporarily overriding HOME='/home/runner/work/_temp/ef67dde8-62ac-4ed9-a012-d31d47255732' before making global git config changes
2026-10-10T21:24:07.6871873Z Adding repository directory to the temporary git global config as a safe directory
2026-10-10T21:24:07.6875572Z [command]/usr/bin/git config --global --add safe.directory /home/runner/work/tandemlog/tandemlog
2026-10-10T21:24:07.6903115Z Removing SSH command configuration
2026-10-10T21:24:07.6908424Z [command]/usr/bin/git config --local --name-only --get-regexp core\.sshCommand
2026-10-10T21:24:07.6937253Z [command]/usr/bin/git submodule foreach --recursive sh -c "git config --local --name-only --get-regexp 'core\.sshCommand' && git config --local --unset-all 'core.sshCommand' || :"
2026-10-10T21:24:07.7126529Z Removing HTTP extra header
2026-10-10T21:24:07.7131389Z [command]/usr/bin/git config --local --name-only --get-regexp http\.https\:\/\/github\.com\/\.extraheader
2026-10-10T21:24:07.7159069Z [command]/usr/bin/git submodule foreach --recursive sh -c "git config --local --name-only --get-regexp 'http\.https\:\/\/github\.com\/\.extraheader' && git config --local --unset-all 'http.https://github.com/.extraheader' || :"
2026-10-10T21:24:07.7341305Z Removing includeIf entries pointing to credentials config files
2026-10-10T21:24:07.7347881Z [command]/usr/bin/git config --local --name-only --get-regexp ^includeIf\.gitdir:
2026-10-10T21:24:07.7373081Z includeif.gitdir:/home/runner/work/tandemlog/tandemlog/.git.path
2026-10-10T21:24:07.7373866Z includeif.gitdir:/home/runner/work/tandemlog/tandemlog/.git/worktrees/*.path
2026-10-10T21:24:07.7374494Z includeif.gitdir:/github/workspace/.git.path
2026-10-10T21:24:07.7374958Z includeif.gitdir:/github/workspace/.git/worktrees/*.path
2026-10-10T21:24:07.7380819Z [command]/usr/bin/git config --local --get-all includeif.gitdir:/home/runner/work/tandemlog/tandemlog/.git.path
2026-10-10T21:24:07.7400724Z /home/runner/work/_temp/git-credentials-cb98206b-d564-40f5-8256-1ecde4a398ad.config
2026-10-10T21:24:07.7408202Z [command]/usr/bin/git config --local --unset includeif.gitdir:/home/runner/work/tandemlog/tandemlog/.git.path \/home\/runner\/work\/_temp\/git\-credentials\-cb98206b\-d564\-40f5\-8256\-1ecde4a398ad\.config
2026-10-10T21:24:07.7441536Z [command]/usr/bin/git config --local --get-all includeif.gitdir:/home/runner/work/tandemlog/tandemlog/.git/worktrees/*.path
2026-10-10T21:24:07.7459739Z /home/runner/work/_temp/git-credentials-cb98206b-d564-40f5-8256-1ecde4a398ad.config
2026-10-10T21:24:07.7467566Z [command]/usr/bin/git config --local --unset includeif.gitdir:/home/runner/work/tandemlog/tandemlog/.git/worktrees/*.path \/home\/runner\/work\/_temp\/git\-credentials\-cb98206b\-d564\-40f5\-8256\-1ecde4a398ad\.config
2026-10-10T21:24:07.7505476Z [command]/usr/bin/git config --local --get-all includeif.gitdir:/github/workspace/.git.path
2026-10-10T21:24:07.7524502Z /github/runner_temp/git-credentials-cb98206b-d564-40f5-8256-1ecde4a398ad.config
2026-10-10T21:24:07.7529772Z [command]/usr/bin/git config --local --unset includeif.gitdir:/github/workspace/.git.path \/github\/runner_temp\/git\-credentials\-cb98206b\-d564\-40f5\-8256\-1ecde4a398ad\.config
2026-10-10T21:24:07.7559496Z [command]/usr/bin/git config --local --get-all includeif.gitdir:/github/workspace/.git/worktrees/*.path
2026-10-10T21:24:07.7577088Z /github/runner_temp/git-credentials-cb98206b-d564-40f5-8256-1ecde4a398ad.config
2026-10-10T21:24:07.7582722Z [command]/usr/bin/git config --local --unset includeif.gitdir:/github/workspace/.git/worktrees/*.path \/github\/runner_temp\/git\-credentials\-cb98206b\-d564\-40f5\-8256\-1ecde4a398ad\.config
2026-10-10T21:24:07.7613221Z [command]/usr/bin/git submodule foreach --recursive git config --local --show-origin --name-only --get-regexp remote.origin.url
2026-10-10T21:24:07.7796018Z Removing credentials config '/home/runner/work/_temp/git-credentials-cb98206b-d564-40f5-8256-1ecde4a398ad.config'
2026-10-10T21:24:07.7928107Z Cleaning up orphan processes
