00:00 +0: loading /tmp/tandemlog-food-implementation/test/food_import_contract_vector_test.dart
00:00 +0: /tmp/tandemlog-food-implementation/test/food_import_contract_vector_test.dart: v1 import identity and plan hash match independent frozen vector
00:00 +1: /tmp/tandemlog-food-implementation/test/food_collapsed_inspect_guard_test.dart: latest Full conflict retains warning and Inspect dark 1.0x
00:00 +2: /tmp/tandemlog-food-implementation/test/food_collapsed_inspect_guard_test.dart: latest Full conflict retains warning and Inspect dark 1.0x
00:00 +3: /tmp/tandemlog-food-implementation/test/food_collapsed_inspect_guard_test.dart: latest Full conflict retains warning and Inspect dark 1.0x
00:01 +4: /tmp/tandemlog-food-implementation/test/food_collapsed_inspect_guard_test.dart: latest Full conflict retains warning and Inspect dark 1.0x
00:01 +5: /tmp/tandemlog-food-implementation/test/food_collapsed_inspect_guard_test.dart: latest Full conflict retains warning and Inspect dark 1.0x
00:01 +6: /tmp/tandemlog-food-implementation/test/food_import_test.dart: uncertain full append cold retry admits originals without second append
00:01 +7: /tmp/tandemlog-food-implementation/test/food_collapsed_inspect_guard_test.dart: latest Full conflict retains warning and Inspect dark 2.0x
00:01 +8: /tmp/tandemlog-food-implementation/test/food_collapsed_inspect_guard_test.dart: latest Full conflict retains warning and Inspect dark 2.0x
00:01 +9: /tmp/tandemlog-food-implementation/test/food_collapsed_inspect_guard_test.dart: latest Full conflict retains warning and Inspect dark 2.0x
00:01 +10: /tmp/tandemlog-food-implementation/test/food_import_test.dart: missing attempt or source witness fails closed
00:01 +11: /tmp/tandemlog-food-implementation/test/food_collapsed_inspect_guard_test.dart: latest Full conflict retains warning and Inspect light 1.0x
00:01 +12: /tmp/tandemlog-food-implementation/test/food_collapsed_inspect_guard_test.dart: latest Full conflict retains warning and Inspect light 1.0x
00:01 +13: /tmp/tandemlog-food-implementation/test/food_collapsed_inspect_guard_test.dart: latest Full conflict retains warning and Inspect light 1.0x
00:01 +14: /tmp/tandemlog-food-implementation/test/food_import_test.dart: missing index with retained attempt refuses a new source namespace
00:01 +15: /tmp/tandemlog-food-implementation/test/food_collapsed_inspect_guard_test.dart: latest Full conflict retains warning and Inspect light 2.0x
00:02 +16: /tmp/tandemlog-food-implementation/test/food_collapsed_inspect_guard_test.dart: latest Full conflict retains warning and Inspect light 2.0x
00:02 +17: /tmp/tandemlog-food-implementation/test/food_collapsed_inspect_guard_test.dart: latest Full conflict retains warning and Inspect light 2.0x
00:02 +18: /tmp/tandemlog-food-implementation/test/food_import_test.dart: concurrent identical commit callbacks serialize into one original batch
00:02 +19: /tmp/tandemlog-food-implementation/test/food_import_test.dart: fully staged maximum batch preserves all 1000 physical identities
00:05 +20: /tmp/tandemlog-food-implementation/test/food_replay_budget_test.dart: wide-target thousand-reference history has a bounded replay budget
00:05 +21: /tmp/tandemlog-food-implementation/test/food_replay_budget_test.dart: wide-target thousand-reference history has a bounded replay budget
00:05 +22: /tmp/tandemlog-food-implementation/test/food_replay_budget_test.dart: wide-target thousand-reference history has a bounded replay budget
00:05 +23: /tmp/tandemlog-food-implementation/test/food_replay_budget_test.dart: wide-target thousand-reference history has a bounded replay budget
00:05 +24: /tmp/tandemlog-food-implementation/test/food_replay_budget_test.dart: wide-target thousand-reference history has a bounded replay budget
00:05 +25: /tmp/tandemlog-food-implementation/test/food_replay_budget_test.dart: wide-target thousand-reference history has a bounded replay budget
00:05 +26: /tmp/tandemlog-food-implementation/test/food_replay_budget_test.dart: wide-target thousand-reference history has a bounded replay budget
00:05 +27: /tmp/tandemlog-food-implementation/test/food_replay_budget_test.dart: wide-target thousand-reference history has a bounded replay budget
00:05 +28: /tmp/tandemlog-food-implementation/test/food_replay_budget_test.dart: wide-target thousand-reference history has a bounded replay budget
FOOD_REPLAY_BUDGET bytes=12418562 records=1002 targets=100 refs=1000 elapsed_ms=2478
00:07 +29: /tmp/tandemlog-food-implementation/test/food_durable_editor_test.dart: a failed durable Add retains editor and exact visible draft
00:07 +30: /tmp/tandemlog-food-implementation/test/food_store_test.dart: malformed Food disables only Food and existing Tasks remain writable
00:07 +31: /tmp/tandemlog-food-implementation/test/food_durable_editor_test.dart: pending receipt prevents opening a different Add editor
00:07 +32: /tmp/tandemlog-food-implementation/test/food_durable_editor_test.dart: pending receipt prevents opening a different Add editor
00:07 +33: /tmp/tandemlog-food-implementation/test/food_store_test.dart: moved manifest stays a shared fatal fault
00:07 +34: /tmp/tandemlog-food-implementation/test/food_durable_editor_test.dart: failed prepared Save retries the frozen original draft
00:07 +35: /tmp/tandemlog-food-implementation/test/food_durable_editor_test.dart: failed prepared Save retries the frozen original draft
00:07 +36: /tmp/tandemlog-food-implementation/test/food_durable_editor_test.dart: failed prepared Save retries the frozen original draft
00:08 +37: /tmp/tandemlog-food-implementation/test/food_durable_editor_test.dart: failed prepared Save retries the frozen original draft
00:08 +38: /tmp/tandemlog-food-implementation/test/food_durable_editor_test.dart: failed prepared Save retries the frozen original draft
00:08 +39: /tmp/tandemlog-food-implementation/test/food_durable_editor_test.dart: failed prepared Save retries the frozen original draft
00:08 +40: /tmp/tandemlog-food-implementation/test/food_durable_editor_test.dart: failed prepared Save retries the frozen original draft
00:08 +41: /tmp/tandemlog-food-implementation/test/food_durable_editor_test.dart: failed prepared Save retries the frozen original draft
00:08 +42: /tmp/tandemlog-food-implementation/test/food_durable_editor_test.dart: failed prepared Save retries the frozen original draft
00:08 +43: /tmp/tandemlog-food-implementation/test/food_durable_editor_test.dart: failed prepared Save retries the frozen original draft
00:08 +44: /tmp/tandemlog-food-implementation/test/food_store_test.dart: food refresh SQL fault preserves state and receipts together
00:08 +45: /tmp/tandemlog-food-implementation/test/food_durable_editor_test.dart: repeated captured discard decision cannot pop another route
00:08 +46: /tmp/tandemlog-food-implementation/test/food_durable_editor_test.dart: repeated captured discard decision cannot pop another route
00:08 +47: /tmp/tandemlog-food-implementation/test/food_durable_editor_test.dart: repeated captured discard decision cannot pop another route
00:08 +48: /tmp/tandemlog-food-implementation/test/food_durable_editor_test.dart: a retained rendered removal callback keeps its workspace origin
00:08 +49: /tmp/tandemlog-food-implementation/test/food_intents_test.dart: reservation and exact bytes commit or roll back together
00:08 +50: /tmp/tandemlog-food-implementation/test/food_intents_test.dart: receipt cannot be retired by different bytes or without transaction
00:09 +51: /tmp/tandemlog-food-implementation/test/food_profile_upgrade_test.dart: released schema2 upgrades additively and retains all protected bytes
00:09 +52: /tmp/tandemlog-food-implementation/test/food_profile_upgrade_test.dart: weakened released authority prevents any schema3 creation
00:09 +53: /tmp/tandemlog-food-implementation/test/food_profile_upgrade_test.dart: halfway additive upgrade failure rolls back all new authority
00:09 +54: /tmp/tandemlog-food-implementation/test/food_record_test.dart: literal canonical food wire/hash and module writer fixture
00:09 +55: /tmp/tandemlog-food-implementation/test/food_record_test.dart: separate food hash domain and immutable envelope bindings
00:09 +56: /tmp/tandemlog-food-implementation/test/food_record_test.dart: food DTO identity and order cannot disagree with verified envelope
00:09 +57: /tmp/tandemlog-food-implementation/test/food_record_test.dart: noncreation records carry observed per-container creation basis
00:09 +58: /tmp/tandemlog-food-implementation/test/food_record_test.dart: unknown/noncanonical/oversized records are rejected
00:09 +59: /tmp/tandemlog-food-implementation/test/food_record_test.dart: exact signed64 clock roundtrip and bounds
00:09 +60: /tmp/tandemlog-food-implementation/test/food_retention_draft_test.dart: removing newly created retention chip stays removed on Add
00:11 +61: /tmp/tandemlog-food-implementation/test/food_retention_draft_test.dart: removing newly created retention chip stays removed on Add
00:11 +62: /tmp/tandemlog-food-implementation/test/food_retention_draft_test.dart: removing newly created retention chip stays removed on Add
00:11 +63: /tmp/tandemlog-food-implementation/test/food_review_regression_test.dart: typed retention reason survives direct Add
00:12 +64: /tmp/tandemlog-food-implementation/test/food_review_regression_test.dart: repeated dialog Cancel callback cannot pop food page
00:12 +65: /tmp/tandemlog-food-implementation/test/food_preview_test.dart: collapsed summary preserves single known full
00:12 +66: /tmp/tandemlog-food-implementation/test/food_preview_test.dart: collapsed summary preserves single known full
00:12 +67: /tmp/tandemlog-food-implementation/test/food_preview_test.dart: collapsed summary preserves single known full
00:13 +68: /tmp/tandemlog-food-implementation/test/food_preview_test.dart: collapsed summary preserves single known full
00:13 +69: /tmp/tandemlog-food-implementation/test/food_preview_test.dart: collapsed summary preserves single known full
00:13 +70: /tmp/tandemlog-food-implementation/test/food_preview_test.dart: collapsed summary preserves single known full
00:13 +71: /tmp/tandemlog-food-implementation/test/food_preview_test.dart: collapsed summary preserves single known full
00:13 +72: /tmp/tandemlog-food-implementation/test/food_preview_test.dart: collapsed summary preserves single known full
00:13 +73: /tmp/tandemlog-food-implementation/test/food_preview_test.dart: collapsed summary preserves single known full
00:13 +74: /tmp/tandemlog-food-implementation/test/food_preview_test.dart: collapsed summary preserves single known full
00:13 +75: /tmp/tandemlog-food-implementation/test/food_preview_test.dart: collapsed summary preserves single known full
00:13 +76: /tmp/tandemlog-food-implementation/test/food_preview_test.dart: collapsed summary preserves single known full
00:13 +77: /tmp/tandemlog-food-implementation/test/food_preview_test.dart: collapsed summary preserves single known full
00:13 +78: /tmp/tandemlog-food-implementation/test/food_preview_test.dart: collapsed summary preserves single known full
00:13 +79: /tmp/tandemlog-food-implementation/test/food_preview_test.dart: collapsed summary preserves single known full
00:13 +80: /tmp/tandemlog-food-implementation/test/food_preview_test.dart: collapsed summary preserves single known full
00:13 +81: /tmp/tandemlog-food-implementation/test/food_preview_test.dart: collapsed summary preserves single known full
00:13 +82: /tmp/tandemlog-food-implementation/test/food_preview_test.dart: collapsed summary preserves single known full
00:13 +83: /tmp/tandemlog-food-implementation/test/food_preview_test.dart: collapsed summary preserves single known full
00:13 +84: /tmp/tandemlog-food-implementation/test/food_preview_test.dart: collapsed summary preserves single known full
00:13 +85: /tmp/tandemlog-food-implementation/test/food_preview_test.dart: collapsed summary preserves single unknown
00:13 +86: /tmp/tandemlog-food-implementation/test/food_preview_test.dart: collapsed summary preserves single partial
00:13 +87: /tmp/tandemlog-food-implementation/test/food_preview_test.dart: collapsed summary preserves multiple full
00:13 +88: /tmp/tandemlog-food-implementation/test/writer_identity_test.dart: migration prefers selected cache and preserves every legacy identity
00:13 +89: /tmp/tandemlog-food-implementation/test/food_preview_test.dart: collapsed summary preserves mixed full and partial
00:13 +90: /tmp/tandemlog-food-implementation/test/food_preview_test.dart: collapsed summary preserves mixed full and partial
00:13 +91: /tmp/tandemlog-food-implementation/test/writer_identity_test.dart: settings reset creates fresh writer without resurrecting legacy
00:13 +92: /tmp/tandemlog-food-implementation/test/food_preview_test.dart: retained reasons start collapsed; active search bypasses them
00:13 +93: /tmp/tandemlog-food-implementation/test/food_preview_test.dart: retained reasons start collapsed; active search bypasses them
00:13 +94: /tmp/tandemlog-food-implementation/test/food_preview_test.dart: retained reasons start collapsed; active search bypasses them
00:13 +95: /tmp/tandemlog-food-implementation/test/food_preview_test.dart: retained reasons start collapsed; active search bypasses them
00:14 +96: /tmp/tandemlog-food-implementation/test/food_preview_test.dart: retained reasons start collapsed; active search bypasses them
00:14 +97: /tmp/tandemlog-food-implementation/test/food_preview_test.dart: retained reasons start collapsed; active search bypasses them
00:14 +98: /tmp/tandemlog-food-implementation/test/food_preview_test.dart: retained reasons start collapsed; active search bypasses them
00:14 +99: /tmp/tandemlog-food-implementation/test/food_preview_test.dart: retained reasons start collapsed; active search bypasses them
00:14 +100: /tmp/tandemlog-food-implementation/test/food_preview_test.dart: retained reasons start collapsed; active search bypasses them
00:14 +101: /tmp/tandemlog-food-implementation/test/writer_identity_test.dart: explicit identity preserves old stream and uses a fresh stream
00:14 +102: /tmp/tandemlog-food-implementation/test/food_preview_test.dart: narrow and wide inventory render partial stock without overflow
00:14 +103: /tmp/tandemlog-food-implementation/test/food_preview_test.dart: quick remove, Deleted and Undo preserve physical identity
00:14 +104: /tmp/tandemlog-food-implementation/test/writer_guard_test.dart: acknowledged head blocks old snapshot through other directory without sequence reuse
00:14 +105: /tmp/tandemlog-food-implementation/test/food_preview_test.dart: partial containers require inspection; search includes retained stock
00:14 +106: /tmp/tandemlog-food-implementation/test/food_preview_test.dart: partial containers require inspection; search includes retained stock
00:15 +107: /tmp/tandemlog-food-implementation/test/writer_guard_test.dart: acknowledged head blocks old snapshot through rebuilt cache without sequence reuse
00:15 +108: /tmp/tandemlog-food-implementation/test/writer_guard_test.dart: missing owned log is blocked even with a new cache and data directory
00:15 +109: /tmp/tandemlog-food-implementation/test/writer_guard_test.dart: same sequence with a fully recomputed valid chain rejects against private head
00:15 +110: /tmp/tandemlog-food-implementation/test/writer_guard_test.dart: an explicitly different writer can use a restored snapshot without changing original guard
00:15 +111: /tmp/tandemlog-food-implementation/test/writer_guard_test.dart: guard metadata is durable before append and normal reopen/refresh reads no old history
00:15 +112: /tmp/tandemlog-food-implementation/test/writer_guard_test.dart: zero-record failed append reserves candidate across restart until exact late arrival
00:15 +113: /tmp/tandemlog-food-implementation/test/writer_guard_test.dart: zero-record failed append reserves candidate across restart until exact late arrival
00:15 +114: /tmp/tandemlog-food-implementation/test/writer_guard_test.dart: zero-record failed append reserves candidate across restart until exact late arrival
00:15 +115: /tmp/tandemlog-food-implementation/test/writer_guard_test.dart: zero-record failed append reserves candidate across restart until exact late arrival
00:15 +116: /tmp/tandemlog-food-implementation/test/writer_guard_test.dart: lost append acknowledgment reconciles exact pending head after restart without duplicate sequence
00:15 +117: /tmp/tandemlog-food-implementation/test/writer_guard_test.dart: acknowledgment guard failure rolls cache back and blocks false confirmation until restart
00:15 +118: /tmp/tandemlog-food-implementation/test/writer_guard_test.dart: batch durable prefix reconciles across cache replacement
00:15 +119: /tmp/tandemlog-food-implementation/test/writer_guard_test.dart: batch durable prefix with partial tail blocks across cache replacement
00:15 +120: /tmp/tandemlog-food-implementation/test/writer_guard_test.dart: valid cache12 upgrades once without changing canonical bytes or writer guard
00:15 +121: /tmp/tandemlog-food-implementation/test/writer_guard_test.dart: cache10 retains old materialization and rejects separate tag event on upgrade
00:16 +122: /tmp/tandemlog-food-implementation/test/writer_guard_test.dart: cache10 retains old materialization and rejects generic recurring Undo on upgrade
00:16 +123: /tmp/tandemlog-food-implementation/test/view_time_source_test.dart: same-offset zone changes notify; unchanged fallback stays quiet
00:16 +124: /tmp/tandemlog-food-implementation/test/view_time_source_test.dart: same-offset zone changes notify; unchanged fallback stays quiet
00:16 +125: /tmp/tandemlog-food-implementation/test/view_time_source_test.dart: same-offset zone changes notify; unchanged fallback stays quiet
00:16 +126: /tmp/tandemlog-food-implementation/test/writer_guard_test.dart: cache12 retains old materialization and rejects separate tag event on upgrade
00:16 +127: /tmp/tandemlog-food-implementation/test/writer_guard_test.dart: cache12 retains old materialization and rejects separate tag event on upgrade
00:16 +128: /tmp/tandemlog-food-implementation/test/view_time_source_test.dart: unknown local zone is explicit, and recovers without UTC guessing
00:16 +129: /tmp/tandemlog-food-implementation/test/writer_guard_test.dart: cache12 retains old materialization and rejects generic recurring Undo on upgrade
00:16 +130: /tmp/tandemlog-food-implementation/test/writer_guard_test.dart: cache12 retains old materialization and rejects generic recurring Undo on upgrade
00:16 +131: /tmp/tandemlog-food-implementation/test/writer_guard_test.dart: cache12 retains old materialization and rejects generic recurring Undo on upgrade
00:16 +132: /tmp/tandemlog-food-implementation/test/writer_guard_test.dart: cache12 retains old materialization and rejects generic recurring Undo on upgrade
00:16 +133: /tmp/tandemlog-food-implementation/test/writer_guard_test.dart: noninteger pending sequence is rejected without normalizing private metadata
00:16 +134: /tmp/tandemlog-food-implementation/test/writer_guard_test.dart: guard instances serialize candidate reservation for the same installation identity
00:16 +135: /tmp/tandemlog-food-implementation/test/writer_guard_test.dart: malformed private guard is preserved and never rebuilt from disposable cache
00:16 +136: /tmp/tandemlog-food-implementation/test/view_clock_test.dart: exact boundary updates without edits; watchdog avoids projection
00:16 +137: /tmp/tandemlog-food-implementation/test/view_clock_test.dart: resume samples current time after skipped boundaries without replay
00:16 +138: /tmp/tandemlog-food-implementation/test/view_clock_test.dart: native invalidation immediate; fallback detects clock and zone changes
00:16 +139: /tmp/tandemlog-food-implementation/test/view_clock_test.dart: delayed wake uses current instant and input invalidation rearms
00:16 +140: /tmp/tandemlog-food-implementation/test/view_clock_test.dart: cancelled workspace timer cannot publish and callback can dispose
00:16 +141: /tmp/tandemlog-food-implementation/test/view_clock_test.dart: callback disposal and invalid boundary cannot produce timer loops
00:16 +142: /tmp/tandemlog-food-implementation/test/view_clock_test.dart: injected calendar boundary crosses DST day 2027-03-14
00:16 +143: /tmp/tandemlog-food-implementation/test/view_clock_test.dart: injected calendar boundary crosses DST day 2027-11-07
00:16 +144: /tmp/tandemlog-food-implementation/test/undo_storage_test.dart: bulk Undo restores mixed schedules/assignees/tags and retains newer synced registers
00:17 +145: /tmp/tandemlog-food-implementation/test/undo_storage_test.dart: bulk Undo restores mixed schedules/assignees/tags and retains newer synced registers
00:17 +146: /tmp/tandemlog-food-implementation/test/undo_storage_test.dart: bulk Undo restores mixed schedules/assignees/tags and retains newer synced registers
00:17 +147: /tmp/tandemlog-food-implementation/test/undo_storage_test.dart: completion and reopening Undo preserve successor work and independent completion/deletion
00:17 +148: /tmp/tandemlog-food-implementation/test/undo_storage_test.dart: move Undo retains later relative move and replays after known-cache upgrade
00:18 +149: /tmp/tandemlog-food-implementation/test/unavailable_completion_test.dart: unavailable completion explains by tap and keyboard without completing
00:18 +150: /tmp/tandemlog-food-implementation/test/unavailable_completion_test.dart: unavailable completion explains by tap and keyboard without completing
00:18 +151: /tmp/tandemlog-food-implementation/test/unavailable_completion_test.dart: unavailable completion explains by tap and keyboard without completing
00:18 +152: /tmp/tandemlog-food-implementation/test/undo_storage_test.dart: unresolved write blocks new payload until exact delayed record appears
00:18 +153: /tmp/tandemlog-food-implementation/test/undo_storage_test.dart: delayed cross-entity Undo target fails transactionally with canonical bytes preserved
00:19 +154: /tmp/tandemlog-food-implementation/test/text_undo_event_test.dart: native Undo preserves compensation bytes and names original command
00:19 +155: /tmp/tandemlog-food-implementation/test/text_undo_event_test.dart: Undo nontext effects remains possible when native compensation is empty
00:19 +156: /tmp/tandemlog-food-implementation/test/text_undo_event_test.dart: Undo retracts only the original nontext effects in pure projection
00:19 +157: /tmp/tandemlog-food-implementation/test/text_store_test.dart: actual native TaskStore successive closed-editor replacements Undo without duplicating restored identities
00:20 +158: /tmp/tandemlog-food-implementation/test/text_store_test.dart: actual native TaskStore successive closed-editor replacements Undo without duplicating restored identities
00:20 +159: /tmp/tandemlog-food-implementation/test/text_store_test.dart: actual native TaskStore successive closed-editor replacements Undo without duplicating restored identities
00:20 +160: /tmp/tandemlog-food-implementation/test/text_store_test.dart: actual native TaskStore successive closed-editor replacements Undo without duplicating restored identities
00:20 +161: /tmp/tandemlog-food-implementation/test/text_store_test.dart: actual native TaskStore successive closed-editor replacements Undo without duplicating restored identities
00:20 +162: /tmp/tandemlog-food-implementation/test/text_store_test.dart: actual native TaskStore successive closed-editor replacements Undo without duplicating restored identities
00:20 +163: /tmp/tandemlog-food-implementation/test/text_store_test.dart: actual native TaskStore successive closed-editor replacements Undo without duplicating restored identities
00:20 +164: /tmp/tandemlog-food-implementation/test/text_save_command_test.dart: production native Save coordinator remote text merges into the returned row without rebasing private intent
00:21 +165: /tmp/tandemlog-food-implementation/test/text_store_test.dart: actual native TaskStore acknowledged unregistered Save blocks stale native Undo without appending
00:21 +166: /tmp/tandemlog-food-implementation/test/text_save_command_test.dart: production native Save coordinator nontext-only native session permits remote text under the same guard
00:21 +167: /tmp/tandemlog-food-implementation/test/text_store_test.dart: actual native TaskStore mixed native ordering survives warm reopen and canonical rebuild
00:21 +168: /tmp/tandemlog-food-implementation/test/text_save_command_test.dart: production native Save coordinator Undo registration failure reports the already saved result
00:21 +169: /tmp/tandemlog-food-implementation/test/text_store_test.dart: actual native TaskStore native recurring completion proves its immutable inheritance (native creation: true)
00:21 +170: /tmp/tandemlog-food-implementation/test/text_store_test.dart: actual native TaskStore native recurring completion proves its immutable inheritance (native creation: true)
00:21 +171: /tmp/tandemlog-food-implementation/test/text_save_command_test.dart: production native Save coordinator native Save rejects whole-string fields
00:21 +172: /tmp/tandemlog-food-implementation/test/text_store_test.dart: actual native TaskStore native recurring completion proves its immutable inheritance (native creation: false)
00:21 +173: /tmp/tandemlog-food-implementation/test/text_store_test.dart: actual native TaskStore causal peer reuse retains original character ownership through selective Undo
00:21 +174: /tmp/tandemlog-food-implementation/test/text_store_test.dart: actual native TaskStore explicit mixed historical inheritance refuses without changing history
00:22 +175: /tmp/tandemlog-food-implementation/test/text_store_test.dart: actual native TaskStore explicit mixed historical inheritance refuses without changing history
00:22 +176: /tmp/tandemlog-food-implementation/test/text_store_test.dart: actual native TaskStore explicit mixed historical inheritance refuses without changing history
00:22 +177: /tmp/tandemlog-food-implementation/test/text_store_test.dart: actual native TaskStore explicit mixed historical inheritance refuses without changing history
00:22 +178: /tmp/tandemlog-food-implementation/test/text_store_test.dart: actual native TaskStore explicit mixed historical inheritance refuses without changing history
00:22 +179: /tmp/tandemlog-food-implementation/test/text_store_test.dart: actual native TaskStore explicit mixed historical inheritance refuses without changing history
00:22 +180: /tmp/tandemlog-food-implementation/test/text_store_test.dart: actual native TaskStore repeated cancelled editors release source documents while saved scoped Undo survives
00:22 +181: /tmp/tandemlog-food-implementation/test/text_store_test.dart: actual native TaskStore repeated cancelled editors release source documents while saved scoped Undo survives
00:22 +182: /tmp/tandemlog-food-implementation/test/text_store_test.dart: actual native TaskStore repeated cancelled editors release source documents while saved scoped Undo survives
00:22 +183: /tmp/tandemlog-food-implementation/test/text_store_test.dart: actual native TaskStore repeated cancelled editors release source documents while saved scoped Undo survives
00:22 +184: /tmp/tandemlog-food-implementation/test/text_event_test.dart: pure projection applies nontext without leaking native packet metadata
00:22 +185: /tmp/tandemlog-food-implementation/test/text_store_test.dart: actual native TaskStore native guard ignores remote text while preserving metadata and creation tags
00:22 +186: /tmp/tandemlog-food-implementation/test/text_store_test.dart: actual native TaskStore native guard ignores remote text while preserving metadata and creation tags
00:22 +187: /tmp/tandemlog-food-implementation/test/text_store_test.dart: actual native TaskStore native guard ignores remote text while preserving metadata and creation tags
00:22 +188: /tmp/tandemlog-food-implementation/test/text_store_test.dart: actual native TaskStore Undo naming remote-deleted latest Save never consumes an older Save
00:22 +189: /tmp/tandemlog-food-implementation/test/text_store_test.dart: actual native TaskStore unknown native Undo preserves exact compensation retry restart=false
00:22 +190: /tmp/tandemlog-food-implementation/test/text_store_test.dart: actual native TaskStore unknown native Undo preserves exact compensation retry restart=true
00:23 +191: /tmp/tandemlog-food-implementation/test/text_store_test.dart: actual native TaskStore unknown native Undo preserves exact compensation retry restart=true
00:23 +192: /tmp/tandemlog-food-implementation/test/text_store_test.dart: actual native TaskStore unknown native Undo preserves exact compensation retry restart=true
00:23 +193: /tmp/tandemlog-food-implementation/test/text_store_test.dart: actual native TaskStore unknown native Undo preserves exact compensation retry restart=true
00:23 +194: /tmp/tandemlog-food-implementation/test/text_store_test.dart: actual native TaskStore unknown native Undo preserves exact compensation retry restart=true
00:23 +195: /tmp/tandemlog-food-implementation/test/text_store_test.dart: actual native TaskStore unknown native Undo preserves exact compensation retry restart=true
00:23 +196: /tmp/tandemlog-food-implementation/test/text_store_test.dart: actual native TaskStore unknown native Undo preserves exact compensation retry restart=true
00:23 +197: /tmp/tandemlog-food-implementation/test/text_store_test.dart: actual native TaskStore session Undo survives editor close and touches only canonical changed fields
00:23 +198: /tmp/tandemlog-food-implementation/test/text_store_test.dart: actual native TaskStore bulk capture with native engine creates independently editable native tasks
00:23 +199: /tmp/tandemlog-food-implementation/test/text_store_test.dart: actual native TaskStore native compensation restores deletion and retracts only original nontext effects
00:23 +200: /tmp/tandemlog-food-implementation/test/text_store_test.dart: actual native TaskStore buffered native dependency survives full SQLite cache loss and settles on late parent
00:23 +201: /tmp/tandemlog-food-implementation/test/text_cache_inheritance_test.dart: resolved inherited cache preserves original claims and rebuilds corrupt disposable state
00:23 +202: /tmp/tandemlog-food-implementation/test/text_store_test.dart: actual native TaskStore missing baseline prefixes stay pending and competing roots block only legacy text
00:23 +203: /tmp/tandemlog-food-implementation/test/text_store_test.dart: actual native TaskStore offline peers merge owned packets and preserve atomic metadata after cache loss
00:23 +204: /tmp/tandemlog-food-implementation/test/text_store_test.dart: actual native TaskStore one legacy baseline excludes late scalar text and preserves nontext changes
00:24 +205: /tmp/tandemlog-food-implementation/test/text_actor_registry_test.dart: TA01 durable actor derivation is exact, stable and context scoped
00:24 +206: /tmp/tandemlog-food-implementation/test/text_store_test.dart: actual native TaskStore unknown append exact receipt after restart cacheLoss=false afterAppend=false
00:24 +207: /tmp/tandemlog-food-implementation/test/text_store_test.dart: actual native TaskStore unknown append exact receipt after restart cacheLoss=false afterAppend=false
00:24 +208: /tmp/tandemlog-food-implementation/test/text_store_test.dart: actual native TaskStore unknown append exact receipt after restart cacheLoss=false afterAppend=false
00:24 +209: /tmp/tandemlog-food-implementation/test/text_store_test.dart: actual native TaskStore unknown append exact receipt after restart cacheLoss=false afterAppend=false
00:24 +210: /tmp/tandemlog-food-implementation/test/text_store_test.dart: actual native TaskStore unknown append exact receipt after restart cacheLoss=false afterAppend=false
00:24 +211: /tmp/tandemlog-food-implementation/test/text_store_test.dart: actual native TaskStore unknown append exact receipt after restart cacheLoss=false afterAppend=false
00:24 +212: /tmp/tandemlog-food-implementation/test/text_store_test.dart: actual native TaskStore unknown append exact receipt after restart cacheLoss=false afterAppend=false
00:24 +213: /tmp/tandemlog-food-implementation/test/text_store_test.dart: actual native TaskStore unknown append exact receipt after restart cacheLoss=false afterAppend=false
00:24 +214: /tmp/tandemlog-food-implementation/test/text_store_test.dart: actual native TaskStore unknown append exact receipt after restart cacheLoss=false afterAppend=false
00:24 +215: /tmp/tandemlog-food-implementation/test/text_store_test.dart: actual native TaskStore unknown append exact receipt after restart cacheLoss=false afterAppend=false
00:24 +216: /tmp/tandemlog-food-implementation/test/text_store_test.dart: actual native TaskStore unknown append exact receipt after restart cacheLoss=true afterAppend=false
00:24 +217: /tmp/tandemlog-food-implementation/test/text_store_test.dart: actual native TaskStore unknown append exact receipt after restart cacheLoss=false afterAppend=true
00:24 +218: /tmp/tandemlog-food-implementation/test/text_store_test.dart: actual native TaskStore unknown append exact receipt after restart cacheLoss=true afterAppend=true
00:24 +219: /tmp/tandemlog-food-implementation/test/text_store_test.dart: actual native TaskStore misnamed private native intent rejects recovery before append and retains evidence
00:24 +220: /tmp/tandemlog-food-implementation/test/text_store_test.dart: actual native TaskStore new native creation verifies actor1 seed and persists full native state
00:24 +221: /tmp/tandemlog-food-implementation/test/text_store_test.dart: actual native TaskStore native storage extends cache13 without replaying frozen v3 logs
00:24 +222: /tmp/tandemlog-food-implementation/test/task_view_test.dart: exact times precede date-only on the same day without invented time
00:24 +223: /tmp/tandemlog-food-implementation/test/task_view_test.dart: scheduled override supplies both date and precision for sorting
00:24 +224: /tmp/tandemlog-food-implementation/test/task_view_test.dart: calendar bounds retain precision over viewer midnight and DST
00:24 +225: /tmp/tandemlog-food-implementation/test/task_view_test.dart: visible future hints refresh at viewer midnight before the start
00:24 +226: /tmp/tandemlog-food-implementation/test/task_view_test.dart: recurring completion eligibility changes at civil midnight and on zone changes
00:24 +227: /tmp/tandemlog-food-implementation/test/task_view_test.dart: completion boundary follows 23-hour and 25-hour named-zone days
00:24 +228: /tmp/tandemlog-food-implementation/test/task_view_test.dart: ordinary tag intersects assignee, upcoming and completed views
00:24 +229: /tmp/tandemlog-food-implementation/test/task_view_test.dart: upcoming is opt-in and does not change stored rows
00:24 +230: /tmp/tandemlog-food-implementation/test/task_view_test.dart: standalone timing evaluates hidden and completed rows without changing state
00:24 +231: /tmp/tandemlog-food-implementation/test/task_view_test.dart: bounds accept only nullable integers and preserve recurrence anchor
00:24 +232: /tmp/tandemlog-food-implementation/test/task_view_test.dart: availability includes exact boundary and completed history stays visible
00:24 +233: /tmp/tandemlog-food-implementation/test/task_view_test.dart: effective scheduled precedence, bounds, Someday and manual ties
00:24 +234: /tmp/tandemlog-food-implementation/test/task_view_test.dart: bounds clamp civil day while retaining exact time and manual tie order
00:24 +235: /tmp/tandemlog-food-implementation/test/task_view_test.dart: pinned exact dates convert to viewer calendar but date-only remains civil
00:24 +236: /tmp/tandemlog-food-implementation/test/task_view_test.dart: start midnight and DST gap/fold use calendar transitions
00:24 +237: /tmp/tandemlog-food-implementation/test/task_view_test.dart: date-only start midnight uses the shared pinned task zone
00:24 +238: /tmp/tandemlog-food-implementation/test/task_view_test.dart: supported bound horizon is admitted and renderable, larger values rejected
00:24 +239: /tmp/tandemlog-food-implementation/test/task_view_test.dart: derived bound groups may cross the persisted date year limit
00:24 +240: /tmp/tandemlog-food-implementation/test/task_view_test.dart: bounds midnight boundary follows 23 and 25 hour local days
00:24 +241: /tmp/tandemlog-food-implementation/test/task_view_test.dart: filter and hidden bounds select earliest relevant clock boundary
00:24 +242: /tmp/tandemlog-food-implementation/test/task_view_test.dart: search bypasses filters and availability without changing source
00:24 +243: /tmp/tandemlog-food-implementation/test/task_view_test.dart: multiple tags match any then combine with visibility and assignee
00:25 +244: /tmp/tandemlog-food-implementation/test/task_toolbar_test.dart: identity fits actual name/scale and retains accessible full name at narrow widths
00:25 +245: /tmp/tandemlog-food-implementation/test/task_toolbar_test.dart: identity fits actual name/scale and retains accessible full name at narrow widths
00:27 +246: /tmp/tandemlog-food-implementation/test/task_text_session_test.dart: confirmed Save keeps an open editor editable with a fresh lease
00:27 +247: /tmp/tandemlog-food-implementation/test/task_toolbar_test.dart: status changes reserve count and control geometry
00:27 +248: /tmp/tandemlog-food-implementation/test/task_toolbar_test.dart: status changes reserve count and control geometry
00:27 +249: /tmp/tandemlog-food-implementation/test/task_metadata_test.dart: future hints use projection availability and the observed local day
00:27 +250: /tmp/tandemlog-food-implementation/test/task_metadata_test.dart: passed start and history hints stay absent even with a retained instant
00:27 +251: /tmp/tandemlog-food-implementation/test/task_metadata_test.dart: same heading removes date-only details and empty separators
00:27 +252: /tmp/tandemlog-food-implementation/test/task_metadata_test.dart: same heading retains role and time
00:27 +253: /tmp/tandemlog-food-implementation/test/task_metadata_test.dart: day groups hide due dates and available starts
00:27 +254: /tmp/tandemlog-food-implementation/test/task_metadata_test.dart: day groups hide pinned dates even across local days
00:27 +255: /tmp/tandemlog-food-implementation/test/task_metadata_test.dart: repeat perimeter needs no redundant metadata line or verbose rule
00:27 +256: /tmp/tandemlog-food-implementation/test/task_metadata_test.dart: local zone changes alter only pinned presentation
00:27 +257: /tmp/tandemlog-food-implementation/test/task_metadata_test.dart: pinned DST gaps and folds share projection resolution
00:27 +258: /tmp/tandemlog-food-implementation/test/task_metadata_test.dart: local day headings and bounded task times share the observed zone
00:27 +259: /tmp/tandemlog-food-implementation/test/task_metadata_test.dart: date-only occurrence override suppresses timed base due
00:27 +260: /tmp/tandemlog-food-implementation/test/task_entry_area_test.dart: selection swaps preserve slot geometry, draft and semantics
00:29 +261: /tmp/tandemlog-food-implementation/test/task_entry_area_test.dart: selection swaps preserve slot geometry, draft and semantics
00:29 +262: /tmp/tandemlog-food-implementation/test/task_entry_area_test.dart: selection swaps preserve slot geometry, draft and semantics
00:29 +263: /tmp/tandemlog-food-implementation/test/task_entry_area_test.dart: selection swaps preserve slot geometry, draft and semantics
00:30 +264: /tmp/tandemlog-food-implementation/test/task_editor_test.dart: unactivated text stays visible and disabled while scheduling saves
00:30 +265: /tmp/tandemlog-food-implementation/test/task_editor_test.dart: blank Time focus preserves date precision and midnight is explicit
00:31 +266: /tmp/tandemlog-food-implementation/test/task_editor_tags_test.dart: removing a chip retains unrelated query, caret, and active composition
00:31 +267: /tmp/tandemlog-food-implementation/test/task_editor_tags_test.dart: removing a chip retains unrelated query, caret, and active composition
00:32 +268: /tmp/tandemlog-food-implementation/test/task_editor_test.dart: date and optional time share rows and clear time independently
00:32 +269: /tmp/tandemlog-food-implementation/test/task_editor_tags_test.dart: Enter uses existing match idempotently and Save resolves opaque pending inventory tag
00:33 +270: /tmp/tandemlog-food-implementation/test/task_editor_tags_test.dart: Enter uses existing match idempotently and Save resolves opaque pending inventory tag
00:34 +271: /tmp/tandemlog-food-implementation/test/task_editor_test.dart: title caret survives viewport and text scale changes without unrelated jumps
00:34 +272: /tmp/tandemlog-food-implementation/test/task_editor_tags_test.dart: touch creation adds all new tokens and invalid query never enables it
00:34 +273: /tmp/tandemlog-food-implementation/test/task_editor_test.dart: description caret survives viewport and text scale changes without unrelated jumps
00:34 +274: /tmp/tandemlog-food-implementation/test/task_editor_tags_test.dart: opaque original tags survive pending Save with exact case and spaces
00:35 +275: /tmp/tandemlog-food-implementation/test/task_editor_test.dart: changed composing title cannot save until normalized commit
00:35 +276: /tmp/tandemlog-food-implementation/test/task_editor_test.dart: changed composing title cannot save until normalized commit
00:35 +277: /tmp/tandemlog-food-implementation/test/task_editor_tags_test.dart: active tag composition blocks Save and canClose Save
00:35 +278: /tmp/tandemlog-food-implementation/test/task_editor_test.dart: title input normalizes paste selection after IME commits
00:35 +279: /tmp/tandemlog-food-implementation/test/task_editor_tags_test.dart: single Save adds pending query without replacing selected tags
00:36 +280: /tmp/tandemlog-food-implementation/test/task_editor_test.dart: historical multiline title opens clean and notes save preserves title
00:36 +281: /tmp/tandemlog-food-implementation/test/task_editor_tags_test.dart: pending query participates in canClose; Cancel retains it, Save commits it
00:36 +282: /tmp/tandemlog-food-implementation/test/task_editor_tags_test.dart: pending query participates in canClose; Cancel retains it, Save commits it
00:36 +283: /tmp/tandemlog-food-implementation/test/task_editor_test.dart: keyboard and large text bound notes and keep modal actions reachable
00:36 +284: /tmp/tandemlog-food-implementation/test/task_editor_tags_test.dart: bulk Remove cannot create an unknown tag from an unfinished query
00:36 +285: /tmp/tandemlog-food-implementation/test/task_editor_test.dart: close guards dirty draft and preserves text after keep editing
00:36 +286: /tmp/tandemlog-food-implementation/test/task_editor_test.dart: live schedule validation and repeat conditional fields
00:37 +287: /tmp/tandemlog-food-implementation/test/task_editor_test.dart: nonrepeat override survives title edit and frozen original ignores incoming data
00:37 +288: /tmp/tandemlog-food-implementation/test/task_completion_checkbox_test.dart: disabled repeat perimeter has uniform opacity at overlapping tips
00:37 +289: /tmp/tandemlog-food-implementation/test/task_editor_test.dart: bulk caret and focus changes do not apply mixed fields
00:37 +290: /tmp/tandemlog-food-implementation/test/task_completion_checkbox_test.dart: repeat geometry retains padded touch and checked semantics
00:38 +291: /tmp/tandemlog-food-implementation/test/task_editor_test.dart: bulk blank untouched preserves mixed precision; explicit blank clears
00:38 +292: /tmp/tandemlog-food-implementation/test/task_editor_test.dart: bulk blank untouched preserves mixed precision; explicit blank clears
00:38 +293: /tmp/tandemlog-food-implementation/test/task_editor_test.dart: bulk blank untouched preserves mixed precision; explicit blank clears
00:38 +294: /tmp/tandemlog-food-implementation/test/task_editor_test.dart: bulk coupled validation checks every task
00:38 +295: /tmp/tandemlog-food-implementation/test/task_editor_test.dart: bulk coupled validation checks every task
00:38 +296: /tmp/tandemlog-food-implementation/test/task_editor_test.dart: bulk coupled validation checks every task
00:38 +297: /tmp/tandemlog-food-implementation/test/task_editor_test.dart: async save disables controls, rejects duplicate submit and keeps failed draft
00:39 +298: /tmp/tandemlog-food-implementation/test/task_editor_test.dart: deletion requires confirmation and delete failure preserves draft
00:39 +299: /tmp/tandemlog-food-implementation/test/tag_input_test.dart: hardware Enter propagates active IME composition
00:39 +300: /tmp/tandemlog-food-implementation/test/tag_input_test.dart: hardware Enter propagates active IME composition
00:40 +301: /tmp/tandemlog-food-implementation/test/task_editor_test.dart: panel flag changes retain draft and public close guard
00:40 +302: /tmp/tandemlog-food-implementation/test/tag_input_test.dart: hardware Numpad Enter propagates active IME composition
00:40 +303: /tmp/tandemlog-food-implementation/test/task_editor_test.dart: title and notes wire limits validate before save
00:40 +304: /tmp/tandemlog-food-implementation/test/tag_input_test.dart: hardware ArrowDown then Enter selects existing option
00:40 +305: /tmp/tandemlog-food-implementation/test/task_editor_test.dart: draft occurrence remains accessible after removing repeat
00:40 +306: /tmp/tandemlog-food-implementation/test/task_editor_test.dart: draft occurrence remains accessible after removing repeat
00:40 +307: /tmp/tandemlog-food-implementation/test/task_editor_test.dart: draft occurrence remains accessible after removing repeat
00:40 +308: /tmp/tandemlog-food-implementation/test/task_editor_test.dart: draft occurrence remains accessible after removing repeat
00:40 +309: /tmp/tandemlog-food-implementation/test/tag_input_test.dart: shared B layout keeps chips above full-width query at 1000.0
00:40 +310: /tmp/tandemlog-food-implementation/test/task_editor_test.dart: override actions wrap with narrow viewport and large text
00:41 +311: /tmp/tandemlog-food-implementation/test/task_editor_test.dart: host owns Back and opens exactly one discard prompt
00:41 +312: /tmp/tandemlog-food-implementation/test/task_editor_test.dart: guard Save commits frozen single draft without closing
00:41 +313: /tmp/tandemlog-food-implementation/test/tag_input_geometry_test.dart: many selected chips keep query and results reachable with IME
00:42 +314: /tmp/tandemlog-food-implementation/test/tag_input_geometry_test.dart: many selected chips keep query and results reachable with IME
00:42 +315: /tmp/tandemlog-food-implementation/test/tag_input_geometry_test.dart: many selected chips keep query and results reachable with IME
00:43 +316: /tmp/tandemlog-food-implementation/test/tag_input_geometry_test.dart: many selected chips keep query and results reachable with IME
00:43 +317: /tmp/tandemlog-food-implementation/test/tag_input_geometry_test.dart: many selected chips keep query and results reachable with IME
00:43 +318: /tmp/tandemlog-food-implementation/test/task_editor_test.dart: bulk header is compact, wraps accessibly, and Clear retains dirty guard
00:44 +319: /tmp/tandemlog-food-implementation/test/tag_filter_picker_test.dart: query underline gap stays stable with chips at 260.0/1.0
00:44 +320: /tmp/tandemlog-food-implementation/test/tag_filter_picker_test.dart: query underline gap stays stable with chips at 260.0/1.0
00:44 +321: /tmp/tandemlog-food-implementation/test/tag_filter_picker_test.dart: query underline gap stays stable with chips at 260.0/1.0
00:44 +322: /tmp/tandemlog-food-implementation/test/tag_filter_picker_test.dart: query underline gap stays stable with chips at 260.0/1.0
00:44 +323: /tmp/tandemlog-food-implementation/test/tag_filter_picker_test.dart: query underline gap stays stable with chips at 260.0/1.0
00:45 +324: /tmp/tandemlog-food-implementation/test/tag_filter_picker_test.dart: query underline gap stays stable with chips at 260.0/1.0
00:45 +325: /tmp/tandemlog-food-implementation/test/tag_filter_picker_test.dart: query underline gap stays stable with chips at 260.0/1.0
00:45 +326: /tmp/tandemlog-food-implementation/test/storage_test.dart: bulk guard rechecks before the batch append; retry block uses global order
00:45 +327: /tmp/tandemlog-food-implementation/test/tag_filter_picker_test.dart: query underline gap stays stable with chips at 260.0/2.0
00:45 +328: /tmp/tandemlog-food-implementation/test/storage_test.dart: offline edits and completions cannot resurrect deletion; successor survives restart
00:45 +329: /tmp/tandemlog-food-implementation/test/tag_filter_picker_test.dart: query underline gap stays stable with chips at 390.0/1.0
00:45 +330: /tmp/tandemlog-food-implementation/test/tag_filter_picker_test.dart: query underline gap stays stable with chips at 390.0/1.0
00:45 +331: /tmp/tandemlog-food-implementation/test/storage_test.dart: guarded move rejects changes arriving inside its refresh without append
00:45 +332: /tmp/tandemlog-food-implementation/test/tag_filter_picker_test.dart: query underline gap stays stable with chips at 390.0/2.0
00:45 +333: /tmp/tandemlog-food-implementation/test/storage_test.dart: typed due bounds are atomic across offline edits and rebuild
00:46 +334: /tmp/tandemlog-food-implementation/test/tag_filter_picker_test.dart: initial suggestions survive IME relayout at 1.0 text scale
00:46 +335: /tmp/tandemlog-food-implementation/test/tag_filter_picker_test.dart: initial suggestions survive IME relayout at 1.0 text scale
00:46 +336: /tmp/tandemlog-food-implementation/test/storage_test.dart: future caches and v1 canonical protocol are retained and not auto-converted
00:46 +337: /tmp/tandemlog-food-implementation/test/tag_filter_picker_test.dart: initial suggestions survive IME relayout at 2.0 text scale
00:46 +338: /tmp/tandemlog-food-implementation/test/tag_filter_picker_test.dart: initial suggestions survive IME relayout at 2.0 text scale
00:46 +339: /tmp/tandemlog-food-implementation/test/storage_test.dart: reopen targets observed completions, is idempotent and survives restart
00:46 +340: /tmp/tandemlog-food-implementation/test/tag_filter_picker_test.dart: below-first dialog overlay uses content size and stays stable through queries and metrics
00:46 +341: /tmp/tandemlog-food-implementation/test/tag_filter_picker_test.dart: below-first dialog overlay uses content size and stays stable through queries and metrics
00:46 +342: /tmp/tandemlog-food-implementation/test/tag_filter_picker_test.dart: below-first dialog overlay uses content size and stays stable through queries and metrics
00:46 +343: /tmp/tandemlog-food-implementation/test/tag_filter_picker_test.dart: below-first dialog overlay uses content size and stays stable through queries and metrics
00:46 +344: /tmp/tandemlog-food-implementation/test/tag_filter_picker_test.dart: below-first dialog overlay uses content size and stays stable through queries and metrics
00:47 +345: /tmp/tandemlog-food-implementation/test/tag_filter_picker_test.dart: below-first dialog overlay uses content size and stays stable through queries and metrics
00:47 +346: /tmp/tandemlog-food-implementation/test/storage_test.dart: concurrent completion survives targeted undo from another user
00:47 +347: /tmp/tandemlog-food-implementation/test/storage_test.dart: unknown version blocks import without checkpoint advancement
00:47 +348: /tmp/tandemlog-food-implementation/test/storage_test.dart: malformed complete records are preserved and block writes
00:47 +349: /tmp/tandemlog-food-implementation/test/storage_test.dart: incomplete remote tail is retried after completion
00:47 +350: /tmp/tandemlog-food-implementation/test/storage_test.dart: explicit integrity check rejects changed same-length committed prefix
00:47 +351: /tmp/tandemlog-food-implementation/test/storage_test.dart: missing previously seen stream blocks writes
00:47 +352: /tmp/tandemlog-food-implementation/test/storage_test.dart: owned incomplete tail is not silently truncated
00:47 +353: /tmp/tandemlog-food-implementation/test/storage_test.dart: durable append before cache failure recovers once after restart
00:47 +354: /tmp/tandemlog-food-implementation/test/storage_test.dart: out-of-order entity dependency is retained and projected later
00:47 +355: /tmp/tandemlog-food-implementation/test/sticky_task_group_test.dart: native heading pins and pushes off at 1.0x text
00:47 +356: /tmp/tandemlog-food-implementation/test/sticky_task_group_test.dart: native heading pins and pushes off at 1.0x text
00:47 +357: /tmp/tandemlog-food-implementation/test/sticky_task_group_test.dart: native heading pins and pushes off at 1.0x text
00:47 +358: /tmp/tandemlog-food-implementation/test/sticky_task_group_test.dart: native heading pins and pushes off at 1.0x text
00:48 +359: /tmp/tandemlog-food-implementation/test/sticky_task_group_test.dart: native heading pins and pushes off at 1.0x text
00:48 +360: /tmp/tandemlog-food-implementation/test/sticky_task_group_test.dart: native heading pins and pushes off at 1.0x text
00:48 +361: /tmp/tandemlog-food-implementation/test/sticky_task_group_test.dart: native heading pins and pushes off at 1.0x text
00:48 +362: /tmp/tandemlog-food-implementation/test/storage_test.dart: close drains accepted work, rejects new work and is idempotent
00:48 +363: /tmp/tandemlog-food-implementation/test/sticky_task_group_test.dart: native heading pins and pushes off at 2.0x text
00:48 +364: /tmp/tandemlog-food-implementation/test/storage_test.dart: pending undo is validated before its local target is appended
00:48 +365: /tmp/tandemlog-food-implementation/test/sticky_task_group_test.dart: heading wraps to its measured extent and has one header node
00:48 +366: /tmp/tandemlog-food-implementation/test/storage_test.dart: missing canonical folder contents do not initialize a new manifest
00:48 +367: /tmp/tandemlog-food-implementation/test/storage_test.dart: offline tag removal preserves unseen same-name additions and atomic edits
00:48 +368: /tmp/tandemlog-food-implementation/test/storage_test.dart: concurrent relative moves converge and survive cache rebuild
00:48 +369: /tmp/tandemlog-food-implementation/test/storage_test.dart: unchanged repeating completion rejects before append and refreshes remote schedule
00:48 +370: /tmp/tandemlog-food-implementation/test/stable_v3_compatibility_test.dart: first stable v3 bytes, identities, clocks and event meanings stay frozen
00:49 +371: /tmp/tandemlog-food-implementation/test/storage_test.dart: accepted historic unchanged recurrence is replayed without retroactive rejection
00:49 +372: /tmp/tandemlog-food-implementation/test/stable_v3_compatibility_test.dart: frozen history converges after arrival [22222222-2222-4222-8222-222222222222, 33333333-3333-4333-8333-333333333333] and cache rebuild
00:49 +373: /tmp/tandemlog-food-implementation/test/storage_test.dart: concurrent recurrence completion has one durable successor and history reopen retains edits
00:49 +374: /tmp/tandemlog-food-implementation/test/stable_v3_compatibility_test.dart: frozen history converges after arrival [33333333-3333-4333-8333-333333333333, 22222222-2222-4222-8222-222222222222] and cache rebuild
00:49 +375: /tmp/tandemlog-food-implementation/test/stable_v3_compatibility_test.dart: frozen history converges after arrival [33333333-3333-4333-8333-333333333333, 22222222-2222-4222-8222-222222222222] and cache rebuild
00:49 +376: /tmp/tandemlog-food-implementation/test/storage_test.dart: late winning recurrence seed cannot resurrect removed successor tags
00:49 +377: /tmp/tandemlog-food-implementation/test/stable_v3_compatibility_test.dart: new writer extends frozen v3 without rewriting prior history
00:49 +378: /tmp/tandemlog-food-implementation/test/storage_test.dart: successor collision and invalid tag/move references fail before append
00:49 +379: /tmp/tandemlog-food-implementation/test/storage_test.dart: offline schedule edits converge atomically without mixing precise date-times
00:49 +380: /tmp/tandemlog-food-implementation/test/storage_test.dart: completion reconciles changed timezone before selecting civil day
00:49 +381: /tmp/tandemlog-food-implementation/test/storage_test.dart: completion durable append failure recovers parent and sole successor together
00:49 +382: /tmp/tandemlog-food-implementation/test/storage_test.dart: pending future tag removal cannot poison next local append
00:50 +383: /tmp/tandemlog-food-implementation/test/storage_test.dart: offline older high sequence loses to a later wall-clock edit
00:50 +384: /tmp/tandemlog-food-implementation/test/shared_text_storage_test.dart: shared recurrence cache stores references and survives warm/cold reconstruction
00:50 +385: /tmp/tandemlog-food-implementation/test/shared_text_storage_test.dart: shared recurrence cache stores references and survives warm/cold reconstruction
00:50 +386: /tmp/tandemlog-food-implementation/test/shared_text_storage_test.dart: shared recurrence cache stores references and survives warm/cold reconstruction
00:50 +387: /tmp/tandemlog-food-implementation/test/shared_text_storage_test.dart: shared recurrence cache stores references and survives warm/cold reconstruction
00:50 +388: /tmp/tandemlog-food-implementation/test/shared_text_storage_test.dart: shared recurrence cache stores references and survives warm/cold reconstruction
00:51 +389: /tmp/tandemlog-food-implementation/test/shared_text_storage_test.dart: shared recurrence cache stores references and survives warm/cold reconstruction
00:51 +390: /tmp/tandemlog-food-implementation/test/shared_text_storage_test.dart: shared recurrence cache stores references and survives warm/cold reconstruction
00:51 +391: /tmp/tandemlog-food-implementation/test/shared_text_storage_test.dart: shared recurrence cache stores references and survives warm/cold reconstruction
00:52 +392: /tmp/tandemlog-food-implementation/test/shared_text_history_test.dart: reordered originals bound disposable interning and retain old references
00:53 +393: /tmp/tandemlog-food-implementation/test/shared_tag_semantics_test.dart: query clear and dropdown actions identify every editing context
00:53 +394: /tmp/tandemlog-food-implementation/test/shared_tag_semantics_test.dart: query clear and dropdown actions identify every editing context
00:53 +395: /tmp/tandemlog-food-implementation/test/shared_tag_semantics_test.dart: query clear and dropdown actions identify every editing context
00:53 +396: /tmp/tandemlog-food-implementation/test/shared_tag_semantics_test.dart: query clear and dropdown actions identify every editing context
00:53 +397: /tmp/tandemlog-food-implementation/test/shared_tag_semantics_test.dart: query clear and dropdown actions identify every editing context
00:53 +398: /tmp/tandemlog-food-implementation/test/shared_tag_semantics_test.dart: query clear and dropdown actions identify every editing context
00:53 +399: /tmp/tandemlog-food-implementation/test/shared_tag_semantics_test.dart: query clear and dropdown actions identify every editing context
00:53 +400: /tmp/tandemlog-food-implementation/test/shared_tag_semantics_test.dart: query clear and dropdown actions identify every editing context
00:53 +401: /tmp/tandemlog-food-implementation/test/shared_tag_semantics_test.dart: query clear and dropdown actions identify every editing context
00:54 +402: /tmp/tandemlog-food-implementation/test/shared_tag_semantics_test.dart: query clear and dropdown actions identify every editing context
00:54 +403: /tmp/tandemlog-food-implementation/test/shared_tag_semantics_test.dart: query clear and dropdown actions identify every editing context
00:54 +404: /tmp/tandemlog-food-implementation/test/shared_tag_semantics_test.dart: query clear and dropdown actions identify every editing context
00:54 +405: /tmp/tandemlog-food-implementation/test/schedule_test.dart: all 37 observed expressions match pinned upstream oracle
00:54 +406: /tmp/tandemlog-food-implementation/test/shared_tag_semantics_test.dart: editor exposes named query and removable selected tags
00:54 +407: /tmp/tandemlog-food-implementation/test/shared_tag_semantics_test.dart: editor exposes named query and removable selected tags
00:54 +408: /tmp/tandemlog-food-implementation/test/shared_tag_semantics_test.dart: editor exposes named query and removable selected tags
00:54 +409: /tmp/tandemlog-food-implementation/test/shared_tag_semantics_test.dart: editor exposes named query and removable selected tags
00:54 +410: /tmp/tandemlog-food-implementation/test/shared_tag_semantics_test.dart: editor exposes named query and removable selected tags
00:54 +411: /tmp/tandemlog-food-implementation/test/shared_tag_semantics_test.dart: editor exposes named query and removable selected tags
00:54 +412: /tmp/tandemlog-food-implementation/test/shared_tag_semantics_test.dart: editor exposes named query and removable selected tags
00:54 +413: /tmp/tandemlog-food-implementation/test/shared_tag_semantics_test.dart: editor exposes named query and removable selected tags
00:54 +414: /tmp/tandemlog-food-implementation/test/shared_tag_semantics_test.dart: editor exposes named query and removable selected tags
00:54 +415: /tmp/tandemlog-food-implementation/test/shared_tag_semantics_test.dart: editor exposes named query and removable selected tags
00:55 +416: /tmp/tandemlog-food-implementation/test/shared_tag_semantics_test.dart: bulk suggestions are readable and semantics activation is local
00:56 +417: /tmp/tandemlog-food-implementation/test/shared_tag_semantics_test.dart: bulk suggestions are readable and semantics activation is local
00:56 +418: /tmp/tandemlog-food-implementation/test/release_version_tile_test.dart: shows and copies only release version 2026.10.2-rc.1
00:56 +419: /tmp/tandemlog-food-implementation/test/shared_tag_semantics_test.dart: bulk chip actions preserve independent deltas and Apply state
00:56 +420: /tmp/tandemlog-food-implementation/test/shared_tag_semantics_test.dart: bulk chip actions preserve independent deltas and Apply state
00:56 +421: /tmp/tandemlog-food-implementation/test/shared_tag_semantics_test.dart: bulk chip actions preserve independent deltas and Apply state
00:57 +422: /tmp/tandemlog-food-implementation/test/recurring_text_test.dart: failed native admission discards rejected replay authority and recovers, cancellation fault=false
00:57 +423: /tmp/tandemlog-food-implementation/test/shared_tag_semantics_test.dart: Saving freezes tag editing and chip removal in both bulk contexts
00:57 +424: /tmp/tandemlog-food-implementation/test/shared_tag_semantics_test.dart: Saving freezes tag editing and chip removal in both bulk contexts
00:57 +425: /tmp/tandemlog-food-implementation/test/shared_tag_semantics_test.dart: Saving freezes tag editing and chip removal in both bulk contexts
00:57 +426: /tmp/tandemlog-food-implementation/test/recurring_text_test.dart: actual native recurring inherited text resolver shares recurrence references and advances native history once
00:57 +427: /tmp/tandemlog-food-implementation/test/recurring_text_test.dart: actual native recurring inherited text memo preserves union and rejects sparse closed prefixes after a hit
00:57 +428: /tmp/tandemlog-food-implementation/test/recurring_text_test.dart: actual native recurring inherited text memo budgets evict without changing replay or requiring native checkpoints
00:58 +429: /tmp/tandemlog-food-implementation/test/recurring_text_test.dart: actual native recurring inherited text shared originals remain bounded without evicting the latest edited proof
00:58 +430: /tmp/tandemlog-food-implementation/test/recurring_store_test.dart: offline recurring peers retain child edits drafts Undo and exact cold replay
00:58 +431: /tmp/tandemlog-food-implementation/test/recurring_store_test.dart: offline recurring peers retain child edits drafts Undo and exact cold replay
00:58 +432: /tmp/tandemlog-food-implementation/test/recurring_store_test.dart: offline recurring peers retain child edits drafts Undo and exact cold replay
00:58 +433: /tmp/tandemlog-food-implementation/test/recurring_store_test.dart: offline recurring peers retain child edits drafts Undo and exact cold replay
00:58 +434: /tmp/tandemlog-food-implementation/test/recurring_store_test.dart: offline recurring peers retain child edits drafts Undo and exact cold replay
00:58 +435: /tmp/tandemlog-food-implementation/test/recurring_store_test.dart: offline recurring peers retain child edits drafts Undo and exact cold replay
00:58 +436: /tmp/tandemlog-food-implementation/test/recurring_store_test.dart: offline recurring peers retain child edits drafts Undo and exact cold replay
00:58 +437: /tmp/tandemlog-food-implementation/test/recurring_store_test.dart: offline recurring peers retain child edits drafts Undo and exact cold replay
00:58 +438: /tmp/tandemlog-food-implementation/test/recurring_store_test.dart: offline recurring peers retain child edits drafts Undo and exact cold replay
00:59 +439: /tmp/tandemlog-food-implementation/test/recurring_completion_undo_test.dart: true Undo suppresses untouched successor, preserves bytes, and survives rebuild
00:59 +440: /tmp/tandemlog-food-implementation/test/recurring_completion_undo_test.dart: ordinary Reopen retains successor and generic recurring Undo rejects
01:00 +441: /tmp/tandemlog-food-implementation/test/recurring_completion_undo_test.dart: edit protects successor from cleanup
01:00 +442: /tmp/tandemlog-food-implementation/test/profile_task_store_test.dart: immutable names reject injected identifiers
01:00 +443: /tmp/tandemlog-food-implementation/test/recurring_completion_undo_test.dart: tags protects successor from cleanup
01:00 +444: /tmp/tandemlog-food-implementation/test/recurring_completion_undo_test.dart: tags protects successor from cleanup
01:00 +445: /tmp/tandemlog-food-implementation/test/profile_task_store_test.dart: two workspaces isolate identical entity and writer sequence IDs
01:00 +446: /tmp/tandemlog-food-implementation/test/recurring_completion_undo_test.dart: move protects successor from cleanup
01:00 +447: /tmp/tandemlog-food-implementation/test/recurring_completion_undo_test.dart: move protects successor from cleanup
01:00 +448: /tmp/tandemlog-food-implementation/test/profile_task_store_test.dart: queued open prevents owner close before its handle is returned
01:00 +449: /tmp/tandemlog-food-implementation/test/recurring_completion_undo_test.dart: complete protects successor from cleanup
01:00 +450: /tmp/tandemlog-food-implementation/test/recurring_completion_undo_test.dart: complete protects successor from cleanup
01:00 +451: /tmp/tandemlog-food-implementation/test/profile_task_store_test.dart: protected native receipt survives alias confirmation/rebuild appended=false
01:00 +452: /tmp/tandemlog-food-implementation/test/recurring_completion_undo_test.dart: delete protects successor from cleanup
01:00 +453: /tmp/tandemlog-food-implementation/test/recurring_completion_undo_test.dart: delete protects successor from cleanup
01:00 +454: /tmp/tandemlog-food-implementation/test/profile_task_store_test.dart: failed shared acknowledgement retains exact intent and rolls back projections
01:00 +455: /tmp/tandemlog-food-implementation/test/recurring_completion_undo_test.dart: anchor protects successor from cleanup
01:00 +456: /tmp/tandemlog-food-implementation/test/recurring_completion_undo_test.dart: anchor protects successor from cleanup
01:00 +457: /tmp/tandemlog-food-implementation/test/recurring_completion_undo_test.dart: undoneEdit protects successor from cleanup
01:01 +458: /tmp/tandemlog-food-implementation/test/recurring_completion_undo_test.dart: late remote edit restores protected successor and converges after rebuild
01:01 +459: /tmp/tandemlog-food-implementation/test/recurring_completion_undo_test.dart: late remote completion restores protected successor and converges after rebuild
01:01 +460: /tmp/tandemlog-food-implementation/test/recurring_completion_undo_test.dart: late remote completion restores protected successor and converges after rebuild
01:01 +461: /tmp/tandemlog-food-implementation/test/recurring_completion_undo_test.dart: late remote completion restores protected successor and converges after rebuild
01:01 +462: /tmp/tandemlog-food-implementation/test/recurring_completion_undo_test.dart: late remote completion restores protected successor and converges after rebuild
01:01 +463: /tmp/tandemlog-food-implementation/test/recurring_completion_undo_test.dart: late remote completion restores protected successor and converges after rebuild
01:01 +464: /tmp/tandemlog-food-implementation/test/recurring_completion_undo_test.dart: late remote completion restores protected successor and converges after rebuild
01:01 +465: /tmp/tandemlog-food-implementation/test/recurring_completion_undo_test.dart: late remote completion restores protected successor and converges after rebuild
01:01 +466: /tmp/tandemlog-food-implementation/test/profile_safety_store_test.dart: distinct profile writers converge in one canonical workspace
01:01 +467: /tmp/tandemlog-food-implementation/test/profile_safety_store_test.dart: distinct profile writers converge in one canonical workspace
01:01 +468: /tmp/tandemlog-food-implementation/test/recurring_completion_undo_test.dart: untouched recompletion uses surviving snapshot and current parent position
01:01 +469: /tmp/tandemlog-food-implementation/test/recurring_completion_undo_test.dart: untouched recompletion uses surviving snapshot and current parent position
01:01 +470: /tmp/tandemlog-food-implementation/test/recurring_completion_undo_test.dart: untouched recompletion uses surviving snapshot and current parent position
01:01 +471: /tmp/tandemlog-food-implementation/test/recurring_completion_undo_test.dart: mixed Undo confirms only prefix and retries cleanup (0 retained)
01:02 +472: /tmp/tandemlog-food-implementation/test/recurring_completion_undo_test.dart: mixed Undo confirms only prefix and retries cleanup (1 retained)
01:02 +473: /tmp/tandemlog-food-implementation/test/recurring_completion_undo_test.dart: mixed Undo confirms only prefix and retries cleanup (1 retained)
01:02 +474: /tmp/tandemlog-food-implementation/test/recurring_completion_undo_test.dart: mixed Undo confirms only prefix and retries cleanup (1 retained)
01:02 +475: /tmp/tandemlog-food-implementation/test/profile_lock_test.dart: child process holds OS lock; killing it allows reacquisition
01:02 +476: /tmp/tandemlog-food-implementation/test/profile_lock_test.dart: child process holds OS lock; killing it allows reacquisition
01:02 +477: /tmp/tandemlog-food-implementation/test/profile_lock_test.dart: child process holds OS lock; killing it allows reacquisition
01:02 +478: /tmp/tandemlog-food-implementation/test/profile_lock_test.dart: child process holds OS lock; killing it allows reacquisition
01:02 +479: /tmp/tandemlog-food-implementation/test/recurring_completion_undo_test.dart: generic recurring Undo rejects transactionally when completion arrives late
01:02 +480: /tmp/tandemlog-food-implementation/test/recurring_completion_undo_test.dart: new cleanup wire schema rejects extra fields and malformed references
01:02 +481: /tmp/tandemlog-food-implementation/test/recurring_completion_undo_test.dart: pure seed selection is independent of arrival order and preserves historical Undo
01:03 +482: /tmp/tandemlog-food-implementation/test/order_projection_test.dart: moving a legacy task below a native task uses both creation actions
01:03 +483: /tmp/tandemlog-food-implementation/test/order_projection_test.dart: native creation after a move keeps chronological manual ordering
01:03 +484: /tmp/tandemlog-food-implementation/test/native_text_engine_test.dart: missing native library is an explicit failure
01:03 +485: /tmp/tandemlog-food-implementation/test/native_text_engine_test.dart: operation bytes require exact canonical Base64 and bounded size
01:03 +486: /tmp/tandemlog-food-implementation/test/native_text_engine_test.dart: actual production FFI inspection reuse is immutable budget-specific and bounded
01:04 +487: /tmp/tandemlog-food-implementation/test/native_checklist_recompletion_test.dart: native offline checklist successor keeps its edited item after recompletion
01:04 +488: /tmp/tandemlog-food-implementation/test/native_checklist_recompletion_test.dart: native offline checklist successor keeps its edited item after recompletion
01:04 +489: /tmp/tandemlog-food-implementation/test/native_checklist_recompletion_test.dart: native offline checklist successor keeps its edited item after recompletion
01:04 +490: /tmp/tandemlog-food-implementation/test/native_checklist_recompletion_test.dart: native offline checklist successor keeps its edited item after recompletion
01:04 +491: /tmp/tandemlog-food-implementation/test/native_checklist_recompletion_test.dart: native offline checklist successor keeps its edited item after recompletion
01:04 +492: /tmp/tandemlog-food-implementation/test/native_checklist_recompletion_test.dart: native offline checklist successor keeps its edited item after recompletion
01:04 +493: /tmp/tandemlog-food-implementation/test/native_checklist_recompletion_test.dart: native offline checklist successor keeps its edited item after recompletion
01:04 +494: /tmp/tandemlog-food-implementation/test/native_checklist_recompletion_test.dart: native offline checklist successor keeps its edited item after recompletion
01:04 +495: /tmp/tandemlog-food-implementation/test/native_checklist_recompletion_test.dart: native offline checklist successor keeps its edited item after recompletion
01:04 +496: /tmp/tandemlog-food-implementation/test/native_checklist_recompletion_test.dart: native offline checklist successor keeps its edited item after recompletion
01:04 +497: /tmp/tandemlog-food-implementation/test/native_checklist_recompletion_test.dart: native offline checklist successor keeps its edited item after recompletion
01:04 +498: /tmp/tandemlog-food-implementation/test/native_checklist_recompletion_test.dart: native offline checklist successor keeps its edited item after recompletion
01:04 +499: /tmp/tandemlog-food-implementation/test/native_checklist_recompletion_test.dart: native offline checklist successor keeps its edited item after recompletion
01:04 +500: /tmp/tandemlog-food-implementation/test/native_checklist_recompletion_test.dart: native offline checklist successor keeps its edited item after recompletion
01:04 +501: /tmp/tandemlog-food-implementation/test/native_checklist_recompletion_test.dart: native offline checklist successor keeps its edited item after recompletion
01:04 +502: /tmp/tandemlog-food-implementation/test/native_checklist_recompletion_test.dart: native offline checklist successor keeps its edited item after recompletion
01:04 +503: /tmp/tandemlog-food-implementation/test/native_checklist_recompletion_test.dart: native offline checklist successor keeps its edited item after recompletion
01:04 +504: /tmp/tandemlog-food-implementation/test/native_checklist_recompletion_test.dart: native offline checklist successor keeps its edited item after recompletion
HISTORICAL_RECOMPLETION recompletion: Native item Saved ChildItemA
01:05 +505: /tmp/tandemlog-food-implementation/test/native_checklist_recompletion_test.dart: native offline checklist successor keeps its edited item after Undo
01:05 +506: /tmp/tandemlog-food-implementation/test/native_checklist_recompletion_test.dart: native offline checklist successor keeps its edited item after Undo
01:05 +507: /tmp/tandemlog-food-implementation/test/native_checklist_recompletion_test.dart: native offline checklist successor keeps its edited item after Undo
01:06 +508: /tmp/tandemlog-food-implementation/test/native_checklist_recompletion_test.dart: native offline checklist successor keeps its edited item after Undo
01:06 +509: /tmp/tandemlog-food-implementation/test/native_checklist_recompletion_test.dart: native offline checklist successor keeps its edited item after Undo
01:06 +510: /tmp/tandemlog-food-implementation/test/native_checklist_recompletion_test.dart: native offline checklist successor keeps its edited item after Undo
HISTORICAL_RECOMPLETION Undo: Native item Saved ChildItemA
01:06 +511: /tmp/tandemlog-food-implementation/test/local_profile_migration_test.dart: restart resumes without identity change at cleanup.planned
01:06 +512: /tmp/tandemlog-food-implementation/test/native_checklist_recompletion_test.dart: native offline checklist successor keeps its edited item after recompletion cold replay
01:06 +513: /tmp/tandemlog-food-implementation/test/native_checklist_recompletion_test.dart: native offline checklist successor keeps its edited item after recompletion cold replay
01:07 +514: /tmp/tandemlog-food-implementation/test/native_checklist_recompletion_test.dart: native offline checklist successor keeps its edited item after recompletion cold replay
01:07 +515: /tmp/tandemlog-food-implementation/test/native_checklist_recompletion_test.dart: native offline checklist successor keeps its edited item after recompletion cold replay
01:07 +516: /tmp/tandemlog-food-implementation/test/native_checklist_recompletion_test.dart: native offline checklist successor keeps its edited item after recompletion cold replay
01:07 +517: /tmp/tandemlog-food-implementation/test/native_checklist_recompletion_test.dart: native offline checklist successor keeps its edited item after recompletion cold replay
01:07 +518: /tmp/tandemlog-food-implementation/test/native_checklist_recompletion_test.dart: native offline checklist successor keeps its edited item after recompletion cold replay
01:07 +519: /tmp/tandemlog-food-implementation/test/native_checklist_recompletion_test.dart: native offline checklist successor keeps its edited item after recompletion cold replay
01:07 +520: /tmp/tandemlog-food-implementation/test/native_checklist_recompletion_test.dart: native offline checklist successor keeps its edited item after recompletion cold replay
HISTORICAL_RECOMPLETION recompletion cold replay: Native item Saved ChildItemA
01:07 +521: /tmp/tandemlog-food-implementation/test/local_profile_migration_test.dart: actual crash-retained legacy WAL and SHM import and cleanup
01:09 +521: /tmp/tandemlog-food-implementation/test/native_checklist_recompletion_test.dart: native offline checklist successor keeps its edited item after Undo cold replay
HISTORICAL_RECOMPLETION Undo cold replay: Native item Saved ChildItemA
01:09 +522: /tmp/tandemlog-food-implementation/test/local_profile_migration_test.dart: actual crash-retained legacy WAL and SHM import and cleanup
01:09 +523: /tmp/tandemlog-food-implementation/test/local_profile_migration_test.dart: actual crash-retained legacy WAL and SHM import and cleanup
01:09 +524: /tmp/tandemlog-food-implementation/test/local_profile_migration_test.dart: actual crash-retained legacy WAL and SHM import and cleanup
01:10 +525: /tmp/tandemlog-food-implementation/test/local_profile_migration_test.dart: actual crash-retained legacy WAL and SHM import and cleanup
01:10 +526: /tmp/tandemlog-food-implementation/test/local_profile_migration_test.dart: actual crash-retained legacy WAL and SHM import and cleanup
01:10 +527: /tmp/tandemlog-food-implementation/test/local_profile_migration_test.dart: actual crash-retained legacy WAL and SHM import and cleanup
01:10 +528: /tmp/tandemlog-food-implementation/test/local_profile_database_test.dart: OS exclusion survives commit and process death
01:10 +529: /tmp/tandemlog-food-implementation/test/local_profile_database_test.dart: OS exclusion survives commit and process death
01:10 +530: /tmp/tandemlog-food-implementation/test/local_profile_database_test.dart: OS exclusion survives commit and process death
01:10 +531: /tmp/tandemlog-food-implementation/test/local_profile_database_test.dart: OS exclusion survives commit and process death
01:11 +532: /tmp/tandemlog-food-implementation/test/local_profile_database_test.dart: OS exclusion survives commit and process death
01:11 +533: /tmp/tandemlog-food-implementation/test/local_profile_database_test.dart: OS exclusion survives commit and process death
01:11 +534: /tmp/tandemlog-food-implementation/test/local_profile_database_test.dart: OS exclusion survives commit and process death
01:11 +535: /tmp/tandemlog-food-implementation/test/local_profile_database_test.dart: OS exclusion survives commit and process death
01:11 +536: /tmp/tandemlog-food-implementation/test/local_profile_database_test.dart: OS exclusion survives commit and process death
01:12 +537: /tmp/tandemlog-food-implementation/test/local_profile_migration_test.dart: SIGKILL recovery retains identity and canonical bytes at files.imported
01:14 +538: /tmp/tandemlog-food-implementation/test/local_profile_migration_test.dart: SIGKILL recovery retains identity and canonical bytes at files.imported
01:14 +539: /tmp/tandemlog-food-implementation/test/local_profile_database_test.dart: OS exclusion survives uncommitted and process death
01:15 +540: /tmp/tandemlog-food-implementation/test/local_profile_migration_test.dart: SIGKILL recovery retains identity and canonical bytes at cleanup.planned
01:15 +541: /tmp/tandemlog-food-implementation/test/local_profile_migration_test.dart: SIGKILL recovery retains identity and canonical bytes at cleanup.planned
01:15 +542: /tmp/tandemlog-food-implementation/test/local_profile_migration_test.dart: SIGKILL recovery retains identity and canonical bytes at cleanup.planned
01:15 +543: /tmp/tandemlog-food-implementation/test/local_profile_migration_test.dart: SIGKILL recovery retains identity and canonical bytes at cleanup.planned
01:15 +544: /tmp/tandemlog-food-implementation/test/local_profile_migration_test.dart: SIGKILL recovery retains identity and canonical bytes at cleanup.planned
01:15 +545: /tmp/tandemlog-food-implementation/test/local_profile_migration_test.dart: SIGKILL recovery retains identity and canonical bytes at cleanup.planned
01:16 +546: /tmp/tandemlog-food-implementation/test/local_profile_migration_test.dart: SIGKILL recovery retains identity and canonical bytes at cleanup.planned
01:16 +547: /tmp/tandemlog-food-implementation/test/local_profile_migration_test.dart: SIGKILL recovery retains identity and canonical bytes at cleanup.planned
01:16 +548: /tmp/tandemlog-food-implementation/test/local_profile_migration_test.dart: SIGKILL recovery retains identity and canonical bytes at cleanup.planned
01:16 +549: /tmp/tandemlog-food-implementation/test/local_profile_migration_test.dart: SIGKILL recovery retains identity and canonical bytes at cleanup.planned
01:16 +550: /tmp/tandemlog-food-implementation/test/local_profile_migration_test.dart: SIGKILL recovery retains identity and canonical bytes at cleanup.planned
01:16 +551: /tmp/tandemlog-food-implementation/test/local_profile_migration_test.dart: SIGKILL recovery retains identity and canonical bytes at cleanup.planned
01:16 +552: /tmp/tandemlog-food-implementation/test/local_profile_migration_test.dart: SIGKILL recovery retains identity and canonical bytes at cleanup.planned
01:16 +553: /tmp/tandemlog-food-implementation/test/local_profile_migration_test.dart: SIGKILL recovery retains identity and canonical bytes at cleanup.planned
01:16 +554: /tmp/tandemlog-food-implementation/test/local_profile_migration_test.dart: SIGKILL recovery retains identity and canonical bytes at cleanup.planned
01:16 +555: /tmp/tandemlog-food-implementation/test/local_profile_migration_test.dart: SIGKILL recovery retains identity and canonical bytes at cleanup.planned
01:16 +556: /tmp/tandemlog-food-implementation/test/local_profile_migration_test.dart: SIGKILL recovery retains identity and canonical bytes at cleanup.planned
01:16 +557: /tmp/tandemlog-food-implementation/test/local_profile_migration_test.dart: SIGKILL recovery retains identity and canonical bytes at cleanup.planned
01:16 +558: /tmp/tandemlog-food-implementation/test/local_profile_migration_test.dart: SIGKILL recovery retains identity and canonical bytes at cleanup.planned
01:16 +559: /tmp/tandemlog-food-implementation/test/local_profile_migration_test.dart: SIGKILL recovery retains identity and canonical bytes at cleanup.planned
01:16 +560: /tmp/tandemlog-food-implementation/test/local_profile_migration_test.dart: SIGKILL recovery retains identity and canonical bytes at cleanup.planned
01:16 +561: /tmp/tandemlog-food-implementation/test/local_profile_migration_test.dart: SIGKILL recovery retains identity and canonical bytes at cleanup.planned
01:16 +562: /tmp/tandemlog-food-implementation/test/local_profile_migration_test.dart: SIGKILL recovery retains identity and canonical bytes at cleanup.planned
01:16 +563: /tmp/tandemlog-food-implementation/test/local_profile_migration_test.dart: SIGKILL recovery retains identity and canonical bytes at cleanup.planned
01:16 +564: /tmp/tandemlog-food-implementation/test/local_profile_migration_test.dart: SIGKILL recovery retains identity and canonical bytes at cleanup.planned
01:16 +565: /tmp/tandemlog-food-implementation/test/local_profile_migration_test.dart: SIGKILL recovery retains identity and canonical bytes at cleanup.planned
01:17 +566: /tmp/tandemlog-food-implementation/test/local_profile_migration_test.dart: SIGKILL recovery retains identity and canonical bytes at cleanup.planned
01:17 +567: /tmp/tandemlog-food-implementation/test/local_profile_migration_test.dart: SIGKILL recovery retains identity and canonical bytes at cleanup.planned
01:17 +568: /tmp/tandemlog-food-implementation/test/local_profile_migration_test.dart: SIGKILL recovery retains identity and canonical bytes at cleanup.planned
01:17 +569: /tmp/tandemlog-food-implementation/test/local_profile_migration_test.dart: SIGKILL recovery retains identity and canonical bytes at cleanup.planned
01:17 +570: /tmp/tandemlog-food-implementation/test/local_profile_migration_test.dart: SIGKILL recovery retains identity and canonical bytes at cleanup.planned
01:17 +571: /tmp/tandemlog-food-implementation/test/local_profile_migration_test.dart: SIGKILL recovery retains identity and canonical bytes at cleanup.planned
01:17 +572: /tmp/tandemlog-food-implementation/test/local_profile_migration_test.dart: SIGKILL recovery retains identity and canonical bytes at cleanup.planned
01:17 +573: /tmp/tandemlog-food-implementation/test/local_profile_migration_test.dart: SIGKILL recovery retains identity and canonical bytes at cleanup.planned
01:17 +574: /tmp/tandemlog-food-implementation/test/local_profile_migration_test.dart: SIGKILL recovery retains identity and canonical bytes at activation.committed
01:18 +575: /tmp/tandemlog-food-implementation/test/local_profile_migration_test.dart: SIGKILL recovery retains identity and canonical bytes at activation.committed
01:18 +576: /tmp/tandemlog-food-implementation/test/local_profile_migration_test.dart: SIGKILL recovery retains identity and canonical bytes at activation.committed
01:18 +577: /tmp/tandemlog-food-implementation/test/local_profile_migration_test.dart: SIGKILL recovery retains identity and canonical bytes at activation.committed
01:18 +578: /tmp/tandemlog-food-implementation/test/local_profile_migration_test.dart: SIGKILL recovery retains identity and canonical bytes at activation.committed
01:18 +579: /tmp/tandemlog-food-implementation/test/local_profile_migration_test.dart: SIGKILL recovery retains identity and canonical bytes at activation.committed
01:18 +580: /tmp/tandemlog-food-implementation/test/local_profile_migration_test.dart: SIGKILL recovery retains identity and canonical bytes at activation.committed
01:19 +581: /tmp/tandemlog-food-implementation/test/local_profile_migration_test.dart: SIGKILL recovery retains identity and canonical bytes at activation.committed
01:19 +582: /tmp/tandemlog-food-implementation/test/local_profile_migration_test.dart: SIGKILL recovery retains identity and canonical bytes at activation.committed
01:20 +583: /tmp/tandemlog-food-implementation/test/local_profile_migration_test.dart: SIGKILL recovery retains identity and canonical bytes at activation.committed
01:20 +584: /tmp/tandemlog-food-implementation/test/initial_task_rank_test.dart: complete-prefix capture waits for initial position and retries exact suffix
01:20 +585: /tmp/tandemlog-food-implementation/test/local_profile_migration_test.dart: SIGKILL recovery retains identity and canonical bytes at cleanup.marked
01:20 +586: /tmp/tandemlog-food-implementation/test/local_profile_migration_test.dart: SIGKILL recovery retains identity and canonical bytes at cleanup.marked
01:20 +587: /tmp/tandemlog-food-implementation/test/local_profile_migration_test.dart: SIGKILL recovery retains identity and canonical bytes at cleanup.marked
01:20 +588: /tmp/tandemlog-food-implementation/test/local_profile_migration_test.dart: SIGKILL recovery retains identity and canonical bytes at cleanup.marked
01:20 +589: /tmp/tandemlog-food-implementation/test/local_profile_migration_test.dart: SIGKILL recovery retains identity and canonical bytes at cleanup.marked
01:20 +590: /tmp/tandemlog-food-implementation/test/local_profile_migration_test.dart: SIGKILL recovery retains identity and canonical bytes at cleanup.marked
01:20 +591: /tmp/tandemlog-food-implementation/test/local_profile_migration_test.dart: SIGKILL recovery retains identity and canonical bytes at cleanup.marked
01:21 +592: /tmp/tandemlog-food-implementation/test/local_profile_migration_test.dart: SIGKILL recovery retains identity and canonical bytes at cleanup.marked
01:22 +593: /tmp/tandemlog-food-implementation/test/local_profile_migration_test.dart: SIGKILL recovery retains identity and canonical bytes at cleanup.marked
01:22 +594: /tmp/tandemlog-food-implementation/test/local_profile_migration_test.dart: SIGKILL recovery retains identity and canonical bytes at cleanup.marked
01:22 +595: /tmp/tandemlog-food-implementation/test/local_profile_migration_test.dart: SIGKILL recovery retains identity and canonical bytes at cleanup.marked
01:22 +596: /tmp/tandemlog-food-implementation/test/local_profile_migration_test.dart: SIGKILL recovery retains identity and canonical bytes at cleanup.marked
01:22 +597: /tmp/tandemlog-food-implementation/test/local_profile_migration_test.dart: SIGKILL recovery retains identity and canonical bytes at cleanup.marked
01:22 +598: /tmp/tandemlog-food-implementation/test/local_profile_migration_test.dart: SIGKILL recovery retains identity and canonical bytes at cleanup.marked
01:22 +599: /tmp/tandemlog-food-implementation/test/local_profile_migration_test.dart: SIGKILL recovery retains identity and canonical bytes at cleanup.marked
01:22 +600: /tmp/tandemlog-food-implementation/test/local_profile_migration_test.dart: SIGKILL recovery retains identity and canonical bytes at cleanup.marked
01:22 +601: /tmp/tandemlog-food-implementation/test/local_profile_migration_test.dart: SIGKILL recovery retains identity and canonical bytes at cleanup.marked
01:22 +602: /tmp/tandemlog-food-implementation/test/local_profile_migration_test.dart: SIGKILL recovery retains identity and canonical bytes at cleanup.marked
01:22 +603: /tmp/tandemlog-food-implementation/test/local_profile_migration_test.dart: SIGKILL recovery retains identity and canonical bytes at cleanup.marked
01:22 +604: /tmp/tandemlog-food-implementation/test/local_profile_migration_test.dart: SIGKILL recovery retains identity and canonical bytes at cleanup.marked
01:22 +605: /tmp/tandemlog-food-implementation/test/local_profile_migration_test.dart: SIGKILL recovery retains identity and canonical bytes at cleanup.marked
01:22 +606: /tmp/tandemlog-food-implementation/test/local_profile_migration_test.dart: SIGKILL recovery retains identity and canonical bytes at cleanup.marked
01:22 +607: /tmp/tandemlog-food-implementation/test/local_profile_migration_test.dart: SIGKILL recovery retains identity and canonical bytes at cleanup.marked
01:22 +608: /tmp/tandemlog-food-implementation/test/local_profile_migration_test.dart: SIGKILL recovery retains identity and canonical bytes at cleanup.marked
01:22 +609: /tmp/tandemlog-food-implementation/test/incremental_history_test.dart: seeked new tag reference rejects transactionally without advancing admitted bytes
01:22 +610: /tmp/tandemlog-food-implementation/test/local_profile_migration_test.dart: SIGKILL recovery retains identity and canonical bytes at cleanup.deleted
01:22 +611: /tmp/tandemlog-food-implementation/test/local_profile_migration_test.dart: SIGKILL recovery retains identity and canonical bytes at cleanup.deleted
01:22 +612: /tmp/tandemlog-food-implementation/test/local_profile_migration_test.dart: SIGKILL recovery retains identity and canonical bytes at cleanup.deleted
01:22 +613: /tmp/tandemlog-food-implementation/test/local_profile_migration_test.dart: SIGKILL recovery retains identity and canonical bytes at cleanup.deleted
01:22 +614: /tmp/tandemlog-food-implementation/test/local_profile_migration_test.dart: SIGKILL recovery retains identity and canonical bytes at cleanup.deleted
01:22 +615: /tmp/tandemlog-food-implementation/test/local_profile_migration_test.dart: SIGKILL recovery retains identity and canonical bytes at cleanup.deleted
01:23 +616: /tmp/tandemlog-food-implementation/test/local_profile_migration_test.dart: SIGKILL recovery retains identity and canonical bytes at cleanup.deleted
01:23 +617: /tmp/tandemlog-food-implementation/test/local_profile_migration_test.dart: SIGKILL recovery retains identity and canonical bytes at cleanup.deleted
01:23 +618: /tmp/tandemlog-food-implementation/test/local_profile_migration_test.dart: SIGKILL recovery retains identity and canonical bytes at cleanup.deleted
01:23 +619: /tmp/tandemlog-food-implementation/test/local_profile_migration_test.dart: SIGKILL recovery retains identity and canonical bytes at cleanup.deleted
01:23 +620: /tmp/tandemlog-food-implementation/test/local_profile_migration_test.dart: SIGKILL recovery retains identity and canonical bytes at cleanup.deleted
01:23 +621: /tmp/tandemlog-food-implementation/test/local_profile_migration_test.dart: SIGKILL recovery retains identity and canonical bytes at cleanup.deleted
01:23 +622: /tmp/tandemlog-food-implementation/test/local_profile_migration_test.dart: SIGKILL recovery retains identity and canonical bytes at cleanup.deleted
01:23 +623: /tmp/tandemlog-food-implementation/test/local_profile_migration_test.dart: SIGKILL recovery retains identity and canonical bytes at cleanup.deleted
01:23 +624: /tmp/tandemlog-food-implementation/test/local_profile_migration_test.dart: SIGKILL recovery retains identity and canonical bytes at cleanup.deleted
01:23 +625: /tmp/tandemlog-food-implementation/test/local_profile_migration_test.dart: SIGKILL recovery retains identity and canonical bytes at cleanup.deleted
01:23 +626: /tmp/tandemlog-food-implementation/test/local_profile_migration_test.dart: SIGKILL recovery retains identity and canonical bytes at cleanup.deleted
01:23 +627: /tmp/tandemlog-food-implementation/test/local_profile_migration_test.dart: SIGKILL recovery retains identity and canonical bytes at cleanup.deleted
01:23 +628: /tmp/tandemlog-food-implementation/test/local_profile_migration_test.dart: SIGKILL recovery retains identity and canonical bytes at cleanup.deleted
01:23 +629: /tmp/tandemlog-food-implementation/test/local_profile_migration_test.dart: SIGKILL recovery retains identity and canonical bytes at cleanup.deleted
01:23 +630: /tmp/tandemlog-food-implementation/test/local_profile_migration_test.dart: SIGKILL recovery retains identity and canonical bytes at cleanup.deleted
01:24 +631: /tmp/tandemlog-food-implementation/test/local_profile_migration_test.dart: SIGKILL recovery retains identity and canonical bytes at cleanup.deleted
01:24 +632: /tmp/tandemlog-food-implementation/test/local_profile_migration_test.dart: SIGKILL recovery retains identity and canonical bytes at cleanup.deleted
01:24 +633: /tmp/tandemlog-food-implementation/test/local_profile_migration_test.dart: SIGKILL recovery retains identity and canonical bytes at cleanup.deleted
01:24 +634: /tmp/tandemlog-food-implementation/test/local_profile_migration_test.dart: SIGKILL recovery retains identity and canonical bytes at cleanup.deleted
01:24 +635: /tmp/tandemlog-food-implementation/test/local_profile_migration_test.dart: SIGKILL recovery retains identity and canonical bytes at cleanup.deleted
01:24 +636: /tmp/tandemlog-food-implementation/test/local_profile_migration_test.dart: SIGKILL recovery retains identity and canonical bytes at cleanup.deleted
01:25 +637: /tmp/tandemlog-food-implementation/test/historical_recompletion_test.dart: offline historical recompletions converge without reseeding or suppressing the existing child
01:25 +638: /tmp/tandemlog-food-implementation/test/local_profile_migration_test.dart: SIGKILL recovery retains identity and canonical bytes at cleanup.committed
01:25 +639: /tmp/tandemlog-food-implementation/test/local_profile_migration_test.dart: SIGKILL recovery retains identity and canonical bytes at cleanup.committed
01:26 +640: /tmp/tandemlog-food-implementation/test/local_profile_migration_test.dart: SIGKILL recovery retains identity and canonical bytes at cleanup.committed
01:26 +641: /tmp/tandemlog-food-implementation/test/local_profile_migration_test.dart: SIGKILL recovery retains identity and canonical bytes at cleanup.committed
01:26 +642: /tmp/tandemlog-food-implementation/test/local_profile_migration_test.dart: SIGKILL recovery retains identity and canonical bytes at cleanup.committed
01:26 +643: /tmp/tandemlog-food-implementation/test/local_profile_migration_test.dart: SIGKILL recovery retains identity and canonical bytes at cleanup.committed
01:27 +644: /tmp/tandemlog-food-implementation/test/historical_delivery_test.dart: review: historical source and marker arrive after cross-writer Undo
01:28 +645: /tmp/tandemlog-food-implementation/test/historical_delivery_test.dart: review: native historical source and marker arrive after cross-writer Undo
01:28 +646: /tmp/tandemlog-food-implementation/test/historical_delivery_test.dart: review: native historical source and marker arrive after cross-writer Undo
01:28 +647: /tmp/tandemlog-food-implementation/test/historical_delivery_test.dart: review: native historical source and marker arrive after cross-writer Undo
01:28 +648: /tmp/tandemlog-food-implementation/test/historical_delivery_test.dart: review: native historical source and marker arrive after cross-writer Undo
01:28 +649: /tmp/tandemlog-food-implementation/test/foreground_importer_test.dart: coalesces repeated notifications and retains bounded fallback
01:28 +650: /tmp/tandemlog-food-implementation/test/foreground_importer_test.dart: pause and workspace disposal cancel debounce and fallback; resume reconciles
01:28 +651: /tmp/tandemlog-food-implementation/test/foreground_importer_test.dart: watcher failure recovers on fallback and overlapping work is serialized
01:29 +652: /tmp/tandemlog-food-implementation/test/event_clock_test.dart: new wall time wins despite many older borrowed nanoseconds
01:29 +653: /tmp/tandemlog-food-implementation/test/event_clock_test.dart: equal and backward wall time borrow exactly one nanosecond
01:29 +654: /tmp/tandemlog-food-implementation/test/event_clock_test.dart: canonical decimal clock round trips values beyond JSON number precision
01:29 +655: /tmp/tandemlog-food-implementation/test/event_clock_test.dart: numeric legacy and tuple draft event clocks are rejected explicitly
01:29 +656: /tmp/tandemlog-food-implementation/test/event_chain_test.dart: independent Python SHA256 golden JSONL is byte-exact on re-encode
01:29 +657: /tmp/tandemlog-food-implementation/test/event_chain_test.dart: new records require an explicit predecessor beyond genesis
01:29 +658: /tmp/tandemlog-food-implementation/test/event_chain_test.dart: canonical bytes reject alternate spellings and duplicate fields
01:29 +659: /tmp/tandemlog-food-implementation/test/event_chain_test.dart: data key order is recursive and array order remains significant
01:29 +660: /tmp/tandemlog-food-implementation/test/event_chain_test.dart: altering any envelope field or content breaks the retained hash
01:29 +661: /tmp/tandemlog-food-implementation/test/event_chain_test.dart: hash fields must be full lowercase hex and are mandatory
01:29 +662: /tmp/tandemlog-food-implementation/test/event_chain_test.dart: literal Unicode survives, malformed surrogates never become replacements
01:29 +663: /tmp/tandemlog-food-implementation/test/event_chain_test.dart: canonical numeric grammar is plain safe integers, never floats
01:29 +664: /tmp/tandemlog-food-implementation/test/event_chain_test.dart: obsolete separate tag events are rejected rather than reinterpreted
01:29 +665: /tmp/tandemlog-food-implementation/test/event_chain_test.dart: event size admission counts UTF-8 bytes with an inclusive 1 MiB limit
01:29 +666: /tmp/tandemlog-food-implementation/test/event_chain_test.dart: v1 and v2 prerelease histories remain explicit preserved failures
01:29 +667: /tmp/tandemlog-food-implementation/test/domain_test.dart: deletion is a validated permanent tombstone in every arrival order
01:29 +668: /tmp/tandemlog-food-implementation/test/domain_test.dart: canonical UUID admission matches namespace validation and rejects aliases
01:29 +669: /tmp/tandemlog-food-implementation/test/domain_test.dart: all arrival permutations yield identical field conflict and undo state
01:29 +670: /tmp/tandemlog-food-implementation/test/domain_test.dart: unknown event/fields and counter overflow are rejected
01:29 +671: /tmp/tandemlog-food-implementation/test/domain_test.dart: historical v1 events and invalid new active fields fail explicitly
01:29 +672: /tmp/tandemlog-food-implementation/test/date_time_layout_test.dart: populated rows fit at measured boundary and retain composing drafts
LAYOUT bulk=false scale=1.0 rowBoundary=392.0
01:30 +673: /tmp/tandemlog-food-implementation/test/date_time_layout_test.dart: populated rows fit at measured boundary and retain composing drafts
01:31 +674: /tmp/tandemlog-food-implementation/test/date_time_layout_test.dart: populated rows fit at measured boundary and retain composing drafts
01:31 +675: /tmp/tandemlog-food-implementation/test/date_time_layout_test.dart: populated rows fit at measured boundary and retain composing drafts
01:31 +676: /tmp/tandemlog-food-implementation/test/date_time_layout_test.dart: populated rows fit at measured boundary and retain composing drafts
01:31 +677: /tmp/tandemlog-food-implementation/test/date_time_layout_test.dart: populated rows fit at measured boundary and retain composing drafts
01:32 +678: /tmp/tandemlog-food-implementation/test/date_time_layout_test.dart: populated rows fit at measured boundary and retain composing drafts
LAYOUT bulk=false scale=1.3 rowBoundary=456.0
01:32 +679: /tmp/tandemlog-food-implementation/test/date_time_layout_test.dart: populated rows fit at measured boundary and retain composing drafts
01:32 +680: /tmp/tandemlog-food-implementation/test/date_time_layout_test.dart: populated rows fit at measured boundary and retain composing drafts
01:32 +681: /tmp/tandemlog-food-implementation/test/date_time_layout_test.dart: populated rows fit at measured boundary and retain composing drafts
01:32 +682: /tmp/tandemlog-food-implementation/test/date_time_layout_test.dart: populated rows fit at measured boundary and retain composing drafts
01:32 +683: /tmp/tandemlog-food-implementation/test/date_time_layout_test.dart: populated rows fit at measured boundary and retain composing drafts
01:32 +684: /tmp/tandemlog-food-implementation/test/date_time_layout_test.dart: populated rows fit at measured boundary and retain composing drafts
01:32 +685: /tmp/tandemlog-food-implementation/test/date_time_layout_test.dart: populated rows fit at measured boundary and retain composing drafts
01:32 +686: /tmp/tandemlog-food-implementation/test/date_time_layout_test.dart: populated rows fit at measured boundary and retain composing drafts
LAYOUT bulk=false scale=2.0 rowBoundary=628.0
01:33 +687: /tmp/tandemlog-food-implementation/test/date_time_layout_test.dart: populated rows fit at measured boundary and retain composing drafts
LAYOUT bulk=true scale=1.0 rowBoundary=488.0
01:34 +688: /tmp/tandemlog-food-implementation/test/date_time_layout_test.dart: populated rows fit at measured boundary and retain composing drafts
LAYOUT bulk=true scale=1.3 rowBoundary=552.0
01:35 +689: /tmp/tandemlog-food-implementation/test/date_time_layout_test.dart: populated rows fit at measured boundary and retain composing drafts
LAYOUT bulk=true scale=2.0 rowBoundary=724.0
01:36 +690: /tmp/tandemlog-food-implementation/test/checklist_storage_test.dart: stale inline reorder stops before receipt after peer refresh
01:36 +691: /tmp/tandemlog-food-implementation/test/checklist_storage_test.dart: one-level items have native title/notes, completion, order and targeted Undo
01:36 +692: /tmp/tandemlog-food-implementation/test/checklist_security_review_test.dart: admissible large checklist copy has bounded decode work and preserves canonical bytes
01:36 +693: /tmp/tandemlog-food-implementation/test/checklist_security_review_test.dart: admissible large checklist copy has bounded decode work and preserves canonical bytes
01:37 +694: /tmp/tandemlog-food-implementation/test/checklist_storage_test.dart: recurrence copies fresh unchecked items preserving order and native field identities
01:37 +695: /tmp/tandemlog-food-implementation/test/checklist_security_review_test.dart: scalar checklist historical recompletion preserves protected child without shared-text initialization
01:37 +696: /tmp/tandemlog-food-implementation/test/checklist_storage_test.dart: offline completions union item text and membership while preserving successor edits
01:38 +697: /tmp/tandemlog-food-implementation/test/checklist_presentation_test.dart: holding child reorder handle never opens help popup
01:38 +698: /tmp/tandemlog-food-implementation/test/checklist_presentation_test.dart: holding child reorder handle never opens help popup
01:38 +699: /tmp/tandemlog-food-implementation/test/checklist_presentation_test.dart: holding child reorder handle never opens help popup
01:38 +700: /tmp/tandemlog-food-implementation/test/checklist_storage_test.dart: saved item completion/move/delete protects successor from completion Undo
01:39 +701: /tmp/tandemlog-food-implementation/test/checklist_presentation_test.dart: child reorder drag still works after holding 0:00:00.000000
01:39 +702: /tmp/tandemlog-food-implementation/test/checklist_storage_test.dart: late offline copy cannot overwrite a saved child order or checked state
01:39 +703: /tmp/tandemlog-food-implementation/test/checklist_storage_test.dart: late offline copy cannot overwrite a saved child order or checked state
01:39 +704: /tmp/tandemlog-food-implementation/test/checklist_storage_test.dart: late offline copy cannot overwrite a saved child order or checked state
01:39 +705: /tmp/tandemlog-food-implementation/test/checklist_storage_test.dart: late offline copy cannot overwrite a saved child order or checked state
01:39 +706: /tmp/tandemlog-food-implementation/test/checklist_storage_test.dart: late offline copy cannot overwrite a saved child order or checked state
01:39 +707: /tmp/tandemlog-food-implementation/test/checklist_storage_test.dart: late offline copy cannot overwrite a saved child order or checked state
01:39 +708: /tmp/tandemlog-food-implementation/test/checklist_storage_test.dart: late offline copy cannot overwrite a saved child order or checked state
01:39 +709: /tmp/tandemlog-food-implementation/test/checklist_presentation_test.dart: late control callbacks cannot dispatch after panel becomes busy
01:39 +710: /tmp/tandemlog-food-implementation/test/checklist_storage_test.dart: scalar-mode checklist history also preserves initialized child on historical recompletion
01:39 +711: /tmp/tandemlog-food-implementation/test/checklist_storage_test.dart: scalar-mode checklist history also preserves initialized child on historical recompletion
01:39 +712: /tmp/tandemlog-food-implementation/test/checklist_presentation_test.dart: drop rejects wrong scope stale snapshot and disabled late acceptance
01:39 +713: /tmp/tandemlog-food-implementation/test/checklist_storage_test.dart: copied-item native proofs work through three generations and exact membership cannot be forged
01:39 +714: /tmp/tandemlog-food-implementation/test/checklist_storage_test.dart: copied-item native proofs work through three generations and exact membership cannot be forged
01:40 +715: /tmp/tandemlog-food-implementation/test/checklist_presentation_test.dart: new item saves normalized title and multiline notes independently
01:40 +716: /tmp/tandemlog-food-implementation/test/checklist_storage_test.dart: untouched copied items follow successor suppression and identical cold/warm cache replay
01:40 +717: /tmp/tandemlog-food-implementation/test/checklist_storage_test.dart: untouched copied items follow successor suppression and identical cold/warm cache replay
01:40 +718: /tmp/tandemlog-food-implementation/test/checklist_presentation_test.dart: save through close guard renews dirty baseline; reopening starts clean
01:40 +719: /tmp/tandemlog-food-implementation/test/checklist_presentation_test.dart: failed save retains draft; pending receipt freezes fields and close but permits exact retry
01:40 +720: /tmp/tandemlog-food-implementation/test/checklist_presentation_test.dart: IME composition cannot save; length errors retain fields
01:41 +721: /tmp/tandemlog-food-implementation/test/checklist_item_native_editor_test.dart: remote deleted parent rejects private native Save without receipt and permits Discard
01:41 +722: /tmp/tandemlog-food-implementation/test/checklist_item_native_editor_test.dart: remote deleted parent rejects private native Save without receipt and permits Discard
01:41 +723: /tmp/tandemlog-food-implementation/test/checklist_item_native_editor_test.dart: remote deleted parent rejects private native Save without receipt and permits Discard
01:41 +724: /tmp/tandemlog-food-implementation/test/checklist_item_native_editor_test.dart: remote deleted parent rejects private native Save without receipt and permits Discard
01:41 +725: /tmp/tandemlog-food-implementation/test/checklist_item_native_editor_test.dart: remote deleted parent rejects private native Save without receipt and permits Discard
01:42 +726: /tmp/tandemlog-food-implementation/test/checklist_item_native_editor_test.dart: remote deleted parent rejects private native Save without receipt and permits Discard
01:42 +727: /tmp/tandemlog-food-implementation/test/checklist_item_native_editor_test.dart: remote deleted parent rejects private native Save without receipt and permits Discard
01:42 +728: /tmp/tandemlog-food-implementation/test/checklist_item_native_editor_test.dart: remote deleted parent rejects private native Save without receipt and permits Discard
01:42 +729: /tmp/tandemlog-food-implementation/test/checklist_item_native_editor_test.dart: native caret-only edits stay clean; composition propagates; committed merged text renews before close
01:42 +730: /tmp/tandemlog-food-implementation/test/checklist_delivery_test.dart: remote item waits for missing task parent then attaches once without appearing as a task
01:42 +731: /tmp/tandemlog-food-implementation/test/checklist_delivery_test.dart: late user parent invalidates retained item transactionally
01:42 +732: /tmp/tandemlog-food-implementation/test/checklist_delivery_test.dart: late item parent invalidates retained item transactionally
01:42 +733: /tmp/tandemlog-food-implementation/test/checklist_delivery_test.dart: late same-parent creation anchor settles item order and duplicates do not add items
01:43 +734: /tmp/tandemlog-food-implementation/test/checklist_delivery_test.dart: late cross-parent move anchor rolls back arrival without changing the pending source item
01:43 +735: /tmp/tandemlog-food-implementation/test/checklist_completion_command_test.dart: all checked items complete without warning and prepare exactly one receipt
01:43 +736: /tmp/tandemlog-food-implementation/test/checklist_completion_command_test.dart: all checked items complete without warning and prepare exactly one receipt
01:43 +737: /tmp/tandemlog-food-implementation/test/checklist_completion_command_test.dart: all checked items complete without warning and prepare exactly one receipt
01:43 +738: /tmp/tandemlog-food-implementation/test/checklist_completion_command_test.dart: all checked items complete without warning and prepare exactly one receipt
01:43 +739: /tmp/tandemlog-food-implementation/test/checklist_delivery_test.dart: forged membership copy rejects before receipt and leaves canonical history untouched
01:43 +740: /tmp/tandemlog-food-implementation/test/checklist_completion_command_test.dart: cancel unfinished warning prepares nothing and preserves exact canonical bytes
01:43 +741: /tmp/tandemlog-food-implementation/test/checklist_delivery_test.dart: forged order copy rejects before receipt and leaves canonical history untouched
01:43 +742: /tmp/tandemlog-food-implementation/test/checklist_completion_command_test.dart: warning observes whole current checklist including checked items notes and order
01:43 +743: /tmp/tandemlog-food-implementation/test/checklist_completion_command_test.dart: warning observes whole current checklist including checked items notes and order
01:43 +744: /tmp/tandemlog-food-implementation/test/checklist_delivery_test.dart: forged history proof copy rejects before receipt and leaves canonical history untouched
01:44 +745: /tmp/tandemlog-food-implementation/test/checklist_completion_command_test.dart: incoming new unchecked item during warning requires fresh confirmation before receipt
01:44 +746: /tmp/tandemlog-food-implementation/test/checklist_delivery_test.dart: forged source parent copy rejects before receipt and leaves canonical history untouched
01:44 +747: /tmp/tandemlog-food-implementation/test/checklist_completion_command_test.dart: incoming completion state during warning requires fresh confirmation before receipt
01:44 +748: /tmp/tandemlog-food-implementation/test/checklist_delivery_test.dart: copied ID collision with independent task rejects before receipt
01:44 +749: /tmp/tandemlog-food-implementation/test/checklist_completion_command_test.dart: incoming title during warning requires fresh confirmation before receipt
01:44 +750: /tmp/tandemlog-food-implementation/test/checklist_completion_command_test.dart: incoming title during warning requires fresh confirmation before receipt
01:44 +751: /tmp/tandemlog-food-implementation/test/checklist_delivery_test.dart: late duplicate copy contribution preserves child-owned ordering and check state
01:44 +752: /tmp/tandemlog-food-implementation/test/checklist_completion_command_test.dart: incoming notes during warning requires fresh confirmation before receipt
01:44 +753: /tmp/tandemlog-food-implementation/test/checklist_delivery_test.dart: parent recurrence preserves live item private draft and later source Save does not flow into copied notes
01:45 +754: /tmp/tandemlog-food-implementation/test/checklist_completion_command_test.dart: incoming order during warning requires fresh confirmation before receipt
01:45 +755: /tmp/tandemlog-food-implementation/test/checklist_delivery_test.dart: item private drafts, pre-append Save cancellation and scoped Undo preserve another item
01:45 +756: /tmp/tandemlog-food-implementation/test/checklist_completion_command_test.dart: cancel renewed warning keeps peer changes but writes no local completion
01:45 +757: /tmp/tandemlog-food-implementation/test/checklist_completion_command_test.dart: incoming checks clearing all unfinished work need no second warning
01:45 +758: /tmp/tandemlog-food-implementation/test/checklist_completion_command_test.dart: task deleted while warning is open stops without preparing duplicate completion
01:45 +759: /tmp/tandemlog-food-implementation/test/checklist_completion_command_test.dart: task completed while warning is open stops without preparing duplicate completion
01:45 +760: /tmp/tandemlog-food-implementation/test/checklist_baseline_selection_test.dart: shared baseline preserves earliest scalar successor protected by checked copied-item history
01:45 +761: /tmp/tandemlog-food-implementation/test/checklist_baseline_selection_test.dart: shared baseline preserves earliest scalar successor protected by checked copied-item history
01:46 +762: /tmp/tandemlog-food-implementation/test/checklist_baseline_selection_test.dart: shared baseline preserves earliest scalar successor protected by checked copied-item history
01:46 +763: /tmp/tandemlog-food-implementation/test/checklist_baseline_selection_test.dart: shared baseline preserves earliest scalar successor protected by checked copied-item history
01:46 +764: /tmp/tandemlog-food-implementation/test/checklist_baseline_selection_test.dart: shared baseline preserves earliest scalar successor protected by undone and deleted copied-item history
01:46 +765: /tmp/tandemlog-food-implementation/test/checklist_architecture_gate_test.dart: genuine offline item activity arriving after cancellation restores its task
01:47 +766: /tmp/tandemlog-food-implementation/test/checklist_baseline_selection_test.dart: later copied-item activity preserves the declared scalar baseline through native capture and cold replay
01:47 +767: /tmp/tandemlog-food-implementation/test/checklist_architecture_gate_test.dart: local item create cannot resurrect a canceled successor
01:47 +768: /tmp/tandemlog-food-implementation/test/checklist_architecture_gate_test.dart: local item check cannot resurrect a canceled successor
01:47 +769: /tmp/tandemlog-food-implementation/test/checklist_architecture_gate_test.dart: local item move cannot resurrect a canceled successor
01:48 +770: /tmp/tandemlog-food-implementation/test/bulk_failure_visibility_test.dart: bulk failure remains visible after bottom scroll (height: 820.0, keyboard: 0.0, message: Selected tasks changed. Close this editor and review them before retrying., scale: 1.0, width: 390.0)
01:48 +771: /tmp/tandemlog-food-implementation/test/bulk_failure_visibility_test.dart: bulk failure remains visible after bottom scroll (height: 820.0, keyboard: 0.0, message: Selected tasks changed. Close this editor and review them before retrying., scale: 1.0, width: 390.0)
01:48 +772: /tmp/tandemlog-food-implementation/test/bulk_failure_visibility_test.dart: bulk failure remains visible after bottom scroll (height: 820.0, keyboard: 0.0, message: Selected tasks changed. Close this editor and review them before retrying., scale: 1.0, width: 390.0)
01:48 +773: /tmp/tandemlog-food-implementation/test/bulk_failure_visibility_test.dart: bulk failure remains visible after bottom scroll (height: 820.0, keyboard: 0.0, message: Selected tasks changed. Close this editor and review them before retrying., scale: 1.0, width: 390.0)
01:49 +774: /tmp/tandemlog-food-implementation/test/bulk_apply_semantics_test.dart: bulk apply names and accessible actions isolate fields at (900.0, 1.0)
01:50 +775: /tmp/tandemlog-food-implementation/test/bulk_apply_semantics_test.dart: bulk apply names and accessible actions isolate fields at (900.0, 1.0)
01:50 +776: /tmp/tandemlog-food-implementation/test/bulk_apply_semantics_test.dart: bulk apply names and accessible actions isolate fields at (900.0, 1.0)
01:51 +777: /tmp/tandemlog-food-implementation/test/bulk_apply_semantics_test.dart: bulk apply names and accessible actions isolate fields at (900.0, 1.0)
01:51 +778: /tmp/tandemlog-food-implementation/test/bulk_apply_semantics_test.dart: bulk apply names and accessible actions isolate fields at (900.0, 1.0)
01:51 +779: /tmp/tandemlog-food-implementation/test/bulk_failure_visibility_test.dart: single modal and bulk panel keep existing failure location true
01:52 +780: /tmp/tandemlog-food-implementation/test/bulk_apply_semantics_test.dart: bulk apply names and accessible actions isolate fields at (390.0, 2.0)
01:52 +781: /tmp/tandemlog-food-implementation/test/bulk_apply_semantics_test.dart: bulk apply names and accessible actions isolate fields at (390.0, 2.0)
01:53 +782: /tmp/tandemlog-food-implementation/test/batch_storage_test.dart: 30-task create/edit/tag/move/delete/Undo use one durable append/cache transaction
01:53 +783: /tmp/tandemlog-food-implementation/test/bulk_apply_semantics_test.dart: keyboard applies only Due time; tag operations stay distinct
01:53 +784: /tmp/tandemlog-food-implementation/test/batch_storage_test.dart: 100-task create/edit/tag/move/delete/Undo use one durable append/cache transaction
01:54 +785: /tmp/tandemlog-food-implementation/test/batch_storage_test.dart: 100-task create/edit/tag/move/delete/Undo use one durable append/cache transaction
01:54 +786: /tmp/tandemlog-food-implementation/test/batch_storage_test.dart: 100-task create/edit/tag/move/delete/Undo use one durable append/cache transaction
01:55 +787: /tmp/tandemlog-food-implementation/test/batch_storage_test.dart: 100-task create/edit/tag/move/delete/Undo use one durable append/cache transaction
01:55 +788: /tmp/tandemlog-food-implementation/test/batch_storage_test.dart: capture before write reconciles exact records and never discards incomplete tail
01:56 +789: /tmp/tandemlog-food-implementation/test/batch_storage_test.dart: capture prefix write reconciles exact records and never discards incomplete tail
01:56 +790: /tmp/tandemlog-food-implementation/test/batch_storage_test.dart: capture prefix write reconciles exact records and never discards incomplete tail
01:56 +791: /tmp/tandemlog-food-implementation/test/batch_storage_test.dart: capture prefix write reconciles exact records and never discards incomplete tail
01:56 +792: /tmp/tandemlog-food-implementation/test/batch_storage_test.dart: capture prefix write reconciles exact records and never discards incomplete tail
01:56 +793: /tmp/tandemlog-food-implementation/test/batch_storage_test.dart: capture prefix write reconciles exact records and never discards incomplete tail
01:56 +794: /tmp/tandemlog-food-implementation/test/batch_storage_test.dart: capture prefix write reconciles exact records and never discards incomplete tail
01:56 +795: /tmp/tandemlog-food-implementation/test/batch_storage_test.dart: capture prefix write reconciles exact records and never discards incomplete tail
01:56 +796: /tmp/tandemlog-food-implementation/test/batch_storage_test.dart: capture prefix write reconciles exact records and never discards incomplete tail
01:56 +797: /tmp/tandemlog-food-implementation/test/batch_storage_test.dart: capture prefix write reconciles exact records and never discards incomplete tail
01:56 +798: /tmp/tandemlog-food-implementation/test/android_log_folder_test.dart: unrelated duplicate names do not reject the folder
01:56 +799: /tmp/tandemlog-food-implementation/test/batch_storage_test.dart: capture tail write reconciles exact records and never discards incomplete tail
01:56 +800: /tmp/tandemlog-food-implementation/test/batch_storage_test.dart: capture tail write reconciles exact records and never discards incomplete tail
01:56 +801: /tmp/tandemlog-food-implementation/test/batch_storage_test.dart: capture tail write reconciles exact records and never discards incomplete tail
01:56 +802: /tmp/tandemlog-food-implementation/test/batch_storage_test.dart: capture tail write reconciles exact records and never discards incomplete tail
01:56 +803: /tmp/tandemlog-food-implementation/test/batch_storage_test.dart: capture tail write reconciles exact records and never discards incomplete tail
01:56 +804: /tmp/tandemlog-food-implementation/test/batch_storage_test.dart: capture tail write reconciles exact records and never discards incomplete tail
01:56 +805: /tmp/tandemlog-food-implementation/test/batch_storage_test.dart: capture tail write reconciles exact records and never discards incomplete tail
01:56 +806: /tmp/tandemlog-food-implementation/test/batch_storage_test.dart: capture tail write reconciles exact records and never discards incomplete tail
01:56 +807: /tmp/tandemlog-food-implementation/test/batch_storage_test.dart: capture tail write reconciles exact records and never discards incomplete tail
01:56 +808: /tmp/tandemlog-food-implementation/test/batch_storage_test.dart: capture tail write reconciles exact records and never discards incomplete tail
01:56 +809: /tmp/tandemlog-food-implementation/test/batch_storage_test.dart: capture tail write reconciles exact records and never discards incomplete tail
01:56 +810: /tmp/tandemlog-food-implementation/test/batch_storage_test.dart: capture tail write reconciles exact records and never discards incomplete tail
01:56 +811: /tmp/tandemlog-food-implementation/test/batch_storage_test.dart: capture tail write reconciles exact records and never discards incomplete tail
01:56 +812: /tmp/tandemlog-food-implementation/test/batch_storage_test.dart: capture tail write reconciles exact records and never discards incomplete tail
01:56 +813: /tmp/tandemlog-food-implementation/test/batch_storage_test.dart: capture tail write reconciles exact records and never discards incomplete tail
01:56 +814: /tmp/tandemlog-food-implementation/test/batch_storage_test.dart: capture tail write reconciles exact records and never discards incomplete tail
01:56 +815: /tmp/tandemlog-food-implementation/test/batch_storage_test.dart: capture tail write reconciles exact records and never discards incomplete tail
01:56 +816: /tmp/tandemlog-food-implementation/test/batch_storage_test.dart: capture tail write reconciles exact records and never discards incomplete tail
01:56 +817: /tmp/tandemlog-food-implementation/test/batch_storage_test.dart: capture tail write reconciles exact records and never discards incomplete tail
01:56 +818: /tmp/tandemlog-food-implementation/test/batch_storage_test.dart: capture after write reconciles exact records and never discards incomplete tail
01:56 +819: /tmp/tandemlog-food-implementation/test/batch_storage_test.dart: capture cache write reconciles exact records and never discards incomplete tail
01:56 +820: /tmp/tandemlog-food-implementation/test/batch_storage_test.dart: invalid deferred reference to second batch event rejects all before append
01:56 +821: /tmp/tandemlog-food-implementation/test/batch_storage_test.dart: deferred tag reference to second prepared event rejects the complete batch
01:56 +822: All tests passed!
