00:00 +0: loading /tmp/tandemlog-food-implementation/test/food_import_contract_vector_test.dart
00:00 +0: /tmp/tandemlog-food-implementation/test/food_import_contract_vector_test.dart: v1 import identity and plan hash match independent frozen vector
00:00 +1: /tmp/tandemlog-food-implementation/test/food_collapsed_inspect_guard_test.dart: latest Full conflict retains warning and Inspect dark 1.0x
00:00 +2: /tmp/tandemlog-food-implementation/test/food_collapsed_inspect_guard_test.dart: latest Full conflict retains warning and Inspect dark 1.0x
00:01 +3: /tmp/tandemlog-food-implementation/test/food_collapsed_inspect_guard_test.dart: latest Full conflict retains warning and Inspect dark 1.0x
00:01 +4: /tmp/tandemlog-food-implementation/test/food_collapsed_inspect_guard_test.dart: latest Full conflict retains warning and Inspect dark 1.0x
00:01 +5: /tmp/tandemlog-food-implementation/test/food_collapsed_inspect_guard_test.dart: latest Full conflict retains warning and Inspect dark 1.0x
00:01 +6: /tmp/tandemlog-food-implementation/test/food_collapsed_inspect_guard_test.dart: latest Full conflict retains warning and Inspect dark 1.0x
00:01 +7: /tmp/tandemlog-food-implementation/test/food_import_test.dart: changed count source payload and namespace refuse after attempt
00:01 +8: /tmp/tandemlog-food-implementation/test/food_collapsed_inspect_guard_test.dart: latest Full conflict retains warning and Inspect dark 2.0x
00:01 +9: /tmp/tandemlog-food-implementation/test/food_collapsed_inspect_guard_test.dart: latest Full conflict retains warning and Inspect dark 2.0x
00:02 +10: /tmp/tandemlog-food-implementation/test/food_collapsed_inspect_guard_test.dart: latest Full conflict retains warning and Inspect dark 2.0x
00:02 +11: /tmp/tandemlog-food-implementation/test/food_import_test.dart: unrelated pending receipt is not recovered as import
00:02 +12: /tmp/tandemlog-food-implementation/test/food_collapsed_inspect_guard_test.dart: latest Full conflict retains warning and Inspect light 1.0x
00:02 +13: /tmp/tandemlog-food-implementation/test/food_collapsed_inspect_guard_test.dart: latest Full conflict retains warning and Inspect light 1.0x
00:02 +14: /tmp/tandemlog-food-implementation/test/food_collapsed_inspect_guard_test.dart: latest Full conflict retains warning and Inspect light 1.0x
00:02 +15: /tmp/tandemlog-food-implementation/test/food_collapsed_inspect_guard_test.dart: latest Full conflict retains warning and Inspect light 1.0x
00:02 +16: /tmp/tandemlog-food-implementation/test/food_collapsed_inspect_guard_test.dart: latest Full conflict retains warning and Inspect light 1.0x
00:02 +17: /tmp/tandemlog-food-implementation/test/food_collapsed_inspect_guard_test.dart: latest Full conflict retains warning and Inspect light 1.0x
00:02 +18: /tmp/tandemlog-food-implementation/test/food_import_test.dart: fully staged maximum batch preserves all 1000 physical identities
00:02 +19: /tmp/tandemlog-food-implementation/test/food_import_test.dart: fully staged maximum batch preserves all 1000 physical identities
00:06 +20: /tmp/tandemlog-food-implementation/test/food_replay_budget_test.dart: wide-target thousand-reference history has a bounded replay budget
00:06 +21: /tmp/tandemlog-food-implementation/test/food_replay_budget_test.dart: wide-target thousand-reference history has a bounded replay budget
00:06 +22: /tmp/tandemlog-food-implementation/test/food_replay_budget_test.dart: wide-target thousand-reference history has a bounded replay budget
00:06 +23: /tmp/tandemlog-food-implementation/test/food_replay_budget_test.dart: wide-target thousand-reference history has a bounded replay budget
00:06 +24: /tmp/tandemlog-food-implementation/test/food_replay_budget_test.dart: wide-target thousand-reference history has a bounded replay budget
00:06 +25: /tmp/tandemlog-food-implementation/test/food_replay_budget_test.dart: wide-target thousand-reference history has a bounded replay budget
FOOD_REPLAY_BUDGET bytes=12418562 records=1002 targets=100 refs=1000 elapsed_ms=2495
00:07 +26: /tmp/tandemlog-food-implementation/test/food_durable_editor_test.dart: a failed durable Add retains editor and exact visible draft
00:08 +27: /tmp/tandemlog-food-implementation/test/food_store_test.dart: malformed Food disables only Food and existing Tasks remain writable
00:08 +28: /tmp/tandemlog-food-implementation/test/food_durable_editor_test.dart: pending receipt prevents opening a different Add editor
00:08 +29: /tmp/tandemlog-food-implementation/test/food_durable_editor_test.dart: pending receipt prevents opening a different Add editor
00:08 +30: /tmp/tandemlog-food-implementation/test/food_durable_editor_test.dart: pending receipt prevents opening a different Add editor
00:08 +31: /tmp/tandemlog-food-implementation/test/food_store_test.dart: malformed protected Food head is shared integrity, not history
00:08 +32: /tmp/tandemlog-food-implementation/test/food_durable_editor_test.dart: failed prepared Save retries the frozen original draft
00:08 +33: /tmp/tandemlog-food-implementation/test/food_durable_editor_test.dart: failed prepared Save retries the frozen original draft
00:08 +34: /tmp/tandemlog-food-implementation/test/food_durable_editor_test.dart: failed prepared Save retries the frozen original draft
00:08 +35: /tmp/tandemlog-food-implementation/test/food_durable_editor_test.dart: failed prepared Save retries the frozen original draft
00:08 +36: /tmp/tandemlog-food-implementation/test/food_durable_editor_test.dart: failed prepared Save retries the frozen original draft
00:09 +37: /tmp/tandemlog-food-implementation/test/food_durable_editor_test.dart: failed prepared Save retries the frozen original draft
00:09 +38: /tmp/tandemlog-food-implementation/test/food_store_test.dart: partial first record is resumed exactly from protected bytes across restart
00:09 +39: /tmp/tandemlog-food-implementation/test/food_durable_editor_test.dart: repeated captured discard decision cannot pop another route
00:09 +40: /tmp/tandemlog-food-implementation/test/food_durable_editor_test.dart: repeated captured discard decision cannot pop another route
00:09 +41: /tmp/tandemlog-food-implementation/test/food_durable_editor_test.dart: repeated captured discard decision cannot pop another route
00:09 +42: /tmp/tandemlog-food-implementation/test/food_durable_editor_test.dart: repeated captured discard decision cannot pop another route
00:09 +43: /tmp/tandemlog-food-implementation/test/food_durable_editor_test.dart: repeated captured discard decision cannot pop another route
00:09 +44: /tmp/tandemlog-food-implementation/test/food_durable_editor_test.dart: repeated captured discard decision cannot pop another route
00:09 +45: /tmp/tandemlog-food-implementation/test/food_durable_editor_test.dart: a retained rendered removal callback keeps its workspace origin
00:09 +46: /tmp/tandemlog-food-implementation/test/food_intents_test.dart: reservation and exact bytes commit or roll back together
00:09 +47: /tmp/tandemlog-food-implementation/test/food_intents_test.dart: receipt cannot be retired by different bytes or without transaction
00:10 +48: /tmp/tandemlog-food-implementation/test/food_profile_upgrade_test.dart: released schema2 upgrades additively and retains all protected bytes
00:10 +49: /tmp/tandemlog-food-implementation/test/food_profile_upgrade_test.dart: weakened released authority prevents any schema3 creation
00:10 +50: /tmp/tandemlog-food-implementation/test/food_profile_upgrade_test.dart: halfway additive upgrade failure rolls back all new authority
00:10 +51: /tmp/tandemlog-food-implementation/test/food_record_test.dart: literal canonical food wire/hash and module writer fixture
00:10 +52: /tmp/tandemlog-food-implementation/test/food_record_test.dart: separate food hash domain and immutable envelope bindings
00:10 +53: /tmp/tandemlog-food-implementation/test/food_record_test.dart: food DTO identity and order cannot disagree with verified envelope
00:10 +54: /tmp/tandemlog-food-implementation/test/food_record_test.dart: noncreation records carry observed per-container creation basis
00:10 +55: /tmp/tandemlog-food-implementation/test/food_record_test.dart: unknown/noncanonical/oversized records are rejected
00:10 +56: /tmp/tandemlog-food-implementation/test/food_record_test.dart: exact signed64 clock roundtrip and bounds
00:10 +57: /tmp/tandemlog-food-implementation/test/food_retention_draft_test.dart: removing newly created retention chip stays removed on Add
00:12 +58: /tmp/tandemlog-food-implementation/test/food_retention_draft_test.dart: removing newly created retention chip stays removed on Add
00:12 +59: /tmp/tandemlog-food-implementation/test/food_retention_draft_test.dart: removing newly created retention chip stays removed on Add
00:13 +60: /tmp/tandemlog-food-implementation/test/food_review_regression_test.dart: typed retention reason survives direct Add
00:14 +61: /tmp/tandemlog-food-implementation/test/food_preview_test.dart: collapsed summary preserves single known full
00:14 +62: /tmp/tandemlog-food-implementation/test/food_preview_test.dart: collapsed summary preserves single known full
00:14 +63: /tmp/tandemlog-food-implementation/test/food_preview_test.dart: collapsed summary preserves single known full
00:15 +64: /tmp/tandemlog-food-implementation/test/food_preview_test.dart: collapsed summary preserves single known full
00:15 +65: /tmp/tandemlog-food-implementation/test/food_preview_test.dart: collapsed summary preserves single unknown
00:15 +66: /tmp/tandemlog-food-implementation/test/food_preview_test.dart: collapsed summary preserves single partial
00:15 +67: /tmp/tandemlog-food-implementation/test/food_inventory_test.dart: legacy date certainty stays unknown unless evidence establishes it
00:15 +68: /tmp/tandemlog-food-implementation/test/food_preview_test.dart: collapsed summary preserves multiple full
00:15 +69: /tmp/tandemlog-food-implementation/test/food_preview_test.dart: collapsed summary preserves multiple full
00:15 +70: /tmp/tandemlog-food-implementation/test/food_preview_test.dart: collapsed summary preserves multiple full
00:15 +71: /tmp/tandemlog-food-implementation/test/food_preview_test.dart: collapsed summary preserves multiple full
00:15 +72: /tmp/tandemlog-food-implementation/test/food_preview_test.dart: collapsed summary preserves multiple full
00:15 +73: /tmp/tandemlog-food-implementation/test/food_preview_test.dart: collapsed summary preserves multiple full
00:15 +74: /tmp/tandemlog-food-implementation/test/food_preview_test.dart: collapsed summary preserves multiple full
00:15 +75: /tmp/tandemlog-food-implementation/test/food_inventory_test.dart: Add N creates physical containers; count is derived
00:15 +76: /tmp/tandemlog-food-implementation/test/food_preview_test.dart: collapsed summary preserves mixed full and partial
00:15 +77: /tmp/tandemlog-food-implementation/test/food_preview_test.dart: collapsed summary preserves mixed full and partial
00:15 +78: /tmp/tandemlog-food-implementation/test/food_preview_test.dart: collapsed summary preserves mixed full and partial
00:15 +79: /tmp/tandemlog-food-implementation/test/food_preview_test.dart: collapsed summary preserves mixed full and partial
00:15 +80: /tmp/tandemlog-food-implementation/test/food_preview_test.dart: collapsed summary preserves mixed full and partial
00:16 +81: /tmp/tandemlog-food-implementation/test/food_preview_test.dart: collapsed summary preserves mixed full and partial
00:16 +82: /tmp/tandemlog-food-implementation/test/food_preview_test.dart: collapsed summary preserves mixed full and partial
00:16 +83: /tmp/tandemlog-food-implementation/test/food_preview_test.dart: collapsed summary preserves mixed full and partial
00:16 +84: /tmp/tandemlog-food-implementation/test/food_preview_test.dart: collapsed summary preserves mixed full and partial
00:16 +85: /tmp/tandemlog-food-implementation/test/food_preview_test.dart: collapsed summary preserves mixed full and partial
00:16 +86: /tmp/tandemlog-food-implementation/test/food_preview_test.dart: retained reasons start collapsed; active search bypasses them
00:17 +87: /tmp/tandemlog-food-implementation/test/food_preview_test.dart: retained reasons start collapsed; active search bypasses them
00:17 +88: /tmp/tandemlog-food-implementation/test/food_preview_test.dart: retained reasons start collapsed; active search bypasses them
00:17 +89: /tmp/tandemlog-food-implementation/test/food_preview_test.dart: retained reasons start collapsed; active search bypasses them
00:17 +90: /tmp/tandemlog-food-implementation/test/food_preview_test.dart: retained reasons start collapsed; active search bypasses them
00:17 +91: /tmp/tandemlog-food-implementation/test/food_preview_test.dart: retained reasons start collapsed; active search bypasses them
00:17 +92: /tmp/tandemlog-food-implementation/test/writer_identity_test.dart: store startup failures release the defensive workspace lease
00:17 +93: /tmp/tandemlog-food-implementation/test/food_preview_test.dart: narrow and wide inventory render partial stock without overflow
00:18 +94: /tmp/tandemlog-food-implementation/test/food_preview_test.dart: narrow and wide inventory render partial stock without overflow
00:18 +95: /tmp/tandemlog-food-implementation/test/food_preview_test.dart: narrow and wide inventory render partial stock without overflow
00:18 +96: /tmp/tandemlog-food-implementation/test/food_preview_test.dart: narrow and wide inventory render partial stock without overflow
00:18 +97: /tmp/tandemlog-food-implementation/test/food_preview_test.dart: narrow and wide inventory render partial stock without overflow
00:18 +98: /tmp/tandemlog-food-implementation/test/food_preview_test.dart: narrow and wide inventory render partial stock without overflow
00:18 +99: /tmp/tandemlog-food-implementation/test/food_preview_test.dart: narrow and wide inventory render partial stock without overflow
00:18 +100: /tmp/tandemlog-food-implementation/test/food_preview_test.dart: quick remove, Deleted and Undo preserve physical identity
00:19 +101: /tmp/tandemlog-food-implementation/test/food_preview_test.dart: partial containers require inspection; search includes retained stock
00:19 +102: /tmp/tandemlog-food-implementation/test/writer_guard_test.dart: acknowledged head blocks old snapshot through other directory without sequence reuse
00:19 +103: /tmp/tandemlog-food-implementation/test/writer_guard_test.dart: acknowledged head blocks old snapshot through URI alias without sequence reuse
00:19 +104: /tmp/tandemlog-food-implementation/test/writer_guard_test.dart: acknowledged head blocks old snapshot through rebuilt cache without sequence reuse
00:19 +105: /tmp/tandemlog-food-implementation/test/writer_guard_test.dart: missing owned log is blocked even with a new cache and data directory
00:19 +106: /tmp/tandemlog-food-implementation/test/writer_guard_test.dart: same sequence with a fully recomputed valid chain rejects against private head
00:20 +107: /tmp/tandemlog-food-implementation/test/wall_time_test.dart: Chicago spring gap moves forward by gap, fall fold uses earlier instant
00:20 +108: /tmp/tandemlog-food-implementation/test/writer_guard_test.dart: an explicitly different writer can use a restored snapshot without changing original guard
00:20 +109: /tmp/tandemlog-food-implementation/test/writer_guard_test.dart: an explicitly different writer can use a restored snapshot without changing original guard
00:20 +110: /tmp/tandemlog-food-implementation/test/writer_guard_test.dart: an explicitly different writer can use a restored snapshot without changing original guard
00:20 +111: /tmp/tandemlog-food-implementation/test/writer_guard_test.dart: guard metadata is durable before append and normal reopen/refresh reads no old history
00:20 +112: /tmp/tandemlog-food-implementation/test/writer_guard_test.dart: zero-record failed append reserves candidate across restart until exact late arrival
00:20 +113: /tmp/tandemlog-food-implementation/test/writer_guard_test.dart: lost append acknowledgment reconciles exact pending head after restart without duplicate sequence
00:20 +114: /tmp/tandemlog-food-implementation/test/writer_guard_test.dart: acknowledgment guard failure rolls cache back and blocks false confirmation until restart
00:20 +115: /tmp/tandemlog-food-implementation/test/writer_guard_test.dart: batch durable prefix reconciles across cache replacement
00:20 +116: /tmp/tandemlog-food-implementation/test/view_time_source_test.dart: same-offset zone changes notify; unchanged fallback stays quiet
00:20 +117: /tmp/tandemlog-food-implementation/test/view_time_source_test.dart: same-offset zone changes notify; unchanged fallback stays quiet
00:21 +118: /tmp/tandemlog-food-implementation/test/writer_guard_test.dart: valid cache12 upgrades once without changing canonical bytes or writer guard
00:21 +119: /tmp/tandemlog-food-implementation/test/writer_guard_test.dart: valid cache12 upgrades once without changing canonical bytes or writer guard
00:21 +120: /tmp/tandemlog-food-implementation/test/writer_guard_test.dart: valid cache12 upgrades once without changing canonical bytes or writer guard
00:21 +121: /tmp/tandemlog-food-implementation/test/writer_guard_test.dart: valid cache12 upgrades once without changing canonical bytes or writer guard
00:21 +122: /tmp/tandemlog-food-implementation/test/writer_guard_test.dart: valid cache12 upgrades once without changing canonical bytes or writer guard
00:21 +123: /tmp/tandemlog-food-implementation/test/view_time_source_test.dart: Linux zone files honor localtime symlink and copied-file identity
00:21 +124: /tmp/tandemlog-food-implementation/test/writer_guard_test.dart: cache10 retains old materialization and rejects separate tag event on upgrade
00:21 +125: /tmp/tandemlog-food-implementation/test/writer_guard_test.dart: cache10 retains old materialization and rejects generic recurring Undo on upgrade
00:21 +126: /tmp/tandemlog-food-implementation/test/writer_guard_test.dart: cache11 retains old materialization and rejects separate tag event on upgrade
00:21 +127: /tmp/tandemlog-food-implementation/test/writer_guard_test.dart: cache11 retains old materialization and rejects generic recurring Undo on upgrade
00:21 +128: /tmp/tandemlog-food-implementation/test/writer_guard_test.dart: cache12 retains old materialization and rejects separate tag event on upgrade
00:21 +129: /tmp/tandemlog-food-implementation/test/writer_guard_test.dart: cache12 retains old materialization and rejects generic recurring Undo on upgrade
00:21 +130: /tmp/tandemlog-food-implementation/test/writer_guard_test.dart: noninteger pending sequence is rejected without normalizing private metadata
00:21 +131: /tmp/tandemlog-food-implementation/test/writer_guard_test.dart: noninteger pending sequence is rejected without normalizing private metadata
00:21 +132: /tmp/tandemlog-food-implementation/test/writer_guard_test.dart: noninteger pending sequence is rejected without normalizing private metadata
00:21 +133: /tmp/tandemlog-food-implementation/test/writer_guard_test.dart: noninteger pending sequence is rejected without normalizing private metadata
00:21 +134: /tmp/tandemlog-food-implementation/test/view_clock_test.dart: delayed wake uses current instant and input invalidation rearms
00:21 +135: /tmp/tandemlog-food-implementation/test/writer_guard_test.dart: guard instances serialize candidate reservation for the same installation identity
00:21 +136: /tmp/tandemlog-food-implementation/test/writer_guard_test.dart: guard instances serialize candidate reservation for the same installation identity
00:21 +137: /tmp/tandemlog-food-implementation/test/writer_guard_test.dart: guard instances serialize candidate reservation for the same installation identity
00:21 +138: /tmp/tandemlog-food-implementation/test/view_clock_test.dart: injected calendar boundary crosses DST day 2027-03-14
00:21 +139: /tmp/tandemlog-food-implementation/test/writer_guard_test.dart: malformed private guard is preserved and never rebuilt from disposable cache
00:21 +140: /tmp/tandemlog-food-implementation/test/view_clock_test.dart: injected calendar boundary crosses DST day 2027-11-07
00:22 +141: /tmp/tandemlog-food-implementation/test/undo_storage_test.dart: bulk Undo restores mixed schedules/assignees/tags and retains newer synced registers
00:22 +142: /tmp/tandemlog-food-implementation/test/undo_storage_test.dart: bulk Undo restores mixed schedules/assignees/tags and retains newer synced registers
00:22 +143: /tmp/tandemlog-food-implementation/test/undo_storage_test.dart: bulk Undo restores mixed schedules/assignees/tags and retains newer synced registers
00:23 +144: /tmp/tandemlog-food-implementation/test/undo_storage_test.dart: completion and reopening Undo preserve successor work and independent completion/deletion
00:23 +145: /tmp/tandemlog-food-implementation/test/unavailable_completion_test.dart: unavailable completion explains by tap and keyboard without completing
00:23 +146: /tmp/tandemlog-food-implementation/test/unavailable_completion_test.dart: unavailable completion explains by tap and keyboard without completing
00:23 +147: /tmp/tandemlog-food-implementation/test/undo_storage_test.dart: Undo failure before append confirms only durable prefix and retry is idempotent
00:23 +148: /tmp/tandemlog-food-implementation/test/undo_storage_test.dart: Undo failure after append confirms only durable prefix and retry is idempotent
00:24 +149: /tmp/tandemlog-food-implementation/test/undo_storage_test.dart: unresolved write blocks new payload until exact delayed record appears
00:24 +150: /tmp/tandemlog-food-implementation/test/undo_storage_test.dart: delayed cross-entity Undo target fails transactionally with canonical bytes preserved
00:24 +151: /tmp/tandemlog-food-implementation/test/text_undo_event_test.dart: native Undo preserves compensation bytes and names original command
00:24 +152: /tmp/tandemlog-food-implementation/test/text_undo_event_test.dart: Undo nontext effects remains possible when native compensation is empty
00:24 +153: /tmp/tandemlog-food-implementation/test/text_undo_event_test.dart: Undo retracts only the original nontext effects in pure projection
00:24 +154: /tmp/tandemlog-food-implementation/test/text_store_test.dart: actual native TaskStore successive closed-editor replacements Undo without duplicating restored identities
00:25 +155: /tmp/tandemlog-food-implementation/test/text_store_test.dart: actual native TaskStore successive closed-editor replacements Undo without duplicating restored identities
00:25 +156: /tmp/tandemlog-food-implementation/test/text_store_test.dart: actual native TaskStore successive closed-editor replacements Undo without duplicating restored identities
00:25 +157: /tmp/tandemlog-food-implementation/test/text_store_test.dart: actual native TaskStore successive closed-editor replacements Undo without duplicating restored identities
00:25 +158: /tmp/tandemlog-food-implementation/test/text_store_test.dart: actual native TaskStore successive closed-editor replacements Undo without duplicating restored identities
00:25 +159: /tmp/tandemlog-food-implementation/test/text_store_test.dart: actual native TaskStore successive closed-editor replacements Undo without duplicating restored identities
00:26 +160: /tmp/tandemlog-food-implementation/test/text_store_test.dart: actual native TaskStore successive closed-editor replacements Undo without duplicating restored identities
00:26 +161: /tmp/tandemlog-food-implementation/test/text_save_command_test.dart: production native Save coordinator remote text merges into the returned row without rebasing private intent
00:26 +162: /tmp/tandemlog-food-implementation/test/text_store_test.dart: actual native TaskStore acknowledged unregistered Save blocks stale native Undo without appending
00:26 +163: /tmp/tandemlog-food-implementation/test/text_store_test.dart: actual native TaskStore acknowledged unregistered Save blocks stale native Undo without appending
00:26 +164: /tmp/tandemlog-food-implementation/test/text_save_command_test.dart: production native Save coordinator Undo registration failure reports the already saved result
00:26 +165: /tmp/tandemlog-food-implementation/test/text_store_test.dart: actual native TaskStore mixed native ordering survives warm reopen and canonical rebuild
00:26 +166: /tmp/tandemlog-food-implementation/test/text_store_test.dart: actual native TaskStore mixed native ordering survives warm reopen and canonical rebuild
00:26 +167: /tmp/tandemlog-food-implementation/test/text_save_command_test.dart: production native Save coordinator native Save rejects whole-string fields
00:26 +168: /tmp/tandemlog-food-implementation/test/text_store_test.dart: actual native TaskStore native recurring completion proves its immutable inheritance (native creation: true)
00:26 +169: /tmp/tandemlog-food-implementation/test/text_store_test.dart: actual native TaskStore native recurring completion proves its immutable inheritance (native creation: false)
00:26 +170: /tmp/tandemlog-food-implementation/test/text_store_test.dart: actual native TaskStore causal peer reuse retains original character ownership through selective Undo
00:27 +171: /tmp/tandemlog-food-implementation/test/text_store_test.dart: actual native TaskStore causal peer reuse retains original character ownership through selective Undo
00:27 +172: /tmp/tandemlog-food-implementation/test/text_store_test.dart: actual native TaskStore causal peer reuse retains original character ownership through selective Undo
00:27 +173: /tmp/tandemlog-food-implementation/test/text_store_test.dart: actual native TaskStore causal peer reuse retains original character ownership through selective Undo
00:27 +174: /tmp/tandemlog-food-implementation/test/text_store_test.dart: actual native TaskStore causal peer reuse retains original character ownership through selective Undo
00:27 +175: /tmp/tandemlog-food-implementation/test/text_store_test.dart: actual native TaskStore causal peer reuse retains original character ownership through selective Undo
00:27 +176: /tmp/tandemlog-food-implementation/test/text_store_test.dart: actual native TaskStore explicit mixed historical inheritance refuses without changing history
00:27 +177: /tmp/tandemlog-food-implementation/test/text_store_test.dart: actual native TaskStore repeated cancelled editors release source documents while saved scoped Undo survives
00:27 +178: /tmp/tandemlog-food-implementation/test/text_store_test.dart: actual native TaskStore repeated cancelled editors release source documents while saved scoped Undo survives
00:27 +179: /tmp/tandemlog-food-implementation/test/text_store_test.dart: actual native TaskStore repeated cancelled editors release source documents while saved scoped Undo survives
00:27 +180: /tmp/tandemlog-food-implementation/test/text_store_test.dart: actual native TaskStore repeated cancelled editors release source documents while saved scoped Undo survives
00:27 +181: /tmp/tandemlog-food-implementation/test/text_store_test.dart: actual native TaskStore repeated cancelled editors release source documents while saved scoped Undo survives
00:27 +182: /tmp/tandemlog-food-implementation/test/text_store_test.dart: actual native TaskStore repeated cancelled editors release source documents while saved scoped Undo survives
00:27 +183: /tmp/tandemlog-food-implementation/test/text_store_test.dart: actual native TaskStore repeated cancelled editors release source documents while saved scoped Undo survives
00:27 +184: /tmp/tandemlog-food-implementation/test/text_store_test.dart: actual native TaskStore native guard ignores remote text while preserving metadata and creation tags
00:27 +185: /tmp/tandemlog-food-implementation/test/text_store_test.dart: actual native TaskStore Undo naming remote-deleted latest Save never consumes an older Save
00:27 +186: /tmp/tandemlog-food-implementation/test/text_store_test.dart: actual native TaskStore unknown native Undo preserves exact compensation retry restart=false
00:28 +187: /tmp/tandemlog-food-implementation/test/text_context_test.dart: context hashes the precise canonical domain descriptor
00:28 +188: /tmp/tandemlog-food-implementation/test/text_store_test.dart: actual native TaskStore unknown native Undo preserves exact compensation retry restart=true
00:28 +189: /tmp/tandemlog-food-implementation/test/text_store_test.dart: actual native TaskStore unknown native Undo preserves exact compensation retry restart=true
00:28 +190: /tmp/tandemlog-food-implementation/test/text_store_test.dart: actual native TaskStore unknown native Undo preserves exact compensation retry restart=true
00:28 +191: /tmp/tandemlog-food-implementation/test/text_store_test.dart: actual native TaskStore unknown native Undo preserves exact compensation retry restart=true
00:28 +192: /tmp/tandemlog-food-implementation/test/text_store_test.dart: actual native TaskStore unknown native Undo preserves exact compensation retry restart=true
00:28 +193: /tmp/tandemlog-food-implementation/test/text_store_test.dart: actual native TaskStore unknown native Undo preserves exact compensation retry restart=true
00:28 +194: /tmp/tandemlog-food-implementation/test/text_store_test.dart: actual native TaskStore session Undo survives editor close and touches only canonical changed fields
00:28 +195: /tmp/tandemlog-food-implementation/test/text_store_test.dart: actual native TaskStore bulk capture with native engine creates independently editable native tasks
00:28 +196: /tmp/tandemlog-food-implementation/test/text_store_test.dart: actual native TaskStore native compensation restores deletion and retracts only original nontext effects
00:28 +197: /tmp/tandemlog-food-implementation/test/text_store_test.dart: actual native TaskStore buffered native dependency survives full SQLite cache loss and settles on late parent
00:28 +198: /tmp/tandemlog-food-implementation/test/text_cache_inheritance_test.dart: resolved inherited cache preserves original claims and rebuilds corrupt disposable state
00:28 +199: /tmp/tandemlog-food-implementation/test/text_store_test.dart: actual native TaskStore missing baseline prefixes stay pending and competing roots block only legacy text
00:28 +200: /tmp/tandemlog-food-implementation/test/text_store_test.dart: actual native TaskStore offline peers merge owned packets and preserve atomic metadata after cache loss
00:28 +201: /tmp/tandemlog-food-implementation/test/text_store_test.dart: actual native TaskStore one legacy baseline excludes late scalar text and preserves nontext changes
00:28 +202: /tmp/tandemlog-food-implementation/test/text_store_test.dart: actual native TaskStore unknown append exact receipt after restart cacheLoss=false afterAppend=false
00:29 +203: /tmp/tandemlog-food-implementation/test/text_store_test.dart: actual native TaskStore unknown append exact receipt after restart cacheLoss=false afterAppend=false
00:29 +204: /tmp/tandemlog-food-implementation/test/text_store_test.dart: actual native TaskStore unknown append exact receipt after restart cacheLoss=false afterAppend=false
00:29 +205: /tmp/tandemlog-food-implementation/test/text_store_test.dart: actual native TaskStore unknown append exact receipt after restart cacheLoss=false afterAppend=false
00:29 +206: /tmp/tandemlog-food-implementation/test/text_store_test.dart: actual native TaskStore unknown append exact receipt after restart cacheLoss=false afterAppend=false
00:29 +207: /tmp/tandemlog-food-implementation/test/text_store_test.dart: actual native TaskStore unknown append exact receipt after restart cacheLoss=false afterAppend=false
00:29 +208: /tmp/tandemlog-food-implementation/test/text_store_test.dart: actual native TaskStore unknown append exact receipt after restart cacheLoss=false afterAppend=false
00:29 +209: /tmp/tandemlog-food-implementation/test/text_store_test.dart: actual native TaskStore unknown append exact receipt after restart cacheLoss=false afterAppend=false
00:29 +210: /tmp/tandemlog-food-implementation/test/text_store_test.dart: actual native TaskStore unknown append exact receipt after restart cacheLoss=false afterAppend=false
00:29 +211: /tmp/tandemlog-food-implementation/test/text_store_test.dart: actual native TaskStore unknown append exact receipt after restart cacheLoss=false afterAppend=false
00:29 +212: /tmp/tandemlog-food-implementation/test/text_store_test.dart: actual native TaskStore unknown append exact receipt after restart cacheLoss=false afterAppend=false
00:29 +213: /tmp/tandemlog-food-implementation/test/text_store_test.dart: actual native TaskStore unknown append exact receipt after restart cacheLoss=true afterAppend=false
00:29 +214: /tmp/tandemlog-food-implementation/test/text_store_test.dart: actual native TaskStore unknown append exact receipt after restart cacheLoss=false afterAppend=true
00:29 +215: /tmp/tandemlog-food-implementation/test/text_store_test.dart: actual native TaskStore unknown append exact receipt after restart cacheLoss=true afterAppend=true
00:29 +216: /tmp/tandemlog-food-implementation/test/text_store_test.dart: actual native TaskStore misnamed private native intent rejects recovery before append and retains evidence
00:29 +217: /tmp/tandemlog-food-implementation/test/text_store_test.dart: actual native TaskStore new native creation verifies actor1 seed and persists full native state
00:29 +218: /tmp/tandemlog-food-implementation/test/text_store_test.dart: actual native TaskStore native storage extends cache13 without replaying frozen v3 logs
00:29 +219: /tmp/tandemlog-food-implementation/test/task_view_test.dart: exact times precede date-only on the same day without invented time
00:29 +220: /tmp/tandemlog-food-implementation/test/task_view_test.dart: scheduled override supplies both date and precision for sorting
00:29 +221: /tmp/tandemlog-food-implementation/test/task_view_test.dart: calendar bounds retain precision over viewer midnight and DST
00:29 +222: /tmp/tandemlog-food-implementation/test/task_view_test.dart: visible future hints refresh at viewer midnight before the start
00:29 +223: /tmp/tandemlog-food-implementation/test/task_view_test.dart: recurring completion eligibility changes at civil midnight and on zone changes
00:29 +224: /tmp/tandemlog-food-implementation/test/task_view_test.dart: completion boundary follows 23-hour and 25-hour named-zone days
00:29 +225: /tmp/tandemlog-food-implementation/test/task_view_test.dart: ordinary tag intersects assignee, upcoming and completed views
00:29 +226: /tmp/tandemlog-food-implementation/test/task_view_test.dart: upcoming is opt-in and does not change stored rows
00:29 +227: /tmp/tandemlog-food-implementation/test/task_view_test.dart: standalone timing evaluates hidden and completed rows without changing state
00:29 +228: /tmp/tandemlog-food-implementation/test/task_view_test.dart: bounds accept only nullable integers and preserve recurrence anchor
00:29 +229: /tmp/tandemlog-food-implementation/test/task_view_test.dart: availability includes exact boundary and completed history stays visible
00:29 +230: /tmp/tandemlog-food-implementation/test/task_view_test.dart: effective scheduled precedence, bounds, Someday and manual ties
00:29 +231: /tmp/tandemlog-food-implementation/test/task_view_test.dart: bounds clamp civil day while retaining exact time and manual tie order
00:29 +232: /tmp/tandemlog-food-implementation/test/task_view_test.dart: pinned exact dates convert to viewer calendar but date-only remains civil
00:29 +233: /tmp/tandemlog-food-implementation/test/task_view_test.dart: start midnight and DST gap/fold use calendar transitions
00:29 +234: /tmp/tandemlog-food-implementation/test/task_view_test.dart: date-only start midnight uses the shared pinned task zone
00:29 +235: /tmp/tandemlog-food-implementation/test/task_view_test.dart: supported bound horizon is admitted and renderable, larger values rejected
00:29 +236: /tmp/tandemlog-food-implementation/test/task_view_test.dart: derived bound groups may cross the persisted date year limit
00:29 +237: /tmp/tandemlog-food-implementation/test/task_view_test.dart: bounds midnight boundary follows 23 and 25 hour local days
00:29 +238: /tmp/tandemlog-food-implementation/test/task_view_test.dart: filter and hidden bounds select earliest relevant clock boundary
00:29 +239: /tmp/tandemlog-food-implementation/test/task_view_test.dart: search bypasses filters and availability without changing source
00:29 +240: /tmp/tandemlog-food-implementation/test/task_view_test.dart: multiple tags match any then combine with visibility and assignee
00:30 +241: /tmp/tandemlog-food-implementation/test/task_toolbar_test.dart: identity fits actual name/scale and retains accessible full name at narrow widths
00:30 +242: /tmp/tandemlog-food-implementation/test/task_toolbar_test.dart: identity fits actual name/scale and retains accessible full name at narrow widths
00:32 +243: /tmp/tandemlog-food-implementation/test/task_text_session_test.dart: confirmed Save keeps an open editor editable with a fresh lease
00:32 +244: /tmp/tandemlog-food-implementation/test/task_toolbar_test.dart: status changes reserve count and control geometry
00:32 +245: /tmp/tandemlog-food-implementation/test/task_toolbar_test.dart: status changes reserve count and control geometry
00:32 +246: /tmp/tandemlog-food-implementation/test/task_metadata_test.dart: future hints use projection availability and the observed local day
00:32 +247: /tmp/tandemlog-food-implementation/test/task_metadata_test.dart: passed start and history hints stay absent even with a retained instant
00:32 +248: /tmp/tandemlog-food-implementation/test/task_metadata_test.dart: same heading removes date-only details and empty separators
00:32 +249: /tmp/tandemlog-food-implementation/test/task_metadata_test.dart: same heading retains role and time
00:32 +250: /tmp/tandemlog-food-implementation/test/task_metadata_test.dart: day groups hide due dates and available starts
00:32 +251: /tmp/tandemlog-food-implementation/test/task_metadata_test.dart: day groups hide pinned dates even across local days
00:32 +252: /tmp/tandemlog-food-implementation/test/task_metadata_test.dart: repeat perimeter needs no redundant metadata line or verbose rule
00:32 +253: /tmp/tandemlog-food-implementation/test/task_metadata_test.dart: local zone changes alter only pinned presentation
00:32 +254: /tmp/tandemlog-food-implementation/test/task_metadata_test.dart: pinned DST gaps and folds share projection resolution
00:32 +255: /tmp/tandemlog-food-implementation/test/task_metadata_test.dart: local day headings and bounded task times share the observed zone
00:32 +256: /tmp/tandemlog-food-implementation/test/task_metadata_test.dart: date-only occurrence override suppresses timed base due
00:32 +257: /tmp/tandemlog-food-implementation/test/task_entry_area_test.dart: selection swaps preserve slot geometry, draft and semantics
00:34 +258: /tmp/tandemlog-food-implementation/test/task_entry_area_test.dart: selection swaps preserve slot geometry, draft and semantics
00:34 +259: /tmp/tandemlog-food-implementation/test/task_entry_area_test.dart: selection swaps preserve slot geometry, draft and semantics
00:34 +260: /tmp/tandemlog-food-implementation/test/task_entry_area_test.dart: selection swaps preserve slot geometry, draft and semantics
00:35 +261: /tmp/tandemlog-food-implementation/test/task_editor_test.dart: unactivated text stays visible and disabled while scheduling saves
00:35 +262: /tmp/tandemlog-food-implementation/test/task_editor_test.dart: blank Time focus preserves date precision and midnight is explicit
00:36 +263: /tmp/tandemlog-food-implementation/test/task_editor_tags_test.dart: removing a chip retains unrelated query, caret, and active composition
00:36 +264: /tmp/tandemlog-food-implementation/test/task_editor_tags_test.dart: removing a chip retains unrelated query, caret, and active composition
00:37 +265: /tmp/tandemlog-food-implementation/test/task_editor_tags_test.dart: removing a chip retains unrelated query, caret, and active composition
00:37 +266: /tmp/tandemlog-food-implementation/test/task_editor_test.dart: date rows stack at narrow widths and enlarged text
00:37 +267: /tmp/tandemlog-food-implementation/test/task_editor_tags_test.dart: Enter uses existing match idempotently and Save resolves opaque pending inventory tag
00:38 +268: /tmp/tandemlog-food-implementation/test/task_editor_test.dart: title caret survives viewport and text scale changes without unrelated jumps
00:38 +269: /tmp/tandemlog-food-implementation/test/task_editor_tags_test.dart: touch creation adds all new tokens and invalid query never enables it
00:38 +270: /tmp/tandemlog-food-implementation/test/task_editor_test.dart: description caret survives viewport and text scale changes without unrelated jumps
00:38 +271: /tmp/tandemlog-food-implementation/test/task_editor_test.dart: description caret survives viewport and text scale changes without unrelated jumps
00:39 +272: /tmp/tandemlog-food-implementation/test/task_editor_tags_test.dart: failed Save retains selected chips and exact pending query
00:39 +273: /tmp/tandemlog-food-implementation/test/task_editor_test.dart: changed composing title cannot save until normalized commit
00:39 +274: /tmp/tandemlog-food-implementation/test/task_editor_test.dart: changed composing title cannot save until normalized commit
00:39 +275: /tmp/tandemlog-food-implementation/test/task_editor_test.dart: changed composing title cannot save until normalized commit
00:39 +276: /tmp/tandemlog-food-implementation/test/task_editor_tags_test.dart: pending query participates in canClose; Cancel retains it, Save commits it
00:40 +277: /tmp/tandemlog-food-implementation/test/task_editor_tags_test.dart: pending query participates in canClose; Cancel retains it, Save commits it
00:40 +278: /tmp/tandemlog-food-implementation/test/task_editor_test.dart: historical multiline title opens clean and notes save preserves title
00:40 +279: /tmp/tandemlog-food-implementation/test/task_editor_test.dart: historical multiline title opens clean and notes save preserves title
00:40 +280: /tmp/tandemlog-food-implementation/test/task_editor_test.dart: title grows from one to two lines and notes grow then scroll with caret
00:40 +281: /tmp/tandemlog-food-implementation/test/task_editor_test.dart: keyboard and large text bound notes and keep modal actions reachable
00:41 +282: /tmp/tandemlog-food-implementation/test/task_completion_checkbox_test.dart: disabled repeat perimeter has uniform opacity at overlapping tips
00:41 +283: /tmp/tandemlog-food-implementation/test/task_completion_checkbox_test.dart: disabled repeat perimeter has uniform opacity at overlapping tips
00:41 +284: /tmp/tandemlog-food-implementation/test/task_editor_test.dart: live schedule validation and repeat conditional fields
00:41 +285: /tmp/tandemlog-food-implementation/test/task_editor_test.dart: live schedule validation and repeat conditional fields
00:41 +286: /tmp/tandemlog-food-implementation/test/task_editor_test.dart: live schedule validation and repeat conditional fields
00:41 +287: /tmp/tandemlog-food-implementation/test/task_editor_test.dart: live schedule validation and repeat conditional fields
00:41 +288: /tmp/tandemlog-food-implementation/test/task_editor_test.dart: nonrepeat override survives title edit and frozen original ignores incoming data
00:42 +289: /tmp/tandemlog-food-implementation/test/task_editor_test.dart: bulk caret and focus changes do not apply mixed fields
00:42 +290: /tmp/tandemlog-food-implementation/test/task_editor_test.dart: bulk caret and focus changes do not apply mixed fields
00:42 +291: /tmp/tandemlog-food-implementation/test/task_editor_test.dart: bulk caret and focus changes do not apply mixed fields
00:42 +292: /tmp/tandemlog-food-implementation/test/task_editor_test.dart: bulk blank untouched preserves mixed precision; explicit blank clears
00:43 +293: /tmp/tandemlog-food-implementation/test/tag_input_test.dart: hardware Enter propagates active IME composition
00:43 +294: /tmp/tandemlog-food-implementation/test/tag_input_test.dart: hardware Enter propagates active IME composition
00:43 +295: /tmp/tandemlog-food-implementation/test/tag_input_test.dart: hardware Enter propagates active IME composition
00:43 +296: /tmp/tandemlog-food-implementation/test/task_editor_test.dart: deletion requires confirmation and delete failure preserves draft
00:43 +297: /tmp/tandemlog-food-implementation/test/task_editor_test.dart: deletion requires confirmation and delete failure preserves draft
00:43 +298: /tmp/tandemlog-food-implementation/test/tag_input_test.dart: hardware ArrowDown then Enter selects existing option
00:44 +299: /tmp/tandemlog-food-implementation/test/task_editor_test.dart: invalid tags timezone recurrence and bounds block submission live
00:44 +300: /tmp/tandemlog-food-implementation/test/task_editor_test.dart: invalid tags timezone recurrence and bounds block submission live
00:44 +301: /tmp/tandemlog-food-implementation/test/tag_input_test.dart: opaque __create inventory tag and creation row keep separate identities
00:44 +302: /tmp/tandemlog-food-implementation/test/task_editor_test.dart: panel flag changes retain draft and public close guard
00:44 +303: /tmp/tandemlog-food-implementation/test/task_editor_test.dart: panel flag changes retain draft and public close guard
00:44 +304: /tmp/tandemlog-food-implementation/test/task_editor_test.dart: panel flag changes retain draft and public close guard
00:44 +305: /tmp/tandemlog-food-implementation/test/task_editor_test.dart: title and notes wire limits validate before save
00:44 +306: /tmp/tandemlog-food-implementation/test/task_editor_test.dart: draft occurrence remains accessible after removing repeat
00:45 +307: /tmp/tandemlog-food-implementation/test/tag_input_geometry_test.dart: many selected chips keep query and results reachable with IME
00:45 +308: /tmp/tandemlog-food-implementation/test/tag_input_geometry_test.dart: many selected chips keep query and results reachable with IME
00:45 +309: /tmp/tandemlog-food-implementation/test/tag_input_geometry_test.dart: many selected chips keep query and results reachable with IME
00:46 +310: /tmp/tandemlog-food-implementation/test/tag_input_geometry_test.dart: many selected chips keep query and results reachable with IME
00:46 +311: /tmp/tandemlog-food-implementation/test/tag_input_geometry_test.dart: many selected chips keep query and results reachable with IME
00:46 +312: /tmp/tandemlog-food-implementation/test/task_editor_test.dart: guard Save validation and write failure retain draft and selection
00:46 +313: /tmp/tandemlog-food-implementation/test/task_editor_test.dart: bulk guard Save applies patch against frozen tasks without closing
00:46 +314: /tmp/tandemlog-food-implementation/test/task_editor_test.dart: selection header wraps at narrow large text
00:47 +315: /tmp/tandemlog-food-implementation/test/tag_filter_picker_test.dart: query underline gap stays stable with chips at 260.0/1.0
00:47 +316: /tmp/tandemlog-food-implementation/test/tag_filter_picker_test.dart: query underline gap stays stable with chips at 260.0/1.0
00:48 +317: /tmp/tandemlog-food-implementation/test/tag_filter_picker_test.dart: query underline gap stays stable with chips at 260.0/1.0
00:48 +318: /tmp/tandemlog-food-implementation/test/storage_test.dart: delayed remote user creation resolves pending task deletion as transactional error
00:48 +319: /tmp/tandemlog-food-implementation/test/tag_filter_picker_test.dart: query underline gap stays stable with chips at 260.0/2.0
00:48 +320: /tmp/tandemlog-food-implementation/test/storage_test.dart: bulk edit reconciles durable append after refresh failure before retry
00:48 +321: /tmp/tandemlog-food-implementation/test/tag_filter_picker_test.dart: query underline gap stays stable with chips at 390.0/1.0
00:48 +322: /tmp/tandemlog-food-implementation/test/storage_test.dart: bulk delete reconciles durable append after refresh failure before retry
00:48 +323: /tmp/tandemlog-food-implementation/test/tag_filter_picker_test.dart: query underline gap stays stable with chips at 390.0/2.0
00:48 +324: /tmp/tandemlog-food-implementation/test/storage_test.dart: bulk move reconciles durable append after refresh failure before retry
00:48 +325: /tmp/tandemlog-food-implementation/test/tag_filter_picker_test.dart: initial suggestions survive IME relayout at 1.0 text scale
00:48 +326: /tmp/tandemlog-food-implementation/test/tag_filter_picker_test.dart: initial suggestions survive IME relayout at 1.0 text scale
00:48 +327: /tmp/tandemlog-food-implementation/test/storage_test.dart: bulk guard rechecks before the batch append; retry block uses global order
00:49 +328: /tmp/tandemlog-food-implementation/test/tag_filter_picker_test.dart: initial suggestions survive IME relayout at 2.0 text scale
00:49 +329: /tmp/tandemlog-food-implementation/test/storage_test.dart: offline edits and completions cannot resurrect deletion; successor survives restart
00:49 +330: /tmp/tandemlog-food-implementation/test/tag_filter_picker_test.dart: below-first dialog overlay uses content size and stays stable through queries and metrics
00:49 +331: /tmp/tandemlog-food-implementation/test/tag_filter_picker_test.dart: below-first dialog overlay uses content size and stays stable through queries and metrics
00:49 +332: /tmp/tandemlog-food-implementation/test/storage_test.dart: guarded move rejects changes arriving inside its refresh without append
00:49 +333: /tmp/tandemlog-food-implementation/test/storage_test.dart: typed due bounds are atomic across offline edits and rebuild
00:49 +334: /tmp/tandemlog-food-implementation/test/storage_test.dart: failed obsolete-cache replay preserves identity and prior stream guards on retry
00:50 +335: /tmp/tandemlog-food-implementation/test/storage_test.dart: future caches and v1 canonical protocol are retained and not auto-converted
00:50 +336: /tmp/tandemlog-food-implementation/test/storage_test.dart: known obsolete cache rebuilds canonical state and retains backup
00:50 +337: /tmp/tandemlog-food-implementation/test/sticky_task_group_test.dart: native heading pins and pushes off at 1.0x text
00:50 +338: /tmp/tandemlog-food-implementation/test/sticky_task_group_test.dart: native heading pins and pushes off at 1.0x text
00:50 +339: /tmp/tandemlog-food-implementation/test/sticky_task_group_test.dart: native heading pins and pushes off at 1.0x text
00:50 +340: /tmp/tandemlog-food-implementation/test/sticky_task_group_test.dart: native heading pins and pushes off at 1.0x text
00:50 +341: /tmp/tandemlog-food-implementation/test/sticky_task_group_test.dart: native heading pins and pushes off at 1.0x text
00:50 +342: /tmp/tandemlog-food-implementation/test/sticky_task_group_test.dart: native heading pins and pushes off at 1.0x text
00:50 +343: /tmp/tandemlog-food-implementation/test/sticky_task_group_test.dart: native heading pins and pushes off at 1.0x text
00:50 +344: /tmp/tandemlog-food-implementation/test/storage_test.dart: concurrent completion survives targeted undo from another user
00:50 +345: /tmp/tandemlog-food-implementation/test/sticky_task_group_test.dart: native heading pins and pushes off at 2.0x text
00:50 +346: /tmp/tandemlog-food-implementation/test/sticky_task_group_test.dart: native heading pins and pushes off at 2.0x text
00:50 +347: /tmp/tandemlog-food-implementation/test/storage_test.dart: malformed complete records are preserved and block writes
00:51 +348: /tmp/tandemlog-food-implementation/test/sticky_task_group_test.dart: heading wraps to its measured extent and has one header node
00:51 +349: /tmp/tandemlog-food-implementation/test/storage_test.dart: incomplete remote tail is retried after completion
00:51 +350: /tmp/tandemlog-food-implementation/test/storage_test.dart: explicit integrity check rejects changed same-length committed prefix
00:51 +351: /tmp/tandemlog-food-implementation/test/storage_test.dart: missing previously seen stream blocks writes
00:51 +352: /tmp/tandemlog-food-implementation/test/storage_test.dart: owned incomplete tail is not silently truncated
00:51 +353: /tmp/tandemlog-food-implementation/test/storage_test.dart: durable append before cache failure recovers once after restart
00:51 +354: /tmp/tandemlog-food-implementation/test/storage_test.dart: out-of-order entity dependency is retained and projected later
00:51 +355: /tmp/tandemlog-food-implementation/test/storage_test.dart: concurrent commands and refreshes serialize without duplicate sequence
00:51 +356: /tmp/tandemlog-food-implementation/test/storage_test.dart: invalid local commands leave canonical bytes unchanged
00:51 +357: /tmp/tandemlog-food-implementation/test/storage_test.dart: manifest deletion, replacement and future format block commands
00:51 +358: /tmp/tandemlog-food-implementation/test/stable_v3_compatibility_test.dart: first stable v3 bytes, identities, clocks and event meanings stay frozen
00:51 +359: /tmp/tandemlog-food-implementation/test/storage_test.dart: local undo requires an earlier completion of the same entity
00:51 +360: /tmp/tandemlog-food-implementation/test/stable_v3_compatibility_test.dart: frozen history converges after arrival [22222222-2222-4222-8222-222222222222, 33333333-3333-4333-8333-333333333333] and cache rebuild
00:51 +361: /tmp/tandemlog-food-implementation/test/stable_v3_compatibility_test.dart: frozen history converges after arrival [22222222-2222-4222-8222-222222222222, 33333333-3333-4333-8333-333333333333] and cache rebuild
00:51 +362: /tmp/tandemlog-food-implementation/test/stable_v3_compatibility_test.dart: frozen history converges after arrival [22222222-2222-4222-8222-222222222222, 33333333-3333-4333-8333-333333333333] and cache rebuild
00:51 +363: /tmp/tandemlog-food-implementation/test/storage_test.dart: close drains accepted work, rejects new work and is idempotent
00:51 +364: /tmp/tandemlog-food-implementation/test/stable_v3_compatibility_test.dart: frozen history converges after arrival [33333333-3333-4333-8333-333333333333, 22222222-2222-4222-8222-222222222222] and cache rebuild
00:52 +365: /tmp/tandemlog-food-implementation/test/stable_v3_compatibility_test.dart: frozen history converges after arrival [33333333-3333-4333-8333-333333333333, 22222222-2222-4222-8222-222222222222] and cache rebuild
00:52 +366: /tmp/tandemlog-food-implementation/test/storage_test.dart: missing canonical folder contents do not initialize a new manifest
00:52 +367: /tmp/tandemlog-food-implementation/test/stable_v3_compatibility_test.dart: new writer extends frozen v3 without rewriting prior history
00:52 +368: /tmp/tandemlog-food-implementation/test/storage_test.dart: offline tag removal preserves unseen same-name additions and atomic edits
00:52 +369: /tmp/tandemlog-food-implementation/test/storage_test.dart: concurrent relative moves converge and survive cache rebuild
00:52 +370: /tmp/tandemlog-food-implementation/test/storage_test.dart: unchanged repeating completion rejects before append and refreshes remote schedule
00:52 +371: /tmp/tandemlog-food-implementation/test/storage_test.dart: accepted historic unchanged recurrence is replayed without retroactive rejection
00:52 +372: /tmp/tandemlog-food-implementation/test/shared_text_storage_test.dart: shared recurrence cache stores references and survives warm/cold reconstruction
00:52 +373: /tmp/tandemlog-food-implementation/test/shared_text_storage_test.dart: shared recurrence cache stores references and survives warm/cold reconstruction
00:53 +374: /tmp/tandemlog-food-implementation/test/shared_text_storage_test.dart: shared recurrence cache stores references and survives warm/cold reconstruction
00:53 +375: /tmp/tandemlog-food-implementation/test/shared_text_storage_test.dart: shared recurrence cache stores references and survives warm/cold reconstruction
00:53 +376: /tmp/tandemlog-food-implementation/test/shared_text_storage_test.dart: shared recurrence cache stores references and survives warm/cold reconstruction
00:53 +377: /tmp/tandemlog-food-implementation/test/shared_text_storage_test.dart: shared recurrence cache stores references and survives warm/cold reconstruction
00:53 +378: /tmp/tandemlog-food-implementation/test/shared_text_storage_test.dart: shared recurrence cache stores references and survives warm/cold reconstruction
00:53 +379: /tmp/tandemlog-food-implementation/test/shared_text_storage_test.dart: shared recurrence cache stores references and survives warm/cold reconstruction
00:53 +380: /tmp/tandemlog-food-implementation/test/shared_text_storage_test.dart: shared recurrence cache stores references and survives warm/cold reconstruction
00:54 +381: /tmp/tandemlog-food-implementation/test/storage_test.dart: offline older high sequence loses to a later wall-clock edit
00:54 +382: /tmp/tandemlog-food-implementation/test/storage_test.dart: observed clocks precede local writes across rollback and restart
00:54 +383: /tmp/tandemlog-food-implementation/test/storage_test.dart: future records remain immutable and readable while warning permits writes
00:54 +384: /tmp/tandemlog-food-implementation/test/storage_test.dart: large clock rollback warns without blocking and warning clears when caught up
00:54 +385: /tmp/tandemlog-food-implementation/test/storage_test.dart: SQLite and canonical clock retain exact signed-64-bit nanoseconds
00:54 +386: /tmp/tandemlog-food-implementation/test/storage_test.dart: recurrence inserts at current parent position and later moves stay independent
00:54 +387: /tmp/tandemlog-food-implementation/test/shared_text_history_test.dart: reordered originals bound disposable interning and retain old references
00:54 +388: /tmp/tandemlog-food-implementation/test/shared_text_history_test.dart: reordered originals bound disposable interning and retain old references
00:54 +389: /tmp/tandemlog-food-implementation/test/shared_text_history_test.dart: reordered originals bound disposable interning and retain old references
00:56 +390: /tmp/tandemlog-food-implementation/test/shared_tag_semantics_test.dart: query clear and dropdown actions identify every editing context
00:56 +391: /tmp/tandemlog-food-implementation/test/shared_tag_semantics_test.dart: query clear and dropdown actions identify every editing context
00:56 +392: /tmp/tandemlog-food-implementation/test/shared_tag_semantics_test.dart: query clear and dropdown actions identify every editing context
00:56 +393: /tmp/tandemlog-food-implementation/test/shared_tag_semantics_test.dart: query clear and dropdown actions identify every editing context
00:56 +394: /tmp/tandemlog-food-implementation/test/shared_tag_semantics_test.dart: query clear and dropdown actions identify every editing context
00:56 +395: /tmp/tandemlog-food-implementation/test/shared_tag_semantics_test.dart: query clear and dropdown actions identify every editing context
00:56 +396: /tmp/tandemlog-food-implementation/test/shared_tag_semantics_test.dart: query clear and dropdown actions identify every editing context
00:56 +397: /tmp/tandemlog-food-implementation/test/shared_tag_semantics_test.dart: query clear and dropdown actions identify every editing context
00:56 +398: /tmp/tandemlog-food-implementation/test/shared_tag_semantics_test.dart: query clear and dropdown actions identify every editing context
00:56 +399: /tmp/tandemlog-food-implementation/test/shared_tag_semantics_test.dart: query clear and dropdown actions identify every editing context
00:56 +400: /tmp/tandemlog-food-implementation/test/shared_tag_semantics_test.dart: query clear and dropdown actions identify every editing context
00:57 +401: /tmp/tandemlog-food-implementation/test/shared_tag_semantics_test.dart: query clear and dropdown actions identify every editing context
00:57 +402: /tmp/tandemlog-food-implementation/test/shared_tag_semantics_test.dart: query clear and dropdown actions identify every editing context
00:57 +403: /tmp/tandemlog-food-implementation/test/shared_tag_semantics_test.dart: query clear and dropdown actions identify every editing context
00:57 +404: /tmp/tandemlog-food-implementation/test/shared_tag_semantics_test.dart: query clear and dropdown actions identify every editing context
00:57 +405: /tmp/tandemlog-food-implementation/test/shared_tag_semantics_test.dart: query clear and dropdown actions identify every editing context
00:57 +406: /tmp/tandemlog-food-implementation/test/shared_tag_semantics_test.dart: query clear and dropdown actions identify every editing context
00:57 +407: /tmp/tandemlog-food-implementation/test/shared_tag_semantics_test.dart: query clear and dropdown actions identify every editing context
00:57 +408: /tmp/tandemlog-food-implementation/test/shared_tag_semantics_test.dart: query clear and dropdown actions identify every editing context
00:57 +409: /tmp/tandemlog-food-implementation/test/shared_tag_semantics_test.dart: query clear and dropdown actions identify every editing context
00:57 +410: /tmp/tandemlog-food-implementation/test/shared_tag_semantics_test.dart: query clear and dropdown actions identify every editing context
00:57 +411: /tmp/tandemlog-food-implementation/test/shared_tag_semantics_test.dart: query clear and dropdown actions identify every editing context
00:57 +412: /tmp/tandemlog-food-implementation/test/release_version_tile_test.dart: shows and copies only release version 2026.10.1
00:58 +413: /tmp/tandemlog-food-implementation/test/release_version_tile_test.dart: shows and copies only release version 2026.10.1
00:58 +414: /tmp/tandemlog-food-implementation/test/shared_tag_semantics_test.dart: bulk suggestions are readable and semantics activation is local
00:58 +415: /tmp/tandemlog-food-implementation/test/shared_tag_semantics_test.dart: bulk suggestions are readable and semantics activation is local
00:58 +416: /tmp/tandemlog-food-implementation/test/shared_tag_semantics_test.dart: bulk suggestions are readable and semantics activation is local
00:58 +417: /tmp/tandemlog-food-implementation/test/shared_tag_semantics_test.dart: bulk suggestions are readable and semantics activation is local
00:59 +418: /tmp/tandemlog-food-implementation/test/shared_tag_semantics_test.dart: bulk chip actions preserve independent deltas and Apply state
00:59 +419: /tmp/tandemlog-food-implementation/test/shared_tag_semantics_test.dart: bulk chip actions preserve independent deltas and Apply state
00:59 +420: /tmp/tandemlog-food-implementation/test/shared_tag_semantics_test.dart: bulk chip actions preserve independent deltas and Apply state
00:59 +421: /tmp/tandemlog-food-implementation/test/shared_tag_semantics_test.dart: bulk chip actions preserve independent deltas and Apply state
01:00 +422: /tmp/tandemlog-food-implementation/test/shared_tag_semantics_test.dart: bulk chip actions preserve independent deltas and Apply state
01:00 +423: /tmp/tandemlog-food-implementation/test/recurring_text_test.dart: actual native recurring inherited text memo preserves union and rejects sparse closed prefixes after a hit
01:00 +424: /tmp/tandemlog-food-implementation/test/shared_tag_semantics_test.dart: Saving freezes tag editing and chip removal in both bulk contexts
01:00 +425: /tmp/tandemlog-food-implementation/test/shared_tag_semantics_test.dart: Saving freezes tag editing and chip removal in both bulk contexts
01:00 +426: /tmp/tandemlog-food-implementation/test/recurring_text_test.dart: actual native recurring inherited text shared originals remain bounded without evicting the latest edited proof
01:00 +427: /tmp/tandemlog-food-implementation/test/recurring_text_test.dart: actual native recurring inherited text offline title and notes union preserves acknowledged child prefix and duplicates
01:00 +428: /tmp/tandemlog-food-implementation/test/recurring_text_test.dart: actual native recurring inherited text later parent edits flow only through another completion and Undo retains contributions
01:00 +429: /tmp/tandemlog-food-implementation/test/recurring_text_test.dart: actual native recurring inherited text missing proof is pending; known wrong context or state hash is invalid
01:00 +430: /tmp/tandemlog-food-implementation/test/recurring_text_test.dart: actual native recurring inherited text actual foreign struct author is rejected
01:00 +431: /tmp/tandemlog-food-implementation/test/recurring_text_test.dart: actual native recurring inherited text reusing another writer’s actor claim is rejected
01:00 +432: /tmp/tandemlog-food-implementation/test/recurring_text_test.dart: actual native recurring inherited text grandchild prefix excludes a late ancestor completion
01:00 +433: /tmp/tandemlog-food-implementation/test/recurring_text_test.dart: actual native recurring inherited text missing current grant waits but a closed incomplete proof rejects
01:00 +434: /tmp/tandemlog-food-implementation/test/recurring_text_test.dart: actual native recurring inherited text union visible overflow rejects without modifying canonical inputs
01:01 +435: /tmp/tandemlog-food-implementation/test/recurring_store_test.dart: offline recurring peers retain child edits drafts Undo and exact cold replay
01:01 +436: /tmp/tandemlog-food-implementation/test/recurring_store_test.dart: offline recurring peers retain child edits drafts Undo and exact cold replay
01:01 +437: /tmp/tandemlog-food-implementation/test/recurring_store_test.dart: offline recurring peers retain child edits drafts Undo and exact cold replay
01:02 +438: /tmp/tandemlog-food-implementation/test/recurring_store_test.dart: offline recurring peers retain child edits drafts Undo and exact cold replay
01:02 +439: /tmp/tandemlog-food-implementation/test/recurring_completion_undo_test.dart: tags protects successor from cleanup
01:02 +440: /tmp/tandemlog-food-implementation/test/recurring_completion_undo_test.dart: move protects successor from cleanup
01:02 +441: /tmp/tandemlog-food-implementation/test/recurring_completion_undo_test.dart: complete protects successor from cleanup
01:02 +442: /tmp/tandemlog-food-implementation/test/recurring_completion_undo_test.dart: delete protects successor from cleanup
01:02 +443: /tmp/tandemlog-food-implementation/test/profile_task_store_test.dart: immutable names reject injected identifiers
01:02 +444: /tmp/tandemlog-food-implementation/test/recurring_completion_undo_test.dart: anchor protects successor from cleanup
01:02 +445: /tmp/tandemlog-food-implementation/test/profile_task_store_test.dart: shared checklist display state is scoped and uses owner rollback
01:02 +446: /tmp/tandemlog-food-implementation/test/recurring_completion_undo_test.dart: undoneEdit protects successor from cleanup
01:02 +447: /tmp/tandemlog-food-implementation/test/profile_task_store_test.dart: two workspaces isolate identical entity and writer sequence IDs
01:02 +448: /tmp/tandemlog-food-implementation/test/recurring_completion_undo_test.dart: late remote edit restores protected successor and converges after rebuild
01:03 +449: /tmp/tandemlog-food-implementation/test/recurring_completion_undo_test.dart: late remote edit restores protected successor and converges after rebuild
01:03 +450: /tmp/tandemlog-food-implementation/test/recurring_completion_undo_test.dart: late remote edit restores protected successor and converges after rebuild
01:03 +451: /tmp/tandemlog-food-implementation/test/recurring_completion_undo_test.dart: late remote edit restores protected successor and converges after rebuild
01:03 +452: /tmp/tandemlog-food-implementation/test/profile_task_store_test.dart: protected native receipt survives alias confirmation/rebuild appended=false
01:03 +453: /tmp/tandemlog-food-implementation/test/recurring_completion_undo_test.dart: late remote completion restores protected successor and converges after rebuild
01:03 +454: /tmp/tandemlog-food-implementation/test/recurring_completion_undo_test.dart: late remote completion restores protected successor and converges after rebuild
01:03 +455: /tmp/tandemlog-food-implementation/test/recurring_completion_undo_test.dart: late remote completion restores protected successor and converges after rebuild
01:03 +456: /tmp/tandemlog-food-implementation/test/profile_task_store_test.dart: overlapping workspace operations share one transaction owner
01:03 +457: /tmp/tandemlog-food-implementation/test/recurring_completion_undo_test.dart: late remote anchor restores protected successor and converges after rebuild
01:03 +458: /tmp/tandemlog-food-implementation/test/recurring_completion_undo_test.dart: untouched recompletion uses surviving snapshot and current parent position
01:03 +459: /tmp/tandemlog-food-implementation/test/recurring_completion_undo_test.dart: mixed Undo confirms only prefix and retries cleanup (0 retained)
01:03 +460: /tmp/tandemlog-food-implementation/test/recurring_completion_undo_test.dart: mixed Undo confirms only prefix and retries cleanup (0 retained)
01:03 +461: /tmp/tandemlog-food-implementation/test/profile_safety_store_test.dart: same writer and event sequence are scoped to separate workspaces
01:03 +462: /tmp/tandemlog-food-implementation/test/recurring_completion_undo_test.dart: mixed Undo confirms only prefix and retries cleanup (1 retained)
01:03 +463: /tmp/tandemlog-food-implementation/test/recurring_completion_undo_test.dart: mixed Undo confirms only prefix and retries cleanup (1 retained)
01:04 +464: /tmp/tandemlog-food-implementation/test/recurring_completion_undo_test.dart: mixed Undo confirms only prefix and retries cleanup (1 retained)
01:04 +465: /tmp/tandemlog-food-implementation/test/recurring_completion_undo_test.dart: mixed Undo confirms only prefix and retries cleanup (1 retained)
01:04 +466: /tmp/tandemlog-food-implementation/test/recurring_completion_undo_test.dart: mixed Undo confirms only prefix and retries cleanup (1 retained)
01:04 +467: /tmp/tandemlog-food-implementation/test/profile_safety_store_test.dart: distinct profile writers converge in one canonical workspace
01:04 +468: /tmp/tandemlog-food-implementation/test/recurring_completion_undo_test.dart: new cleanup rejects nonrecurring and wrong-task targets before append
01:04 +469: /tmp/tandemlog-food-implementation/test/recurring_completion_undo_test.dart: new cleanup rejects nonrecurring and wrong-task targets before append
01:04 +470: /tmp/tandemlog-food-implementation/test/recurring_completion_undo_test.dart: new cleanup rejects nonrecurring and wrong-task targets before append
01:04 +471: /tmp/tandemlog-food-implementation/test/recurring_completion_undo_test.dart: delayed valid cleanup suppresses successor once its target arrives
01:04 +472: /tmp/tandemlog-food-implementation/test/recurring_completion_undo_test.dart: delayed nonrecurring and forward cleanup targets fail transactionally
01:04 +473: /tmp/tandemlog-food-implementation/test/recurring_completion_undo_test.dart: generic recurring Undo rejects transactionally when completion arrives late
01:04 +474: /tmp/tandemlog-food-implementation/test/recurring_completion_undo_test.dart: new cleanup wire schema rejects extra fields and malformed references
01:04 +475: /tmp/tandemlog-food-implementation/test/recurring_completion_undo_test.dart: pure seed selection is independent of arrival order and preserves historical Undo
01:04 +476: /tmp/tandemlog-food-implementation/test/profile_lock_test.dart: same process and canonical aliases contend until release
01:04 +477: /tmp/tandemlog-food-implementation/test/profile_lock_test.dart: failed acquisition releases the process guard for retry
01:04 +478: /tmp/tandemlog-food-implementation/test/profile_lock_test.dart: child process holds OS lock; killing it allows reacquisition
01:05 +479: /tmp/tandemlog-food-implementation/test/order_projection_test.dart: moving a legacy task below a native task uses both creation actions
01:05 +480: /tmp/tandemlog-food-implementation/test/order_projection_test.dart: native creation after a move keeps chronological manual ordering
01:05 +481: /tmp/tandemlog-food-implementation/test/native_text_engine_test.dart: missing native library is an explicit failure
01:05 +482: /tmp/tandemlog-food-implementation/test/native_text_engine_test.dart: operation bytes require exact canonical Base64 and bounded size
01:05 +483: /tmp/tandemlog-food-implementation/test/native_text_engine_test.dart: actual production FFI inspection reuse is immutable budget-specific and bounded
01:06 +484: /tmp/tandemlog-food-implementation/test/native_checklist_recompletion_test.dart: native offline checklist successor keeps its edited item after recompletion
01:06 +485: /tmp/tandemlog-food-implementation/test/native_checklist_recompletion_test.dart: native offline checklist successor keeps its edited item after recompletion
01:06 +486: /tmp/tandemlog-food-implementation/test/native_checklist_recompletion_test.dart: native offline checklist successor keeps its edited item after recompletion
01:06 +487: /tmp/tandemlog-food-implementation/test/native_checklist_recompletion_test.dart: native offline checklist successor keeps its edited item after recompletion
01:06 +488: /tmp/tandemlog-food-implementation/test/native_checklist_recompletion_test.dart: native offline checklist successor keeps its edited item after recompletion
01:06 +489: /tmp/tandemlog-food-implementation/test/native_checklist_recompletion_test.dart: native offline checklist successor keeps its edited item after recompletion
01:06 +490: /tmp/tandemlog-food-implementation/test/native_checklist_recompletion_test.dart: native offline checklist successor keeps its edited item after recompletion
01:06 +491: /tmp/tandemlog-food-implementation/test/native_checklist_recompletion_test.dart: native offline checklist successor keeps its edited item after recompletion
01:06 +492: /tmp/tandemlog-food-implementation/test/native_checklist_recompletion_test.dart: native offline checklist successor keeps its edited item after recompletion
01:06 +493: /tmp/tandemlog-food-implementation/test/native_checklist_recompletion_test.dart: native offline checklist successor keeps its edited item after recompletion
01:06 +494: /tmp/tandemlog-food-implementation/test/native_checklist_recompletion_test.dart: native offline checklist successor keeps its edited item after recompletion
01:06 +495: /tmp/tandemlog-food-implementation/test/native_checklist_recompletion_test.dart: native offline checklist successor keeps its edited item after recompletion
01:06 +496: /tmp/tandemlog-food-implementation/test/native_checklist_recompletion_test.dart: native offline checklist successor keeps its edited item after recompletion
01:06 +497: /tmp/tandemlog-food-implementation/test/native_checklist_recompletion_test.dart: native offline checklist successor keeps its edited item after recompletion
01:06 +498: /tmp/tandemlog-food-implementation/test/native_checklist_recompletion_test.dart: native offline checklist successor keeps its edited item after recompletion
01:06 +499: /tmp/tandemlog-food-implementation/test/native_checklist_recompletion_test.dart: native offline checklist successor keeps its edited item after recompletion
01:06 +500: /tmp/tandemlog-food-implementation/test/native_checklist_recompletion_test.dart: native offline checklist successor keeps its edited item after recompletion
01:06 +501: /tmp/tandemlog-food-implementation/test/native_checklist_recompletion_test.dart: native offline checklist successor keeps its edited item after recompletion
HISTORICAL_RECOMPLETION recompletion: Native item Saved ChildItemA
01:07 +502: /tmp/tandemlog-food-implementation/test/native_checklist_recompletion_test.dart: native offline checklist successor keeps its edited item after Undo
01:07 +503: /tmp/tandemlog-food-implementation/test/native_checklist_recompletion_test.dart: native offline checklist successor keeps its edited item after Undo
01:07 +504: /tmp/tandemlog-food-implementation/test/native_checklist_recompletion_test.dart: native offline checklist successor keeps its edited item after Undo
01:07 +505: /tmp/tandemlog-food-implementation/test/native_checklist_recompletion_test.dart: native offline checklist successor keeps its edited item after Undo
01:08 +506: /tmp/tandemlog-food-implementation/test/native_checklist_recompletion_test.dart: native offline checklist successor keeps its edited item after Undo
HISTORICAL_RECOMPLETION Undo: Native item Saved ChildItemA
01:08 +507: /tmp/tandemlog-food-implementation/test/local_profile_migration_test.dart: restart resumes without identity change at caches.imported
01:08 +508: /tmp/tandemlog-food-implementation/test/native_checklist_recompletion_test.dart: native offline checklist successor keeps its edited item after recompletion cold replay
01:08 +509: /tmp/tandemlog-food-implementation/test/native_checklist_recompletion_test.dart: native offline checklist successor keeps its edited item after recompletion cold replay
01:08 +510: /tmp/tandemlog-food-implementation/test/native_checklist_recompletion_test.dart: native offline checklist successor keeps its edited item after recompletion cold replay
01:08 +511: /tmp/tandemlog-food-implementation/test/native_checklist_recompletion_test.dart: native offline checklist successor keeps its edited item after recompletion cold replay
01:08 +512: /tmp/tandemlog-food-implementation/test/native_checklist_recompletion_test.dart: native offline checklist successor keeps its edited item after recompletion cold replay
01:09 +513: /tmp/tandemlog-food-implementation/test/native_checklist_recompletion_test.dart: native offline checklist successor keeps its edited item after recompletion cold replay
01:09 +514: /tmp/tandemlog-food-implementation/test/native_checklist_recompletion_test.dart: native offline checklist successor keeps its edited item after recompletion cold replay
01:09 +515: /tmp/tandemlog-food-implementation/test/native_checklist_recompletion_test.dart: native offline checklist successor keeps its edited item after recompletion cold replay
01:09 +516: /tmp/tandemlog-food-implementation/test/native_checklist_recompletion_test.dart: native offline checklist successor keeps its edited item after recompletion cold replay
01:09 +517: /tmp/tandemlog-food-implementation/test/native_checklist_recompletion_test.dart: native offline checklist successor keeps its edited item after recompletion cold replay
HISTORICAL_RECOMPLETION recompletion cold replay: Native item Saved ChildItemA
01:09 +518: /tmp/tandemlog-food-implementation/test/local_profile_migration_test.dart: actual crash-retained legacy WAL and SHM import and cleanup
01:10 +518: /tmp/tandemlog-food-implementation/test/native_checklist_recompletion_test.dart: native offline checklist successor keeps its edited item after Undo cold replay
HISTORICAL_RECOMPLETION Undo cold replay: Native item Saved ChildItemA
01:10 +519: /tmp/tandemlog-food-implementation/test/local_profile_migration_test.dart: actual crash-retained legacy WAL and SHM import and cleanup
01:10 +520: /tmp/tandemlog-food-implementation/test/local_profile_migration_test.dart: actual crash-retained legacy WAL and SHM import and cleanup
01:10 +521: /tmp/tandemlog-food-implementation/test/local_profile_migration_test.dart: actual crash-retained legacy WAL and SHM import and cleanup
01:11 +522: /tmp/tandemlog-food-implementation/test/local_profile_migration_test.dart: actual crash-retained legacy WAL and SHM import and cleanup
01:11 +523: /tmp/tandemlog-food-implementation/test/local_profile_migration_test.dart: actual crash-retained legacy WAL and SHM import and cleanup
01:11 +524: /tmp/tandemlog-food-implementation/test/local_profile_migration_test.dart: actual crash-retained legacy WAL and SHM import and cleanup
01:11 +525: /tmp/tandemlog-food-implementation/test/local_profile_database_test.dart: OS exclusion survives commit and process death
01:11 +526: /tmp/tandemlog-food-implementation/test/local_profile_database_test.dart: OS exclusion survives commit and process death
01:11 +527: /tmp/tandemlog-food-implementation/test/local_profile_database_test.dart: OS exclusion survives commit and process death
01:11 +528: /tmp/tandemlog-food-implementation/test/local_profile_database_test.dart: OS exclusion survives commit and process death
01:12 +529: /tmp/tandemlog-food-implementation/test/local_profile_database_test.dart: OS exclusion survives commit and process death
01:12 +530: /tmp/tandemlog-food-implementation/test/local_profile_database_test.dart: OS exclusion survives commit and process death
01:12 +531: /tmp/tandemlog-food-implementation/test/local_profile_database_test.dart: OS exclusion survives commit and process death
01:12 +532: /tmp/tandemlog-food-implementation/test/local_profile_database_test.dart: OS exclusion survives commit and process death
01:12 +533: /tmp/tandemlog-food-implementation/test/local_profile_database_test.dart: OS exclusion survives commit and process death
01:12 +534: /tmp/tandemlog-food-implementation/test/local_profile_migration_test.dart: SIGKILL recovery retains identity and canonical bytes at files.imported
01:14 +535: /tmp/tandemlog-food-implementation/test/local_profile_migration_test.dart: SIGKILL recovery retains identity and canonical bytes at files.imported
01:14 +536: /tmp/tandemlog-food-implementation/test/local_profile_database_test.dart: OS exclusion survives uncommitted and process death
01:15 +537: /tmp/tandemlog-food-implementation/test/local_profile_migration_test.dart: SIGKILL recovery retains identity and canonical bytes at cleanup.planned
01:15 +538: /tmp/tandemlog-food-implementation/test/local_profile_migration_test.dart: SIGKILL recovery retains identity and canonical bytes at cleanup.planned
01:15 +539: /tmp/tandemlog-food-implementation/test/local_profile_migration_test.dart: SIGKILL recovery retains identity and canonical bytes at cleanup.planned
01:15 +540: /tmp/tandemlog-food-implementation/test/local_profile_migration_test.dart: SIGKILL recovery retains identity and canonical bytes at cleanup.planned
01:15 +541: /tmp/tandemlog-food-implementation/test/local_profile_migration_test.dart: SIGKILL recovery retains identity and canonical bytes at cleanup.planned
01:15 +542: /tmp/tandemlog-food-implementation/test/local_profile_migration_test.dart: SIGKILL recovery retains identity and canonical bytes at cleanup.planned
01:16 +543: /tmp/tandemlog-food-implementation/test/local_profile_migration_test.dart: SIGKILL recovery retains identity and canonical bytes at cleanup.planned
01:16 +544: /tmp/tandemlog-food-implementation/test/local_profile_migration_test.dart: SIGKILL recovery retains identity and canonical bytes at cleanup.planned
01:16 +545: /tmp/tandemlog-food-implementation/test/local_profile_migration_test.dart: SIGKILL recovery retains identity and canonical bytes at cleanup.planned
01:16 +546: /tmp/tandemlog-food-implementation/test/local_profile_migration_test.dart: SIGKILL recovery retains identity and canonical bytes at cleanup.planned
01:16 +547: /tmp/tandemlog-food-implementation/test/local_profile_migration_test.dart: SIGKILL recovery retains identity and canonical bytes at cleanup.planned
01:16 +548: /tmp/tandemlog-food-implementation/test/local_profile_migration_test.dart: SIGKILL recovery retains identity and canonical bytes at cleanup.planned
01:16 +549: /tmp/tandemlog-food-implementation/test/local_profile_migration_test.dart: SIGKILL recovery retains identity and canonical bytes at cleanup.planned
01:16 +550: /tmp/tandemlog-food-implementation/test/local_profile_migration_test.dart: SIGKILL recovery retains identity and canonical bytes at cleanup.planned
01:16 +551: /tmp/tandemlog-food-implementation/test/local_profile_migration_test.dart: SIGKILL recovery retains identity and canonical bytes at cleanup.planned
01:16 +552: /tmp/tandemlog-food-implementation/test/local_profile_migration_test.dart: SIGKILL recovery retains identity and canonical bytes at cleanup.planned
01:16 +553: /tmp/tandemlog-food-implementation/test/local_profile_migration_test.dart: SIGKILL recovery retains identity and canonical bytes at cleanup.planned
01:16 +554: /tmp/tandemlog-food-implementation/test/local_profile_migration_test.dart: SIGKILL recovery retains identity and canonical bytes at cleanup.planned
01:16 +555: /tmp/tandemlog-food-implementation/test/local_profile_migration_test.dart: SIGKILL recovery retains identity and canonical bytes at cleanup.planned
01:16 +556: /tmp/tandemlog-food-implementation/test/local_profile_migration_test.dart: SIGKILL recovery retains identity and canonical bytes at cleanup.planned
01:17 +557: /tmp/tandemlog-food-implementation/test/local_profile_migration_test.dart: SIGKILL recovery retains identity and canonical bytes at cleanup.planned
01:17 +558: /tmp/tandemlog-food-implementation/test/local_profile_migration_test.dart: SIGKILL recovery retains identity and canonical bytes at cleanup.planned
01:17 +559: /tmp/tandemlog-food-implementation/test/local_profile_migration_test.dart: SIGKILL recovery retains identity and canonical bytes at cleanup.planned
01:17 +560: /tmp/tandemlog-food-implementation/test/local_profile_migration_test.dart: SIGKILL recovery retains identity and canonical bytes at cleanup.planned
01:17 +561: /tmp/tandemlog-food-implementation/test/local_profile_migration_test.dart: SIGKILL recovery retains identity and canonical bytes at cleanup.planned
01:17 +562: /tmp/tandemlog-food-implementation/test/local_profile_migration_test.dart: SIGKILL recovery retains identity and canonical bytes at cleanup.planned
01:17 +563: /tmp/tandemlog-food-implementation/test/local_profile_migration_test.dart: SIGKILL recovery retains identity and canonical bytes at cleanup.planned
01:17 +564: /tmp/tandemlog-food-implementation/test/local_profile_migration_test.dart: SIGKILL recovery retains identity and canonical bytes at cleanup.planned
01:17 +565: /tmp/tandemlog-food-implementation/test/local_profile_migration_test.dart: SIGKILL recovery retains identity and canonical bytes at cleanup.planned
01:17 +566: /tmp/tandemlog-food-implementation/test/local_profile_migration_test.dart: SIGKILL recovery retains identity and canonical bytes at cleanup.planned
01:17 +567: /tmp/tandemlog-food-implementation/test/local_profile_migration_test.dart: SIGKILL recovery retains identity and canonical bytes at cleanup.planned
01:17 +568: /tmp/tandemlog-food-implementation/test/local_profile_migration_test.dart: SIGKILL recovery retains identity and canonical bytes at cleanup.planned
01:17 +569: /tmp/tandemlog-food-implementation/test/legacy_protected_files_import_test.dart: source replacement after commit cannot mark import verified
01:17 +570: /tmp/tandemlog-food-implementation/test/local_profile_migration_test.dart: SIGKILL recovery retains identity and canonical bytes at activation.committed
01:17 +571: /tmp/tandemlog-food-implementation/test/local_profile_migration_test.dart: SIGKILL recovery retains identity and canonical bytes at activation.committed
01:18 +572: /tmp/tandemlog-food-implementation/test/local_profile_migration_test.dart: SIGKILL recovery retains identity and canonical bytes at activation.committed
01:18 +573: /tmp/tandemlog-food-implementation/test/local_profile_migration_test.dart: SIGKILL recovery retains identity and canonical bytes at activation.committed
01:18 +574: /tmp/tandemlog-food-implementation/test/local_profile_migration_test.dart: SIGKILL recovery retains identity and canonical bytes at activation.committed
01:18 +575: /tmp/tandemlog-food-implementation/test/local_profile_migration_test.dart: SIGKILL recovery retains identity and canonical bytes at activation.committed
01:18 +576: /tmp/tandemlog-food-implementation/test/local_profile_migration_test.dart: SIGKILL recovery retains identity and canonical bytes at activation.committed
01:18 +577: /tmp/tandemlog-food-implementation/test/local_profile_migration_test.dart: SIGKILL recovery retains identity and canonical bytes at activation.committed
01:19 +578: /tmp/tandemlog-food-implementation/test/local_profile_migration_test.dart: SIGKILL recovery retains identity and canonical bytes at activation.committed
01:19 +579: /tmp/tandemlog-food-implementation/test/initial_task_rank_test.dart: native capture retains top rank after Inbox triage and replay
01:19 +580: /tmp/tandemlog-food-implementation/test/local_profile_migration_test.dart: SIGKILL recovery retains identity and canonical bytes at cleanup.marked
01:20 +581: /tmp/tandemlog-food-implementation/test/local_profile_migration_test.dart: SIGKILL recovery retains identity and canonical bytes at cleanup.marked
01:20 +582: /tmp/tandemlog-food-implementation/test/local_profile_migration_test.dart: SIGKILL recovery retains identity and canonical bytes at cleanup.marked
01:20 +583: /tmp/tandemlog-food-implementation/test/local_profile_migration_test.dart: SIGKILL recovery retains identity and canonical bytes at cleanup.marked
01:20 +584: /tmp/tandemlog-food-implementation/test/local_profile_migration_test.dart: SIGKILL recovery retains identity and canonical bytes at cleanup.marked
01:20 +585: /tmp/tandemlog-food-implementation/test/local_profile_migration_test.dart: SIGKILL recovery retains identity and canonical bytes at cleanup.marked
01:20 +586: /tmp/tandemlog-food-implementation/test/local_profile_migration_test.dart: SIGKILL recovery retains identity and canonical bytes at cleanup.marked
01:20 +587: /tmp/tandemlog-food-implementation/test/local_profile_migration_test.dart: SIGKILL recovery retains identity and canonical bytes at cleanup.marked
01:20 +588: /tmp/tandemlog-food-implementation/test/local_profile_migration_test.dart: SIGKILL recovery retains identity and canonical bytes at cleanup.marked
01:21 +589: /tmp/tandemlog-food-implementation/test/local_profile_migration_test.dart: SIGKILL recovery retains identity and canonical bytes at cleanup.marked
01:22 +590: /tmp/tandemlog-food-implementation/test/local_profile_migration_test.dart: SIGKILL recovery retains identity and canonical bytes at cleanup.marked
01:22 +591: /tmp/tandemlog-food-implementation/test/local_profile_migration_test.dart: SIGKILL recovery retains identity and canonical bytes at cleanup.marked
01:22 +592: /tmp/tandemlog-food-implementation/test/local_profile_migration_test.dart: SIGKILL recovery retains identity and canonical bytes at cleanup.marked
01:22 +593: /tmp/tandemlog-food-implementation/test/incremental_history_test.dart: successful explicit verification compacts checked ranges into a new whole-prefix baseline
01:22 +594: /tmp/tandemlog-food-implementation/test/local_profile_migration_test.dart: SIGKILL recovery retains identity and canonical bytes at cleanup.deleted
01:22 +595: /tmp/tandemlog-food-implementation/test/local_profile_migration_test.dart: SIGKILL recovery retains identity and canonical bytes at cleanup.deleted
01:22 +596: /tmp/tandemlog-food-implementation/test/local_profile_migration_test.dart: SIGKILL recovery retains identity and canonical bytes at cleanup.deleted
01:22 +597: /tmp/tandemlog-food-implementation/test/local_profile_migration_test.dart: SIGKILL recovery retains identity and canonical bytes at cleanup.deleted
01:22 +598: /tmp/tandemlog-food-implementation/test/local_profile_migration_test.dart: SIGKILL recovery retains identity and canonical bytes at cleanup.deleted
01:22 +599: /tmp/tandemlog-food-implementation/test/local_profile_migration_test.dart: SIGKILL recovery retains identity and canonical bytes at cleanup.deleted
01:22 +600: /tmp/tandemlog-food-implementation/test/local_profile_migration_test.dart: SIGKILL recovery retains identity and canonical bytes at cleanup.deleted
01:22 +601: /tmp/tandemlog-food-implementation/test/local_profile_migration_test.dart: SIGKILL recovery retains identity and canonical bytes at cleanup.deleted
01:22 +602: /tmp/tandemlog-food-implementation/test/local_profile_migration_test.dart: SIGKILL recovery retains identity and canonical bytes at cleanup.deleted
01:22 +603: /tmp/tandemlog-food-implementation/test/local_profile_migration_test.dart: SIGKILL recovery retains identity and canonical bytes at cleanup.deleted
01:22 +604: /tmp/tandemlog-food-implementation/test/local_profile_migration_test.dart: SIGKILL recovery retains identity and canonical bytes at cleanup.deleted
01:22 +605: /tmp/tandemlog-food-implementation/test/local_profile_migration_test.dart: SIGKILL recovery retains identity and canonical bytes at cleanup.deleted
01:22 +606: /tmp/tandemlog-food-implementation/test/local_profile_migration_test.dart: SIGKILL recovery retains identity and canonical bytes at cleanup.deleted
01:22 +607: /tmp/tandemlog-food-implementation/test/local_profile_migration_test.dart: SIGKILL recovery retains identity and canonical bytes at cleanup.deleted
01:22 +608: /tmp/tandemlog-food-implementation/test/local_profile_migration_test.dart: SIGKILL recovery retains identity and canonical bytes at cleanup.deleted
01:22 +609: /tmp/tandemlog-food-implementation/test/local_profile_migration_test.dart: SIGKILL recovery retains identity and canonical bytes at cleanup.deleted
01:22 +610: /tmp/tandemlog-food-implementation/test/local_profile_migration_test.dart: SIGKILL recovery retains identity and canonical bytes at cleanup.deleted
01:22 +611: /tmp/tandemlog-food-implementation/test/local_profile_migration_test.dart: SIGKILL recovery retains identity and canonical bytes at cleanup.deleted
01:22 +612: /tmp/tandemlog-food-implementation/test/local_profile_migration_test.dart: SIGKILL recovery retains identity and canonical bytes at cleanup.deleted
01:23 +613: /tmp/tandemlog-food-implementation/test/local_profile_migration_test.dart: SIGKILL recovery retains identity and canonical bytes at cleanup.deleted
01:23 +614: /tmp/tandemlog-food-implementation/test/local_profile_migration_test.dart: SIGKILL recovery retains identity and canonical bytes at cleanup.deleted
01:23 +615: /tmp/tandemlog-food-implementation/test/local_profile_migration_test.dart: SIGKILL recovery retains identity and canonical bytes at cleanup.deleted
01:23 +616: /tmp/tandemlog-food-implementation/test/local_profile_migration_test.dart: SIGKILL recovery retains identity and canonical bytes at cleanup.deleted
01:23 +617: /tmp/tandemlog-food-implementation/test/local_profile_migration_test.dart: SIGKILL recovery retains identity and canonical bytes at cleanup.deleted
01:23 +618: /tmp/tandemlog-food-implementation/test/local_profile_migration_test.dart: SIGKILL recovery retains identity and canonical bytes at cleanup.deleted
01:23 +619: /tmp/tandemlog-food-implementation/test/local_profile_migration_test.dart: SIGKILL recovery retains identity and canonical bytes at cleanup.deleted
01:23 +620: /tmp/tandemlog-food-implementation/test/local_profile_migration_test.dart: SIGKILL recovery retains identity and canonical bytes at cleanup.deleted
01:23 +621: /tmp/tandemlog-food-implementation/test/local_profile_migration_test.dart: SIGKILL recovery retains identity and canonical bytes at cleanup.deleted
01:23 +622: /tmp/tandemlog-food-implementation/test/local_profile_migration_test.dart: SIGKILL recovery retains identity and canonical bytes at cleanup.deleted
01:23 +623: /tmp/tandemlog-food-implementation/test/local_profile_migration_test.dart: SIGKILL recovery retains identity and canonical bytes at cleanup.deleted
01:23 +624: /tmp/tandemlog-food-implementation/test/local_profile_migration_test.dart: SIGKILL recovery retains identity and canonical bytes at cleanup.deleted
01:23 +625: /tmp/tandemlog-food-implementation/test/local_profile_migration_test.dart: SIGKILL recovery retains identity and canonical bytes at cleanup.deleted
01:23 +626: /tmp/tandemlog-food-implementation/test/local_profile_migration_test.dart: SIGKILL recovery retains identity and canonical bytes at cleanup.deleted
01:23 +627: /tmp/tandemlog-food-implementation/test/local_profile_migration_test.dart: SIGKILL recovery retains identity and canonical bytes at cleanup.deleted
01:23 +628: /tmp/tandemlog-food-implementation/test/local_profile_migration_test.dart: SIGKILL recovery retains identity and canonical bytes at cleanup.deleted
01:23 +629: /tmp/tandemlog-food-implementation/test/local_profile_migration_test.dart: SIGKILL recovery retains identity and canonical bytes at cleanup.deleted
01:23 +630: /tmp/tandemlog-food-implementation/test/local_profile_migration_test.dart: SIGKILL recovery retains identity and canonical bytes at cleanup.deleted
01:24 +631: /tmp/tandemlog-food-implementation/test/local_profile_migration_test.dart: SIGKILL recovery retains identity and canonical bytes at cleanup.deleted
01:24 +632: /tmp/tandemlog-food-implementation/test/local_profile_migration_test.dart: SIGKILL recovery retains identity and canonical bytes at cleanup.deleted
01:24 +633: /tmp/tandemlog-food-implementation/test/local_profile_migration_test.dart: SIGKILL recovery retains identity and canonical bytes at cleanup.deleted
01:24 +634: /tmp/tandemlog-food-implementation/test/local_profile_migration_test.dart: SIGKILL recovery retains identity and canonical bytes at cleanup.committed
01:25 +635: /tmp/tandemlog-food-implementation/test/local_profile_migration_test.dart: SIGKILL recovery retains identity and canonical bytes at cleanup.committed
01:25 +636: /tmp/tandemlog-food-implementation/test/local_profile_migration_test.dart: SIGKILL recovery retains identity and canonical bytes at cleanup.committed
01:26 +637: /tmp/tandemlog-food-implementation/test/local_profile_migration_test.dart: SIGKILL recovery retains identity and canonical bytes at cleanup.committed
01:26 +638: /tmp/tandemlog-food-implementation/test/local_profile_migration_test.dart: SIGKILL recovery retains identity and canonical bytes at cleanup.committed
01:26 +639: /tmp/tandemlog-food-implementation/test/local_profile_migration_test.dart: SIGKILL recovery retains identity and canonical bytes at cleanup.committed
01:26 +640: /tmp/tandemlog-food-implementation/test/local_profile_migration_test.dart: SIGKILL recovery retains identity and canonical bytes at cleanup.committed
01:27 +641: /tmp/tandemlog-food-implementation/test/historical_delivery_test.dart: review: historical source and marker arrive after cross-writer Undo
01:27 +642: /tmp/tandemlog-food-implementation/test/historical_delivery_test.dart: review: historical source and marker arrive after cross-writer Undo
01:27 +643: /tmp/tandemlog-food-implementation/test/historical_delivery_test.dart: review: historical source and marker arrive after cross-writer Undo
01:27 +644: /tmp/tandemlog-food-implementation/test/historical_delivery_test.dart: review: historical source and marker arrive after cross-writer Undo
01:27 +645: /tmp/tandemlog-food-implementation/test/historical_delivery_test.dart: review: native historical source and marker arrive after cross-writer Undo
01:27 +646: /tmp/tandemlog-food-implementation/test/historical_delivery_test.dart: review: native historical source and marker arrive after cross-writer Undo
01:27 +647: /tmp/tandemlog-food-implementation/test/historical_delivery_test.dart: review: native historical source and marker arrive after cross-writer Undo
01:27 +648: /tmp/tandemlog-food-implementation/test/historical_delivery_test.dart: review: native historical source and marker arrive after cross-writer Undo
01:28 +649: /tmp/tandemlog-food-implementation/test/event_clock_test.dart: new wall time wins despite many older borrowed nanoseconds
01:28 +650: /tmp/tandemlog-food-implementation/test/event_clock_test.dart: equal and backward wall time borrow exactly one nanosecond
01:28 +651: /tmp/tandemlog-food-implementation/test/event_clock_test.dart: canonical decimal clock round trips values beyond JSON number precision
01:28 +652: /tmp/tandemlog-food-implementation/test/event_clock_test.dart: numeric legacy and tuple draft event clocks are rejected explicitly
01:28 +653: /tmp/tandemlog-food-implementation/test/event_chain_test.dart: independent Python SHA256 golden JSONL is byte-exact on re-encode
01:28 +654: /tmp/tandemlog-food-implementation/test/event_chain_test.dart: new records require an explicit predecessor beyond genesis
01:28 +655: /tmp/tandemlog-food-implementation/test/event_chain_test.dart: canonical bytes reject alternate spellings and duplicate fields
01:28 +656: /tmp/tandemlog-food-implementation/test/domain_test.dart: deletion is a validated permanent tombstone in every arrival order
01:28 +657: /tmp/tandemlog-food-implementation/test/domain_test.dart: deletion is a validated permanent tombstone in every arrival order
01:28 +658: /tmp/tandemlog-food-implementation/test/domain_test.dart: deletion is a validated permanent tombstone in every arrival order
01:28 +659: /tmp/tandemlog-food-implementation/test/domain_test.dart: deletion is a validated permanent tombstone in every arrival order
01:28 +660: /tmp/tandemlog-food-implementation/test/domain_test.dart: deletion is a validated permanent tombstone in every arrival order
01:28 +661: /tmp/tandemlog-food-implementation/test/domain_test.dart: deletion is a validated permanent tombstone in every arrival order
01:28 +662: /tmp/tandemlog-food-implementation/test/domain_test.dart: deletion is a validated permanent tombstone in every arrival order
01:28 +663: /tmp/tandemlog-food-implementation/test/event_chain_test.dart: event size admission counts UTF-8 bytes with an inclusive 1 MiB limit
01:28 +664: /tmp/tandemlog-food-implementation/test/event_chain_test.dart: event size admission counts UTF-8 bytes with an inclusive 1 MiB limit
01:28 +665: /tmp/tandemlog-food-implementation/test/domain_test.dart: all arrival permutations yield identical field conflict and undo state
01:28 +666: /tmp/tandemlog-food-implementation/test/domain_test.dart: all arrival permutations yield identical field conflict and undo state
01:28 +667: /tmp/tandemlog-food-implementation/test/domain_test.dart: unknown event/fields and counter overflow are rejected
01:28 +668: /tmp/tandemlog-food-implementation/test/domain_test.dart: historical v1 events and invalid new active fields fail explicitly
01:29 +669: /tmp/tandemlog-food-implementation/test/date_time_layout_test.dart: populated rows fit at measured boundary and retain composing drafts
01:30 +670: /tmp/tandemlog-food-implementation/test/date_time_layout_test.dart: populated rows fit at measured boundary and retain composing drafts
LAYOUT bulk=false scale=1.0 rowBoundary=392.0
01:31 +671: /tmp/tandemlog-food-implementation/test/date_time_layout_test.dart: populated rows fit at measured boundary and retain composing drafts
01:31 +672: /tmp/tandemlog-food-implementation/test/date_time_layout_test.dart: populated rows fit at measured boundary and retain composing drafts
01:31 +673: /tmp/tandemlog-food-implementation/test/date_time_layout_test.dart: populated rows fit at measured boundary and retain composing drafts
01:31 +674: /tmp/tandemlog-food-implementation/test/date_time_layout_test.dart: populated rows fit at measured boundary and retain composing drafts
01:31 +675: /tmp/tandemlog-food-implementation/test/date_time_layout_test.dart: populated rows fit at measured boundary and retain composing drafts
01:31 +676: /tmp/tandemlog-food-implementation/test/date_time_layout_test.dart: populated rows fit at measured boundary and retain composing drafts
01:31 +677: /tmp/tandemlog-food-implementation/test/date_time_layout_test.dart: populated rows fit at measured boundary and retain composing drafts
01:31 +678: /tmp/tandemlog-food-implementation/test/date_time_layout_test.dart: populated rows fit at measured boundary and retain composing drafts
01:32 +679: /tmp/tandemlog-food-implementation/test/date_time_layout_test.dart: populated rows fit at measured boundary and retain composing drafts
01:32 +680: /tmp/tandemlog-food-implementation/test/date_time_layout_test.dart: populated rows fit at measured boundary and retain composing drafts
LAYOUT bulk=false scale=1.3 rowBoundary=456.0
01:32 +681: /tmp/tandemlog-food-implementation/test/date_time_layout_test.dart: populated rows fit at measured boundary and retain composing drafts
01:32 +682: /tmp/tandemlog-food-implementation/test/date_time_layout_test.dart: populated rows fit at measured boundary and retain composing drafts
01:32 +683: /tmp/tandemlog-food-implementation/test/date_time_layout_test.dart: populated rows fit at measured boundary and retain composing drafts
01:32 +684: /tmp/tandemlog-food-implementation/test/date_time_layout_test.dart: populated rows fit at measured boundary and retain composing drafts
LAYOUT bulk=false scale=2.0 rowBoundary=628.0
LAYOUT bulk=true scale=1.0 rowBoundary=488.0
01:34 +685: /tmp/tandemlog-food-implementation/test/date_time_layout_test.dart: populated rows fit at measured boundary and retain composing drafts
01:34 +686: /tmp/tandemlog-food-implementation/test/date_time_layout_test.dart: populated rows fit at measured boundary and retain composing drafts
LAYOUT bulk=true scale=1.3 rowBoundary=552.0
01:35 +687: /tmp/tandemlog-food-implementation/test/date_time_layout_test.dart: populated rows fit at measured boundary and retain composing drafts
LAYOUT bulk=true scale=2.0 rowBoundary=724.0
01:36 +688: /tmp/tandemlog-food-implementation/test/date_time_layout_test.dart: populated rows fit at measured boundary and retain composing drafts
01:36 +689: /tmp/tandemlog-food-implementation/test/date_time_layout_test.dart: populated rows fit at measured boundary and retain composing drafts
01:36 +690: /tmp/tandemlog-food-implementation/test/checklist_storage_test.dart: recurrence copies fresh unchecked items preserving order and native field identities
01:37 +691: /tmp/tandemlog-food-implementation/test/checklist_storage_test.dart: offline completions union item text and membership while preserving successor edits
01:37 +692: /tmp/tandemlog-food-implementation/test/checklist_security_review_test.dart: admissible large checklist copy has bounded decode work and preserves canonical bytes
01:37 +693: /tmp/tandemlog-food-implementation/test/checklist_storage_test.dart: scalar parent can recur with native checklist without a forced parent text baseline
01:37 +694: /tmp/tandemlog-food-implementation/test/checklist_security_review_test.dart: scalar checklist historical recompletion preserves protected child without shared-text initialization
01:38 +695: /tmp/tandemlog-food-implementation/test/checklist_security_review_test.dart: scalar checklist historical recompletion preserves protected child without shared-text initialization
01:38 +696: /tmp/tandemlog-food-implementation/test/checklist_storage_test.dart: saved item completion/move/delete protects successor from completion Undo
01:38 +697: /tmp/tandemlog-food-implementation/test/checklist_storage_test.dart: late offline copy cannot overwrite a saved child order or checked state
01:38 +698: /tmp/tandemlog-food-implementation/test/checklist_presentation_test.dart: holding child reorder handle never opens help popup
01:39 +699: /tmp/tandemlog-food-implementation/test/checklist_presentation_test.dart: holding child reorder handle never opens help popup
01:39 +700: /tmp/tandemlog-food-implementation/test/checklist_storage_test.dart: copied-item native proofs work through three generations and exact membership cannot be forged
01:39 +701: /tmp/tandemlog-food-implementation/test/checklist_storage_test.dart: copied-item native proofs work through three generations and exact membership cannot be forged
01:39 +702: /tmp/tandemlog-food-implementation/test/checklist_storage_test.dart: copied-item native proofs work through three generations and exact membership cannot be forged
01:39 +703: /tmp/tandemlog-food-implementation/test/checklist_presentation_test.dart: child handle uses parent reorder icon and retains semantics
01:39 +704: /tmp/tandemlog-food-implementation/test/checklist_storage_test.dart: untouched copied items follow successor suppression and identical cold/warm cache replay
01:39 +705: /tmp/tandemlog-food-implementation/test/checklist_storage_test.dart: untouched copied items follow successor suppression and identical cold/warm cache replay
01:39 +706: /tmp/tandemlog-food-implementation/test/checklist_storage_test.dart: untouched copied items follow successor suppression and identical cold/warm cache replay
01:39 +707: /tmp/tandemlog-food-implementation/test/checklist_storage_test.dart: untouched copied items follow successor suppression and identical cold/warm cache replay
01:40 +708: /tmp/tandemlog-food-implementation/test/checklist_presentation_test.dart: busy checkbox keeps child focus and guards repeat Space
01:40 +709: /tmp/tandemlog-food-implementation/test/checklist_presentation_test.dart: late control callbacks cannot dispatch after panel becomes busy
01:40 +710: /tmp/tandemlog-food-implementation/test/checklist_presentation_test.dart: child handle supports scoped typed drag and relative movement
01:40 +711: /tmp/tandemlog-food-implementation/test/checklist_presentation_test.dart: drop rejects wrong scope stale snapshot and disabled late acceptance
01:40 +712: /tmp/tandemlog-food-implementation/test/checklist_presentation_test.dart: move semantics keyboard edges and Add focus hook stay child scoped
01:40 +713: /tmp/tandemlog-food-implementation/test/checklist_item_native_editor_test.dart: remote deleted parent rejects private native Save without receipt and permits Discard
01:41 +714: /tmp/tandemlog-food-implementation/test/checklist_item_native_editor_test.dart: remote deleted parent rejects private native Save without receipt and permits Discard
01:41 +715: /tmp/tandemlog-food-implementation/test/checklist_item_native_editor_test.dart: remote deleted parent rejects private native Save without receipt and permits Discard
01:42 +716: /tmp/tandemlog-food-implementation/test/checklist_item_native_editor_test.dart: remote deleted parent rejects private native Save without receipt and permits Discard
01:42 +717: /tmp/tandemlog-food-implementation/test/checklist_item_native_editor_test.dart: remote deleted parent rejects private native Save without receipt and permits Discard
01:42 +718: /tmp/tandemlog-food-implementation/test/checklist_item_native_editor_test.dart: remote deleted parent rejects private native Save without receipt and permits Discard
01:42 +719: /tmp/tandemlog-food-implementation/test/checklist_item_native_editor_test.dart: remote deleted parent rejects private native Save without receipt and permits Discard
01:42 +720: /tmp/tandemlog-food-implementation/test/checklist_presentation_test.dart: busy Save admits one command and freezes draft until success
01:43 +721: /tmp/tandemlog-food-implementation/test/checklist_item_native_editor_test.dart: native caret-only edits stay clean; composition propagates; committed merged text renews before close
01:43 +722: /tmp/tandemlog-food-implementation/test/checklist_presentation_test.dart: Cancel and route back resolve dirty item before closing host
01:43 +723: /tmp/tandemlog-food-implementation/test/checklist_presentation_test.dart: render dark desktop and narrow enlarged components
01:43 +724: /tmp/tandemlog-food-implementation/test/checklist_expansion_store_test.dart: sparse local expansion preserves other metadata and normal reopen
01:43 +725: /tmp/tandemlog-food-implementation/test/checklist_expansion_store_test.dart: cache reset defaults collapsed and invalid local values are ignored
01:44 +726: /tmp/tandemlog-food-implementation/test/checklist_expansion_store_test.dart: bad IDs and an active canonical transaction cannot cause partial UI writes
01:44 +727: /tmp/tandemlog-food-implementation/test/checklist_delivery_test.dart: remote item waits for missing task parent then attaches once without appearing as a task
01:45 +728: /tmp/tandemlog-food-implementation/test/checklist_completion_command_test.dart: all checked items complete without warning and prepare exactly one receipt
01:45 +729: /tmp/tandemlog-food-implementation/test/checklist_completion_command_test.dart: all checked items complete without warning and prepare exactly one receipt
01:46 +730: /tmp/tandemlog-food-implementation/test/checklist_completion_command_test.dart: all checked items complete without warning and prepare exactly one receipt
01:46 +731: /tmp/tandemlog-food-implementation/test/checklist_completion_command_test.dart: all checked items complete without warning and prepare exactly one receipt
01:46 +732: /tmp/tandemlog-food-implementation/test/checklist_completion_command_test.dart: all checked items complete without warning and prepare exactly one receipt
01:46 +733: /tmp/tandemlog-food-implementation/test/checklist_delivery_test.dart: late user creation anchor rejects with transactional rollback
01:46 +734: /tmp/tandemlog-food-implementation/test/checklist_completion_command_test.dart: cancel unfinished warning prepares nothing and preserves exact canonical bytes
01:46 +735: /tmp/tandemlog-food-implementation/test/checklist_delivery_test.dart: late task creation anchor rejects with transactional rollback
01:46 +736: /tmp/tandemlog-food-implementation/test/checklist_completion_command_test.dart: warning observes whole current checklist including checked items notes and order
01:47 +737: /tmp/tandemlog-food-implementation/test/checklist_delivery_test.dart: copy contribution waits for its source frontier then reconstructs unchecked native item exactly
01:47 +738: /tmp/tandemlog-food-implementation/test/checklist_completion_command_test.dart: incoming new unchecked item during warning requires fresh confirmation before receipt
01:47 +739: /tmp/tandemlog-food-implementation/test/checklist_completion_command_test.dart: incoming new unchecked item during warning requires fresh confirmation before receipt
01:48 +740: /tmp/tandemlog-food-implementation/test/checklist_delivery_test.dart: forged order copy rejects before receipt and leaves canonical history untouched
01:48 +741: /tmp/tandemlog-food-implementation/test/checklist_completion_command_test.dart: incoming completion state during warning requires fresh confirmation before receipt
01:48 +742: /tmp/tandemlog-food-implementation/test/checklist_delivery_test.dart: forged visible text copy rejects before receipt and leaves canonical history untouched
01:48 +743: /tmp/tandemlog-food-implementation/test/checklist_completion_command_test.dart: incoming title during warning requires fresh confirmation before receipt
01:49 +744: /tmp/tandemlog-food-implementation/test/checklist_delivery_test.dart: forged history proof copy rejects before receipt and leaves canonical history untouched
01:49 +745: /tmp/tandemlog-food-implementation/test/checklist_completion_command_test.dart: incoming notes during warning requires fresh confirmation before receipt
01:49 +746: /tmp/tandemlog-food-implementation/test/checklist_completion_command_test.dart: incoming notes during warning requires fresh confirmation before receipt
01:49 +747: /tmp/tandemlog-food-implementation/test/checklist_delivery_test.dart: copied ID collision with independent task rejects before receipt
01:49 +748: /tmp/tandemlog-food-implementation/test/checklist_completion_command_test.dart: incoming order during warning requires fresh confirmation before receipt
01:49 +749: /tmp/tandemlog-food-implementation/test/checklist_completion_command_test.dart: incoming order during warning requires fresh confirmation before receipt
01:49 +750: /tmp/tandemlog-food-implementation/test/checklist_delivery_test.dart: late duplicate copy contribution preserves child-owned ordering and check state
01:50 +751: /tmp/tandemlog-food-implementation/test/checklist_completion_command_test.dart: cancel renewed warning keeps peer changes but writes no local completion
01:50 +752: /tmp/tandemlog-food-implementation/test/checklist_delivery_test.dart: parent recurrence preserves live item private draft and later source Save does not flow into copied notes
01:50 +753: /tmp/tandemlog-food-implementation/test/checklist_completion_command_test.dart: incoming checks clearing all unfinished work need no second warning
01:51 +754: /tmp/tandemlog-food-implementation/test/checklist_delivery_test.dart: item private drafts, pre-append Save cancellation and scoped Undo preserve another item
01:51 +755: /tmp/tandemlog-food-implementation/test/checklist_completion_command_test.dart: task deleted while warning is open stops without preparing duplicate completion
01:51 +756: /tmp/tandemlog-food-implementation/test/checklist_completion_command_test.dart: task completed while warning is open stops without preparing duplicate completion
01:52 +757: /tmp/tandemlog-food-implementation/test/checklist_baseline_selection_test.dart: shared baseline preserves earliest scalar successor protected by checked copied-item history
01:52 +758: /tmp/tandemlog-food-implementation/test/checklist_baseline_selection_test.dart: shared baseline preserves earliest scalar successor protected by checked copied-item history
01:52 +759: /tmp/tandemlog-food-implementation/test/checklist_baseline_selection_test.dart: shared baseline preserves earliest scalar successor protected by checked copied-item history
01:53 +760: /tmp/tandemlog-food-implementation/test/checklist_baseline_selection_test.dart: shared baseline preserves earliest scalar successor protected by checked copied-item history
01:54 +761: /tmp/tandemlog-food-implementation/test/checklist_architecture_gate_test.dart: genuine offline item activity arriving after cancellation restores its task
01:55 +762: /tmp/tandemlog-food-implementation/test/checklist_baseline_selection_test.dart: shared baseline preserves earliest scalar successor protected by undone and deleted copied-item history
01:55 +763: /tmp/tandemlog-food-implementation/test/checklist_architecture_gate_test.dart: local item create cannot resurrect a canceled successor
01:55 +764: /tmp/tandemlog-food-implementation/test/checklist_baseline_selection_test.dart: later copied-item activity preserves the declared scalar baseline through native capture and cold replay
01:56 +765: /tmp/tandemlog-food-implementation/test/checklist_baseline_selection_test.dart: later copied-item activity preserves the declared scalar baseline through native capture and cold replay
01:56 +766: /tmp/tandemlog-food-implementation/test/checklist_architecture_gate_test.dart: local item move cannot resurrect a canceled successor
01:56 +767: /tmp/tandemlog-food-implementation/test/checklist_architecture_gate_test.dart: local item delete cannot resurrect a canceled successor
01:56 +768: /tmp/tandemlog-food-implementation/test/checklist_architecture_gate_test.dart: local item native Save cannot resurrect a canceled successor
01:57 +769: /tmp/tandemlog-food-implementation/test/bulk_failure_visibility_test.dart: bulk failure remains visible after bottom scroll (height: 820.0, keyboard: 0.0, message: Selected tasks changed. Close this editor and review them before retrying., scale: 1.0, width: 390.0)
01:57 +770: /tmp/tandemlog-food-implementation/test/bulk_failure_visibility_test.dart: bulk failure remains visible after bottom scroll (height: 820.0, keyboard: 0.0, message: Selected tasks changed. Close this editor and review them before retrying., scale: 1.0, width: 390.0)
01:59 +771: /tmp/tandemlog-food-implementation/test/bulk_apply_semantics_test.dart: bulk apply names and accessible actions isolate fields at (900.0, 1.0)
01:59 +772: /tmp/tandemlog-food-implementation/test/bulk_apply_semantics_test.dart: bulk apply names and accessible actions isolate fields at (900.0, 1.0)
02:00 +773: /tmp/tandemlog-food-implementation/test/bulk_apply_semantics_test.dart: bulk apply names and accessible actions isolate fields at (900.0, 1.0)
02:00 +774: /tmp/tandemlog-food-implementation/test/bulk_apply_semantics_test.dart: bulk apply names and accessible actions isolate fields at (900.0, 1.0)
02:00 +775: /tmp/tandemlog-food-implementation/test/bulk_failure_visibility_test.dart: single modal and bulk panel keep existing failure location false
02:01 +776: /tmp/tandemlog-food-implementation/test/bulk_apply_semantics_test.dart: bulk apply names and accessible actions isolate fields at (390.0, 2.0)
02:01 +777: /tmp/tandemlog-food-implementation/test/bulk_apply_semantics_test.dart: bulk apply names and accessible actions isolate fields at (390.0, 2.0)
02:02 +778: /tmp/tandemlog-food-implementation/test/bulk_apply_semantics_test.dart: bulk apply names and accessible actions isolate fields at (390.0, 2.0)
02:02 +779: /tmp/tandemlog-food-implementation/test/batch_storage_test.dart: 30-task create/edit/tag/move/delete/Undo use one durable append/cache transaction
02:04 +780: /tmp/tandemlog-food-implementation/test/bulk_apply_semantics_test.dart: keyboard applies only Due time; tag operations stay distinct
02:04 +781: /tmp/tandemlog-food-implementation/test/batch_storage_test.dart: 100-task create/edit/tag/move/delete/Undo use one durable append/cache transaction
02:04 +782: /tmp/tandemlog-food-implementation/test/batch_storage_test.dart: 100-task create/edit/tag/move/delete/Undo use one durable append/cache transaction
02:05 +783: /tmp/tandemlog-food-implementation/test/batch_storage_test.dart: 100-task create/edit/tag/move/delete/Undo use one durable append/cache transaction
02:05 +784: /tmp/tandemlog-food-implementation/test/batch_storage_test.dart: 100-task create/edit/tag/move/delete/Undo use one durable append/cache transaction
02:06 +785: /tmp/tandemlog-food-implementation/test/batch_storage_test.dart: capture before write reconciles exact records and never discards incomplete tail
02:06 +786: /tmp/tandemlog-food-implementation/test/batch_storage_test.dart: capture prefix write reconciles exact records and never discards incomplete tail
02:06 +787: /tmp/tandemlog-food-implementation/test/batch_storage_test.dart: capture prefix write reconciles exact records and never discards incomplete tail
02:06 +788: /tmp/tandemlog-food-implementation/test/batch_storage_test.dart: capture prefix write reconciles exact records and never discards incomplete tail
02:06 +789: /tmp/tandemlog-food-implementation/test/batch_storage_test.dart: capture prefix write reconciles exact records and never discards incomplete tail
02:06 +790: /tmp/tandemlog-food-implementation/test/batch_storage_test.dart: capture prefix write reconciles exact records and never discards incomplete tail
02:06 +791: /tmp/tandemlog-food-implementation/test/batch_storage_test.dart: capture prefix write reconciles exact records and never discards incomplete tail
02:06 +792: /tmp/tandemlog-food-implementation/test/batch_storage_test.dart: capture prefix write reconciles exact records and never discards incomplete tail
02:06 +793: /tmp/tandemlog-food-implementation/test/batch_storage_test.dart: capture prefix write reconciles exact records and never discards incomplete tail
02:06 +794: /tmp/tandemlog-food-implementation/test/batch_storage_test.dart: capture prefix write reconciles exact records and never discards incomplete tail
02:06 +795: /tmp/tandemlog-food-implementation/test/android_log_folder_test.dart: unrelated duplicate names do not reject the folder
02:06 +796: /tmp/tandemlog-food-implementation/test/batch_storage_test.dart: capture tail write reconciles exact records and never discards incomplete tail
02:06 +797: /tmp/tandemlog-food-implementation/test/batch_storage_test.dart: capture tail write reconciles exact records and never discards incomplete tail
02:06 +798: /tmp/tandemlog-food-implementation/test/batch_storage_test.dart: capture tail write reconciles exact records and never discards incomplete tail
02:06 +799: /tmp/tandemlog-food-implementation/test/batch_storage_test.dart: capture tail write reconciles exact records and never discards incomplete tail
02:06 +800: /tmp/tandemlog-food-implementation/test/batch_storage_test.dart: capture tail write reconciles exact records and never discards incomplete tail
02:06 +801: /tmp/tandemlog-food-implementation/test/batch_storage_test.dart: capture tail write reconciles exact records and never discards incomplete tail
02:06 +802: /tmp/tandemlog-food-implementation/test/batch_storage_test.dart: capture tail write reconciles exact records and never discards incomplete tail
02:06 +803: /tmp/tandemlog-food-implementation/test/batch_storage_test.dart: capture tail write reconciles exact records and never discards incomplete tail
02:06 +804: /tmp/tandemlog-food-implementation/test/batch_storage_test.dart: capture tail write reconciles exact records and never discards incomplete tail
02:06 +805: /tmp/tandemlog-food-implementation/test/batch_storage_test.dart: capture tail write reconciles exact records and never discards incomplete tail
02:06 +806: /tmp/tandemlog-food-implementation/test/batch_storage_test.dart: capture tail write reconciles exact records and never discards incomplete tail
02:06 +807: /tmp/tandemlog-food-implementation/test/batch_storage_test.dart: capture tail write reconciles exact records and never discards incomplete tail
02:06 +808: /tmp/tandemlog-food-implementation/test/batch_storage_test.dart: capture tail write reconciles exact records and never discards incomplete tail
02:06 +809: /tmp/tandemlog-food-implementation/test/batch_storage_test.dart: capture tail write reconciles exact records and never discards incomplete tail
02:06 +810: /tmp/tandemlog-food-implementation/test/batch_storage_test.dart: capture tail write reconciles exact records and never discards incomplete tail
02:06 +811: /tmp/tandemlog-food-implementation/test/batch_storage_test.dart: capture tail write reconciles exact records and never discards incomplete tail
02:06 +812: /tmp/tandemlog-food-implementation/test/batch_storage_test.dart: capture tail write reconciles exact records and never discards incomplete tail
02:06 +813: /tmp/tandemlog-food-implementation/test/batch_storage_test.dart: capture tail write reconciles exact records and never discards incomplete tail
02:06 +814: /tmp/tandemlog-food-implementation/test/batch_storage_test.dart: capture tail write reconciles exact records and never discards incomplete tail
02:06 +815: /tmp/tandemlog-food-implementation/test/batch_storage_test.dart: capture after write reconciles exact records and never discards incomplete tail
02:06 +816: /tmp/tandemlog-food-implementation/test/batch_storage_test.dart: capture cache write reconciles exact records and never discards incomplete tail
02:06 +817: /tmp/tandemlog-food-implementation/test/batch_storage_test.dart: invalid deferred reference to second batch event rejects all before append
02:06 +818: /tmp/tandemlog-food-implementation/test/batch_storage_test.dart: deferred tag reference to second prepared event rejects the complete batch
02:06 +819: All tests passed!
