2026-10-10T05:29:35.5881016Z Current runner version: '2.337.0'
2026-10-10T05:29:35.5917602Z ##[group]Runner Image Provisioner
2026-10-10T05:29:35.5918697Z Hosted Compute Agent
2026-10-10T05:29:35.5919661Z Version: 20261002.596
2026-10-10T05:29:35.5920638Z Commit: c3d12f3313a95f25162a1503be624f3b0617f8c0
2026-10-10T05:29:35.5921606Z Build Date: 2026-10-02T22:28:27Z
2026-10-10T05:29:35.5922567Z Worker ID: {3b838847-82e3-486b-a03e-56071d5193b5}
2026-10-10T05:29:35.5923526Z Region: centralus
2026-10-10T05:29:35.5924236Z Cloud: Azure
2026-10-10T05:29:35.5924966Z ##[endgroup]
2026-10-10T05:29:35.5927118Z ##[group]Operating System
2026-10-10T05:29:35.5928127Z Ubuntu
2026-10-10T05:29:35.5928839Z 24.04.5
2026-10-10T05:29:35.5929720Z LTS
2026-10-10T05:29:35.5930598Z ##[endgroup]
2026-10-10T05:29:35.5931361Z ##[group]Runner Image
2026-10-10T05:29:35.5932220Z Image: ubuntu-24.04
2026-10-10T05:29:35.5932982Z Version: 20261004.327.1
2026-10-10T05:29:35.5934812Z Included Software: https://github.com/actions/runner-images/blob/ubuntu24/20261004.327/images/ubuntu/Ubuntu2404-Readme.md
2026-10-10T05:29:35.5936909Z Image Release: https://github.com/actions/runner-images/releases/tag/ubuntu24%2F20261004.327
2026-10-10T05:29:35.5938321Z ##[endgroup]
2026-10-10T05:29:35.5940080Z ##[group]GITHUB_TOKEN Permissions
2026-10-10T05:29:35.5943781Z Contents: read
2026-10-10T05:29:35.5944676Z Metadata: read
2026-10-10T05:29:35.5945348Z ##[endgroup]
2026-10-10T05:29:35.5948125Z Secret source: Actions
2026-10-10T05:29:35.5949605Z Cache mode: write
2026-10-10T05:29:35.5950636Z Prepare workflow directory
2026-10-10T05:29:35.6298125Z Prepare all required actions
2026-10-10T05:29:35.6368655Z Getting action download info
2026-10-10T05:29:35.8646940Z Download action repository 'actions/checkout@3d3c42e5aac5ba805825da76410c181273ba90b1' (SHA:3d3c42e5aac5ba805825da76410c181273ba90b1)
2026-10-10T05:29:35.9502531Z Download action repository 'actions/upload-artifact@043fb46d1a93c77aae656e7c1c64a875d1fc6a0a' (SHA:043fb46d1a93c77aae656e7c1c64a875d1fc6a0a)
2026-10-10T05:29:36.1531163Z Uses: reddraggone9/tandemlog/.github/workflows/validate.yml@refs/heads/main (97880eebf75875b1e83f2ce0039fb13f5c533968)
2026-10-10T05:29:36.1535569Z Complete job name: checks / linux
2026-10-10T05:29:36.2301605Z ##[group]Run actions/checkout@3d3c42e5aac5ba805825da76410c181273ba90b1
2026-10-10T05:29:36.2302628Z with:
2026-10-10T05:29:36.2303148Z   repository: reddraggone9/tandemlog
2026-10-10T05:29:36.2306976Z   token: ***
2026-10-10T05:29:36.2307475Z   ssh-strict: true
2026-10-10T05:29:36.2307990Z   ssh-user: git
2026-10-10T05:29:36.2308526Z   persist-credentials: true
2026-10-10T05:29:36.2309084Z   clean: true
2026-10-10T05:29:36.2309831Z   sparse-checkout-cone-mode: true
2026-10-10T05:29:36.2310474Z   fetch-depth: 1
2026-10-10T05:29:36.2310984Z   fetch-tags: false
2026-10-10T05:29:36.2311502Z   show-progress: true
2026-10-10T05:29:36.2312017Z   lfs: false
2026-10-10T05:29:36.2312536Z   submodules: false
2026-10-10T05:29:36.2313044Z   set-safe-directory: true
2026-10-10T05:29:36.2313601Z   allow-unsafe-pr-checkout: false
2026-10-10T05:29:36.2314410Z ##[endgroup]
2026-10-10T05:29:36.3332566Z Syncing repository: reddraggone9/tandemlog
2026-10-10T05:29:36.3334674Z ##[group]Getting Git version info
2026-10-10T05:29:36.3335453Z Working directory is '/home/runner/work/tandemlog/tandemlog'
2026-10-10T05:29:36.3336565Z [command]/usr/bin/git version
2026-10-10T05:29:36.3381214Z git version 2.55.0
2026-10-10T05:29:36.3398962Z ##[endgroup]
2026-10-10T05:29:36.3409390Z Temporarily overriding HOME='/home/runner/work/_temp/2271f094-7557-40e3-b26b-29fcf9f52202' before making global git config changes
2026-10-10T05:29:36.3411066Z Adding repository directory to the temporary git global config as a safe directory
2026-10-10T05:29:36.3414200Z [command]/usr/bin/git config --global --add safe.directory /home/runner/work/tandemlog/tandemlog
2026-10-10T05:29:36.3461044Z Deleting the contents of '/home/runner/work/tandemlog/tandemlog'
2026-10-10T05:29:36.3464175Z ##[group]Determining repository object format
2026-10-10T05:29:36.3465597Z ##[endgroup]
2026-10-10T05:29:36.3466743Z ##[group]Initializing the repository
2026-10-10T05:29:36.3469717Z [command]/usr/bin/git init /home/runner/work/tandemlog/tandemlog
2026-10-10T05:29:36.3571243Z hint: Using 'master' as the name for the initial branch. This default branch name
2026-10-10T05:29:36.3572444Z hint: will change to "main" in Git 3.0. To configure the initial branch name
2026-10-10T05:29:36.3573761Z hint: to use in all of your new repositories, which will suppress this warning,
2026-10-10T05:29:36.3574674Z hint: call:
2026-10-10T05:29:36.3575144Z hint:
2026-10-10T05:29:36.3575787Z hint: 	git config --global init.defaultBranch <name>
2026-10-10T05:29:36.3576490Z hint:
2026-10-10T05:29:36.3577185Z hint: Names commonly chosen instead of 'master' are 'main', 'trunk' and
2026-10-10T05:29:36.3578302Z hint: 'development'. The just-created branch can be renamed via this command:
2026-10-10T05:29:36.3579341Z hint:
2026-10-10T05:29:36.3579923Z hint: 	git branch -m <name>
2026-10-10T05:29:36.3580490Z hint:
2026-10-10T05:29:36.3581210Z hint: Disable this message with "git config set advice.defaultBranchName false"
2026-10-10T05:29:36.3582285Z Initialized empty Git repository in /home/runner/work/tandemlog/tandemlog/.git/
2026-10-10T05:29:36.3584573Z [command]/usr/bin/git remote add origin https://github.com/reddraggone9/tandemlog
2026-10-10T05:29:36.3634267Z ##[endgroup]
2026-10-10T05:29:36.3635142Z ##[group]Disabling automatic garbage collection
2026-10-10T05:29:36.3637256Z [command]/usr/bin/git config --local gc.auto 0
2026-10-10T05:29:36.3667788Z ##[endgroup]
2026-10-10T05:29:36.3668914Z ##[group]Setting up auth
2026-10-10T05:29:36.3669705Z Removing SSH command configuration
2026-10-10T05:29:36.3672938Z [command]/usr/bin/git config --local --name-only --get-regexp core\.sshCommand
2026-10-10T05:29:36.3702190Z [command]/usr/bin/git submodule foreach --recursive sh -c "git config --local --name-only --get-regexp 'core\.sshCommand' && git config --local --unset-all 'core.sshCommand' || :"
2026-10-10T05:29:36.4014873Z Removing HTTP extra header
2026-10-10T05:29:36.4021429Z [command]/usr/bin/git config --local --name-only --get-regexp http\.https\:\/\/github\.com\/\.extraheader
2026-10-10T05:29:36.4048621Z [command]/usr/bin/git submodule foreach --recursive sh -c "git config --local --name-only --get-regexp 'http\.https\:\/\/github\.com\/\.extraheader' && git config --local --unset-all 'http.https://github.com/.extraheader' || :"
2026-10-10T05:29:36.4227880Z Removing includeIf entries pointing to credentials config files
2026-10-10T05:29:36.4233004Z [command]/usr/bin/git config --local --name-only --get-regexp ^includeIf\.gitdir:
2026-10-10T05:29:36.4259844Z [command]/usr/bin/git submodule foreach --recursive git config --local --show-origin --name-only --get-regexp remote.origin.url
2026-10-10T05:29:36.4455843Z [command]/usr/bin/git config --file /home/runner/work/_temp/git-credentials-e908a10c-05dc-4fbb-a180-906061142a57.config http.https://github.com/.extraheader AUTHORIZATION: basic ***
2026-10-10T05:29:36.4489389Z [command]/usr/bin/git config --local includeIf.gitdir:/home/runner/work/tandemlog/tandemlog/.git.path /home/runner/work/_temp/git-credentials-e908a10c-05dc-4fbb-a180-906061142a57.config
2026-10-10T05:29:36.4520014Z [command]/usr/bin/git config --local includeIf.gitdir:/home/runner/work/tandemlog/tandemlog/.git/worktrees/*.path /home/runner/work/_temp/git-credentials-e908a10c-05dc-4fbb-a180-906061142a57.config
2026-10-10T05:29:36.4553656Z [command]/usr/bin/git config --local includeIf.gitdir:/github/workspace/.git.path /github/runner_temp/git-credentials-e908a10c-05dc-4fbb-a180-906061142a57.config
2026-10-10T05:29:36.4583254Z [command]/usr/bin/git config --local includeIf.gitdir:/github/workspace/.git/worktrees/*.path /github/runner_temp/git-credentials-e908a10c-05dc-4fbb-a180-906061142a57.config
2026-10-10T05:29:36.4609528Z ##[endgroup]
2026-10-10T05:29:36.4610469Z ##[group]Fetching the repository
2026-10-10T05:29:36.4615888Z [command]/usr/bin/git -c protocol.version=2 fetch --no-tags --prune --no-recurse-submodules --depth=1 origin +97880eebf75875b1e83f2ce0039fb13f5c533968:refs/remotes/origin/main
2026-10-10T05:29:38.7586660Z From https://github.com/reddraggone9/tandemlog
2026-10-10T05:29:38.7589772Z  * [new ref]         97880eebf75875b1e83f2ce0039fb13f5c533968 -> origin/main
2026-10-10T05:29:38.7596051Z [command]/usr/bin/git branch --list --remote origin/main
2026-10-10T05:29:38.7620927Z   origin/main
2026-10-10T05:29:38.7627393Z [command]/usr/bin/git rev-parse refs/remotes/origin/main
2026-10-10T05:29:38.7648285Z 97880eebf75875b1e83f2ce0039fb13f5c533968
2026-10-10T05:29:38.7653356Z ##[endgroup]
2026-10-10T05:29:38.7655572Z ##[group]Determining the checkout info
2026-10-10T05:29:38.7658572Z ##[endgroup]
2026-10-10T05:29:38.7660592Z [command]/usr/bin/git sparse-checkout disable
2026-10-10T05:29:38.7708260Z [command]/usr/bin/git config --local --unset-all extensions.worktreeConfig
2026-10-10T05:29:38.7742241Z ##[group]Checking out the ref
2026-10-10T05:29:38.7744933Z [command]/usr/bin/git checkout --progress --force -B main refs/remotes/origin/main
2026-10-10T05:29:39.1146243Z Switched to a new branch 'main'
2026-10-10T05:29:39.1150253Z branch 'main' set up to track 'origin/main'.
2026-10-10T05:29:39.1164718Z ##[endgroup]
2026-10-10T05:29:39.1213410Z [command]/usr/bin/git log -1 --format=%H
2026-10-10T05:29:39.1240067Z 97880eebf75875b1e83f2ce0039fb13f5c533968
2026-10-10T05:29:39.1449861Z ##[group]Run sudo apt-get update && sudo apt-get install -y clang cmake ninja-build pkg-config libgtk-3-dev xvfb dbus-x11 flatpak librsvg2-common
2026-10-10T05:29:39.1451093Z [36;1msudo apt-get update && sudo apt-get install -y clang cmake ninja-build pkg-config libgtk-3-dev xvfb dbus-x11 flatpak librsvg2-common[0m
2026-10-10T05:29:39.1713525Z shell: /usr/bin/bash -e {0}
2026-10-10T05:29:39.1714003Z ##[endgroup]
2026-10-10T05:29:39.2385174Z Get:1 file:/etc/apt/apt-mirrors.txt Mirrorlist [144 B]
2026-10-10T05:29:39.2736376Z Hit:2 http://azure.archive.ubuntu.com/ubuntu noble InRelease
2026-10-10T05:29:39.2761404Z Get:3 http://azure.archive.ubuntu.com/ubuntu noble-updates InRelease [126 kB]
2026-10-10T05:29:39.2809489Z Get:4 http://azure.archive.ubuntu.com/ubuntu noble-backports InRelease [126 kB]
2026-10-10T05:29:39.2833181Z Get:5 http://azure.archive.ubuntu.com/ubuntu noble-security InRelease [126 kB]
2026-10-10T05:29:39.2839645Z Get:6 https://packages.microsoft.com/ubuntu/24.04/prod noble InRelease [3600 B]
2026-10-10T05:29:39.3913499Z Get:7 http://azure.archive.ubuntu.com/ubuntu noble-updates/main amd64 Packages [1375 kB]
2026-10-10T05:29:39.4063960Z Get:8 http://azure.archive.ubuntu.com/ubuntu noble-updates/main Translation-en [306 kB]
2026-10-10T05:29:39.4075173Z Get:9 http://azure.archive.ubuntu.com/ubuntu noble-updates/universe amd64 Packages [1702 kB]
2026-10-10T05:29:39.4168632Z Get:10 http://azure.archive.ubuntu.com/ubuntu noble-updates/universe Translation-en [342 kB]
2026-10-10T05:29:39.4198061Z Get:11 http://azure.archive.ubuntu.com/ubuntu noble-updates/restricted amd64 Packages [1761 kB]
2026-10-10T05:29:39.4298528Z Get:12 http://azure.archive.ubuntu.com/ubuntu noble-updates/restricted Translation-en [401 kB]
2026-10-10T05:29:39.4340290Z Get:13 http://azure.archive.ubuntu.com/ubuntu noble-updates/multiverse amd64 Packages [55.0 kB]
2026-10-10T05:29:39.4391079Z Get:14 http://azure.archive.ubuntu.com/ubuntu noble-updates/multiverse Translation-en [14.3 kB]
2026-10-10T05:29:39.4936093Z Get:15 https://packages.microsoft.com/ubuntu/24.04/prod noble/main armhf Packages [12.3 kB]
2026-10-10T05:29:39.4966623Z Get:16 https://packages.microsoft.com/ubuntu/24.04/prod noble/main all Packages [640 B]
2026-10-10T05:29:39.5001905Z Get:17 https://packages.microsoft.com/ubuntu/24.04/prod noble/main amd64 Packages [548 kB]
2026-10-10T05:29:39.5079331Z Get:18 https://packages.microsoft.com/ubuntu/24.04/prod noble/main arm64 Packages [492 kB]
2026-10-10T05:29:39.5504412Z Get:19 http://azure.archive.ubuntu.com/ubuntu noble-security/main amd64 Packages [1121 kB]
2026-10-10T05:29:39.5565253Z Get:20 http://azure.archive.ubuntu.com/ubuntu noble-security/main Translation-en [228 kB]
2026-10-10T05:29:39.5998304Z Get:21 http://azure.archive.ubuntu.com/ubuntu noble-security/universe amd64 Packages [1220 kB]
2026-10-10T05:29:39.6052475Z Get:22 http://azure.archive.ubuntu.com/ubuntu noble-security/universe Translation-en [245 kB]
2026-10-10T05:29:39.6068964Z Get:23 http://azure.archive.ubuntu.com/ubuntu noble-security/restricted amd64 Packages [1669 kB]
2026-10-10T05:29:39.6143008Z Get:24 http://azure.archive.ubuntu.com/ubuntu noble-security/restricted Translation-en [383 kB]
2026-10-10T05:29:39.6163150Z Get:25 http://azure.archive.ubuntu.com/ubuntu noble-security/multiverse amd64 Packages [49.8 kB]
2026-10-10T05:29:39.6171698Z Get:26 http://azure.archive.ubuntu.com/ubuntu noble-security/multiverse Translation-en [12.4 kB]
2026-10-10T05:29:42.7701875Z Fetched 12.3 MB in 1s (9090 kB/s)
2026-10-10T05:29:43.6906666Z Reading package lists...
2026-10-10T05:29:43.7249440Z Reading package lists...
2026-10-10T05:29:43.9332162Z Building dependency tree...
2026-10-10T05:29:43.9337519Z Reading state information...
2026-10-10T05:29:44.1153985Z pkg-config is already the newest version (1.8.1-2build1).
2026-10-10T05:29:44.1155413Z xvfb is already the newest version (2:21.1.12-1ubuntu1.8).
2026-10-10T05:29:44.1156145Z The following additional packages will be installed:
2026-10-10T05:29:44.1157667Z   bubblewrap bzip2-doc cmake-data desktop-file-utils gir1.2-atk-1.0
2026-10-10T05:29:44.1158842Z   gir1.2-atspi-2.0 gir1.2-freedesktop gir1.2-freedesktop-dev
2026-10-10T05:29:44.1159905Z   gir1.2-gdkpixbuf-2.0 gir1.2-glib-2.0-dev gir1.2-gtk-3.0 gir1.2-harfbuzz-0.0
2026-10-10T05:29:44.1160939Z   gir1.2-pango-1.0 gsettings-desktop-schemas libatk-bridge2.0-dev
2026-10-10T05:29:44.1162031Z   libatk1.0-dev libatspi2.0-dev libavahi-glib1 libblkid-dev libbrotli-dev
2026-10-10T05:29:44.1162977Z   libbz2-dev libcairo-script-interpreter2 libcairo2-dev libdatrie-dev
2026-10-10T05:29:44.1163980Z   libdbus-1-dev libdeflate-dev libegl-dev libegl-mesa0 libegl1
2026-10-10T05:29:44.1164934Z   libegl1-mesa-dev libepoxy-dev libfontconfig-dev libfreetype-dev libfreetype6
2026-10-10T05:29:44.1166134Z   libfribidi-dev libgdk-pixbuf-2.0-dev libgdk-pixbuf2.0-bin
2026-10-10T05:29:44.1171094Z   libgirepository-2.0-0 libgl-dev libgles-dev libgles1 libgles2 libglib2.0-dev
2026-10-10T05:29:44.1172276Z   libglib2.0-dev-bin libglvnd-core-dev libglvnd-dev libglx-dev
2026-10-10T05:29:44.1173434Z   libgraphite2-dev libharfbuzz-cairo0 libharfbuzz-dev libharfbuzz-gobject0
2026-10-10T05:29:44.1174475Z   libharfbuzz-icu0 libharfbuzz-subset0 libice-dev libjbig-dev libjpeg-dev
2026-10-10T05:29:44.1175492Z   libjpeg-turbo8-dev libjpeg8-dev libjsoncpp25 liblerc-dev liblzma-dev
2026-10-10T05:29:44.1176332Z   libmalcontent-0-0 libmount-dev libopengl-dev libopengl0 libostree-1-1
2026-10-10T05:29:44.1177121Z   libpango1.0-dev libpangoxft-1.0-0 libpipewire-0.3-0t64
2026-10-10T05:29:44.1177972Z   libpipewire-0.3-common libpixman-1-dev libpng-dev libpng-tools
2026-10-10T05:29:44.1178939Z   libpng16-16t64 libpthread-stubs0-dev librhash0 librsvg2-2 libselinux1-dev
2026-10-10T05:29:44.1180254Z   libsepol-dev libsharpyuv-dev libsm-dev libspa-0.2-modules libthai-dev
2026-10-10T05:29:44.1181113Z   libtiff-dev libtiffxx6 libwayland-bin libwayland-dev libwayland-server0
2026-10-10T05:29:44.1182002Z   libwebp-dev libwebpdecoder3 libwebrtc-audio-processing1 libx11-dev
2026-10-10T05:29:44.1182999Z   libxau-dev libxcb-render0-dev libxcb-shm0-dev libxcb1-dev libxcomposite-dev
2026-10-10T05:29:44.1183981Z   libxcursor-dev libxdamage-dev libxdmcp-dev libxext-dev libxfixes-dev
2026-10-10T05:29:44.1184803Z   libxft-dev libxi-dev libxinerama-dev libxkbcommon-dev libxrandr-dev
2026-10-10T05:29:44.1185650Z   libxrender-dev libxtst-dev pango1.0-tools session-migration uuid-dev
2026-10-10T05:29:44.1186526Z   wayland-protocols x11proto-dev xdg-dbus-proxy xdg-desktop-portal
2026-10-10T05:29:44.1187265Z   xdg-desktop-portal-gtk xorg-sgml-doctools xtrans-dev
2026-10-10T05:29:44.1187850Z Suggested packages:
2026-10-10T05:29:44.1188432Z   cmake-doc cmake-format elpa-cmake-mode avahi-daemon malcontent-gui
2026-10-10T05:29:44.1189784Z   libcairo2-doc libdatrie-doc freetype2-doc libglib2.0-doc libxml2-utils
2026-10-10T05:29:44.1190648Z   libgraphite2-utils libgtk-3-doc libice-doc liblzma-doc libpango1.0-doc
2026-10-10T05:29:44.1191478Z   pipewire librsvg2-bin libsm-doc libthai-doc libwayland-doc libx11-doc
2026-10-10T05:29:44.1192371Z   libxcb-doc libxext-doc graphicsmagick accountsservice evince
2026-10-10T05:29:44.1193013Z   xdg-desktop-portal-gnome
2026-10-10T05:29:44.1606104Z The following NEW packages will be installed:
2026-10-10T05:29:44.1606965Z   bubblewrap bzip2-doc clang cmake cmake-data dbus-x11 desktop-file-utils
2026-10-10T05:29:44.1607608Z   flatpak gir1.2-atk-1.0 gir1.2-atspi-2.0 gir1.2-freedesktop
2026-10-10T05:29:44.1608132Z   gir1.2-freedesktop-dev gir1.2-gdkpixbuf-2.0 gir1.2-glib-2.0-dev
2026-10-10T05:29:44.1608856Z   gir1.2-gtk-3.0 gir1.2-harfbuzz-0.0 gir1.2-pango-1.0
2026-10-10T05:29:44.1609695Z   gsettings-desktop-schemas libatk-bridge2.0-dev libatk1.0-dev libatspi2.0-dev
2026-10-10T05:29:44.1610457Z   libavahi-glib1 libblkid-dev libbrotli-dev libbz2-dev
2026-10-10T05:29:44.1611152Z   libcairo-script-interpreter2 libcairo2-dev libdatrie-dev libdbus-1-dev
2026-10-10T05:29:44.1611902Z   libdeflate-dev libegl-dev libegl-mesa0 libegl1 libegl1-mesa-dev libepoxy-dev
2026-10-10T05:29:44.1612976Z   libfontconfig-dev libfreetype-dev libfribidi-dev libgdk-pixbuf-2.0-dev
2026-10-10T05:29:44.1613721Z   libgdk-pixbuf2.0-bin libgirepository-2.0-0 libgl-dev libgles-dev libgles1
2026-10-10T05:29:44.1614504Z   libgles2 libglib2.0-dev libglib2.0-dev-bin libglvnd-core-dev libglvnd-dev
2026-10-10T05:29:44.1615255Z   libglx-dev libgraphite2-dev libgtk-3-dev libharfbuzz-cairo0 libharfbuzz-dev
2026-10-10T05:29:44.1615971Z   libharfbuzz-gobject0 libharfbuzz-icu0 libharfbuzz-subset0 libice-dev
2026-10-10T05:29:44.1616730Z   libjbig-dev libjpeg-dev libjpeg-turbo8-dev libjpeg8-dev libjsoncpp25
2026-10-10T05:29:44.1617417Z   liblerc-dev liblzma-dev libmalcontent-0-0 libmount-dev libopengl-dev
2026-10-10T05:29:44.1618146Z   libopengl0 libostree-1-1 libpango1.0-dev libpangoxft-1.0-0
2026-10-10T05:29:44.1618885Z   libpipewire-0.3-0t64 libpipewire-0.3-common libpixman-1-dev libpng-dev
2026-10-10T05:29:44.1619775Z   libpng-tools libpthread-stubs0-dev librhash0 librsvg2-2 librsvg2-common
2026-10-10T05:29:44.1620531Z   libselinux1-dev libsepol-dev libsharpyuv-dev libsm-dev libspa-0.2-modules
2026-10-10T05:29:44.1621085Z   libthai-dev libtiff-dev libtiffxx6 libwayland-bin libwayland-dev
2026-10-10T05:29:44.1621637Z   libwayland-server0 libwebp-dev libwebpdecoder3 libwebrtc-audio-processing1
2026-10-10T05:29:44.1622178Z   libx11-dev libxau-dev libxcb-render0-dev libxcb-shm0-dev libxcb1-dev
2026-10-10T05:29:44.1622689Z   libxcomposite-dev libxcursor-dev libxdamage-dev libxdmcp-dev libxext-dev
2026-10-10T05:29:44.1623251Z   libxfixes-dev libxft-dev libxi-dev libxinerama-dev libxkbcommon-dev
2026-10-10T05:29:44.1623795Z   libxrandr-dev libxrender-dev libxtst-dev ninja-build pango1.0-tools
2026-10-10T05:29:44.1624626Z   session-migration uuid-dev wayland-protocols x11proto-dev xdg-dbus-proxy
2026-10-10T05:29:44.1625365Z   xdg-desktop-portal xdg-desktop-portal-gtk xorg-sgml-doctools xtrans-dev
2026-10-10T05:29:44.1625864Z The following packages will be upgraded:
2026-10-10T05:29:44.1630045Z   libfreetype6 libpng16-16t64
2026-10-10T05:29:44.1806809Z 2 upgraded, 124 newly installed, 0 to remove and 21 not upgraded.
2026-10-10T05:29:44.1807636Z Need to get 33.5 MB of archives.
2026-10-10T05:29:44.1808353Z After this operation, 151 MB of additional disk space will be used.
2026-10-10T05:29:44.1808827Z Get:1 file:/etc/apt/apt-mirrors.txt Mirrorlist [144 B]
2026-10-10T05:29:44.2270492Z Get:2 http://azure.archive.ubuntu.com/ubuntu noble-updates/main amd64 libpng16-16t64 amd64 1.6.43-5ubuntu0.7 [189 kB]
2026-10-10T05:29:44.2575489Z Get:3 http://azure.archive.ubuntu.com/ubuntu noble-updates/main amd64 bubblewrap amd64 0.9.0-1ubuntu0.3 [50.4 kB]
2026-10-10T05:29:44.2861260Z Get:4 http://azure.archive.ubuntu.com/ubuntu noble-updates/main amd64 bzip2-doc all 1.0.8-5.1ubuntu0.1 [499 kB]
2026-10-10T05:29:44.3167605Z Get:5 http://azure.archive.ubuntu.com/ubuntu noble/universe amd64 clang amd64 1:18.0-59~exp2 [5846 B]
2026-10-10T05:29:44.3446005Z Get:6 http://azure.archive.ubuntu.com/ubuntu noble/main amd64 libjsoncpp25 amd64 1.9.5-6build1 [82.8 kB]
2026-10-10T05:29:44.3725795Z Get:7 http://azure.archive.ubuntu.com/ubuntu noble/main amd64 librhash0 amd64 1.4.3-3build1 [129 kB]
2026-10-10T05:29:44.4011157Z Get:8 http://azure.archive.ubuntu.com/ubuntu noble/main amd64 cmake-data all 3.28.3-1build7 [2155 kB]
2026-10-10T05:29:44.4472203Z Get:9 http://azure.archive.ubuntu.com/ubuntu noble/main amd64 cmake amd64 3.28.3-1build7 [11.2 MB]
2026-10-10T05:29:44.5712724Z Get:10 http://azure.archive.ubuntu.com/ubuntu noble-updates/main amd64 dbus-x11 amd64 1.14.10-4ubuntu4.1 [23.3 kB]
2026-10-10T05:29:44.5993206Z Get:11 http://azure.archive.ubuntu.com/ubuntu noble/main amd64 desktop-file-utils amd64 0.27-2build1 [53.8 kB]
2026-10-10T05:29:44.6276624Z Get:12 http://azure.archive.ubuntu.com/ubuntu noble-updates/main amd64 xdg-dbus-proxy amd64 0.1.5-1ubuntu0.2 [26.4 kB]
2026-10-10T05:29:44.6558390Z Get:13 http://azure.archive.ubuntu.com/ubuntu noble-updates/main amd64 libmalcontent-0-0 amd64 0.11.1-1ubuntu1.3 [22.3 kB]
2026-10-10T05:29:44.6837277Z Get:14 http://azure.archive.ubuntu.com/ubuntu noble-updates/main amd64 libavahi-glib1 amd64 0.8-13ubuntu6.2 [8186 B]
2026-10-10T05:29:44.7112650Z Get:15 http://azure.archive.ubuntu.com/ubuntu noble/universe amd64 libostree-1-1 amd64 2024.5-1build2 [373 kB]
2026-10-10T05:29:44.7417495Z Get:16 http://azure.archive.ubuntu.com/ubuntu noble-updates/universe amd64 flatpak amd64 1.14.6-1ubuntu0.1 [1350 kB]
2026-10-10T05:29:44.7808605Z Get:17 http://azure.archive.ubuntu.com/ubuntu noble/main amd64 gir1.2-atk-1.0 amd64 2.52.0-1build1 [23.1 kB]
2026-10-10T05:29:44.8116024Z Get:18 http://azure.archive.ubuntu.com/ubuntu noble/main amd64 gir1.2-freedesktop amd64 1.80.1-1 [49.7 kB]
2026-10-10T05:29:44.8399003Z Get:19 http://azure.archive.ubuntu.com/ubuntu noble/main amd64 gir1.2-atspi-2.0 amd64 2.52.0-1build1 [19.8 kB]
2026-10-10T05:29:44.9102189Z Get:20 http://azure.archive.ubuntu.com/ubuntu noble-updates/main amd64 gir1.2-glib-2.0-dev amd64 2.80.0-6ubuntu3.9 [848 kB]
2026-10-10T05:29:44.9442324Z Get:21 http://azure.archive.ubuntu.com/ubuntu noble/main amd64 gir1.2-freedesktop-dev amd64 1.80.1-1 [28.8 kB]
2026-10-10T05:29:44.9719905Z Get:22 http://azure.archive.ubuntu.com/ubuntu noble-updates/main amd64 gir1.2-gdkpixbuf-2.0 amd64 2.42.10+dfsg-3ubuntu3.3 [9482 B]
2026-10-10T05:29:45.0000086Z Get:23 http://azure.archive.ubuntu.com/ubuntu noble/main amd64 libharfbuzz-gobject0 amd64 8.3.0-2build2 [34.3 kB]
2026-10-10T05:29:45.0284954Z Get:24 http://azure.archive.ubuntu.com/ubuntu noble/main amd64 gir1.2-harfbuzz-0.0 amd64 8.3.0-2build2 [44.5 kB]
2026-10-10T05:29:45.0573723Z Get:25 http://azure.archive.ubuntu.com/ubuntu noble/main amd64 libpangoxft-1.0-0 amd64 1.52.1+ds-1build1 [20.3 kB]
2026-10-10T05:29:45.0855157Z Get:26 http://azure.archive.ubuntu.com/ubuntu noble/main amd64 gir1.2-pango-1.0 amd64 1.52.1+ds-1build1 [34.8 kB]
2026-10-10T05:29:45.1138681Z Get:27 http://azure.archive.ubuntu.com/ubuntu noble-updates/main amd64 gir1.2-gtk-3.0 amd64 3.24.41-4ubuntu1.3 [245 kB]
2026-10-10T05:29:45.1430766Z Get:28 http://azure.archive.ubuntu.com/ubuntu noble/main amd64 session-migration amd64 0.3.9build1 [9034 B]
2026-10-10T05:29:45.1710572Z Get:29 http://azure.archive.ubuntu.com/ubuntu noble-updates/main amd64 gsettings-desktop-schemas all 46.1-0ubuntu1 [35.6 kB]
2026-10-10T05:29:45.2268460Z Get:30 http://azure.archive.ubuntu.com/ubuntu noble-updates/main amd64 libglib2.0-dev-bin amd64 2.80.0-6ubuntu3.9 [138 kB]
2026-10-10T05:29:45.3508328Z Get:31 http://azure.archive.ubuntu.com/ubuntu noble-updates/main amd64 uuid-dev amd64 2.39.3-9ubuntu6.6 [33.5 kB]
2026-10-10T05:29:45.3831515Z Get:32 http://azure.archive.ubuntu.com/ubuntu noble-updates/main amd64 libblkid-dev amd64 2.39.3-9ubuntu6.6 [205 kB]
2026-10-10T05:29:45.4395228Z Get:33 http://azure.archive.ubuntu.com/ubuntu noble/main amd64 libsepol-dev amd64 3.5-2build1 [384 kB]
2026-10-10T05:29:45.4978994Z Get:34 http://azure.archive.ubuntu.com/ubuntu noble-updates/main amd64 libselinux1-dev amd64 3.5-2ubuntu2.1 [164 kB]
2026-10-10T05:29:45.5296788Z Get:35 http://azure.archive.ubuntu.com/ubuntu noble-updates/main amd64 libmount-dev amd64 2.39.3-9ubuntu6.6 [14.9 kB]
2026-10-10T05:29:45.5579789Z Get:36 http://azure.archive.ubuntu.com/ubuntu noble-updates/main amd64 libgirepository-2.0-0 amd64 2.80.0-6ubuntu3.9 [73.5 kB]
2026-10-10T05:29:45.5875274Z Get:37 http://azure.archive.ubuntu.com/ubuntu noble-updates/main amd64 libglib2.0-dev amd64 2.80.0-6ubuntu3.9 [1860 kB]
2026-10-10T05:29:45.6664820Z Get:38 http://azure.archive.ubuntu.com/ubuntu noble/main amd64 libatk1.0-dev amd64 2.52.0-1build1 [100 kB]
2026-10-10T05:29:45.7383382Z Get:39 http://azure.archive.ubuntu.com/ubuntu noble-updates/main amd64 libdbus-1-dev amd64 1.14.10-4ubuntu4.1 [190 kB]
2026-10-10T05:29:45.7700027Z Get:40 http://azure.archive.ubuntu.com/ubuntu noble/main amd64 xorg-sgml-doctools all 1:1.11-1.1 [10.9 kB]
2026-10-10T05:29:45.8008596Z Get:41 http://azure.archive.ubuntu.com/ubuntu noble/main amd64 x11proto-dev all 2023.2-1 [602 kB]
2026-10-10T05:29:45.8379988Z Get:42 http://azure.archive.ubuntu.com/ubuntu noble/main amd64 libxau-dev amd64 1:1.0.9-1build6 [9570 B]
2026-10-10T05:29:45.8688888Z Get:43 http://azure.archive.ubuntu.com/ubuntu noble/main amd64 libxdmcp-dev amd64 1:1.1.3-0ubuntu6 [26.5 kB]
2026-10-10T05:29:45.9128115Z Get:44 http://azure.archive.ubuntu.com/ubuntu noble/main amd64 xtrans-dev all 1.4.0-1 [68.9 kB]
2026-10-10T05:29:46.0428527Z Get:45 http://azure.archive.ubuntu.com/ubuntu noble/main amd64 libpthread-stubs0-dev amd64 0.4-1build3 [4746 B]
2026-10-10T05:29:46.0734237Z Get:46 http://azure.archive.ubuntu.com/ubuntu noble/main amd64 libxcb1-dev amd64 1.15-1ubuntu2 [85.8 kB]
2026-10-10T05:29:46.1052979Z Get:47 http://azure.archive.ubuntu.com/ubuntu noble/main amd64 libx11-dev amd64 2:1.8.7-1build1 [732 kB]
2026-10-10T05:29:46.1419908Z Get:48 http://azure.archive.ubuntu.com/ubuntu noble/main amd64 libxext-dev amd64 2:1.3.4-1build2 [83.5 kB]
2026-10-10T05:29:46.1773289Z Get:49 http://azure.archive.ubuntu.com/ubuntu noble/main amd64 libxfixes-dev amd64 1:6.0.0-2build1 [12.1 kB]
2026-10-10T05:29:46.2123619Z Get:50 http://azure.archive.ubuntu.com/ubuntu noble/main amd64 libxi-dev amd64 2:1.8.1-1build1 [194 kB]
2026-10-10T05:29:46.2486511Z Get:51 http://azure.archive.ubuntu.com/ubuntu noble/main amd64 libxtst-dev amd64 2:1.2.3-1.1build1 [15.9 kB]
2026-10-10T05:29:46.2802746Z Get:52 http://azure.archive.ubuntu.com/ubuntu noble/main amd64 libatspi2.0-dev amd64 2.52.0-1build1 [76.2 kB]
2026-10-10T05:29:46.3116562Z Get:53 http://azure.archive.ubuntu.com/ubuntu noble/main amd64 libatk-bridge2.0-dev amd64 2.52.0-1build1 [4284 B]
2026-10-10T05:29:46.3427073Z Get:54 http://azure.archive.ubuntu.com/ubuntu noble/main amd64 libbrotli-dev amd64 1.1.0-2build2 [353 kB]
2026-10-10T05:29:46.3758401Z Get:55 http://azure.archive.ubuntu.com/ubuntu noble-updates/main amd64 libbz2-dev amd64 1.0.8-5.1ubuntu0.1 [33.6 kB]
2026-10-10T05:29:46.4071287Z Get:56 http://azure.archive.ubuntu.com/ubuntu noble-updates/main amd64 libfreetype6 amd64 2.13.2+dfsg-1ubuntu0.2 [403 kB]
2026-10-10T05:29:46.4851303Z Get:57 http://azure.archive.ubuntu.com/ubuntu noble/main amd64 libcairo-script-interpreter2 amd64 1.18.0-3build1 [60.3 kB]
2026-10-10T05:29:46.5166682Z Get:58 http://azure.archive.ubuntu.com/ubuntu noble-updates/main amd64 libpng-dev amd64 1.6.43-5ubuntu0.7 [265 kB]
2026-10-10T05:29:46.5490461Z Get:59 http://azure.archive.ubuntu.com/ubuntu noble-updates/main amd64 libfreetype-dev amd64 2.13.2+dfsg-1ubuntu0.2 [574 kB]
2026-10-10T05:29:46.5836669Z Get:60 http://azure.archive.ubuntu.com/ubuntu noble/main amd64 libfontconfig-dev amd64 2.15.0-1.1ubuntu2 [161 kB]
2026-10-10T05:29:46.6160403Z Get:61 http://azure.archive.ubuntu.com/ubuntu noble/main amd64 libpixman-1-dev amd64 0.42.2-1build1 [296 kB]
2026-10-10T05:29:46.6495329Z Get:62 http://azure.archive.ubuntu.com/ubuntu noble/main amd64 libice-dev amd64 2:1.0.10-1build3 [51.0 kB]
2026-10-10T05:29:46.6804632Z Get:63 http://azure.archive.ubuntu.com/ubuntu noble/main amd64 libsm-dev amd64 2:1.2.3-1build3 [17.8 kB]
2026-10-10T05:29:46.7118231Z Get:64 http://azure.archive.ubuntu.com/ubuntu noble/main amd64 libxcb-render0-dev amd64 1.15-1ubuntu2 [19.6 kB]
2026-10-10T05:29:46.7428694Z Get:65 http://azure.archive.ubuntu.com/ubuntu noble/main amd64 libxcb-shm0-dev amd64 1.15-1ubuntu2 [8246 B]
2026-10-10T05:29:46.8050752Z Get:66 http://azure.archive.ubuntu.com/ubuntu noble/main amd64 libxrender-dev amd64 1:0.9.10-1.1build1 [26.3 kB]
2026-10-10T05:29:46.8739511Z Get:67 http://azure.archive.ubuntu.com/ubuntu noble/main amd64 libcairo2-dev amd64 1.18.0-3build1 [41.1 kB]
2026-10-10T05:29:46.9279360Z Get:68 http://azure.archive.ubuntu.com/ubuntu noble/main amd64 libdatrie-dev amd64 0.2.13-3build1 [19.4 kB]
2026-10-10T05:29:46.9560292Z Get:69 http://azure.archive.ubuntu.com/ubuntu noble-updates/main amd64 libdeflate-dev amd64 1.19-1build1.1 [50.9 kB]
2026-10-10T05:29:46.9846458Z Get:70 http://azure.archive.ubuntu.com/ubuntu noble-updates/main amd64 libegl-mesa0 amd64 25.2.8-0ubuntu0.24.04.4 [117 kB]
2026-10-10T05:29:47.0136109Z Get:71 http://azure.archive.ubuntu.com/ubuntu noble/main amd64 libegl1 amd64 1.7.0-1build1 [28.7 kB]
2026-10-10T05:29:47.0420892Z Get:72 http://azure.archive.ubuntu.com/ubuntu noble/main amd64 libglx-dev amd64 1.7.0-1build1 [14.2 kB]
2026-10-10T05:29:47.0706721Z Get:73 http://azure.archive.ubuntu.com/ubuntu noble/main amd64 libgl-dev amd64 1.7.0-1build1 [102 kB]
2026-10-10T05:29:47.0994940Z Get:74 http://azure.archive.ubuntu.com/ubuntu noble/main amd64 libegl-dev amd64 1.7.0-1build1 [18.2 kB]
2026-10-10T05:29:47.1278940Z Get:75 http://azure.archive.ubuntu.com/ubuntu noble/main amd64 libglvnd-core-dev amd64 1.7.0-1build1 [13.6 kB]
2026-10-10T05:29:47.1983434Z Get:76 http://azure.archive.ubuntu.com/ubuntu noble/main amd64 libgles1 amd64 1.7.0-1build1 [11.6 kB]
2026-10-10T05:29:47.2267917Z Get:77 http://azure.archive.ubuntu.com/ubuntu noble/main amd64 libgles2 amd64 1.7.0-1build1 [17.1 kB]
2026-10-10T05:29:47.2550299Z Get:78 http://azure.archive.ubuntu.com/ubuntu noble/main amd64 libgles-dev amd64 1.7.0-1build1 [50.5 kB]
2026-10-10T05:29:47.2834873Z Get:79 http://azure.archive.ubuntu.com/ubuntu noble/main amd64 libopengl0 amd64 1.7.0-1build1 [32.8 kB]
2026-10-10T05:29:47.3115986Z Get:80 http://azure.archive.ubuntu.com/ubuntu noble/main amd64 libopengl-dev amd64 1.7.0-1build1 [3454 B]
2026-10-10T05:29:47.3404422Z Get:81 http://azure.archive.ubuntu.com/ubuntu noble/main amd64 libglvnd-dev amd64 1.7.0-1build1 [3198 B]
2026-10-10T05:29:47.3751822Z Get:82 http://azure.archive.ubuntu.com/ubuntu noble-updates/main amd64 libegl1-mesa-dev amd64 25.2.8-0ubuntu0.24.04.4 [26.8 kB]
2026-10-10T05:29:47.4098324Z Get:83 http://azure.archive.ubuntu.com/ubuntu noble/main amd64 libepoxy-dev amd64 1.5.10-1build1 [132 kB]
2026-10-10T05:29:47.4456484Z Get:84 http://azure.archive.ubuntu.com/ubuntu noble/main amd64 libfribidi-dev amd64 1.0.13-3build1 [64.8 kB]
2026-10-10T05:29:47.4806829Z Get:85 http://azure.archive.ubuntu.com/ubuntu noble-updates/main amd64 libgdk-pixbuf2.0-bin amd64 2.42.10+dfsg-3ubuntu3.3 [13.9 kB]
2026-10-10T05:29:47.5156644Z Get:86 http://azure.archive.ubuntu.com/ubuntu noble/main amd64 libjpeg-turbo8-dev amd64 2.1.5-2ubuntu2 [295 kB]
2026-10-10T05:29:47.5522630Z Get:87 http://azure.archive.ubuntu.com/ubuntu noble/main amd64 libjpeg8-dev amd64 8c-2ubuntu11 [1484 B]
2026-10-10T05:29:47.5865884Z Get:88 http://azure.archive.ubuntu.com/ubuntu noble/main amd64 libjpeg-dev amd64 8c-2ubuntu11 [1482 B]
2026-10-10T05:29:47.6216740Z Get:89 http://azure.archive.ubuntu.com/ubuntu noble/main amd64 libjbig-dev amd64 2.1-6.1ubuntu2 [27.9 kB]
2026-10-10T05:29:47.6501245Z Get:90 http://azure.archive.ubuntu.com/ubuntu noble-updates/main amd64 liblzma-dev amd64 5.6.1+really5.4.5-1ubuntu0.3 [176 kB]
2026-10-10T05:29:47.6798865Z Get:91 http://azure.archive.ubuntu.com/ubuntu noble/main amd64 libwebpdecoder3 amd64 1.3.2-0.4build3 [114 kB]
2026-10-10T05:29:47.7086133Z Get:92 http://azure.archive.ubuntu.com/ubuntu noble/main amd64 libsharpyuv-dev amd64 1.3.2-0.4build3 [16.0 kB]
2026-10-10T05:29:47.7371577Z Get:93 http://azure.archive.ubuntu.com/ubuntu noble/main amd64 libwebp-dev amd64 1.3.2-0.4build3 [367 kB]
2026-10-10T05:29:47.7679045Z Get:94 http://azure.archive.ubuntu.com/ubuntu noble-updates/main amd64 libtiffxx6 amd64 4.5.1+git230720-4ubuntu2.5 [5642 B]
2026-10-10T05:29:47.8421739Z Get:95 http://azure.archive.ubuntu.com/ubuntu noble/main amd64 liblerc-dev amd64 4.0.0+ds-4ubuntu2 [182 kB]
2026-10-10T05:29:47.8718194Z Get:96 http://azure.archive.ubuntu.com/ubuntu noble-updates/main amd64 libtiff-dev amd64 4.5.1+git230720-4ubuntu2.5 [338 kB]
2026-10-10T05:29:47.9022485Z Get:97 http://azure.archive.ubuntu.com/ubuntu noble-updates/main amd64 libgdk-pixbuf-2.0-dev amd64 2.42.10+dfsg-3ubuntu3.3 [47.9 kB]
2026-10-10T05:29:47.9308178Z Get:98 http://azure.archive.ubuntu.com/ubuntu noble-updates/main amd64 libgraphite2-dev amd64 1.3.14-2ubuntu0.24.04.1 [14.7 kB]
2026-10-10T05:29:47.9623328Z Get:99 http://azure.archive.ubuntu.com/ubuntu noble/main amd64 libharfbuzz-icu0 amd64 8.3.0-2build2 [13.3 kB]
2026-10-10T05:29:47.9937895Z Get:100 http://azure.archive.ubuntu.com/ubuntu noble/main amd64 libharfbuzz-subset0 amd64 8.3.0-2build2 [448 kB]
2026-10-10T05:29:48.0292273Z Get:101 http://azure.archive.ubuntu.com/ubuntu noble/main amd64 libharfbuzz-cairo0 amd64 8.3.0-2build2 [26.2 kB]
2026-10-10T05:29:48.0605781Z Get:102 http://azure.archive.ubuntu.com/ubuntu noble/main amd64 libharfbuzz-dev amd64 8.3.0-2build2 [142 kB]
2026-10-10T05:29:48.0927430Z Get:103 http://azure.archive.ubuntu.com/ubuntu noble/main amd64 libthai-dev amd64 0.1.29-2build1 [26.6 kB]
2026-10-10T05:29:48.1283984Z Get:104 http://azure.archive.ubuntu.com/ubuntu noble/main amd64 libxft-dev amd64 2.3.6-1build1 [64.3 kB]
2026-10-10T05:29:48.1637354Z Get:105 http://azure.archive.ubuntu.com/ubuntu noble/main amd64 pango1.0-tools amd64 1.52.1+ds-1build1 [36.7 kB]
2026-10-10T05:29:48.1987748Z Get:106 http://azure.archive.ubuntu.com/ubuntu noble/main amd64 libpango1.0-dev amd64 1.52.1+ds-1build1 [147 kB]
2026-10-10T05:29:48.2350987Z Get:107 http://azure.archive.ubuntu.com/ubuntu noble/main amd64 libwayland-server0 amd64 1.22.0-2.1build1 [33.9 kB]
2026-10-10T05:29:48.2702198Z Get:108 http://azure.archive.ubuntu.com/ubuntu noble/main amd64 libwayland-bin amd64 1.22.0-2.1build1 [20.6 kB]
2026-10-10T05:29:48.3050086Z Get:109 http://azure.archive.ubuntu.com/ubuntu noble/main amd64 libwayland-dev amd64 1.22.0-2.1build1 [71.3 kB]
2026-10-10T05:29:48.3400413Z Get:110 http://azure.archive.ubuntu.com/ubuntu noble/main amd64 libxcomposite-dev amd64 1:0.4.5-1build3 [9374 B]
2026-10-10T05:29:48.3682688Z Get:111 http://azure.archive.ubuntu.com/ubuntu noble/main amd64 libxcursor-dev amd64 1:1.2.1-1build1 [31.8 kB]
2026-10-10T05:29:48.3966480Z Get:112 http://azure.archive.ubuntu.com/ubuntu noble/main amd64 libxdamage-dev amd64 1:1.1.6-1build1 [5270 B]
2026-10-10T05:29:48.4245491Z Get:113 http://azure.archive.ubuntu.com/ubuntu noble/main amd64 libxinerama-dev amd64 2:1.1.4-3build1 [7988 B]
2026-10-10T05:29:48.4592520Z Get:114 http://azure.archive.ubuntu.com/ubuntu noble/main amd64 libxkbcommon-dev amd64 1.6.0-1build1 [56.3 kB]
2026-10-10T05:29:48.4940738Z Get:115 http://azure.archive.ubuntu.com/ubuntu noble/main amd64 libxrandr-dev amd64 2:1.5.2-2build1 [26.4 kB]
2026-10-10T05:29:48.5226917Z Get:116 http://azure.archive.ubuntu.com/ubuntu noble-updates/main amd64 wayland-protocols all 1.45-1~ubuntu0.24.04.2 [114 kB]
2026-10-10T05:29:48.5515515Z Get:117 http://azure.archive.ubuntu.com/ubuntu noble-updates/main amd64 libgtk-3-dev amd64 3.24.41-4ubuntu1.3 [1096 kB]
2026-10-10T05:29:48.5885957Z Get:118 http://azure.archive.ubuntu.com/ubuntu noble/main amd64 libwebrtc-audio-processing1 amd64 0.3.1-0ubuntu6 [290 kB]
2026-10-10T05:29:48.6187490Z Get:119 http://azure.archive.ubuntu.com/ubuntu noble-updates/main amd64 libspa-0.2-modules amd64 1.0.5-1ubuntu3.3 [628 kB]
2026-10-10T05:29:48.6520398Z Get:120 http://azure.archive.ubuntu.com/ubuntu noble-updates/main amd64 libpipewire-0.3-0t64 amd64 1.0.5-1ubuntu3.3 [252 kB]
2026-10-10T05:29:48.7245642Z Get:121 http://azure.archive.ubuntu.com/ubuntu noble-updates/main amd64 libpipewire-0.3-common all 1.0.5-1ubuntu3.3 [19.5 kB]
2026-10-10T05:29:48.7529709Z Get:122 http://azure.archive.ubuntu.com/ubuntu noble-updates/main amd64 libpng-tools amd64 1.6.43-5ubuntu0.7 [28.5 kB]
2026-10-10T05:29:48.7818797Z Get:123 http://azure.archive.ubuntu.com/ubuntu noble-updates/main amd64 librsvg2-2 amd64 2.58.0+dfsg-1ubuntu0.1 [2141 kB]
2026-10-10T05:29:48.8250559Z Get:124 http://azure.archive.ubuntu.com/ubuntu noble-updates/main amd64 librsvg2-common amd64 2.58.0+dfsg-1ubuntu0.1 [11.8 kB]
2026-10-10T05:29:48.8532977Z Get:125 http://azure.archive.ubuntu.com/ubuntu noble/universe amd64 ninja-build amd64 1.11.1-2 [129 kB]
2026-10-10T05:29:48.8819884Z Get:126 http://azure.archive.ubuntu.com/ubuntu noble-updates/main amd64 xdg-desktop-portal amd64 1.18.4-1ubuntu2.24.04.3 [307 kB]
2026-10-10T05:29:48.9123293Z Get:127 http://azure.archive.ubuntu.com/ubuntu noble/main amd64 xdg-desktop-portal-gtk amd64 1.15.1-1build2 [80.3 kB]
2026-10-10T05:29:49.3118350Z Fetched 33.5 MB in 5s (7072 kB/s)
2026-10-10T05:29:49.3576813Z (Reading database ... 
2026-10-10T05:29:49.3577579Z (Reading database ... 5%
2026-10-10T05:29:49.3578508Z (Reading database ... 10%
2026-10-10T05:29:49.3579356Z (Reading database ... 15%
2026-10-10T05:29:49.3579690Z (Reading database ... 20%
2026-10-10T05:29:49.3580058Z (Reading database ... 25%
2026-10-10T05:29:49.3580371Z (Reading database ... 30%
2026-10-10T05:29:49.3580719Z (Reading database ... 35%
2026-10-10T05:29:49.3581042Z (Reading database ... 40%
2026-10-10T05:29:49.3581378Z (Reading database ... 45%
2026-10-10T05:29:49.3581715Z (Reading database ... 50%
2026-10-10T05:29:49.3627792Z (Reading database ... 55%
2026-10-10T05:29:49.4930354Z (Reading database ... 60%
2026-10-10T05:29:49.7446907Z (Reading database ... 65%
2026-10-10T05:29:49.9484375Z (Reading database ... 70%
2026-10-10T05:29:50.0981942Z (Reading database ... 75%
2026-10-10T05:29:50.2858100Z (Reading database ... 80%
2026-10-10T05:29:50.4893735Z (Reading database ... 85%
2026-10-10T05:29:50.6974579Z (Reading database ... 90%
2026-10-10T05:29:50.8513135Z (Reading database ... 95%
2026-10-10T05:29:50.8513521Z (Reading database ... 100%
2026-10-10T05:29:50.8514148Z (Reading database ... 203191 files and directories currently installed.)
2026-10-10T05:29:50.8561125Z Preparing to unpack .../000-libpng16-16t64_1.6.43-5ubuntu0.7_amd64.deb ...
2026-10-10T05:29:50.8665162Z Unpacking libpng16-16t64:amd64 (1.6.43-5ubuntu0.7) over (1.6.43-5ubuntu0.6) ...
2026-10-10T05:29:50.9030861Z Selecting previously unselected package bubblewrap.
2026-10-10T05:29:50.9160609Z Preparing to unpack .../001-bubblewrap_0.9.0-1ubuntu0.3_amd64.deb ...
2026-10-10T05:29:50.9174320Z Unpacking bubblewrap (0.9.0-1ubuntu0.3) ...
2026-10-10T05:29:50.9421172Z Selecting previously unselected package bzip2-doc.
2026-10-10T05:29:50.9546035Z Preparing to unpack .../002-bzip2-doc_1.0.8-5.1ubuntu0.1_all.deb ...
2026-10-10T05:29:50.9557540Z Unpacking bzip2-doc (1.0.8-5.1ubuntu0.1) ...
2026-10-10T05:29:50.9784962Z Selecting previously unselected package clang.
2026-10-10T05:29:50.9916113Z Preparing to unpack .../003-clang_1%3a18.0-59~exp2_amd64.deb ...
2026-10-10T05:29:50.9936461Z Unpacking clang (1:18.0-59~exp2) ...
2026-10-10T05:29:51.0136237Z Selecting previously unselected package libjsoncpp25:amd64.
2026-10-10T05:29:51.0261832Z Preparing to unpack .../004-libjsoncpp25_1.9.5-6build1_amd64.deb ...
2026-10-10T05:29:51.0276428Z Unpacking libjsoncpp25:amd64 (1.9.5-6build1) ...
2026-10-10T05:29:51.0474985Z Selecting previously unselected package librhash0:amd64.
2026-10-10T05:29:51.0598798Z Preparing to unpack .../005-librhash0_1.4.3-3build1_amd64.deb ...
2026-10-10T05:29:51.0614641Z Unpacking librhash0:amd64 (1.4.3-3build1) ...
2026-10-10T05:29:51.1031942Z Selecting previously unselected package cmake-data.
2026-10-10T05:29:51.1156909Z Preparing to unpack .../006-cmake-data_3.28.3-1build7_all.deb ...
2026-10-10T05:29:51.1221949Z Unpacking cmake-data (3.28.3-1build7) ...
2026-10-10T05:29:51.5127393Z Selecting previously unselected package cmake.
2026-10-10T05:29:51.5270959Z Preparing to unpack .../007-cmake_3.28.3-1build7_amd64.deb ...
2026-10-10T05:29:51.5283126Z Unpacking cmake (3.28.3-1build7) ...
2026-10-10T05:29:51.7950816Z Selecting previously unselected package dbus-x11.
2026-10-10T05:29:51.8082190Z Preparing to unpack .../008-dbus-x11_1.14.10-4ubuntu4.1_amd64.deb ...
2026-10-10T05:29:51.8097014Z Unpacking dbus-x11 (1.14.10-4ubuntu4.1) ...
2026-10-10T05:29:51.8316117Z Selecting previously unselected package desktop-file-utils.
2026-10-10T05:29:51.8445260Z Preparing to unpack .../009-desktop-file-utils_0.27-2build1_amd64.deb ...
2026-10-10T05:29:51.8459362Z Unpacking desktop-file-utils (0.27-2build1) ...
2026-10-10T05:29:51.8752152Z Selecting previously unselected package xdg-dbus-proxy.
2026-10-10T05:29:51.8881948Z Preparing to unpack .../010-xdg-dbus-proxy_0.1.5-1ubuntu0.2_amd64.deb ...
2026-10-10T05:29:51.8894842Z Unpacking xdg-dbus-proxy (0.1.5-1ubuntu0.2) ...
2026-10-10T05:29:51.9090036Z Selecting previously unselected package libmalcontent-0-0:amd64.
2026-10-10T05:29:51.9220312Z Preparing to unpack .../011-libmalcontent-0-0_0.11.1-1ubuntu1.3_amd64.deb ...
2026-10-10T05:29:51.9233685Z Unpacking libmalcontent-0-0:amd64 (0.11.1-1ubuntu1.3) ...
2026-10-10T05:29:51.9429892Z Selecting previously unselected package libavahi-glib1:amd64.
2026-10-10T05:29:51.9559416Z Preparing to unpack .../012-libavahi-glib1_0.8-13ubuntu6.2_amd64.deb ...
2026-10-10T05:29:51.9572308Z Unpacking libavahi-glib1:amd64 (0.8-13ubuntu6.2) ...
2026-10-10T05:29:51.9762756Z Selecting previously unselected package libostree-1-1:amd64.
2026-10-10T05:29:51.9890323Z Preparing to unpack .../013-libostree-1-1_2024.5-1build2_amd64.deb ...
2026-10-10T05:29:51.9903284Z Unpacking libostree-1-1:amd64 (2024.5-1build2) ...
2026-10-10T05:29:52.0272889Z Selecting previously unselected package flatpak.
2026-10-10T05:29:52.0403091Z Preparing to unpack .../014-flatpak_1.14.6-1ubuntu0.1_amd64.deb ...
2026-10-10T05:29:52.0467122Z Unpacking flatpak (1.14.6-1ubuntu0.1) ...
2026-10-10T05:29:52.1762588Z Selecting previously unselected package gir1.2-atk-1.0:amd64.
2026-10-10T05:29:52.1888978Z Preparing to unpack .../015-gir1.2-atk-1.0_2.52.0-1build1_amd64.deb ...
2026-10-10T05:29:52.1904246Z Unpacking gir1.2-atk-1.0:amd64 (2.52.0-1build1) ...
2026-10-10T05:29:52.2085350Z Selecting previously unselected package gir1.2-freedesktop:amd64.
2026-10-10T05:29:52.2212656Z Preparing to unpack .../016-gir1.2-freedesktop_1.80.1-1_amd64.deb ...
2026-10-10T05:29:52.2227919Z Unpacking gir1.2-freedesktop:amd64 (1.80.1-1) ...
2026-10-10T05:29:52.2546398Z Selecting previously unselected package gir1.2-atspi-2.0:amd64.
2026-10-10T05:29:52.2680324Z Preparing to unpack .../017-gir1.2-atspi-2.0_2.52.0-1build1_amd64.deb ...
2026-10-10T05:29:52.2691417Z Unpacking gir1.2-atspi-2.0:amd64 (2.52.0-1build1) ...
2026-10-10T05:29:52.2868689Z Selecting previously unselected package gir1.2-glib-2.0-dev:amd64.
2026-10-10T05:29:52.2996462Z Preparing to unpack .../018-gir1.2-glib-2.0-dev_2.80.0-6ubuntu3.9_amd64.deb ...
2026-10-10T05:29:52.3006821Z Unpacking gir1.2-glib-2.0-dev:amd64 (2.80.0-6ubuntu3.9) ...
2026-10-10T05:29:52.3883201Z Selecting previously unselected package gir1.2-freedesktop-dev:amd64.
2026-10-10T05:29:52.4009441Z Preparing to unpack .../019-gir1.2-freedesktop-dev_1.80.1-1_amd64.deb ...
2026-10-10T05:29:52.4023093Z Unpacking gir1.2-freedesktop-dev:amd64 (1.80.1-1) ...
2026-10-10T05:29:52.4204809Z Selecting previously unselected package gir1.2-gdkpixbuf-2.0:amd64.
2026-10-10T05:29:52.4331930Z Preparing to unpack .../020-gir1.2-gdkpixbuf-2.0_2.42.10+dfsg-3ubuntu3.3_amd64.deb ...
2026-10-10T05:29:52.4342850Z Unpacking gir1.2-gdkpixbuf-2.0:amd64 (2.42.10+dfsg-3ubuntu3.3) ...
2026-10-10T05:29:52.4529928Z Selecting previously unselected package libharfbuzz-gobject0:amd64.
2026-10-10T05:29:52.4655654Z Preparing to unpack .../021-libharfbuzz-gobject0_8.3.0-2build2_amd64.deb ...
2026-10-10T05:29:52.4840992Z Unpacking libharfbuzz-gobject0:amd64 (8.3.0-2build2) ...
2026-10-10T05:29:52.5025022Z Selecting previously unselected package gir1.2-harfbuzz-0.0:amd64.
2026-10-10T05:29:52.5151191Z Preparing to unpack .../022-gir1.2-harfbuzz-0.0_8.3.0-2build2_amd64.deb ...
2026-10-10T05:29:52.5161763Z Unpacking gir1.2-harfbuzz-0.0:amd64 (8.3.0-2build2) ...
2026-10-10T05:29:52.5352347Z Selecting previously unselected package libpangoxft-1.0-0:amd64.
2026-10-10T05:29:52.5478897Z Preparing to unpack .../023-libpangoxft-1.0-0_1.52.1+ds-1build1_amd64.deb ...
2026-10-10T05:29:52.5492377Z Unpacking libpangoxft-1.0-0:amd64 (1.52.1+ds-1build1) ...
2026-10-10T05:29:52.5663399Z Selecting previously unselected package gir1.2-pango-1.0:amd64.
2026-10-10T05:29:52.5792621Z Preparing to unpack .../024-gir1.2-pango-1.0_1.52.1+ds-1build1_amd64.deb ...
2026-10-10T05:29:52.5805423Z Unpacking gir1.2-pango-1.0:amd64 (1.52.1+ds-1build1) ...
2026-10-10T05:29:52.6020406Z Selecting previously unselected package gir1.2-gtk-3.0:amd64.
2026-10-10T05:29:52.6149257Z Preparing to unpack .../025-gir1.2-gtk-3.0_3.24.41-4ubuntu1.3_amd64.deb ...
2026-10-10T05:29:52.6161751Z Unpacking gir1.2-gtk-3.0:amd64 (3.24.41-4ubuntu1.3) ...
2026-10-10T05:29:52.6387219Z Selecting previously unselected package session-migration.
2026-10-10T05:29:52.6517314Z Preparing to unpack .../026-session-migration_0.3.9build1_amd64.deb ...
2026-10-10T05:29:52.6532756Z Unpacking session-migration (0.3.9build1) ...
2026-10-10T05:29:52.6722861Z Selecting previously unselected package gsettings-desktop-schemas.
2026-10-10T05:29:52.6850400Z Preparing to unpack .../027-gsettings-desktop-schemas_46.1-0ubuntu1_all.deb ...
2026-10-10T05:29:52.6861680Z Unpacking gsettings-desktop-schemas (46.1-0ubuntu1) ...
2026-10-10T05:29:52.7927186Z Selecting previously unselected package libglib2.0-dev-bin.
2026-10-10T05:29:52.8055360Z Preparing to unpack .../028-libglib2.0-dev-bin_2.80.0-6ubuntu3.9_amd64.deb ...
2026-10-10T05:29:52.8070608Z Unpacking libglib2.0-dev-bin (2.80.0-6ubuntu3.9) ...
2026-10-10T05:29:52.8301496Z Selecting previously unselected package uuid-dev:amd64.
2026-10-10T05:29:52.8431823Z Preparing to unpack .../029-uuid-dev_2.39.3-9ubuntu6.6_amd64.deb ...
2026-10-10T05:29:52.8444739Z Unpacking uuid-dev:amd64 (2.39.3-9ubuntu6.6) ...
2026-10-10T05:29:52.8697278Z Selecting previously unselected package libblkid-dev:amd64.
2026-10-10T05:29:52.8826255Z Preparing to unpack .../030-libblkid-dev_2.39.3-9ubuntu6.6_amd64.deb ...
2026-10-10T05:29:52.8835922Z Unpacking libblkid-dev:amd64 (2.39.3-9ubuntu6.6) ...
2026-10-10T05:29:52.9041984Z Selecting previously unselected package libsepol-dev:amd64.
2026-10-10T05:29:52.9169379Z Preparing to unpack .../031-libsepol-dev_3.5-2build1_amd64.deb ...
2026-10-10T05:29:52.9178589Z Unpacking libsepol-dev:amd64 (3.5-2build1) ...
2026-10-10T05:29:52.9709408Z Selecting previously unselected package libselinux1-dev:amd64.
2026-10-10T05:29:52.9835129Z Preparing to unpack .../032-libselinux1-dev_3.5-2ubuntu2.1_amd64.deb ...
2026-10-10T05:29:52.9846151Z Unpacking libselinux1-dev:amd64 (3.5-2ubuntu2.1) ...
2026-10-10T05:29:53.0129086Z Selecting previously unselected package libmount-dev:amd64.
2026-10-10T05:29:53.0254967Z Preparing to unpack .../033-libmount-dev_2.39.3-9ubuntu6.6_amd64.deb ...
2026-10-10T05:29:53.0265319Z Unpacking libmount-dev:amd64 (2.39.3-9ubuntu6.6) ...
2026-10-10T05:29:53.0473606Z Selecting previously unselected package libgirepository-2.0-0:amd64.
2026-10-10T05:29:53.0601456Z Preparing to unpack .../034-libgirepository-2.0-0_2.80.0-6ubuntu3.9_amd64.deb ...
2026-10-10T05:29:53.0610171Z Unpacking libgirepository-2.0-0:amd64 (2.80.0-6ubuntu3.9) ...
2026-10-10T05:29:53.0782499Z Selecting previously unselected package libglib2.0-dev:amd64.
2026-10-10T05:29:53.0909375Z Preparing to unpack .../035-libglib2.0-dev_2.80.0-6ubuntu3.9_amd64.deb ...
2026-10-10T05:29:53.0918241Z Unpacking libglib2.0-dev:amd64 (2.80.0-6ubuntu3.9) ...
2026-10-10T05:29:53.2161792Z Selecting previously unselected package libatk1.0-dev:amd64.
2026-10-10T05:29:53.2295209Z Preparing to unpack .../036-libatk1.0-dev_2.52.0-1build1_amd64.deb ...
2026-10-10T05:29:53.2307569Z Unpacking libatk1.0-dev:amd64 (2.52.0-1build1) ...
2026-10-10T05:29:53.2551827Z Selecting previously unselected package libdbus-1-dev:amd64.
2026-10-10T05:29:53.2679925Z Preparing to unpack .../037-libdbus-1-dev_1.14.10-4ubuntu4.1_amd64.deb ...
2026-10-10T05:29:53.2691383Z Unpacking libdbus-1-dev:amd64 (1.14.10-4ubuntu4.1) ...
2026-10-10T05:29:53.2932966Z Selecting previously unselected package xorg-sgml-doctools.
2026-10-10T05:29:53.3062834Z Preparing to unpack .../038-xorg-sgml-doctools_1%3a1.11-1.1_all.deb ...
2026-10-10T05:29:53.3075378Z Unpacking xorg-sgml-doctools (1:1.11-1.1) ...
2026-10-10T05:29:53.3286258Z Selecting previously unselected package x11proto-dev.
2026-10-10T05:29:53.3415450Z Preparing to unpack .../039-x11proto-dev_2023.2-1_all.deb ...
2026-10-10T05:29:53.3428158Z Unpacking x11proto-dev (2023.2-1) ...
2026-10-10T05:29:53.3809750Z Selecting previously unselected package libxau-dev:amd64.
2026-10-10T05:29:53.3938453Z Preparing to unpack .../040-libxau-dev_1%3a1.0.9-1build6_amd64.deb ...
2026-10-10T05:29:53.3950602Z Unpacking libxau-dev:amd64 (1:1.0.9-1build6) ...
2026-10-10T05:29:53.4284222Z Selecting previously unselected package libxdmcp-dev:amd64.
2026-10-10T05:29:53.4412371Z Preparing to unpack .../041-libxdmcp-dev_1%3a1.1.3-0ubuntu6_amd64.deb ...
2026-10-10T05:29:53.4423208Z Unpacking libxdmcp-dev:amd64 (1:1.1.3-0ubuntu6) ...
2026-10-10T05:29:53.4593292Z Selecting previously unselected package xtrans-dev.
2026-10-10T05:29:53.4721563Z Preparing to unpack .../042-xtrans-dev_1.4.0-1_all.deb ...
2026-10-10T05:29:53.4732822Z Unpacking xtrans-dev (1.4.0-1) ...
2026-10-10T05:29:53.4949986Z Selecting previously unselected package libpthread-stubs0-dev:amd64.
2026-10-10T05:29:53.5077552Z Preparing to unpack .../043-libpthread-stubs0-dev_0.4-1build3_amd64.deb ...
2026-10-10T05:29:53.5088322Z Unpacking libpthread-stubs0-dev:amd64 (0.4-1build3) ...
2026-10-10T05:29:53.5255108Z Selecting previously unselected package libxcb1-dev:amd64.
2026-10-10T05:29:53.5383778Z Preparing to unpack .../044-libxcb1-dev_1.15-1ubuntu2_amd64.deb ...
2026-10-10T05:29:53.5395645Z Unpacking libxcb1-dev:amd64 (1.15-1ubuntu2) ...
2026-10-10T05:29:53.5591304Z Selecting previously unselected package libx11-dev:amd64.
2026-10-10T05:29:53.5719037Z Preparing to unpack .../045-libx11-dev_2%3a1.8.7-1build1_amd64.deb ...
2026-10-10T05:29:53.5728358Z Unpacking libx11-dev:amd64 (2:1.8.7-1build1) ...
2026-10-10T05:29:53.6013255Z Selecting previously unselected package libxext-dev:amd64.
2026-10-10T05:29:53.6141276Z Preparing to unpack .../046-libxext-dev_2%3a1.3.4-1build2_amd64.deb ...
2026-10-10T05:29:53.6150871Z Unpacking libxext-dev:amd64 (2:1.3.4-1build2) ...
2026-10-10T05:29:53.6369751Z Selecting previously unselected package libxfixes-dev:amd64.
2026-10-10T05:29:53.6497146Z Preparing to unpack .../047-libxfixes-dev_1%3a6.0.0-2build1_amd64.deb ...
2026-10-10T05:29:53.6573352Z Unpacking libxfixes-dev:amd64 (1:6.0.0-2build1) ...
2026-10-10T05:29:53.6743511Z Selecting previously unselected package libxi-dev:amd64.
2026-10-10T05:29:53.6870455Z Preparing to unpack .../048-libxi-dev_2%3a1.8.1-1build1_amd64.deb ...
2026-10-10T05:29:53.6879877Z Unpacking libxi-dev:amd64 (2:1.8.1-1build1) ...
2026-10-10T05:29:53.7119053Z Selecting previously unselected package libxtst-dev:amd64.
2026-10-10T05:29:53.7245172Z Preparing to unpack .../049-libxtst-dev_2%3a1.2.3-1.1build1_amd64.deb ...
2026-10-10T05:29:53.7253956Z Unpacking libxtst-dev:amd64 (2:1.2.3-1.1build1) ...
2026-10-10T05:29:53.7426160Z Selecting previously unselected package libatspi2.0-dev:amd64.
2026-10-10T05:29:53.7553935Z Preparing to unpack .../050-libatspi2.0-dev_2.52.0-1build1_amd64.deb ...
2026-10-10T05:29:53.7563512Z Unpacking libatspi2.0-dev:amd64 (2.52.0-1build1) ...
2026-10-10T05:29:53.7777300Z Selecting previously unselected package libatk-bridge2.0-dev:amd64.
2026-10-10T05:29:53.7905132Z Preparing to unpack .../051-libatk-bridge2.0-dev_2.52.0-1build1_amd64.deb ...
2026-10-10T05:29:53.7915022Z Unpacking libatk-bridge2.0-dev:amd64 (2.52.0-1build1) ...
2026-10-10T05:29:53.8080884Z Selecting previously unselected package libbrotli-dev:amd64.
2026-10-10T05:29:53.8207542Z Preparing to unpack .../052-libbrotli-dev_1.1.0-2build2_amd64.deb ...
2026-10-10T05:29:53.8216466Z Unpacking libbrotli-dev:amd64 (1.1.0-2build2) ...
2026-10-10T05:29:53.8428274Z Selecting previously unselected package libbz2-dev:amd64.
2026-10-10T05:29:53.8556702Z Preparing to unpack .../053-libbz2-dev_1.0.8-5.1ubuntu0.1_amd64.deb ...
2026-10-10T05:29:53.8565843Z Unpacking libbz2-dev:amd64 (1.0.8-5.1ubuntu0.1) ...
2026-10-10T05:29:53.9037419Z Preparing to unpack .../054-libfreetype6_2.13.2+dfsg-1ubuntu0.2_amd64.deb ...
2026-10-10T05:29:53.9069470Z Unpacking libfreetype6:amd64 (2.13.2+dfsg-1ubuntu0.2) over (2.13.2+dfsg-1ubuntu0.1) ...
2026-10-10T05:29:53.9376361Z Selecting previously unselected package libcairo-script-interpreter2:amd64.
2026-10-10T05:29:53.9507449Z Preparing to unpack .../055-libcairo-script-interpreter2_1.18.0-3build1_amd64.deb ...
2026-10-10T05:29:53.9518345Z Unpacking libcairo-script-interpreter2:amd64 (1.18.0-3build1) ...
2026-10-10T05:29:53.9693784Z Selecting previously unselected package libpng-dev:amd64.
2026-10-10T05:29:53.9821473Z Preparing to unpack .../056-libpng-dev_1.6.43-5ubuntu0.7_amd64.deb ...
2026-10-10T05:29:53.9834794Z Unpacking libpng-dev:amd64 (1.6.43-5ubuntu0.7) ...
2026-10-10T05:29:54.0046258Z Selecting previously unselected package libfreetype-dev:amd64.
2026-10-10T05:29:54.0173078Z Preparing to unpack .../057-libfreetype-dev_2.13.2+dfsg-1ubuntu0.2_amd64.deb ...
2026-10-10T05:29:54.0181011Z Unpacking libfreetype-dev:amd64 (2.13.2+dfsg-1ubuntu0.2) ...
2026-10-10T05:29:54.0435732Z Selecting previously unselected package libfontconfig-dev:amd64.
2026-10-10T05:29:54.0565171Z Preparing to unpack .../058-libfontconfig-dev_2.15.0-1.1ubuntu2_amd64.deb ...
2026-10-10T05:29:54.0575418Z Unpacking libfontconfig-dev:amd64 (2.15.0-1.1ubuntu2) ...
2026-10-10T05:29:54.0764228Z Selecting previously unselected package libpixman-1-dev:amd64.
2026-10-10T05:29:54.0892689Z Preparing to unpack .../059-libpixman-1-dev_0.42.2-1build1_amd64.deb ...
2026-10-10T05:29:54.0908131Z Unpacking libpixman-1-dev:amd64 (0.42.2-1build1) ...
2026-10-10T05:29:54.1187084Z Selecting previously unselected package libice-dev:amd64.
2026-10-10T05:29:54.1317785Z Preparing to unpack .../060-libice-dev_2%3a1.0.10-1build3_amd64.deb ...
2026-10-10T05:29:54.1330683Z Unpacking libice-dev:amd64 (2:1.0.10-1build3) ...
2026-10-10T05:29:54.1529659Z Selecting previously unselected package libsm-dev:amd64.
2026-10-10T05:29:54.1657745Z Preparing to unpack .../061-libsm-dev_2%3a1.2.3-1build3_amd64.deb ...
2026-10-10T05:29:54.1666812Z Unpacking libsm-dev:amd64 (2:1.2.3-1build3) ...
2026-10-10T05:29:54.1841989Z Selecting previously unselected package libxcb-render0-dev:amd64.
2026-10-10T05:29:54.1973037Z Preparing to unpack .../062-libxcb-render0-dev_1.15-1ubuntu2_amd64.deb ...
2026-10-10T05:29:54.1984406Z Unpacking libxcb-render0-dev:amd64 (1.15-1ubuntu2) ...
2026-10-10T05:29:54.2161828Z Selecting previously unselected package libxcb-shm0-dev:amd64.
2026-10-10T05:29:54.2292185Z Preparing to unpack .../063-libxcb-shm0-dev_1.15-1ubuntu2_amd64.deb ...
2026-10-10T05:29:54.2301930Z Unpacking libxcb-shm0-dev:amd64 (1.15-1ubuntu2) ...
2026-10-10T05:29:54.2471800Z Selecting previously unselected package libxrender-dev:amd64.
2026-10-10T05:29:54.2598621Z Preparing to unpack .../064-libxrender-dev_1%3a0.9.10-1.1build1_amd64.deb ...
2026-10-10T05:29:54.2610683Z Unpacking libxrender-dev:amd64 (1:0.9.10-1.1build1) ...
2026-10-10T05:29:54.2779913Z Selecting previously unselected package libcairo2-dev:amd64.
2026-10-10T05:29:54.2908020Z Preparing to unpack .../065-libcairo2-dev_1.18.0-3build1_amd64.deb ...
2026-10-10T05:29:54.2920105Z Unpacking libcairo2-dev:amd64 (1.18.0-3build1) ...
2026-10-10T05:29:54.3110567Z Selecting previously unselected package libdatrie-dev:amd64.
2026-10-10T05:29:54.3240641Z Preparing to unpack .../066-libdatrie-dev_0.2.13-3build1_amd64.deb ...
2026-10-10T05:29:54.3252463Z Unpacking libdatrie-dev:amd64 (0.2.13-3build1) ...
2026-10-10T05:29:54.3611230Z Selecting previously unselected package libdeflate-dev:amd64.
2026-10-10T05:29:54.3740713Z Preparing to unpack .../067-libdeflate-dev_1.19-1build1.1_amd64.deb ...
2026-10-10T05:29:54.3753368Z Unpacking libdeflate-dev:amd64 (1.19-1build1.1) ...
2026-10-10T05:29:54.3946378Z Selecting previously unselected package libegl-mesa0:amd64.
2026-10-10T05:29:54.4076084Z Preparing to unpack .../068-libegl-mesa0_25.2.8-0ubuntu0.24.04.4_amd64.deb ...
2026-10-10T05:29:54.4089889Z Unpacking libegl-mesa0:amd64 (25.2.8-0ubuntu0.24.04.4) ...
2026-10-10T05:29:54.4290891Z Selecting previously unselected package libegl1:amd64.
2026-10-10T05:29:54.4419361Z Preparing to unpack .../069-libegl1_1.7.0-1build1_amd64.deb ...
2026-10-10T05:29:54.4428105Z Unpacking libegl1:amd64 (1.7.0-1build1) ...
2026-10-10T05:29:54.4605515Z Selecting previously unselected package libglx-dev:amd64.
2026-10-10T05:29:54.4732385Z Preparing to unpack .../070-libglx-dev_1.7.0-1build1_amd64.deb ...
2026-10-10T05:29:54.4741671Z Unpacking libglx-dev:amd64 (1.7.0-1build1) ...
2026-10-10T05:29:54.4914216Z Selecting previously unselected package libgl-dev:amd64.
2026-10-10T05:29:54.5041937Z Preparing to unpack .../071-libgl-dev_1.7.0-1build1_amd64.deb ...
2026-10-10T05:29:54.5051275Z Unpacking libgl-dev:amd64 (1.7.0-1build1) ...
2026-10-10T05:29:54.5264219Z Selecting previously unselected package libegl-dev:amd64.
2026-10-10T05:29:54.5391795Z Preparing to unpack .../072-libegl-dev_1.7.0-1build1_amd64.deb ...
2026-10-10T05:29:54.5401450Z Unpacking libegl-dev:amd64 (1.7.0-1build1) ...
2026-10-10T05:29:54.5579465Z Selecting previously unselected package libglvnd-core-dev:amd64.
2026-10-10T05:29:54.5709675Z Preparing to unpack .../073-libglvnd-core-dev_1.7.0-1build1_amd64.deb ...
2026-10-10T05:29:54.5780499Z Unpacking libglvnd-core-dev:amd64 (1.7.0-1build1) ...
2026-10-10T05:29:54.5992279Z Selecting previously unselected package libgles1:amd64.
2026-10-10T05:29:54.6123063Z Preparing to unpack .../074-libgles1_1.7.0-1build1_amd64.deb ...
2026-10-10T05:29:54.6134783Z Unpacking libgles1:amd64 (1.7.0-1build1) ...
2026-10-10T05:29:54.6320353Z Selecting previously unselected package libgles2:amd64.
2026-10-10T05:29:54.6449419Z Preparing to unpack .../075-libgles2_1.7.0-1build1_amd64.deb ...
2026-10-10T05:29:54.6459852Z Unpacking libgles2:amd64 (1.7.0-1build1) ...
2026-10-10T05:29:54.6635114Z Selecting previously unselected package libgles-dev:amd64.
2026-10-10T05:29:54.6764190Z Preparing to unpack .../076-libgles-dev_1.7.0-1build1_amd64.deb ...
2026-10-10T05:29:54.6772341Z Unpacking libgles-dev:amd64 (1.7.0-1build1) ...
2026-10-10T05:29:54.6979995Z Selecting previously unselected package libopengl0:amd64.
2026-10-10T05:29:54.7106176Z Preparing to unpack .../077-libopengl0_1.7.0-1build1_amd64.deb ...
2026-10-10T05:29:54.7115274Z Unpacking libopengl0:amd64 (1.7.0-1build1) ...
2026-10-10T05:29:54.7704684Z Selecting previously unselected package libopengl-dev:amd64.
2026-10-10T05:29:54.7831870Z Preparing to unpack .../078-libopengl-dev_1.7.0-1build1_amd64.deb ...
2026-10-10T05:29:54.7844562Z Unpacking libopengl-dev:amd64 (1.7.0-1build1) ...
2026-10-10T05:29:54.8321160Z Selecting previously unselected package libglvnd-dev:amd64.
2026-10-10T05:29:54.8451621Z Preparing to unpack .../079-libglvnd-dev_1.7.0-1build1_amd64.deb ...
2026-10-10T05:29:54.8460995Z Unpacking libglvnd-dev:amd64 (1.7.0-1build1) ...
2026-10-10T05:29:54.8628908Z Selecting previously unselected package libegl1-mesa-dev:amd64.
2026-10-10T05:29:54.8755939Z Preparing to unpack .../080-libegl1-mesa-dev_25.2.8-0ubuntu0.24.04.4_amd64.deb ...
2026-10-10T05:29:54.8766636Z Unpacking libegl1-mesa-dev:amd64 (25.2.8-0ubuntu0.24.04.4) ...
2026-10-10T05:29:54.8933635Z Selecting previously unselected package libepoxy-dev:amd64.
2026-10-10T05:29:54.9061628Z Preparing to unpack .../081-libepoxy-dev_1.5.10-1build1_amd64.deb ...
2026-10-10T05:29:54.9073238Z Unpacking libepoxy-dev:amd64 (1.5.10-1build1) ...
2026-10-10T05:29:54.9318847Z Selecting previously unselected package libfribidi-dev:amd64.
2026-10-10T05:29:54.9447629Z Preparing to unpack .../082-libfribidi-dev_1.0.13-3build1_amd64.deb ...
2026-10-10T05:29:54.9460571Z Unpacking libfribidi-dev:amd64 (1.0.13-3build1) ...
2026-10-10T05:29:54.9678327Z Selecting previously unselected package libgdk-pixbuf2.0-bin.
2026-10-10T05:29:54.9808014Z Preparing to unpack .../083-libgdk-pixbuf2.0-bin_2.42.10+dfsg-3ubuntu3.3_amd64.deb ...
2026-10-10T05:29:54.9821321Z Unpacking libgdk-pixbuf2.0-bin (2.42.10+dfsg-3ubuntu3.3) ...
2026-10-10T05:29:55.0001817Z Selecting previously unselected package libjpeg-turbo8-dev:amd64.
2026-10-10T05:29:55.0131022Z Preparing to unpack .../084-libjpeg-turbo8-dev_2.1.5-2ubuntu2_amd64.deb ...
2026-10-10T05:29:55.0141011Z Unpacking libjpeg-turbo8-dev:amd64 (2.1.5-2ubuntu2) ...
2026-10-10T05:29:55.0612156Z Selecting previously unselected package libjpeg8-dev:amd64.
2026-10-10T05:29:55.0740811Z Preparing to unpack .../085-libjpeg8-dev_8c-2ubuntu11_amd64.deb ...
2026-10-10T05:29:55.0750798Z Unpacking libjpeg8-dev:amd64 (8c-2ubuntu11) ...
2026-10-10T05:29:55.1423303Z Selecting previously unselected package libjpeg-dev:amd64.
2026-10-10T05:29:55.1556262Z Preparing to unpack .../086-libjpeg-dev_8c-2ubuntu11_amd64.deb ...
2026-10-10T05:29:55.1723786Z Unpacking libjpeg-dev:amd64 (8c-2ubuntu11) ...
2026-10-10T05:29:55.2940590Z Selecting previously unselected package libjbig-dev:amd64.
2026-10-10T05:29:55.3074219Z Preparing to unpack .../087-libjbig-dev_2.1-6.1ubuntu2_amd64.deb ...
2026-10-10T05:29:55.3311361Z Unpacking libjbig-dev:amd64 (2.1-6.1ubuntu2) ...
2026-10-10T05:29:55.4325559Z Selecting previously unselected package liblzma-dev:amd64.
2026-10-10T05:29:55.4460669Z Preparing to unpack .../088-liblzma-dev_5.6.1+really5.4.5-1ubuntu0.3_amd64.deb ...
2026-10-10T05:29:55.4522964Z Unpacking liblzma-dev:amd64 (5.6.1+really5.4.5-1ubuntu0.3) ...
2026-10-10T05:29:55.8818903Z Selecting previously unselected package libwebpdecoder3:amd64.
2026-10-10T05:29:55.8958470Z Preparing to unpack .../089-libwebpdecoder3_1.3.2-0.4build3_amd64.deb ...
2026-10-10T05:29:55.9211339Z Unpacking libwebpdecoder3:amd64 (1.3.2-0.4build3) ...
2026-10-10T05:29:56.0518416Z Selecting previously unselected package libsharpyuv-dev:amd64.
2026-10-10T05:29:56.0654105Z Preparing to unpack .../090-libsharpyuv-dev_1.3.2-0.4build3_amd64.deb ...
2026-10-10T05:29:56.1312460Z Unpacking libsharpyuv-dev:amd64 (1.3.2-0.4build3) ...
2026-10-10T05:29:56.2313036Z Selecting previously unselected package libwebp-dev:amd64.
2026-10-10T05:29:56.2448612Z Preparing to unpack .../091-libwebp-dev_1.3.2-0.4build3_amd64.deb ...
2026-10-10T05:29:56.2731186Z Unpacking libwebp-dev:amd64 (1.3.2-0.4build3) ...
2026-10-10T05:29:56.4332153Z Selecting previously unselected package libtiffxx6:amd64.
2026-10-10T05:29:56.4463927Z Preparing to unpack .../092-libtiffxx6_4.5.1+git230720-4ubuntu2.5_amd64.deb ...
2026-10-10T05:29:56.4816455Z Unpacking libtiffxx6:amd64 (4.5.1+git230720-4ubuntu2.5) ...
2026-10-10T05:29:57.1531520Z Selecting previously unselected package liblerc-dev:amd64.
2026-10-10T05:29:57.1664230Z Preparing to unpack .../093-liblerc-dev_4.0.0+ds-4ubuntu2_amd64.deb ...
2026-10-10T05:29:57.2017736Z Unpacking liblerc-dev:amd64 (4.0.0+ds-4ubuntu2) ...
2026-10-10T05:29:57.9016671Z Selecting previously unselected package libtiff-dev:amd64.
2026-10-10T05:29:57.9149903Z Preparing to unpack .../094-libtiff-dev_4.5.1+git230720-4ubuntu2.5_amd64.deb ...
2026-10-10T05:29:57.9312446Z Unpacking libtiff-dev:amd64 (4.5.1+git230720-4ubuntu2.5) ...
2026-10-10T05:29:58.8215703Z Selecting previously unselected package libgdk-pixbuf-2.0-dev:amd64.
2026-10-10T05:29:58.8347836Z Preparing to unpack .../095-libgdk-pixbuf-2.0-dev_2.42.10+dfsg-3ubuntu3.3_amd64.deb ...
2026-10-10T05:29:58.9308221Z Unpacking libgdk-pixbuf-2.0-dev:amd64 (2.42.10+dfsg-3ubuntu3.3) ...
2026-10-10T05:30:00.0017480Z Selecting previously unselected package libgraphite2-dev:amd64.
2026-10-10T05:30:00.0153923Z Preparing to unpack .../096-libgraphite2-dev_1.3.14-2ubuntu0.24.04.1_amd64.deb ...
2026-10-10T05:30:00.0510376Z Unpacking libgraphite2-dev:amd64 (1.3.14-2ubuntu0.24.04.1) ...
2026-10-10T05:30:00.0724132Z Selecting previously unselected package libharfbuzz-icu0:amd64.
2026-10-10T05:30:00.0859754Z Preparing to unpack .../097-libharfbuzz-icu0_8.3.0-2build2_amd64.deb ...
2026-10-10T05:30:00.0873090Z Unpacking libharfbuzz-icu0:amd64 (8.3.0-2build2) ...
2026-10-10T05:30:00.1066548Z Selecting previously unselected package libharfbuzz-subset0:amd64.
2026-10-10T05:30:00.1194861Z Preparing to unpack .../098-libharfbuzz-subset0_8.3.0-2build2_amd64.deb ...
2026-10-10T05:30:00.1207136Z Unpacking libharfbuzz-subset0:amd64 (8.3.0-2build2) ...
2026-10-10T05:30:00.1448603Z Selecting previously unselected package libharfbuzz-cairo0:amd64.
2026-10-10T05:30:00.1579500Z Preparing to unpack .../099-libharfbuzz-cairo0_8.3.0-2build2_amd64.deb ...
2026-10-10T05:30:00.1718750Z Unpacking libharfbuzz-cairo0:amd64 (8.3.0-2build2) ...
2026-10-10T05:30:00.1895380Z Selecting previously unselected package libharfbuzz-dev:amd64.
2026-10-10T05:30:00.2024505Z Preparing to unpack .../100-libharfbuzz-dev_8.3.0-2build2_amd64.deb ...
2026-10-10T05:30:00.2033779Z Unpacking libharfbuzz-dev:amd64 (8.3.0-2build2) ...
2026-10-10T05:30:00.2284472Z Selecting previously unselected package libthai-dev:amd64.
2026-10-10T05:30:00.2414097Z Preparing to unpack .../101-libthai-dev_0.1.29-2build1_amd64.deb ...
2026-10-10T05:30:00.2431306Z Unpacking libthai-dev:amd64 (0.1.29-2build1) ...
2026-10-10T05:30:00.2617866Z Selecting previously unselected package libxft-dev:amd64.
2026-10-10T05:30:00.2748158Z Preparing to unpack .../102-libxft-dev_2.3.6-1build1_amd64.deb ...
2026-10-10T05:30:00.2760369Z Unpacking libxft-dev:amd64 (2.3.6-1build1) ...
2026-10-10T05:30:00.2984547Z Selecting previously unselected package pango1.0-tools.
2026-10-10T05:30:00.3112979Z Preparing to unpack .../103-pango1.0-tools_1.52.1+ds-1build1_amd64.deb ...
2026-10-10T05:30:00.3121725Z Unpacking pango1.0-tools (1.52.1+ds-1build1) ...
2026-10-10T05:30:00.3315820Z Selecting previously unselected package libpango1.0-dev:amd64.
2026-10-10T05:30:00.3445422Z Preparing to unpack .../104-libpango1.0-dev_1.52.1+ds-1build1_amd64.deb ...
2026-10-10T05:30:00.3456534Z Unpacking libpango1.0-dev:amd64 (1.52.1+ds-1build1) ...
2026-10-10T05:30:00.3722162Z Selecting previously unselected package libwayland-server0:amd64.
2026-10-10T05:30:00.3852590Z Preparing to unpack .../105-libwayland-server0_1.22.0-2.1build1_amd64.deb ...
2026-10-10T05:30:00.4013244Z Unpacking libwayland-server0:amd64 (1.22.0-2.1build1) ...
2026-10-10T05:30:00.4201706Z Selecting previously unselected package libwayland-bin.
2026-10-10T05:30:00.4330036Z Preparing to unpack .../106-libwayland-bin_1.22.0-2.1build1_amd64.deb ...
2026-10-10T05:30:00.4338883Z Unpacking libwayland-bin (1.22.0-2.1build1) ...
2026-10-10T05:30:00.4524878Z Selecting previously unselected package libwayland-dev:amd64.
2026-10-10T05:30:00.4653864Z Preparing to unpack .../107-libwayland-dev_1.22.0-2.1build1_amd64.deb ...
2026-10-10T05:30:00.4666617Z Unpacking libwayland-dev:amd64 (1.22.0-2.1build1) ...
2026-10-10T05:30:00.4878402Z Selecting previously unselected package libxcomposite-dev:amd64.
2026-10-10T05:30:00.5008407Z Preparing to unpack .../108-libxcomposite-dev_1%3a0.4.5-1build3_amd64.deb ...
2026-10-10T05:30:00.5017416Z Unpacking libxcomposite-dev:amd64 (1:0.4.5-1build3) ...
2026-10-10T05:30:00.5201860Z Selecting previously unselected package libxcursor-dev:amd64.
2026-10-10T05:30:00.5332298Z Preparing to unpack .../109-libxcursor-dev_1%3a1.2.1-1build1_amd64.deb ...
2026-10-10T05:30:00.5341252Z Unpacking libxcursor-dev:amd64 (1:1.2.1-1build1) ...
2026-10-10T05:30:00.5541379Z Selecting previously unselected package libxdamage-dev:amd64.
2026-10-10T05:30:00.5670453Z Preparing to unpack .../110-libxdamage-dev_1%3a1.1.6-1build1_amd64.deb ...
2026-10-10T05:30:00.5680301Z Unpacking libxdamage-dev:amd64 (1:1.1.6-1build1) ...
2026-10-10T05:30:00.5856053Z Selecting previously unselected package libxinerama-dev:amd64.
2026-10-10T05:30:00.5985930Z Preparing to unpack .../111-libxinerama-dev_2%3a1.1.4-3build1_amd64.deb ...
2026-10-10T05:30:00.5996944Z Unpacking libxinerama-dev:amd64 (2:1.1.4-3build1) ...
2026-10-10T05:30:00.6323245Z Selecting previously unselected package libxkbcommon-dev:amd64.
2026-10-10T05:30:00.6452465Z Preparing to unpack .../112-libxkbcommon-dev_1.6.0-1build1_amd64.deb ...
2026-10-10T05:30:00.6463665Z Unpacking libxkbcommon-dev:amd64 (1.6.0-1build1) ...
2026-10-10T05:30:00.6657648Z Selecting previously unselected package libxrandr-dev:amd64.
2026-10-10T05:30:00.6787068Z Preparing to unpack .../113-libxrandr-dev_2%3a1.5.2-2build1_amd64.deb ...
2026-10-10T05:30:00.6802140Z Unpacking libxrandr-dev:amd64 (2:1.5.2-2build1) ...
2026-10-10T05:30:00.6988095Z Selecting previously unselected package wayland-protocols.
2026-10-10T05:30:00.7116777Z Preparing to unpack .../114-wayland-protocols_1.45-1~ubuntu0.24.04.2_all.deb ...
2026-10-10T05:30:00.7127740Z Unpacking wayland-protocols (1.45-1~ubuntu0.24.04.2) ...
2026-10-10T05:30:00.7397145Z Selecting previously unselected package libgtk-3-dev:amd64.
2026-10-10T05:30:00.7526695Z Preparing to unpack .../115-libgtk-3-dev_3.24.41-4ubuntu1.3_amd64.deb ...
2026-10-10T05:30:00.7535931Z Unpacking libgtk-3-dev:amd64 (3.24.41-4ubuntu1.3) ...
2026-10-10T05:30:00.9051249Z Selecting previously unselected package libwebrtc-audio-processing1:amd64.
2026-10-10T05:30:00.9185445Z Preparing to unpack .../116-libwebrtc-audio-processing1_0.3.1-0ubuntu6_amd64.deb ...
2026-10-10T05:30:00.9196970Z Unpacking libwebrtc-audio-processing1:amd64 (0.3.1-0ubuntu6) ...
2026-10-10T05:30:00.9412393Z Selecting previously unselected package libspa-0.2-modules:amd64.
2026-10-10T05:30:00.9543624Z Preparing to unpack .../117-libspa-0.2-modules_1.0.5-1ubuntu3.3_amd64.deb ...
2026-10-10T05:30:00.9555164Z Unpacking libspa-0.2-modules:amd64 (1.0.5-1ubuntu3.3) ...
2026-10-10T05:30:00.9874310Z Selecting previously unselected package libpipewire-0.3-0t64:amd64.
2026-10-10T05:30:01.0004640Z Preparing to unpack .../118-libpipewire-0.3-0t64_1.0.5-1ubuntu3.3_amd64.deb ...
2026-10-10T05:30:01.0014677Z Unpacking libpipewire-0.3-0t64:amd64 (1.0.5-1ubuntu3.3) ...
2026-10-10T05:30:01.0237962Z Selecting previously unselected package libpipewire-0.3-common.
2026-10-10T05:30:01.0370421Z Preparing to unpack .../119-libpipewire-0.3-common_1.0.5-1ubuntu3.3_all.deb ...
2026-10-10T05:30:01.0382458Z Unpacking libpipewire-0.3-common (1.0.5-1ubuntu3.3) ...
2026-10-10T05:30:01.0557209Z Selecting previously unselected package libpng-tools.
2026-10-10T05:30:01.0688674Z Preparing to unpack .../120-libpng-tools_1.6.43-5ubuntu0.7_amd64.deb ...
2026-10-10T05:30:01.0708165Z Unpacking libpng-tools (1.6.43-5ubuntu0.7) ...
2026-10-10T05:30:01.0904691Z Selecting previously unselected package librsvg2-2:amd64.
2026-10-10T05:30:01.1037443Z Preparing to unpack .../121-librsvg2-2_2.58.0+dfsg-1ubuntu0.1_amd64.deb ...
2026-10-10T05:30:01.1119712Z Unpacking librsvg2-2:amd64 (2.58.0+dfsg-1ubuntu0.1) ...
2026-10-10T05:30:01.1763927Z Selecting previously unselected package librsvg2-common:amd64.
2026-10-10T05:30:01.1896215Z Preparing to unpack .../122-librsvg2-common_2.58.0+dfsg-1ubuntu0.1_amd64.deb ...
2026-10-10T05:30:01.1905424Z Unpacking librsvg2-common:amd64 (2.58.0+dfsg-1ubuntu0.1) ...
2026-10-10T05:30:01.2107844Z Selecting previously unselected package ninja-build.
2026-10-10T05:30:01.2238809Z Preparing to unpack .../123-ninja-build_1.11.1-2_amd64.deb ...
2026-10-10T05:30:01.2247949Z Unpacking ninja-build (1.11.1-2) ...
2026-10-10T05:30:01.2628114Z Selecting previously unselected package xdg-desktop-portal.
2026-10-10T05:30:01.2758492Z Preparing to unpack .../124-xdg-desktop-portal_1.18.4-1ubuntu2.24.04.3_amd64.deb ...
2026-10-10T05:30:01.2771891Z Unpacking xdg-desktop-portal (1.18.4-1ubuntu2.24.04.3) ...
2026-10-10T05:30:01.3005524Z Selecting previously unselected package xdg-desktop-portal-gtk.
2026-10-10T05:30:01.3136321Z Preparing to unpack .../125-xdg-desktop-portal-gtk_1.15.1-1build2_amd64.deb ...
2026-10-10T05:30:01.3148459Z Unpacking xdg-desktop-portal-gtk (1.15.1-1build2) ...
2026-10-10T05:30:01.3965596Z Setting up libpipewire-0.3-common (1.0.5-1ubuntu3.3) ...
2026-10-10T05:30:01.4002819Z Setting up bubblewrap (0.9.0-1ubuntu0.3) ...
2026-10-10T05:30:01.4047331Z Setting up libglib2.0-dev-bin (2.80.0-6ubuntu3.9) ...
2026-10-10T05:30:01.5730107Z Setting up bzip2-doc (1.0.8-5.1ubuntu0.1) ...
2026-10-10T05:30:01.5753179Z Setting up libwayland-server0:amd64 (1.22.0-2.1build1) ...
2026-10-10T05:30:01.5775365Z Setting up session-migration (0.3.9build1) ...
2026-10-10T05:30:01.7072518Z Created symlink /etc/systemd/user/graphical-session-pre.target.wants/session-migration.service → /usr/lib/systemd/user/session-migration.service.
2026-10-10T05:30:01.7073233Z 
2026-10-10T05:30:01.7103634Z Setting up libjpeg-turbo8-dev:amd64 (2.1.5-2ubuntu2) ...
2026-10-10T05:30:01.7129307Z Setting up gir1.2-freedesktop:amd64 (1.80.1-1) ...
2026-10-10T05:30:01.7148846Z Setting up libharfbuzz-icu0:amd64 (8.3.0-2build2) ...
2026-10-10T05:30:01.7168907Z Setting up libpixman-1-dev:amd64 (0.42.2-1build1) ...
2026-10-10T05:30:01.7190885Z Setting up desktop-file-utils (0.27-2build1) ...
2026-10-10T05:30:01.7321056Z Setting up libpangoxft-1.0-0:amd64 (1.52.1+ds-1build1) ...
2026-10-10T05:30:01.7347542Z Setting up libglvnd-core-dev:amd64 (1.7.0-1build1) ...
2026-10-10T05:30:01.7368597Z Setting up gir1.2-gdkpixbuf-2.0:amd64 (2.42.10+dfsg-3ubuntu3.3) ...
2026-10-10T05:30:01.7388059Z Setting up libgirepository-2.0-0:amd64 (2.80.0-6ubuntu3.9) ...
2026-10-10T05:30:01.7414921Z Setting up gir1.2-atk-1.0:amd64 (2.52.0-1build1) ...
2026-10-10T05:30:01.7438190Z Setting up libfribidi-dev:amd64 (1.0.13-3build1) ...
2026-10-10T05:30:01.7456956Z Setting up libxkbcommon-dev:amd64 (1.6.0-1build1) ...
2026-10-10T05:30:01.7484688Z Setting up pango1.0-tools (1.52.1+ds-1build1) ...
2026-10-10T05:30:01.7573439Z Setting up libjbig-dev:amd64 (2.1-6.1ubuntu2) ...
2026-10-10T05:30:01.7602720Z Setting up libwebrtc-audio-processing1:amd64 (0.3.1-0ubuntu6) ...
2026-10-10T05:30:01.7622457Z Setting up libwebpdecoder3:amd64 (1.3.2-0.4build3) ...
2026-10-10T05:30:01.7647308Z Setting up libharfbuzz-gobject0:amd64 (8.3.0-2build2) ...
2026-10-10T05:30:01.7672964Z Setting up gir1.2-atspi-2.0:amd64 (2.52.0-1build1) ...
2026-10-10T05:30:01.7694455Z Setting up gir1.2-harfbuzz-0.0:amd64 (8.3.0-2build2) ...
2026-10-10T05:30:01.7719710Z Setting up libpthread-stubs0-dev:amd64 (0.4-1build3) ...
2026-10-10T05:30:01.7740119Z Setting up libopengl0:amd64 (1.7.0-1build1) ...
2026-10-10T05:30:01.7909267Z Setting up ninja-build (1.11.1-2) ...
2026-10-10T05:30:01.7933652Z Setting up librsvg2-2:amd64 (2.58.0+dfsg-1ubuntu0.1) ...
2026-10-10T05:30:01.7957290Z Setting up xtrans-dev (1.4.0-1) ...
2026-10-10T05:30:01.7977881Z Setting up libwayland-bin (1.22.0-2.1build1) ...
2026-10-10T05:30:01.8003795Z Setting up libgraphite2-dev:amd64 (1.3.14-2ubuntu0.24.04.1) ...
2026-10-10T05:30:01.8029065Z Setting up gir1.2-pango-1.0:amd64 (1.52.1+ds-1build1) ...
2026-10-10T05:30:01.8052794Z Setting up libegl-mesa0:amd64 (25.2.8-0ubuntu0.24.04.4) ...
2026-10-10T05:30:01.8073846Z Setting up libgles2:amd64 (1.7.0-1build1) ...
2026-10-10T05:30:01.8094488Z Setting up libharfbuzz-cairo0:amd64 (8.3.0-2build2) ...
2026-10-10T05:30:01.8125568Z Setting up libdbus-1-dev:amd64 (1.14.10-4ubuntu4.1) ...
2026-10-10T05:30:01.9598965Z Setting up libspa-0.2-modules:amd64 (1.0.5-1ubuntu3.3) ...
2026-10-10T05:30:01.9627993Z Setting up uuid-dev:amd64 (2.39.3-9ubuntu6.6) ...
2026-10-10T05:30:01.9650847Z Setting up clang (1:18.0-59~exp2) ...
2026-10-10T05:30:01.9849067Z Setting up libgles1:amd64 (1.7.0-1build1) ...
2026-10-10T05:30:01.9875008Z Setting up libpng16-16t64:amd64 (1.6.43-5ubuntu0.7) ...
2026-10-10T05:30:01.9896735Z Setting up libjsoncpp25:amd64 (1.9.5-6build1) ...
2026-10-10T05:30:01.9920322Z Setting up libsepol-dev:amd64 (3.5-2build1) ...
2026-10-10T05:30:01.9947276Z Setting up liblerc-dev:amd64 (4.0.0+ds-4ubuntu2) ...
2026-10-10T05:30:01.9970987Z Setting up librsvg2-common:amd64 (2.58.0+dfsg-1ubuntu0.1) ...
2026-10-10T05:30:02.0144121Z Setting up liblzma-dev:amd64 (5.6.1+really5.4.5-1ubuntu0.3) ...
2026-10-10T05:30:02.0165482Z Setting up xdg-dbus-proxy (0.1.5-1ubuntu0.2) ...
2026-10-10T05:30:02.0192533Z Setting up wayland-protocols (1.45-1~ubuntu0.24.04.2) ...
2026-10-10T05:30:02.0217356Z Setting up libdatrie-dev:amd64 (0.2.13-3build1) ...
2026-10-10T05:30:02.0243043Z Setting up gir1.2-glib-2.0-dev:amd64 (2.80.0-6ubuntu3.9) ...
2026-10-10T05:30:02.0264849Z Setting up libgdk-pixbuf2.0-bin (2.42.10+dfsg-3ubuntu3.3) ...
2026-10-10T05:30:02.0286720Z Setting up dbus-x11 (1.14.10-4ubuntu4.1) ...
2026-10-10T05:30:02.0328598Z Setting up librhash0:amd64 (1.4.3-3build1) ...
2026-10-10T05:30:02.0360303Z Setting up libegl1:amd64 (1.7.0-1build1) ...
2026-10-10T05:30:02.0383382Z Setting up libharfbuzz-subset0:amd64 (8.3.0-2build2) ...
2026-10-10T05:30:02.0405216Z Setting up xorg-sgml-doctools (1:1.11-1.1) ...
2026-10-10T05:30:02.0433088Z Setting up libavahi-glib1:amd64 (0.8-13ubuntu6.2) ...
2026-10-10T05:30:02.0453877Z Setting up cmake-data (3.28.3-1build7) ...
2026-10-10T05:30:02.0531992Z Setting up libopengl-dev:amd64 (1.7.0-1build1) ...
2026-10-10T05:30:02.0553807Z Setting up libjpeg8-dev:amd64 (8c-2ubuntu11) ...
2026-10-10T05:30:02.0574245Z Setting up libsharpyuv-dev:amd64 (1.3.2-0.4build3) ...
2026-10-10T05:30:02.0599379Z Setting up libtiffxx6:amd64 (4.5.1+git230720-4ubuntu2.5) ...
2026-10-10T05:30:02.0623312Z Setting up libdeflate-dev:amd64 (1.19-1build1.1) ...
2026-10-10T05:30:02.0647831Z Setting up libpipewire-0.3-0t64:amd64 (1.0.5-1ubuntu3.3) ...
2026-10-10T05:30:02.0671330Z Setting up libbrotli-dev:amd64 (1.1.0-2build2) ...
2026-10-10T05:30:02.0695391Z Setting up libmalcontent-0-0:amd64 (0.11.1-1ubuntu1.3) ...
2026-10-10T05:30:02.0721033Z Setting up libbz2-dev:amd64 (1.0.8-5.1ubuntu0.1) ...
2026-10-10T05:30:02.0746670Z Setting up gsettings-desktop-schemas (46.1-0ubuntu1) ...
2026-10-10T05:30:02.0768887Z Setting up libblkid-dev:amd64 (2.39.3-9ubuntu6.6) ...
2026-10-10T05:30:02.0790251Z Setting up xdg-desktop-portal (1.18.4-1ubuntu2.24.04.3) ...
2026-10-10T05:30:02.1772205Z Created symlink /etc/systemd/user/graphical-session-pre.target.wants/xdg-desktop-portal-rewrite-launchers.service → /usr/lib/systemd/user/xdg-desktop-portal-rewrite-launchers.service.
2026-10-10T05:30:02.1773363Z 
2026-10-10T05:30:02.1800734Z Setting up libpng-tools (1.6.43-5ubuntu0.7) ...
2026-10-10T05:30:02.1827088Z Setting up libselinux1-dev:amd64 (3.5-2ubuntu2.1) ...
2026-10-10T05:30:02.1851005Z Setting up libpng-dev:amd64 (1.6.43-5ubuntu0.7) ...
2026-10-10T05:30:02.1872233Z Setting up libostree-1-1:amd64 (2024.5-1build2) ...
2026-10-10T05:30:02.1896859Z Setting up gir1.2-gtk-3.0:amd64 (3.24.41-4ubuntu1.3) ...
2026-10-10T05:30:02.1921856Z Setting up libjpeg-dev:amd64 (8c-2ubuntu11) ...
2026-10-10T05:30:02.1943139Z Setting up libwayland-dev:amd64 (1.22.0-2.1build1) ...
2026-10-10T05:30:02.1969661Z Setting up libwebp-dev:amd64 (1.3.2-0.4build3) ...
2026-10-10T05:30:02.1989585Z Setting up libfreetype6:amd64 (2.13.2+dfsg-1ubuntu0.2) ...
2026-10-10T05:30:02.2013779Z Setting up libtiff-dev:amd64 (4.5.1+git230720-4ubuntu2.5) ...
2026-10-10T05:30:02.2035539Z Setting up gir1.2-freedesktop-dev:amd64 (1.80.1-1) ...
2026-10-10T05:30:02.2054366Z Setting up flatpak (1.14.6-1ubuntu0.1) ...
2026-10-10T05:30:03.4414338Z Setting up libthai-dev:amd64 (0.1.29-2build1) ...
2026-10-10T05:30:03.4799897Z Setting up cmake (3.28.3-1build7) ...
2026-10-10T05:30:03.4827808Z Setting up libmount-dev:amd64 (2.39.3-9ubuntu6.6) ...
2026-10-10T05:30:03.4854675Z Setting up libcairo-script-interpreter2:amd64 (1.18.0-3build1) ...
2026-10-10T05:30:03.4884198Z Setting up libfreetype-dev:amd64 (2.13.2+dfsg-1ubuntu0.2) ...
2026-10-10T05:30:03.4904802Z Setting up libglib2.0-dev:amd64 (2.80.0-6ubuntu3.9) ...
2026-10-10T05:30:03.4936475Z Setting up libfontconfig-dev:amd64 (2.15.0-1.1ubuntu2) ...
2026-10-10T05:30:03.5443695Z Processing triggers for libc-bin (2.39-0ubuntu8.9) ...
2026-10-10T05:30:03.5807429Z Processing triggers for man-db (2.12.0-4build2) ...
2026-10-10T05:30:03.5833512Z Not building database; man-db/auto-update is not 'true'.
2026-10-10T05:30:03.5854294Z Processing triggers for libglib2.0-0t64:amd64 (2.80.0-6ubuntu3.9) ...
2026-10-10T05:30:03.6150647Z Processing triggers for dbus (1.14.10-4ubuntu4.1) ...
2026-10-10T05:30:03.6300663Z Processing triggers for libgdk-pixbuf-2.0-0:amd64 (2.42.10+dfsg-3ubuntu3.3) ...
2026-10-10T05:30:03.6800586Z Processing triggers for sgml-base (1.31) ...
2026-10-10T05:30:03.6948032Z Processing triggers for install-info (7.1-3build2) ...
2026-10-10T05:30:03.9920291Z Setting up libatk1.0-dev:amd64 (2.52.0-1build1) ...
2026-10-10T05:30:03.9957358Z Setting up x11proto-dev (2023.2-1) ...
2026-10-10T05:30:03.9992146Z Setting up libgdk-pixbuf-2.0-dev:amd64 (2.42.10+dfsg-3ubuntu3.3) ...
2026-10-10T05:30:04.0037320Z Setting up xdg-desktop-portal-gtk (1.15.1-1build2) ...
2026-10-10T05:30:04.0095382Z Setting up libharfbuzz-dev:amd64 (8.3.0-2build2) ...
2026-10-10T05:30:04.0128467Z Setting up libxau-dev:amd64 (1:1.0.9-1build6) ...
2026-10-10T05:30:04.0157019Z Setting up libice-dev:amd64 (2:1.0.10-1build3) ...
2026-10-10T05:30:04.0195949Z Setting up libsm-dev:amd64 (2:1.2.3-1build3) ...
2026-10-10T05:30:04.0243759Z Setting up libxdmcp-dev:amd64 (1:1.1.3-0ubuntu6) ...
2026-10-10T05:30:04.0342692Z Setting up libxcb1-dev:amd64 (1.15-1ubuntu2) ...
2026-10-10T05:30:04.0391713Z Setting up libx11-dev:amd64 (2:1.8.7-1build1) ...
2026-10-10T05:30:04.0434540Z Setting up libxfixes-dev:amd64 (1:6.0.0-2build1) ...
2026-10-10T05:30:04.0461543Z Setting up libxcb-shm0-dev:amd64 (1.15-1ubuntu2) ...
2026-10-10T05:30:04.0493144Z Setting up libxcb-render0-dev:amd64 (1.15-1ubuntu2) ...
2026-10-10T05:30:04.0521333Z Setting up libxext-dev:amd64 (2:1.3.4-1build2) ...
2026-10-10T05:30:04.0547047Z Setting up libglx-dev:amd64 (1.7.0-1build1) ...
2026-10-10T05:30:04.0590636Z Setting up libxi-dev:amd64 (2:1.8.1-1build1) ...
2026-10-10T05:30:04.0622323Z Setting up libxrender-dev:amd64 (1:0.9.10-1.1build1) ...
2026-10-10T05:30:04.0648966Z Setting up libgl-dev:amd64 (1.7.0-1build1) ...
2026-10-10T05:30:04.0682090Z Setting up libxft-dev:amd64 (2.3.6-1build1) ...
2026-10-10T05:30:04.0708943Z Setting up libxtst-dev:amd64 (2:1.2.3-1.1build1) ...
2026-10-10T05:30:04.0744194Z Setting up libxdamage-dev:amd64 (1:1.1.6-1build1) ...
2026-10-10T05:30:04.0783764Z Setting up libatspi2.0-dev:amd64 (2.52.0-1build1) ...
2026-10-10T05:30:04.0829443Z Setting up libegl-dev:amd64 (1.7.0-1build1) ...
2026-10-10T05:30:04.0860932Z Setting up libxcomposite-dev:amd64 (1:0.4.5-1build3) ...
2026-10-10T05:30:04.0888469Z Setting up libxcursor-dev:amd64 (1:1.2.1-1build1) ...
2026-10-10T05:30:04.0925292Z Setting up libepoxy-dev:amd64 (1.5.10-1build1) ...
2026-10-10T05:30:04.0964802Z Setting up libatk-bridge2.0-dev:amd64 (2.52.0-1build1) ...
2026-10-10T05:30:04.0993241Z Setting up libxrandr-dev:amd64 (2:1.5.2-2build1) ...
2026-10-10T05:30:04.1027726Z Setting up libxinerama-dev:amd64 (2:1.1.4-3build1) ...
2026-10-10T05:30:04.1058246Z Setting up libcairo2-dev:amd64 (1.18.0-3build1) ...
2026-10-10T05:30:04.1087021Z Setting up libgles-dev:amd64 (1.7.0-1build1) ...
2026-10-10T05:30:04.1136499Z Setting up libglvnd-dev:amd64 (1.7.0-1build1) ...
2026-10-10T05:30:04.1173035Z Setting up libpango1.0-dev:amd64 (1.52.1+ds-1build1) ...
2026-10-10T05:30:04.1199385Z Setting up libegl1-mesa-dev:amd64 (25.2.8-0ubuntu0.24.04.4) ...
2026-10-10T05:30:04.1365276Z Setting up libgtk-3-dev:amd64 (3.24.41-4ubuntu1.3) ...
2026-10-10T05:30:04.7232460Z 
2026-10-10T05:30:04.7233345Z Running kernel seems to be up-to-date.
2026-10-10T05:30:04.7233711Z 
2026-10-10T05:30:04.7234000Z Restarting services...
2026-10-10T05:30:04.7300981Z  systemctl restart php8.3-fpm.service
2026-10-10T05:30:04.8327334Z 
2026-10-10T05:30:04.8340569Z No containers need to be restarted.
2026-10-10T05:30:04.8340916Z 
2026-10-10T05:30:04.8341114Z No user sessions are running outdated binaries.
2026-10-10T05:30:04.8341370Z 
2026-10-10T05:30:04.8341657Z No VM guests are running outdated hypervisor (qemu) binaries on this host.
2026-10-10T05:30:05.7960049Z Prepare all required actions
2026-10-10T05:30:05.8007012Z ##[group]Run ./.github/actions/setup-flutter
2026-10-10T05:30:05.8007410Z ##[endgroup]
2026-10-10T05:30:05.8071098Z ##[start-action display=Run git clone --depth 1 --branch 3.47.5 https://github.com/flutter/flutter.git "$RUNNER_TEMP/flutter";id=__self.__run]
2026-10-10T05:30:05.8104697Z ##[group]Run git clone --depth 1 --branch 3.47.5 https://github.com/flutter/flutter.git "$RUNNER_TEMP/flutter"
2026-10-10T05:30:05.8105434Z [36;1mgit clone --depth 1 --branch 3.47.5 https://github.com/flutter/flutter.git "$RUNNER_TEMP/flutter"[0m
2026-10-10T05:30:05.8106500Z [36;1mtest "$(git -C "$RUNNER_TEMP/flutter" rev-parse HEAD)" = 6a19cca56475dbfba1478ee68d7bd0c2ef891da1[0m
2026-10-10T05:30:05.8107094Z [36;1mecho "$RUNNER_TEMP/flutter/bin" >> "$GITHUB_PATH"[0m
2026-10-10T05:30:05.8152975Z shell: /usr/bin/bash --noprofile --norc -e -o pipefail {0}
2026-10-10T05:30:05.8153386Z ##[endgroup]
2026-10-10T05:30:05.8228604Z Cloning into '/home/runner/work/_temp/flutter'...
2026-10-10T05:30:12.3514507Z Note: switching to '6a19cca56475dbfba1478ee68d7bd0c2ef891da1'.
2026-10-10T05:30:12.3514972Z 
2026-10-10T05:30:12.3515456Z You are in 'detached HEAD' state. You can look around, make experimental
2026-10-10T05:30:12.3516287Z changes and commit them, and you can discard any commits you make in this
2026-10-10T05:30:12.3516915Z state without impacting any branches by switching back to a branch.
2026-10-10T05:30:12.3517360Z 
2026-10-10T05:30:12.3517653Z If you want to create a new branch to retain commits you create, you may
2026-10-10T05:30:12.3518449Z do so (now or later) by using -c with the switch command. Example:
2026-10-10T05:30:12.3518907Z 
2026-10-10T05:30:12.3519448Z   git switch -c <new-branch-name>
2026-10-10T05:30:12.3519657Z 
2026-10-10T05:30:12.3519826Z Or undo this operation with:
2026-10-10T05:30:12.3520008Z 
2026-10-10T05:30:12.3520169Z   git switch -
2026-10-10T05:30:12.3520335Z 
2026-10-10T05:30:12.3520620Z Turn off this advice by setting config variable advice.detachedHead to false
2026-10-10T05:30:12.3520953Z 
2026-10-10T05:30:13.2296499Z ##[end-action id=__self.__run;outcome=success;conclusion=success;duration_ms=7422]
2026-10-10T05:30:13.2300882Z ##[start-action display=Run flutter config --no-analytics;id=__self.__run_2]
2026-10-10T05:30:13.2324305Z ##[group]Run flutter config --no-analytics
2026-10-10T05:30:13.2324739Z [36;1mflutter config --no-analytics[0m
2026-10-10T05:30:13.2325089Z [36;1mflutter --version[0m
2026-10-10T05:30:13.2369844Z shell: /usr/bin/bash --noprofile --norc -e -o pipefail {0}
2026-10-10T05:30:13.2370387Z ##[endgroup]
2026-10-10T05:30:13.2859802Z Downloading Linux x64 Dart SDK from Flutter engine af7e796e161ae0bb1ff0758c71a7105418bd9ded...
2026-10-10T05:30:13.2951602Z   % Total    % Received % Xferd  Average Speed   Time    Time     Time  Current
2026-10-10T05:30:13.2952414Z                                  Dload  Upload   Total   Spent    Left  Speed
2026-10-10T05:30:13.2952726Z 
2026-10-10T05:30:13.5226146Z   0     0    0     0    0     0      0      0 --:--:-- --:--:-- --:--:--     0
2026-10-10T05:30:14.3373558Z   0  227M    0  616k    0     0  2708k      0  0:01:26 --:--:--  0:01:26 2702k
2026-10-10T05:30:14.3374605Z 100  227M  100  227M    0     0   218M      0  0:00:01  0:00:01 --:--:--  218M
2026-10-10T05:30:19.8072905Z Building flutter tool...
2026-10-10T05:30:19.8250216Z Resolving dependencies...
2026-10-10T05:30:20.3054438Z Downloading packages...
2026-10-10T05:30:22.8851273Z + _fe_analyzer_shared 95.0.0 (109.0.0 available)
2026-10-10T05:30:22.8852235Z + analyzer 10.1.0 (14.5.0 available)
2026-10-10T05:30:22.8852589Z + archive 3.6.1 (4.4.0 available)
2026-10-10T05:30:22.8852903Z + args 2.7.0
2026-10-10T05:30:22.8853223Z + async 2.13.1
2026-10-10T05:30:22.8853557Z + boolean_selector 2.1.2
2026-10-10T05:30:22.8853888Z + browser_launcher 1.1.3 (1.2.0 available)
2026-10-10T05:30:22.8854390Z + built_collection 5.1.1 (5.1.2 available)
2026-10-10T05:30:22.8855369Z + built_value 8.12.6 (8.13.0 available)
2026-10-10T05:30:22.8855952Z + checked_yaml 2.0.4
2026-10-10T05:30:22.8856287Z + cli_config 0.2.0
2026-10-10T05:30:22.8856599Z + clock 1.1.2 (1.1.3 available)
2026-10-10T05:30:22.8856944Z + code_assets 1.2.1 (2.1.0 available)
2026-10-10T05:30:22.8857414Z + code_builder 4.11.1 (4.12.0 available)
2026-10-10T05:30:22.8858011Z + collection 1.19.1
2026-10-10T05:30:22.8858305Z + completion 1.0.2
2026-10-10T05:30:22.8858630Z + convert 3.1.2
2026-10-10T05:30:22.8858921Z + coverage 1.15.1
2026-10-10T05:30:22.8859422Z + crypto 3.0.7
2026-10-10T05:30:22.8859761Z + csslib 1.0.2
2026-10-10T05:30:22.8860036Z + dap 1.4.0
2026-10-10T05:30:22.8860318Z + dart_service_protocol_shared 0.0.3
2026-10-10T05:30:22.8860699Z + dart_style 3.1.7 (3.1.13 available)
2026-10-10T05:30:22.8861023Z + data_assets 0.20.0
2026-10-10T05:30:22.8861843Z + dds 5.4.0
2026-10-10T05:30:22.8862206Z + dds_service_extensions 2.1.0
2026-10-10T05:30:22.8862548Z + devtools_shared 13.1.0 (14.0.0 available)
2026-10-10T05:30:22.8862933Z + dtd 4.0.0
2026-10-10T05:30:22.8863220Z + dwds 27.1.2 (27.1.4 available)
2026-10-10T05:30:22.8863572Z + extension_discovery 2.1.0
2026-10-10T05:30:22.8863899Z + fake_async 1.3.3
2026-10-10T05:30:22.8864174Z + ffi 2.2.0
2026-10-10T05:30:22.8864472Z + file 7.0.1
2026-10-10T05:30:22.8864766Z + file_testing 3.0.2 (3.1.0 available)
2026-10-10T05:30:22.8865071Z + fixnum 1.1.1
2026-10-10T05:30:22.8865442Z + flutter_template_images 5.0.0 (5.0.1 available)
2026-10-10T05:30:22.8865830Z + frontend_server_client 4.0.0 (4.1.0 available)
2026-10-10T05:30:22.8866240Z + glob 2.1.3 (2.2.0 available)
2026-10-10T05:30:22.8866557Z + graphs 2.3.2
2026-10-10T05:30:22.8866850Z + hooks 2.0.2 (2.2.0 available)
2026-10-10T05:30:22.8867208Z + hooks_runner 1.5.0 (1.6.4 available)
2026-10-10T05:30:22.8867547Z + html 0.15.6 (0.15.7 available)
2026-10-10T05:30:22.8867868Z + http 1.6.0
2026-10-10T05:30:22.8868167Z + http_multi_server 3.2.2
2026-10-10T05:30:22.8868500Z + http_parser 4.1.2
2026-10-10T05:30:22.8868801Z + intl 0.20.3
2026-10-10T05:30:22.8869219Z + io 1.0.5 (1.1.0 available)
2026-10-10T05:30:22.8869593Z + js 0.7.2 (discontinued)
2026-10-10T05:30:22.8869917Z + json_annotation 4.12.0
2026-10-10T05:30:22.8870249Z + json_rpc_2 4.1.0
2026-10-10T05:30:22.8870552Z + logging 1.3.0
2026-10-10T05:30:22.8870840Z + matcher 0.12.20
2026-10-10T05:30:22.8871111Z + meta 1.18.3 (1.19.0 available)
2026-10-10T05:30:22.8871466Z + mime 2.0.0 (2.1.0 available)
2026-10-10T05:30:22.8871810Z + multicast_dns 0.3.3+1
2026-10-10T05:30:22.8872120Z + mustache_template 2.0.5 (2.0.6 available)
2026-10-10T05:30:22.8872483Z + native_stack_traces 0.6.1 (0.7.0 available)
2026-10-10T05:30:22.8872841Z + node_preamble 2.0.2
2026-10-10T05:30:22.8873176Z + package_config 2.2.0 (3.0.0 available)
2026-10-10T05:30:22.8873518Z + path 1.9.1
2026-10-10T05:30:22.8873805Z + petitparser 7.0.2 (7.1.0 available)
2026-10-10T05:30:22.8874149Z + platform 3.1.6 (3.2.0 available)
2026-10-10T05:30:22.8874467Z + pool 1.5.2 (1.5.3 available)
2026-10-10T05:30:22.8874794Z + process 5.0.5 (5.0.6 available)
2026-10-10T05:30:22.8875139Z + pub_semver 2.2.0 (2.2.1 available)
2026-10-10T05:30:22.8875454Z + pubspec_parse 1.5.0 (1.6.0 available)
2026-10-10T05:30:22.8875839Z + record_use 0.6.0 (1.1.1 available)
2026-10-10T05:30:22.8876160Z + shelf 1.4.2
2026-10-10T05:30:22.8876458Z + shelf_packages_handler 3.0.2
2026-10-10T05:30:22.8876780Z + shelf_proxy 1.0.5
2026-10-10T05:30:22.8877046Z + shelf_static 1.1.3
2026-10-10T05:30:22.8877374Z + shelf_web_socket 3.0.0
2026-10-10T05:30:22.8877672Z + source_map_stack_trace 2.1.2
2026-10-10T05:30:22.8877992Z + source_maps 0.10.13 (0.10.14 available)
2026-10-10T05:30:22.8878354Z + source_span 1.10.2
2026-10-10T05:30:22.8878633Z + sprintf 7.0.0
2026-10-10T05:30:22.8878947Z + sse 4.2.0
2026-10-10T05:30:22.8879520Z + stack_trace 1.12.1 (1.12.2 available)
2026-10-10T05:30:22.8879861Z + standard_message_codec 0.0.1+5
2026-10-10T05:30:22.8880212Z + stream_channel 2.1.4
2026-10-10T05:30:22.8880504Z + string_scanner 1.4.1
2026-10-10T05:30:22.8880808Z + sync_http 0.3.1
2026-10-10T05:30:22.8881228Z + term_glyph 1.2.2
2026-10-10T05:30:22.8881499Z + test 1.31.1 (1.33.0 available)
2026-10-10T05:30:22.8881873Z + test_api 0.7.12 (0.7.15 available)
2026-10-10T05:30:22.8882199Z + test_core 0.6.18 (0.6.21 available)
2026-10-10T05:30:22.8882646Z + typed_data 1.4.0
2026-10-10T05:30:22.8882945Z + unified_analytics 8.0.15 (8.0.18 available)
2026-10-10T05:30:22.8883271Z + uuid 4.5.3 (4.6.0 available)
2026-10-10T05:30:22.8883632Z + vm_service 15.2.0 (15.3.0 available)
2026-10-10T05:30:22.8883960Z + vm_service_interface 2.0.1
2026-10-10T05:30:22.8884272Z + vm_snapshot_analysis 0.7.6
2026-10-10T05:30:22.8884584Z + watcher 1.2.1
2026-10-10T05:30:22.8884857Z + web 1.1.1
2026-10-10T05:30:22.8885154Z + web_socket 1.0.1
2026-10-10T05:30:22.8885439Z + web_socket_channel 3.0.3
2026-10-10T05:30:22.8885790Z + webdriver 3.1.0 (3.2.0 available)
2026-10-10T05:30:22.8886131Z + webkit_inspection_protocol 1.2.1
2026-10-10T05:30:22.8886454Z + xml 6.6.1 (7.1.0 available)
2026-10-10T05:30:22.8886792Z + yaml 3.1.3 (3.1.4 available)
2026-10-10T05:30:22.8887094Z + yaml_edit 2.2.4
2026-10-10T05:30:22.8887399Z Changed 101 dependencies!
2026-10-10T05:30:22.8887756Z 1 package is discontinued.
2026-10-10T05:30:22.8888160Z 43 packages have newer versions incompatible with dependency constraints.
2026-10-10T05:30:22.8888661Z Try `dart pub outdated` for more information.
2026-10-10T05:30:39.4354570Z Analytics reporting disabled.
2026-10-10T05:30:39.4355335Z 
2026-10-10T05:30:39.4355786Z You may need to restart any open editors for them to read new settings.
2026-10-10T05:30:39.5076690Z Flutter 3.47.5 • channel [user-branch] • https://github.com/flutter/flutter.git
2026-10-10T05:30:39.5077429Z Framework • revision 6a19cca564 (3 weeks ago) • 2026-09-17 14:13:22 -0400
2026-10-10T05:30:39.5078351Z Engine • hash ab598368592da0064197e2bc15c7f5b0a2c6bb1f (revision af7e796e16) (23 days ago) • 2026-09-16 18:35:09.000Z
2026-10-10T05:30:39.5079511Z Tools • Dart 3.13.4 • DevTools 2.60.0
2026-10-10T05:30:39.5108554Z ##[end-action id=__self.__run_2;outcome=success;conclusion=success;duration_ms=26280]
2026-10-10T05:30:39.5181931Z Prepare all required actions
2026-10-10T05:30:39.5232695Z ##[group]Run ./.github/actions/setup-text-engine
2026-10-10T05:30:39.5233075Z with:
2026-10-10T05:30:39.5233465Z   platform: linux
2026-10-10T05:30:39.5233780Z ##[endgroup]
2026-10-10T05:30:39.5239908Z ##[start-action display=Select preinstalled Windows Python 3.11;id=__self_2.__run]
2026-10-10T05:30:39.5258819Z ##[end-action id=__self_2.__run;outcome=skipped;conclusion=skipped;duration_ms=0]
2026-10-10T05:30:39.5268021Z ##[start-action display=Bootstrap reviewed official Rust inputs outside app builds;id=__self_2.__run_2]
2026-10-10T05:30:39.5292827Z ##[group]Run python tool/bootstrap_text_engine.py --platform "$TEXT_PLATFORM"
2026-10-10T05:30:39.5293476Z [36;1mpython tool/bootstrap_text_engine.py --platform "$TEXT_PLATFORM"[0m
2026-10-10T05:30:39.5335680Z shell: /usr/bin/bash --noprofile --norc -e -o pipefail {0}
2026-10-10T05:30:39.5336090Z env:
2026-10-10T05:30:39.5336470Z   TEXT_PLATFORM: linux
2026-10-10T05:30:39.5336889Z ##[endgroup]
2026-10-10T05:30:39.9767233Z info: profile set to minimal
2026-10-10T05:30:39.9767837Z info: default host tuple is x86_64-unknown-linux-gnu
2026-10-10T05:30:39.9768424Z info: skipping toolchain installation
2026-10-10T05:30:39.9768705Z 
2026-10-10T05:30:39.9768721Z 
2026-10-10T05:30:39.9768905Z Rust is installed now. Great!
2026-10-10T05:30:39.9769453Z 
2026-10-10T05:30:39.9769790Z To get started you need Cargo's bin directory (/home/runner/work/_
2026-10-10T05:30:39.9772078Z temp/tandemlog-rust-bootstrap/cargo/bin) in your PATH
2026-10-10T05:30:39.9772959Z environment variable. This has not been done automatically.
2026-10-10T05:30:39.9773522Z 
2026-10-10T05:30:39.9773913Z To configure your current shell, you need to source
2026-10-10T05:30:39.9774510Z the corresponding env file under /home/runner/work/_
2026-10-10T05:30:39.9774918Z temp/tandemlog-rust-bootstrap/cargo.
2026-10-10T05:30:39.9775158Z 
2026-10-10T05:30:39.9775443Z Consider running the right command for your shell (note the leading DOT):
2026-10-10T05:30:39.9776027Z . "/home/runner/work/_temp/tandemlog-rust-bootstrap/cargo/env"     # For 
2026-10-10T05:30:39.9776480Z sh/ash/dash/pdksh/bash
2026-10-10T05:30:39.9777187Z . "/home/runner/work/_temp/tandemlog-rust-bootstrap/cargo/env.ps1" # For pwsh
2026-10-10T05:30:39.9777698Z cargo:rerun-if-env-changed=CC_x86_64-unknown-linux-gnu
2026-10-10T05:30:39.9778095Z CC_x86_64-unknown-linux-gnu = None
2026-10-10T05:30:39.9778545Z cargo:rerun-if-env-changed=CC_x86_64_unknown_linux_gnu
2026-10-10T05:30:39.9778929Z CC_x86_64_unknown_linux_gnu = None
2026-10-10T05:30:39.9779549Z cargo:rerun-if-env-changed=HOST_CC
2026-10-10T05:30:39.9779892Z HOST_CC = None
2026-10-10T05:30:39.9780186Z cargo:rerun-if-env-changed=CC
2026-10-10T05:30:39.9780561Z CC = None
2026-10-10T05:30:39.9780883Z cargo:rerun-if-env-changed=CC_ENABLE_DEBUG_OUTPUT
2026-10-10T05:30:40.0089895Z cargo:rerun-if-env-changed=CRATE_CC_NO_DEFAULTS
2026-10-10T05:30:40.0090542Z CRATE_CC_NO_DEFAULTS = None
2026-10-10T05:30:40.0090935Z cargo:rerun-if-env-changed=CFLAGS
2026-10-10T05:30:40.0091379Z CFLAGS = None
2026-10-10T05:30:40.0091701Z cargo:rerun-if-env-changed=HOST_CFLAGS
2026-10-10T05:30:40.0092063Z HOST_CFLAGS = None
2026-10-10T05:30:40.0092438Z cargo:rerun-if-env-changed=CFLAGS_x86_64_unknown_linux_gnu
2026-10-10T05:30:40.0092856Z CFLAGS_x86_64_unknown_linux_gnu = None
2026-10-10T05:30:40.0093306Z cargo:rerun-if-env-changed=CFLAGS_x86_64-unknown-linux-gnu
2026-10-10T05:30:40.0093721Z CFLAGS_x86_64-unknown-linux-gnu = None
2026-10-10T05:30:40.0154421Z info: auto-self-update mode set to disable
2026-10-10T05:30:40.0155195Z warn: no toolchain installed and no default toolchain set
2026-10-10T05:30:40.0155865Z help: run 'rustup default stable' to download the latest stable release of Rust and set it as your default toolchain.
2026-10-10T05:30:40.0206201Z info: syncing channel updates for 1.99.0-x86_64-unknown-linux-gnu
2026-10-10T05:30:40.2345276Z info: latest update on 2026-10-01 for version 1.99.0 (b940084d7 2026-09-28)
2026-10-10T05:30:40.2346334Z info: downloading 3 components
2026-10-10T05:30:49.2040473Z 
2026-10-10T05:30:49.2111516Z   1.99.0-x86_64-unknown-linux-gnu installed - rustc 1.99.0 (b940084d7 2026-09-28)
2026-10-10T05:30:49.2112053Z 
2026-10-10T05:30:49.2133661Z info: default toolchain set to 1.99.0-x86_64-unknown-linux-gnu
2026-10-10T05:30:49.2588672Z info: component rust-std is up to date
2026-10-10T05:30:49.2758556Z     Updating crates.io index
2026-10-10T05:30:49.5082088Z  Downloading crates ...
2026-10-10T05:30:49.5879348Z   Downloaded thiserror-impl v2.0.21
2026-10-10T05:30:49.5933560Z   Downloaded quote v1.0.47
2026-10-10T05:30:49.6040615Z   Downloaded thiserror v2.0.21
2026-10-10T05:30:49.6131076Z   Downloaded unicode-ident v1.0.26
2026-10-10T05:30:49.6164488Z   Downloaded cfg-if v1.0.5
2026-10-10T05:30:49.6268902Z   Downloaded itoa v1.0.18
2026-10-10T05:30:49.6278386Z   Downloaded scopeguard v1.2.0
2026-10-10T05:30:49.6341152Z   Downloaded parking v2.2.1
2026-10-10T05:30:49.6408452Z   Downloaded windows-link v0.2.1
2026-10-10T05:30:49.6413880Z   Downloaded wasm-bindgen-shared v0.2.129
2026-10-10T05:30:49.6426657Z   Downloaded event-listener-strategy v0.5.4
2026-10-10T05:30:49.6435492Z   Downloaded smallstr v0.3.1
2026-10-10T05:30:49.6531079Z   Downloaded wasm-bindgen-macro v0.2.129
2026-10-10T05:30:49.6539048Z   Downloaded dashmap v6.2.1
2026-10-10T05:30:49.6554736Z   Downloaded redox_syscall v0.5.18
2026-10-10T05:30:49.6573825Z   Downloaded async-trait v0.1.92
2026-10-10T05:30:49.6596933Z   Downloaded zmij v1.0.23
2026-10-10T05:30:49.6609250Z   Downloaded fastrand v2.5.0
2026-10-10T05:30:49.6618089Z   Downloaded rustversion v1.0.23
2026-10-10T05:30:49.6635314Z   Downloaded lock_api v0.4.14
2026-10-10T05:30:49.6661190Z   Downloaded crossbeam-utils v0.8.23
2026-10-10T05:30:49.6683866Z   Downloaded async-lock v3.4.2
2026-10-10T05:30:49.6699336Z   Downloaded smallvec v1.16.2
2026-10-10T05:30:49.6710106Z   Downloaded parking_lot_core v0.9.12
2026-10-10T05:30:49.6723996Z   Downloaded pin-project-lite v0.2.17
2026-10-10T05:30:49.6758133Z   Downloaded getrandom v0.4.3
2026-10-10T05:30:49.6782464Z   Downloaded once_cell v1.21.4
2026-10-10T05:30:49.6804939Z   Downloaded serde_core v1.0.229
2026-10-10T05:30:49.6825806Z   Downloaded event-listener v5.4.2
2026-10-10T05:30:49.6840091Z   Downloaded r-efi v6.0.0
2026-10-10T05:30:49.6871683Z   Downloaded proc-macro2 v1.0.107
2026-10-10T05:30:49.6890923Z   Downloaded serde_derive v1.0.229
2026-10-10T05:30:49.6910889Z   Downloaded bitflags v2.13.2
2026-10-10T05:30:49.6946416Z   Downloaded wasm-bindgen v0.2.129
2026-10-10T05:30:49.6965857Z   Downloaded arc-swap v1.9.2
2026-10-10T05:30:49.6991499Z   Downloaded serde v1.0.229
2026-10-10T05:30:49.7015170Z   Downloaded base64 v0.22.1
2026-10-10T05:30:49.7040043Z   Downloaded memchr v2.8.3
2026-10-10T05:30:49.7073546Z   Downloaded bumpalo v3.20.3
2026-10-10T05:30:49.7092751Z   Downloaded js-sys v0.3.106
2026-10-10T05:30:49.7115926Z   Downloaded hashbrown v0.14.5
2026-10-10T05:30:49.7149620Z   Downloaded wasm-bindgen-macro-support v0.2.129
2026-10-10T05:30:49.7170291Z   Downloaded serde_json v1.0.151
2026-10-10T05:30:49.7218907Z   Downloaded syn v3.0.6
2026-10-10T05:30:49.7296256Z   Downloaded libc v0.2.190
2026-10-10T05:30:49.7961736Z ##[end-action id=__self_2.__run_2;outcome=success;conclusion=success;duration_ms=10269]
2026-10-10T05:30:49.7964826Z ##[start-action display=Install exact approved NDK outside app builds;id=__self_2.__run_3]
2026-10-10T05:30:49.7971056Z ##[end-action id=__self_2.__run_3;outcome=skipped;conclusion=skipped;duration_ms=0]
2026-10-10T05:30:49.8003420Z ##[group]Run flutter pub get --enforce-lockfile
2026-10-10T05:30:49.8003852Z [36;1mflutter pub get --enforce-lockfile[0m
2026-10-10T05:30:49.8044155Z shell: /usr/bin/bash -e {0}
2026-10-10T05:30:49.8044579Z env:
2026-10-10T05:30:49.8044988Z   CARGO_HOME: /home/runner/work/_temp/tandemlog-rust-bootstrap/cargo
2026-10-10T05:30:49.8045516Z   RUSTUP_HOME: /home/runner/work/_temp/tandemlog-rust-bootstrap/rustup
2026-10-10T05:30:49.8046057Z   RUSTUP_UPDATE_ROOT: https://static.rust-lang.org/rustup
2026-10-10T05:30:49.8046489Z   RUSTUP_DIST_SERVER: https://static.rust-lang.org
2026-10-10T05:30:49.8046875Z   RUSTUP_AUTO_INSTALL: 0
2026-10-10T05:30:49.8047315Z   TANDEMLOG_TEXT_TARGET_DIR: /home/runner/work/_temp/tandemlog-rust-bootstrap/target
2026-10-10T05:30:49.8047758Z ##[endgroup]
2026-10-10T05:30:50.2281251Z [1/10] Material Fonts                                              318ms
2026-10-10T05:30:50.3069406Z [2/10] Gradle Wrapper                                               27ms
2026-10-10T05:30:50.3156996Z [3/10] Flutter SDK
2026-10-10T05:30:50.4412862Z   ├─ [1/5] sky_engine                                              118ms
2026-10-10T05:30:50.5536768Z   ├─ [2/5] flutter_gpu                                              47ms
2026-10-10T05:30:50.7920465Z   ├─ [3/5] flutter_patched_sdk                                     226ms
2026-10-10T05:30:51.1197243Z   ├─ [4/5] flutter_patched_sdk_product                             220ms
2026-10-10T05:30:52.3924184Z   └─ [5/5] linux-x64                                             1,166ms
2026-10-10T05:30:53.1765727Z [10/10] linux-x64/font-subset                                       98ms
2026-10-10T05:30:53.2977036Z Resolving dependencies...
2026-10-10T05:30:53.8750505Z Downloading packages...
2026-10-10T05:30:55.1638832Z   code_assets 1.2.1 (2.1.0 available)
2026-10-10T05:30:55.1639685Z   cross_file 0.3.5+5 (0.4.0 available)
2026-10-10T05:30:55.1640206Z   jni 1.0.3 (1.1.0 available)
2026-10-10T05:30:55.1640752Z   jni_flutter 1.0.3 (1.0.4+1 available)
2026-10-10T05:30:55.1641234Z   material_color_utilities 0.13.0 (0.13.1 available)
2026-10-10T05:30:55.1641825Z   native_toolchain_c 0.19.3 (0.19.5 available)
2026-10-10T05:30:55.1642442Z   objective_c 9.5.0 (9.6.2 available)
2026-10-10T05:30:55.1642966Z   test_api 0.7.12 (0.7.15 available)
2026-10-10T05:30:55.1643504Z   url_launcher 6.3.2 (6.3.3 available)
2026-10-10T05:30:55.1644014Z   vector_math 2.4.0 (2.4.3 available)
2026-10-10T05:30:55.1644452Z Got dependencies!
2026-10-10T05:30:55.1645008Z 10 packages have newer versions incompatible with dependency constraints.
2026-10-10T05:30:55.1645750Z Try `flutter pub outdated` for more information.
2026-10-10T05:30:55.3757685Z ##[group]Run dart format --output=none --set-exit-if-changed lib test integration_test tool
2026-10-10T05:30:55.3758409Z [36;1mdart format --output=none --set-exit-if-changed lib test integration_test tool[0m
2026-10-10T05:30:55.3799609Z shell: /usr/bin/bash -e {0}
2026-10-10T05:30:55.3800387Z env:
2026-10-10T05:30:55.3800795Z   CARGO_HOME: /home/runner/work/_temp/tandemlog-rust-bootstrap/cargo
2026-10-10T05:30:55.3801407Z   RUSTUP_HOME: /home/runner/work/_temp/tandemlog-rust-bootstrap/rustup
2026-10-10T05:30:55.3801957Z   RUSTUP_UPDATE_ROOT: https://static.rust-lang.org/rustup
2026-10-10T05:30:55.3802399Z   RUSTUP_DIST_SERVER: https://static.rust-lang.org
2026-10-10T05:30:55.3802832Z   RUSTUP_AUTO_INSTALL: 0
2026-10-10T05:30:55.3803279Z   TANDEMLOG_TEXT_TARGET_DIR: /home/runner/work/_temp/tandemlog-rust-bootstrap/target
2026-10-10T05:30:55.3803758Z ##[endgroup]
2026-10-10T05:30:56.8554306Z Formatted 208 files (0 changed) in 1.43 seconds.
2026-10-10T05:30:56.8643663Z ##[group]Run flutter analyze
2026-10-10T05:30:56.8644219Z [36;1mflutter analyze[0m
2026-10-10T05:30:56.8704503Z shell: /usr/bin/bash -e {0}
2026-10-10T05:30:56.8705120Z env:
2026-10-10T05:30:56.8705680Z   CARGO_HOME: /home/runner/work/_temp/tandemlog-rust-bootstrap/cargo
2026-10-10T05:30:56.8706501Z   RUSTUP_HOME: /home/runner/work/_temp/tandemlog-rust-bootstrap/rustup
2026-10-10T05:30:56.8707304Z   RUSTUP_UPDATE_ROOT: https://static.rust-lang.org/rustup
2026-10-10T05:30:56.8707965Z   RUSTUP_DIST_SERVER: https://static.rust-lang.org
2026-10-10T05:30:56.8708599Z   RUSTUP_AUTO_INSTALL: 0
2026-10-10T05:30:56.8709446Z   TANDEMLOG_TEXT_TARGET_DIR: /home/runner/work/_temp/tandemlog-rust-bootstrap/target
2026-10-10T05:30:56.8710149Z ##[endgroup]
2026-10-10T05:30:57.0048851Z Resolving dependencies...
2026-10-10T05:30:57.0776808Z Downloading packages...
2026-10-10T05:30:57.1772601Z   code_assets 1.2.1 (2.1.0 available)
2026-10-10T05:30:57.1773155Z   cross_file 0.3.5+5 (0.4.0 available)
2026-10-10T05:30:57.1773733Z   jni 1.0.3 (1.1.0 available)
2026-10-10T05:30:57.1774090Z   jni_flutter 1.0.3 (1.0.4+1 available)
2026-10-10T05:30:57.1774522Z   material_color_utilities 0.13.0 (0.13.1 available)
2026-10-10T05:30:57.1774919Z   native_toolchain_c 0.19.3 (0.19.5 available)
2026-10-10T05:30:57.1775313Z   objective_c 9.5.0 (9.6.2 available)
2026-10-10T05:30:57.1775685Z   test_api 0.7.12 (0.7.15 available)
2026-10-10T05:30:57.1776023Z   url_launcher 6.3.2 (6.3.3 available)
2026-10-10T05:30:57.1776369Z   vector_math 2.4.0 (2.4.3 available)
2026-10-10T05:30:57.1776698Z Got dependencies!
2026-10-10T05:30:57.1777231Z 10 packages have newer versions incompatible with dependency constraints.
2026-10-10T05:30:57.1777853Z Try `flutter pub outdated` for more information.
2026-10-10T05:31:07.9479306Z Analyzing tandemlog...                                          
2026-10-10T05:31:07.9512011Z No issues found! (ran in 10.3s)
2026-10-10T05:31:07.9602248Z ##[group]Run python tool/build_text_engine.py --platform linux --output-dir "$RUNNER_TEMP/native-unit"
2026-10-10T05:31:07.9603047Z [36;1mpython tool/build_text_engine.py --platform linux --output-dir "$RUNNER_TEMP/native-unit"[0m
2026-10-10T05:31:07.9603693Z [36;1mnative_library="$RUNNER_TEMP/native-unit/libtandemlog_text.so"[0m
2026-10-10T05:31:07.9604262Z [36;1mif [[ "$RUNNER_OS" == Windows ]]; then native_library="$(cygpath -w "$native_library")"; fi[0m
2026-10-10T05:31:07.9604836Z [36;1mpython tool/native_build_gates.py verify_library "$native_library"[0m
2026-10-10T05:31:07.9605368Z [36;1mecho "TANDEMLOG_TEXT_LIBRARY=$native_library" >> "$GITHUB_ENV"[0m
2026-10-10T05:31:07.9646811Z shell: /usr/bin/bash --noprofile --norc -e -o pipefail {0}
2026-10-10T05:31:07.9647235Z env:
2026-10-10T05:31:07.9647689Z   CARGO_HOME: /home/runner/work/_temp/tandemlog-rust-bootstrap/cargo
2026-10-10T05:31:07.9648330Z   RUSTUP_HOME: /home/runner/work/_temp/tandemlog-rust-bootstrap/rustup
2026-10-10T05:31:07.9648873Z   RUSTUP_UPDATE_ROOT: https://static.rust-lang.org/rustup
2026-10-10T05:31:07.9649533Z   RUSTUP_DIST_SERVER: https://static.rust-lang.org
2026-10-10T05:31:07.9650046Z   RUSTUP_AUTO_INSTALL: 0
2026-10-10T05:31:07.9650512Z   TANDEMLOG_TEXT_TARGET_DIR: /home/runner/work/_temp/tandemlog-rust-bootstrap/target
2026-10-10T05:31:07.9650971Z ##[endgroup]
2026-10-10T05:31:08.1097866Z    Compiling proc-macro2 v1.0.107
2026-10-10T05:31:08.1098531Z    Compiling unicode-ident v1.0.26
2026-10-10T05:31:08.1099058Z    Compiling quote v1.0.47
2026-10-10T05:31:08.1106541Z    Compiling libc v0.2.190
2026-10-10T05:31:08.1648813Z    Compiling serde_core v1.0.229
2026-10-10T05:31:08.2464950Z    Compiling rustversion v1.0.23
2026-10-10T05:31:08.3111007Z    Compiling crossbeam-utils v0.8.23
2026-10-10T05:31:08.3790679Z    Compiling zmij v1.0.23
2026-10-10T05:31:08.4094791Z    Compiling smallvec v1.16.2
2026-10-10T05:31:08.4379699Z    Compiling pin-project-lite v0.2.17
2026-10-10T05:31:08.4720800Z    Compiling parking_lot_core v0.9.12
2026-10-10T05:31:08.4911831Z    Compiling parking v2.2.1
2026-10-10T05:31:08.5603023Z    Compiling event-listener v5.4.2
2026-10-10T05:31:08.8223325Z    Compiling serde_json v1.0.151
2026-10-10T05:31:08.8920907Z    Compiling syn v3.0.6
2026-10-10T05:31:08.9330391Z    Compiling serde v1.0.229
2026-10-10T05:31:09.0530657Z    Compiling cfg-if v1.0.5
2026-10-10T05:31:09.0740642Z    Compiling scopeguard v1.2.0
2026-10-10T05:31:09.1320867Z    Compiling thiserror v2.0.21
2026-10-10T05:31:09.3388637Z    Compiling lock_api v0.4.14
2026-10-10T05:31:09.5371198Z    Compiling event-listener-strategy v0.5.4
2026-10-10T05:31:10.1658998Z    Compiling hashbrown v0.14.5
2026-10-10T05:31:10.2820739Z    Compiling once_cell v1.21.4
2026-10-10T05:31:10.4298987Z    Compiling memchr v2.8.3
2026-10-10T05:31:10.8278530Z    Compiling itoa v1.0.18
2026-10-10T05:31:10.8360345Z    Compiling dashmap v6.2.1
2026-10-10T05:31:11.2530730Z    Compiling arc-swap v1.9.2
2026-10-10T05:31:11.2600684Z    Compiling async-lock v3.4.2
2026-10-10T05:31:11.4720404Z    Compiling smallstr v0.3.1
2026-10-10T05:31:11.5831732Z    Compiling fastrand v2.5.0
2026-10-10T05:31:11.7861935Z    Compiling base64 v0.22.1
2026-10-10T05:31:12.1721963Z    Compiling thiserror-impl v2.0.21
2026-10-10T05:31:12.1723032Z    Compiling serde_derive v1.0.229
2026-10-10T05:31:12.1723597Z    Compiling async-trait v0.1.92
2026-10-10T05:31:14.0922259Z    Compiling yrs v0.28.0 (/home/runner/work/tandemlog/tandemlog/native/text_engine/vendor/yrs-0.28.0)
2026-10-10T05:31:14.2517884Z warning: unused imports: `BlockRange` and `Block`
2026-10-10T05:31:14.2518282Z  --> vendor/yrs-0.28.0/src/transaction.rs:1:20
2026-10-10T05:31:14.2518563Z   |
2026-10-10T05:31:14.2524976Z 1 | use crate::block::{Block, BlockRange, Item, ItemContent, ItemPosition, ItemPtr, Prelim, ID};
2026-10-10T05:31:14.2531561Z   |                    ^^^^^  ^^^^^^^^^^
2026-10-10T05:31:14.2531906Z   |
2026-10-10T05:31:14.2532569Z   = note: `#[warn(unused_imports)]` (part of `#[warn(unused)]`) on by default
2026-10-10T05:31:14.2532962Z 
2026-10-10T05:31:14.2533103Z warning: unused import: `Block`
2026-10-10T05:31:14.2533493Z  --> vendor/yrs-0.28.0/src/block_iter.rs:1:20
2026-10-10T05:31:14.2533808Z   |
2026-10-10T05:31:14.2534097Z 1 | use crate::block::{Block, Item, ItemContent, ItemPtr, Prelim};
2026-10-10T05:31:14.2534415Z   |                    ^^^^^
2026-10-10T05:31:14.2534560Z 
2026-10-10T05:31:14.2539703Z warning: unused import: `ItemContent`
2026-10-10T05:31:14.2542697Z  --> vendor/yrs-0.28.0/src/iter.rs:1:20
2026-10-10T05:31:14.2543044Z   |
2026-10-10T05:31:14.2543324Z 1 | use crate::block::{ItemContent, ItemPtr};
2026-10-10T05:31:14.2543595Z   |                    ^^^^^^^^^^^
2026-10-10T05:31:14.2543753Z 
2026-10-10T05:31:14.2543878Z warning: unused imports: `SmallVec` and `smallvec`
2026-10-10T05:31:14.2544169Z  --> vendor/yrs-0.28.0/src/iter.rs:4:16
2026-10-10T05:31:14.2544410Z   |
2026-10-10T05:31:14.2544616Z 4 | use smallvec::{smallvec, SmallVec};
2026-10-10T05:31:14.2544879Z   |                ^^^^^^^^  ^^^^^^^^
2026-10-10T05:31:14.2545030Z 
2026-10-10T05:31:14.8257480Z warning: unused import: `crate::utils::OptionExt`
2026-10-10T05:31:14.8258280Z   --> vendor/yrs-0.28.0/src/doc.rs:10:5
2026-10-10T05:31:14.8258642Z    |
2026-10-10T05:31:14.8258926Z 10 | use crate::utils::OptionExt;
2026-10-10T05:31:14.8259524Z    |     ^^^^^^^^^^^^^^^^^^^^^^^
2026-10-10T05:31:14.8259687Z 
2026-10-10T05:31:14.8495515Z warning: value assigned to `left` is never read
2026-10-10T05:31:14.8495993Z    --> vendor/yrs-0.28.0/src/block.rs:494:24
2026-10-10T05:31:14.8496370Z     |
2026-10-10T05:31:14.8496638Z 494 |         let mut left = None;
2026-10-10T05:31:14.8497062Z     |                        ^^^^ this value is reassigned later and never used
2026-10-10T05:31:14.8497489Z ...
2026-10-10T05:31:14.8497829Z 540 |                 left = parent_branch.map.get(sub).cloned();
2026-10-10T05:31:14.8498729Z     |                 ------------------------------------------ `left` is overwritten here before the previous value is read
2026-10-10T05:31:14.8499344Z     |
2026-10-10T05:31:14.8499695Z     = note: `#[warn(unused_assignments)]` (part of `#[warn(unused)]`) on by default
2026-10-10T05:31:14.8500043Z 
2026-10-10T05:31:14.8573456Z warning: unused variable: `ptr`
2026-10-10T05:31:14.8573878Z    --> vendor/yrs-0.28.0/src/block.rs:886:21
2026-10-10T05:31:14.8574275Z     |
2026-10-10T05:31:14.8574769Z 886 |                 let ptr = BranchPtr::from(branch);
2026-10-10T05:31:14.8575411Z     |                     ^^^ help: if this is intentional, prefix it with an underscore: `_ptr`
2026-10-10T05:31:14.8575999Z     |
2026-10-10T05:31:14.8576289Z     = note: `#[warn(unused_variables)]` (part of `#[warn(unused)]`) on by default
2026-10-10T05:31:14.8576547Z 
2026-10-10T05:31:14.9979535Z warning: unused variable: `ptr`
2026-10-10T05:31:14.9980075Z    --> vendor/yrs-0.28.0/src/transaction.rs:778:13
2026-10-10T05:31:14.9980496Z     |
2026-10-10T05:31:14.9980770Z 778 |         let ptr = item.clone();
2026-10-10T05:31:14.9981323Z     |             ^^^ help: if this is intentional, prefix it with an underscore: `_ptr`
2026-10-10T05:31:14.9981706Z 
2026-10-10T05:31:15.0018999Z warning: variable does not need to be mutable
2026-10-10T05:31:15.0019584Z    --> vendor/yrs-0.28.0/src/transaction.rs:958:13
2026-10-10T05:31:15.0019979Z     |
2026-10-10T05:31:15.0020336Z 958 |         let mut block = Item::new(
2026-10-10T05:31:15.0020719Z     |             ----^^^^^
2026-10-10T05:31:15.0021031Z     |             |
2026-10-10T05:31:15.0021332Z     |             help: remove this `mut`
2026-10-10T05:31:15.0021677Z     |
2026-10-10T05:31:15.0022059Z     = note: `#[warn(unused_mut)]` (part of `#[warn(unused)]`) on by default
2026-10-10T05:31:15.0022443Z 
2026-10-10T05:31:15.4958760Z warning: variable does not need to be mutable
2026-10-10T05:31:15.4959505Z    --> vendor/yrs-0.28.0/src/undo.rs:133:13
2026-10-10T05:31:15.4959885Z     |
2026-10-10T05:31:15.4960264Z 133 |         let mut state = Arc::new(Inner {
2026-10-10T05:31:15.4960926Z     |             ----^^^^^
2026-10-10T05:31:15.4961321Z     |             |
2026-10-10T05:31:15.4961556Z     |             help: remove this `mut`
2026-10-10T05:31:15.4961755Z 
2026-10-10T05:31:15.5084561Z warning: unused variable: `clear_undo`
2026-10-10T05:31:15.5085043Z    --> vendor/yrs-0.28.0/src/undo.rs:379:34
2026-10-10T05:31:15.5085434Z     |
2026-10-10T05:31:15.5085856Z 379 |     fn clear_internal(&mut self, clear_undo: bool, clear_redo: bool) {
2026-10-10T05:31:15.5086639Z     |                                  ^^^^^^^^^^ help: if this is intentional, prefix it with an underscore: `_clear_undo`
2026-10-10T05:31:15.5087136Z 
2026-10-10T05:31:15.5087285Z warning: unused variable: `clear_redo`
2026-10-10T05:31:15.5087690Z    --> vendor/yrs-0.28.0/src/undo.rs:379:52
2026-10-10T05:31:15.5088061Z     |
2026-10-10T05:31:15.5088425Z 379 |     fn clear_internal(&mut self, clear_undo: bool, clear_redo: bool) {
2026-10-10T05:31:15.5088947Z     |                                                    ^^^^^^^^^^ help: if this is intentional, prefix it with an underscore: `_clear_redo`
2026-10-10T05:31:15.5089650Z 
2026-10-10T05:31:15.5474105Z warning: method `as_item` is never used
2026-10-10T05:31:15.5475184Z    --> vendor/yrs-0.28.0/src/block.rs:198:12
2026-10-10T05:31:15.5476380Z     |
2026-10-10T05:31:15.5477039Z 183 | impl<'a> BlockRef<'a> {
2026-10-10T05:31:15.5477476Z     | --------------------- method in this implementation
2026-10-10T05:31:15.5477895Z ...
2026-10-10T05:31:15.5478228Z 198 |     pub fn as_item(&self) -> Option<&'a Item> {
2026-10-10T05:31:15.5478639Z     |            ^^^^^^^
2026-10-10T05:31:15.5478957Z     |
2026-10-10T05:31:15.5479576Z     = note: `#[warn(dead_code)]` (part of `#[warn(unused)]`) on by default
2026-10-10T05:31:15.5479963Z 
2026-10-10T05:31:15.5480132Z warning: methods `last_id`, `is_item`, and `is_gc` are never used
2026-10-10T05:31:15.5480483Z    --> vendor/yrs-0.28.0/src/block.rs:264:12
2026-10-10T05:31:15.5480758Z     |
2026-10-10T05:31:15.5480952Z 221 | impl Block {
2026-10-10T05:31:15.5481224Z     | ---------- methods in this implementation
2026-10-10T05:31:15.5481492Z ...
2026-10-10T05:31:15.5481700Z 264 |     pub fn last_id(&self) -> ID {
2026-10-10T05:31:15.5481971Z     |            ^^^^^^^
2026-10-10T05:31:15.5482173Z ...
2026-10-10T05:31:15.5482447Z 281 |     pub fn is_item(&self) -> bool {
2026-10-10T05:31:15.5482815Z     |            ^^^^^^^
2026-10-10T05:31:15.5483094Z ...
2026-10-10T05:31:15.5483395Z 291 |     pub fn is_gc(&self) -> bool {
2026-10-10T05:31:15.5483754Z     |            ^^^^^
2026-10-10T05:31:15.5483927Z 
2026-10-10T05:31:15.5484105Z warning: method `delete_as_cleanup` is never used
2026-10-10T05:31:15.5484511Z    --> vendor/yrs-0.28.0/src/block.rs:632:19
2026-10-10T05:31:15.5484857Z     |
2026-10-10T05:31:15.5485102Z 444 | impl ItemPtr {
2026-10-10T05:31:15.5485402Z     | ------------ method in this implementation
2026-10-10T05:31:15.5485844Z ...
2026-10-10T05:31:15.5486314Z 632 |     pub(crate) fn delete_as_cleanup(&self, txn: &mut TransactionMut, is_local: bool) {
2026-10-10T05:31:15.5486878Z     |                   ^^^^^^^^^^^^^^^^^
2026-10-10T05:31:15.5487095Z 
2026-10-10T05:31:15.5487343Z warning: method `integrate` is never used
2026-10-10T05:31:15.5487699Z     --> vendor/yrs-0.28.0/src/block.rs:1415:19
2026-10-10T05:31:15.5488074Z      |
2026-10-10T05:31:15.5488338Z 1354 | impl BlockRange {
2026-10-10T05:31:15.5488622Z      | --------------- method in this implementation
2026-10-10T05:31:15.5489026Z ...
2026-10-10T05:31:15.5489524Z 1415 |     pub(crate) fn integrate(&mut self, pivot: u32) -> bool {
2026-10-10T05:31:15.5490067Z      |                   ^^^^^^^^^
2026-10-10T05:31:15.5490259Z 
2026-10-10T05:31:15.5490368Z warning: method `contains` is never used
2026-10-10T05:31:15.5490643Z    --> vendor/yrs-0.28.0/src/block_store.rs:300:12
2026-10-10T05:31:15.5491046Z     |
2026-10-10T05:31:15.5491308Z 289 | impl BlockStore {
2026-10-10T05:31:15.5491627Z     | --------------- method in this implementation
2026-10-10T05:31:15.5491881Z ...
2026-10-10T05:31:15.5492224Z 300 |     pub fn contains(&self, id: &ID) -> bool {
2026-10-10T05:31:15.5492493Z     |            ^^^^^^^^
2026-10-10T05:31:15.5492627Z 
2026-10-10T05:31:15.5492758Z warning: constant `WEAK_REF_FLAGS_QUOTE` is never used
2026-10-10T05:31:15.5493065Z    --> vendor/yrs-0.28.0/src/types/mod.rs:230:7
2026-10-10T05:31:15.5493326Z     |
2026-10-10T05:31:15.5493531Z 230 | const WEAK_REF_FLAGS_QUOTE: u8 = 0b0000_0001;
2026-10-10T05:31:15.5493796Z     |       ^^^^^^^^^^^^^^^^^^^^
2026-10-10T05:31:15.5493936Z 
2026-10-10T05:31:15.5494077Z warning: constant `WEAK_REF_FLAGS_START_ASSOC` is never used
2026-10-10T05:31:15.5494392Z    --> vendor/yrs-0.28.0/src/types/mod.rs:232:7
2026-10-10T05:31:15.5494635Z     |
2026-10-10T05:31:15.5494848Z 232 | const WEAK_REF_FLAGS_START_ASSOC: u8 = 0b0000_0010;
2026-10-10T05:31:15.5495125Z     |       ^^^^^^^^^^^^^^^^^^^^^^^^^^
2026-10-10T05:31:15.5495274Z 
2026-10-10T05:31:15.5495404Z warning: constant `WEAK_REF_FLAGS_END_ASSOC` is never used
2026-10-10T05:31:15.5495715Z    --> vendor/yrs-0.28.0/src/types/mod.rs:234:7
2026-10-10T05:31:15.5495965Z     |
2026-10-10T05:31:15.5496174Z 234 | const WEAK_REF_FLAGS_END_ASSOC: u8 = 0b0000_0100;
2026-10-10T05:31:15.5496556Z     |       ^^^^^^^^^^^^^^^^^^^^^^^^
2026-10-10T05:31:15.5496704Z 
2026-10-10T05:31:15.5496863Z warning: constant `WEAK_REF_FLAGS_START_UNBOUNDED` is never used
2026-10-10T05:31:15.5497192Z    --> vendor/yrs-0.28.0/src/types/mod.rs:236:7
2026-10-10T05:31:15.5497441Z     |
2026-10-10T05:31:15.5497674Z 236 | const WEAK_REF_FLAGS_START_UNBOUNDED: u8 = 0b0000_1000;
2026-10-10T05:31:15.5497967Z     |       ^^^^^^^^^^^^^^^^^^^^^^^^^^^^^^
2026-10-10T05:31:15.5498129Z 
2026-10-10T05:31:15.5498274Z warning: constant `WEAK_REF_FLAGS_END_UNBOUNDED` is never used
2026-10-10T05:31:15.5498600Z    --> vendor/yrs-0.28.0/src/types/mod.rs:238:7
2026-10-10T05:31:15.5498856Z     |
2026-10-10T05:31:15.5499076Z 238 | const WEAK_REF_FLAGS_END_UNBOUNDED: u8 = 0b0001_0000;
2026-10-10T05:31:15.5499601Z     |       ^^^^^^^^^^^^^^^^^^^^^^^^^^^^
2026-10-10T05:31:15.5499759Z 
2026-10-10T05:31:15.5499906Z warning: constant `WEAK_REF_FLAGS_PARENT_ROOT` is never used
2026-10-10T05:31:15.5500216Z    --> vendor/yrs-0.28.0/src/types/mod.rs:240:7
2026-10-10T05:31:15.5500462Z     |
2026-10-10T05:31:15.5500681Z 240 | const WEAK_REF_FLAGS_PARENT_ROOT: u8 = 0b0010_0000;
2026-10-10T05:31:15.5500957Z     |       ^^^^^^^^^^^^^^^^^^^^^^^^^^
2026-10-10T05:31:15.5501109Z 
2026-10-10T05:31:15.5501207Z warning: field `txn` is never read
2026-10-10T05:31:15.5501463Z    --> vendor/yrs-0.28.0/src/types/mod.rs:538:5
2026-10-10T05:31:15.5501701Z     |
2026-10-10T05:31:15.5501891Z 536 | pub(crate) struct Entries<'a, B, T> {
2026-10-10T05:31:15.5502164Z     |                   ------- field in this struct
2026-10-10T05:31:15.5502561Z 537 |     iter: std::collections::hash_map::Iter<'a, Arc<str>, ItemPtr>,
2026-10-10T05:31:15.5502868Z 538 |     txn: B,
2026-10-10T05:31:15.5503055Z     |     ^^^
2026-10-10T05:31:15.5503235Z     |
2026-10-10T05:31:15.5503627Z     = note: `Entries` has a derived impl for the trait `Debug`, but this is intentionally ignored during dead code analysis
2026-10-10T05:31:15.5503996Z 
2026-10-10T05:31:15.5504105Z warning: method `as_id_set` is never used
2026-10-10T05:31:15.5504381Z   --> vendor/yrs-0.28.0/src/update.rs:48:12
2026-10-10T05:31:15.5504626Z    |
2026-10-10T05:31:15.5504807Z 28 | impl BlockSet {
2026-10-10T05:31:15.5505041Z    | ------------- method in this implementation
2026-10-10T05:31:15.5505357Z ...
2026-10-10T05:31:15.5505569Z 48 |     pub fn as_id_set(&self) -> IdSet {
2026-10-10T05:31:15.5505816Z    |            ^^^^^^^^^
2026-10-10T05:31:15.5505948Z 
2026-10-10T05:31:15.5506135Z warning: associated functions `next_target` and `return_stack` are never used
2026-10-10T05:31:15.5506508Z    --> vendor/yrs-0.28.0/src/update.rs:503:8
2026-10-10T05:31:15.5506760Z     |
2026-10-10T05:31:15.5506943Z 169 | impl Update {
2026-10-10T05:31:15.5507201Z     | ----------- associated functions in this implementation
2026-10-10T05:31:15.5507481Z ...
2026-10-10T05:31:15.5507774Z 503 |     fn next_target<'a, 'b>(
2026-10-10T05:31:15.5508011Z     |        ^^^^^^^^^^^
2026-10-10T05:31:15.5508213Z ...
2026-10-10T05:31:15.5508541Z 526 |     fn return_stack(stack: Vec<Block>, refs: &mut BlockSet, remaining: &mut BlockSet) {
2026-10-10T05:31:15.5508924Z     |        ^^^^^^^^^^^^
2026-10-10T05:31:15.5509062Z 
2026-10-10T05:31:15.5509568Z warning: methods `forward`, `backward`, and `values` are never used
2026-10-10T05:31:15.5509921Z    --> vendor/yrs-0.28.0/src/block_iter.rs:76:12
2026-10-10T05:31:15.5510182Z     |
2026-10-10T05:31:15.5510368Z  18 | impl BlockIter {
2026-10-10T05:31:15.5510612Z     | -------------- methods in this implementation
2026-10-10T05:31:15.5511070Z ...
2026-10-10T05:31:15.5511326Z  76 |     pub fn forward<T: ReadTxn>(&mut self, txn: &T, len: u32) {
2026-10-10T05:31:15.5511632Z     |            ^^^^^^^
2026-10-10T05:31:15.5511838Z ...
2026-10-10T05:31:15.5512106Z 130 |     pub fn backward<T: ReadTxn>(&mut self, txn: &mut T, mut len: u32) {
2026-10-10T05:31:15.5512438Z     |            ^^^^^^^^
2026-10-10T05:31:15.5512773Z ...
2026-10-10T05:31:15.5512978Z 369 |     pub fn values<'a, 'txn, T: ReadTxn>(
2026-10-10T05:31:15.5513331Z     |            ^^^^^^
2026-10-10T05:31:15.5513454Z 
2026-10-10T05:31:15.5513573Z warning: struct `Values` is never constructed
2026-10-10T05:31:15.5513863Z    --> vendor/yrs-0.28.0/src/block_iter.rs:377:12
2026-10-10T05:31:15.5514126Z     |
2026-10-10T05:31:15.5514314Z 377 | pub struct Values<'a, 'txn> {
2026-10-10T05:31:15.5514550Z     |            ^^^^^^
2026-10-10T05:31:15.5514677Z 
2026-10-10T05:31:15.5514790Z warning: associated function `new` is never used
2026-10-10T05:31:15.5515131Z    --> vendor/yrs-0.28.0/src/block_iter.rs:383:8
2026-10-10T05:31:15.5515500Z     |
2026-10-10T05:31:15.5515702Z 382 | impl<'a, 'txn> Values<'a, 'txn> {
2026-10-10T05:31:15.5516030Z     | ------------------------------- associated function in this implementation
2026-10-10T05:31:15.5516477Z 383 |     fn new(iter: &'a mut BlockIter, txn: &'txn mut TransactionMut<'txn>) -> Self {
2026-10-10T05:31:15.5516821Z     |        ^^^
2026-10-10T05:31:15.5516936Z 
2026-10-10T05:31:15.5517032Z warning: method `remove_at` is never used
2026-10-10T05:31:15.5517304Z    --> vendor/yrs-0.28.0/src/branch.rs:398:19
2026-10-10T05:31:15.5517551Z     |
2026-10-10T05:31:15.5517726Z 222 | impl Branch {
2026-10-10T05:31:15.5517945Z     | ----------- method in this implementation
2026-10-10T05:31:15.5518199Z ...
2026-10-10T05:31:15.5518510Z 398 |     pub(crate) fn remove_at(&self, txn: &mut TransactionMut, index: u32, len: u32) -> u32 {
2026-10-10T05:31:15.5518881Z     |                   ^^^^^^^^^
2026-10-10T05:31:15.5519021Z 
2026-10-10T05:31:15.5519212Z warning: method `inner_mut` is never used
2026-10-10T05:31:15.5519486Z    --> vendor/yrs-0.28.0/src/ids.rs:548:19
2026-10-10T05:31:15.5519720Z     |
2026-10-10T05:31:15.5519905Z  58 | impl<T: Merge> IdRanges<T> {
2026-10-10T05:31:15.5520180Z     | -------------------------- method in this implementation
2026-10-10T05:31:15.5520459Z ...
2026-10-10T05:31:15.5520739Z 548 |     pub(crate) fn inner_mut(&mut self) -> &mut SmallVec<[(Range<u32>, T); 1]> {
2026-10-10T05:31:15.5521087Z     |                   ^^^^^^^^^
2026-10-10T05:31:15.5521227Z 
2026-10-10T05:31:15.5521342Z warning: trait `BlockIterator` is never used
2026-10-10T05:31:15.5521611Z  --> vendor/yrs-0.28.0/src/iter.rs:7:18
2026-10-10T05:31:15.5521843Z   |
2026-10-10T05:31:15.5522095Z 7 | pub(crate) trait BlockIterator: Iterator<Item = ItemPtr> + Sized {
2026-10-10T05:31:15.5522410Z   |                  ^^^^^^^^^^^^^
2026-10-10T05:31:15.5522553Z 
2026-10-10T05:31:15.5522668Z warning: trait `BlockSliceIterator` is never used
2026-10-10T05:31:15.5522951Z   --> vendor/yrs-0.28.0/src/iter.rs:16:18
2026-10-10T05:31:15.5523181Z    |
2026-10-10T05:31:15.5523459Z 16 | pub(crate) trait BlockSliceIterator: Iterator<Item = ItemSlice> + Sized {
2026-10-10T05:31:15.5523791Z    |                  ^^^^^^^^^^^^^^^^^^
2026-10-10T05:31:15.5523938Z 
2026-10-10T05:31:15.5524145Z warning: struct `RangeIter` is never constructed
2026-10-10T05:31:15.5524423Z    --> vendor/yrs-0.28.0/src/iter.rs:106:19
2026-10-10T05:31:15.5524666Z     |
2026-10-10T05:31:15.5524869Z 106 | pub(crate) struct RangeIter<I> {
2026-10-10T05:31:15.5525112Z     |                   ^^^^^^^^^
2026-10-10T05:31:15.5525258Z 
2026-10-10T05:31:15.5525394Z warning: associated items `new` and `begin` are never used
2026-10-10T05:31:15.5525705Z    --> vendor/yrs-0.28.0/src/iter.rs:117:8
2026-10-10T05:31:15.5525954Z     |
2026-10-10T05:31:15.5526142Z 113 | / impl<I> RangeIter<I>
2026-10-10T05:31:15.5526367Z 114 | | where
2026-10-10T05:31:15.5526576Z 115 | |     I: Iterator<Item = ItemPtr>,
2026-10-10T05:31:15.5526901Z     | |________________________________- associated items in this implementation
2026-10-10T05:31:15.5527227Z 116 |   {
2026-10-10T05:31:15.5527503Z 117 |       fn new(iter: I, start: StickyIndex, end: StickyIndex) -> Self {
2026-10-10T05:31:15.5527834Z     |          ^^^
2026-10-10T05:31:15.5528033Z ...
2026-10-10T05:31:15.5528307Z 126 |       fn begin(&mut self, start_offset: &mut u32) -> Option<ItemPtr> {
2026-10-10T05:31:15.5528634Z     |          ^^^^^
2026-10-10T05:31:15.5528840Z 
2026-10-10T05:31:15.5528959Z warning: enum `RangeIterState` is never used
2026-10-10T05:31:15.5529332Z    --> vendor/yrs-0.28.0/src/iter.rs:234:6
2026-10-10T05:31:15.5529581Z     |
2026-10-10T05:31:15.5529784Z 234 | enum RangeIterState {
2026-10-10T05:31:15.5530146Z     |      ^^^^^^^^^^^^^^
2026-10-10T05:31:15.5530354Z 
2026-10-10T05:31:15.5530516Z warning: struct `Values` is never constructed
2026-10-10T05:31:15.5530945Z    --> vendor/yrs-0.28.0/src/iter.rs:245:19
2026-10-10T05:31:15.5531295Z     |
2026-10-10T05:31:15.5531593Z 245 | pub(crate) struct Values<I> {
2026-10-10T05:31:15.5531960Z     |                   ^^^^^^
2026-10-10T05:31:15.5532235Z 
2026-10-10T05:31:15.5532414Z warning: associated function `new` is never used
2026-10-10T05:31:15.5532854Z    --> vendor/yrs-0.28.0/src/iter.rs:251:8
2026-10-10T05:31:15.5533221Z     |
2026-10-10T05:31:15.5533488Z 250 | impl<I> Values<I> {
2026-10-10T05:31:15.5533898Z     | ----------------- associated function in this implementation
2026-10-10T05:31:15.5534379Z 251 |     fn new(iter: I) -> Self {
2026-10-10T05:31:15.5534767Z     |        ^^^
2026-10-10T05:31:15.5534891Z 
2026-10-10T05:31:15.5534992Z warning: field `txn` is never read
2026-10-10T05:31:15.5535254Z    --> vendor/yrs-0.28.0/src/iter.rs:287:5
2026-10-10T05:31:15.5535516Z     |
2026-10-10T05:31:15.5535713Z 286 | pub struct AsIter<'a, T, I> {
2026-10-10T05:31:15.5535976Z     |            ------ field in this struct
2026-10-10T05:31:15.5536237Z 287 |     txn: &'a T,
2026-10-10T05:31:15.5536446Z     |     ^^^
2026-10-10T05:31:15.5536631Z     |
2026-10-10T05:31:15.5537040Z     = note: `AsIter` has a derived impl for the trait `Debug`, but this is intentionally ignored during dead code analysis
2026-10-10T05:31:15.5537418Z 
2026-10-10T05:31:15.5537614Z warning: methods `adjacent`, `contains_id`, `right`, and `left` are never used
2026-10-10T05:31:15.5537997Z    --> vendor/yrs-0.28.0/src/slice.rs:164:12
2026-10-10T05:31:15.5538254Z     |
2026-10-10T05:31:15.5538446Z 105 | impl ItemSlice {
2026-10-10T05:31:15.5538704Z     | -------------- methods in this implementation
2026-10-10T05:31:15.5538975Z ...
2026-10-10T05:31:15.5539271Z 164 |     pub fn adjacent(&self) -> bool {
2026-10-10T05:31:15.5539538Z     |            ^^^^^^^^
2026-10-10T05:31:15.5539748Z ...
2026-10-10T05:31:15.5539972Z 179 |     pub fn contains_id(&self, id: &ID) -> bool {
2026-10-10T05:31:15.5540259Z     |            ^^^^^^^^^^^
2026-10-10T05:31:15.5540482Z ...
2026-10-10T05:31:15.5540706Z 249 |     pub fn right(&self) -> Option<ItemSlice> {
2026-10-10T05:31:15.5540991Z     |            ^^^^^
2026-10-10T05:31:15.5541202Z ...
2026-10-10T05:31:15.5541419Z 269 |     pub fn left(&self) -> Option<ItemSlice> {
2026-10-10T05:31:15.5541692Z     |            ^^^^
2026-10-10T05:31:15.5541816Z 
2026-10-10T05:31:15.5541973Z warning: methods `within_range` and `get_item` are never used
2026-10-10T05:31:15.5542426Z    --> vendor/yrs-0.28.0/src/sticky_index.rs:272:19
2026-10-10T05:31:15.5542704Z     |
2026-10-10T05:31:15.5542905Z  51 | impl StickyIndex {
2026-10-10T05:31:15.5543179Z     | ---------------- methods in this implementation
2026-10-10T05:31:15.5543482Z ...
2026-10-10T05:31:15.5543771Z 272 |     pub(crate) fn within_range(&self, ptr: Option<ItemPtr>) -> bool {
2026-10-10T05:31:15.5544120Z     |                   ^^^^^^^^^^^^
2026-10-10T05:31:15.5544352Z ...
2026-10-10T05:31:15.5544631Z 287 |     pub(crate) fn get_item<T: ReadTxn>(&self, txn: &T) -> Option<ItemPtr> {
2026-10-10T05:31:15.5544983Z     |                   ^^^^^^^^
2026-10-10T05:31:15.5545129Z 
2026-10-10T05:31:15.5545323Z warning: hiding a lifetime that's elided elsewhere is confusing
2026-10-10T05:31:15.5545664Z   --> vendor/yrs-0.28.0/src/event.rs:63:18
2026-10-10T05:31:15.5545913Z    |
2026-10-10T05:31:15.5546138Z 63 |     pub fn added(&self) -> SubdocsEventIter {
2026-10-10T05:31:15.5546486Z    |                  ^^^^^     ^^^^^^^^^^^^^^^^ the same lifetime is hidden here
2026-10-10T05:31:15.5546790Z    |                  |
2026-10-10T05:31:15.5547049Z    |                  the lifetime is elided here
2026-10-10T05:31:15.5547381Z    |
2026-10-10T05:31:15.5547720Z    = help: the same lifetime is referred to in inconsistent ways, making the signature confusing
2026-10-10T05:31:15.5548192Z    = note: `#[warn(mismatched_lifetime_syntaxes)]` on by default
2026-10-10T05:31:15.5548513Z help: use `'_` for type paths
2026-10-10T05:31:15.5548741Z    |
2026-10-10T05:31:15.5548967Z 63 |     pub fn added(&self) -> SubdocsEventIter<'_> {
2026-10-10T05:31:15.5549579Z    |                                            ++++
2026-10-10T05:31:15.5549814Z 
2026-10-10T05:31:15.5550040Z warning: hiding a lifetime that's elided elsewhere is confusing
2026-10-10T05:31:15.5550547Z   --> vendor/yrs-0.28.0/src/event.rs:69:20
2026-10-10T05:31:15.5550920Z    |
2026-10-10T05:31:15.5551222Z 69 |     pub fn removed(&self) -> SubdocsEventIter {
2026-10-10T05:31:15.5551783Z    |                    ^^^^^     ^^^^^^^^^^^^^^^^ the same lifetime is hidden here
2026-10-10T05:31:15.5552165Z    |                    |
2026-10-10T05:31:15.5552552Z    |                    the lifetime is elided here
2026-10-10T05:31:15.5552935Z    |
2026-10-10T05:31:15.5553426Z    = help: the same lifetime is referred to in inconsistent ways, making the signature confusing
2026-10-10T05:31:15.5554053Z help: use `'_` for type paths
2026-10-10T05:31:15.5554357Z    |
2026-10-10T05:31:15.5554675Z 69 |     pub fn removed(&self) -> SubdocsEventIter<'_> {
2026-10-10T05:31:15.5555118Z    |                                              ++++
2026-10-10T05:31:15.5555371Z 
2026-10-10T05:31:15.5555607Z warning: hiding a lifetime that's elided elsewhere is confusing
2026-10-10T05:31:15.5556087Z   --> vendor/yrs-0.28.0/src/event.rs:75:19
2026-10-10T05:31:15.5556440Z    |
2026-10-10T05:31:15.5556726Z 75 |     pub fn loaded(&self) -> SubdocsEventIter {
2026-10-10T05:31:15.5557211Z    |                   ^^^^^     ^^^^^^^^^^^^^^^^ the same lifetime is hidden here
2026-10-10T05:31:15.5557640Z    |                   |
2026-10-10T05:31:15.5557973Z    |                   the lifetime is elided here
2026-10-10T05:31:15.5558351Z    |
2026-10-10T05:31:15.5558976Z    = help: the same lifetime is referred to in inconsistent ways, making the signature confusing
2026-10-10T05:31:15.5559627Z help: use `'_` for type paths
2026-10-10T05:31:15.5559850Z    |
2026-10-10T05:31:15.5560188Z 75 |     pub fn loaded(&self) -> SubdocsEventIter<'_> {
2026-10-10T05:31:15.5560633Z    |                                             ++++
2026-10-10T05:31:15.5560904Z 
2026-10-10T05:31:15.5561164Z warning: hiding a lifetime that's elided elsewhere is confusing
2026-10-10T05:31:15.5561669Z    --> vendor/yrs-0.28.0/src/store.rs:358:20
2026-10-10T05:31:15.5562027Z     |
2026-10-10T05:31:15.5562319Z 358 |     pub fn subdocs(&self) -> SubdocsIter {
2026-10-10T05:31:15.5562961Z     |                    ^^^^^     ^^^^^^^^^^^ the same lifetime is hidden here
2026-10-10T05:31:15.5563415Z     |                    |
2026-10-10T05:31:15.5563758Z     |                    the lifetime is elided here
2026-10-10T05:31:15.5564131Z     |
2026-10-10T05:31:15.5564611Z     = help: the same lifetime is referred to in inconsistent ways, making the signature confusing
2026-10-10T05:31:15.5565219Z help: use `'_` for type paths
2026-10-10T05:31:15.5565531Z     |
2026-10-10T05:31:15.5565830Z 358 |     pub fn subdocs(&self) -> SubdocsIter<'_> {
2026-10-10T05:31:15.5566232Z     |                                         ++++
2026-10-10T05:31:15.5566480Z 
2026-10-10T05:31:15.5566707Z warning: hiding a lifetime that's elided elsewhere is confusing
2026-10-10T05:31:15.5567178Z    --> vendor/yrs-0.28.0/src/store.rs:364:25
2026-10-10T05:31:15.5567520Z     |
2026-10-10T05:31:15.5567802Z 364 |     pub fn subdoc_guids(&self) -> SubdocGuids {
2026-10-10T05:31:15.5568273Z     |                         ^^^^^     ^^^^^^^^^^^ the same lifetime is hidden here
2026-10-10T05:31:15.5568774Z     |                         |
2026-10-10T05:31:15.5569254Z     |                         the lifetime is elided here
2026-10-10T05:31:15.5569641Z     |
2026-10-10T05:31:15.5570276Z     = help: the same lifetime is referred to in inconsistent ways, making the signature confusing
2026-10-10T05:31:15.5570669Z help: use `'_` for type paths
2026-10-10T05:31:15.5570888Z     |
2026-10-10T05:31:15.5571115Z 364 |     pub fn subdoc_guids(&self) -> SubdocGuids<'_> {
2026-10-10T05:31:15.5571415Z     |                                              ++++
2026-10-10T05:31:15.5571590Z 
2026-10-10T05:31:15.5571737Z warning: hiding a lifetime that's elided elsewhere is confusing
2026-10-10T05:31:15.5572062Z    --> vendor/yrs-0.28.0/src/store.rs:444:28
2026-10-10T05:31:15.5572312Z     |
2026-10-10T05:31:15.5572578Z 444 |     pub(crate) fn try_read(&self) -> Option<RwLockReadGuard<Store>> {
2026-10-10T05:31:15.5572986Z     |                            ^^^^^            ^^^^^^^^^^^^^^^^^^^^^^ the same lifetime is hidden here
2026-10-10T05:31:15.5573310Z     |                            |
2026-10-10T05:31:15.5573569Z     |                            the lifetime is elided here
2026-10-10T05:31:15.5573832Z     |
2026-10-10T05:31:15.5574156Z     = help: the same lifetime is referred to in inconsistent ways, making the signature confusing
2026-10-10T05:31:15.5574544Z help: use `'_` for type paths
2026-10-10T05:31:15.5574765Z     |
2026-10-10T05:31:15.5575036Z 444 |     pub(crate) fn try_read(&self) -> Option<RwLockReadGuard<'_, Store>> {
2026-10-10T05:31:15.5575395Z     |                                                             +++
2026-10-10T05:31:15.5575592Z 
2026-10-10T05:31:15.5575751Z warning: hiding a lifetime that's elided elsewhere is confusing
2026-10-10T05:31:15.5576077Z    --> vendor/yrs-0.28.0/src/store.rs:449:33
2026-10-10T05:31:15.5576318Z     |
2026-10-10T05:31:15.5576569Z 449 |     pub(crate) fn read_blocking(&self) -> RwLockReadGuard<Store> {
2026-10-10T05:31:15.5576953Z     |                                 ^^^^^     ^^^^^^^^^^^^^^^^^^^^^^ the same lifetime is hidden here
2026-10-10T05:31:15.5577269Z     |                                 |
2026-10-10T05:31:15.5577540Z     |                                 the lifetime is elided here
2026-10-10T05:31:15.5577804Z     |
2026-10-10T05:31:15.5578145Z     = help: the same lifetime is referred to in inconsistent ways, making the signature confusing
2026-10-10T05:31:15.5578552Z help: use `'_` for type paths
2026-10-10T05:31:15.5578767Z     |
2026-10-10T05:31:15.5579068Z 449 |     pub(crate) fn read_blocking(&self) -> RwLockReadGuard<'_, Store> {
2026-10-10T05:31:15.5579627Z     |                                                           +++
2026-10-10T05:31:15.5579814Z 
2026-10-10T05:31:15.5579975Z warning: hiding a lifetime that's elided elsewhere is confusing
2026-10-10T05:31:15.5580300Z    --> vendor/yrs-0.28.0/src/store.rs:458:30
2026-10-10T05:31:15.5580543Z     |
2026-10-10T05:31:15.5580769Z 458 |     pub(crate) fn read_async(&self) -> Read<Store> {
2026-10-10T05:31:15.5581188Z     |                              ^^^^^     ^^^^^^^^^^^ the same lifetime is hidden here
2026-10-10T05:31:15.5581500Z     |                              |
2026-10-10T05:31:15.5581768Z     |                              the lifetime is elided here
2026-10-10T05:31:15.5582026Z     |
2026-10-10T05:31:15.5582339Z     = help: the same lifetime is referred to in inconsistent ways, making the signature confusing
2026-10-10T05:31:15.5582729Z help: use `'_` for type paths
2026-10-10T05:31:15.5582948Z     |
2026-10-10T05:31:15.5583174Z 458 |     pub(crate) fn read_async(&self) -> Read<'_, Store> {
2026-10-10T05:31:15.5583473Z     |                                             +++
2026-10-10T05:31:15.5583649Z 
2026-10-10T05:31:15.5583794Z warning: hiding a lifetime that's elided elsewhere is confusing
2026-10-10T05:31:15.5584149Z    --> vendor/yrs-0.28.0/src/store.rs:462:29
2026-10-10T05:31:15.5584392Z     |
2026-10-10T05:31:15.5584661Z 462 |     pub(crate) fn try_write(&self) -> Option<RwLockWriteGuard<Store>> {
2026-10-10T05:31:15.5585062Z     |                             ^^^^^            ^^^^^^^^^^^^^^^^^^^^^^^ the same lifetime is hidden here
2026-10-10T05:31:15.5585450Z     |                             |
2026-10-10T05:31:15.5585712Z     |                             the lifetime is elided here
2026-10-10T05:31:15.5585974Z     |
2026-10-10T05:31:15.5586296Z     = help: the same lifetime is referred to in inconsistent ways, making the signature confusing
2026-10-10T05:31:15.5586682Z help: use `'_` for type paths
2026-10-10T05:31:15.5586899Z     |
2026-10-10T05:31:15.5587173Z 462 |     pub(crate) fn try_write(&self) -> Option<RwLockWriteGuard<'_, Store>> {
2026-10-10T05:31:15.5587548Z     |                                                               +++
2026-10-10T05:31:15.5587859Z 
2026-10-10T05:31:15.5588085Z warning: hiding a lifetime that's elided elsewhere is confusing
2026-10-10T05:31:15.5588556Z    --> vendor/yrs-0.28.0/src/store.rs:467:34
2026-10-10T05:31:15.5588945Z     |
2026-10-10T05:31:15.5589438Z 467 |     pub(crate) fn write_blocking(&self) -> RwLockWriteGuard<Store> {
2026-10-10T05:31:15.5590061Z     |                                  ^^^^^     ^^^^^^^^^^^^^^^^^^^^^^^ the same lifetime is hidden here
2026-10-10T05:31:15.5590541Z     |                                  |
2026-10-10T05:31:15.5590970Z     |                                  the lifetime is elided here
2026-10-10T05:31:15.5591333Z     |
2026-10-10T05:31:15.5591649Z     = help: the same lifetime is referred to in inconsistent ways, making the signature confusing
2026-10-10T05:31:15.5592039Z help: use `'_` for type paths
2026-10-10T05:31:15.5592259Z     |
2026-10-10T05:31:15.5592528Z 467 |     pub(crate) fn write_blocking(&self) -> RwLockWriteGuard<'_, Store> {
2026-10-10T05:31:15.5592888Z     |                                                             +++
2026-10-10T05:31:15.5593084Z 
2026-10-10T05:31:15.5593242Z warning: hiding a lifetime that's elided elsewhere is confusing
2026-10-10T05:31:15.5593574Z    --> vendor/yrs-0.28.0/src/store.rs:476:31
2026-10-10T05:31:15.5593818Z     |
2026-10-10T05:31:15.5594050Z 476 |     pub(crate) fn write_async(&self) -> Write<Store> {
2026-10-10T05:31:15.5594397Z     |                               ^^^^^     ^^^^^^^^^^^^ the same lifetime is hidden here
2026-10-10T05:31:15.5594724Z     |                               |
2026-10-10T05:31:15.5595139Z     |                               the lifetime is elided here
2026-10-10T05:31:15.5595405Z     |
2026-10-10T05:31:15.5595723Z     = help: the same lifetime is referred to in inconsistent ways, making the signature confusing
2026-10-10T05:31:15.5596118Z help: use `'_` for type paths
2026-10-10T05:31:15.5596334Z     |
2026-10-10T05:31:15.5596563Z 476 |     pub(crate) fn write_async(&self) -> Write<'_, Store> {
2026-10-10T05:31:15.5596876Z     |                                               +++
2026-10-10T05:31:15.5597048Z 
2026-10-10T05:31:15.5597202Z warning: hiding a lifetime that's elided elsewhere is confusing
2026-10-10T05:31:15.5597634Z    --> vendor/yrs-0.28.0/src/transaction.rs:168:18
2026-10-10T05:31:15.5597899Z     |
2026-10-10T05:31:15.5598106Z 168 |     fn root_refs(&self) -> RootRefs {
2026-10-10T05:31:15.5598416Z     |                  ^^^^^     ^^^^^^^^ the same lifetime is hidden here
2026-10-10T05:31:15.5598720Z     |                  |
2026-10-10T05:31:15.5598967Z     |                  the lifetime is elided here
2026-10-10T05:31:15.5599368Z     |
2026-10-10T05:31:15.5599696Z     = help: the same lifetime is referred to in inconsistent ways, making the signature confusing
2026-10-10T05:31:15.5600095Z help: use `'_` for type paths
2026-10-10T05:31:15.5600315Z     |
2026-10-10T05:31:15.5600523Z 168 |     fn root_refs(&self) -> RootRefs<'_> {
2026-10-10T05:31:15.5600801Z     |                                    ++++
2026-10-10T05:31:15.5600977Z 
2026-10-10T05:31:15.5601123Z warning: hiding a lifetime that's elided elsewhere is confusing
2026-10-10T05:31:15.5601472Z    --> vendor/yrs-0.28.0/src/transaction.rs:175:21
2026-10-10T05:31:15.5601743Z     |
2026-10-10T05:31:15.5601960Z 175 |     fn subdoc_guids(&self) -> SubdocGuids {
2026-10-10T05:31:15.5602275Z     |                     ^^^^^     ^^^^^^^^^^^ the same lifetime is hidden here
2026-10-10T05:31:15.5602642Z     |                     |
2026-10-10T05:31:15.5602886Z     |                     the lifetime is elided here
2026-10-10T05:31:15.5603137Z     |
2026-10-10T05:31:15.5603449Z     = help: the same lifetime is referred to in inconsistent ways, making the signature confusing
2026-10-10T05:31:15.5603831Z help: use `'_` for type paths
2026-10-10T05:31:15.5604052Z     |
2026-10-10T05:31:15.5604271Z 175 |     fn subdoc_guids(&self) -> SubdocGuids<'_> {
2026-10-10T05:31:15.5604581Z     |                                          ++++
2026-10-10T05:31:15.5604750Z 
2026-10-10T05:31:15.5604904Z warning: hiding a lifetime that's elided elsewhere is confusing
2026-10-10T05:31:15.5605240Z    --> vendor/yrs-0.28.0/src/transaction.rs:181:16
2026-10-10T05:31:15.5605497Z     |
2026-10-10T05:31:15.5605703Z 181 |     fn subdocs(&self) -> SubdocsIter {
2026-10-10T05:31:15.5606001Z     |                ^^^^^     ^^^^^^^^^^^ the same lifetime is hidden here
2026-10-10T05:31:15.5606285Z     |                |
2026-10-10T05:31:15.5606508Z     |                the lifetime is elided here
2026-10-10T05:31:15.5606759Z     |
2026-10-10T05:31:15.5607083Z     = help: the same lifetime is referred to in inconsistent ways, making the signature confusing
2026-10-10T05:31:15.5607465Z help: use `'_` for type paths
2026-10-10T05:31:15.5607681Z     |
2026-10-10T05:31:15.5607883Z 181 |     fn subdocs(&self) -> SubdocsIter<'_> {
2026-10-10T05:31:15.5608156Z     |                                     ++++
2026-10-10T05:31:15.5608322Z 
2026-10-10T05:31:15.5608483Z warning: hiding a lifetime that's elided elsewhere is confusing
2026-10-10T05:31:15.5608808Z    --> vendor/yrs-0.28.0/src/types/mod.rs:911:17
2026-10-10T05:31:15.5609059Z     |
2026-10-10T05:31:15.5609526Z 911 |     pub fn iter(&self) -> EventsIter {
2026-10-10T05:31:15.5609853Z     |                 ^^^^^     ^^^^^^^^^^ the same lifetime is hidden here
2026-10-10T05:31:15.5610138Z     |                 |
2026-10-10T05:31:15.5610369Z     |                 the lifetime is elided here
2026-10-10T05:31:15.5610622Z     |
2026-10-10T05:31:15.5610941Z     = help: the same lifetime is referred to in inconsistent ways, making the signature confusing
2026-10-10T05:31:15.5611327Z help: use `'_` for type paths
2026-10-10T05:31:15.5611545Z     |
2026-10-10T05:31:15.5611750Z 911 |     pub fn iter(&self) -> EventsIter<'_> {
2026-10-10T05:31:15.5612022Z     |                                     ++++
2026-10-10T05:31:15.5612193Z 
2026-10-10T05:31:15.5701832Z warning: hiding a lifetime that's elided elsewhere is confusing
2026-10-10T05:31:15.5702441Z   --> vendor/yrs-0.28.0/src/state_vector.rs:93:17
2026-10-10T05:31:15.5702834Z    |
2026-10-10T05:31:15.5703317Z 93 |     pub fn iter(&self) -> std::collections::hash_map::Iter<ClientID, u32> {
2026-10-10T05:31:15.5704195Z    |                 ^^^^^     ^^^^^^^^^^^^^^^^^^^^^^^^^^^^^^^^^^^^^^^^^^^^^^^ the same lifetime is hidden here
2026-10-10T05:31:15.5704565Z    |                 |
2026-10-10T05:31:15.5704800Z    |                 the lifetime is elided here
2026-10-10T05:31:15.5705061Z    |
2026-10-10T05:31:15.5705396Z    = help: the same lifetime is referred to in inconsistent ways, making the signature confusing
2026-10-10T05:31:15.5705812Z help: use `'_` for type paths
2026-10-10T05:31:15.5706037Z    |
2026-10-10T05:31:15.5706324Z 93 |     pub fn iter(&self) -> std::collections::hash_map::Iter<'_, ClientID, u32> {
2026-10-10T05:31:15.5706692Z    |                                                            +++
2026-10-10T05:31:15.5706882Z 
2026-10-10T05:31:15.5713149Z warning: hiding a lifetime that's elided elsewhere is confusing
2026-10-10T05:31:15.5713855Z    --> vendor/yrs-0.28.0/src/sync/awareness.rs:141:17
2026-10-10T05:31:15.5714311Z     |
2026-10-10T05:31:15.5714641Z 141 |     pub fn iter(&self) -> AwarenessIter {
2026-10-10T05:31:15.5715173Z     |                 ^^^^^     ^^^^^^^^^^^^^ the same lifetime is hidden here
2026-10-10T05:31:15.5715639Z     |                 |
2026-10-10T05:31:15.5715980Z     |                 the lifetime is elided here
2026-10-10T05:31:15.5716570Z     |
2026-10-10T05:31:15.5717120Z     = help: the same lifetime is referred to in inconsistent ways, making the signature confusing
2026-10-10T05:31:15.5717755Z help: use `'_` for type paths
2026-10-10T05:31:15.5718091Z     |
2026-10-10T05:31:15.5718398Z 141 |     pub fn iter(&self) -> AwarenessIter<'_> {
2026-10-10T05:31:15.5718847Z     |                                        ++++
2026-10-10T05:31:15.5719348Z 
2026-10-10T05:31:22.1120583Z warning: `yrs` (lib) generated 58 warnings (run `cargo fix --lib -p yrs` to apply 27 suggestions)
2026-10-10T05:31:22.1121585Z    Compiling tandemlog-text v0.0.0 (/home/runner/work/tandemlog/tandemlog/native/text_engine)
2026-10-10T05:31:35.5484816Z     Finished `release` profile [optimized] target(s) in 27.49s
2026-10-10T05:31:36.3107223Z Required production native ABI loaded: /home/runner/work/_temp/native-unit/libtandemlog_text.so
2026-10-10T05:31:36.3214999Z ##[group]Run flutter test
2026-10-10T05:31:36.3215297Z [36;1mflutter test[0m
2026-10-10T05:31:36.3255315Z shell: /usr/bin/bash -e {0}
2026-10-10T05:31:36.3255590Z env:
2026-10-10T05:31:36.3255909Z   CARGO_HOME: /home/runner/work/_temp/tandemlog-rust-bootstrap/cargo
2026-10-10T05:31:36.3256353Z   RUSTUP_HOME: /home/runner/work/_temp/tandemlog-rust-bootstrap/rustup
2026-10-10T05:31:36.3256786Z   RUSTUP_UPDATE_ROOT: https://static.rust-lang.org/rustup
2026-10-10T05:31:36.3257144Z   RUSTUP_DIST_SERVER: https://static.rust-lang.org
2026-10-10T05:31:36.3257437Z   RUSTUP_AUTO_INSTALL: 0
2026-10-10T05:31:36.3257785Z   TANDEMLOG_TEXT_TARGET_DIR: /home/runner/work/_temp/tandemlog-rust-bootstrap/target
2026-10-10T05:31:36.3258268Z   TANDEMLOG_TEXT_LIBRARY: /home/runner/work/_temp/native-unit/libtandemlog_text.so
2026-10-10T05:31:36.3258630Z ##[endgroup]
2026-10-10T05:31:36.4671769Z Resolving dependencies...
2026-10-10T05:31:36.5392935Z Downloading packages...
2026-10-10T05:31:36.6003656Z   code_assets 1.2.1 (2.1.0 available)
2026-10-10T05:31:36.6004086Z   cross_file 0.3.5+5 (0.4.0 available)
2026-10-10T05:31:36.6004368Z   jni 1.0.3 (1.1.0 available)
2026-10-10T05:31:36.6004613Z   jni_flutter 1.0.3 (1.0.4+1 available)
2026-10-10T05:31:36.6004900Z   material_color_utilities 0.13.0 (0.13.1 available)
2026-10-10T05:31:36.6005206Z   native_toolchain_c 0.19.3 (0.19.5 available)
2026-10-10T05:31:36.6005480Z   objective_c 9.5.0 (9.6.2 available)
2026-10-10T05:31:36.6005741Z   test_api 0.7.12 (0.7.15 available)
2026-10-10T05:31:36.6006053Z   url_launcher 6.3.2 (6.3.3 available)
2026-10-10T05:31:36.6006399Z   vector_math 2.4.0 (2.4.3 available)
2026-10-10T05:31:36.6006810Z Got dependencies!
2026-10-10T05:31:36.6007130Z 10 packages have newer versions incompatible with dependency constraints.
2026-10-10T05:31:36.6007509Z Try `flutter pub outdated` for more information.
2026-10-10T05:31:39.4575627Z 
2026-10-10T05:31:47.4965665Z ##[group]✅ Passing tests
2026-10-10T05:31:47.4967125Z ✅ /home/runner/work/tandemlog/tandemlog/test/view_time_source_test.dart: same-offset zone changes notify; unchanged fallback stays quiet
2026-10-10T05:31:47.5120240Z ✅ /home/runner/work/tandemlog/tandemlog/test/view_time_source_test.dart: late requests and disposed callbacks cannot replace current zone
2026-10-10T05:31:47.5235656Z ✅ /home/runner/work/tandemlog/tandemlog/test/view_time_source_test.dart: unknown local zone is explicit, and recovers without UTC guessing
2026-10-10T05:31:47.5267719Z ✅ /home/runner/work/tandemlog/tandemlog/test/view_time_source_test.dart: local mapping refuses disabled-DST or inconsistent OS offsets
2026-10-10T05:31:47.5299070Z ✅ /home/runner/work/tandemlog/tandemlog/test/view_time_source_test.dart: explicit Linux TZ identity does not need filesystem access
2026-10-10T05:31:47.5555989Z ✅ /home/runner/work/tandemlog/tandemlog/test/view_time_source_test.dart: Linux zone files honor localtime symlink and copied-file identity
2026-10-10T05:31:47.5742158Z ✅ /home/runner/work/tandemlog/tandemlog/test/event_chain_test.dart: independent Python SHA256 golden JSONL is byte-exact on re-encode
2026-10-10T05:31:47.5857112Z ✅ /home/runner/work/tandemlog/tandemlog/test/event_chain_test.dart: new records require an explicit predecessor beyond genesis
2026-10-10T05:31:47.5977540Z ✅ /home/runner/work/tandemlog/tandemlog/test/event_chain_test.dart: canonical bytes reject alternate spellings and duplicate fields
2026-10-10T05:31:47.6026651Z ✅ /home/runner/work/tandemlog/tandemlog/test/event_chain_test.dart: data key order is recursive and array order remains significant
2026-10-10T05:31:47.6176020Z ✅ /home/runner/work/tandemlog/tandemlog/test/event_chain_test.dart: altering any envelope field or content breaks the retained hash
2026-10-10T05:31:47.6248124Z ✅ /home/runner/work/tandemlog/tandemlog/test/event_chain_test.dart: hash fields must be full lowercase hex and are mandatory
2026-10-10T05:31:47.6316973Z ✅ /home/runner/work/tandemlog/tandemlog/test/event_chain_test.dart: literal Unicode survives, malformed surrogates never become replacements
2026-10-10T05:31:47.6362887Z ✅ /home/runner/work/tandemlog/tandemlog/test/event_chain_test.dart: canonical numeric grammar is plain safe integers, never floats
2026-10-10T05:31:47.6457417Z ✅ /home/runner/work/tandemlog/tandemlog/test/event_chain_test.dart: obsolete separate tag events are rejected rather than reinterpreted
2026-10-10T05:31:47.6838948Z ✅ /home/runner/work/tandemlog/tandemlog/test/event_chain_test.dart: event size admission counts UTF-8 bytes with an inclusive 1 MiB limit
2026-10-10T05:31:47.6882101Z ✅ /home/runner/work/tandemlog/tandemlog/test/event_chain_test.dart: v1 and v2 prerelease histories remain explicit preserved failures
2026-10-10T05:31:49.7096361Z ✅ /home/runner/work/tandemlog/tandemlog/test/initial_task_rank_test.dart: scalar capture retains top rank after Inbox triage and replay
2026-10-10T05:31:50.1473245Z ✅ /home/runner/work/tandemlog/tandemlog/test/initial_task_rank_test.dart: native capture retains top rank after Inbox triage and replay
2026-10-10T05:31:50.2689613Z ✅ /home/runner/work/tandemlog/tandemlog/test/initial_task_rank_test.dart: legacy creations and retries retain their released append order
2026-10-10T05:31:50.4104926Z ✅ /home/runner/work/tandemlog/tandemlog/test/initial_task_rank_test.dart: complete-prefix capture waits for initial position and retries exact suffix
2026-10-10T05:31:50.5401241Z ✅ /home/runner/work/tandemlog/tandemlog/test/initial_task_rank_test.dart: native capture never exposes creation intent before placement reservation
2026-10-10T05:31:50.6524673Z ✅ /home/runner/work/tandemlog/tandemlog/test/initial_task_rank_test.dart: native staging failure retains complete creation and placement reservation
2026-10-10T05:31:50.8862553Z ✅ /home/runner/work/tandemlog/tandemlog/test/initial_task_rank_test.dart: global first rank covers completed and other-assignee hidden tasks
2026-10-10T05:31:50.8961822Z ##[endgroup]
2026-10-10T05:31:50.8963485Z ##[group]✅ /home/runner/work/tandemlog/tandemlog/test/native_checklist_recompletion_test.dart: native offline checklist successor keeps its edited item after recompletion
2026-10-10T05:31:50.8964602Z HISTORICAL_RECOMPLETION recompletion: Native item Saved ChildItemA
2026-10-10T05:31:50.8965390Z ##[endgroup]
2026-10-10T05:31:51.1038079Z ##[group]✅ Passing tests
2026-10-10T05:31:51.1039503Z ✅ /home/runner/work/tandemlog/tandemlog/test/initial_task_rank_test.dart: multiline 1-record prefix retains exact placements through peer arrival and retry
2026-10-10T05:31:51.3601368Z ✅ /home/runner/work/tandemlog/tandemlog/test/initial_task_rank_test.dart: multiline 2-record prefix retains exact placements through peer arrival and retry
2026-10-10T05:31:51.5564526Z ✅ /home/runner/work/tandemlog/tandemlog/test/initial_task_rank_test.dart: multiline 3-record prefix retains exact placements through peer arrival and retry
2026-10-10T05:31:52.8630219Z ##[endgroup]
2026-10-10T05:31:52.8631827Z ##[group]✅ /home/runner/work/tandemlog/tandemlog/test/native_checklist_recompletion_test.dart: native offline checklist successor keeps its edited item after Undo
2026-10-10T05:31:52.8632773Z HISTORICAL_RECOMPLETION Undo: Native item Saved ChildItemA
2026-10-10T05:31:52.8633692Z ##[endgroup]
2026-10-10T05:31:54.3510944Z ##[group]✅ Passing tests
2026-10-10T05:31:54.3511882Z ✅ /home/runner/work/tandemlog/tandemlog/test/task_editor_tags_test.dart: removing a chip retains unrelated query, caret, and active composition
2026-10-10T05:31:54.5122431Z ##[endgroup]
2026-10-10T05:31:54.5125053Z ##[group]✅ /home/runner/work/tandemlog/tandemlog/test/native_checklist_recompletion_test.dart: native offline checklist successor keeps its edited item after recompletion cold replay
2026-10-10T05:31:54.5126420Z HISTORICAL_RECOMPLETION recompletion cold replay: Native item Saved ChildItemA
2026-10-10T05:31:54.5127295Z ##[endgroup]
2026-10-10T05:31:55.0894149Z ##[group]✅ Passing tests
2026-10-10T05:31:55.0895836Z ✅ /home/runner/work/tandemlog/tandemlog/test/task_editor_tags_test.dart: Enter uses existing match idempotently and Save resolves opaque pending inventory tag
2026-10-10T05:31:55.5968357Z ✅ /home/runner/work/tandemlog/tandemlog/test/task_editor_tags_test.dart: touch creation adds all new tokens and invalid query never enables it
2026-10-10T05:31:55.9521200Z ✅ /home/runner/work/tandemlog/tandemlog/test/task_editor_tags_test.dart: opaque original tags survive pending Save with exact case and spaces
2026-10-10T05:31:56.1260215Z ##[endgroup]
2026-10-10T05:31:56.1273088Z ##[group]✅ /home/runner/work/tandemlog/tandemlog/test/native_checklist_recompletion_test.dart: native offline checklist successor keeps its edited item after Undo cold replay
2026-10-10T05:31:56.1281854Z HISTORICAL_RECOMPLETION Undo cold replay: Native item Saved ChildItemA
2026-10-10T05:31:56.1308034Z ##[endgroup]
2026-10-10T05:31:56.2337610Z ##[group]✅ Passing tests
2026-10-10T05:31:56.2339962Z ✅ /home/runner/work/tandemlog/tandemlog/test/task_editor_tags_test.dart: failed Save retains selected chips and exact pending query
2026-10-10T05:31:56.3363830Z ✅ /home/runner/work/tandemlog/tandemlog/test/native_checklist_recompletion_test.dart: native recurrence without checklist reinitializes untouched child
2026-10-10T05:31:56.5448618Z ✅ /home/runner/work/tandemlog/tandemlog/test/task_editor_tags_test.dart: active tag composition blocks Save and canClose Save
2026-10-10T05:31:56.6115844Z ✅ /home/runner/work/tandemlog/tandemlog/test/native_checklist_recompletion_test.dart: native recurrence without checklist retains edited child
2026-10-10T05:31:56.8466188Z ✅ /home/runner/work/tandemlog/tandemlog/test/task_editor_tags_test.dart: single Save adds pending query without replacing selected tags
2026-10-10T05:31:57.2957367Z ✅ /home/runner/work/tandemlog/tandemlog/test/task_editor_tags_test.dart: pending query participates in canClose; Cancel retains it, Save commits it
2026-10-10T05:31:57.6022841Z ✅ /home/runner/work/tandemlog/tandemlog/test/task_editor_tags_test.dart: bulk Remove cannot create an unknown tag from an unfinished query
2026-10-10T05:31:58.0100288Z ✅ /home/runner/work/tandemlog/tandemlog/test/checklist_storage_test.dart: stale inline reorder stops before receipt after peer refresh
2026-10-10T05:31:58.4219299Z ✅ /home/runner/work/tandemlog/tandemlog/test/recurring_text_test.dart: failed native admission discards rejected replay authority and recovers, cancellation fault=false
2026-10-10T05:31:58.4787307Z ✅ /home/runner/work/tandemlog/tandemlog/test/recurring_text_test.dart: failed native admission discards rejected replay authority and recovers, cancellation fault=true
2026-10-10T05:31:58.5534427Z ✅ /home/runner/work/tandemlog/tandemlog/test/recurring_text_test.dart: actual native recurring inherited text new reference proofs preserve old exact-state proofs and reject substitution
2026-10-10T05:31:58.6053249Z ✅ /home/runner/work/tandemlog/tandemlog/test/checklist_storage_test.dart: one-level items have native title/notes, completion, order and targeted Undo
2026-10-10T05:31:58.8410937Z ✅ /home/runner/work/tandemlog/tandemlog/test/checklist_storage_test.dart: nested, non-task parents and cross-parent move anchors append nothing
2026-10-10T05:31:59.1622252Z ✅ /home/runner/work/tandemlog/tandemlog/test/recurring_text_test.dart: actual native recurring inherited text resolver shares recurrence references and advances native history once
2026-10-10T05:31:59.1937131Z ✅ /home/runner/work/tandemlog/tandemlog/test/recurring_text_test.dart: actual native recurring inherited text memo preserves union and rejects sparse closed prefixes after a hit
2026-10-10T05:31:59.2677695Z ✅ /home/runner/work/tandemlog/tandemlog/test/recurring_text_test.dart: actual native recurring inherited text memo budgets evict without changing replay or requiring native checkpoints
2026-10-10T05:31:59.5892358Z ✅ /home/runner/work/tandemlog/tandemlog/test/checklist_storage_test.dart: recurrence copies fresh unchecked items preserving order and native field identities
2026-10-10T05:31:59.8748674Z ✅ /home/runner/work/tandemlog/tandemlog/test/recurring_text_test.dart: actual native recurring inherited text shared originals remain bounded without evicting the latest edited proof
2026-10-10T05:31:59.9165964Z ✅ /home/runner/work/tandemlog/tandemlog/test/recurring_text_test.dart: actual native recurring inherited text offline title and notes union preserves acknowledged child prefix and duplicates
2026-10-10T05:31:59.9350657Z ✅ /home/runner/work/tandemlog/tandemlog/test/recurring_text_test.dart: actual native recurring inherited text later parent edits flow only through another completion and Undo retains contributions
2026-10-10T05:31:59.9556986Z ✅ /home/runner/work/tandemlog/tandemlog/test/recurring_text_test.dart: actual native recurring inherited text missing proof is pending; known wrong context or state hash is invalid
2026-10-10T05:31:59.9620351Z ✅ /home/runner/work/tandemlog/tandemlog/test/recurring_text_test.dart: actual native recurring inherited text actual foreign struct author is rejected
2026-10-10T05:31:59.9680312Z ✅ /home/runner/work/tandemlog/tandemlog/test/recurring_text_test.dart: actual native recurring inherited text reusing another writer’s actor claim is rejected
2026-10-10T05:31:59.9865182Z ✅ /home/runner/work/tandemlog/tandemlog/test/recurring_text_test.dart: actual native recurring inherited text grandchild prefix excludes a late ancestor completion
2026-10-10T05:32:00.0111186Z ✅ /home/runner/work/tandemlog/tandemlog/test/recurring_text_test.dart: actual native recurring inherited text missing current grant waits but a closed incomplete proof rejects
2026-10-10T05:32:00.0315017Z ✅ /home/runner/work/tandemlog/tandemlog/test/recurring_text_test.dart: actual native recurring inherited text union visible overflow rejects without modifying canonical inputs
2026-10-10T05:32:00.7296794Z ✅ /home/runner/work/tandemlog/tandemlog/test/local_profile_migration_test.dart: fresh profile creates one DB and stable settings identity without lock files
2026-10-10T05:32:00.7812623Z ✅ /home/runner/work/tandemlog/tandemlog/test/checklist_storage_test.dart: offline completions union item text and membership while preserving successor edits
2026-10-10T05:32:00.9855824Z ✅ /home/runner/work/tandemlog/tandemlog/test/checklist_storage_test.dart: scalar parent can recur with native checklist without a forced parent text baseline
2026-10-10T05:32:01.1816210Z ✅ /home/runner/work/tandemlog/tandemlog/test/local_profile_migration_test.dart: verified full import cleans known originals, preserves unknown/canonical data and identity
2026-10-10T05:32:01.3725542Z ✅ /home/runner/work/tandemlog/tandemlog/test/checklist_storage_test.dart: historical recompletion leaves the independently initialized child checklist untouched
2026-10-10T05:32:01.4274620Z ✅ /home/runner/work/tandemlog/tandemlog/test/local_profile_migration_test.dart: restart resumes without identity change at import.started
2026-10-10T05:32:01.6475893Z ✅ /home/runner/work/tandemlog/tandemlog/test/local_profile_migration_test.dart: restart resumes without identity change at files.imported
2026-10-10T05:32:01.8471299Z ✅ /home/runner/work/tandemlog/tandemlog/test/checklist_storage_test.dart: saved item completion/move/delete protects successor from completion Undo
2026-10-10T05:32:01.8561953Z ✅ /home/runner/work/tandemlog/tandemlog/test/local_profile_migration_test.dart: restart resumes without identity change at caches.imported
2026-10-10T05:32:02.0849913Z ✅ /home/runner/work/tandemlog/tandemlog/test/local_profile_migration_test.dart: restart resumes without identity change at cleanup.planned
2026-10-10T05:32:02.3109361Z ✅ /home/runner/work/tandemlog/tandemlog/test/local_profile_migration_test.dart: restart resumes without identity change at sources.verified
2026-10-10T05:32:02.5281629Z ✅ /home/runner/work/tandemlog/tandemlog/test/local_profile_migration_test.dart: restart resumes without identity change at activation.before
2026-10-10T05:32:02.5627339Z ✅ /home/runner/work/tandemlog/tandemlog/test/checklist_storage_test.dart: late offline copy cannot overwrite a saved child order or checked state
2026-10-10T05:32:02.6971439Z ✅ /home/runner/work/tandemlog/tandemlog/test/local_profile_migration_test.dart: restart resumes without identity change at activation.committed
2026-10-10T05:32:02.8648736Z ✅ /home/runner/work/tandemlog/tandemlog/test/local_profile_migration_test.dart: restart resumes without identity change at cleanup.marked
2026-10-10T05:32:03.0141782Z ✅ /home/runner/work/tandemlog/tandemlog/test/checklist_storage_test.dart: scalar-mode checklist history also preserves initialized child on historical recompletion
2026-10-10T05:32:03.0330387Z ✅ /home/runner/work/tandemlog/tandemlog/test/local_profile_migration_test.dart: restart resumes without identity change at cleanup.deleted
2026-10-10T05:32:03.2048593Z ✅ /home/runner/work/tandemlog/tandemlog/test/local_profile_migration_test.dart: restart resumes without identity change at cleanup.committed
2026-10-10T05:32:03.3702372Z ✅ /home/runner/work/tandemlog/tandemlog/test/local_profile_migration_test.dart: restart resumes without identity change at cleanup.finished
2026-10-10T05:32:03.4441024Z ✅ /home/runner/work/tandemlog/tandemlog/test/local_profile_migration_test.dart: activated private intent cannot disappear without atomic retirement proof
2026-10-10T05:32:03.5838838Z ✅ /home/runner/work/tandemlog/tandemlog/test/checklist_storage_test.dart: copied-item native proofs work through three generations and exact membership cannot be forged
2026-10-10T05:32:04.0030598Z ✅ /home/runner/work/tandemlog/tandemlog/test/checklist_storage_test.dart: untouched copied items follow successor suppression and identical cold/warm cache replay
2026-10-10T05:32:04.7307056Z ✅ /home/runner/work/tandemlog/tandemlog/test/stable_v3_compatibility_test.dart: first stable v3 bytes, identities, clocks and event meanings stay frozen
2026-10-10T05:32:05.1021227Z ✅ /home/runner/work/tandemlog/tandemlog/test/stable_v3_compatibility_test.dart: frozen history converges after arrival [22222222-2222-4222-8222-222222222222, 33333333-3333-4333-8333-333333333333] and cache rebuild
2026-10-10T05:32:05.3018216Z ✅ /home/runner/work/tandemlog/tandemlog/test/stable_v3_compatibility_test.dart: frozen history converges after arrival [33333333-3333-4333-8333-333333333333, 22222222-2222-4222-8222-222222222222] and cache rebuild
2026-10-10T05:32:05.4748983Z ✅ /home/runner/work/tandemlog/tandemlog/test/stable_v3_compatibility_test.dart: new writer extends frozen v3 without rewriting prior history
2026-10-10T05:32:06.2251396Z ✅ /home/runner/work/tandemlog/tandemlog/test/text_cache_inheritance_test.dart: resolved inherited cache preserves original claims and rebuilds corrupt disposable state
2026-10-10T05:32:06.5726746Z ✅ /home/runner/work/tandemlog/tandemlog/test/local_profile_migration_test.dart: actual crash-retained legacy WAL and SHM import and cleanup
2026-10-10T05:32:06.6898294Z ✅ /home/runner/work/tandemlog/tandemlog/test/local_profile_migration_test.dart: cleanup boundary rechecks target before deleting the source
2026-10-10T05:32:06.8189442Z ✅ /home/runner/work/tandemlog/tandemlog/test/local_profile_migration_test.dart: valid guard regression after activation retains original authority
2026-10-10T05:32:06.9707720Z ✅ /home/runner/work/tandemlog/tandemlog/test/local_profile_migration_test.dart: changed cleanup source fails closed and resumes only after exact restoration
2026-10-10T05:32:07.0655824Z ✅ /home/runner/work/tandemlog/tandemlog/test/local_profile_migration_test.dart: missing protected_settings at final activation gate retains originals
2026-10-10T05:32:07.1615221Z ✅ /home/runner/work/tandemlog/tandemlog/test/local_profile_migration_test.dart: missing protected_writer_guards at final activation gate retains originals
2026-10-10T05:32:07.2543309Z ✅ /home/runner/work/tandemlog/tandemlog/test/local_profile_migration_test.dart: missing protected_cache_imports at final activation gate retains originals
2026-10-10T05:32:07.2864943Z ✅ /home/runner/work/tandemlog/tandemlog/test/local_profile_migration_test.dart: sole exact private intent lost at final activation gate retains its file
2026-10-10T05:32:07.4575602Z ✅ /home/runner/work/tandemlog/tandemlog/test/local_profile_migration_test.dart: orphan temporary authority and linked cleanup sources remain untouched
2026-10-10T05:32:09.1106579Z ✅ /home/runner/work/tandemlog/tandemlog/test/task_entry_area_test.dart: selection swaps preserve slot geometry, draft and semantics
2026-10-10T05:32:09.7852791Z ✅ /home/runner/work/tandemlog/tandemlog/test/android_recovery_harness_test.dart: populated shared folder is rejected before native initialization
2026-10-10T05:32:10.4907878Z ✅ /home/runner/work/tandemlog/tandemlog/test/local_profile_migration_test.dart: SIGKILL recovery retains identity and canonical bytes at files.imported
2026-10-10T05:32:11.0148274Z ✅ /home/runner/work/tandemlog/tandemlog/test/android_recovery_harness_test.dart: bounded recovery harness passes all six synthetic cases
2026-10-10T05:32:11.8415832Z ✅ /home/runner/work/tandemlog/tandemlog/test/checklist_delivery_test.dart: remote item waits for missing task parent then attaches once without appearing as a task
2026-10-10T05:32:11.9548050Z ✅ /home/runner/work/tandemlog/tandemlog/test/checklist_delivery_test.dart: late user parent invalidates retained item transactionally
2026-10-10T05:32:12.0601281Z ✅ /home/runner/work/tandemlog/tandemlog/test/checklist_delivery_test.dart: late item parent invalidates retained item transactionally
2026-10-10T05:32:12.2121418Z ✅ /home/runner/work/tandemlog/tandemlog/test/checklist_delivery_test.dart: late same-parent creation anchor settles item order and duplicates do not add items
2026-10-10T05:32:12.4161257Z ✅ /home/runner/work/tandemlog/tandemlog/test/checklist_delivery_test.dart: late cross-parent move anchor rolls back arrival without changing the pending source item
2026-10-10T05:32:12.5355216Z ✅ /home/runner/work/tandemlog/tandemlog/test/checklist_delivery_test.dart: late user creation anchor rejects with transactional rollback
2026-10-10T05:32:12.6416952Z ✅ /home/runner/work/tandemlog/tandemlog/test/checklist_delivery_test.dart: late task creation anchor rejects with transactional rollback
2026-10-10T05:32:12.9384402Z ✅ /home/runner/work/tandemlog/tandemlog/test/checklist_delivery_test.dart: copy contribution waits for its source frontier then reconstructs unchecked native item exactly
2026-10-10T05:32:13.2211960Z ✅ /home/runner/work/tandemlog/tandemlog/test/checklist_delivery_test.dart: forged membership copy rejects before receipt and leaves canonical history untouched
2026-10-10T05:32:13.3630435Z ✅ /home/runner/work/tandemlog/tandemlog/test/local_profile_migration_test.dart: SIGKILL recovery retains identity and canonical bytes at cleanup.planned
2026-10-10T05:32:13.4554326Z ✅ /home/runner/work/tandemlog/tandemlog/test/checklist_delivery_test.dart: forged order copy rejects before receipt and leaves canonical history untouched
2026-10-10T05:32:13.6659530Z ✅ /home/runner/work/tandemlog/tandemlog/test/checklist_delivery_test.dart: forged visible text copy rejects before receipt and leaves canonical history untouched
2026-10-10T05:32:13.8889704Z ✅ /home/runner/work/tandemlog/tandemlog/test/checklist_delivery_test.dart: forged history proof copy rejects before receipt and leaves canonical history untouched
2026-10-10T05:32:14.2278797Z ✅ /home/runner/work/tandemlog/tandemlog/test/checklist_delivery_test.dart: forged source parent copy rejects before receipt and leaves canonical history untouched
2026-10-10T05:32:14.3520494Z ✅ /home/runner/work/tandemlog/tandemlog/test/checklist_delivery_test.dart: copied ID collision with independent task rejects before receipt
2026-10-10T05:32:14.5021410Z ✅ /home/runner/work/tandemlog/tandemlog/test/checklist_delivery_test.dart: copied ID collision with independent item rejects before receipt
2026-10-10T05:32:14.8727667Z ✅ /home/runner/work/tandemlog/tandemlog/test/checklist_delivery_test.dart: late duplicate copy contribution preserves child-owned ordering and check state
2026-10-10T05:32:15.1499491Z ✅ /home/runner/work/tandemlog/tandemlog/test/checklist_delivery_test.dart: parent recurrence preserves live item private draft and later source Save does not flow into copied notes
2026-10-10T05:32:15.4161962Z ✅ /home/runner/work/tandemlog/tandemlog/test/checklist_delivery_test.dart: item private drafts, pre-append Save cancellation and scoped Undo preserve another item
2026-10-10T05:32:16.1917287Z ✅ /home/runner/work/tandemlog/tandemlog/test/local_profile_migration_test.dart: SIGKILL recovery retains identity and canonical bytes at activation.committed
2026-10-10T05:32:17.5742086Z ✅ /home/runner/work/tandemlog/tandemlog/test/text_store_test.dart: actual native TaskStore successive closed-editor replacements Undo without duplicating restored identities
2026-10-10T05:32:17.8367557Z ✅ /home/runner/work/tandemlog/tandemlog/test/text_store_test.dart: actual native TaskStore acknowledged unregistered Save blocks stale native Undo without appending
2026-10-10T05:32:18.0240027Z ✅ /home/runner/work/tandemlog/tandemlog/test/text_store_test.dart: actual native TaskStore mixed native ordering survives warm reopen and canonical rebuild
2026-10-10T05:32:18.2421407Z ✅ /home/runner/work/tandemlog/tandemlog/test/text_store_test.dart: actual native TaskStore native recurring completion proves its immutable inheritance (native creation: true)
2026-10-10T05:32:18.4661011Z ✅ /home/runner/work/tandemlog/tandemlog/test/text_store_test.dart: actual native TaskStore native recurring completion proves its immutable inheritance (native creation: false)
2026-10-10T05:32:18.9073945Z ✅ /home/runner/work/tandemlog/tandemlog/test/text_store_test.dart: actual native TaskStore causal peer reuse retains original character ownership through selective Undo
2026-10-10T05:32:19.0650333Z ✅ /home/runner/work/tandemlog/tandemlog/test/text_store_test.dart: actual native TaskStore explicit mixed historical inheritance refuses without changing history
2026-10-10T05:32:19.1214727Z ✅ /home/runner/work/tandemlog/tandemlog/test/local_profile_migration_test.dart: SIGKILL recovery retains identity and canonical bytes at cleanup.marked
2026-10-10T05:32:19.6690657Z ✅ /home/runner/work/tandemlog/tandemlog/test/text_store_test.dart: actual native TaskStore repeated cancelled editors release source documents while saved scoped Undo survives
2026-10-10T05:32:19.8370308Z ✅ /home/runner/work/tandemlog/tandemlog/test/text_store_test.dart: actual native TaskStore native guard ignores remote text while preserving metadata and creation tags
2026-10-10T05:32:20.0788726Z ✅ /home/runner/work/tandemlog/tandemlog/test/text_store_test.dart: actual native TaskStore Undo naming remote-deleted latest Save never consumes an older Save
2026-10-10T05:32:20.2560306Z ✅ /home/runner/work/tandemlog/tandemlog/test/text_store_test.dart: actual native TaskStore unknown native Undo preserves exact compensation retry restart=false
2026-10-10T05:32:20.4309081Z ✅ /home/runner/work/tandemlog/tandemlog/test/text_store_test.dart: actual native TaskStore unknown native Undo preserves exact compensation retry restart=true
2026-10-10T05:32:20.6107369Z ✅ /home/runner/work/tandemlog/tandemlog/test/text_store_test.dart: actual native TaskStore session Undo survives editor close and touches only canonical changed fields
2026-10-10T05:32:20.7060325Z ✅ /home/runner/work/tandemlog/tandemlog/test/text_store_test.dart: actual native TaskStore bulk capture with native engine creates independently editable native tasks
2026-10-10T05:32:20.8598996Z ✅ /home/runner/work/tandemlog/tandemlog/test/text_store_test.dart: actual native TaskStore native compensation restores deletion and retracts only original nontext effects
2026-10-10T05:32:21.0131470Z ✅ /home/runner/work/tandemlog/tandemlog/test/text_store_test.dart: actual native TaskStore buffered native dependency survives full SQLite cache loss and settles on late parent
2026-10-10T05:32:21.3428129Z ✅ /home/runner/work/tandemlog/tandemlog/test/text_store_test.dart: actual native TaskStore missing baseline prefixes stay pending and competing roots block only legacy text
2026-10-10T05:32:21.6349069Z ✅ /home/runner/work/tandemlog/tandemlog/test/text_store_test.dart: actual native TaskStore offline peers merge owned packets and preserve atomic metadata after cache loss
2026-10-10T05:32:21.7975066Z ✅ /home/runner/work/tandemlog/tandemlog/test/text_store_test.dart: actual native TaskStore one legacy baseline excludes late scalar text and preserves nontext changes
2026-10-10T05:32:21.8735202Z ✅ /home/runner/work/tandemlog/tandemlog/test/text_store_test.dart: actual native TaskStore unknown append exact receipt after restart cacheLoss=false afterAppend=false
2026-10-10T05:32:21.9636357Z ✅ /home/runner/work/tandemlog/tandemlog/test/text_store_test.dart: actual native TaskStore unknown append exact receipt after restart cacheLoss=true afterAppend=false
2026-10-10T05:32:22.0327353Z ✅ /home/runner/work/tandemlog/tandemlog/test/text_store_test.dart: actual native TaskStore unknown append exact receipt after restart cacheLoss=false afterAppend=true
2026-10-10T05:32:22.0341290Z ✅ /home/runner/work/tandemlog/tandemlog/test/local_profile_migration_test.dart: SIGKILL recovery retains identity and canonical bytes at cleanup.deleted
2026-10-10T05:32:22.1141716Z ✅ /home/runner/work/tandemlog/tandemlog/test/text_store_test.dart: actual native TaskStore unknown append exact receipt after restart cacheLoss=true afterAppend=true
2026-10-10T05:32:22.1757915Z ✅ /home/runner/work/tandemlog/tandemlog/test/text_store_test.dart: actual native TaskStore misnamed private native intent rejects recovery before append and retains evidence
2026-10-10T05:32:22.2465138Z ✅ /home/runner/work/tandemlog/tandemlog/test/text_store_test.dart: actual native TaskStore new native creation verifies actor1 seed and persists full native state
2026-10-10T05:32:22.3557135Z ✅ /home/runner/work/tandemlog/tandemlog/test/text_store_test.dart: actual native TaskStore native storage extends cache13 without replaying frozen v3 logs
2026-10-10T05:32:23.2098630Z ✅ /home/runner/work/tandemlog/tandemlog/test/legacy_protected_files_import_test.dart: imports exact identity, reservations and pending bytes; deletes nothing
2026-10-10T05:32:23.3153080Z ✅ /home/runner/work/tandemlog/tandemlog/test/legacy_protected_files_import_test.dart: import interruption before commit rolls back every protected file
2026-10-10T05:32:23.3883367Z ✅ /home/runner/work/tandemlog/tandemlog/test/legacy_protected_files_import_test.dart: repeat import preserves subsequent acknowledged guard state
2026-10-10T05:32:23.4354233Z ✅ /home/runner/work/tandemlog/tandemlog/test/legacy_protected_files_import_test.dart: changed legacy authority after import is retained and rejected
2026-10-10T05:32:23.4522186Z ✅ /home/runner/work/tandemlog/tandemlog/test/legacy_protected_files_import_test.dart: legacy profile lease prevents concurrent migration
2026-10-10T05:32:23.4846306Z ✅ /home/runner/work/tandemlog/tandemlog/test/legacy_protected_files_import_test.dart: guard conflicts fail without overwriting either authority
2026-10-10T05:32:23.5168856Z ✅ /home/runner/work/tandemlog/tandemlog/test/legacy_protected_files_import_test.dart: bad indexed intent binding cannot verify first import
2026-10-10T05:32:23.5647059Z ✅ /home/runner/work/tandemlog/tandemlog/test/legacy_protected_files_import_test.dart: bad indexed intent binding cannot verify repeat import
2026-10-10T05:32:23.6161239Z ✅ /home/runner/work/tandemlog/tandemlog/test/legacy_protected_files_import_test.dart: repeat import rejects lost previously imported reservations
2026-10-10T05:32:23.6630641Z ✅ /home/runner/work/tandemlog/tandemlog/test/legacy_protected_files_import_test.dart: repeat import rejects changed previously imported reservations
2026-10-10T05:32:23.7086690Z ✅ /home/runner/work/tandemlog/tandemlog/test/legacy_protected_files_import_test.dart: missing previously imported guard source is rejected
2026-10-10T05:32:23.7521749Z ✅ /home/runner/work/tandemlog/tandemlog/test/legacy_protected_files_import_test.dart: settings index must agree with preserved raw installation UUID
2026-10-10T05:32:23.7813715Z ✅ /home/runner/work/tandemlog/tandemlog/test/legacy_protected_files_import_test.dart: source replacement after commit cannot mark import verified
2026-10-10T05:32:23.8029695Z ✅ /home/runner/work/tandemlog/tandemlog/test/legacy_protected_files_import_test.dart: recognized symlink source is rejected without following it
2026-10-10T05:32:24.9069890Z ✅ /home/runner/work/tandemlog/tandemlog/test/recurring_completion_undo_test.dart: true Undo suppresses untouched successor, preserves bytes, and survives rebuild
2026-10-10T05:32:24.9503811Z ✅ /home/runner/work/tandemlog/tandemlog/test/local_profile_migration_test.dart: SIGKILL recovery retains identity and canonical bytes at cleanup.committed
2026-10-10T05:32:25.5398325Z ✅ /home/runner/work/tandemlog/tandemlog/test/recurring_completion_undo_test.dart: ordinary Reopen retains successor and generic recurring Undo rejects
2026-10-10T05:32:25.7423360Z ✅ /home/runner/work/tandemlog/tandemlog/test/recurring_completion_undo_test.dart: edit protects successor from cleanup
2026-10-10T05:32:25.9341399Z ✅ /home/runner/work/tandemlog/tandemlog/test/recurring_completion_undo_test.dart: tags protects successor from cleanup
2026-10-10T05:32:26.1122401Z ✅ /home/runner/work/tandemlog/tandemlog/test/recurring_completion_undo_test.dart: move protects successor from cleanup
2026-10-10T05:32:26.3058040Z ✅ /home/runner/work/tandemlog/tandemlog/test/recurring_completion_undo_test.dart: complete protects successor from cleanup
2026-10-10T05:32:26.4778863Z ✅ /home/runner/work/tandemlog/tandemlog/test/recurring_completion_undo_test.dart: delete protects successor from cleanup
2026-10-10T05:32:26.6581397Z ✅ /home/runner/work/tandemlog/tandemlog/test/recurring_completion_undo_test.dart: anchor protects successor from cleanup
2026-10-10T05:32:26.8264716Z ✅ /home/runner/work/tandemlog/tandemlog/test/recurring_completion_undo_test.dart: undoneEdit protects successor from cleanup
2026-10-10T05:32:27.0651078Z ✅ /home/runner/work/tandemlog/tandemlog/test/recurring_completion_undo_test.dart: late remote edit restores protected successor and converges after rebuild
2026-10-10T05:32:27.3271542Z ✅ /home/runner/work/tandemlog/tandemlog/test/recurring_completion_undo_test.dart: late remote completion restores protected successor and converges after rebuild
2026-10-10T05:32:27.5461129Z ✅ /home/runner/work/tandemlog/tandemlog/test/recurring_completion_undo_test.dart: late remote anchor restores protected successor and converges after rebuild
2026-10-10T05:32:27.8036343Z ✅ /home/runner/work/tandemlog/tandemlog/test/recurring_completion_undo_test.dart: untouched recompletion uses surviving snapshot and current parent position
2026-10-10T05:32:28.0190698Z ✅ /home/runner/work/tandemlog/tandemlog/test/recurring_completion_undo_test.dart: mixed Undo confirms only prefix and retries cleanup (0 retained)
2026-10-10T05:32:28.2141250Z ✅ /home/runner/work/tandemlog/tandemlog/test/recurring_completion_undo_test.dart: mixed Undo confirms only prefix and retries cleanup (1 retained)
2026-10-10T05:32:28.3481394Z ✅ /home/runner/work/tandemlog/tandemlog/test/recurring_completion_undo_test.dart: new cleanup rejects nonrecurring and wrong-task targets before append
2026-10-10T05:32:28.4677827Z ✅ /home/runner/work/tandemlog/tandemlog/test/recurring_completion_undo_test.dart: delayed valid cleanup suppresses successor once its target arrives
2026-10-10T05:32:28.5792603Z ✅ /home/runner/work/tandemlog/tandemlog/test/recurring_completion_undo_test.dart: delayed nonrecurring and forward cleanup targets fail transactionally
2026-10-10T05:32:28.6863563Z ✅ /home/runner/work/tandemlog/tandemlog/test/recurring_completion_undo_test.dart: generic recurring Undo rejects transactionally when completion arrives late
2026-10-10T05:32:28.8008663Z ✅ /home/runner/work/tandemlog/tandemlog/test/recurring_completion_undo_test.dart: new cleanup wire schema rejects extra fields and malformed references
2026-10-10T05:32:28.9351860Z ✅ /home/runner/work/tandemlog/tandemlog/test/recurring_completion_undo_test.dart: pure seed selection is independent of arrival order and preserves historical Undo
2026-10-10T05:32:31.3110109Z ✅ /home/runner/work/tandemlog/tandemlog/test/checklist_item_native_editor_test.dart: remote deleted parent rejects private native Save without receipt and permits Discard
2026-10-10T05:32:31.5097053Z ✅ /home/runner/work/tandemlog/tandemlog/test/checklist_item_native_editor_test.dart: native caret-only edits stay clean; composition propagates; committed merged text renews before close
2026-10-10T05:32:32.0280440Z ✅ /home/runner/work/tandemlog/tandemlog/test/undo_history_test.dart: failed receipt ID reuse confirms only exact successful retry bytes
2026-10-10T05:32:32.0376942Z ✅ /home/runner/work/tandemlog/tandemlog/test/undo_history_test.dart: grouped partial retry and independent actions step through bounded history
2026-10-10T05:32:32.5305682Z ✅ /home/runner/work/tandemlog/tandemlog/test/view_clock_test.dart: exact boundary updates without edits; watchdog avoids projection
2026-10-10T05:32:32.5361044Z ✅ /home/runner/work/tandemlog/tandemlog/test/view_clock_test.dart: resume samples current time after skipped boundaries without replay
2026-10-10T05:32:32.5369400Z ✅ /home/runner/work/tandemlog/tandemlog/test/view_clock_test.dart: native invalidation immediate; fallback detects clock and zone changes
2026-10-10T05:32:32.5397937Z ✅ /home/runner/work/tandemlog/tandemlog/test/view_clock_test.dart: delayed wake uses current instant and input invalidation rearms
2026-10-10T05:32:32.5423106Z ✅ /home/runner/work/tandemlog/tandemlog/test/view_clock_test.dart: cancelled workspace timer cannot publish and callback can dispose
2026-10-10T05:32:32.5459644Z ✅ /home/runner/work/tandemlog/tandemlog/test/view_clock_test.dart: callback disposal and invalid boundary cannot produce timer loops
2026-10-10T05:32:32.6129646Z ✅ /home/runner/work/tandemlog/tandemlog/test/view_clock_test.dart: injected calendar boundary crosses DST day 2027-03-14
2026-10-10T05:32:32.6455475Z ✅ /home/runner/work/tandemlog/tandemlog/test/view_clock_test.dart: injected calendar boundary crosses DST day 2027-11-07
2026-10-10T05:32:33.3717587Z ##[endgroup]
2026-10-10T05:32:33.3724359Z ##[group]✅ /home/runner/work/tandemlog/tandemlog/test/date_time_layout_test.dart: populated rows fit at measured boundary and retain composing drafts
2026-10-10T05:32:33.3731127Z LAYOUT bulk=false scale=1.0 rowBoundary=392.0
2026-10-10T05:32:33.3731779Z LAYOUT bulk=false scale=1.3 rowBoundary=456.0
2026-10-10T05:32:33.3732370Z LAYOUT bulk=false scale=2.0 rowBoundary=628.0
2026-10-10T05:32:33.3733262Z LAYOUT bulk=true scale=1.0 rowBoundary=488.0
2026-10-10T05:32:33.3733721Z LAYOUT bulk=true scale=1.3 rowBoundary=552.0
2026-10-10T05:32:33.3734165Z LAYOUT bulk=true scale=2.0 rowBoundary=724.0
2026-10-10T05:32:33.3734796Z ##[endgroup]
2026-10-10T05:32:33.7367011Z ##[group]✅ Passing tests
2026-10-10T05:32:33.7368041Z ✅ /home/runner/work/tandemlog/tandemlog/test/storage_test.dart: local task deletion targeting user rejects before canonical append
2026-10-10T05:32:33.8258797Z ✅ /home/runner/work/tandemlog/tandemlog/test/storage_test.dart: delayed remote user creation resolves pending task deletion as transactional error
2026-10-10T05:32:34.0730743Z ✅ /home/runner/work/tandemlog/tandemlog/test/storage_test.dart: bulk edit reconciles durable append after refresh failure before retry
2026-10-10T05:32:34.2881809Z ✅ /home/runner/work/tandemlog/tandemlog/test/incremental_history_test.dart: cache reopen and repeated unchanged refresh read zero log bytes at 10240 bytes
2026-10-10T05:32:34.3014277Z ✅ /home/runner/work/tandemlog/tandemlog/test/storage_test.dart: bulk delete reconciles durable append after refresh failure before retry
2026-10-10T05:32:34.4853907Z ✅ /home/runner/work/tandemlog/tandemlog/test/storage_test.dart: bulk move reconciles durable append after refresh failure before retry
2026-10-10T05:32:34.6492801Z ✅ /home/runner/work/tandemlog/tandemlog/test/storage_test.dart: bulk patch preserves mixed fields and observed tags; invalid patch writes nothing
2026-10-10T05:32:34.8341778Z ✅ /home/runner/work/tandemlog/tandemlog/test/incremental_history_test.dart: cache reopen and repeated unchanged refresh read zero log bytes at 1048576 bytes
2026-10-10T05:32:34.8553624Z ✅ /home/runner/work/tandemlog/tandemlog/test/storage_test.dart: bulk guard rechecks before the batch append; retry block uses global order
2026-10-10T05:32:34.9162856Z ✅ /home/runner/work/tandemlog/tandemlog/test/incremental_history_test.dart: same-length historical rewrite stays cached until explicit verification; fresh cache rejects invalid selfhash
2026-10-10T05:32:34.9820959Z ✅ /home/runner/work/tandemlog/tandemlog/test/incremental_history_test.dart: explicit verification checks newly observed ranges after append and reopen
2026-10-10T05:32:35.0503986Z ✅ /home/runner/work/tandemlog/tandemlog/test/incremental_history_test.dart: successful explicit verification compacts checked ranges into a new whole-prefix baseline
2026-10-10T05:32:35.1011857Z ✅ /home/runner/work/tandemlog/tandemlog/test/incremental_history_test.dart: missing admitted log fails on resume and cold reopen without content reads
2026-10-10T05:32:35.1274887Z ✅ /home/runner/work/tandemlog/tandemlog/test/storage_test.dart: offline edits and completions cannot resurrect deletion; successor survives restart
2026-10-10T05:32:35.1491246Z ✅ /home/runner/work/tandemlog/tandemlog/test/incremental_history_test.dart: truncated admitted log fails on resume and cold reopen without content reads
2026-10-10T05:32:35.1900989Z ✅ /home/runner/work/tandemlog/tandemlog/test/incremental_history_test.dart: truncation between size observation and fresh seek fails without advancing cache
2026-10-10T05:32:35.2344920Z ✅ /home/runner/work/tandemlog/tandemlog/test/storage_test.dart: stale bulk and invalid selections fail before any durable command
2026-10-10T05:32:35.2452494Z ✅ /home/runner/work/tandemlog/tandemlog/test/incremental_history_test.dart: atomic replacement with growth reads only new suffix and audits changed old prefix explicitly
2026-10-10T05:32:35.3010845Z ✅ /home/runner/work/tandemlog/tandemlog/test/incremental_history_test.dart: partial remote tail advances only complete records, then admits completed tail exactly once
2026-10-10T05:32:35.3560206Z ✅ /home/runner/work/tandemlog/tandemlog/test/incremental_history_test.dart: new records remain strict and a failed batch leaves ranges and offset unchanged
2026-10-10T05:32:35.4070542Z ✅ /home/runner/work/tandemlog/tandemlog/test/incremental_history_test.dart: seeked new space rejects transactionally without advancing admitted bytes
2026-10-10T05:32:35.4667593Z ✅ /home/runner/work/tandemlog/tandemlog/test/incremental_history_test.dart: seeked new writer rejects transactionally without advancing admitted bytes
2026-10-10T05:32:35.5165817Z ✅ /home/runner/work/tandemlog/tandemlog/test/incremental_history_test.dart: seeked new sequence rejects transactionally without advancing admitted bytes
2026-10-10T05:32:35.5612489Z ✅ /home/runner/work/tandemlog/tandemlog/test/incremental_history_test.dart: seeked new clock rejects transactionally without advancing admitted bytes
2026-10-10T05:32:35.5637159Z ✅ /home/runner/work/tandemlog/tandemlog/test/storage_test.dart: guarded move rejects changes arriving inside its refresh without append
2026-10-10T05:32:35.5992344Z ✅ /home/runner/work/tandemlog/tandemlog/test/incremental_history_test.dart: seeked new blank rejects transactionally without advancing admitted bytes
2026-10-10T05:32:35.6453004Z ✅ /home/runner/work/tandemlog/tandemlog/test/incremental_history_test.dart: seeked new undo reference rejects transactionally without advancing admitted bytes
2026-10-10T05:32:35.6876704Z ✅ /home/runner/work/tandemlog/tandemlog/test/incremental_history_test.dart: seeked new tag reference rejects transactionally without advancing admitted bytes
2026-10-10T05:32:35.7241891Z ✅ /home/runner/work/tandemlog/tandemlog/test/incremental_history_test.dart: seeked new move reference rejects transactionally without advancing admitted bytes
2026-10-10T05:32:35.7667899Z ✅ /home/runner/work/tandemlog/tandemlog/test/incremental_history_test.dart: oversized remote incomplete tail fails before admission
2026-10-10T05:32:35.7914068Z ✅ /home/runner/work/tandemlog/tandemlog/test/storage_test.dart: typed due bounds are atomic across offline edits and rebuild
2026-10-10T05:32:35.8119561Z ✅ /home/runner/work/tandemlog/tandemlog/test/incremental_history_test.dart: explicit verification fails visibly when cached range coverage is incomplete
2026-10-10T05:32:35.8553319Z ✅ /home/runner/work/tandemlog/tandemlog/test/incremental_history_test.dart: unknown size provider honestly full-reads and verifies every refresh
2026-10-10T05:32:35.9045128Z ✅ /home/runner/work/tandemlog/tandemlog/test/incremental_history_test.dart: unseekable provider honestly full-reads and verifies every refresh
2026-10-10T05:32:35.9387946Z ✅ /home/runner/work/tandemlog/tandemlog/test/storage_test.dart: failed obsolete-cache replay preserves identity and prior stream guards on retry
2026-10-10T05:32:36.0312444Z ✅ /home/runner/work/tandemlog/tandemlog/test/storage_test.dart: future caches and v1 canonical protocol are retained and not auto-converted
2026-10-10T05:32:36.1621721Z ✅ /home/runner/work/tandemlog/tandemlog/test/storage_test.dart: known obsolete cache rebuilds canonical state and retains backup
2026-10-10T05:32:36.3620498Z ✅ /home/runner/work/tandemlog/tandemlog/test/storage_test.dart: reopen targets observed completions, is idempotent and survives restart
2026-10-10T05:32:36.4894744Z ✅ /home/runner/work/tandemlog/tandemlog/test/storage_test.dart: reopen refresh does not expand the observed target set
2026-10-10T05:32:36.5064068Z ✅ /home/runner/work/tandemlog/tandemlog/test/incremental_history_test.dart: cache 10 upgrade replays once with retained baseline and then reads no historical bytes
2026-10-10T05:32:36.5900433Z ✅ /home/runner/work/tandemlog/tandemlog/test/incremental_history_test.dart: obsolete-cache replay preserves baseline guards through failed migration and retry
2026-10-10T05:32:36.6273443Z ✅ /home/runner/work/tandemlog/tandemlog/test/storage_test.dart: partial reopen retries without duplicating a committed undo
2026-10-10T05:32:36.6695272Z ✅ /home/runner/work/tandemlog/tandemlog/test/incremental_history_test.dart: owned incomplete append is visible after cold reopen and cannot confirm receipt
2026-10-10T05:32:36.7148373Z ✅ /home/runner/work/tandemlog/tandemlog/test/storage_test.dart: restart retains state and unchanged files avoid parsing/replay
2026-10-10T05:32:36.7287305Z ✅ /home/runner/work/tandemlog/tandemlog/test/incremental_history_test.dart: new raw receipt cannot confirm a transport rewrite with equivalent JSON meaning
2026-10-10T05:32:36.8340924Z ✅ /home/runner/work/tandemlog/tandemlog/test/storage_test.dart: cache deletion rebuilds exact projection and writer stays stable
2026-10-10T05:32:36.8419264Z ✅ /home/runner/work/tandemlog/tandemlog/test/incremental_history_test.dart: seeked command receipts reject changed new raw bytes and durable retry is idempotent
2026-10-10T05:32:36.8815720Z ✅ /home/runner/work/tandemlog/tandemlog/test/incremental_history_test.dart: new suffix selfhash has exact diagnostic and never advances cache
2026-10-10T05:32:36.9171187Z ✅ /home/runner/work/tandemlog/tandemlog/test/incremental_history_test.dart: new suffix previousHash has exact diagnostic and never advances cache
2026-10-10T05:32:36.9428584Z ✅ /home/runner/work/tandemlog/tandemlog/test/incremental_history_test.dart: fresh replay checks genesis even when every selfhash is valid
2026-10-10T05:32:36.9611214Z ✅ /home/runner/work/tandemlog/tandemlog/test/storage_test.dart: offline independent fields, duplicate transport and atomic replacement converge
2026-10-10T05:32:36.9775240Z ✅ /home/runner/work/tandemlog/tandemlog/test/incremental_history_test.dart: full verification reports exact changed record with UTF8 byte offset
2026-10-10T05:32:37.0224617Z ✅ /home/runner/work/tandemlog/tandemlog/test/incremental_history_test.dart: successful full verification counts records and bytes without appending an event
2026-10-10T05:32:37.0826161Z ✅ /home/runner/work/tandemlog/tandemlog/test/incremental_history_test.dart: retained baseline detects recomputed chain while a fresh cache cannot authenticate it
2026-10-10T05:32:37.0968318Z ✅ /home/runner/work/tandemlog/tandemlog/test/storage_test.dart: concurrent completion survives targeted undo from another user
2026-10-10T05:32:37.1465170Z ✅ /home/runner/work/tandemlog/tandemlog/test/incremental_history_test.dart: known final-record removal fails verification while fresh valid prefix remains admissible
2026-10-10T05:32:37.1769327Z ✅ /home/runner/work/tandemlog/tandemlog/test/storage_test.dart: unknown version blocks import without checkpoint advancement
2026-10-10T05:32:37.1946573Z ✅ /home/runner/work/tandemlog/tandemlog/test/incremental_history_test.dart: old v2 canonical history and cache are retained without migration
2026-10-10T05:32:37.2340417Z ✅ /home/runner/work/tandemlog/tandemlog/test/incremental_history_test.dart: full verification retains and rejects inconsistent cached chain_head
2026-10-10T05:32:37.2659621Z ✅ /home/runner/work/tandemlog/tandemlog/test/storage_test.dart: malformed complete records are preserved and block writes
2026-10-10T05:32:37.2671781Z ✅ /home/runner/work/tandemlog/tandemlog/test/incremental_history_test.dart: full verification retains and rejects inconsistent cached last_seq
2026-10-10T05:32:37.3031717Z ✅ /home/runner/work/tandemlog/tandemlog/test/incremental_history_test.dart: full verification retains and rejects inconsistent cached last_clock
2026-10-10T05:32:37.3261710Z ✅ /home/runner/work/tandemlog/tandemlog/test/storage_test.dart: incomplete remote tail is retried after completion
2026-10-10T05:32:37.3745524Z ✅ /home/runner/work/tandemlog/tandemlog/test/incremental_history_test.dart: oversized partial suffix identifies exact absolute record and offset
2026-10-10T05:32:37.4101657Z ✅ /home/runner/work/tandemlog/tandemlog/test/incremental_history_test.dart: semantic failure identifies invalid move before later unrelated event
2026-10-10T05:32:37.4102744Z ✅ /home/runner/work/tandemlog/tandemlog/test/storage_test.dart: explicit integrity check rejects changed same-length committed prefix
2026-10-10T05:32:37.5001113Z ✅ /home/runner/work/tandemlog/tandemlog/test/storage_test.dart: missing previously seen stream blocks writes
2026-10-10T05:32:37.7723629Z ✅ /home/runner/work/tandemlog/tandemlog/test/storage_test.dart: owned incomplete tail is not silently truncated
2026-10-10T05:32:37.8590053Z ✅ /home/runner/work/tandemlog/tandemlog/test/storage_test.dart: durable append before cache failure recovers once after restart
2026-10-10T05:32:37.9521499Z ✅ /home/runner/work/tandemlog/tandemlog/test/native_text_engine_test.dart: missing native library is an explicit failure
2026-10-10T05:32:37.9774430Z ✅ /home/runner/work/tandemlog/tandemlog/test/native_text_engine_test.dart: operation bytes require exact canonical Base64 and bounded size
2026-10-10T05:32:37.9881851Z ✅ /home/runner/work/tandemlog/tandemlog/test/storage_test.dart: out-of-order entity dependency is retained and projected later
2026-10-10T05:32:38.1395673Z ✅ /home/runner/work/tandemlog/tandemlog/test/storage_test.dart: concurrent commands and refreshes serialize without duplicate sequence
2026-10-10T05:32:38.2705318Z ✅ /home/runner/work/tandemlog/tandemlog/test/storage_test.dart: invalid local commands leave canonical bytes unchanged
2026-10-10T05:32:38.3935223Z ✅ /home/runner/work/tandemlog/tandemlog/test/storage_test.dart: manifest deletion, replacement and future format block commands
2026-10-10T05:32:38.4774352Z ✅ /home/runner/work/tandemlog/tandemlog/test/storage_test.dart: local undo requires an earlier completion of the same entity
2026-10-10T05:32:38.5655186Z ✅ /home/runner/work/tandemlog/tandemlog/test/storage_test.dart: remote undo arriving before completion is revalidated when target arrives
2026-10-10T05:32:38.6521679Z ✅ /home/runner/work/tandemlog/tandemlog/test/storage_test.dart: remote undo cannot suppress a future-clock completion
2026-10-10T05:32:38.7742482Z ✅ /home/runner/work/tandemlog/tandemlog/test/storage_test.dart: close drains accepted work, rejects new work and is idempotent
2026-10-10T05:32:38.9170988Z ✅ /home/runner/work/tandemlog/tandemlog/test/native_text_engine_test.dart: actual production FFI inspection reuse is immutable budget-specific and bounded
2026-10-10T05:32:38.9262129Z ✅ /home/runner/work/tandemlog/tandemlog/test/storage_test.dart: pending undo is validated before its local target is appended
2026-10-10T05:32:38.9307045Z ✅ /home/runner/work/tandemlog/tandemlog/test/native_text_engine_test.dart: actual production FFI pending named Undo rejects a different operation and keeps exact retry
2026-10-10T05:32:38.9387957Z ✅ /home/runner/work/tandemlog/tandemlog/test/native_text_engine_test.dart: actual production FFI dedicated receipt owner never undoes an older Save after remote cancellation
2026-10-10T05:32:38.9452982Z ✅ /home/runner/work/tandemlog/tandemlog/test/native_text_engine_test.dart: actual production FFI captured Unicode edit survives remote arrival and receipt-gated Save
2026-10-10T05:32:38.9503535Z ✅ /home/runner/work/tandemlog/tandemlog/test/native_text_engine_test.dart: actual production FFI IME and wrong-source preparation preserve the captured draft
2026-10-10T05:32:38.9573307Z ✅ /home/runner/work/tandemlog/tandemlog/test/native_text_engine_test.dart: actual production FFI rejected receipt preserves live state, draft and prior Undo
2026-10-10T05:32:38.9645978Z ✅ /home/runner/work/tandemlog/tandemlog/test/native_text_engine_test.dart: actual production FFI prepared Undo keeps remote text and cancellation retains prior stack
2026-10-10T05:32:38.9701680Z ✅ /home/runner/work/tandemlog/tandemlog/test/native_text_engine_test.dart: actual production FFI invalid update, field limit and split surrogate rejection are atomic
2026-10-10T05:32:38.9747353Z ✅ /home/runner/work/tandemlog/tandemlog/test/native_text_engine_test.dart: actual production FFI native remote limit rejection preserves source and captured draft
2026-10-10T05:32:38.9795548Z ✅ /home/runner/work/tandemlog/tandemlog/test/native_text_engine_test.dart: actual production FFI inspection reports struct authors rather than delivery owner
2026-10-10T05:32:38.9862104Z ✅ /home/runner/work/tandemlog/tandemlog/test/native_text_engine_test.dart: actual production FFI checkpoint includes pending operations and restores with a fresh GUID
2026-10-10T05:32:38.9910816Z ✅ /home/runner/work/tandemlog/tandemlog/test/native_text_engine_test.dart: actual production FFI foreign handles, disposed generations and actor collisions fail explicitly
2026-10-10T05:32:39.0427562Z ✅ /home/runner/work/tandemlog/tandemlog/test/storage_test.dart: missing canonical folder contents do not initialize a new manifest
2026-10-10T05:32:39.4221233Z ✅ /home/runner/work/tandemlog/tandemlog/test/storage_test.dart: offline tag removal preserves unseen same-name additions and atomic edits
2026-10-10T05:32:39.6041677Z ✅ /home/runner/work/tandemlog/tandemlog/test/storage_test.dart: concurrent relative moves converge and survive cache rebuild
2026-10-10T05:32:39.6581487Z ✅ /home/runner/work/tandemlog/tandemlog/test/order_projection_test.dart: moving a legacy task below a native task uses both creation actions
2026-10-10T05:32:39.6604726Z ✅ /home/runner/work/tandemlog/tandemlog/test/order_projection_test.dart: native creation after a move keeps chronological manual ordering
2026-10-10T05:32:40.0112868Z ✅ /home/runner/work/tandemlog/tandemlog/test/storage_test.dart: unchanged repeating completion rejects before append and refreshes remote schedule
2026-10-10T05:32:40.1555321Z ✅ /home/runner/work/tandemlog/tandemlog/test/storage_test.dart: accepted historic unchanged recurrence is replayed without retroactive rejection
2026-10-10T05:32:40.4321710Z ✅ /home/runner/work/tandemlog/tandemlog/test/storage_test.dart: concurrent recurrence completion has one durable successor and history reopen retains edits
2026-10-10T05:32:40.4825516Z ✅ /home/runner/work/tandemlog/tandemlog/test/storage_test.dart: protocol v1 remains untouched and explicitly rejected
2026-10-10T05:32:40.6765861Z ✅ /home/runner/work/tandemlog/tandemlog/test/storage_test.dart: late winning recurrence seed cannot resurrect removed successor tags
2026-10-10T05:32:40.8205526Z ✅ /home/runner/work/tandemlog/tandemlog/test/storage_test.dart: successor collision and invalid tag/move references fail before append
2026-10-10T05:32:40.9460188Z ✅ /home/runner/work/tandemlog/tandemlog/test/storage_test.dart: offline schedule edits converge atomically without mixing precise date-times
2026-10-10T05:32:41.0777554Z ✅ /home/runner/work/tandemlog/tandemlog/test/storage_test.dart: completion reconciles changed timezone before selecting civil day
2026-10-10T05:32:41.2008737Z ✅ /home/runner/work/tandemlog/tandemlog/test/storage_test.dart: completion durable append failure recovers parent and sole successor together
2026-10-10T05:32:41.2918495Z ✅ /home/runner/work/tandemlog/tandemlog/test/storage_test.dart: pending future tag removal cannot poison next local append
2026-10-10T05:32:41.3398785Z ✅ /home/runner/work/tandemlog/tandemlog/test/tag_input_test.dart: hardware Enter propagates active IME composition
2026-10-10T05:32:41.4982986Z ✅ /home/runner/work/tandemlog/tandemlog/test/tag_input_test.dart: hardware Numpad Enter propagates active IME composition
2026-10-10T05:32:41.7306106Z ✅ /home/runner/work/tandemlog/tandemlog/test/tag_input_test.dart: hardware ArrowDown then Enter selects existing option
2026-10-10T05:32:41.8751477Z ✅ /home/runner/work/tandemlog/tandemlog/test/storage_test.dart: offline older high sequence loses to a later wall-clock edit
2026-10-10T05:32:41.9092313Z ✅ /home/runner/work/tandemlog/tandemlog/test/tag_input_test.dart: hardware ArrowDown then Numpad Enter selects existing option
2026-10-10T05:32:42.0107218Z ✅ /home/runner/work/tandemlog/tandemlog/test/storage_test.dart: observed clocks precede local writes across rollback and restart
2026-10-10T05:32:42.0574908Z ✅ /home/runner/work/tandemlog/tandemlog/test/tag_input_test.dart: opaque __create inventory tag and creation row keep separate identities
2026-10-10T05:32:42.1189718Z ✅ /home/runner/work/tandemlog/tandemlog/test/tag_input_test.dart: shared B layout keeps chips above full-width query at 390.0
2026-10-10T05:32:42.1394679Z ✅ /home/runner/work/tandemlog/tandemlog/test/storage_test.dart: future records remain immutable and readable while warning permits writes
2026-10-10T05:32:42.1735973Z ✅ /home/runner/work/tandemlog/tandemlog/test/tag_input_test.dart: shared B layout keeps chips above full-width query at 1000.0
2026-10-10T05:32:42.2229482Z ✅ /home/runner/work/tandemlog/tandemlog/test/storage_test.dart: large clock rollback warns without blocking and warning clears when caught up
2026-10-10T05:32:42.5341304Z ✅ /home/runner/work/tandemlog/tandemlog/test/storage_test.dart: SQLite and canonical clock retain exact signed-64-bit nanoseconds
2026-10-10T05:32:42.7941465Z ✅ /home/runner/work/tandemlog/tandemlog/test/storage_test.dart: recurrence inserts at current parent position and later moves stay independent
2026-10-10T05:32:42.9066103Z ✅ /home/runner/work/tandemlog/tandemlog/test/storage_test.dart: later creation stays after an earlier move to end
2026-10-10T05:32:43.0778376Z ✅ /home/runner/work/tandemlog/tandemlog/test/storage_test.dart: late pre-completion move converges and old order cache rebuilds without log writes
2026-10-10T05:32:43.4550603Z ✅ /home/runner/work/tandemlog/tandemlog/test/sticky_task_group_test.dart: native heading pins and pushes off at 1.0x text
2026-10-10T05:32:43.5806427Z ✅ /home/runner/work/tandemlog/tandemlog/test/sticky_task_group_test.dart: native heading pins and pushes off at 2.0x text
2026-10-10T05:32:43.6190742Z ✅ /home/runner/work/tandemlog/tandemlog/test/sticky_task_group_test.dart: heading wraps to its measured extent and has one header node
2026-10-10T05:32:43.7057361Z ✅ /home/runner/work/tandemlog/tandemlog/test/text_context_test.dart: context hashes the precise canonical domain descriptor
2026-10-10T05:32:43.7109753Z ✅ /home/runner/work/tandemlog/tandemlog/test/text_context_test.dart: canonical nested values reuse scalar ordering and exact escaping
2026-10-10T05:32:43.7138407Z ✅ /home/runner/work/tandemlog/tandemlog/test/text_context_test.dart: invalid identity, basis, field, kind and digest fail closed
2026-10-10T05:32:43.7196676Z ✅ /home/runner/work/tandemlog/tandemlog/test/text_context_test.dart: native creation context uses its canonical creation and seed hashes
2026-10-10T05:32:43.7237775Z ✅ /home/runner/work/tandemlog/tandemlog/test/text_context_test.dart: baseline digest is independent of object insertion order
2026-10-10T05:32:43.7260422Z ✅ /home/runner/work/tandemlog/tandemlog/test/text_context_test.dart: baseline digest rejects incomplete or arbitrary fields
2026-10-10T05:32:44.3353427Z ✅ /home/runner/work/tandemlog/tandemlog/test/foreground_importer_test.dart: coalesces repeated notifications and retains bounded fallback
2026-10-10T05:32:44.3383887Z ✅ /home/runner/work/tandemlog/tandemlog/test/foreground_importer_test.dart: pause and workspace disposal cancel debounce and fallback; resume reconciles
2026-10-10T05:32:44.3432110Z ✅ /home/runner/work/tandemlog/tandemlog/test/foreground_importer_test.dart: watcher failure recovers on fallback and overlapping work is serialized
2026-10-10T05:32:44.9787081Z ✅ /home/runner/work/tandemlog/tandemlog/test/compact_selection_actions_test.dart: selection commands wrap without losing touch targets
2026-10-10T05:32:45.4816862Z ✅ /home/runner/work/tandemlog/tandemlog/test/text_undo_event_test.dart: native Undo preserves compensation bytes and names original command
2026-10-10T05:32:45.4955782Z ✅ /home/runner/work/tandemlog/tandemlog/test/text_undo_event_test.dart: Undo nontext effects remains possible when native compensation is empty
2026-10-10T05:32:45.5026918Z ✅ /home/runner/work/tandemlog/tandemlog/test/text_undo_event_test.dart: Undo retracts only the original nontext effects in pure projection
2026-10-10T05:32:46.1046424Z ✅ /home/runner/work/tandemlog/tandemlog/test/historical_completion_event_test.dart: historical completion is required, separate and hash-bound to earlier scalar initialization
2026-10-10T05:32:46.1121497Z ✅ /home/runner/work/tandemlog/tandemlog/test/historical_completion_event_test.dart: forward/self reference, extra retained metadata and wrong child identities fail wire admission
2026-10-10T05:32:46.1227177Z ✅ /home/runner/work/tandemlog/tandemlog/test/historical_completion_event_test.dart: known equal or later source clocks remain invalid after delayed arrival
2026-10-10T05:32:46.9290808Z ✅ /home/runner/work/tandemlog/tandemlog/test/task_toolbar_test.dart: identity fits actual name/scale and retains accessible full name at narrow widths
2026-10-10T05:32:47.0763323Z ✅ /home/runner/work/tandemlog/tandemlog/test/task_toolbar_test.dart: status changes reserve count and control geometry
2026-10-10T05:32:47.6305528Z ✅ /home/runner/work/tandemlog/tandemlog/test/schedule_test.dart: completion guard compares actual occurrence dates, not rendered bounds
2026-10-10T05:32:47.6920723Z ✅ /home/runner/work/tandemlog/tandemlog/test/schedule_test.dart: all 37 observed expressions match pinned upstream oracle
2026-10-10T05:32:47.7017008Z ✅ /home/runner/work/tandemlog/tandemlog/test/schedule_test.dart: civil dates and schedule reject normalization and unknown fields
2026-10-10T05:32:47.7051119Z ✅ /home/runner/work/tandemlog/tandemlog/test/schedule_test.dart: reference precedence, missing dates and configured scheduled removal
2026-10-10T05:32:47.7090656Z ✅ /home/runner/work/tandemlog/tandemlog/test/schedule_test.dart: start bounds reject invalid edits without inventing dates
2026-10-10T05:32:47.7137326Z ✅ /home/runner/work/tandemlog/tandemlog/test/schedule_test.dart: named-zone gap and fold obey end-of-due-day bounds
2026-10-10T05:32:47.7186510Z ✅ /home/runner/work/tandemlog/tandemlog/test/schedule_test.dart: exact due bounds are inclusive; date-only due covers whole day
2026-10-10T05:32:47.7221024Z ✅ /home/runner/work/tandemlog/tandemlog/test/schedule_test.dart: precise named-zone bounds compare resolved gap and fold instants
2026-10-10T05:32:47.7260549Z ✅ /home/runner/work/tandemlog/tandemlog/test/schedule_test.dart: recurrence preserves exact times and removes scheduled time with its date
2026-10-10T05:32:47.7276130Z ✅ /home/runner/work/tandemlog/tandemlog/test/schedule_test.dart: last supported due day accepts its internal next-year boundary
2026-10-10T05:32:47.7297394Z ✅ /home/runner/work/tandemlog/tandemlog/test/schedule_test.dart: clamping evolves while explicit last remains month end
2026-10-10T05:32:48.2836428Z ✅ /home/runner/work/tandemlog/tandemlog/test/profile_lock_test.dart: same process and canonical aliases contend until release
2026-10-10T05:32:48.2917003Z ✅ /home/runner/work/tandemlog/tandemlog/test/profile_lock_test.dart: failed acquisition releases the process guard for retry
2026-10-10T05:32:48.8167750Z ✅ /home/runner/work/tandemlog/tandemlog/test/profile_lock_test.dart: child process holds OS lock; killing it allows reacquisition
2026-10-10T05:32:49.0045478Z ✅ /home/runner/work/tandemlog/tandemlog/test/food_retention_draft_test.dart: removing newly created retention chip stays removed on Add
2026-10-10T05:32:50.6104408Z ✅ /home/runner/work/tandemlog/tandemlog/test/checklist_baseline_selection_test.dart: shared baseline preserves earliest scalar successor protected by checked copied-item history
2026-10-10T05:32:51.1475917Z ✅ /home/runner/work/tandemlog/tandemlog/test/food_review_regression_test.dart: 101-container group removal and Undo use bounded captured batches
2026-10-10T05:32:51.1517967Z ✅ /home/runner/work/tandemlog/tandemlog/test/food_review_regression_test.dart: known wrong-kind edit reference fails even while target creation missing
2026-10-10T05:32:51.3073836Z ✅ /home/runner/work/tandemlog/tandemlog/test/checklist_baseline_selection_test.dart: shared baseline preserves earliest scalar successor protected by undone and deleted copied-item history
2026-10-10T05:32:51.9392795Z ✅ /home/runner/work/tandemlog/tandemlog/test/checklist_baseline_selection_test.dart: later copied-item activity preserves the declared scalar baseline through native capture and cold replay
2026-10-10T05:32:52.3049312Z ✅ /home/runner/work/tandemlog/tandemlog/test/food_review_regression_test.dart: typed retention reason survives direct Add
2026-10-10T05:32:52.4778027Z ✅ /home/runner/work/tandemlog/tandemlog/test/event_clock_test.dart: new wall time wins despite many older borrowed nanoseconds
2026-10-10T05:32:52.4956254Z ✅ /home/runner/work/tandemlog/tandemlog/test/event_clock_test.dart: equal and backward wall time borrow exactly one nanosecond
2026-10-10T05:32:52.5025253Z ✅ /home/runner/work/tandemlog/tandemlog/test/event_clock_test.dart: canonical decimal clock round trips values beyond JSON number precision
2026-10-10T05:32:52.5264332Z ✅ /home/runner/work/tandemlog/tandemlog/test/event_clock_test.dart: numeric legacy and tuple draft event clocks are rejected explicitly
2026-10-10T05:32:52.5729472Z ✅ /home/runner/work/tandemlog/tandemlog/test/food_review_regression_test.dart: repeated dialog Cancel callback cannot pop food page
2026-10-10T05:32:52.5810309Z ✅ /home/runner/work/tandemlog/tandemlog/test/food_review_regression_test.dart: known removal before physical creation is rejected
2026-10-10T05:32:52.9427409Z ✅ /home/runner/work/tandemlog/tandemlog/test/food_review_regression_test.dart: active retention composition is not staged by submit
2026-10-10T05:32:53.4910941Z ✅ /home/runner/work/tandemlog/tandemlog/test/local_settings_test.dart: legacy folder/user settings remain selected and default to System
2026-10-10T05:32:53.5037085Z ✅ /home/runner/work/tandemlog/tandemlog/test/local_settings_test.dart: theme-only preferences never create a canonical workspace
2026-10-10T05:32:53.5110035Z ✅ /home/runner/work/tandemlog/tandemlog/test/local_settings_test.dart: new desktop default is shared-data without creating files
2026-10-10T05:32:53.5177249Z ✅ /home/runner/work/tandemlog/tandemlog/test/local_settings_test.dart: settings reset retains a populated legacy default
2026-10-10T05:32:53.5219063Z ✅ /home/runner/work/tandemlog/tandemlog/test/local_settings_test.dart: empty legacy folder does not override the clearer default
2026-10-10T05:32:53.5288782Z ✅ /home/runner/work/tandemlog/tandemlog/test/local_settings_test.dart: populated shared-data remains preferred without altering either folder
2026-10-10T05:32:55.2053881Z ✅ /home/runner/work/tandemlog/tandemlog/test/shared_text_storage_test.dart: shared recurrence cache stores references and survives warm/cold reconstruction
2026-10-10T05:32:56.0316658Z ✅ /home/runner/work/tandemlog/tandemlog/test/shared_text_history_test.dart: reordered originals bound disposable interning and retain old references
2026-10-10T05:32:56.0380628Z ✅ /home/runner/work/tandemlog/tandemlog/test/shared_text_history_test.dart: reshaped branches apply originals once, checkpoint restore=false
2026-10-10T05:32:56.0460475Z ✅ /home/runner/work/tandemlog/tandemlog/test/shared_text_history_test.dart: reshaped branches apply originals once, checkpoint restore=true
2026-10-10T05:32:56.1400976Z ✅ /home/runner/work/tandemlog/tandemlog/test/shared_text_history_test.dart: one original operation is retained across immutable recurrence references
2026-10-10T05:32:56.1460964Z ✅ /home/runner/work/tandemlog/tandemlog/test/shared_text_history_test.dart: union order and duplicate arrival retain one reference to each original
2026-10-10T05:32:56.1513878Z ✅ /home/runner/work/tandemlog/tandemlog/test/shared_text_history_test.dart: equal seed text cannot authorize independent roots or forged packet claims
2026-10-10T05:32:56.1550906Z ✅ /home/runner/work/tandemlog/tandemlog/test/shared_text_history_test.dart: canonical packet metadata is checked before retaining a reference
2026-10-10T05:32:56.1597306Z ✅ /home/runner/work/tandemlog/tandemlog/test/shared_text_history_test.dart: retained original packets are deeply immutable and privately owned
2026-10-10T05:32:56.2338023Z ✅ /home/runner/work/tandemlog/tandemlog/test/shared_text_history_test.dart: incremental native replay is linear and sparse checkpoints preserve historical state
2026-10-10T05:32:56.2884727Z ✅ /home/runner/work/tandemlog/tandemlog/test/shared_text_history_test.dart: reference summaries export full state only for sparse checkpoints or explicit proof
2026-10-10T05:32:56.2933389Z ✅ /home/runner/work/tandemlog/tandemlog/test/shared_text_history_test.dart: evicting native roots and closing a materializer does not change references
2026-10-10T05:32:56.3609678Z ✅ /home/runner/work/tandemlog/tandemlog/test/task_completion_checkbox_test.dart: disabled repeat perimeter has uniform opacity at overlapping tips
2026-10-10T05:32:56.5362061Z ✅ /home/runner/work/tandemlog/tandemlog/test/task_completion_checkbox_test.dart: repeat geometry retains padded touch and checked semantics
2026-10-10T05:32:56.5770740Z ✅ /home/runner/work/tandemlog/tandemlog/test/task_completion_checkbox_test.dart: disabled repeat target cannot complete at enlarged text
2026-10-10T05:32:56.6269737Z ✅ /home/runner/work/tandemlog/tandemlog/test/task_completion_checkbox_test.dart: completed controls share native appearance in both themes
2026-10-10T05:32:57.1390230Z ✅ /home/runner/work/tandemlog/tandemlog/test/writer_guard_test.dart: acknowledged head blocks old snapshot through other directory without sequence reuse
2026-10-10T05:32:57.1778265Z ✅ /home/runner/work/tandemlog/tandemlog/test/text_inheritance_test.dart: strict descriptor rejects unknown keys, versions, fields and hashes
2026-10-10T05:32:57.1828764Z ✅ /home/runner/work/tandemlog/tandemlog/test/text_inheritance_test.dart: missing proof is pending while a known wrong hash is invalid
2026-10-10T05:32:57.1872902Z ✅ /home/runner/work/tandemlog/tandemlog/test/text_inheritance_test.dart: genesis is verified and does not require a record
2026-10-10T05:32:57.1936483Z ✅ /home/runner/work/tandemlog/tandemlog/test/text_inheritance_test.dart: forward clock and same writer references are rejected even missing
2026-10-10T05:32:57.2004796Z ✅ /home/runner/work/tandemlog/tandemlog/test/text_inheritance_test.dart: duplicate reordered arrival filters immutable observed prefix
2026-10-10T05:32:57.2981179Z ✅ /home/runner/work/tandemlog/tandemlog/test/writer_guard_test.dart: acknowledged head blocks old snapshot through URI alias without sequence reuse
2026-10-10T05:32:57.6045377Z ✅ /home/runner/work/tandemlog/tandemlog/test/writer_guard_test.dart: acknowledged head blocks old snapshot through rebuilt cache without sequence reuse
2026-10-10T05:32:57.6980634Z ✅ /home/runner/work/tandemlog/tandemlog/test/writer_guard_test.dart: missing owned log is blocked even with a new cache and data directory
2026-10-10T05:32:57.8115294Z ✅ /home/runner/work/tandemlog/tandemlog/test/writer_guard_test.dart: same sequence with a fully recomputed valid chain rejects against private head
2026-10-10T05:32:57.9408641Z ✅ /home/runner/work/tandemlog/tandemlog/test/profile_safety_store_test.dart: writer reservation and partial acknowledgement survive reopening
2026-10-10T05:32:57.9502707Z ✅ /home/runner/work/tandemlog/tandemlog/test/writer_guard_test.dart: an explicitly different writer can use a restored snapshot without changing original guard
2026-10-10T05:32:57.9863973Z ✅ /home/runner/work/tandemlog/tandemlog/test/profile_safety_store_test.dart: same writer and event sequence are scoped to separate workspaces
2026-10-10T05:32:58.0073179Z ✅ /home/runner/work/tandemlog/tandemlog/test/profile_safety_store_test.dart: pending canonical bytes are immutable and survive reopen
2026-10-10T05:32:58.0266908Z ✅ /home/runner/work/tandemlog/tandemlog/test/profile_safety_store_test.dart: rollback and projection deletion do not clear protected evidence
2026-10-10T05:32:58.0525100Z ✅ /home/runner/work/tandemlog/tandemlog/test/profile_safety_store_test.dart: a SQL disk-capacity failure preserves original error and pending rows
2026-10-10T05:32:58.0785828Z ✅ /home/runner/work/tandemlog/tandemlog/test/profile_safety_store_test.dart: copied writer IDs across profiles are outside profile exclusion
2026-10-10T05:32:58.0810288Z ✅ /home/runner/work/tandemlog/tandemlog/test/writer_guard_test.dart: guard metadata is durable before append and normal reopen/refresh reads no old history
2026-10-10T05:32:58.2779547Z ✅ /home/runner/work/tandemlog/tandemlog/test/writer_guard_test.dart: zero-record failed append reserves candidate across restart until exact late arrival
2026-10-10T05:32:58.3171427Z ✅ /home/runner/work/tandemlog/tandemlog/test/profile_safety_store_test.dart: distinct profile writers converge in one canonical workspace
2026-10-10T05:32:58.3267242Z ✅ /home/runner/work/tandemlog/tandemlog/test/profile_safety_store_test.dart: async and nested transactions cannot commit unrelated outer work
2026-10-10T05:32:58.3450902Z ✅ /home/runner/work/tandemlog/tandemlog/test/profile_safety_store_test.dart: pending reads reject corrupt bytes and mismatched indexed identity
2026-10-10T05:32:58.4097347Z ✅ /home/runner/work/tandemlog/tandemlog/test/writer_guard_test.dart: lost append acknowledgment reconciles exact pending head after restart without duplicate sequence
2026-10-10T05:32:58.7252317Z ✅ /home/runner/work/tandemlog/tandemlog/test/writer_guard_test.dart: acknowledgment guard failure rolls cache back and blocks false confirmation until restart
2026-10-10T05:32:58.8614660Z ✅ /home/runner/work/tandemlog/tandemlog/test/writer_guard_test.dart: batch durable prefix reconciles across cache replacement
2026-10-10T05:32:58.9633298Z ✅ /home/runner/work/tandemlog/tandemlog/test/writer_guard_test.dart: batch durable prefix with partial tail blocks across cache replacement
2026-10-10T05:32:59.0554262Z ✅ /home/runner/work/tandemlog/tandemlog/test/writer_guard_test.dart: valid cache12 upgrades once without changing canonical bytes or writer guard
2026-10-10T05:32:59.1471113Z ✅ /home/runner/work/tandemlog/tandemlog/test/writer_guard_test.dart: cache10 retains old materialization and rejects separate tag event on upgrade
2026-10-10T05:32:59.3004801Z ✅ /home/runner/work/tandemlog/tandemlog/test/writer_guard_test.dart: cache10 retains old materialization and rejects generic recurring Undo on upgrade
2026-10-10T05:32:59.3901676Z ✅ /home/runner/work/tandemlog/tandemlog/test/writer_guard_test.dart: cache11 retains old materialization and rejects separate tag event on upgrade
2026-10-10T05:32:59.5000005Z ✅ /home/runner/work/tandemlog/tandemlog/test/undo_storage_test.dart: bulk Undo restores mixed schedules/assignees/tags and retains newer synced registers
2026-10-10T05:32:59.5147013Z ✅ /home/runner/work/tandemlog/tandemlog/test/writer_guard_test.dart: cache11 retains old materialization and rejects generic recurring Undo on upgrade
2026-10-10T05:32:59.6006081Z ✅ /home/runner/work/tandemlog/tandemlog/test/writer_guard_test.dart: cache12 retains old materialization and rejects separate tag event on upgrade
2026-10-10T05:32:59.7260698Z ✅ /home/runner/work/tandemlog/tandemlog/test/writer_guard_test.dart: cache12 retains old materialization and rejects generic recurring Undo on upgrade
2026-10-10T05:32:59.7971522Z ✅ /home/runner/work/tandemlog/tandemlog/test/writer_guard_test.dart: noninteger pending sequence is rejected without normalizing private metadata
2026-10-10T05:32:59.8635058Z ✅ /home/runner/work/tandemlog/tandemlog/test/writer_guard_test.dart: guard instances serialize candidate reservation for the same installation identity
2026-10-10T05:32:59.9324865Z ✅ /home/runner/work/tandemlog/tandemlog/test/writer_guard_test.dart: malformed private guard is preserved and never rebuilt from disposable cache
2026-10-10T05:33:00.2352103Z ✅ /home/runner/work/tandemlog/tandemlog/test/undo_storage_test.dart: completion and reopening Undo preserve successor work and independent completion/deletion
2026-10-10T05:33:00.5284358Z ✅ /home/runner/work/tandemlog/tandemlog/test/undo_storage_test.dart: move Undo retains later relative move and replays after known-cache upgrade
2026-10-10T05:33:00.7251619Z ✅ /home/runner/work/tandemlog/tandemlog/test/undo_storage_test.dart: Undo failure before append confirms only durable prefix and retry is idempotent
2026-10-10T05:33:00.9303477Z ✅ /home/runner/work/tandemlog/tandemlog/test/undo_storage_test.dart: Undo failure after append confirms only durable prefix and retry is idempotent
2026-10-10T05:33:01.1017987Z ✅ /home/runner/work/tandemlog/tandemlog/test/undo_storage_test.dart: unresolved write blocks new payload until exact delayed record appears
2026-10-10T05:33:01.2403656Z ✅ /home/runner/work/tandemlog/tandemlog/test/undo_storage_test.dart: delayed cross-entity Undo target fails transactionally with canonical bytes preserved
2026-10-10T05:33:02.7401092Z ✅ /home/runner/work/tandemlog/tandemlog/test/release_version_tile_test.dart: shows and copies only release version 2026.10.1
2026-10-10T05:33:02.8213529Z ✅ /home/runner/work/tandemlog/tandemlog/test/release_version_tile_test.dart: shows and copies only release version 2026.10.2-rc.1
2026-10-10T05:33:02.8771313Z ✅ /home/runner/work/tandemlog/tandemlog/test/release_version_tile_test.dart: missing metadata does not copy a guessed version
2026-10-10T05:33:02.9799750Z ✅ /home/runner/work/tandemlog/tandemlog/test/release_version_tile_test.dart: clipboard failure is contextual and can be retried
2026-10-10T05:33:03.4063256Z ✅ /home/runner/work/tandemlog/tandemlog/test/bulk_apply_semantics_test.dart: bulk apply names and accessible actions isolate fields at (900.0, 1.0)
2026-10-10T05:33:03.5636841Z ✅ /home/runner/work/tandemlog/tandemlog/test/domain_test.dart: deletion is a validated permanent tombstone in every arrival order
2026-10-10T05:33:03.5862464Z ✅ /home/runner/work/tandemlog/tandemlog/test/domain_test.dart: canonical UUID admission matches namespace validation and rejects aliases
2026-10-10T05:33:03.6072967Z ✅ /home/runner/work/tandemlog/tandemlog/test/domain_test.dart: all arrival permutations yield identical field conflict and undo state
2026-10-10T05:33:03.6168736Z ✅ /home/runner/work/tandemlog/tandemlog/test/domain_test.dart: unknown event/fields and counter overflow are rejected
2026-10-10T05:33:03.6619875Z ✅ /home/runner/work/tandemlog/tandemlog/test/domain_test.dart: historical v1 events and invalid new active fields fail explicitly
2026-10-10T05:33:04.5912199Z ✅ /home/runner/work/tandemlog/tandemlog/test/food_store_test.dart: malformed Food disables only Food and existing Tasks remain writable
2026-10-10T05:33:04.6422087Z ✅ /home/runner/work/tandemlog/tandemlog/test/food_store_test.dart: Food-only provider failure preserves the typed module boundary
2026-10-10T05:33:04.6853336Z ✅ /home/runner/work/tandemlog/tandemlog/test/food_store_test.dart: moved manifest stays a shared fatal fault
2026-10-10T05:33:04.7245478Z ✅ /home/runner/work/tandemlog/tandemlog/test/food_store_test.dart: malformed protected Food head is shared integrity, not history
2026-10-10T05:33:04.7391530Z ✅ /home/runner/work/tandemlog/tandemlog/test/bulk_apply_semantics_test.dart: bulk apply names and accessible actions isolate fields at (390.0, 2.0)
2026-10-10T05:33:04.7662343Z ✅ /home/runner/work/tandemlog/tandemlog/test/food_store_test.dart: recognized Food conflict stays module-scoped: food-00000000-0000-4000-8000-000000000001.sync-conflict-synthetic.foodlog
2026-10-10T05:33:04.8099864Z ✅ /home/runner/work/tandemlog/tandemlog/test/food_store_test.dart: recognized Food conflict stays module-scoped: food-00000000-0000-4000-8000-000000000001.foodlog.sync-conflict-synthetic
2026-10-10T05:33:04.8443728Z ✅ /home/runner/work/tandemlog/tandemlog/test/food_store_test.dart: unclassified conflict preserves released Task fail-closed policy
2026-10-10T05:33:04.9753989Z ✅ /home/runner/work/tandemlog/tandemlog/test/food_store_test.dart: disabled Food retains exact prepared bytes for explicit recovery
2026-10-10T05:33:05.1220432Z ✅ /home/runner/work/tandemlog/tandemlog/test/food_store_test.dart: food physical count and durable Deleted survive restart without changing task v3 bytes
2026-10-10T05:33:05.1914777Z ✅ /home/runner/work/tandemlog/tandemlog/test/food_store_test.dart: partial first record is resumed exactly from protected bytes across restart
2026-10-10T05:33:05.2499998Z ✅ /home/runner/work/tandemlog/tandemlog/test/food_store_test.dart: uncertain successful append admits once and retires exact receipt
2026-10-10T05:33:05.3150905Z ✅ /home/runner/work/tandemlog/tandemlog/test/food_store_test.dart: acknowledged missing stream fails closed and retains last view
2026-10-10T05:33:05.3773176Z ✅ /home/runner/work/tandemlog/tandemlog/test/food_store_test.dart: food refresh SQL fault preserves state and receipts together
2026-10-10T05:33:05.4176924Z ✅ /home/runner/work/tandemlog/tandemlog/test/food_store_test.dart: missing own reservation after initialization cannot reuse a sequence
2026-10-10T05:33:05.5061231Z ✅ /home/runner/work/tandemlog/tandemlog/test/food_store_test.dart: food handle releases its lease when the profile owner is poisoned
2026-10-10T05:33:05.5553891Z ✅ /home/runner/work/tandemlog/tandemlog/test/bulk_apply_semantics_test.dart: keyboard applies only Due time; tag operations stay distinct
2026-10-10T05:33:06.0999630Z ✅ /home/runner/work/tandemlog/tandemlog/test/bulk_apply_semantics_test.dart: saving retains field names but disables all apply actions
2026-10-10T05:33:07.5771582Z ✅ /home/runner/work/tandemlog/tandemlog/test/tag_input_geometry_test.dart: many selected chips keep query and results reachable with IME
2026-10-10T05:33:07.8461945Z ✅ /home/runner/work/tandemlog/tandemlog/test/tag_filter_picker_test.dart: query underline gap stays stable with chips at 260.0/1.0
2026-10-10T05:33:08.0598949Z ✅ /home/runner/work/tandemlog/tandemlog/test/tag_filter_picker_test.dart: query underline gap stays stable with chips at 260.0/2.0
2026-10-10T05:33:08.1413881Z ✅ /home/runner/work/tandemlog/tandemlog/test/food_record_test.dart: literal canonical food wire/hash and module writer fixture
2026-10-10T05:33:08.1607679Z ✅ /home/runner/work/tandemlog/tandemlog/test/food_record_test.dart: separate food hash domain and immutable envelope bindings
2026-10-10T05:33:08.1637307Z ✅ /home/runner/work/tandemlog/tandemlog/test/food_record_test.dart: food DTO identity and order cannot disagree with verified envelope
2026-10-10T05:33:08.1690411Z ✅ /home/runner/work/tandemlog/tandemlog/test/food_record_test.dart: noncreation records carry observed per-container creation basis
2026-10-10T05:33:08.1769981Z ✅ /home/runner/work/tandemlog/tandemlog/test/food_record_test.dart: unknown/noncanonical/oversized records are rejected
2026-10-10T05:33:08.1860932Z ✅ /home/runner/work/tandemlog/tandemlog/test/food_record_test.dart: exact signed64 clock roundtrip and bounds
2026-10-10T05:33:08.2724790Z ✅ /home/runner/work/tandemlog/tandemlog/test/tag_filter_picker_test.dart: query underline gap stays stable with chips at 390.0/1.0
2026-10-10T05:33:08.5012890Z ✅ /home/runner/work/tandemlog/tandemlog/test/tag_filter_picker_test.dart: query underline gap stays stable with chips at 390.0/2.0
2026-10-10T05:33:08.7722180Z ✅ /home/runner/work/tandemlog/tandemlog/test/tag_filter_picker_test.dart: initial suggestions survive IME relayout at 1.0 text scale
2026-10-10T05:33:08.9757357Z ✅ /home/runner/work/tandemlog/tandemlog/test/tag_filter_picker_test.dart: initial suggestions survive IME relayout at 2.0 text scale
2026-10-10T05:33:09.5777481Z ✅ /home/runner/work/tandemlog/tandemlog/test/checklist_architecture_gate_test.dart: genuine offline item activity arriving after cancellation restores its task
2026-10-10T05:33:09.6019541Z ✅ /home/runner/work/tandemlog/tandemlog/test/tag_filter_picker_test.dart: below-first dialog overlay uses content size and stays stable through queries and metrics
2026-10-10T05:33:10.1041138Z ✅ /home/runner/work/tandemlog/tandemlog/test/checklist_architecture_gate_test.dart: local item create cannot resurrect a canceled successor
2026-10-10T05:33:10.3968384Z ✅ /home/runner/work/tandemlog/tandemlog/test/checklist_architecture_gate_test.dart: local item check cannot resurrect a canceled successor
2026-10-10T05:33:10.6507387Z ✅ /home/runner/work/tandemlog/tandemlog/test/checklist_architecture_gate_test.dart: local item move cannot resurrect a canceled successor
2026-10-10T05:33:10.8770800Z ✅ /home/runner/work/tandemlog/tandemlog/test/checklist_architecture_gate_test.dart: local item delete cannot resurrect a canceled successor
2026-10-10T05:33:11.1459445Z ✅ /home/runner/work/tandemlog/tandemlog/test/checklist_architecture_gate_test.dart: local item native Save cannot resurrect a canceled successor
2026-10-10T05:33:11.3661452Z ✅ /home/runner/work/tandemlog/tandemlog/test/checklist_architecture_gate_test.dart: item Save returns its current merged item rather than a deleted row
2026-10-10T05:33:13.1520568Z ✅ /home/runner/work/tandemlog/tandemlog/test/food_collapsed_inspect_guard_test.dart: latest Full conflict retains warning and Inspect dark 1.0x
2026-10-10T05:33:13.4003892Z ✅ /home/runner/work/tandemlog/tandemlog/test/food_collapsed_inspect_guard_test.dart: latest Full conflict retains warning and Inspect dark 2.0x
2026-10-10T05:33:13.6225935Z ✅ /home/runner/work/tandemlog/tandemlog/test/food_collapsed_inspect_guard_test.dart: latest Full conflict retains warning and Inspect light 1.0x
2026-10-10T05:33:13.8427248Z ✅ /home/runner/work/tandemlog/tandemlog/test/food_collapsed_inspect_guard_test.dart: latest Full conflict retains warning and Inspect light 2.0x
2026-10-10T05:33:14.9248799Z ##[endgroup]
2026-10-10T05:33:14.9250882Z ##[group]✅ /home/runner/work/tandemlog/tandemlog/test/food_replay_budget_test.dart: wide-target thousand-reference history has a bounded replay budget
2026-10-10T05:33:14.9252153Z FOOD_REPLAY_BUDGET bytes=12418562 records=1002 targets=100 refs=1000 elapsed_ms=2622
2026-10-10T05:33:14.9253073Z ##[endgroup]
2026-10-10T05:33:15.4998448Z ##[group]✅ Passing tests
2026-10-10T05:33:15.4999627Z ✅ /home/runner/work/tandemlog/tandemlog/test/profile_task_store_test.dart: immutable names reject injected identifiers
2026-10-10T05:33:15.6643996Z ✅ /home/runner/work/tandemlog/tandemlog/test/profile_task_store_test.dart: shared checklist display state is scoped and uses owner rollback
2026-10-10T05:33:15.8144785Z ✅ /home/runner/work/tandemlog/tandemlog/test/profile_task_store_test.dart: two workspaces isolate identical entity and writer sequence IDs
2026-10-10T05:33:15.8607322Z ✅ /home/runner/work/tandemlog/tandemlog/test/profile_task_store_test.dart: same location rejects a duplicate handle until close
2026-10-10T05:33:15.9080025Z ✅ /home/runner/work/tandemlog/tandemlog/test/profile_task_store_test.dart: queued open prevents owner close before its handle is returned
2026-10-10T05:33:15.9404523Z ✅ /home/runner/work/tandemlog/tandemlog/test/profile_task_store_test.dart: shared namespace never invokes legacy global schema replay
2026-10-10T05:33:16.1128237Z ✅ /home/runner/work/tandemlog/tandemlog/test/profile_task_store_test.dart: protected native receipt survives alias confirmation/rebuild appended=false
2026-10-10T05:33:16.2562338Z ✅ /home/runner/work/tandemlog/tandemlog/test/profile_task_store_test.dart: protected native receipt survives alias confirmation/rebuild appended=true
2026-10-10T05:33:16.3334970Z ✅ /home/runner/work/tandemlog/tandemlog/test/profile_task_store_test.dart: failed shared acknowledgement retains exact intent and rolls back projections
2026-10-10T05:33:16.4074320Z ✅ /home/runner/work/tandemlog/tandemlog/test/profile_task_store_test.dart: overlapping workspace operations share one transaction owner
2026-10-10T05:33:16.9902831Z ✅ /home/runner/work/tandemlog/tandemlog/test/task_metadata_test.dart: future hints use projection availability and the observed local day
2026-10-10T05:33:16.9930781Z ✅ /home/runner/work/tandemlog/tandemlog/test/task_metadata_test.dart: passed start and history hints stay absent even with a retained instant
2026-10-10T05:33:16.9954470Z ✅ /home/runner/work/tandemlog/tandemlog/test/task_metadata_test.dart: same heading removes date-only details and empty separators
2026-10-10T05:33:16.9978213Z ✅ /home/runner/work/tandemlog/tandemlog/test/task_metadata_test.dart: same heading retains role and time
2026-10-10T05:33:17.0011984Z ✅ /home/runner/work/tandemlog/tandemlog/test/task_metadata_test.dart: day groups hide due dates and available starts
2026-10-10T05:33:17.0038985Z ✅ /home/runner/work/tandemlog/tandemlog/test/task_metadata_test.dart: day groups hide pinned dates even across local days
2026-10-10T05:33:17.0070763Z ✅ /home/runner/work/tandemlog/tandemlog/test/task_metadata_test.dart: repeat perimeter needs no redundant metadata line or verbose rule
2026-10-10T05:33:17.0093466Z ✅ /home/runner/work/tandemlog/tandemlog/test/task_metadata_test.dart: local zone changes alter only pinned presentation
2026-10-10T05:33:17.0117914Z ✅ /home/runner/work/tandemlog/tandemlog/test/task_metadata_test.dart: pinned DST gaps and folds share projection resolution
2026-10-10T05:33:17.0153064Z ✅ /home/runner/work/tandemlog/tandemlog/test/task_metadata_test.dart: local day headings and bounded task times share the observed zone
2026-10-10T05:33:17.0172775Z ✅ /home/runner/work/tandemlog/tandemlog/test/task_metadata_test.dart: date-only occurrence override suppresses timed base due
2026-10-10T05:33:17.2721111Z ✅ /home/runner/work/tandemlog/tandemlog/test/shared_tag_semantics_test.dart: query clear and dropdown actions identify every editing context
2026-10-10T05:33:17.8116201Z ✅ /home/runner/work/tandemlog/tandemlog/test/shared_tag_semantics_test.dart: editor exposes named query and removable selected tags
2026-10-10T05:33:18.0527230Z ✅ /home/runner/work/tandemlog/tandemlog/test/legacy_cache_import_test.dart: captures primary and historical observations, keeps originals and replays unchanged logs
2026-10-10T05:33:18.1821475Z ✅ /home/runner/work/tandemlog/tandemlog/test/legacy_cache_import_test.dart: cache import transaction interruption leaves no partial observations
2026-10-10T05:33:18.3211988Z ✅ /home/runner/work/tandemlog/tandemlog/test/legacy_cache_import_test.dart: warm namespace still validates protected snapshot bytes
2026-10-10T05:33:18.4608807Z ✅ /home/runner/work/tandemlog/tandemlog/test/legacy_cache_import_test.dart: interrupted legacy replay retains independent heads/ranges and backup
2026-10-10T05:33:18.5633660Z ✅ /home/runner/work/tandemlog/tandemlog/test/legacy_cache_import_test.dart: changed source or conflicting location binding rejects without replacement
2026-10-10T05:33:18.7512158Z ✅ /home/runner/work/tandemlog/tandemlog/test/legacy_cache_import_test.dart: cache-only exact native receipt imports and retries without private file
2026-10-10T05:33:18.8076774Z ✅ /home/runner/work/tandemlog/tandemlog/test/shared_tag_semantics_test.dart: bulk suggestions are readable and semantics activation is local
2026-10-10T05:33:19.6013495Z ✅ /home/runner/work/tandemlog/tandemlog/test/shared_tag_semantics_test.dart: bulk chip actions preserve independent deltas and Apply state
2026-10-10T05:33:19.9481417Z ✅ /home/runner/work/tandemlog/tandemlog/test/unavailable_completion_test.dart: unavailable completion explains by tap and keyboard without completing
2026-10-10T05:33:20.1822897Z ✅ /home/runner/work/tandemlog/tandemlog/test/shared_tag_semantics_test.dart: Saving freezes tag editing and chip removal in both bulk contexts
2026-10-10T05:33:21.1130824Z ✅ /home/runner/work/tandemlog/tandemlog/test/checklist_suppressed_capture_test.dart: canceled untouched checklist successor cannot open a private native editor or become visible through capture
2026-10-10T05:33:21.6329050Z ✅ /home/runner/work/tandemlog/tandemlog/test/local_durability_test.dart: exclusive create writes and flushes file before its parent
2026-10-10T05:33:21.6389647Z ✅ /home/runner/work/tandemlog/tandemlog/test/local_durability_test.dart: new append barriers and existing stream first-use barrier
2026-10-10T05:33:21.6443544Z ✅ /home/runner/work/tandemlog/tandemlog/test/local_durability_test.dart: interrupted writes and fsync retry; close never retries
2026-10-10T05:33:21.6478587Z ✅ /home/runner/work/tandemlog/tandemlog/test/local_durability_test.dart: file fsync failure closes descriptor and prevents directory barrier
2026-10-10T05:33:21.6517065Z ✅ /home/runner/work/tandemlog/tandemlog/test/local_durability_test.dart: failed directory open/fsync is visible and append retries barrier
2026-10-10T05:33:21.6564631Z ✅ /home/runner/work/tandemlog/tandemlog/test/local_durability_test.dart: mkdir chain flushes each new parent and confirmed directories skip barriers
2026-10-10T05:33:21.6619776Z ✅ /home/runner/work/tandemlog/tandemlog/test/local_durability_test.dart: first ensure confirms existing ancestry after interrupted earlier process
2026-10-10T05:33:21.6660267Z ✅ /home/runner/work/tandemlog/tandemlog/test/local_durability_test.dart: failed mkdir barrier retries even though the directory now exists
2026-10-10T05:33:21.6816726Z ✅ /home/runner/work/tandemlog/tandemlog/test/local_durability_test.dart: atomic replacement synchronizes parent after completed rename and preserves failures
2026-10-10T05:33:21.6966269Z ✅ /home/runner/work/tandemlog/tandemlog/test/local_durability_test.dart: profile lock creates its directory through durability before settings
2026-10-10T05:33:21.7117368Z ✅ /home/runner/work/tandemlog/tandemlog/test/local_durability_test.dart: failed settings replacement retains its saved identity on retry
2026-10-10T05:33:21.7208105Z ✅ /home/runner/work/tandemlog/tandemlog/test/local_durability_test.dart: marker rename sync failure is confirmed on the next settings load
2026-10-10T05:33:21.7308884Z ✅ /home/runner/work/tandemlog/tandemlog/test/local_durability_test.dart: other platforms retain file flushing without calling Linux APIs
2026-10-10T05:33:21.7522662Z ✅ /home/runner/work/tandemlog/tandemlog/test/local_durability_test.dart: real Linux FFI smoke: manifest creation, append, replacement and missing-directory error
2026-10-10T05:33:22.6181306Z ✅ /home/runner/work/tandemlog/tandemlog/test/bulk_failure_visibility_test.dart: bulk failure remains visible after bottom scroll (height: 820.0, keyboard: 0.0, message: Selected tasks changed. Close this editor and review them before retrying., scale: 1.0, width: 390.0)
2026-10-10T05:33:22.9821343Z ✅ /home/runner/work/tandemlog/tandemlog/test/checklist_completion_command_test.dart: all checked items complete without warning and prepare exactly one receipt
2026-10-10T05:33:23.2225998Z ✅ /home/runner/work/tandemlog/tandemlog/test/checklist_completion_command_test.dart: cancel unfinished warning prepares nothing and preserves exact canonical bytes
2026-10-10T05:33:23.2827438Z ✅ /home/runner/work/tandemlog/tandemlog/test/bulk_failure_visibility_test.dart: bulk failure remains visible after bottom scroll (height: 820.0, keyboard: 280.0, message: Selected tasks changed. Close this editor and review them before retrying., scale: 2.0, width: 390.0)
2026-10-10T05:33:23.6001463Z ✅ /home/runner/work/tandemlog/tandemlog/test/checklist_completion_command_test.dart: warning observes whole current checklist including checked items notes and order
2026-10-10T05:33:23.8827968Z ✅ /home/runner/work/tandemlog/tandemlog/test/bulk_failure_visibility_test.dart: bulk failure remains visible after bottom scroll (height: 640.0, keyboard: 280.0, message: Selected tasks changed. Close this editor and review them before retrying., scale: 2.0, width: 360.0)
2026-10-10T05:33:23.9421246Z ✅ /home/runner/work/tandemlog/tandemlog/test/checklist_completion_command_test.dart: incoming new unchecked item during warning requires fresh confirmation before receipt
2026-10-10T05:33:24.2666735Z ✅ /home/runner/work/tandemlog/tandemlog/test/checklist_completion_command_test.dart: incoming completion state during warning requires fresh confirmation before receipt
2026-10-10T05:33:24.4697304Z ✅ /home/runner/work/tandemlog/tandemlog/test/bulk_failure_visibility_test.dart: bulk failure remains visible after bottom scroll (height: 640.0, keyboard: 280.0, message: Folder save failed. Your draft is retained. The provider did not acknowledge the selected changes. Reconnect the folder and check its permissions before retrying. No successful save has been reported. A long provider explanation must remain readable without moving the form., scale: 2.0, width: 360.0)
2026-10-10T05:33:24.6090876Z ✅ /home/runner/work/tandemlog/tandemlog/test/checklist_completion_command_test.dart: incoming title during warning requires fresh confirmation before receipt
2026-10-10T05:33:24.7782046Z ✅ /home/runner/work/tandemlog/tandemlog/test/bulk_failure_visibility_test.dart: single modal and bulk panel keep existing failure location false
2026-10-10T05:33:24.9278581Z ✅ /home/runner/work/tandemlog/tandemlog/test/checklist_completion_command_test.dart: incoming notes during warning requires fresh confirmation before receipt
2026-10-10T05:33:25.0986479Z ✅ /home/runner/work/tandemlog/tandemlog/test/bulk_failure_visibility_test.dart: single modal and bulk panel keep existing failure location true
2026-10-10T05:33:25.2126149Z ✅ /home/runner/work/tandemlog/tandemlog/test/checklist_completion_command_test.dart: incoming order during warning requires fresh confirmation before receipt
2026-10-10T05:33:25.6209634Z ✅ /home/runner/work/tandemlog/tandemlog/test/checklist_completion_command_test.dart: cancel renewed warning keeps peer changes but writes no local completion
2026-10-10T05:33:25.9111676Z ✅ /home/runner/work/tandemlog/tandemlog/test/checklist_completion_command_test.dart: incoming checks clearing all unfinished work need no second warning
2026-10-10T05:33:26.1310830Z ✅ /home/runner/work/tandemlog/tandemlog/test/checklist_completion_command_test.dart: task deleted while warning is open stops without preparing duplicate completion
2026-10-10T05:33:26.3699024Z ✅ /home/runner/work/tandemlog/tandemlog/test/checklist_completion_command_test.dart: task completed while warning is open stops without preparing duplicate completion
2026-10-10T05:33:26.5910120Z ✅ /home/runner/work/tandemlog/tandemlog/test/checklist_completion_command_test.dart: already completed task returns null without warning or duplicate receipt
2026-10-10T05:33:26.8806165Z ✅ /home/runner/work/tandemlog/tandemlog/test/checklist_completion_command_test.dart: native incoming notes renew warning while another private item draft stays unpublished
2026-10-10T05:33:26.9036131Z ✅ /home/runner/work/tandemlog/tandemlog/test/recurring_store_test.dart: offline recurring peers retain child edits drafts Undo and exact cold replay
2026-10-10T05:33:27.3605470Z ✅ /home/runner/work/tandemlog/tandemlog/test/checklist_completion_command_test.dart: incoming unchecked item at native preparation boundary retries confirmation before any receipt
2026-10-10T05:33:27.5480097Z ✅ /home/runner/work/tandemlog/tandemlog/test/task_view_test.dart: exact times precede date-only on the same day without invented time
2026-10-10T05:33:27.5518903Z ✅ /home/runner/work/tandemlog/tandemlog/test/task_view_test.dart: scheduled override supplies both date and precision for sorting
2026-10-10T05:33:27.5820138Z ✅ /home/runner/work/tandemlog/tandemlog/test/task_view_test.dart: calendar bounds retain precision over viewer midnight and DST
2026-10-10T05:33:27.5918922Z ✅ /home/runner/work/tandemlog/tandemlog/test/task_view_test.dart: visible future hints refresh at viewer midnight before the start
2026-10-10T05:33:27.6000929Z ✅ /home/runner/work/tandemlog/tandemlog/test/task_view_test.dart: recurring completion eligibility changes at civil midnight and on zone changes
2026-10-10T05:33:27.6029615Z ✅ /home/runner/work/tandemlog/tandemlog/test/task_view_test.dart: completion boundary follows 23-hour and 25-hour named-zone days
2026-10-10T05:33:27.6092993Z ✅ /home/runner/work/tandemlog/tandemlog/test/task_view_test.dart: ordinary tag intersects assignee, upcoming and completed views
2026-10-10T05:33:27.6123549Z ✅ /home/runner/work/tandemlog/tandemlog/test/task_view_test.dart: upcoming is opt-in and does not change stored rows
2026-10-10T05:33:27.6156487Z ✅ /home/runner/work/tandemlog/tandemlog/test/task_view_test.dart: standalone timing evaluates hidden and completed rows without changing state
2026-10-10T05:33:27.6204688Z ✅ /home/runner/work/tandemlog/tandemlog/test/task_view_test.dart: bounds accept only nullable integers and preserve recurrence anchor
2026-10-10T05:33:27.6236459Z ✅ /home/runner/work/tandemlog/tandemlog/test/task_view_test.dart: availability includes exact boundary and completed history stays visible
2026-10-10T05:33:27.6290096Z ✅ /home/runner/work/tandemlog/tandemlog/test/task_view_test.dart: effective scheduled precedence, bounds, Someday and manual ties
2026-10-10T05:33:27.6319854Z ✅ /home/runner/work/tandemlog/tandemlog/test/task_view_test.dart: bounds clamp civil day while retaining exact time and manual tie order
2026-10-10T05:33:27.6346554Z ✅ /home/runner/work/tandemlog/tandemlog/test/task_view_test.dart: pinned exact dates convert to viewer calendar but date-only remains civil
2026-10-10T05:33:27.6390941Z ✅ /home/runner/work/tandemlog/tandemlog/test/task_view_test.dart: start midnight and DST gap/fold use calendar transitions
2026-10-10T05:33:27.6423178Z ✅ /home/runner/work/tandemlog/tandemlog/test/task_view_test.dart: date-only start midnight uses the shared pinned task zone
2026-10-10T05:33:27.6462388Z ✅ /home/runner/work/tandemlog/tandemlog/test/task_view_test.dart: supported bound horizon is admitted and renderable, larger values rejected
2026-10-10T05:33:27.6486100Z ✅ /home/runner/work/tandemlog/tandemlog/test/task_view_test.dart: derived bound groups may cross the persisted date year limit
2026-10-10T05:33:27.6513313Z ✅ /home/runner/work/tandemlog/tandemlog/test/task_view_test.dart: bounds midnight boundary follows 23 and 25 hour local days
2026-10-10T05:33:27.6540925Z ✅ /home/runner/work/tandemlog/tandemlog/test/task_view_test.dart: filter and hidden bounds select earliest relevant clock boundary
2026-10-10T05:33:27.6570709Z ✅ /home/runner/work/tandemlog/tandemlog/test/task_view_test.dart: search bypasses filters and availability without changing source
2026-10-10T05:33:27.6616578Z ✅ /home/runner/work/tandemlog/tandemlog/test/task_view_test.dart: multiple tags match any then combine with visibility and assignee
2026-10-10T05:33:28.5886355Z ✅ /home/runner/work/tandemlog/tandemlog/test/checklist_suppressed_item_capture_test.dart: copied item under canceled successor cannot open a private native editor
2026-10-10T05:33:29.1609490Z ✅ /home/runner/work/tandemlog/tandemlog/test/text_actor_registry_test.dart: TA01 durable actor derivation is exact, stable and context scoped
2026-10-10T05:33:29.1687719Z ✅ /home/runner/work/tandemlog/tandemlog/test/text_actor_registry_test.dart: TA02 reserved, unsafe, malformed and mismatched owners reject
2026-10-10T05:33:29.1726357Z ✅ /home/runner/work/tandemlog/tandemlog/test/text_actor_registry_test.dart: TA03 actual allocator collision retains first owner and rejects second
2026-10-10T05:33:29.1752654Z ✅ /home/runner/work/tandemlog/tandemlog/test/text_actor_registry_test.dart: TA04 multi-field admission is atomic when a later owner conflicts
2026-10-10T05:33:29.1799312Z ✅ /home/runner/work/tandemlog/tandemlog/test/text_actor_registry_test.dart: TA05 canonical-only ownership replay is duplicate/order independent
2026-10-10T05:33:29.1830466Z ✅ /home/runner/work/tandemlog/tandemlog/test/text_actor_registry_test.dart: TA06 operation struct authors must be the declared owner
2026-10-10T05:33:29.1853587Z ✅ /home/runner/work/tandemlog/tandemlog/test/text_actor_registry_test.dart: TA07 separate documents do not conflate equal actor numbers
2026-10-10T05:33:29.1872964Z ✅ /home/runner/work/tandemlog/tandemlog/test/text_actor_registry_test.dart: TA08 unknown ownership metadata fails explicitly
2026-10-10T05:33:29.1897984Z ✅ /home/runner/work/tandemlog/tandemlog/test/text_actor_registry_test.dart: a failed delta preserves every previously bound owner
2026-10-10T05:33:29.1932327Z ✅ /home/runner/work/tandemlog/tandemlog/test/text_actor_registry_test.dart: cached owner still rejects changed identity and unknown authors
2026-10-10T05:33:29.5884793Z ✅ /home/runner/work/tandemlog/tandemlog/test/historical_delivery_test.dart: review: historical source and marker arrive after cross-writer Undo
2026-10-10T05:33:30.2866797Z ✅ /home/runner/work/tandemlog/tandemlog/test/historical_delivery_test.dart: review: native historical source and marker arrive after cross-writer Undo
2026-10-10T05:33:30.7347396Z ✅ /home/runner/work/tandemlog/tandemlog/test/checklist_presentation_test.dart: holding child reorder handle never opens help popup
2026-10-10T05:33:30.8528615Z ✅ /home/runner/work/tandemlog/tandemlog/test/checklist_presentation_test.dart: child reorder drag still works after holding 0:00:00.000000
2026-10-10T05:33:30.8927893Z ✅ /home/runner/work/tandemlog/tandemlog/test/inbox_test.dart: Inbox means raw capture until first surviving saved edit
2026-10-10T05:33:30.8960264Z ✅ /home/runner/work/tandemlog/tandemlog/test/inbox_test.dart: derived successors are organized even if their snapshot is empty
2026-10-10T05:33:30.9073013Z ✅ /home/runner/work/tandemlog/tandemlog/test/inbox_test.dart: Inbox is first in manual order and separate from Someday/history
2026-10-10T05:33:30.9555557Z ✅ /home/runner/work/tandemlog/tandemlog/test/checklist_presentation_test.dart: child reorder drag still works after holding 0:00:01.000000
2026-10-10T05:33:31.0303262Z ✅ /home/runner/work/tandemlog/tandemlog/test/checklist_presentation_test.dart: child handle uses parent reorder icon and retains semantics
2026-10-10T05:33:31.0349259Z ✅ /home/runner/work/tandemlog/tandemlog/test/checklist_presentation_test.dart: title normalization respects composition and selection-only history
2026-10-10T05:33:31.1345167Z ✅ /home/runner/work/tandemlog/tandemlog/test/checklist_presentation_test.dart: panel exposes check/edit/add, relative moves and edge restrictions
2026-10-10T05:33:31.1851617Z ✅ /home/runner/work/tandemlog/tandemlog/test/checklist_presentation_test.dart: panel disabled controls and 200 percent narrow semantics
2026-10-10T05:33:31.3215503Z ✅ /home/runner/work/tandemlog/tandemlog/test/checklist_presentation_test.dart: busy checkbox keeps child focus and guards repeat Space
2026-10-10T05:33:31.4323181Z ✅ /home/runner/work/tandemlog/tandemlog/test/checklist_presentation_test.dart: late control callbacks cannot dispatch after panel becomes busy
2026-10-10T05:33:31.5245876Z ✅ /home/runner/work/tandemlog/tandemlog/test/food_profile_upgrade_test.dart: released schema2 upgrades additively and retains all protected bytes
2026-10-10T05:33:31.5665305Z ✅ /home/runner/work/tandemlog/tandemlog/test/food_profile_upgrade_test.dart: weakened released authority prevents any schema3 creation
2026-10-10T05:33:31.5802365Z ✅ /home/runner/work/tandemlog/tandemlog/test/checklist_presentation_test.dart: child handle supports scoped typed drag and relative movement
2026-10-10T05:33:31.6080885Z ✅ /home/runner/work/tandemlog/tandemlog/test/food_profile_upgrade_test.dart: halfway additive upgrade failure rolls back all new authority
2026-10-10T05:33:31.7824026Z ✅ /home/runner/work/tandemlog/tandemlog/test/checklist_presentation_test.dart: drop rejects wrong scope stale snapshot and disabled late acceptance
2026-10-10T05:33:31.9189923Z ✅ /home/runner/work/tandemlog/tandemlog/test/checklist_presentation_test.dart: move semantics keyboard edges and Add focus hook stay child scoped
2026-10-10T05:33:32.2631314Z ✅ /home/runner/work/tandemlog/tandemlog/test/checklist_presentation_test.dart: new item saves normalized title and multiline notes independently
2026-10-10T05:33:32.5268482Z ✅ /home/runner/work/tandemlog/tandemlog/test/text_save_command_test.dart: production native Save coordinator canonical acknowledgement precedes commit and enables selective Undo
2026-10-10T05:33:32.5880796Z ✅ /home/runner/work/tandemlog/tandemlog/test/checklist_presentation_test.dart: dirty close can be cancelled, dismissed and asked repeatedly without popping
2026-10-10T05:33:32.7077792Z ✅ /home/runner/work/tandemlog/tandemlog/test/text_save_command_test.dart: production native Save coordinator unknown append retains exact packet and nontext intent afterWriting=false
2026-10-10T05:33:32.7607210Z ✅ /home/runner/work/tandemlog/tandemlog/test/checklist_presentation_test.dart: save through close guard renews dirty baseline; reopening starts clean
2026-10-10T05:33:32.8772621Z ✅ /home/runner/work/tandemlog/tandemlog/test/text_save_command_test.dart: production native Save coordinator unknown append retains exact packet and nontext intent afterWriting=true
2026-10-10T05:33:32.9467996Z ✅ /home/runner/work/tandemlog/tandemlog/test/checklist_presentation_test.dart: failed save retains draft; pending receipt freezes fields and close but permits exact retry
2026-10-10T05:33:33.1221394Z ✅ /home/runner/work/tandemlog/tandemlog/test/text_save_command_test.dart: production native Save coordinator bound retry completes frozen intent after remote metadata changes
2026-10-10T05:33:33.2042637Z ✅ /home/runner/work/tandemlog/tandemlog/test/checklist_presentation_test.dart: IME composition cannot save; length errors retain fields
2026-10-10T05:33:33.2352105Z ✅ /home/runner/work/tandemlog/tandemlog/test/text_save_command_test.dart: production native Save coordinator unchanged Save preserves captured lease and nontext-only Save uses ordinary edit
2026-10-10T05:33:33.3039788Z ✅ /home/runner/work/tandemlog/tandemlog/test/checklist_presentation_test.dart: narrow enlarged editor and keyboard keep multiline input and actions reachable
2026-10-10T05:33:33.3544169Z ✅ /home/runner/work/tandemlog/tandemlog/test/text_save_command_test.dart: production native Save coordinator nontext guard rejects before append without consuming private edits
2026-10-10T05:33:33.4112937Z ✅ /home/runner/work/tandemlog/tandemlog/test/checklist_presentation_test.dart: busy Save admits one command and freezes draft until success
2026-10-10T05:33:33.6265358Z ✅ /home/runner/work/tandemlog/tandemlog/test/text_save_command_test.dart: production native Save coordinator remote text merges into the returned row without rebasing private intent
2026-10-10T05:33:33.6993202Z ✅ /home/runner/work/tandemlog/tandemlog/test/checklist_presentation_test.dart: Cancel and route back resolve dirty item before closing host
2026-10-10T05:33:33.7957003Z ✅ /home/runner/work/tandemlog/tandemlog/test/text_save_command_test.dart: production native Save coordinator nontext-only native session permits remote text under the same guard
2026-10-10T05:33:33.8668212Z ✅ /home/runner/work/tandemlog/tandemlog/test/checklist_presentation_test.dart: render dark desktop and narrow enlarged components
2026-10-10T05:33:33.9018055Z ✅ /home/runner/work/tandemlog/tandemlog/test/text_save_command_test.dart: production native Save coordinator Undo registration failure reports the already saved result
2026-10-10T05:33:34.2315924Z ✅ /home/runner/work/tandemlog/tandemlog/test/text_save_command_test.dart: production native Save coordinator postcommit draft allocation failure reports saved and can finish renewal
2026-10-10T05:33:34.3066258Z ✅ /home/runner/work/tandemlog/tandemlog/test/text_save_command_test.dart: production native Save coordinator native Save rejects whole-string fields
2026-10-10T05:33:34.6367201Z ✅ /home/runner/work/tandemlog/tandemlog/test/local_profile_database_test.dart: one DB after clean close, with exclusive durable WAL configured
2026-10-10T05:33:34.6590947Z ✅ /home/runner/work/tandemlog/tandemlog/test/local_profile_database_test.dart: same process and symlink aliases fail before opening another handle
2026-10-10T05:33:34.6776531Z ✅ /home/runner/work/tandemlog/tandemlog/test/local_profile_database_test.dart: failed open retains unsupported database and releases process guard
2026-10-10T05:33:34.9728064Z ✅ /home/runner/work/tandemlog/tandemlog/test/android_log_folder_test.dart: range bridge returns suffix and exposes nonseekable fallback explicitly
2026-10-10T05:33:34.9767872Z ✅ /home/runner/work/tandemlog/tandemlog/test/android_log_folder_test.dart: range truncation/provider errors remain failures rather than fallback
2026-10-10T05:33:34.9879583Z ✅ /home/runner/work/tandemlog/tandemlog/test/android_log_folder_test.dart: unsupported watch retains 15-second foreground fallback and retries
2026-10-10T05:33:34.9941089Z ✅ /home/runner/work/tandemlog/tandemlog/test/android_log_folder_test.dart: metadata remains optional observations and never creates trusted stamps
2026-10-10T05:33:34.9993509Z ✅ /home/runner/work/tandemlog/tandemlog/test/android_log_folder_test.dart: list rejects duplicate tandemlog-space.json before returning observations (same identity: false)
2026-10-10T05:33:35.0020143Z ✅ /home/runner/work/tandemlog/tandemlog/test/android_log_folder_test.dart: list rejects duplicate tandemlog-space.json before returning observations (same identity: true)
2026-10-10T05:33:35.0044316Z ✅ /home/runner/work/tandemlog/tandemlog/test/android_log_folder_test.dart: list rejects duplicate writer.jsonl before returning observations (same identity: false)
2026-10-10T05:33:35.0096165Z ✅ /home/runner/work/tandemlog/tandemlog/test/android_log_folder_test.dart: list rejects duplicate writer.jsonl before returning observations (same identity: true)
2026-10-10T05:33:35.0163048Z ✅ /home/runner/work/tandemlog/tandemlog/test/android_log_folder_test.dart: unrelated duplicate names do not reject the folder
2026-10-10T05:33:35.0312432Z ✅ /home/runner/work/tandemlog/tandemlog/test/android_log_folder_test.dart: list preserves native duplicate-name diagnostics and fails closed
2026-10-10T05:33:35.0340706Z ✅ /home/runner/work/tandemlog/tandemlog/test/android_log_folder_test.dart: read preserves native duplicate-name diagnostics and fails closed
2026-10-10T05:33:35.0361977Z ✅ /home/runner/work/tandemlog/tandemlog/test/android_log_folder_test.dart: readFrom preserves native duplicate-name diagnostics and fails closed
2026-10-10T05:33:35.0391384Z ✅ /home/runner/work/tandemlog/tandemlog/test/android_log_folder_test.dart: append preserves native duplicate-name diagnostics and fails closed
2026-10-10T05:33:35.0428515Z ✅ /home/runner/work/tandemlog/tandemlog/test/android_log_folder_test.dart: create preserves native duplicate-name diagnostics and fails closed
2026-10-10T05:33:35.0506323Z ✅ /home/runner/work/tandemlog/tandemlog/test/android_log_folder_test.dart: watch cancellation and old callbacks cannot trigger the new folder
2026-10-10T05:33:35.0561921Z ✅ /home/runner/work/tandemlog/tandemlog/test/android_log_folder_test.dart: unsupported watch activation becomes a stream error for polling fallback
2026-10-10T05:33:35.0620565Z ✅ /home/runner/work/tandemlog/tandemlog/test/android_log_folder_test.dart: observer error is delivered and a resumed watch uses fresh token
2026-10-10T05:33:35.0663098Z ✅ /home/runner/work/tandemlog/tandemlog/test/android_log_folder_test.dart: successful folder calls preserve bytes, names and forced revalidation
2026-10-10T05:33:35.0717297Z ✅ /home/runner/work/tandemlog/tandemlog/test/android_log_folder_test.dart: missing manifest gives restoration guidance without blaming permission
2026-10-10T05:33:35.0750825Z ✅ /home/runner/work/tandemlog/tandemlog/test/android_log_folder_test.dart: list generic IO failure stays honest and omits provider internals
2026-10-10T05:33:35.0780490Z ✅ /home/runner/work/tandemlog/tandemlog/test/android_log_folder_test.dart: read generic IO failure stays honest and omits provider internals
2026-10-10T05:33:35.0814095Z ✅ /home/runner/work/tandemlog/tandemlog/test/android_log_folder_test.dart: append generic IO failure stays honest and omits provider internals
2026-10-10T05:33:35.0829499Z ✅ /home/runner/work/tandemlog/tandemlog/test/android_log_folder_test.dart: create generic IO failure stays honest and omits provider internals
2026-10-10T05:33:35.0863425Z ✅ /home/runner/work/tandemlog/tandemlog/test/android_log_folder_test.dart: actual denied access and picker failures have specific recovery
2026-10-10T05:33:35.0905136Z ✅ /home/runner/work/tandemlog/tandemlog/test/android_log_folder_test.dart: presentation retains partial progress and canonical validation messages
2026-10-10T05:33:35.0929462Z ✅ /home/runner/work/tandemlog/tandemlog/test/android_log_folder_test.dart: food duplicates remain visible for module-scoped admission
2026-10-10T05:33:35.0954104Z ✅ /home/runner/work/tandemlog/tandemlog/test/android_log_folder_test.dart: bounded food reads send the limit to the provider
2026-10-10T05:33:35.6682860Z ✅ /home/runner/work/tandemlog/tandemlog/test/text_event_test.dart: new text packets retain exact bytes and closed metadata
2026-10-10T05:33:35.6884699Z ✅ /home/runner/work/tandemlog/tandemlog/test/text_event_test.dart: text packet fields, ownership and canonical base64 fail closed
2026-10-10T05:33:35.7001013Z ✅ /home/runner/work/tandemlog/tandemlog/test/text_event_test.dart: one text command can carry atomic existing nontext edits
2026-10-10T05:33:35.7053180Z ✅ /home/runner/work/tandemlog/tandemlog/test/text_event_test.dart: pure projection applies nontext without leaking native packet metadata
2026-10-10T05:33:35.7100552Z ✅ /home/runner/work/tandemlog/tandemlog/test/text_event_test.dart: baseline root declares closed exact prefix and genesis frontiers
2026-10-10T05:33:35.7170127Z ✅ /home/runner/work/tandemlog/tandemlog/test/text_event_test.dart: baseline unknown versions and invalid scope or frontiers fail closed
2026-10-10T05:33:36.2952245Z ✅ /home/runner/work/tandemlog/tandemlog/test/local_profile_database_test.dart: OS exclusion survives commit and process death
2026-10-10T05:33:36.7088596Z ✅ /home/runner/work/tandemlog/tandemlog/test/command_acknowledgement_test.dart: single edit must fail when transport drops newly appended event
2026-10-10T05:33:36.8088325Z ✅ /home/runner/work/tandemlog/tandemlog/test/command_acknowledgement_test.dart: single command must not acknowledge different bytes with the same event ID
2026-10-10T05:33:36.9384233Z ✅ /home/runner/work/tandemlog/tandemlog/test/command_acknowledgement_test.dart: create batch reports 0 confirmed records after suffix replacement
2026-10-10T05:33:37.1379930Z ✅ /home/runner/work/tandemlog/tandemlog/test/command_acknowledgement_test.dart: edit batch reports 0 confirmed records after suffix replacement
2026-10-10T05:33:37.3024051Z ✅ /home/runner/work/tandemlog/tandemlog/test/command_acknowledgement_test.dart: delete batch reports 0 confirmed records after suffix replacement
2026-10-10T05:33:37.5198828Z ✅ /home/runner/work/tandemlog/tandemlog/test/command_acknowledgement_test.dart: reopen must fail and retain unconfirmed completion targets (0 prefix)
2026-10-10T05:33:37.8267158Z ✅ /home/runner/work/tandemlog/tandemlog/test/local_profile_database_test.dart: OS exclusion survives rollback and process death
2026-10-10T05:33:37.8452579Z ✅ /home/runner/work/tandemlog/tandemlog/test/command_acknowledgement_test.dart: Undo reports only confirmed retractions and preserves retry (0 prefix)
2026-10-10T05:33:37.9490692Z ✅ /home/runner/work/tandemlog/tandemlog/test/command_acknowledgement_test.dart: create batch reports 1 confirmed records after suffix replacement
2026-10-10T05:33:38.0811264Z ✅ /home/runner/work/tandemlog/tandemlog/test/command_acknowledgement_test.dart: edit batch reports 1 confirmed records after suffix replacement
2026-10-10T05:33:38.2576117Z ✅ /home/runner/work/tandemlog/tandemlog/test/command_acknowledgement_test.dart: delete batch reports 1 confirmed records after suffix replacement
2026-10-10T05:33:38.4341550Z ✅ /home/runner/work/tandemlog/tandemlog/test/command_acknowledgement_test.dart: reopen must fail and retain unconfirmed completion targets (1 prefix)
2026-10-10T05:33:38.6172423Z ✅ /home/runner/work/tandemlog/tandemlog/test/command_acknowledgement_test.dart: Undo reports only confirmed retractions and preserves retry (1 prefix)
2026-10-10T05:33:38.6916180Z ✅ /home/runner/work/tandemlog/tandemlog/test/command_acknowledgement_test.dart: incomplete BulkTaskResult cannot report success without an error
2026-10-10T05:33:39.2265646Z ✅ /home/runner/work/tandemlog/tandemlog/test/wall_time_test.dart: Chicago spring gap moves forward by gap, fall fold uses earlier instant
2026-10-10T05:33:39.2300954Z ✅ /home/runner/work/tandemlog/tandemlog/test/wall_time_test.dart: pinned wall time follows DST while UTC has no transition
2026-10-10T05:33:39.2326395Z ✅ /home/runner/work/tandemlog/tandemlog/test/wall_time_test.dart: half-hour transitions are not hardcoded to an hour
2026-10-10T05:33:39.5534488Z ✅ /home/runner/work/tandemlog/tandemlog/test/local_profile_database_test.dart: OS exclusion survives uncommitted and process death
2026-10-10T05:33:39.5707401Z ✅ /home/runner/work/tandemlog/tandemlog/test/local_profile_database_test.dart: independent profiles can own DBs concurrently; this is not a workspace lease
2026-10-10T05:33:39.5831146Z ✅ /home/runner/work/tandemlog/tandemlog/test/local_profile_database_test.dart: missing protected_writer_guards fails closed instead of recreating safety authority
2026-10-10T05:33:39.5975848Z ✅ /home/runner/work/tandemlog/tandemlog/test/local_profile_database_test.dart: missing protected_text_intents fails closed instead of recreating safety authority
2026-10-10T05:33:39.6126263Z ✅ /home/runner/work/tandemlog/tandemlog/test/local_profile_database_test.dart: weakened protected schema fails closed despite matching columns
2026-10-10T05:33:39.6450892Z ✅ /home/runner/work/tandemlog/tandemlog/test/local_profile_database_test.dart: exact frozen unpublished v1 upgrades without resetting identity
2026-10-10T05:33:40.0472123Z ✅ /home/runner/work/tandemlog/tandemlog/test/food_intents_test.dart: reservation and exact bytes commit or roll back together
2026-10-10T05:33:40.0750951Z ✅ /home/runner/work/tandemlog/tandemlog/test/food_intents_test.dart: receipt cannot be retired by different bytes or without transaction
2026-10-10T05:33:40.2216121Z ✅ /home/runner/work/tandemlog/tandemlog/test/food_inventory_test.dart: legacy date certainty stays unknown unless evidence establishes it
2026-10-10T05:33:40.2395991Z ✅ /home/runner/work/tandemlog/tandemlog/test/food_inventory_test.dart: Deleted sorts tied writers and uses latest still-active deletion
2026-10-10T05:33:40.2425672Z ✅ /home/runner/work/tandemlog/tandemlog/test/food_inventory_test.dart: Deleted sequence tie uses numeric sequence rather than lexical ID
2026-10-10T05:33:40.2537919Z ✅ /home/runner/work/tandemlog/tandemlog/test/food_inventory_test.dart: equivalent fractions do not conflict; real alternatives require review
2026-10-10T05:33:40.2579596Z ✅ /home/runner/work/tandemlog/tandemlog/test/food_inventory_test.dart: multiwriter tied clocks and delayed Restore replay deterministically
2026-10-10T05:33:40.2615257Z ✅ /home/runner/work/tandemlog/tandemlog/test/food_inventory_test.dart: independent field edits merge without overwriting the other field
2026-10-10T05:33:40.2646441Z ✅ /home/runner/work/tandemlog/tandemlog/test/food_inventory_test.dart: concurrent contents alternatives remain visible until observed resolution
2026-10-10T05:33:40.2683907Z ✅ /home/runner/work/tandemlog/tandemlog/test/food_inventory_test.dart: Add N creates physical containers; count is derived
2026-10-10T05:33:40.2766127Z ✅ /home/runner/work/tandemlog/tandemlog/test/food_inventory_test.dart: eight containers stay eight with seven full and one third remaining
2026-10-10T05:33:40.2798640Z ✅ /home/runner/work/tandemlog/tandemlog/test/food_inventory_test.dart: identical full containers have a deterministic quick target
2026-10-10T05:33:40.2825344Z ✅ /home/runner/work/tandemlog/tandemlog/test/food_inventory_test.dart: observed group deletion excludes concurrent new containers
2026-10-10T05:33:40.2858069Z ✅ /home/runner/work/tandemlog/tandemlog/test/food_inventory_test.dart: concurrent same-target remove counts once; unseen delete survives Restore
2026-10-10T05:33:40.2965285Z ✅ /home/runner/work/tandemlog/tandemlog/test/food_inventory_test.dart: duplicate and arbitrarily reordered delivery replay identically
2026-10-10T05:33:40.3013354Z ✅ /home/runner/work/tandemlog/tandemlog/test/food_inventory_test.dart: retention hides even preexpiry; undated stays Inbox; search ignores filters
2026-10-10T05:33:40.3047684Z ✅ /home/runner/work/tandemlog/tandemlog/test/food_inventory_test.dart: expiry order is global; different expiry or descriptive data stay separate
2026-10-10T05:33:40.3097515Z ✅ /home/runner/work/tandemlog/tandemlog/test/food_inventory_test.dart: Deleted is explicit, searchable, and durable with no age cutoff
2026-10-10T05:33:40.3143667Z ✅ /home/runner/work/tandemlog/tandemlog/test/food_inventory_test.dart: invalid counts, fractions, dates, paths and unknown fields fail closed
2026-10-10T05:33:40.6041266Z ✅ /home/runner/work/tandemlog/tandemlog/test/food_import_contract_vector_test.dart: v1 import identity and plan hash match independent frozen vector
2026-10-10T05:33:40.9577675Z ✅ /home/runner/work/tandemlog/tandemlog/test/writer_identity_test.dart: migration prefers selected cache and preserves every legacy identity
2026-10-10T05:33:40.9763240Z ✅ /home/runner/work/tandemlog/tandemlog/test/writer_identity_test.dart: no selected cache chooses lexical first independent of listing order
2026-10-10T05:33:40.9978369Z ✅ /home/runner/work/tandemlog/tandemlog/test/writer_identity_test.dart: settings reset creates fresh writer without resurrecting legacy
2026-10-10T05:33:41.0061741Z ✅ /home/runner/work/tandemlog/tandemlog/test/writer_identity_test.dart: saved migration identity finishes marker after interruption
2026-10-10T05:33:41.0225299Z ✅ /home/runner/work/tandemlog/tandemlog/test/writer_identity_test.dart: marker write failure retains durable settings identity on retry
2026-10-10T05:33:41.1018107Z ✅ /home/runner/work/tandemlog/tandemlog/test/writer_identity_test.dart: store startup failures release the defensive workspace lease
2026-10-10T05:33:41.2306548Z ✅ /home/runner/work/tandemlog/tandemlog/test/checklist_expansion_store_test.dart: sparse local expansion preserves other metadata and normal reopen
2026-10-10T05:33:41.2343545Z ✅ /home/runner/work/tandemlog/tandemlog/test/checklist_expansion_store_test.dart: cache reset defaults collapsed and invalid local values are ignored
2026-10-10T05:33:41.2388049Z ✅ /home/runner/work/tandemlog/tandemlog/test/checklist_expansion_store_test.dart: bad IDs and an active canonical transaction cannot cause partial UI writes
2026-10-10T05:33:41.2661585Z ✅ /home/runner/work/tandemlog/tandemlog/test/writer_identity_test.dart: cache 9 replays Inbox classification without changing canonical bytes
2026-10-10T05:33:41.2736664Z ✅ /home/runner/work/tandemlog/tandemlog/test/writer_identity_test.dart: invalid legacy identity fails without overwriting settings or identity
2026-10-10T05:33:41.2864487Z ✅ /home/runner/work/tandemlog/tandemlog/test/writer_identity_test.dart: invalid settings writer and migration marker fail explicitly
2026-10-10T05:33:41.3033605Z ✅ /home/runner/work/tandemlog/tandemlog/test/writer_identity_test.dart: failed atomic settings replacement does not finalize migration
2026-10-10T05:33:41.6352062Z ✅ /home/runner/work/tandemlog/tandemlog/test/writer_identity_test.dart: two spaces share installation writer and resume each stream safely
2026-10-10T05:33:41.7152394Z ✅ /home/runner/work/tandemlog/tandemlog/test/writer_identity_test.dart: explicit identity preserves old stream and uses a fresh stream
2026-10-10T05:33:42.4684763Z ✅ /home/runner/work/tandemlog/tandemlog/test/checklist_security_review_test.dart: admissible large checklist copy has bounded decode work and preserves canonical bytes
2026-10-10T05:33:42.6935711Z ✅ /home/runner/work/tandemlog/tandemlog/test/food_import_test.dart: strict v1 contract canonical fractions stable identities and invalid inputs
2026-10-10T05:33:42.8553760Z ✅ /home/runner/work/tandemlog/tandemlog/test/food_import_test.dart: dry run stages nothing and explicit commit preserves physical and unknown data
2026-10-10T05:33:43.0707061Z ✅ /home/runner/work/tandemlog/tandemlog/test/food_import_test.dart: cold retry after later edit and deletion uses original admission not projection
2026-10-10T05:33:43.0922946Z ✅ /home/runner/work/tandemlog/tandemlog/test/checklist_security_review_test.dart: scalar checklist historical recompletion preserves protected child without shared-text initialization
2026-10-10T05:33:43.4846295Z ✅ /home/runner/work/tandemlog/tandemlog/test/food_import_test.dart: partial append cold retry recovers exact reserved bytes without fresh IDs
2026-10-10T05:33:43.6064832Z ✅ /home/runner/work/tandemlog/tandemlog/test/food_import_test.dart: uncertain full append cold retry admits originals without second append
2026-10-10T05:33:43.7281059Z ✅ /home/runner/work/tandemlog/tandemlog/test/food_import_test.dart: changed count source payload and namespace refuse after attempt
2026-10-10T05:33:43.8473133Z ✅ /home/runner/work/tandemlog/tandemlog/test/food_import_test.dart: atomic ledger staging failure preserves canonical guard and intents
2026-10-10T05:33:43.8591248Z ✅ /home/runner/work/tandemlog/tandemlog/test/closed_runtime_actor_test.dart: pending then valid resolution cannot publish inherited actor proof into a different runtime
2026-10-10T05:33:43.9380806Z ✅ /home/runner/work/tandemlog/tandemlog/test/food_import_test.dart: missing attempt or source witness fails closed
2026-10-10T05:33:44.2519593Z ✅ /home/runner/work/tandemlog/tandemlog/test/food_import_test.dart: unrelated pending receipt is not recovered as import
2026-10-10T05:33:44.3158209Z ✅ /home/runner/work/tandemlog/tandemlog/test/food_import_test.dart: wrong workspace refuses without reserving or appending
2026-10-10T05:33:44.4016319Z ✅ /home/runner/work/tandemlog/tandemlog/test/food_import_test.dart: missing index with retained attempt refuses a new source namespace
2026-10-10T05:33:44.4745302Z ✅ /home/runner/work/tandemlog/tandemlog/test/food_import_test.dart: pre-byte crash changed plan and missing ledger cannot restamp prepared receipts
2026-10-10T05:33:44.5332495Z ✅ /home/runner/work/tandemlog/tandemlog/test/food_import_test.dart: physical collision with remote birth without local ledger refuses
2026-10-10T05:33:44.6221426Z ✅ /home/runner/work/tandemlog/tandemlog/test/food_import_test.dart: concurrent identical commit callbacks serialize into one original batch
2026-10-10T05:33:45.1867437Z ✅ /home/runner/work/tandemlog/tandemlog/test/historical_recompletion_test.dart: offline historical recompletions converge without reseeding or suppressing the existing child
2026-10-10T05:33:45.4107460Z ✅ /home/runner/work/tandemlog/tandemlog/test/historical_recompletion_test.dart: known wrong historical initialization rejects before receipt preparation
2026-10-10T05:33:45.8458944Z ✅ /home/runner/work/tandemlog/tandemlog/test/historical_recompletion_test.dart: historical recompletion preserves independent child draft, context and scoped Undo
2026-10-10T05:33:46.1255188Z ✅ /home/runner/work/tandemlog/tandemlog/test/historical_recompletion_test.dart: historical recompletion leaves open child unchanged through warm and cold replay
2026-10-10T05:33:46.4609531Z ✅ /home/runner/work/tandemlog/tandemlog/test/historical_recompletion_test.dart: historical recompletion leaves completed child unchanged through warm and cold replay
2026-10-10T05:33:46.7248700Z ✅ /home/runner/work/tandemlog/tandemlog/test/historical_recompletion_test.dart: historical recompletion leaves deleted child unchanged through warm and cold replay
2026-10-10T05:33:47.7436331Z ✅ /home/runner/work/tandemlog/tandemlog/test/batch_storage_test.dart: 1-task create/edit/tag/move/delete/Undo use one durable append/cache transaction
2026-10-10T05:33:48.7216439Z ✅ /home/runner/work/tandemlog/tandemlog/test/food_import_test.dart: fully staged maximum batch preserves all 1000 physical identities
2026-10-10T05:33:48.7736675Z ✅ /home/runner/work/tandemlog/tandemlog/test/food_import_test.dart: shared manifest change remains hard and leaves import unstaged
2026-10-10T05:33:48.8285107Z ✅ /home/runner/work/tandemlog/tandemlog/test/food_import_test.dart: import cannot select a writer different from protected settings
2026-10-10T05:33:48.8870121Z ✅ /home/runner/work/tandemlog/tandemlog/test/food_import_test.dart: oversized local import metadata is refused before ledger materialization
2026-10-10T05:33:48.8900290Z ✅ /home/runner/work/tandemlog/tandemlog/test/batch_storage_test.dart: 30-task create/edit/tag/move/delete/Undo use one durable append/cache transaction
2026-10-10T05:33:48.9633613Z ✅ /home/runner/work/tandemlog/tandemlog/test/food_import_test.dart: all metadata ledger loss with surviving initialization refuses new namespace
2026-10-10T05:33:49.0288876Z ✅ /home/runner/work/tandemlog/tandemlog/test/food_import_test.dart: malformed Food cannot mask lost protected import evidence on refresh
2026-10-10T05:33:49.0786980Z ✅ /home/runner/work/tandemlog/tandemlog/test/food_import_test.dart: malformed Food cannot mask protected settings binding on import
2026-10-10T05:33:49.1441842Z ✅ /home/runner/work/tandemlog/tandemlog/test/food_import_test.dart: zero-byte attempt all metadata loss refuses original and new namespace
2026-10-10T05:33:49.2147359Z ✅ /home/runner/work/tandemlog/tandemlog/test/food_import_test.dart: missing initialization witness with retained ledgers fails closed
2026-10-10T05:33:49.8328273Z ✅ /home/runner/work/tandemlog/tandemlog/test/task_clock_test.dart: Chicago completion day follows local midnight across DST
2026-10-10T05:33:49.8367413Z ✅ /home/runner/work/tandemlog/tandemlog/test/task_clock_test.dart: unknown timezone never silently falls back
2026-10-10T05:33:51.6383464Z ✅ /home/runner/work/tandemlog/tandemlog/test/food_durable_editor_test.dart: a failed durable Add retains editor and exact visible draft
2026-10-10T05:33:51.7071117Z ✅ /home/runner/work/tandemlog/tandemlog/test/food_durable_editor_test.dart: pending receipt prevents opening a different Add editor
2026-10-10T05:33:51.7276365Z ✅ /home/runner/work/tandemlog/tandemlog/test/batch_storage_test.dart: 100-task create/edit/tag/move/delete/Undo use one durable append/cache transaction
2026-10-10T05:33:51.8181554Z ✅ /home/runner/work/tandemlog/tandemlog/test/batch_storage_test.dart: capture before write reconciles exact records and never discards incomplete tail
2026-10-10T05:33:51.9177625Z ✅ /home/runner/work/tandemlog/tandemlog/test/batch_storage_test.dart: capture prefix write reconciles exact records and never discards incomplete tail
2026-10-10T05:33:52.0111702Z ✅ /home/runner/work/tandemlog/tandemlog/test/batch_storage_test.dart: capture tail write reconciles exact records and never discards incomplete tail
2026-10-10T05:33:52.0847958Z ✅ /home/runner/work/tandemlog/tandemlog/test/batch_storage_test.dart: capture after write reconciles exact records and never discards incomplete tail
2026-10-10T05:33:52.1555745Z ✅ /home/runner/work/tandemlog/tandemlog/test/batch_storage_test.dart: capture cache write reconciles exact records and never discards incomplete tail
2026-10-10T05:33:52.2183964Z ✅ /home/runner/work/tandemlog/tandemlog/test/food_durable_editor_test.dart: failed prepared Save retries the frozen original draft
2026-10-10T05:33:52.2299410Z ✅ /home/runner/work/tandemlog/tandemlog/test/batch_storage_test.dart: invalid deferred reference to second batch event rejects all before append
2026-10-10T05:33:52.3151177Z ✅ /home/runner/work/tandemlog/tandemlog/test/batch_storage_test.dart: deferred tag reference to second prepared event rejects the complete batch
2026-10-10T05:33:52.5175506Z ✅ /home/runner/work/tandemlog/tandemlog/test/food_durable_editor_test.dart: repeated captured discard decision cannot pop another route
2026-10-10T05:33:52.7151498Z ✅ /home/runner/work/tandemlog/tandemlog/test/food_durable_editor_test.dart: a retained rendered removal callback keeps its workspace origin
2026-10-10T05:33:53.4499861Z ✅ /home/runner/work/tandemlog/tandemlog/test/task_text_session_test.dart: private UTF16 edits survive remote arrival; composition blocks preparation; cancel retains live owner
2026-10-10T05:33:54.0353844Z ✅ /home/runner/work/tandemlog/tandemlog/test/food_preview_test.dart: collapsed summary preserves single known full
2026-10-10T05:33:54.1329737Z ✅ /home/runner/work/tandemlog/tandemlog/test/food_preview_test.dart: collapsed summary preserves single unknown
2026-10-10T05:33:54.2140164Z ✅ /home/runner/work/tandemlog/tandemlog/test/food_preview_test.dart: collapsed summary preserves single partial
2026-10-10T05:33:54.2964442Z ✅ /home/runner/work/tandemlog/tandemlog/test/food_preview_test.dart: collapsed summary preserves multiple full
2026-10-10T05:33:54.3768669Z ✅ /home/runner/work/tandemlog/tandemlog/test/food_preview_test.dart: collapsed summary preserves mixed full and partial
2026-10-10T05:33:54.7840046Z ✅ /home/runner/work/tandemlog/tandemlog/test/food_preview_test.dart: retained reasons start collapsed; active search bypasses them
2026-10-10T05:33:55.2495823Z ✅ /home/runner/work/tandemlog/tandemlog/test/food_preview_test.dart: narrow and wide inventory render partial stock without overflow
2026-10-10T05:33:55.3732513Z ✅ /home/runner/work/tandemlog/tandemlog/test/task_text_session_test.dart: confirmed Save keeps an open editor editable with a fresh lease
2026-10-10T05:33:55.3862531Z ✅ /home/runner/work/tandemlog/tandemlog/test/task_text_session_test.dart: later-field preparation failure retains earlier packet for retry
2026-10-10T05:33:55.5519539Z ✅ /home/runner/work/tandemlog/tandemlog/test/food_preview_test.dart: quick remove, Deleted and Undo preserve physical identity
2026-10-10T05:33:55.6666410Z ✅ /home/runner/work/tandemlog/tandemlog/test/food_preview_test.dart: partial containers require inspection; search includes retained stock
2026-10-10T05:33:56.9236645Z ✅ /home/runner/work/tandemlog/tandemlog/test/task_editor_test.dart: sort bounds explanation clears floating Minimum days label at 1.0
2026-10-10T05:33:57.0888012Z ✅ /home/runner/work/tandemlog/tandemlog/test/task_editor_test.dart: sort bounds explanation clears floating Minimum days label at 2.0
2026-10-10T05:33:57.2298296Z ✅ /home/runner/work/tandemlog/tandemlog/test/task_editor_test.dart: blocked text instruction wraps with full semantics at narrow 200 percent
2026-10-10T05:33:57.7334993Z ✅ /home/runner/work/tandemlog/tandemlog/test/task_editor_test.dart: unactivated text stays visible and disabled while scheduling saves
2026-10-10T05:33:58.7305271Z ✅ /home/runner/work/tandemlog/tandemlog/test/task_editor_test.dart: blank Time focus preserves date precision and midnight is explicit
2026-10-10T05:33:59.0146887Z ✅ /home/runner/work/tandemlog/tandemlog/test/task_editor_test.dart: single and bulk editors put tags and assignee after scheduling
2026-10-10T05:33:59.4710630Z ✅ /home/runner/work/tandemlog/tandemlog/test/task_editor_test.dart: date and optional time share rows and clear time independently
2026-10-10T05:33:59.7288442Z ✅ /home/runner/work/tandemlog/tandemlog/test/task_editor_test.dart: date rows stack at narrow widths and enlarged text
2026-10-10T05:34:00.3820853Z ✅ /home/runner/work/tandemlog/tandemlog/test/task_editor_test.dart: title caret survives viewport and text scale changes without unrelated jumps
2026-10-10T05:34:00.9595588Z ✅ /home/runner/work/tandemlog/tandemlog/test/task_editor_test.dart: description caret survives viewport and text scale changes without unrelated jumps
2026-10-10T05:34:01.4802043Z ✅ /home/runner/work/tandemlog/tandemlog/test/task_editor_test.dart: changed composing title cannot save until normalized commit
2026-10-10T05:34:01.6986613Z ✅ /home/runner/work/tandemlog/tandemlog/test/task_editor_test.dart: title input normalizes paste selection after IME commits
2026-10-10T05:34:01.9987425Z ✅ /home/runner/work/tandemlog/tandemlog/test/task_editor_test.dart: historical multiline title opens clean and notes save preserves title
2026-10-10T05:34:02.2602106Z ✅ /home/runner/work/tandemlog/tandemlog/test/task_editor_test.dart: title grows from one to two lines and notes grow then scroll with caret
2026-10-10T05:34:02.4857482Z ✅ /home/runner/work/tandemlog/tandemlog/test/task_editor_test.dart: keyboard and large text bound notes and keep modal actions reachable
2026-10-10T05:34:02.6669860Z ✅ /home/runner/work/tandemlog/tandemlog/test/task_editor_test.dart: close guards dirty draft and preserves text after keep editing
2026-10-10T05:34:02.9841792Z ✅ /home/runner/work/tandemlog/tandemlog/test/task_editor_test.dart: live schedule validation and repeat conditional fields
2026-10-10T05:34:03.2011320Z ✅ /home/runner/work/tandemlog/tandemlog/test/task_editor_test.dart: nonrepeat override survives title edit and frozen original ignores incoming data
2026-10-10T05:34:03.5813181Z ✅ /home/runner/work/tandemlog/tandemlog/test/task_editor_test.dart: bulk caret and focus changes do not apply mixed fields
2026-10-10T05:34:04.1014176Z ✅ /home/runner/work/tandemlog/tandemlog/test/task_editor_test.dart: bulk blank untouched preserves mixed precision; explicit blank clears
2026-10-10T05:34:04.2476461Z ✅ /home/runner/work/tandemlog/tandemlog/test/task_editor_test.dart: bulk coupled validation checks every task
2026-10-10T05:34:04.4870857Z ✅ /home/runner/work/tandemlog/tandemlog/test/task_editor_test.dart: async save disables controls, rejects duplicate submit and keeps failed draft
2026-10-10T05:34:04.7108375Z ✅ /home/runner/work/tandemlog/tandemlog/test/task_editor_test.dart: deletion requires confirmation and delete failure preserves draft
2026-10-10T05:34:05.1842041Z ✅ /home/runner/work/tandemlog/tandemlog/test/task_editor_test.dart: invalid tags timezone recurrence and bounds block submission live
2026-10-10T05:34:05.4890937Z ✅ /home/runner/work/tandemlog/tandemlog/test/task_editor_test.dart: panel flag changes retain draft and public close guard
2026-10-10T05:34:05.7466760Z ✅ /home/runner/work/tandemlog/tandemlog/test/task_editor_test.dart: title and notes wire limits validate before save
2026-10-10T05:34:06.1292535Z ✅ /home/runner/work/tandemlog/tandemlog/test/task_editor_test.dart: draft occurrence remains accessible after removing repeat
2026-10-10T05:34:06.2191095Z ✅ /home/runner/work/tandemlog/tandemlog/test/task_editor_test.dart: override actions wrap with narrow viewport and large text
2026-10-10T05:34:06.4209419Z ✅ /home/runner/work/tandemlog/tandemlog/test/task_editor_test.dart: host owns Back and opens exactly one discard prompt
2026-10-10T05:34:06.5980303Z ✅ /home/runner/work/tandemlog/tandemlog/test/task_editor_test.dart: guard Save commits frozen single draft without closing
2026-10-10T05:34:06.8095315Z ✅ /home/runner/work/tandemlog/tandemlog/test/task_editor_test.dart: folder failure is readable and retains the draft for retry
2026-10-10T05:34:07.1453089Z ✅ /home/runner/work/tandemlog/tandemlog/test/task_editor_test.dart: guard Save validation and write failure retain draft and selection
2026-10-10T05:34:07.4127167Z ✅ /home/runner/work/tandemlog/tandemlog/test/task_editor_test.dart: bulk guard Save applies patch against frozen tasks without closing
2026-10-10T05:34:07.4915083Z ✅ /home/runner/work/tandemlog/tandemlog/test/task_editor_test.dart: selection header wraps at narrow large text
2026-10-10T05:34:07.7616728Z ✅ /home/runner/work/tandemlog/tandemlog/test/task_editor_test.dart: bulk header is compact, wraps accessibly, and Clear retains dirty guard
2026-10-10T05:34:07.7904040Z ##[endgroup]
2026-10-10T05:34:07.7904191Z 
2026-10-10T05:34:07.7910414Z 🎉 822 tests passed.
2026-10-10T05:34:07.8364422Z ##[group]Run cargo +1.99.0 test --locked --offline --manifest-path native/text_engine/Cargo.toml --target-dir "$TANDEMLOG_TEXT_TARGET_DIR"
2026-10-10T05:34:07.8365267Z [36;1mcargo +1.99.0 test --locked --offline --manifest-path native/text_engine/Cargo.toml --target-dir "$TANDEMLOG_TEXT_TARGET_DIR"[0m
2026-10-10T05:34:07.8365830Z [36;1mexport SPIKE_LIBRARY="$TANDEMLOG_TEXT_LIBRARY"[0m
2026-10-10T05:34:07.8366230Z [36;1mpython -m unittest discover -s experiments/yrs-spike/tests -v[0m
2026-10-10T05:34:07.8407474Z shell: /usr/bin/bash --noprofile --norc -e -o pipefail {0}
2026-10-10T05:34:07.8407798Z env:
2026-10-10T05:34:07.8408090Z   CARGO_HOME: /home/runner/work/_temp/tandemlog-rust-bootstrap/cargo
2026-10-10T05:34:07.8408536Z   RUSTUP_HOME: /home/runner/work/_temp/tandemlog-rust-bootstrap/rustup
2026-10-10T05:34:07.8408942Z   RUSTUP_UPDATE_ROOT: https://static.rust-lang.org/rustup
2026-10-10T05:34:07.8409571Z   RUSTUP_DIST_SERVER: https://static.rust-lang.org
2026-10-10T05:34:07.8409923Z   RUSTUP_AUTO_INSTALL: 0
2026-10-10T05:34:07.8410269Z   TANDEMLOG_TEXT_TARGET_DIR: /home/runner/work/_temp/tandemlog-rust-bootstrap/target
2026-10-10T05:34:07.8410748Z   TANDEMLOG_TEXT_LIBRARY: /home/runner/work/_temp/native-unit/libtandemlog_text.so
2026-10-10T05:34:07.8411104Z ##[endgroup]
2026-10-10T05:34:07.8774726Z    Compiling proc-macro2 v1.0.107
2026-10-10T05:34:07.8775359Z    Compiling unicode-ident v1.0.26
2026-10-10T05:34:07.8775738Z    Compiling quote v1.0.47
2026-10-10T05:34:07.8776165Z    Compiling serde_core v1.0.229
2026-10-10T05:34:07.9318656Z    Compiling libc v0.2.190
2026-10-10T05:34:08.0118400Z    Compiling pin-project-lite v0.2.17
2026-10-10T05:34:08.0314252Z    Compiling parking v2.2.1
2026-10-10T05:34:08.0509899Z    Compiling smallvec v1.16.2
2026-10-10T05:34:08.1136136Z    Compiling zmij v1.0.23
2026-10-10T05:34:08.2063168Z    Compiling parking_lot_core v0.9.12
2026-10-10T05:34:08.2270265Z    Compiling rustversion v1.0.23
2026-10-10T05:34:08.2371110Z    Compiling crossbeam-utils v0.8.23
2026-10-10T05:34:08.3739915Z    Compiling event-listener v5.4.2
2026-10-10T05:34:08.6672251Z    Compiling scopeguard v1.2.0
2026-10-10T05:34:08.7114667Z    Compiling syn v3.0.6
2026-10-10T05:34:08.7330051Z    Compiling serde_json v1.0.151
2026-10-10T05:34:08.8620137Z    Compiling cfg-if v1.0.5
2026-10-10T05:34:08.9100054Z    Compiling thiserror v2.0.21
2026-10-10T05:34:09.1030396Z    Compiling serde v1.0.229
2026-10-10T05:34:09.2870539Z    Compiling lock_api v0.4.14
2026-10-10T05:34:09.4524414Z    Compiling event-listener-strategy v0.5.4
2026-10-10T05:34:09.9910319Z    Compiling memchr v2.8.3
2026-10-10T05:34:10.1210416Z    Compiling itoa v1.0.18
2026-10-10T05:34:10.2350085Z    Compiling hashbrown v0.14.5
2026-10-10T05:34:10.5930322Z    Compiling once_cell v1.21.4
2026-10-10T05:34:10.7289012Z    Compiling arc-swap v1.9.2
2026-10-10T05:34:10.8166516Z    Compiling dashmap v6.2.1
2026-10-10T05:34:10.9311372Z    Compiling async-lock v3.4.2
2026-10-10T05:34:11.1361853Z    Compiling smallstr v0.3.1
2026-10-10T05:34:11.2230547Z    Compiling fastrand v2.5.0
2026-10-10T05:34:11.3791909Z    Compiling base64 v0.22.1
2026-10-10T05:34:11.8080083Z    Compiling serde_derive v1.0.229
2026-10-10T05:34:11.8080438Z    Compiling thiserror-impl v2.0.21
2026-10-10T05:34:11.8080786Z    Compiling async-trait v0.1.92
2026-10-10T05:34:13.6238003Z    Compiling yrs v0.28.0 (/home/runner/work/tandemlog/tandemlog/native/text_engine/vendor/yrs-0.28.0)
2026-10-10T05:34:13.7789955Z warning: unused imports: `BlockRange` and `Block`
2026-10-10T05:34:13.7790502Z  --> vendor/yrs-0.28.0/src/transaction.rs:1:20
2026-10-10T05:34:13.7790799Z   |
2026-10-10T05:34:13.7791196Z 1 | use crate::block::{Block, BlockRange, Item, ItemContent, ItemPosition, ItemPtr, Prelim, ID};
2026-10-10T05:34:13.7791633Z   |                    ^^^^^  ^^^^^^^^^^
2026-10-10T05:34:13.7791867Z   |
2026-10-10T05:34:13.7792146Z   = note: `#[warn(unused_imports)]` (part of `#[warn(unused)]`) on by default
2026-10-10T05:34:13.7792411Z 
2026-10-10T05:34:13.7803367Z warning: unused import: `Block`
2026-10-10T05:34:13.7803779Z  --> vendor/yrs-0.28.0/src/block_iter.rs:1:20
2026-10-10T05:34:13.7804155Z   |
2026-10-10T05:34:13.7804545Z 1 | use crate::block::{Block, Item, ItemContent, ItemPtr, Prelim};
2026-10-10T05:34:13.7805031Z   |                    ^^^^^
2026-10-10T05:34:13.7805249Z 
2026-10-10T05:34:13.7811824Z warning: unused import: `ItemContent`
2026-10-10T05:34:13.7812196Z  --> vendor/yrs-0.28.0/src/iter.rs:1:20
2026-10-10T05:34:13.7812515Z   |
2026-10-10T05:34:13.7812784Z 1 | use crate::block::{ItemContent, ItemPtr};
2026-10-10T05:34:13.7813105Z   |                    ^^^^^^^^^^^
2026-10-10T05:34:13.7813286Z 
2026-10-10T05:34:13.7813485Z warning: unused imports: `SmallVec` and `smallvec`
2026-10-10T05:34:13.7813886Z  --> vendor/yrs-0.28.0/src/iter.rs:4:16
2026-10-10T05:34:13.7814189Z   |
2026-10-10T05:34:13.7814436Z 4 | use smallvec::{smallvec, SmallVec};
2026-10-10T05:34:13.7814760Z   |                ^^^^^^^^  ^^^^^^^^
2026-10-10T05:34:13.7815065Z 
2026-10-10T05:34:14.3503971Z warning: unused import: `crate::utils::OptionExt`
2026-10-10T05:34:14.3504466Z   --> vendor/yrs-0.28.0/src/doc.rs:10:5
2026-10-10T05:34:14.3504718Z    |
2026-10-10T05:34:14.3504962Z 10 | use crate::utils::OptionExt;
2026-10-10T05:34:14.3505202Z    |     ^^^^^^^^^^^^^^^^^^^^^^^
2026-10-10T05:34:14.3505351Z 
2026-10-10T05:34:14.3740319Z warning: value assigned to `left` is never read
2026-10-10T05:34:14.3740844Z    --> vendor/yrs-0.28.0/src/block.rs:494:24
2026-10-10T05:34:14.3741206Z     |
2026-10-10T05:34:14.3741470Z 494 |         let mut left = None;
2026-10-10T05:34:14.3741890Z     |                        ^^^^ this value is reassigned later and never used
2026-10-10T05:34:14.3742303Z ...
2026-10-10T05:34:14.3742575Z 540 |                 left = parent_branch.map.get(sub).cloned();
2026-10-10T05:34:14.3743034Z     |                 ------------------------------------------ `left` is overwritten here before the previous value is read
2026-10-10T05:34:14.3743419Z     |
2026-10-10T05:34:14.3743709Z     = note: `#[warn(unused_assignments)]` (part of `#[warn(unused)]`) on by default
2026-10-10T05:34:14.3743967Z 
2026-10-10T05:34:14.3815788Z warning: unused variable: `ptr`
2026-10-10T05:34:14.3816156Z    --> vendor/yrs-0.28.0/src/block.rs:886:21
2026-10-10T05:34:14.3816468Z     |
2026-10-10T05:34:14.3816810Z 886 |                 let ptr = BranchPtr::from(branch);
2026-10-10T05:34:14.3817335Z     |                     ^^^ help: if this is intentional, prefix it with an underscore: `_ptr`
2026-10-10T05:34:14.3817843Z     |
2026-10-10T05:34:14.3818239Z     = note: `#[warn(unused_variables)]` (part of `#[warn(unused)]`) on by default
2026-10-10T05:34:14.3818595Z 
2026-10-10T05:34:14.5212498Z warning: unused variable: `ptr`
2026-10-10T05:34:14.5213372Z    --> vendor/yrs-0.28.0/src/transaction.rs:778:13
2026-10-10T05:34:14.5213779Z     |
2026-10-10T05:34:14.5214055Z 778 |         let ptr = item.clone();
2026-10-10T05:34:14.5214605Z     |             ^^^ help: if this is intentional, prefix it with an underscore: `_ptr`
2026-10-10T05:34:14.5214893Z 
2026-10-10T05:34:14.5249916Z warning: variable does not need to be mutable
2026-10-10T05:34:14.5250377Z    --> vendor/yrs-0.28.0/src/transaction.rs:958:13
2026-10-10T05:34:14.5250775Z     |
2026-10-10T05:34:14.5251093Z 958 |         let mut block = Item::new(
2026-10-10T05:34:14.5251472Z     |             ----^^^^^
2026-10-10T05:34:14.5251779Z     |             |
2026-10-10T05:34:14.5252076Z     |             help: remove this `mut`
2026-10-10T05:34:14.5252396Z     |
2026-10-10T05:34:14.5252662Z     = note: `#[warn(unused_mut)]` (part of `#[warn(unused)]`) on by default
2026-10-10T05:34:14.5252903Z 
2026-10-10T05:34:15.0122030Z warning: variable does not need to be mutable
2026-10-10T05:34:15.0122617Z    --> vendor/yrs-0.28.0/src/undo.rs:133:13
2026-10-10T05:34:15.0122991Z     |
2026-10-10T05:34:15.0123330Z 133 |         let mut state = Arc::new(Inner {
2026-10-10T05:34:15.0123721Z     |             ----^^^^^
2026-10-10T05:34:15.0124033Z     |             |
2026-10-10T05:34:15.0124553Z     |             help: remove this `mut`
2026-10-10T05:34:15.0124826Z 
2026-10-10T05:34:15.0243420Z warning: unused variable: `clear_undo`
2026-10-10T05:34:15.0243957Z    --> vendor/yrs-0.28.0/src/undo.rs:379:34
2026-10-10T05:34:15.0244393Z     |
2026-10-10T05:34:15.0244867Z 379 |     fn clear_internal(&mut self, clear_undo: bool, clear_redo: bool) {
2026-10-10T05:34:15.0245706Z     |                                  ^^^^^^^^^^ help: if this is intentional, prefix it with an underscore: `_clear_undo`
2026-10-10T05:34:15.0246308Z 
2026-10-10T05:34:15.0246440Z warning: unused variable: `clear_redo`
2026-10-10T05:34:15.0246741Z    --> vendor/yrs-0.28.0/src/undo.rs:379:52
2026-10-10T05:34:15.0247019Z     |
2026-10-10T05:34:15.0247330Z 379 |     fn clear_internal(&mut self, clear_undo: bool, clear_redo: bool) {
2026-10-10T05:34:15.0247865Z     |                                                    ^^^^^^^^^^ help: if this is intentional, prefix it with an underscore: `_clear_redo`
2026-10-10T05:34:15.0248224Z 
2026-10-10T05:34:15.0625061Z warning: method `as_item` is never used
2026-10-10T05:34:15.0625834Z    --> vendor/yrs-0.28.0/src/block.rs:198:12
2026-10-10T05:34:15.0626424Z     |
2026-10-10T05:34:15.0627312Z 183 | impl<'a> BlockRef<'a> {
2026-10-10T05:34:15.0628043Z     | --------------------- method in this implementation
2026-10-10T05:34:15.0628443Z ...
2026-10-10T05:34:15.0628786Z 198 |     pub fn as_item(&self) -> Option<&'a Item> {
2026-10-10T05:34:15.0629377Z     |            ^^^^^^^
2026-10-10T05:34:15.0629675Z     |
2026-10-10T05:34:15.0630037Z     = note: `#[warn(dead_code)]` (part of `#[warn(unused)]`) on by default
2026-10-10T05:34:15.0630391Z 
2026-10-10T05:34:15.0630628Z warning: methods `last_id`, `is_item`, and `is_gc` are never used
2026-10-10T05:34:15.0631279Z    --> vendor/yrs-0.28.0/src/block.rs:264:12
2026-10-10T05:34:15.0631537Z     |
2026-10-10T05:34:15.0631719Z 221 | impl Block {
2026-10-10T05:34:15.0631947Z     | ---------- methods in this implementation
2026-10-10T05:34:15.0632222Z ...
2026-10-10T05:34:15.0632426Z 264 |     pub fn last_id(&self) -> ID {
2026-10-10T05:34:15.0632717Z     |            ^^^^^^^
2026-10-10T05:34:15.0632921Z ...
2026-10-10T05:34:15.0633119Z 281 |     pub fn is_item(&self) -> bool {
2026-10-10T05:34:15.0633366Z     |            ^^^^^^^
2026-10-10T05:34:15.0633560Z ...
2026-10-10T05:34:15.0633745Z 291 |     pub fn is_gc(&self) -> bool {
2026-10-10T05:34:15.0633987Z     |            ^^^^^
2026-10-10T05:34:15.0634114Z 
2026-10-10T05:34:15.0634238Z warning: method `delete_as_cleanup` is never used
2026-10-10T05:34:15.0634538Z    --> vendor/yrs-0.28.0/src/block.rs:632:19
2026-10-10T05:34:15.0634784Z     |
2026-10-10T05:34:15.0634966Z 444 | impl ItemPtr {
2026-10-10T05:34:15.0635424Z     | ------------ method in this implementation
2026-10-10T05:34:15.0635686Z ...
2026-10-10T05:34:15.0636003Z 632 |     pub(crate) fn delete_as_cleanup(&self, txn: &mut TransactionMut, is_local: bool) {
2026-10-10T05:34:15.0636390Z     |                   ^^^^^^^^^^^^^^^^^
2026-10-10T05:34:15.0636563Z 
2026-10-10T05:34:15.0636664Z warning: method `integrate` is never used
2026-10-10T05:34:15.0636942Z     --> vendor/yrs-0.28.0/src/block.rs:1415:19
2026-10-10T05:34:15.0637206Z      |
2026-10-10T05:34:15.0637393Z 1354 | impl BlockRange {
2026-10-10T05:34:15.0637639Z      | --------------- method in this implementation
2026-10-10T05:34:15.0637896Z ...
2026-10-10T05:34:15.0638138Z 1415 |     pub(crate) fn integrate(&mut self, pivot: u32) -> bool {
2026-10-10T05:34:15.0638446Z      |                   ^^^^^^^^^
2026-10-10T05:34:15.0638598Z 
2026-10-10T05:34:15.0638697Z warning: method `contains` is never used
2026-10-10T05:34:15.0638975Z    --> vendor/yrs-0.28.0/src/block_store.rs:300:12
2026-10-10T05:34:15.0639410Z     |
2026-10-10T05:34:15.0639602Z 289 | impl BlockStore {
2026-10-10T05:34:15.0639857Z     | --------------- method in this implementation
2026-10-10T05:34:15.0640117Z ...
2026-10-10T05:34:15.0640325Z 300 |     pub fn contains(&self, id: &ID) -> bool {
2026-10-10T05:34:15.0640691Z     |            ^^^^^^^^
2026-10-10T05:34:15.0640822Z 
2026-10-10T05:34:15.0640960Z warning: constant `WEAK_REF_FLAGS_QUOTE` is never used
2026-10-10T05:34:15.0641277Z    --> vendor/yrs-0.28.0/src/types/mod.rs:230:7
2026-10-10T05:34:15.0641534Z     |
2026-10-10T05:34:15.0641744Z 230 | const WEAK_REF_FLAGS_QUOTE: u8 = 0b0000_0001;
2026-10-10T05:34:15.0642012Z     |       ^^^^^^^^^^^^^^^^^^^^
2026-10-10T05:34:15.0642163Z 
2026-10-10T05:34:15.0642305Z warning: constant `WEAK_REF_FLAGS_START_ASSOC` is never used
2026-10-10T05:34:15.0642651Z    --> vendor/yrs-0.28.0/src/types/mod.rs:232:7
2026-10-10T05:34:15.0642905Z     |
2026-10-10T05:34:15.0643132Z 232 | const WEAK_REF_FLAGS_START_ASSOC: u8 = 0b0000_0010;
2026-10-10T05:34:15.0643424Z     |       ^^^^^^^^^^^^^^^^^^^^^^^^^^
2026-10-10T05:34:15.0643577Z 
2026-10-10T05:34:15.0643720Z warning: constant `WEAK_REF_FLAGS_END_ASSOC` is never used
2026-10-10T05:34:15.0644051Z    --> vendor/yrs-0.28.0/src/types/mod.rs:234:7
2026-10-10T05:34:15.0644298Z     |
2026-10-10T05:34:15.0644519Z 234 | const WEAK_REF_FLAGS_END_ASSOC: u8 = 0b0000_0100;
2026-10-10T05:34:15.0644795Z     |       ^^^^^^^^^^^^^^^^^^^^^^^^
2026-10-10T05:34:15.0644950Z 
2026-10-10T05:34:15.0645107Z warning: constant `WEAK_REF_FLAGS_START_UNBOUNDED` is never used
2026-10-10T05:34:15.0645439Z    --> vendor/yrs-0.28.0/src/types/mod.rs:236:7
2026-10-10T05:34:15.0645686Z     |
2026-10-10T05:34:15.0645915Z 236 | const WEAK_REF_FLAGS_START_UNBOUNDED: u8 = 0b0000_1000;
2026-10-10T05:34:15.0646212Z     |       ^^^^^^^^^^^^^^^^^^^^^^^^^^^^^^
2026-10-10T05:34:15.0646374Z 
2026-10-10T05:34:15.0646523Z warning: constant `WEAK_REF_FLAGS_END_UNBOUNDED` is never used
2026-10-10T05:34:15.0646859Z    --> vendor/yrs-0.28.0/src/types/mod.rs:238:7
2026-10-10T05:34:15.0647113Z     |
2026-10-10T05:34:15.0647343Z 238 | const WEAK_REF_FLAGS_END_UNBOUNDED: u8 = 0b0001_0000;
2026-10-10T05:34:15.0647639Z     |       ^^^^^^^^^^^^^^^^^^^^^^^^^^^^
2026-10-10T05:34:15.0647802Z 
2026-10-10T05:34:15.0647954Z warning: constant `WEAK_REF_FLAGS_PARENT_ROOT` is never used
2026-10-10T05:34:15.0648274Z    --> vendor/yrs-0.28.0/src/types/mod.rs:240:7
2026-10-10T05:34:15.0648522Z     |
2026-10-10T05:34:15.0648744Z 240 | const WEAK_REF_FLAGS_PARENT_ROOT: u8 = 0b0010_0000;
2026-10-10T05:34:15.0649028Z     |       ^^^^^^^^^^^^^^^^^^^^^^^^^^
2026-10-10T05:34:15.0649314Z 
2026-10-10T05:34:15.0649425Z warning: field `txn` is never read
2026-10-10T05:34:15.0649702Z    --> vendor/yrs-0.28.0/src/types/mod.rs:538:5
2026-10-10T05:34:15.0649972Z     |
2026-10-10T05:34:15.0650194Z 536 | pub(crate) struct Entries<'a, B, T> {
2026-10-10T05:34:15.0650626Z     |                   ------- field in this struct
2026-10-10T05:34:15.0651221Z 537 |     iter: std::collections::hash_map::Iter<'a, Arc<str>, ItemPtr>,
2026-10-10T05:34:15.0651873Z 538 |     txn: B,
2026-10-10T05:34:15.0652147Z     |     ^^^
2026-10-10T05:34:15.0652423Z     |
2026-10-10T05:34:15.0653026Z     = note: `Entries` has a derived impl for the trait `Debug`, but this is intentionally ignored during dead code analysis
2026-10-10T05:34:15.0653602Z 
2026-10-10T05:34:15.0653741Z warning: method `as_id_set` is never used
2026-10-10T05:34:15.0654156Z   --> vendor/yrs-0.28.0/src/update.rs:48:12
2026-10-10T05:34:15.0654532Z    |
2026-10-10T05:34:15.0654797Z 28 | impl BlockSet {
2026-10-10T05:34:15.0655152Z    | ------------- method in this implementation
2026-10-10T05:34:15.0655545Z ...
2026-10-10T05:34:15.0655831Z 48 |     pub fn as_id_set(&self) -> IdSet {
2026-10-10T05:34:15.0656277Z    |            ^^^^^^^^^
2026-10-10T05:34:15.0656410Z 
2026-10-10T05:34:15.0656621Z warning: associated functions `next_target` and `return_stack` are never used
2026-10-10T05:34:15.0657017Z    --> vendor/yrs-0.28.0/src/update.rs:503:8
2026-10-10T05:34:15.0657295Z     |
2026-10-10T05:34:15.0657503Z 169 | impl Update {
2026-10-10T05:34:15.0657761Z     | ----------- associated functions in this implementation
2026-10-10T05:34:15.0658057Z ...
2026-10-10T05:34:15.0658270Z 503 |     fn next_target<'a, 'b>(
2026-10-10T05:34:15.0658587Z     |        ^^^^^^^^^^^
2026-10-10T05:34:15.0658798Z ...
2026-10-10T05:34:15.0659226Z 526 |     fn return_stack(stack: Vec<Block>, refs: &mut BlockSet, remaining: &mut BlockSet) {
2026-10-10T05:34:15.0659613Z     |        ^^^^^^^^^^^^
2026-10-10T05:34:15.0659742Z 
2026-10-10T05:34:15.0659910Z warning: methods `forward`, `backward`, and `values` are never used
2026-10-10T05:34:15.0660252Z    --> vendor/yrs-0.28.0/src/block_iter.rs:76:12
2026-10-10T05:34:15.0660506Z     |
2026-10-10T05:34:15.0660688Z  18 | impl BlockIter {
2026-10-10T05:34:15.0660963Z     | -------------- methods in this implementation
2026-10-10T05:34:15.0661228Z ...
2026-10-10T05:34:15.0661471Z  76 |     pub fn forward<T: ReadTxn>(&mut self, txn: &T, len: u32) {
2026-10-10T05:34:15.0661780Z     |            ^^^^^^^
2026-10-10T05:34:15.0661983Z ...
2026-10-10T05:34:15.0662248Z 130 |     pub fn backward<T: ReadTxn>(&mut self, txn: &mut T, mut len: u32) {
2026-10-10T05:34:15.0662576Z     |            ^^^^^^^^
2026-10-10T05:34:15.0662779Z ...
2026-10-10T05:34:15.0662981Z 369 |     pub fn values<'a, 'txn, T: ReadTxn>(
2026-10-10T05:34:15.0663237Z     |            ^^^^^^
2026-10-10T05:34:15.0663368Z 
2026-10-10T05:34:15.0663477Z warning: struct `Values` is never constructed
2026-10-10T05:34:15.0663771Z    --> vendor/yrs-0.28.0/src/block_iter.rs:377:12
2026-10-10T05:34:15.0664030Z     |
2026-10-10T05:34:15.0664217Z 377 | pub struct Values<'a, 'txn> {
2026-10-10T05:34:15.0664448Z     |            ^^^^^^
2026-10-10T05:34:15.0664567Z 
2026-10-10T05:34:15.0664718Z warning: associated function `new` is never used
2026-10-10T05:34:15.0665006Z    --> vendor/yrs-0.28.0/src/block_iter.rs:383:8
2026-10-10T05:34:15.0665258Z     |
2026-10-10T05:34:15.0665453Z 382 | impl<'a, 'txn> Values<'a, 'txn> {
2026-10-10T05:34:15.0665783Z     | ------------------------------- associated function in this implementation
2026-10-10T05:34:15.0666218Z 383 |     fn new(iter: &'a mut BlockIter, txn: &'txn mut TransactionMut<'txn>) -> Self {
2026-10-10T05:34:15.0666567Z     |        ^^^
2026-10-10T05:34:15.0666675Z 
2026-10-10T05:34:15.0666781Z warning: method `remove_at` is never used
2026-10-10T05:34:15.0667049Z    --> vendor/yrs-0.28.0/src/branch.rs:398:19
2026-10-10T05:34:15.0667293Z     |
2026-10-10T05:34:15.0667477Z 222 | impl Branch {
2026-10-10T05:34:15.0667711Z     | ----------- method in this implementation
2026-10-10T05:34:15.0667969Z ...
2026-10-10T05:34:15.0668302Z 398 |     pub(crate) fn remove_at(&self, txn: &mut TransactionMut, index: u32, len: u32) -> u32 {
2026-10-10T05:34:15.0668698Z     |                   ^^^^^^^^^
2026-10-10T05:34:15.0668840Z 
2026-10-10T05:34:15.0668950Z warning: method `inner_mut` is never used
2026-10-10T05:34:15.0669327Z    --> vendor/yrs-0.28.0/src/ids.rs:548:19
2026-10-10T05:34:15.0669659Z     |
2026-10-10T05:34:15.0669852Z  58 | impl<T: Merge> IdRanges<T> {
2026-10-10T05:34:15.0670137Z     | -------------------------- method in this implementation
2026-10-10T05:34:15.0670416Z ...
2026-10-10T05:34:15.0670697Z 548 |     pub(crate) fn inner_mut(&mut self) -> &mut SmallVec<[(Range<u32>, T); 1]> {
2026-10-10T05:34:15.0671047Z     |                   ^^^^^^^^^
2026-10-10T05:34:15.0671196Z 
2026-10-10T05:34:15.0671313Z warning: trait `BlockIterator` is never used
2026-10-10T05:34:15.0671585Z  --> vendor/yrs-0.28.0/src/iter.rs:7:18
2026-10-10T05:34:15.0671820Z   |
2026-10-10T05:34:15.0672078Z 7 | pub(crate) trait BlockIterator: Iterator<Item = ItemPtr> + Sized {
2026-10-10T05:34:15.0672403Z   |                  ^^^^^^^^^^^^^
2026-10-10T05:34:15.0672558Z 
2026-10-10T05:34:15.0672675Z warning: trait `BlockSliceIterator` is never used
2026-10-10T05:34:15.0672964Z   --> vendor/yrs-0.28.0/src/iter.rs:16:18
2026-10-10T05:34:15.0673202Z    |
2026-10-10T05:34:15.0673485Z 16 | pub(crate) trait BlockSliceIterator: Iterator<Item = ItemSlice> + Sized {
2026-10-10T05:34:15.0673849Z    |                  ^^^^^^^^^^^^^^^^^^
2026-10-10T05:34:15.0674002Z 
2026-10-10T05:34:15.0674123Z warning: struct `RangeIter` is never constructed
2026-10-10T05:34:15.0674472Z    --> vendor/yrs-0.28.0/src/iter.rs:106:19
2026-10-10T05:34:15.0674721Z     |
2026-10-10T05:34:15.0674915Z 106 | pub(crate) struct RangeIter<I> {
2026-10-10T05:34:15.0675204Z     |                   ^^^^^^^^^
2026-10-10T05:34:15.0675366Z 
2026-10-10T05:34:15.0675507Z warning: associated items `new` and `begin` are never used
2026-10-10T05:34:15.0675819Z    --> vendor/yrs-0.28.0/src/iter.rs:117:8
2026-10-10T05:34:15.0676057Z     |
2026-10-10T05:34:15.0676249Z 113 | / impl<I> RangeIter<I>
2026-10-10T05:34:15.0676475Z 114 | | where
2026-10-10T05:34:15.0676678Z 115 | |     I: Iterator<Item = ItemPtr>,
2026-10-10T05:34:15.0677087Z     | |________________________________- associated items in this implementation
2026-10-10T05:34:15.0677565Z 116 |   {
2026-10-10T05:34:15.0677937Z 117 |       fn new(iter: I, start: StickyIndex, end: StickyIndex) -> Self {
2026-10-10T05:34:15.0678395Z     |          ^^^
2026-10-10T05:34:15.0678663Z ...
2026-10-10T05:34:15.0679035Z 126 |       fn begin(&mut self, start_offset: &mut u32) -> Option<ItemPtr> {
2026-10-10T05:34:15.0679634Z     |          ^^^^^
2026-10-10T05:34:15.0679819Z 
2026-10-10T05:34:15.0679977Z warning: enum `RangeIterState` is never used
2026-10-10T05:34:15.0680410Z    --> vendor/yrs-0.28.0/src/iter.rs:234:6
2026-10-10T05:34:15.0680754Z     |
2026-10-10T05:34:15.0681094Z 234 | enum RangeIterState {
2026-10-10T05:34:15.0681326Z     |      ^^^^^^^^^^^^^^
2026-10-10T05:34:15.0681456Z 
2026-10-10T05:34:15.0681574Z warning: struct `Values` is never constructed
2026-10-10T05:34:15.0681858Z    --> vendor/yrs-0.28.0/src/iter.rs:245:19
2026-10-10T05:34:15.0682101Z     |
2026-10-10T05:34:15.0682289Z 245 | pub(crate) struct Values<I> {
2026-10-10T05:34:15.0682529Z     |                   ^^^^^^
2026-10-10T05:34:15.0682678Z 
2026-10-10T05:34:15.0682791Z warning: associated function `new` is never used
2026-10-10T05:34:15.0683084Z    --> vendor/yrs-0.28.0/src/iter.rs:251:8
2026-10-10T05:34:15.0683321Z     |
2026-10-10T05:34:15.0683503Z 250 | impl<I> Values<I> {
2026-10-10T05:34:15.0683782Z     | ----------------- associated function in this implementation
2026-10-10T05:34:15.0684093Z 251 |     fn new(iter: I) -> Self {
2026-10-10T05:34:15.0684322Z     |        ^^^
2026-10-10T05:34:15.0684435Z 
2026-10-10T05:34:15.0684528Z warning: field `txn` is never read
2026-10-10T05:34:15.0684779Z    --> vendor/yrs-0.28.0/src/iter.rs:287:5
2026-10-10T05:34:15.0685014Z     |
2026-10-10T05:34:15.0685200Z 286 | pub struct AsIter<'a, T, I> {
2026-10-10T05:34:15.0685463Z     |            ------ field in this struct
2026-10-10T05:34:15.0685714Z 287 |     txn: &'a T,
2026-10-10T05:34:15.0685914Z     |     ^^^
2026-10-10T05:34:15.0686094Z     |
2026-10-10T05:34:15.0686479Z     = note: `AsIter` has a derived impl for the trait `Debug`, but this is intentionally ignored during dead code analysis
2026-10-10T05:34:15.0686940Z 
2026-10-10T05:34:15.0687131Z warning: methods `adjacent`, `contains_id`, `right`, and `left` are never used
2026-10-10T05:34:15.0687500Z    --> vendor/yrs-0.28.0/src/slice.rs:164:12
2026-10-10T05:34:15.0687752Z     |
2026-10-10T05:34:15.0687937Z 105 | impl ItemSlice {
2026-10-10T05:34:15.0688182Z     | -------------- methods in this implementation
2026-10-10T05:34:15.0688448Z ...
2026-10-10T05:34:15.0688642Z 164 |     pub fn adjacent(&self) -> bool {
2026-10-10T05:34:15.0688894Z     |            ^^^^^^^^
2026-10-10T05:34:15.0689200Z ...
2026-10-10T05:34:15.0689428Z 179 |     pub fn contains_id(&self, id: &ID) -> bool {
2026-10-10T05:34:15.0689709Z     |            ^^^^^^^^^^^
2026-10-10T05:34:15.0689920Z ...
2026-10-10T05:34:15.0690137Z 249 |     pub fn right(&self) -> Option<ItemSlice> {
2026-10-10T05:34:15.0690407Z     |            ^^^^^
2026-10-10T05:34:15.0690604Z ...
2026-10-10T05:34:15.0690815Z 269 |     pub fn left(&self) -> Option<ItemSlice> {
2026-10-10T05:34:15.0691096Z     |            ^^^^
2026-10-10T05:34:15.0691217Z 
2026-10-10T05:34:15.0691370Z warning: methods `within_range` and `get_item` are never used
2026-10-10T05:34:15.0691777Z    --> vendor/yrs-0.28.0/src/sticky_index.rs:272:19
2026-10-10T05:34:15.0692041Z     |
2026-10-10T05:34:15.0692226Z  51 | impl StickyIndex {
2026-10-10T05:34:15.0692480Z     | ---------------- methods in this implementation
2026-10-10T05:34:15.0692742Z ...
2026-10-10T05:34:15.0693003Z 272 |     pub(crate) fn within_range(&self, ptr: Option<ItemPtr>) -> bool {
2026-10-10T05:34:15.0693331Z     |                   ^^^^^^^^^^^^
2026-10-10T05:34:15.0693555Z ...
2026-10-10T05:34:15.0693837Z 287 |     pub(crate) fn get_item<T: ReadTxn>(&self, txn: &T) -> Option<ItemPtr> {
2026-10-10T05:34:15.0694176Z     |                   ^^^^^^^^
2026-10-10T05:34:15.0694315Z 
2026-10-10T05:34:15.0694493Z warning: hiding a lifetime that's elided elsewhere is confusing
2026-10-10T05:34:15.0694830Z   --> vendor/yrs-0.28.0/src/event.rs:63:18
2026-10-10T05:34:15.0695072Z    |
2026-10-10T05:34:15.0695288Z 63 |     pub fn added(&self) -> SubdocsEventIter {
2026-10-10T05:34:15.0695608Z    |                  ^^^^^     ^^^^^^^^^^^^^^^^ the same lifetime is hidden here
2026-10-10T05:34:15.0695900Z    |                  |
2026-10-10T05:34:15.0696207Z    |                  the lifetime is elided here
2026-10-10T05:34:15.0696563Z    |
2026-10-10T05:34:15.0697047Z    = help: the same lifetime is referred to in inconsistent ways, making the signature confusing
2026-10-10T05:34:15.0697739Z    = note: `#[warn(mismatched_lifetime_syntaxes)]` on by default
2026-10-10T05:34:15.0698197Z help: use `'_` for type paths
2026-10-10T05:34:15.0698500Z    |
2026-10-10T05:34:15.0698790Z 63 |     pub fn added(&self) -> SubdocsEventIter<'_> {
2026-10-10T05:34:15.0699314Z    |                                            ++++
2026-10-10T05:34:15.0699576Z 
2026-10-10T05:34:15.0699786Z warning: hiding a lifetime that's elided elsewhere is confusing
2026-10-10T05:34:15.0700283Z   --> vendor/yrs-0.28.0/src/event.rs:69:20
2026-10-10T05:34:15.0700605Z    |
2026-10-10T05:34:15.0700890Z 69 |     pub fn removed(&self) -> SubdocsEventIter {
2026-10-10T05:34:15.0701347Z    |                    ^^^^^     ^^^^^^^^^^^^^^^^ the same lifetime is hidden here
2026-10-10T05:34:15.0701747Z    |                    |
2026-10-10T05:34:15.0702075Z    |                    the lifetime is elided here
2026-10-10T05:34:15.0702409Z    |
2026-10-10T05:34:15.0702862Z    = help: the same lifetime is referred to in inconsistent ways, making the signature confusing
2026-10-10T05:34:15.0703431Z help: use `'_` for type paths
2026-10-10T05:34:15.0703745Z    |
2026-10-10T05:34:15.0704063Z 69 |     pub fn removed(&self) -> SubdocsEventIter<'_> {
2026-10-10T05:34:15.0704500Z    |                                              ++++
2026-10-10T05:34:15.0704756Z 
2026-10-10T05:34:15.0704988Z warning: hiding a lifetime that's elided elsewhere is confusing
2026-10-10T05:34:15.0705654Z   --> vendor/yrs-0.28.0/src/event.rs:75:19
2026-10-10T05:34:15.0705900Z    |
2026-10-10T05:34:15.0706146Z 75 |     pub fn loaded(&self) -> SubdocsEventIter {
2026-10-10T05:34:15.0706601Z    |                   ^^^^^     ^^^^^^^^^^^^^^^^ the same lifetime is hidden here
2026-10-10T05:34:15.0707005Z    |                   |
2026-10-10T05:34:15.0707319Z    |                   the lifetime is elided here
2026-10-10T05:34:15.0707610Z    |
2026-10-10T05:34:15.0707940Z    = help: the same lifetime is referred to in inconsistent ways, making the signature confusing
2026-10-10T05:34:15.0708335Z help: use `'_` for type paths
2026-10-10T05:34:15.0708556Z    |
2026-10-10T05:34:15.0708777Z 75 |     pub fn loaded(&self) -> SubdocsEventIter<'_> {
2026-10-10T05:34:15.0709069Z    |                                             ++++
2026-10-10T05:34:15.0709358Z 
2026-10-10T05:34:15.0709544Z warning: hiding a lifetime that's elided elsewhere is confusing
2026-10-10T05:34:15.0710028Z    --> vendor/yrs-0.28.0/src/store.rs:358:20
2026-10-10T05:34:15.0710392Z     |
2026-10-10T05:34:15.0710695Z 358 |     pub fn subdocs(&self) -> SubdocsIter {
2026-10-10T05:34:15.0711135Z     |                    ^^^^^     ^^^^^^^^^^^ the same lifetime is hidden here
2026-10-10T05:34:15.0711530Z     |                    |
2026-10-10T05:34:15.0711853Z     |                    the lifetime is elided here
2026-10-10T05:34:15.0712108Z     |
2026-10-10T05:34:15.0712432Z     = help: the same lifetime is referred to in inconsistent ways, making the signature confusing
2026-10-10T05:34:15.0712825Z help: use `'_` for type paths
2026-10-10T05:34:15.0713043Z     |
2026-10-10T05:34:15.0713261Z 358 |     pub fn subdocs(&self) -> SubdocsIter<'_> {
2026-10-10T05:34:15.0713554Z     |                                         ++++
2026-10-10T05:34:15.0713720Z 
2026-10-10T05:34:15.0713876Z warning: hiding a lifetime that's elided elsewhere is confusing
2026-10-10T05:34:15.0714203Z    --> vendor/yrs-0.28.0/src/store.rs:364:25
2026-10-10T05:34:15.0714449Z     |
2026-10-10T05:34:15.0714666Z 364 |     pub fn subdoc_guids(&self) -> SubdocGuids {
2026-10-10T05:34:15.0714978Z     |                         ^^^^^     ^^^^^^^^^^^ the same lifetime is hidden here
2026-10-10T05:34:15.0715275Z     |                         |
2026-10-10T05:34:15.0715519Z     |                         the lifetime is elided here
2026-10-10T05:34:15.0715769Z     |
2026-10-10T05:34:15.0716093Z     = help: the same lifetime is referred to in inconsistent ways, making the signature confusing
2026-10-10T05:34:15.0716484Z help: use `'_` for type paths
2026-10-10T05:34:15.0716700Z     |
2026-10-10T05:34:15.0716917Z 364 |     pub fn subdoc_guids(&self) -> SubdocGuids<'_> {
2026-10-10T05:34:15.0717213Z     |                                              ++++
2026-10-10T05:34:15.0717386Z 
2026-10-10T05:34:15.0717534Z warning: hiding a lifetime that's elided elsewhere is confusing
2026-10-10T05:34:15.0717855Z    --> vendor/yrs-0.28.0/src/store.rs:444:28
2026-10-10T05:34:15.0718100Z     |
2026-10-10T05:34:15.0718363Z 444 |     pub(crate) fn try_read(&self) -> Option<RwLockReadGuard<Store>> {
2026-10-10T05:34:15.0718773Z     |                            ^^^^^            ^^^^^^^^^^^^^^^^^^^^^^ the same lifetime is hidden here
2026-10-10T05:34:15.0719194Z     |                            |
2026-10-10T05:34:15.0719474Z     |                            the lifetime is elided here
2026-10-10T05:34:15.0719738Z     |
2026-10-10T05:34:15.0720056Z     = help: the same lifetime is referred to in inconsistent ways, making the signature confusing
2026-10-10T05:34:15.0720448Z help: use `'_` for type paths
2026-10-10T05:34:15.0720670Z     |
2026-10-10T05:34:15.0720946Z 444 |     pub(crate) fn try_read(&self) -> Option<RwLockReadGuard<'_, Store>> {
2026-10-10T05:34:15.0721307Z     |                                                             +++
2026-10-10T05:34:15.0721505Z 
2026-10-10T05:34:15.0721662Z warning: hiding a lifetime that's elided elsewhere is confusing
2026-10-10T05:34:15.0721989Z    --> vendor/yrs-0.28.0/src/store.rs:449:33
2026-10-10T05:34:15.0722311Z     |
2026-10-10T05:34:15.0722566Z 449 |     pub(crate) fn read_blocking(&self) -> RwLockReadGuard<Store> {
2026-10-10T05:34:15.0722952Z     |                                 ^^^^^     ^^^^^^^^^^^^^^^^^^^^^^ the same lifetime is hidden here
2026-10-10T05:34:15.0723272Z     |                                 |
2026-10-10T05:34:15.0723545Z     |                                 the lifetime is elided here
2026-10-10T05:34:15.0723810Z     |
2026-10-10T05:34:15.0724131Z     = help: the same lifetime is referred to in inconsistent ways, making the signature confusing
2026-10-10T05:34:15.0724534Z help: use `'_` for type paths
2026-10-10T05:34:15.0724752Z     |
2026-10-10T05:34:15.0725009Z 449 |     pub(crate) fn read_blocking(&self) -> RwLockReadGuard<'_, Store> {
2026-10-10T05:34:15.0725362Z     |                                                           +++
2026-10-10T05:34:15.0725542Z 
2026-10-10T05:34:15.0725697Z warning: hiding a lifetime that's elided elsewhere is confusing
2026-10-10T05:34:15.0726026Z    --> vendor/yrs-0.28.0/src/store.rs:458:30
2026-10-10T05:34:15.0726268Z     |
2026-10-10T05:34:15.0726492Z 458 |     pub(crate) fn read_async(&self) -> Read<Store> {
2026-10-10T05:34:15.0726885Z     |                              ^^^^^     ^^^^^^^^^^^ the same lifetime is hidden here
2026-10-10T05:34:15.0727203Z     |                              |
2026-10-10T05:34:15.0727469Z     |                              the lifetime is elided here
2026-10-10T05:34:15.0727727Z     |
2026-10-10T05:34:15.0728039Z     = help: the same lifetime is referred to in inconsistent ways, making the signature confusing
2026-10-10T05:34:15.0728429Z help: use `'_` for type paths
2026-10-10T05:34:15.0728647Z     |
2026-10-10T05:34:15.0728872Z 458 |     pub(crate) fn read_async(&self) -> Read<'_, Store> {
2026-10-10T05:34:15.0729269Z     |                                             +++
2026-10-10T05:34:15.0729451Z 
2026-10-10T05:34:15.0729602Z warning: hiding a lifetime that's elided elsewhere is confusing
2026-10-10T05:34:15.0729933Z    --> vendor/yrs-0.28.0/src/store.rs:462:29
2026-10-10T05:34:15.0730182Z     |
2026-10-10T05:34:15.0730557Z 462 |     pub(crate) fn try_write(&self) -> Option<RwLockWriteGuard<Store>> {
2026-10-10T05:34:15.0731257Z     |                             ^^^^^            ^^^^^^^^^^^^^^^^^^^^^^^ the same lifetime is hidden here
2026-10-10T05:34:15.0731590Z     |                             |
2026-10-10T05:34:15.0731860Z     |                             the lifetime is elided here
2026-10-10T05:34:15.0732123Z     |
2026-10-10T05:34:15.0732443Z     = help: the same lifetime is referred to in inconsistent ways, making the signature confusing
2026-10-10T05:34:15.0732832Z help: use `'_` for type paths
2026-10-10T05:34:15.0733048Z     |
2026-10-10T05:34:15.0733331Z 462 |     pub(crate) fn try_write(&self) -> Option<RwLockWriteGuard<'_, Store>> {
2026-10-10T05:34:15.0733699Z     |                                                               +++
2026-10-10T05:34:15.0733890Z 
2026-10-10T05:34:15.0734050Z warning: hiding a lifetime that's elided elsewhere is confusing
2026-10-10T05:34:15.0734375Z    --> vendor/yrs-0.28.0/src/store.rs:467:34
2026-10-10T05:34:15.0734622Z     |
2026-10-10T05:34:15.0734882Z 467 |     pub(crate) fn write_blocking(&self) -> RwLockWriteGuard<Store> {
2026-10-10T05:34:15.0735276Z     |                                  ^^^^^     ^^^^^^^^^^^^^^^^^^^^^^^ the same lifetime is hidden here
2026-10-10T05:34:15.0735590Z     |                                  |
2026-10-10T05:34:15.0735866Z     |                                  the lifetime is elided here
2026-10-10T05:34:15.0736140Z     |
2026-10-10T05:34:15.0736455Z     = help: the same lifetime is referred to in inconsistent ways, making the signature confusing
2026-10-10T05:34:15.0736841Z help: use `'_` for type paths
2026-10-10T05:34:15.0737057Z     |
2026-10-10T05:34:15.0737326Z 467 |     pub(crate) fn write_blocking(&self) -> RwLockWriteGuard<'_, Store> {
2026-10-10T05:34:15.0737681Z     |                                                             +++
2026-10-10T05:34:15.0737951Z 
2026-10-10T05:34:15.0738101Z warning: hiding a lifetime that's elided elsewhere is confusing
2026-10-10T05:34:15.0738428Z    --> vendor/yrs-0.28.0/src/store.rs:476:31
2026-10-10T05:34:15.0738674Z     |
2026-10-10T05:34:15.0738913Z 476 |     pub(crate) fn write_async(&self) -> Write<Store> {
2026-10-10T05:34:15.0739341Z     |                               ^^^^^     ^^^^^^^^^^^^ the same lifetime is hidden here
2026-10-10T05:34:15.0739655Z     |                               |
2026-10-10T05:34:15.0739917Z     |                               the lifetime is elided here
2026-10-10T05:34:15.0740176Z     |
2026-10-10T05:34:15.0740485Z     = help: the same lifetime is referred to in inconsistent ways, making the signature confusing
2026-10-10T05:34:15.0740874Z help: use `'_` for type paths
2026-10-10T05:34:15.0741089Z     |
2026-10-10T05:34:15.0741321Z 476 |     pub(crate) fn write_async(&self) -> Write<'_, Store> {
2026-10-10T05:34:15.0741636Z     |                                               +++
2026-10-10T05:34:15.0741820Z 
2026-10-10T05:34:15.0741973Z warning: hiding a lifetime that's elided elsewhere is confusing
2026-10-10T05:34:15.0742308Z    --> vendor/yrs-0.28.0/src/transaction.rs:168:18
2026-10-10T05:34:15.0742570Z     |
2026-10-10T05:34:15.0742829Z 168 |     fn root_refs(&self) -> RootRefs {
2026-10-10T05:34:15.0743132Z     |                  ^^^^^     ^^^^^^^^ the same lifetime is hidden here
2026-10-10T05:34:15.0743413Z     |                  |
2026-10-10T05:34:15.0743643Z     |                  the lifetime is elided here
2026-10-10T05:34:15.0743898Z     |
2026-10-10T05:34:15.0744217Z     = help: the same lifetime is referred to in inconsistent ways, making the signature confusing
2026-10-10T05:34:15.0744614Z help: use `'_` for type paths
2026-10-10T05:34:15.0744832Z     |
2026-10-10T05:34:15.0745035Z 168 |     fn root_refs(&self) -> RootRefs<'_> {
2026-10-10T05:34:15.0745304Z     |                                    ++++
2026-10-10T05:34:15.0745470Z 
2026-10-10T05:34:15.0745644Z warning: hiding a lifetime that's elided elsewhere is confusing
2026-10-10T05:34:15.0745980Z    --> vendor/yrs-0.28.0/src/transaction.rs:175:21
2026-10-10T05:34:15.0746240Z     |
2026-10-10T05:34:15.0746448Z 175 |     fn subdoc_guids(&self) -> SubdocGuids {
2026-10-10T05:34:15.0746770Z     |                     ^^^^^     ^^^^^^^^^^^ the same lifetime is hidden here
2026-10-10T05:34:15.0747064Z     |                     |
2026-10-10T05:34:15.0747304Z     |                     the lifetime is elided here
2026-10-10T05:34:15.0747554Z     |
2026-10-10T05:34:15.0747866Z     = help: the same lifetime is referred to in inconsistent ways, making the signature confusing
2026-10-10T05:34:15.0748253Z help: use `'_` for type paths
2026-10-10T05:34:15.0748467Z     |
2026-10-10T05:34:15.0748680Z 175 |     fn subdoc_guids(&self) -> SubdocGuids<'_> {
2026-10-10T05:34:15.0748964Z     |                                          ++++
2026-10-10T05:34:15.0749274Z 
2026-10-10T05:34:15.0749436Z warning: hiding a lifetime that's elided elsewhere is confusing
2026-10-10T05:34:15.0749782Z    --> vendor/yrs-0.28.0/src/transaction.rs:181:16
2026-10-10T05:34:15.0750041Z     |
2026-10-10T05:34:15.0750243Z 181 |     fn subdocs(&self) -> SubdocsIter {
2026-10-10T05:34:15.0750546Z     |                ^^^^^     ^^^^^^^^^^^ the same lifetime is hidden here
2026-10-10T05:34:15.0750831Z     |                |
2026-10-10T05:34:15.0751057Z     |                the lifetime is elided here
2026-10-10T05:34:15.0751307Z     |
2026-10-10T05:34:15.0751626Z     = help: the same lifetime is referred to in inconsistent ways, making the signature confusing
2026-10-10T05:34:15.0752013Z help: use `'_` for type paths
2026-10-10T05:34:15.0752237Z     |
2026-10-10T05:34:15.0752438Z 181 |     fn subdocs(&self) -> SubdocsIter<'_> {
2026-10-10T05:34:15.0752709Z     |                                     ++++
2026-10-10T05:34:15.0752871Z 
2026-10-10T05:34:15.0753025Z warning: hiding a lifetime that's elided elsewhere is confusing
2026-10-10T05:34:15.0753498Z    --> vendor/yrs-0.28.0/src/types/mod.rs:911:17
2026-10-10T05:34:15.0753753Z     |
2026-10-10T05:34:15.0753956Z 911 |     pub fn iter(&self) -> EventsIter {
2026-10-10T05:34:15.0754258Z     |                 ^^^^^     ^^^^^^^^^^ the same lifetime is hidden here
2026-10-10T05:34:15.0754548Z     |                 |
2026-10-10T05:34:15.0754781Z     |                 the lifetime is elided here
2026-10-10T05:34:15.0755040Z     |
2026-10-10T05:34:15.0755355Z     = help: the same lifetime is referred to in inconsistent ways, making the signature confusing
2026-10-10T05:34:15.0755739Z help: use `'_` for type paths
2026-10-10T05:34:15.0755954Z     |
2026-10-10T05:34:15.0756157Z 911 |     pub fn iter(&self) -> EventsIter<'_> {
2026-10-10T05:34:15.0756431Z     |                                     ++++
2026-10-10T05:34:15.0756601Z 
2026-10-10T05:34:15.0846476Z warning: hiding a lifetime that's elided elsewhere is confusing
2026-10-10T05:34:15.0847040Z   --> vendor/yrs-0.28.0/src/state_vector.rs:93:17
2026-10-10T05:34:15.0847339Z    |
2026-10-10T05:34:15.0847678Z 93 |     pub fn iter(&self) -> std::collections::hash_map::Iter<ClientID, u32> {
2026-10-10T05:34:15.0848109Z    |                 ^^^^^     ^^^^^^^^^^^^^^^^^^^^^^^^^^^^^^^^^^^^^^^^^^^^^^^ the same lifetime is hidden here
2026-10-10T05:34:15.0848631Z    |                 |
2026-10-10T05:34:15.0848864Z    |                 the lifetime is elided here
2026-10-10T05:34:15.0849284Z    |
2026-10-10T05:34:15.0849628Z    = help: the same lifetime is referred to in inconsistent ways, making the signature confusing
2026-10-10T05:34:15.0850032Z help: use `'_` for type paths
2026-10-10T05:34:15.0850276Z    |
2026-10-10T05:34:15.0850570Z 93 |     pub fn iter(&self) -> std::collections::hash_map::Iter<'_, ClientID, u32> {
2026-10-10T05:34:15.0850943Z    |                                                            +++
2026-10-10T05:34:15.0851128Z 
2026-10-10T05:34:15.0855232Z warning: hiding a lifetime that's elided elsewhere is confusing
2026-10-10T05:34:15.0855925Z    --> vendor/yrs-0.28.0/src/sync/awareness.rs:141:17
2026-10-10T05:34:15.0856379Z     |
2026-10-10T05:34:15.0856708Z 141 |     pub fn iter(&self) -> AwarenessIter {
2026-10-10T05:34:15.0857203Z     |                 ^^^^^     ^^^^^^^^^^^^^ the same lifetime is hidden here
2026-10-10T05:34:15.0857672Z     |                 |
2026-10-10T05:34:15.0858019Z     |                 the lifetime is elided here
2026-10-10T05:34:15.0858416Z     |
2026-10-10T05:34:15.0858958Z     = help: the same lifetime is referred to in inconsistent ways, making the signature confusing
2026-10-10T05:34:15.0859761Z help: use `'_` for type paths
2026-10-10T05:34:15.0860079Z     |
2026-10-10T05:34:15.0860396Z 141 |     pub fn iter(&self) -> AwarenessIter<'_> {
2026-10-10T05:34:15.0860827Z     |                                        ++++
2026-10-10T05:34:15.0861121Z 
2026-10-10T05:34:16.4906695Z warning: `yrs` (lib) generated 58 warnings (run `cargo fix --lib -p yrs` to apply 27 suggestions)
2026-10-10T05:34:16.4907670Z    Compiling tandemlog-text v0.0.0 (/home/runner/work/tandemlog/tandemlog/native/text_engine)
2026-10-10T05:34:17.3654649Z     Finished `test` profile [unoptimized + debuginfo] target(s) in 9.51s
2026-10-10T05:34:17.3671934Z      Running unittests src/lib.rs (/home/runner/work/_temp/tandemlog-rust-bootstrap/target/debug/deps/tandemlog_text-11651a1d89e2bb30)
2026-10-10T05:34:17.3682449Z 
2026-10-10T05:34:17.3682756Z running 4 tests
2026-10-10T05:34:17.3712358Z test worker_failure_tests::disconnected_worker_is_explicit_unknown_outcome ... ok
2026-10-10T05:34:17.3713512Z test worker_failure_tests::worker_panic_quarantines_without_implicit_reset ... ok
2026-10-10T05:34:17.3750945Z test owned_undo_tests::requested_ineffective_item_never_consumes_older_owned_save ... ok
2026-10-10T05:34:17.3785104Z test owned_undo_tests::successive_owned_replacements_follow_restored_identity_and_preserve_peer ... ok
2026-10-10T05:34:17.3785495Z 
2026-10-10T05:34:17.3785773Z test result: ok. 4 passed; 0 failed; 0 ignored; 0 measured; 0 filtered out; finished in 0.01s
2026-10-10T05:34:17.3786413Z 
2026-10-10T05:34:17.5046302Z test_R01_foreign_root_apply_is_atomic (test_admission.Admission.test_R01_foreign_root_apply_is_atomic) ... ok
2026-10-10T05:34:17.5047777Z test_R02_foreign_root_cannot_enter_new (test_admission.Admission.test_R02_foreign_root_cannot_enter_new) ... ok
2026-10-10T05:34:17.5050191Z test_R03_foreign_root_cannot_enter_restore (test_admission.Admission.test_R03_foreign_root_cannot_enter_restore) ... ok
2026-10-10T05:34:17.5054461Z test_R04_embed_rejected_even_when_get_string_hides_it (test_admission.Admission.test_R04_embed_rejected_even_when_get_string_hides_it) ... ok
2026-10-10T05:34:17.5058548Z test_R05_format_rejected (test_admission.Admission.test_R05_format_rejected) ... ok
2026-10-10T05:34:17.5063151Z test_R06_nested_shared_type_rejected (test_admission.Admission.test_R06_nested_shared_type_rejected) ... ok
2026-10-10T05:34:17.5067164Z test_R07_map_slot_rejected (test_admission.Admission.test_R07_map_slot_rejected) ... ok
2026-10-10T05:34:17.5072254Z test_R08_missing_nested_parent_rejected_before_pending_storage (test_admission.Admission.test_R08_missing_nested_parent_rejected_before_pending_storage) ... ok
2026-10-10T05:34:17.5076850Z test_R09_conflicting_reserved_seed_rejected (test_admission.Admission.test_R09_conflicting_reserved_seed_rejected) ... ok
2026-10-10T05:34:17.5083499Z test_R10_deleted_seed_identity_survives_checkpoint (test_admission.Admission.test_R10_deleted_seed_identity_survives_checkpoint) ... ok
2026-10-10T05:34:17.5089587Z test_R11_duplicate_full_state_with_split_seed_is_allowed (test_admission.Admission.test_R11_duplicate_full_state_with_split_seed_is_allowed) ... ok
2026-10-10T05:34:17.5094165Z test_R12_conflicting_nonseed_actor_overlap_rejected (test_admission.Admission.test_R12_conflicting_nonseed_actor_overlap_rejected) ... ok
2026-10-10T05:34:17.5098744Z test_R13_trailing_bytes_rejected_without_mutation (test_admission.Admission.test_R13_trailing_bytes_rejected_without_mutation) ... ok
2026-10-10T05:34:17.5103121Z test_R14_reserved_seed_cannot_extend_its_original_identity (test_admission.Admission.test_R14_reserved_seed_cannot_extend_its_original_identity) ... ok
2026-10-10T05:34:17.5116506Z test_U01_large_plaintext_inspect_rejected_preflight (test_admission_units.Units.test_U01_large_plaintext_inspect_rejected_preflight) ... ok
2026-10-10T05:34:17.5118521Z test_U02_explicit_inspector_units (test_admission_units.Units.test_U02_explicit_inspector_units) ... ok
2026-10-10T05:34:17.5124795Z test_U03_retained_deleted_identity_budget_preserves_undo (test_admission_units.Units.test_U03_retained_deleted_identity_budget_preserves_undo) ... ok
2026-10-10T05:34:17.5128612Z test_U04_remote_combined_budget_atomic (test_admission_units.Units.test_U04_remote_combined_budget_atomic) ... ok
2026-10-10T05:34:17.5130919Z test_U05_skips_and_delete_ranges_have_work_budget (test_admission_units.Units.test_U05_skips_and_delete_ranges_have_work_budget) ... ok
2026-10-10T05:34:17.5136733Z test_U06_restore_draft_inherit_and_validation (test_admission_units.Units.test_U06_restore_draft_inherit_and_validation) ... ok
2026-10-10T05:34:17.5143111Z test_C01_shared_seed_does_not_duplicate_historical_text (test_contract.Contract.test_C01_shared_seed_does_not_duplicate_historical_text) ... ok
2026-10-10T05:34:17.5149410Z test_C02_save_publishes_only_draft_changes (test_contract.Contract.test_C02_save_publishes_only_draft_changes) ... ok
2026-10-10T05:34:17.5154091Z test_C03_cancel_has_no_published_change (test_contract.Contract.test_C03_cancel_has_no_published_change) ... ok
2026-10-10T05:34:17.5160451Z test_C04_save_captured_baseline_preserves_remote_insert (test_contract.Contract.test_C04_save_captured_baseline_preserves_remote_insert) ... ok
2026-10-10T05:34:17.5167129Z test_C05_draft_delete_does_not_delete_concurrent_insert (test_contract.Contract.test_C05_draft_delete_does_not_delete_concurrent_insert) ... ok
2026-10-10T05:34:17.5173252Z test_C06_offline_disjoint_insertions_merge (test_contract.Contract.test_C06_offline_disjoint_insertions_merge) ... ok
2026-10-10T05:34:17.5180388Z test_C07_same_location_insertions_converge_without_lost_text (test_contract.Contract.test_C07_same_location_insertions_converge_without_lost_text) ... ok
2026-10-10T05:34:17.5185843Z test_C08_concurrent_overlapping_deletes_converge (test_contract.Contract.test_C08_concurrent_overlapping_deletes_converge) ... ok
2026-10-10T05:34:17.5201030Z test_C09_duplicate_delivery_is_idempotent (test_contract.Contract.test_C09_duplicate_delivery_is_idempotent) ... ok
2026-10-10T05:34:17.5207288Z test_C10_out_of_order_missing_dependency_eventually_integrates (test_contract.Contract.test_C10_out_of_order_missing_dependency_eventually_integrates) ... ok
2026-10-10T05:34:17.5213930Z test_C11_pending_dependency_survives_checkpoint_restart (test_contract.Contract.test_C11_pending_dependency_survives_checkpoint_restart) ... ok
2026-10-10T05:34:17.5233979Z test_C12_all_delivery_permutations_converge (test_contract.Contract.test_C12_all_delivery_permutations_converge) ... ok
2026-10-10T05:34:17.9084689Z test_C13_random_duplicate_out_of_order_delivery (test_contract.Contract.test_C13_random_duplicate_out_of_order_delivery) ... ok
2026-10-10T05:34:17.9091809Z test_C14_independent_fields_remain_independent (test_contract.Contract.test_C14_independent_fields_remain_independent) ... ok
2026-10-10T05:34:17.9097004Z test_C15_recurrence_successor_text_is_independent (test_contract.Contract.test_C15_recurrence_successor_text_is_independent) ... ok
2026-10-10T05:34:17.9102649Z test_C16_unicode_utf16_offsets_and_emoji (test_contract.Contract.test_C16_unicode_utf16_offsets_and_emoji) ... ok
2026-10-10T05:34:17.9108758Z test_C17_split_surrogate_offsets_rejected_without_mutation (test_contract.Contract.test_C17_split_surrogate_offsets_rejected_without_mutation) ... ok
2026-10-10T05:34:17.9113974Z test_C18_combining_zwj_and_markdown_remain_source_text (test_contract.Contract.test_C18_combining_zwj_and_markdown_remain_source_text) ... ok
2026-10-10T05:34:17.9120330Z test_C19_composition_blocks_save_and_cancel_discards (test_contract.Contract.test_C19_composition_blocks_save_and_cancel_discards) ... ok
2026-10-10T05:34:17.9128539Z test_C20_composition_commit_publishes_final_text_once (test_contract.Contract.test_C20_composition_commit_publishes_final_text_once) ... ok
2026-10-10T05:34:17.9133328Z test_C21_sticky_selection_moves_with_remote_prefix (test_contract.Contract.test_C21_sticky_selection_moves_with_remote_prefix) ... ok
2026-10-10T05:34:17.9140643Z test_C22_selective_undo_preserves_remote_insert (test_contract.Contract.test_C22_selective_undo_preserves_remote_insert) ... ok
2026-10-10T05:34:17.9147718Z test_C23_selective_undo_save_batch_retains_remote (test_contract.Contract.test_C23_selective_undo_save_batch_retains_remote) ... ok
2026-10-10T05:34:17.9154519Z test_C24_redo_is_compensation_not_history_removal (test_contract.Contract.test_C24_redo_is_compensation_not_history_removal) ... ok
2026-10-10T05:34:17.9160285Z test_C25_undo_after_remote_delete_does_not_resurrect_remote_work (test_contract.Contract.test_C25_undo_after_remote_delete_does_not_resurrect_remote_work) ... ok
2026-10-10T05:34:17.9166941Z test_C26_invalid_binary_rejected_atomically (test_contract.Contract.test_C26_invalid_binary_rejected_atomically) ... ok
2026-10-10T05:34:17.9177442Z test_C27_oversized_update_rejected_before_decode (test_contract.Contract.test_C27_oversized_update_rejected_before_decode) ... ok
2026-10-10T05:34:17.9183195Z test_C28_out_of_range_edit_and_invalid_base64_are_atomic (test_contract.Contract.test_C28_out_of_range_edit_and_invalid_base64_are_atomic) ... ok
2026-10-10T05:34:17.9186657Z test_C29_actor_collision_rejected (test_contract.Contract.test_C29_actor_collision_rejected) ... ok
2026-10-10T05:34:17.9193386Z test_C30_text_limit_rejected_without_partial_commit (test_contract.Contract.test_C30_text_limit_rejected_without_partial_commit) ... ok
2026-10-10T05:34:17.9205352Z test_C31_exact_update_bytes_survive_json_roundtrip_and_replay (test_contract.Contract.test_C31_exact_update_bytes_survive_json_roundtrip_and_replay) ... ok
2026-10-10T05:34:17.9346348Z test_C32_full_checkpoint_and_tail_equal_full_replay (test_contract.Contract.test_C32_full_checkpoint_and_tail_equal_full_replay) ... ok
2026-10-10T05:34:17.9781647Z test_C33_bridge_utf8_memory_cycles (test_contract.Contract.test_C33_bridge_utf8_memory_cycles) ... ok
2026-10-10T05:34:21.3612795Z test_C34_performance_and_storage_measurements (test_contract.Contract.test_C34_performance_and_storage_measurements) ... ok
2026-10-10T05:34:21.3622167Z test_O01_draft_cannot_save_to_different_source (test_ownership.Ownership.test_O01_draft_cannot_save_to_different_source) ... ok
2026-10-10T05:34:21.3630566Z test_O02_incoming_update_cannot_be_attributed_to_draft (test_ownership.Ownership.test_O02_incoming_update_cannot_be_attributed_to_draft) ... ok
2026-10-10T05:34:21.3636558Z test_O03_successful_save_consumes_draft_once (test_ownership.Ownership.test_O03_successful_save_consumes_draft_once) ... ok
2026-10-10T05:34:21.3644046Z test_O04_failed_save_preserves_prior_undo_and_draft (test_ownership.Ownership.test_O04_failed_save_preserves_prior_undo_and_draft) ... ok
2026-10-10T05:34:21.3652635Z test_U01_prepare_is_nonmutating_and_repeated_bytes_are_immutable (test_prepared_undo.PreparedUndo.test_U01_prepare_is_nonmutating_and_repeated_bytes_are_immutable) ... ok
2026-10-10T05:34:21.3665670Z test_U02_missing_wrong_receipt_does_not_change_live_or_consume_undo (test_prepared_undo.PreparedUndo.test_U02_missing_wrong_receipt_does_not_change_live_or_consume_undo) ... ok
2026-10-10T05:34:21.3676455Z test_U03_remote_arrival_after_prepare_preserves_exact_compensation (test_prepared_undo.PreparedUndo.test_U03_remote_arrival_after_prepare_preserves_exact_compensation) ... ok
2026-10-10T05:34:21.3685234Z test_U04_unknown_receipt_retry_is_idempotent_and_keeps_prior_undo (test_prepared_undo.PreparedUndo.test_U04_unknown_receipt_retry_is_idempotent_and_keeps_prior_undo) ... ok
2026-10-10T05:34:21.3693464Z test_U05_cancel_and_rejection_preserve_prior_selective_undo (test_prepared_undo.PreparedUndo.test_U05_cancel_and_rejection_preserve_prior_selective_undo) ... ok
2026-10-10T05:34:21.3705870Z test_U06_pending_blocks_local_changes_but_accepts_remote (test_prepared_undo.PreparedUndo.test_U06_pending_blocks_local_changes_but_accepts_remote) ... ok
2026-10-10T05:34:21.3713672Z test_U07_token_bound_to_owner_and_not_reused_name (test_prepared_undo.PreparedUndo.test_U07_token_bound_to_owner_and_not_reused_name) ... ok
2026-10-10T05:34:21.3723107Z test_U08_captured_draft_identity_survives_clone_commit_and_remote (test_prepared_undo.PreparedUndo.test_U08_captured_draft_identity_survives_clone_commit_and_remote) ... ok
2026-10-10T05:34:21.3734840Z test_U09_saved_draft_batch_undo_and_redo_ownership_are_preserved (test_prepared_undo.PreparedUndo.test_U09_saved_draft_batch_undo_and_redo_ownership_are_preserved) ... ok
2026-10-10T05:34:21.3742734Z test_U10_immutable_compensation_replays_after_native_reset (test_prepared_undo.PreparedUndo.test_U10_immutable_compensation_replays_after_native_reset) ... ok
2026-10-10T05:34:21.3750813Z test_U11_no_undo_rejection_and_anchor_lifetime (test_prepared_undo.PreparedUndo.test_U11_no_undo_rejection_and_anchor_lifetime) ... ok
2026-10-10T05:34:21.3757711Z test_U12_failed_prepare_draft_keeps_target_and_private_undo (test_prepared_undo.PreparedUndo.test_U12_failed_prepare_draft_keeps_target_and_private_undo) ... ok
2026-10-10T05:34:21.3766090Z test_A01_receipt_history_budget_rejection_keeps_preparation_and_live_undo (test_resource_atomic.AtomicBudgetReceipt.test_A01_receipt_history_budget_rejection_keeps_preparation_and_live_undo) ... ok
2026-10-10T05:34:21.3775181Z test_A02_queued_remote_budget_rejection_preserves_live_and_frozen_packet (test_resource_atomic.AtomicBudgetReceipt.test_A02_queued_remote_budget_rejection_preserves_live_and_frozen_packet) ... ok
2026-10-10T05:34:21.3782344Z test_B01_struct_actor_inspection_is_sorted_unique_and_readonly (test_resource_limits.NativeBudgets.test_B01_struct_actor_inspection_is_sorted_unique_and_readonly) ... ok
2026-10-10T05:34:21.3787069Z test_B02_delete_references_and_skip_holes_are_not_struct_authors (test_resource_limits.NativeBudgets.test_B02_delete_references_and_skip_holes_are_not_struct_authors) ... ok
2026-10-10T05:34:21.3795022Z test_B03_inspector_validates_binary_base64_and_plaintext_before_metadata (test_resource_limits.NativeBudgets.test_B03_inspector_validates_binary_base64_and_plaintext_before_metadata) ... ok
2026-10-10T05:34:21.3800429Z test_B04_visible_utf16_limit_rejects_atomically_with_prior_undo (test_resource_limits.NativeBudgets.test_B04_visible_utf16_limit_rejects_atomically_with_prior_undo) ... ok
2026-10-10T05:34:21.3805672Z test_B05_generated_update_budget_is_distinct_from_visible_and_state (test_resource_limits.NativeBudgets.test_B05_generated_update_budget_is_distinct_from_visible_and_state) ... ok
2026-10-10T05:34:21.3848715Z test_B06_large_checkpoint_and_existing_history_do_not_use_operation_limit (test_resource_limits.NativeBudgets.test_B06_large_checkpoint_and_existing_history_do_not_use_operation_limit) ... ok
2026-10-10T05:34:21.3865143Z test_B07_state_limit_growth_rejection_retains_exact_live_state (test_resource_limits.NativeBudgets.test_B07_state_limit_growth_rejection_retains_exact_live_state) ... ok
2026-10-10T05:34:21.3875455Z test_B08_session_replay_limit_is_explicit_and_rejection_keeps_undo (test_resource_limits.NativeBudgets.test_B08_session_replay_limit_is_explicit_and_rejection_keeps_undo) ... ok
2026-10-10T05:34:21.3880903Z test_B09_prepared_clone_budget_rejection_keeps_original_session_undo (test_resource_limits.NativeBudgets.test_B09_prepared_clone_budget_rejection_keeps_original_session_undo) ... ok
2026-10-10T05:34:21.3884562Z test_B10_usage_documents_serialized_weights_and_actual_owner_guid (test_resource_limits.NativeBudgets.test_B10_usage_documents_serialized_weights_and_actual_owner_guid) ... ok
2026-10-10T05:34:21.3896208Z test_B11_retained_receipt_history_is_bounded_without_pruning (test_resource_limits.NativeBudgets.test_B11_retained_receipt_history_is_bounded_without_pruning) ... ok
2026-10-10T05:34:21.3901961Z test_B12_restore_limit_failure_does_not_replace_existing_owner (test_resource_limits.NativeBudgets.test_B12_restore_limit_failure_does_not_replace_existing_owner) ... ok
2026-10-10T05:34:21.3908372Z test_B13_private_draft_inherits_limits_and_rejection_preserves_draft (test_resource_limits.NativeBudgets.test_B13_private_draft_inherits_limits_and_rejection_preserves_draft) ... ok
2026-10-10T05:34:21.3918530Z test_B14_limit_configuration_rejects_unknown_zero_boolean_and_overflow (test_resource_limits.NativeBudgets.test_B14_limit_configuration_rejects_unknown_zero_boolean_and_overflow) ... ok
2026-10-10T05:34:21.5600328Z test_B15_large_bounded_checkpoint_frame_and_input_allocator (test_resource_limits.NativeBudgets.test_B15_large_bounded_checkpoint_frame_and_input_allocator) ... ok
2026-10-10T05:34:21.5609993Z test_H01_original_packets_duplicates_and_concurrent_delivery_match_owned_state (test_shared_history_materializer.SharedHistoryMaterializer.test_H01_original_packets_duplicates_and_concurrent_delivery_match_owned_state) ... ok
2026-10-10T05:34:21.5618206Z test_H02_missing_causal_dependency_survives_checkpoint_and_later_arrival (test_shared_history_materializer.SharedHistoryMaterializer.test_H02_missing_causal_dependency_survives_checkpoint_and_later_arrival) ... ok
2026-10-10T05:34:21.5626282Z test_H03_rejection_quarantines_disposable_state_and_preserves_other_owners (test_shared_history_materializer.SharedHistoryMaterializer.test_H03_rejection_quarantines_disposable_state_and_preserves_other_owners) ... ok
2026-10-10T05:34:21.5631676Z test_H04_materializer_and_session_handles_cannot_alias (test_shared_history_materializer.SharedHistoryMaterializer.test_H04_materializer_and_session_handles_cannot_alias) ... ok
2026-10-10T05:34:21.5689842Z test_H05_incremental_history_has_no_session_undo_replay_budget (test_shared_history_materializer.SharedHistoryMaterializer.test_H05_incremental_history_has_no_session_undo_replay_budget) ... ok
2026-10-10T05:34:21.5855065Z test_H06_private_save_packets_do_not_repeat_prior_generations_delete_sets (test_shared_history_materializer.SharedHistoryMaterializer.test_H06_private_save_packets_do_not_repeat_prior_generations_delete_sets) ... ok
2026-10-10T05:34:21.5860968Z test_H07_foreign_root_and_conflicting_seed_quarantine_materializers (test_shared_history_materializer.SharedHistoryMaterializer.test_H07_foreign_root_and_conflicting_seed_quarantine_materializers) ... ok
2026-10-10T05:34:21.5868617Z test_H08_visible_and_retained_budgets_fail_without_touching_editor (test_shared_history_materializer.SharedHistoryMaterializer.test_H08_visible_and_retained_budgets_fail_without_touching_editor) ... ok
2026-10-10T05:34:21.5871912Z test_H09_rejected_seed_does_not_reserve_handle (test_shared_history_materializer.SharedHistoryMaterializer.test_H09_rejected_seed_does_not_reserve_handle) ... ok
2026-10-10T05:34:21.5923247Z test_W01_same_handle_is_shared_across_different_caller_threads (test_worker_ownership.WorkerOwnership.test_W01_same_handle_is_shared_across_different_caller_threads) ... ok
2026-10-10T05:34:21.5932018Z test_W02_production_and_spike_json_aliases_share_exact_owner (test_worker_ownership.WorkerOwnership.test_W02_production_and_spike_json_aliases_share_exact_owner) ... ok
2026-10-10T05:34:21.5956267Z test_W03_concurrent_remote_prepare_and_receipt_commit_converge (test_worker_ownership.WorkerOwnership.test_W03_concurrent_remote_prepare_and_receipt_commit_converge) ... ok
2026-10-10T05:34:21.5986198Z test_W04_simultaneous_prepare_returns_one_immutable_owner_token (test_worker_ownership.WorkerOwnership.test_W04_simultaneous_prepare_returns_one_immutable_owner_token) ... ok
2026-10-10T05:34:21.6001445Z test_W05_wrong_receipt_and_cross_thread_cancel_preserve_prior_undo (test_worker_ownership.WorkerOwnership.test_W05_wrong_receipt_and_cross_thread_cancel_preserve_prior_undo) ... ok
2026-10-10T05:34:21.6141427Z test_W06_response_callback_buffer_can_be_read_and_freed_elsewhere (test_worker_ownership.WorkerOwnership.test_W06_response_callback_buffer_can_be_read_and_freed_elsewhere) ... ok
2026-10-10T05:34:21.6155759Z test_W07_late_cross_thread_receipt_cannot_attach_to_recreated_name (test_worker_ownership.WorkerOwnership.test_W07_late_cross_thread_receipt_cannot_attach_to_recreated_name) ... ok
2026-10-10T05:34:21.6163690Z test_W08_invalid_request_error_does_not_reset_or_reseed_owner (test_worker_ownership.WorkerOwnership.test_W08_invalid_request_error_does_not_reset_or_reseed_owner) ... ok
2026-10-10T05:34:21.6171390Z test_W09_private_draft_preparation_has_specific_ownership_rejection (test_worker_ownership.WorkerOwnership.test_W09_private_draft_preparation_has_specific_ownership_rejection) ... ok
2026-10-10T05:34:21.6184325Z test_W10_captured_draft_guid_survives_cross_thread_receipt_commit (test_worker_ownership.WorkerOwnership.test_W10_captured_draft_guid_survives_cross_thread_receipt_commit) ... ok
2026-10-10T05:34:21.6199401Z test_W11_input_allocation_and_release_aliases_share_allocator (test_worker_ownership.WorkerOwnership.test_W11_input_allocation_and_release_aliases_share_allocator) ... ok
2026-10-10T05:34:21.6199967Z 
2026-10-10T05:34:21.6200130Z ----------------------------------------------------------------------
2026-10-10T05:34:21.6200442Z Ran 107 tests in 4.116s
2026-10-10T05:34:21.6200582Z 
2026-10-10T05:34:21.6200662Z OK
2026-10-10T05:34:21.6338163Z ##[group]Run python3 -m unittest discover -s tool -p 'test_*.py'
2026-10-10T05:34:21.6338609Z [36;1mpython3 -m unittest discover -s tool -p 'test_*.py'[0m
2026-10-10T05:34:21.6379710Z shell: /usr/bin/bash -e {0}
2026-10-10T05:34:21.6379967Z env:
2026-10-10T05:34:21.6380264Z   CARGO_HOME: /home/runner/work/_temp/tandemlog-rust-bootstrap/cargo
2026-10-10T05:34:21.6380692Z   RUSTUP_HOME: /home/runner/work/_temp/tandemlog-rust-bootstrap/rustup
2026-10-10T05:34:21.6381100Z   RUSTUP_UPDATE_ROOT: https://static.rust-lang.org/rustup
2026-10-10T05:34:21.6381446Z   RUSTUP_DIST_SERVER: https://static.rust-lang.org
2026-10-10T05:34:21.6381733Z   RUSTUP_AUTO_INSTALL: 0
2026-10-10T05:34:21.6382067Z   TANDEMLOG_TEXT_TARGET_DIR: /home/runner/work/_temp/tandemlog-rust-bootstrap/target
2026-10-10T05:34:21.6382702Z   TANDEMLOG_TEXT_LIBRARY: /home/runner/work/_temp/native-unit/libtandemlog_text.so
2026-10-10T05:34:21.6383053Z ##[endgroup]
2026-10-10T05:34:22.8761539Z .........................................................
2026-10-10T05:34:22.8762013Z ----------------------------------------------------------------------
2026-10-10T05:34:22.8762339Z Ran 57 tests in 1.010s
2026-10-10T05:34:22.8762486Z 
2026-10-10T05:34:22.8762565Z OK
2026-10-10T05:34:22.8771765Z {"executable_sha256": "0370190d81a1bc1e156676eb83f3adb83bb65e765fd5b7b74719004b77345310", "github_run_id": "123", "native_library_sha256": "7bc2fcce9d2525bcb6a722a6cc144de4fd8946c0047d7de73788e37d1f2d42d8", "portable_archive": "tandemlog-windows-x64-unsigned-portable.zip", "portable_sha256": "38fd24e481b3b97958ad1bb43d9dc1f90176202f46bc1bcc13a9ad17c9ebc277", "source_revision": "aaaaaaaaaaaaaaaaaaaaaaaaaaaaaaaaaaaaaaaa"}
2026-10-10T05:34:22.8959031Z ##[group]Run xvfb-run -a dbus-run-session -- flutter test integration_test/task_flow_test.dart -d linux
2026-10-10T05:34:22.8959924Z [36;1mxvfb-run -a dbus-run-session -- flutter test integration_test/task_flow_test.dart -d linux[0m
2026-10-10T05:34:22.9000593Z shell: /usr/bin/bash -e {0}
2026-10-10T05:34:22.9000872Z env:
2026-10-10T05:34:22.9001174Z   CARGO_HOME: /home/runner/work/_temp/tandemlog-rust-bootstrap/cargo
2026-10-10T05:34:22.9001614Z   RUSTUP_HOME: /home/runner/work/_temp/tandemlog-rust-bootstrap/rustup
2026-10-10T05:34:22.9002046Z   RUSTUP_UPDATE_ROOT: https://static.rust-lang.org/rustup
2026-10-10T05:34:22.9002397Z   RUSTUP_DIST_SERVER: https://static.rust-lang.org
2026-10-10T05:34:22.9002690Z   RUSTUP_AUTO_INSTALL: 0
2026-10-10T05:34:22.9003037Z   TANDEMLOG_TEXT_TARGET_DIR: /home/runner/work/_temp/tandemlog-rust-bootstrap/target
2026-10-10T05:34:22.9003526Z   TANDEMLOG_TEXT_LIBRARY: /home/runner/work/_temp/native-unit/libtandemlog_text.so
2026-10-10T05:34:22.9003941Z ##[endgroup]
2026-10-10T05:34:27.2604982Z [1/3] Linux SDK
2026-10-10T05:34:28.5847299Z   ├─ [1/3] linux-x64-debug/linux-x64-flutter-gtk                 1,322ms
2026-10-10T05:34:29.4960697Z   ├─ [2/3] linux-x64-profile/linux-x64-flutter-gtk                 475ms
2026-10-10T05:34:29.9975352Z   └─ [3/3] linux-x64-release/linux-x64-flutter-gtk                 280ms
2026-10-10T05:34:30.2437990Z Resolving dependencies...
2026-10-10T05:34:30.3160094Z Downloading packages...
2026-10-10T05:34:30.3781339Z   code_assets 1.2.1 (2.1.0 available)
2026-10-10T05:34:30.3781810Z   cross_file 0.3.5+5 (0.4.0 available)
2026-10-10T05:34:30.3782189Z   jni 1.0.3 (1.1.0 available)
2026-10-10T05:34:30.3782523Z   jni_flutter 1.0.3 (1.0.4+1 available)
2026-10-10T05:34:30.3782939Z   material_color_utilities 0.13.0 (0.13.1 available)
2026-10-10T05:34:30.3783410Z   native_toolchain_c 0.19.3 (0.19.5 available)
2026-10-10T05:34:30.3783808Z   objective_c 9.5.0 (9.6.2 available)
2026-10-10T05:34:30.3784180Z   test_api 0.7.12 (0.7.15 available)
2026-10-10T05:34:30.3784531Z   url_launcher 6.3.2 (6.3.3 available)
2026-10-10T05:34:30.3784899Z   vector_math 2.4.0 (2.4.3 available)
2026-10-10T05:34:30.3785232Z Got dependencies!
2026-10-10T05:34:30.3785875Z 10 packages have newer versions incompatible with dependency constraints.
2026-10-10T05:34:30.3786525Z Try `flutter pub outdated` for more information.
2026-10-10T05:34:30.7046946Z 
2026-10-10T05:34:36.3265230Z Building Linux application...                                   
2026-10-10T05:34:36.3360053Z warning: unused imports: `BlockRange` and `Block`
2026-10-10T05:34:36.3409836Z warning: unused import: `Block`
2026-10-10T05:34:36.3430067Z warning: unused import: `ItemContent`
2026-10-10T05:34:36.3449970Z warning: unused imports: `SmallVec` and `smallvec`
2026-10-10T05:34:36.3472955Z warning: unused import: `crate::utils::OptionExt`
2026-10-10T05:34:36.3517672Z warning: value assigned to `left` is never read
2026-10-10T05:34:36.3518098Z warning: unused variable: `ptr`
2026-10-10T05:34:36.3518464Z warning: unused variable: `ptr`
2026-10-10T05:34:36.3519322Z warning: variable does not need to be mutable
2026-10-10T05:34:36.3519730Z warning: variable does not need to be mutable
2026-10-10T05:34:36.3520119Z warning: unused variable: `clear_undo`
2026-10-10T05:34:36.3520460Z warning: unused variable: `clear_redo`
2026-10-10T05:34:36.3520805Z warning: method `as_item` is never used
2026-10-10T05:34:36.3521244Z warning: methods `last_id`, `is_item`, and `is_gc` are never used
2026-10-10T05:34:36.3521721Z warning: method `delete_as_cleanup` is never used
2026-10-10T05:34:36.3522099Z warning: method `integrate` is never used
2026-10-10T05:34:36.3522442Z warning: method `contains` is never used
2026-10-10T05:34:36.3522840Z warning: constant `WEAK_REF_FLAGS_QUOTE` is never used
2026-10-10T05:34:36.3523302Z warning: constant `WEAK_REF_FLAGS_START_ASSOC` is never used
2026-10-10T05:34:36.3523776Z warning: constant `WEAK_REF_FLAGS_END_ASSOC` is never used
2026-10-10T05:34:36.3524493Z warning: constant `WEAK_REF_FLAGS_START_UNBOUNDED` is never used
2026-10-10T05:34:36.3525028Z warning: constant `WEAK_REF_FLAGS_END_UNBOUNDED` is never used
2026-10-10T05:34:36.3525527Z warning: constant `WEAK_REF_FLAGS_PARENT_ROOT` is never used
2026-10-10T05:34:36.3525952Z warning: field `txn` is never read
2026-10-10T05:34:36.3526284Z warning: method `as_id_set` is never used
2026-10-10T05:34:36.3526774Z warning: associated functions `next_target` and `return_stack` are never used
2026-10-10T05:34:36.3527377Z warning: methods `forward`, `backward`, and `values` are never used
2026-10-10T05:34:36.3527863Z warning: struct `Values` is never constructed
2026-10-10T05:34:36.3528269Z warning: associated function `new` is never used
2026-10-10T05:34:36.3528688Z warning: method `remove_at` is never used
2026-10-10T05:34:36.3529061Z warning: method `inner_mut` is never used
2026-10-10T05:34:36.3529597Z warning: trait `BlockIterator` is never used
2026-10-10T05:34:36.3529985Z warning: trait `BlockSliceIterator` is never used
2026-10-10T05:34:36.3530388Z warning: struct `RangeIter` is never constructed
2026-10-10T05:34:36.3530814Z warning: associated items `new` and `begin` are never used
2026-10-10T05:34:36.3531199Z warning: enum `RangeIterState` is never used
2026-10-10T05:34:36.3531572Z warning: struct `Values` is never constructed
2026-10-10T05:34:36.3531969Z warning: associated function `new` is never used
2026-10-10T05:34:36.3589736Z warning: field `txn` is never read
2026-10-10T05:34:36.3600139Z warning: methods `adjacent`, `contains_id`, `right`, and `left` are never used
2026-10-10T05:34:36.3632455Z warning: methods `within_range` and `get_item` are never used
2026-10-10T05:34:36.3671593Z warning: hiding a lifetime that's elided elsewhere is confusing
2026-10-10T05:34:36.3700178Z warning: hiding a lifetime that's elided elsewhere is confusing
2026-10-10T05:34:36.3726382Z warning: hiding a lifetime that's elided elsewhere is confusing
2026-10-10T05:34:36.3750042Z warning: hiding a lifetime that's elided elsewhere is confusing
2026-10-10T05:34:36.3776891Z warning: hiding a lifetime that's elided elsewhere is confusing
2026-10-10T05:34:36.3800354Z warning: hiding a lifetime that's elided elsewhere is confusing
2026-10-10T05:34:36.3812038Z warning: hiding a lifetime that's elided elsewhere is confusing
2026-10-10T05:34:36.3812988Z warning: hiding a lifetime that's elided elsewhere is confusing
2026-10-10T05:34:36.3813752Z warning: hiding a lifetime that's elided elsewhere is confusing
2026-10-10T05:34:36.3814574Z warning: hiding a lifetime that's elided elsewhere is confusing
2026-10-10T05:34:36.3815291Z warning: hiding a lifetime that's elided elsewhere is confusing
2026-10-10T05:34:36.3816101Z warning: hiding a lifetime that's elided elsewhere is confusing
2026-10-10T05:34:36.3816813Z warning: hiding a lifetime that's elided elsewhere is confusing
2026-10-10T05:34:36.3817615Z warning: hiding a lifetime that's elided elsewhere is confusing
2026-10-10T05:34:36.3818342Z warning: hiding a lifetime that's elided elsewhere is confusing
2026-10-10T05:34:36.3819291Z warning: hiding a lifetime that's elided elsewhere is confusing
2026-10-10T05:34:36.3820394Z warning: hiding a lifetime that's elided elsewhere is confusing
2026-10-10T05:34:36.3821326Z warning: `yrs` (lib) generated 58 warnings (run `cargo fix --lib -p yrs` to apply 27 suggestions)
2026-10-10T05:34:51.9108823Z ✓ Built build/linux/x64/debug/bundle/tandemlog
2026-10-10T05:34:52.5339003Z dbus-daemon[7101]: [session uid=1001 pid=7101] Activating service name='org.freedesktop.portal.Desktop' requested by ':1.0' (uid=1001 pid=7473 comm="/home/runner/work/tandemlog/tandemlog/build/linux/" label="unconfined")
2026-10-10T05:34:52.5467028Z dbus-daemon[7101]: [session uid=1001 pid=7101] Activating service name='org.freedesktop.portal.Documents' requested by ':1.2' (uid=1001 pid=7478 comm="/usr/libexec/xdg-desktop-portal" label="unconfined")
2026-10-10T05:34:52.5523369Z dbus-daemon[7101]: [session uid=1001 pid=7101] Activating service name='org.freedesktop.impl.portal.PermissionStore' requested by ':1.3' (uid=1001 pid=7484 comm="/usr/libexec/xdg-document-portal" label="unconfined")
2026-10-10T05:34:52.5555662Z dbus-daemon[7101]: [session uid=1001 pid=7101] Successfully activated service 'org.freedesktop.impl.portal.PermissionStore'
2026-10-10T05:34:52.5566745Z dbus-daemon[7101]: [session uid=1001 pid=7101] Successfully activated service 'org.freedesktop.portal.Documents'
2026-10-10T05:34:52.5616109Z Ignoring invalid max threads value 4294967295 > max (100000).
2026-10-10T05:34:52.5631972Z 
2026-10-10T05:34:52.5632738Z (/usr/libexec/xdg-desktop-portal:7478): xdg-desktop-portal-WARNING **: 05:34:52.563: Choosing gtk.portal for org.freedesktop.impl.portal.Lockdown as a last-resort fallback
2026-10-10T05:34:52.5633540Z 
2026-10-10T05:34:52.5634481Z (/usr/libexec/xdg-desktop-portal:7478): xdg-desktop-portal-WARNING **: 05:34:52.563: The preferred method to match portal implementations to desktop environments is to use the portals.conf(5) configuration file
2026-10-10T05:34:52.5636460Z dbus-daemon[7101]: [session uid=1001 pid=7101] Activating service name='org.freedesktop.impl.portal.desktop.gtk' requested by ':1.2' (uid=1001 pid=7478 comm="/usr/libexec/xdg-desktop-portal" label="unconfined")
2026-10-10T05:34:52.5751272Z 
2026-10-10T05:34:52.5752832Z (xdg-desktop-portal-gtk:7501): dbind-WARNING **: 05:34:52.575: AT-SPI: Error retrieving accessibility bus address: org.freedesktop.DBus.Error.ServiceUnknown: The name org.a11y.Bus was not provided by any .service files
2026-10-10T05:34:52.6138300Z dbus-daemon[7101]: [session uid=1001 pid=7101] Successfully activated service 'org.freedesktop.impl.portal.desktop.gtk'
2026-10-10T05:34:52.6171702Z 
2026-10-10T05:34:52.6173202Z (/usr/libexec/xdg-desktop-portal:7478): xdg-desktop-portal-WARNING **: 05:34:52.617: Failed to load RealtimeKit property: GDBus.Error:org.freedesktop.DBus.Error.ServiceUnknown: The name org.freedesktop.RealtimeKit1 was not provided by any .service files
2026-10-10T05:34:52.6174689Z 
2026-10-10T05:34:52.6176018Z (/usr/libexec/xdg-desktop-portal:7478): xdg-desktop-portal-WARNING **: 05:34:52.617: Failed to load RealtimeKit property: GDBus.Error:org.freedesktop.DBus.Error.ServiceUnknown: The name org.freedesktop.RealtimeKit1 was not provided by any .service files
2026-10-10T05:34:52.6177245Z 
2026-10-10T05:34:52.6178059Z (/usr/libexec/xdg-desktop-portal:7478): xdg-desktop-portal-WARNING **: 05:34:52.617: Failed to load RealtimeKit property: GDBus.Error:org.freedesktop.DBus.Error.ServiceUnknown: The name org.freedesktop.RealtimeKit1 was not provided by any .service files
2026-10-10T05:34:52.6178828Z 
2026-10-10T05:34:52.6179394Z (/usr/libexec/xdg-desktop-portal:7478): xdg-desktop-portal-WARNING **: 05:34:52.617: No skeleton to export
2026-10-10T05:34:52.6179770Z 
2026-10-10T05:34:52.6180260Z (/usr/libexec/xdg-desktop-portal:7478): xdg-desktop-portal-WARNING **: 05:34:52.617: Choosing gtk.portal for org.freedesktop.impl.portal.FileChooser as a last-resort fallback
2026-10-10T05:34:52.6185517Z 
2026-10-10T05:34:52.6186434Z (/usr/libexec/xdg-desktop-portal:7478): xdg-desktop-portal-WARNING **: 05:34:52.618: Choosing gtk.portal for org.freedesktop.impl.portal.AppChooser as a last-resort fallback
2026-10-10T05:34:52.6192962Z 
2026-10-10T05:34:52.6193857Z (/usr/libexec/xdg-desktop-portal:7478): xdg-desktop-portal-WARNING **: 05:34:52.619: Choosing gtk.portal for org.freedesktop.impl.portal.Print as a last-resort fallback
2026-10-10T05:34:52.6199895Z 
2026-10-10T05:34:52.6200766Z (/usr/libexec/xdg-desktop-portal:7478): xdg-desktop-portal-WARNING **: 05:34:52.619: Choosing gtk.portal for org.freedesktop.impl.portal.Notification as a last-resort fallback
2026-10-10T05:34:52.6207092Z 
2026-10-10T05:34:52.6208201Z (/usr/libexec/xdg-desktop-portal:7478): xdg-desktop-portal-WARNING **: 05:34:52.620: Choosing gtk.portal for org.freedesktop.impl.portal.Inhibit as a last-resort fallback
2026-10-10T05:34:52.6214540Z 
2026-10-10T05:34:52.6215748Z (/usr/libexec/xdg-desktop-portal:7478): xdg-desktop-portal-WARNING **: 05:34:52.621: Choosing gtk.portal for org.freedesktop.impl.portal.Access as a last-resort fallback
2026-10-10T05:34:52.6237428Z [W][00344.106403] pw.conf      | [          conf.c: 1031 try_load_conf()] can't load config client.conf: No such file or directory
2026-10-10T05:34:52.6238593Z [E][00344.106460] pw.conf      | [          conf.c: 1060 pw_conf_load_conf_for_context()] can't load config client.conf: No such file or directory
2026-10-10T05:34:52.6239055Z 
2026-10-10T05:34:52.6239829Z (/usr/libexec/xdg-desktop-portal:7478): xdg-desktop-portal-WARNING **: 05:34:52.623: Failed connect to PipeWire: Couldn't create PipeWire context
2026-10-10T05:34:52.6240462Z 
2026-10-10T05:34:52.6241313Z (/usr/libexec/xdg-desktop-portal:7478): xdg-desktop-portal-WARNING **: 05:34:52.623: Choosing gtk.portal for org.freedesktop.impl.portal.Account as a last-resort fallback
2026-10-10T05:34:52.6246461Z 
2026-10-10T05:34:52.6247524Z (/usr/libexec/xdg-desktop-portal:7478): xdg-desktop-portal-WARNING **: 05:34:52.624: Choosing gtk.portal for org.freedesktop.impl.portal.Email as a last-resort fallback
2026-10-10T05:34:52.6253462Z 
2026-10-10T05:34:52.6254613Z (/usr/libexec/xdg-desktop-portal:7478): xdg-desktop-portal-WARNING **: 05:34:52.625: Choosing gtk.portal for org.freedesktop.impl.portal.DynamicLauncher as a last-resort fallback
2026-10-10T05:34:52.6263130Z dbus-daemon[7101]: [session uid=1001 pid=7101] Successfully activated service 'org.freedesktop.portal.Desktop'
2026-10-10T05:35:21.7848686Z ##[group]✅ sticky date groups retain drafts, selection and safe edge drops
2026-10-10T05:35:21.7849376Z TANDEMLOG_FIRST_FRAME_MS=287
2026-10-10T05:35:21.7849856Z TANDEMLOG_PHASE identity_lock=0
2026-10-10T05:35:21.7850215Z TANDEMLOG_PHASE sqlite_open_schema=16
2026-10-10T05:35:21.7850599Z TANDEMLOG_PHASE manifest=12
2026-10-10T05:35:21.7850900Z TANDEMLOG_PHASE ingest=170
2026-10-10T05:35:21.7851252Z TANDEMLOG_ROWS {"query_ms":0,"decode_ms":0,"sort_ms":0}
2026-10-10T05:35:21.7851668Z TANDEMLOG_READY_MS=1545 FILES_READ=1
2026-10-10T05:35:21.7852254Z ##[endgroup]
2026-10-10T05:35:22.7748171Z TANDEMLOG_FIRST_FRAME_MS=18
2026-10-10T05:35:23.0391178Z TANDEMLOG_PHASE identity_lock=0
2026-10-10T05:35:23.0546571Z TANDEMLOG_PHASE sqlite_open_schema=15
2026-10-10T05:35:23.0667163Z TANDEMLOG_PHASE manifest=11
2026-10-10T05:35:23.1007639Z TANDEMLOG_PHASE ingest=33
2026-10-10T05:35:23.1315672Z TANDEMLOG_ROWS {"query_ms":0,"decode_ms":0,"sort_ms":0}
2026-10-10T05:35:23.2536656Z TANDEMLOG_READY_MS=497 FILES_READ=1
2026-10-10T05:35:35.4416474Z ##[group]✅ Passing tests
2026-10-10T05:35:35.4416896Z ✅ future start hints update idle, search and resumed local time
2026-10-10T05:35:39.7329978Z ✅ legacy v3 provider replacement blocks retry until exact pending history recovery
2026-10-10T05:35:41.7178538Z ✅ native provider replacement freezes draft and retries the exact canonical receipt
2026-10-10T05:35:42.2547743Z ##[endgroup]
2026-10-10T05:35:42.2548004Z TANDEMLOG_FIRST_FRAME_MS=17
2026-10-10T05:35:42.5206650Z TANDEMLOG_PHASE identity_lock=0
2026-10-10T05:35:42.5372305Z TANDEMLOG_PHASE sqlite_open_schema=16
2026-10-10T05:35:42.5490557Z TANDEMLOG_PHASE manifest=11
2026-10-10T05:35:42.5700405Z TANDEMLOG_PHASE ingest=20
2026-10-10T05:35:42.5943260Z TANDEMLOG_ROWS {"query_ms":0,"decode_ms":0,"sort_ms":0}
2026-10-10T05:35:42.6830657Z TANDEMLOG_READY_MS=445 FILES_READ=1
2026-10-10T05:36:08.4902079Z ##[group]✅ Passing tests
2026-10-10T05:36:08.4902798Z ✅ historical v3 recurrence compatibility: checked completion, failed reopen and Undo
2026-10-10T05:36:08.8026511Z ##[endgroup]
2026-10-10T05:36:08.8026772Z TANDEMLOG_FIRST_FRAME_MS=16
2026-10-10T05:36:09.0659446Z TANDEMLOG_PHASE identity_lock=0
2026-10-10T05:36:09.0817722Z TANDEMLOG_PHASE sqlite_open_schema=15
2026-10-10T05:36:09.0932335Z TANDEMLOG_PHASE manifest=11
2026-10-10T05:36:09.1152941Z TANDEMLOG_PHASE ingest=21
2026-10-10T05:36:09.1437698Z TANDEMLOG_ROWS {"query_ms":0,"decode_ms":0,"sort_ms":0}
2026-10-10T05:36:09.2018097Z TANDEMLOG_READY_MS=415 FILES_READ=1
2026-10-10T05:36:14.3901099Z ##[group]✅ Passing tests
2026-10-10T05:36:14.3901985Z ✅ checkbox focus light 1200.0 x1.0: offline native task
2026-10-10T05:36:14.7017773Z ##[endgroup]
2026-10-10T05:36:14.7018181Z TANDEMLOG_FIRST_FRAME_MS=14
2026-10-10T05:36:14.9517725Z TANDEMLOG_PHASE identity_lock=0
2026-10-10T05:36:14.9671067Z TANDEMLOG_PHASE sqlite_open_schema=15
2026-10-10T05:36:14.9786081Z TANDEMLOG_PHASE manifest=11
2026-10-10T05:36:15.0010211Z TANDEMLOG_PHASE ingest=22
2026-10-10T05:36:15.0286626Z TANDEMLOG_ROWS {"query_ms":0,"decode_ms":0,"sort_ms":0}
2026-10-10T05:36:15.1137633Z TANDEMLOG_READY_MS=426 FILES_READ=1
2026-10-10T05:36:20.7397619Z ##[group]✅ Passing tests
2026-10-10T05:36:20.7398140Z ✅ checkbox focus dark 390.0 x1.0: offline native task
2026-10-10T05:36:21.0345770Z ##[endgroup]
2026-10-10T05:36:21.0346048Z TANDEMLOG_FIRST_FRAME_MS=14
2026-10-10T05:36:21.2807584Z TANDEMLOG_PHASE identity_lock=0
2026-10-10T05:36:21.3121392Z TANDEMLOG_PHASE sqlite_open_schema=31
2026-10-10T05:36:21.3240076Z TANDEMLOG_PHASE manifest=11
2026-10-10T05:36:21.3439612Z TANDEMLOG_PHASE ingest=19
2026-10-10T05:36:21.3720468Z TANDEMLOG_ROWS {"query_ms":0,"decode_ms":0,"sort_ms":0}
2026-10-10T05:36:21.4431533Z TANDEMLOG_READY_MS=423 FILES_READ=1
2026-10-10T05:36:28.2226968Z ##[group]✅ Passing tests
2026-10-10T05:36:28.2227569Z ✅ checkbox focus dark 390.0 x2.0: historical v3 recurrence compatibility
2026-10-10T05:36:29.4016673Z ##[endgroup]
2026-10-10T05:36:29.4016994Z TANDEMLOG_FIRST_FRAME_MS=13
2026-10-10T05:36:29.6511866Z TANDEMLOG_PHASE identity_lock=0
2026-10-10T05:36:29.6666264Z TANDEMLOG_PHASE sqlite_open_schema=15
2026-10-10T05:36:29.6782534Z TANDEMLOG_PHASE manifest=11
2026-10-10T05:36:29.7216014Z TANDEMLOG_PHASE ingest=43
2026-10-10T05:36:29.7414373Z TANDEMLOG_ROWS {"query_ms":0,"decode_ms":0,"sort_ms":0}
2026-10-10T05:36:29.7855040Z TANDEMLOG_READY_MS=397 FILES_READ=1
2026-10-10T05:36:33.0032396Z ##[group]✅ Passing tests
2026-10-10T05:36:33.0033088Z ✅ completion consent progress and admission: cancel
2026-10-10T05:36:34.1803057Z ##[endgroup]
2026-10-10T05:36:34.1803735Z TANDEMLOG_FIRST_FRAME_MS=24
2026-10-10T05:36:34.4266352Z TANDEMLOG_PHASE identity_lock=0
2026-10-10T05:36:34.4418899Z TANDEMLOG_PHASE sqlite_open_schema=15
2026-10-10T05:36:34.4534949Z TANDEMLOG_PHASE manifest=11
2026-10-10T05:36:34.4927635Z TANDEMLOG_PHASE ingest=39
2026-10-10T05:36:34.5108845Z TANDEMLOG_ROWS {"query_ms":0,"decode_ms":0,"sort_ms":0}
2026-10-10T05:36:34.5713477Z TANDEMLOG_READY_MS=416 FILES_READ=2
2026-10-10T05:36:37.6534916Z ##[group]✅ Passing tests
2026-10-10T05:36:37.6535318Z ✅ completion consent progress and admission: barrier
2026-10-10T05:36:38.8338687Z ##[endgroup]
2026-10-10T05:36:38.8338956Z TANDEMLOG_FIRST_FRAME_MS=14
2026-10-10T05:36:39.0534790Z TANDEMLOG_PHASE identity_lock=0
2026-10-10T05:36:39.0824393Z TANDEMLOG_PHASE sqlite_open_schema=28
2026-10-10T05:36:39.0895261Z TANDEMLOG_PHASE manifest=7
2026-10-10T05:36:39.1222789Z TANDEMLOG_PHASE ingest=32
2026-10-10T05:36:39.1478848Z TANDEMLOG_ROWS {"query_ms":0,"decode_ms":0,"sort_ms":0}
2026-10-10T05:36:39.2134693Z TANDEMLOG_READY_MS=394 FILES_READ=2
2026-10-10T05:36:42.4205802Z ##[group]✅ Passing tests
2026-10-10T05:36:42.4206351Z ✅ completion consent progress and admission: escape
2026-10-10T05:36:43.5837135Z ##[endgroup]
2026-10-10T05:36:43.5837487Z TANDEMLOG_FIRST_FRAME_MS=14
2026-10-10T05:36:43.8417573Z TANDEMLOG_PHASE identity_lock=0
2026-10-10T05:36:43.8570064Z TANDEMLOG_PHASE sqlite_open_schema=15
2026-10-10T05:36:43.8684623Z TANDEMLOG_PHASE manifest=11
2026-10-10T05:36:43.9114647Z TANDEMLOG_PHASE ingest=42
2026-10-10T05:36:43.9447874Z TANDEMLOG_ROWS {"query_ms":0,"decode_ms":0,"sort_ms":0}
2026-10-10T05:36:44.0817050Z TANDEMLOG_READY_MS=512 FILES_READ=2
2026-10-10T05:36:47.6375597Z ##[group]✅ Passing tests
2026-10-10T05:36:47.6377132Z ✅ completion consent progress and admission: confirm
2026-10-10T05:36:48.8015655Z ##[endgroup]
2026-10-10T05:36:48.8015913Z TANDEMLOG_FIRST_FRAME_MS=15
2026-10-10T05:36:49.0476634Z TANDEMLOG_PHASE identity_lock=0
2026-10-10T05:36:49.0632282Z TANDEMLOG_PHASE sqlite_open_schema=15
2026-10-10T05:36:49.0747863Z TANDEMLOG_PHASE manifest=11
2026-10-10T05:36:49.1133230Z TANDEMLOG_PHASE ingest=38
2026-10-10T05:36:49.1317467Z TANDEMLOG_ROWS {"query_ms":0,"decode_ms":0,"sort_ms":0}
2026-10-10T05:36:49.1822825Z TANDEMLOG_READY_MS=396 FILES_READ=1
2026-10-10T05:36:52.7540271Z ##[group]✅ Passing tests
2026-10-10T05:36:52.7540757Z ✅ completion consent progress and admission: failure
2026-10-10T05:37:00.4340997Z ##[endgroup]
2026-10-10T05:37:00.4341252Z TANDEMLOG_FIRST_FRAME_MS=14
2026-10-10T05:37:00.6746302Z TANDEMLOG_PHASE identity_lock=0
2026-10-10T05:37:00.7039864Z TANDEMLOG_PHASE sqlite_open_schema=28
2026-10-10T05:37:00.7153479Z TANDEMLOG_PHASE manifest=11
2026-10-10T05:37:00.8518466Z TANDEMLOG_PHASE ingest=136
2026-10-10T05:37:00.8853377Z TANDEMLOG_ROWS {"query_ms":0,"decode_ms":0,"sort_ms":0}
2026-10-10T05:37:01.0870579Z TANDEMLOG_READY_MS=667 FILES_READ=1
2026-10-10T05:37:12.9757283Z ##[group]✅ combined header and stationary selection 390.0 x1.0
2026-10-10T05:37:12.9757988Z HEADER_SELECTION_SEEK {"width":390.0,"text_scale":1.0,"steps":6,"viewport_height":578.0,"offset":1763.0,"max_extent":3585.7837837837833,"row_height":58.0}
2026-10-10T05:37:12.9758711Z ##[endgroup]
2026-10-10T05:37:20.4360643Z TANDEMLOG_FIRST_FRAME_MS=15
2026-10-10T05:37:20.6833848Z TANDEMLOG_PHASE identity_lock=0
2026-10-10T05:37:20.6991527Z TANDEMLOG_PHASE sqlite_open_schema=15
2026-10-10T05:37:20.7106738Z TANDEMLOG_PHASE manifest=11
2026-10-10T05:37:20.8378345Z TANDEMLOG_PHASE ingest=126
2026-10-10T05:37:20.8886033Z TANDEMLOG_ROWS {"query_ms":0,"decode_ms":0,"sort_ms":0}
2026-10-10T05:37:21.0266004Z TANDEMLOG_READY_MS=606 FILES_READ=1
2026-10-10T05:37:36.8085088Z ##[group]✅ combined header and stationary selection 320.0 x2.0
2026-10-10T05:37:36.8085777Z HEADER_SELECTION_SEEK {"width":320.0,"text_scale":2.0,"steps":21,"viewport_height":474.0,"offset":5231.0,"max_extent":10647.538461538461,"row_height":150.0}
2026-10-10T05:37:36.8086488Z ##[endgroup]
2026-10-10T05:37:37.9327855Z TANDEMLOG_FIRST_FRAME_MS=13
2026-10-10T05:37:38.1734209Z TANDEMLOG_PHASE identity_lock=0
2026-10-10T05:37:38.2032252Z TANDEMLOG_PHASE sqlite_open_schema=29
2026-10-10T05:37:38.2147670Z TANDEMLOG_PHASE manifest=11
2026-10-10T05:37:38.2572306Z TANDEMLOG_PHASE ingest=42
2026-10-10T05:37:38.2854308Z TANDEMLOG_ROWS {"query_ms":0,"decode_ms":0,"sort_ms":0}
2026-10-10T05:37:38.3302511Z TANDEMLOG_READY_MS=411 FILES_READ=1
2026-10-10T05:37:59.1748537Z ##[group]✅ Passing tests
2026-10-10T05:37:59.1751346Z ✅ native historical checklist recompletion and Undo keep child text
2026-10-10T05:37:59.5826476Z ##[endgroup]
2026-10-10T05:37:59.5826747Z TANDEMLOG_FIRST_FRAME_MS=13
2026-10-10T05:37:59.8234662Z TANDEMLOG_PHASE identity_lock=0
2026-10-10T05:37:59.8408819Z TANDEMLOG_PHASE sqlite_open_schema=17
2026-10-10T05:37:59.8523991Z TANDEMLOG_PHASE manifest=11
2026-10-10T05:37:59.8754126Z TANDEMLOG_PHASE ingest=22
2026-10-10T05:37:59.9031634Z TANDEMLOG_ROWS {"query_ms":0,"decode_ms":0,"sort_ms":0}
2026-10-10T05:37:59.9802304Z TANDEMLOG_READY_MS=411 FILES_READ=1
2026-10-10T05:38:04.1705949Z ##[group]✅ Passing tests
2026-10-10T05:38:04.1706407Z ✅ native stale bulk failure stays visible desktop-dark
2026-10-10T05:38:04.5851379Z ##[endgroup]
2026-10-10T05:38:04.5851633Z TANDEMLOG_FIRST_FRAME_MS=16
2026-10-10T05:38:04.8399797Z TANDEMLOG_PHASE identity_lock=0
2026-10-10T05:38:04.8553974Z TANDEMLOG_PHASE sqlite_open_schema=15
2026-10-10T05:38:04.8671022Z TANDEMLOG_PHASE manifest=11
2026-10-10T05:38:04.8894234Z TANDEMLOG_PHASE ingest=22
2026-10-10T05:38:04.9169885Z TANDEMLOG_ROWS {"query_ms":0,"decode_ms":0,"sort_ms":0}
2026-10-10T05:38:04.9796656Z TANDEMLOG_READY_MS=411 FILES_READ=1
2026-10-10T05:38:09.2370974Z ##[group]✅ Passing tests
2026-10-10T05:38:09.2371380Z ✅ native stale bulk failure stays visible narrow-dark
2026-10-10T05:38:09.6360210Z ##[endgroup]
2026-10-10T05:38:09.6360471Z TANDEMLOG_FIRST_FRAME_MS=17
2026-10-10T05:38:09.9006273Z TANDEMLOG_PHASE identity_lock=0
2026-10-10T05:38:09.9159636Z TANDEMLOG_PHASE sqlite_open_schema=15
2026-10-10T05:38:09.9275287Z TANDEMLOG_PHASE manifest=11
2026-10-10T05:38:09.9500741Z TANDEMLOG_PHASE ingest=22
2026-10-10T05:38:09.9773330Z TANDEMLOG_ROWS {"query_ms":0,"decode_ms":0,"sort_ms":0}
2026-10-10T05:38:10.0291131Z TANDEMLOG_READY_MS=410 FILES_READ=1
2026-10-10T05:38:14.3539887Z ##[group]✅ Passing tests
2026-10-10T05:38:14.3540455Z ✅ native stale bulk failure stays visible narrow-light-200-ime
2026-10-10T05:38:14.7470572Z ##[endgroup]
2026-10-10T05:38:14.7470846Z TANDEMLOG_FIRST_FRAME_MS=11
2026-10-10T05:38:15.0057466Z TANDEMLOG_PHASE identity_lock=0
2026-10-10T05:38:15.0210408Z TANDEMLOG_PHASE sqlite_open_schema=15
2026-10-10T05:38:15.0323766Z TANDEMLOG_PHASE manifest=11
2026-10-10T05:38:15.0549060Z TANDEMLOG_PHASE ingest=22
2026-10-10T05:38:15.0822225Z TANDEMLOG_ROWS {"query_ms":0,"decode_ms":0,"sort_ms":0}
2026-10-10T05:38:15.1441120Z TANDEMLOG_READY_MS=409 FILES_READ=1
2026-10-10T05:38:19.4705074Z ##[group]✅ Passing tests
2026-10-10T05:38:19.4705526Z ✅ native stale bulk failure stays visible small-dark-200-ime
2026-10-10T05:38:19.8208409Z ##[endgroup]
2026-10-10T05:38:19.8208672Z TANDEMLOG_FIRST_FRAME_MS=18
2026-10-10T05:38:20.0731505Z TANDEMLOG_PHASE identity_lock=0
2026-10-10T05:38:20.0885754Z TANDEMLOG_PHASE sqlite_open_schema=15
2026-10-10T05:38:20.0997824Z TANDEMLOG_PHASE manifest=11
2026-10-10T05:38:20.1245901Z TANDEMLOG_PHASE ingest=24
2026-10-10T05:38:20.1520810Z TANDEMLOG_ROWS {"query_ms":0,"decode_ms":0,"sort_ms":0}
2026-10-10T05:38:20.2295446Z TANDEMLOG_READY_MS=426 FILES_READ=1
2026-10-10T05:38:21.6949774Z ##[group]✅ Passing tests
2026-10-10T05:38:21.6950737Z ✅ Search keeps Undo and text alignment 1200.0 x1.0
2026-10-10T05:38:22.0620871Z ##[endgroup]
2026-10-10T05:38:22.0621125Z TANDEMLOG_FIRST_FRAME_MS=11
2026-10-10T05:38:22.3012669Z TANDEMLOG_PHASE identity_lock=0
2026-10-10T05:38:22.3164233Z TANDEMLOG_PHASE sqlite_open_schema=14
2026-10-10T05:38:22.3405674Z TANDEMLOG_PHASE manifest=24
2026-10-10T05:38:22.3650838Z TANDEMLOG_PHASE ingest=24
2026-10-10T05:38:22.3960390Z TANDEMLOG_ROWS {"query_ms":0,"decode_ms":0,"sort_ms":0}
2026-10-10T05:38:22.4889036Z TANDEMLOG_READY_MS=438 FILES_READ=1
2026-10-10T05:38:24.1779050Z ##[group]✅ Passing tests
2026-10-10T05:38:24.1779750Z ✅ Search keeps Undo and text alignment 1200.0 x2.0
2026-10-10T05:38:24.5299486Z ##[endgroup]
2026-10-10T05:38:24.5299757Z TANDEMLOG_FIRST_FRAME_MS=11
2026-10-10T05:38:24.7681248Z TANDEMLOG_PHASE identity_lock=0
2026-10-10T05:38:24.7833883Z TANDEMLOG_PHASE sqlite_open_schema=15
2026-10-10T05:38:24.8061297Z TANDEMLOG_PHASE manifest=22
2026-10-10T05:38:24.8308746Z TANDEMLOG_PHASE ingest=24
2026-10-10T05:38:24.8612141Z TANDEMLOG_ROWS {"query_ms":0,"decode_ms":0,"sort_ms":0}
2026-10-10T05:38:24.9544255Z TANDEMLOG_READY_MS=435 FILES_READ=1
2026-10-10T05:38:26.6443264Z ##[group]✅ Passing tests
2026-10-10T05:38:26.6443655Z ✅ Search keeps Undo and text alignment 390.0 x1.0
2026-10-10T05:38:26.9803455Z ##[endgroup]
2026-10-10T05:38:26.9803709Z TANDEMLOG_FIRST_FRAME_MS=12
2026-10-10T05:38:27.2219574Z TANDEMLOG_PHASE identity_lock=0
2026-10-10T05:38:27.2487257Z TANDEMLOG_PHASE sqlite_open_schema=26
2026-10-10T05:38:27.2600640Z TANDEMLOG_PHASE manifest=11
2026-10-10T05:38:27.2850366Z TANDEMLOG_PHASE ingest=24
2026-10-10T05:38:27.3210218Z TANDEMLOG_ROWS {"query_ms":0,"decode_ms":0,"sort_ms":0}
2026-10-10T05:38:27.3842830Z TANDEMLOG_READY_MS=415 FILES_READ=1
2026-10-10T05:38:28.8271880Z ##[group]✅ Passing tests
2026-10-10T05:38:28.8272282Z ✅ Search keeps Undo and text alignment 320.0 x2.0
2026-10-10T05:38:28.8849498Z ##[endgroup]
2026-10-10T05:38:28.8850170Z TANDEMLOG_FIRST_FRAME_MS=13
2026-10-10T05:38:29.1706467Z TANDEMLOG_ONBOARDING_READY_MS=301 FILES_READ=0
2026-10-10T05:38:29.5636856Z ##[group]✅ Passing tests
2026-10-10T05:38:29.5637534Z ✅ second instance does not read or write preferences and Retry acquires released lease
2026-10-10T05:38:29.5979618Z ##[endgroup]
2026-10-10T05:38:29.6074947Z TANDEMLOG_FIRST_FRAME_MS=12
2026-10-10T05:38:29.8644667Z ##[group]✅ Passing tests
2026-10-10T05:38:29.8645368Z ✅ interrupted startup releases installation lease after pending work
2026-10-10T05:38:30.2631658Z ##[endgroup]
2026-10-10T05:38:30.2631993Z TANDEMLOG_FIRST_FRAME_MS=11
2026-10-10T05:38:30.5066212Z TANDEMLOG_PHASE identity_lock=0
2026-10-10T05:38:30.5239967Z TANDEMLOG_PHASE sqlite_open_schema=17
2026-10-10T05:38:30.5356409Z TANDEMLOG_PHASE manifest=11
2026-10-10T05:38:30.5577697Z TANDEMLOG_PHASE ingest=22
2026-10-10T05:38:30.5849621Z TANDEMLOG_ROWS {"query_ms":0,"decode_ms":0,"sort_ms":0}
2026-10-10T05:38:30.6610238Z TANDEMLOG_READY_MS=409 FILES_READ=1
2026-10-10T05:38:37.2195757Z ##[group]✅ Passing tests
2026-10-10T05:38:37.2196332Z ✅ Inbox capture cancel edit Undo and history remain coherent
2026-10-10T05:38:37.5143872Z ##[endgroup]
2026-10-10T05:38:37.5144150Z TANDEMLOG_FIRST_FRAME_MS=12
2026-10-10T05:38:37.7576203Z TANDEMLOG_PHASE identity_lock=0
2026-10-10T05:38:37.7753792Z TANDEMLOG_PHASE sqlite_open_schema=17
2026-10-10T05:38:37.7872210Z TANDEMLOG_PHASE manifest=11
2026-10-10T05:38:37.8085924Z TANDEMLOG_PHASE ingest=21
2026-10-10T05:38:37.8271057Z TANDEMLOG_ROWS {"query_ms":0,"decode_ms":0,"sort_ms":0}
2026-10-10T05:38:37.9066270Z TANDEMLOG_READY_MS=404 FILES_READ=1
2026-10-10T05:38:39.2834822Z ##[group]✅ Passing tests
2026-10-10T05:38:39.2835554Z ✅ creation-only prefix keeps immutable capture through background reconciliation
2026-10-10T05:38:39.3130399Z ##[endgroup]
2026-10-10T05:38:39.3130940Z TANDEMLOG_FIRST_FRAME_MS=11
2026-10-10T05:38:39.4522310Z TANDEMLOG_ONBOARDING_READY_MS=149 FILES_READ=0
2026-10-10T05:38:40.3102039Z ##[group]✅ Passing tests
2026-10-10T05:38:40.3102395Z ✅ integrity action requires an open store
2026-10-10T05:38:40.6135965Z ##[endgroup]
2026-10-10T05:38:40.6136223Z TANDEMLOG_FIRST_FRAME_MS=12
2026-10-10T05:38:40.8572952Z TANDEMLOG_PHASE identity_lock=0
2026-10-10T05:38:40.8745071Z TANDEMLOG_PHASE sqlite_open_schema=17
2026-10-10T05:38:40.8862904Z TANDEMLOG_PHASE manifest=11
2026-10-10T05:38:40.9074182Z TANDEMLOG_PHASE ingest=21
2026-10-10T05:38:40.9349708Z TANDEMLOG_ROWS {"query_ms":0,"decode_ms":0,"sort_ms":0}
2026-10-10T05:38:41.0067192Z TANDEMLOG_READY_MS=405 FILES_READ=1
2026-10-10T05:38:50.9695889Z ##[group]✅ Passing tests
2026-10-10T05:38:50.9696794Z ✅ manual integrity preserves drafts Search selection and Undo, imports valid growth, and copies diagnostics
2026-10-10T05:38:51.8140747Z ##[endgroup]
2026-10-10T05:38:51.8141064Z TANDEMLOG_FIRST_FRAME_MS=12
2026-10-10T05:38:52.0571643Z TANDEMLOG_PHASE identity_lock=0
2026-10-10T05:38:52.0726746Z TANDEMLOG_PHASE sqlite_open_schema=15
2026-10-10T05:38:52.0840169Z TANDEMLOG_PHASE manifest=11
2026-10-10T05:38:52.1151749Z TANDEMLOG_PHASE ingest=30
2026-10-10T05:38:52.1424347Z TANDEMLOG_ROWS {"query_ms":0,"decode_ms":0,"sort_ms":0}
2026-10-10T05:38:52.2134346Z TANDEMLOG_READY_MS=411 FILES_READ=1
2026-10-10T05:38:54.4061442Z ##[group]✅ Passing tests
2026-10-10T05:38:54.4062043Z ✅ same-day precision sorts, constrains dragging and retains historical title
2026-10-10T05:38:54.7322966Z ##[endgroup]
2026-10-10T05:38:54.7323457Z TANDEMLOG_FIRST_FRAME_MS=12
2026-10-10T05:38:55.0170749Z TANDEMLOG_PHASE identity_lock=0
2026-10-10T05:38:55.0323312Z TANDEMLOG_PHASE sqlite_open_schema=15
2026-10-10T05:38:55.0437998Z TANDEMLOG_PHASE manifest=11
2026-10-10T05:38:55.0650234Z TANDEMLOG_PHASE ingest=20
2026-10-10T05:38:55.0944048Z TANDEMLOG_ROWS {"query_ms":0,"decode_ms":0,"sort_ms":0}
2026-10-10T05:38:55.1293636Z TANDEMLOG_READY_MS=407 FILES_READ=1
2026-10-10T05:39:05.7024800Z ##[group]✅ Passing tests
2026-10-10T05:39:05.7025429Z ✅ Settings copies the running release name without changing tasks
2026-10-10T05:39:06.0143045Z ##[endgroup]
2026-10-10T05:39:06.0143653Z TANDEMLOG_FIRST_FRAME_MS=12
2026-10-10T05:39:06.3013277Z TANDEMLOG_PHASE identity_lock=0
2026-10-10T05:39:06.3169622Z TANDEMLOG_PHASE sqlite_open_schema=15
2026-10-10T05:39:06.3284629Z TANDEMLOG_PHASE manifest=11
2026-10-10T05:39:06.3492975Z TANDEMLOG_PHASE ingest=20
2026-10-10T05:39:06.3785592Z TANDEMLOG_ROWS {"query_ms":0,"decode_ms":0,"sort_ms":0}
2026-10-10T05:39:06.4079447Z TANDEMLOG_READY_MS=405 FILES_READ=1
2026-10-10T05:39:21.6222983Z ##[group]✅ Passing tests
2026-10-10T05:39:21.6223539Z ✅ optional time rows preserve precision, zone and drafts
2026-10-10T05:39:21.9805932Z ##[endgroup]
2026-10-10T05:39:21.9806202Z TANDEMLOG_FIRST_FRAME_MS=12
2026-10-10T05:39:22.2242763Z TANDEMLOG_PHASE identity_lock=0
2026-10-10T05:39:22.2415975Z TANDEMLOG_PHASE sqlite_open_schema=17
2026-10-10T05:39:22.2530891Z TANDEMLOG_PHASE manifest=11
2026-10-10T05:39:22.2725516Z TANDEMLOG_PHASE ingest=19
2026-10-10T05:39:22.2999708Z TANDEMLOG_ROWS {"query_ms":0,"decode_ms":0,"sort_ms":0}
2026-10-10T05:39:22.3711758Z TANDEMLOG_READY_MS=403 FILES_READ=1
2026-10-10T05:39:29.3314615Z TANDEMLOG_FIRST_FRAME_MS=13
2026-10-10T05:39:29.3403380Z TANDEMLOG_PHASE identity_lock=0
2026-10-10T05:39:29.3643910Z TANDEMLOG_PHASE sqlite_open_schema=23
2026-10-10T05:39:29.3773961Z TANDEMLOG_PHASE manifest=12
2026-10-10T05:39:29.3906723Z TANDEMLOG_PHASE ingest=13
2026-10-10T05:39:29.4194906Z TANDEMLOG_ROWS {"query_ms":0,"decode_ms":0,"sort_ms":0}
2026-10-10T05:39:29.4888948Z TANDEMLOG_READY_MS=170 FILES_READ=0
2026-10-10T05:39:29.7380006Z ##[group]✅ Passing tests
2026-10-10T05:39:29.7380501Z ✅ offline new text, remote draft Save, Undo and explicit legacy setup
2026-10-10T05:39:30.4468903Z ##[endgroup]
2026-10-10T05:39:30.4469374Z TANDEMLOG_FIRST_FRAME_MS=12
2026-10-10T05:39:30.7287061Z TANDEMLOG_PHASE identity_lock=0
2026-10-10T05:39:30.7441690Z TANDEMLOG_PHASE sqlite_open_schema=15
2026-10-10T05:39:30.7553804Z TANDEMLOG_PHASE manifest=11
2026-10-10T05:39:30.7815499Z TANDEMLOG_PHASE ingest=26
2026-10-10T05:39:30.8254163Z TANDEMLOG_ROWS {"query_ms":0,"decode_ms":0,"sort_ms":0}
2026-10-10T05:39:30.9606560Z TANDEMLOG_READY_MS=526 FILES_READ=1
2026-10-10T05:39:32.1164051Z ##[group]✅ Passing tests
2026-10-10T05:39:32.1164555Z ✅ historical successor recompletion completes parent and keeps independent child
2026-10-10T05:39:32.4119602Z ##[endgroup]
2026-10-10T05:39:32.4119942Z TANDEMLOG_FIRST_FRAME_MS=11
2026-10-10T05:39:32.6550930Z TANDEMLOG_PHASE identity_lock=0
2026-10-10T05:39:32.6813965Z TANDEMLOG_PHASE sqlite_open_schema=26
2026-10-10T05:39:32.6927553Z TANDEMLOG_PHASE manifest=11
2026-10-10T05:39:32.7137737Z TANDEMLOG_PHASE ingest=20
2026-10-10T05:39:32.7412235Z TANDEMLOG_ROWS {"query_ms":0,"decode_ms":0,"sort_ms":0}
2026-10-10T05:39:32.8041697Z TANDEMLOG_READY_MS=403 FILES_READ=1
2026-10-10T05:39:35.3888997Z ##[group]✅ Passing tests
2026-10-10T05:39:35.3889856Z ✅ native recurring completion creates one editable inherited successor with receipt Undo
2026-10-10T05:39:35.9492908Z ##[endgroup]
2026-10-10T05:39:35.9493312Z TANDEMLOG_FIRST_FRAME_MS=14
2026-10-10T05:39:36.1891062Z TANDEMLOG_PHASE identity_lock=0
2026-10-10T05:39:36.2161520Z TANDEMLOG_PHASE sqlite_open_schema=26
2026-10-10T05:39:36.2276765Z TANDEMLOG_PHASE manifest=11
2026-10-10T05:39:36.2553958Z TANDEMLOG_PHASE ingest=27
2026-10-10T05:39:36.2830495Z TANDEMLOG_ROWS {"query_ms":0,"decode_ms":0,"sort_ms":0}
2026-10-10T05:39:36.3421679Z TANDEMLOG_READY_MS=407 FILES_READ=1
2026-10-10T05:39:58.4693617Z ##[group]✅ Passing tests
2026-10-10T05:39:58.4694254Z ✅ native checklist desktop dark repeated editors and refreshed completion warning
2026-10-10T05:39:59.0420684Z ##[endgroup]
2026-10-10T05:39:59.0420934Z TANDEMLOG_FIRST_FRAME_MS=22
2026-10-10T05:39:59.2807769Z TANDEMLOG_PHASE identity_lock=0
2026-10-10T05:39:59.3072893Z TANDEMLOG_PHASE sqlite_open_schema=26
2026-10-10T05:39:59.3185589Z TANDEMLOG_PHASE manifest=11
2026-10-10T05:39:59.3470896Z TANDEMLOG_PHASE ingest=28
2026-10-10T05:39:59.3766991Z TANDEMLOG_ROWS {"query_ms":0,"decode_ms":0,"sort_ms":0}
2026-10-10T05:39:59.4228434Z TANDEMLOG_READY_MS=403 FILES_READ=1
2026-10-10T05:40:24.9542312Z ##[group]✅ Passing tests
2026-10-10T05:40:24.9543128Z ✅ native checklist narrow enlarged light repeated editors and refreshed completion warning
2026-10-10T05:40:25.6301484Z ##[endgroup]
2026-10-10T05:40:25.6301873Z TANDEMLOG_FIRST_FRAME_MS=11
2026-10-10T05:40:25.8728693Z TANDEMLOG_PHASE identity_lock=0
2026-10-10T05:40:25.8887570Z TANDEMLOG_PHASE sqlite_open_schema=15
2026-10-10T05:40:25.9005283Z TANDEMLOG_PHASE manifest=11
2026-10-10T05:40:25.9308502Z TANDEMLOG_PHASE ingest=30
2026-10-10T05:40:25.9610301Z TANDEMLOG_ROWS {"query_ms":0,"decode_ms":0,"sort_ms":0}
2026-10-10T05:40:26.0158119Z TANDEMLOG_READY_MS=397 FILES_READ=1
2026-10-10T05:40:35.3526149Z ##[group]✅ Passing tests
2026-10-10T05:40:35.3526617Z ✅ checklist toggle acts directly on shown parents and follows live state
2026-10-10T05:40:36.2660555Z ##[endgroup]
2026-10-10T05:40:36.2660822Z TANDEMLOG_FIRST_FRAME_MS=14
2026-10-10T05:40:36.5061677Z TANDEMLOG_PHASE identity_lock=0
2026-10-10T05:40:36.5214376Z TANDEMLOG_PHASE sqlite_open_schema=15
2026-10-10T05:40:36.5328552Z TANDEMLOG_PHASE manifest=11
2026-10-10T05:40:36.5652623Z TANDEMLOG_PHASE ingest=32
2026-10-10T05:40:36.5927271Z TANDEMLOG_ROWS {"query_ms":0,"decode_ms":0,"sort_ms":0}
2026-10-10T05:40:36.6505786Z TANDEMLOG_READY_MS=399 FILES_READ=1
2026-10-10T05:40:45.0528822Z ##[group]✅ task row inset follows available width including desktop resize
2026-10-10T05:40:45.0530515Z CHECKLIST_DISCLOSURE_GEOMETRY width=599.0 scale=1.0 secondary=true body=Rect.fromLTRB(52.0, 238.0, 499.0, 314.0) target=Rect.fromLTRB(52.0, 314.0, 100.0, 342.0) count=Rect.fromLTRB(65.0, 316.0, 87.8, 336.0) textBottom=314.0
2026-10-10T05:40:45.0532538Z CHECKLIST_DISCLOSURE_GEOMETRY width=599.0 scale=1.0 secondary=false body=Rect.fromLTRB(52.0, 487.0, 499.0, 541.0) target=Rect.fromLTRB(52.0, 541.0, 100.0, 569.0) count=Rect.fromLTRB(65.0, 543.0, 87.8, 563.0) textBottom=541.0
2026-10-10T05:40:45.0534807Z CHECKLIST_DISCLOSURE_GEOMETRY width=1200.0 scale=1.0 secondary=true body=Rect.fromLTRB(68.0, 238.0, 819.4, 286.0) target=Rect.fromLTRB(68.0, 286.0, 116.0, 314.0) count=Rect.fromLTRB(81.0, 288.0, 103.8, 308.0) textBottom=286.0
2026-10-10T05:40:45.0537305Z CHECKLIST_DISCLOSURE_GEOMETRY width=1200.0 scale=1.0 secondary=false body=Rect.fromLTRB(68.0, 459.0, 754.9, 507.0) target=Rect.fromLTRB(68.0, 507.0, 116.0, 535.0) count=Rect.fromLTRB(81.0, 509.0, 103.8, 529.0) textBottom=507.0
2026-10-10T05:40:45.0538633Z CHECKLIST_DISCLOSURE_GEOMETRY width=600.0 scale=1.0 secondary=true body=Rect.fromLTRB(68.0, 238.0, 484.0, 314.0) target=Rect.fromLTRB(68.0, 314.0, 116.0, 342.0) count=Rect.fromLTRB(81.0, 316.0, 103.8, 336.0) textBottom=314.0
2026-10-10T05:40:45.0540272Z CHECKLIST_DISCLOSURE_GEOMETRY width=600.0 scale=1.0 secondary=false body=Rect.fromLTRB(68.0, 487.0, 484.0, 541.0) target=Rect.fromLTRB(68.0, 541.0, 116.0, 569.0) count=Rect.fromLTRB(81.0, 543.0, 103.8, 563.0) textBottom=541.0
2026-10-10T05:40:45.0542153Z CHECKLIST_DISCLOSURE_GEOMETRY width=390.0 scale=1.0 secondary=true body=Rect.fromLTRB(52.0, 238.0, 290.0, 362.0) target=Rect.fromLTRB(52.0, 362.0, 100.0, 390.0) count=Rect.fromLTRB(65.0, 364.0, 87.8, 384.0) textBottom=362.0
2026-10-10T05:40:45.0543582Z CHECKLIST_DISCLOSURE_GEOMETRY width=390.0 scale=1.0 secondary=false body=Rect.fromLTRB(52.0, 575.0, 290.0, 677.0) target=Rect.fromLTRB(52.0, 677.0, 100.0, 705.0) count=Rect.fromLTRB(65.0, 679.0, 87.8, 699.0) textBottom=677.0
2026-10-10T05:40:45.0544837Z CHECKLIST_DISCLOSURE_GEOMETRY width=360.0 scale=2.0 secondary=true body=Rect.fromLTRB(52.0, 286.0, 260.0, 766.0) target=Rect.fromLTRB(52.0, 766.0, 110.4, 814.0) count=Rect.fromLTRB(65.0, 768.0, 110.4, 808.0) textBottom=766.0
2026-10-10T05:40:45.0546375Z CHECKLIST_DISCLOSURE_GEOMETRY width=360.0 scale=2.0 secondary=false body=Rect.fromLTRB(52.0, 505.0, 260.0, 943.0) target=Rect.fromLTRB(52.0, 943.0, 110.4, 991.0) count=Rect.fromLTRB(65.0, 945.0, 110.4, 985.0) textBottom=943.0
2026-10-10T05:40:45.0547771Z CHECKLIST_DISCLOSURE_GEOMETRY width=390.0 scale=2.0 secondary=true body=Rect.fromLTRB(52.0, 238.0, 290.0, 670.0) target=Rect.fromLTRB(52.0, 670.0, 110.4, 718.0) count=Rect.fromLTRB(65.0, 672.0, 110.4, 712.0) textBottom=670.0
2026-10-10T05:40:45.0548999Z CHECKLIST_DISCLOSURE_GEOMETRY width=390.0 scale=2.0 secondary=false body=Rect.fromLTRB(52.0, 553.0, 290.0, 943.0) target=Rect.fromLTRB(52.0, 943.0, 110.4, 991.0) count=Rect.fromLTRB(65.0, 945.0, 110.4, 985.0) textBottom=943.0
2026-10-10T05:40:45.0550669Z CHECKLIST_DISCLOSURE_GEOMETRY width=620.0 scale=1.0 secondary=true body=Rect.fromLTRB(64.0, 238.0, 500.0, 314.0) target=Rect.fromLTRB(64.0, 314.0, 112.0, 342.0) count=Rect.fromLTRB(77.0, 316.0, 99.8, 336.0) textBottom=314.0
2026-10-10T05:40:45.0551920Z CHECKLIST_DISCLOSURE_GEOMETRY width=620.0 scale=1.0 secondary=false body=Rect.fromLTRB(64.0, 487.0, 500.0, 541.0) target=Rect.fromLTRB(64.0, 541.0, 112.0, 569.0) count=Rect.fromLTRB(77.0, 543.0, 99.8, 563.0) textBottom=541.0
2026-10-10T05:40:45.0553156Z CHECKLIST_DISCLOSURE_GEOMETRY width=390.0 scale=1.0 secondary=true body=Rect.fromLTRB(64.0, 238.0, 270.0, 362.0) target=Rect.fromLTRB(64.0, 362.0, 112.0, 390.0) count=Rect.fromLTRB(77.0, 364.0, 99.8, 384.0) textBottom=362.0
2026-10-10T05:40:45.0554801Z CHECKLIST_DISCLOSURE_GEOMETRY width=390.0 scale=1.0 secondary=false body=Rect.fromLTRB(64.0, 575.0, 270.0, 677.0) target=Rect.fromLTRB(64.0, 677.0, 112.0, 705.0) count=Rect.fromLTRB(77.0, 679.0, 99.8, 699.0) textBottom=677.0
2026-10-10T05:40:45.0556108Z ##[endgroup]
2026-10-10T05:40:45.3469297Z TANDEMLOG_FIRST_FRAME_MS=12
2026-10-10T05:40:45.5972798Z TANDEMLOG_PHASE identity_lock=0
2026-10-10T05:40:45.6097325Z TANDEMLOG_PHASE sqlite_open_schema=12
2026-10-10T05:40:45.6214594Z TANDEMLOG_PHASE manifest=11
2026-10-10T05:40:45.6423625Z TANDEMLOG_PHASE ingest=20
2026-10-10T05:40:45.6702243Z TANDEMLOG_ROWS {"query_ms":0,"decode_ms":0,"sort_ms":0}
2026-10-10T05:40:45.7249534Z TANDEMLOG_READY_MS=390 FILES_READ=1
2026-10-10T05:41:01.4200643Z ##[group]✅ Passing tests
2026-10-10T05:41:01.4201069Z ✅ task menu follows live item counts for mouse and keyboard
2026-10-10T05:41:01.8150912Z ##[endgroup]
2026-10-10T05:41:01.8151309Z TANDEMLOG_FIRST_FRAME_MS=13
2026-10-10T05:41:02.0586696Z TANDEMLOG_PHASE identity_lock=0
2026-10-10T05:41:02.0746687Z TANDEMLOG_PHASE sqlite_open_schema=15
2026-10-10T05:41:02.0864110Z TANDEMLOG_PHASE manifest=11
2026-10-10T05:41:02.1064387Z TANDEMLOG_PHASE ingest=19
2026-10-10T05:41:02.1250352Z TANDEMLOG_ROWS {"query_ms":0,"decode_ms":0,"sort_ms":0}
2026-10-10T05:41:02.1959887Z TANDEMLOG_READY_MS=394 FILES_READ=2
2026-10-10T05:41:12.3696823Z ##[group]✅ Passing tests
2026-10-10T05:41:12.3697337Z ✅ task menu refresh failure, keyboard, right click, selected-row Delete and Undo
2026-10-10T05:41:13.0481720Z ##[endgroup]
2026-10-10T05:41:13.0482050Z TANDEMLOG_FIRST_FRAME_MS=25
2026-10-10T05:41:13.2894944Z TANDEMLOG_PHASE identity_lock=0
2026-10-10T05:41:13.3050265Z TANDEMLOG_PHASE sqlite_open_schema=15
2026-10-10T05:41:13.3164653Z TANDEMLOG_PHASE manifest=11
2026-10-10T05:41:13.3449848Z TANDEMLOG_PHASE ingest=28
2026-10-10T05:41:13.3719598Z TANDEMLOG_ROWS {"query_ms":0,"decode_ms":0,"sort_ms":0}
2026-10-10T05:41:13.4291387Z TANDEMLOG_READY_MS=406 FILES_READ=1
2026-10-10T05:41:14.6290443Z TANDEMLOG_FIRST_FRAME_MS=10
2026-10-10T05:41:14.6386630Z TANDEMLOG_PHASE identity_lock=0
2026-10-10T05:41:14.6533823Z TANDEMLOG_PHASE sqlite_open_schema=14
2026-10-10T05:41:14.6642459Z TANDEMLOG_PHASE manifest=10
2026-10-10T05:41:14.6744178Z TANDEMLOG_PHASE ingest=10
2026-10-10T05:41:14.7016985Z TANDEMLOG_ROWS {"query_ms":0,"decode_ms":0,"sort_ms":0}
2026-10-10T05:41:14.7872241Z TANDEMLOG_READY_MS=169 FILES_READ=0
2026-10-10T05:41:23.4867926Z ##[group]✅ inline checklist desktop menu and item ownership
2026-10-10T05:41:23.4869325Z CHECKLIST_TRAILING_GEOMETRY narrow=false menu=Rect.fromLTRB(1088.0, 252.0, 1136.0, 300.0) parent=Rect.fromLTRB(1136.0, 252.0, 1184.0, 300.0) child=Rect.fromLTRB(1136.0, 314.0, 1184.0, 362.0) delete=Rect.fromLTRB(1088.0, 314.0, 1136.0, 362.0)
2026-10-10T05:41:23.4870299Z ##[endgroup]
2026-10-10T05:41:24.1628975Z TANDEMLOG_FIRST_FRAME_MS=11
2026-10-10T05:41:24.4029967Z TANDEMLOG_PHASE identity_lock=0
2026-10-10T05:41:24.4187673Z TANDEMLOG_PHASE sqlite_open_schema=15
2026-10-10T05:41:24.4302714Z TANDEMLOG_PHASE manifest=11
2026-10-10T05:41:24.4603280Z TANDEMLOG_PHASE ingest=29
2026-10-10T05:41:24.4904119Z TANDEMLOG_ROWS {"query_ms":0,"decode_ms":0,"sort_ms":0}
2026-10-10T05:41:24.5467639Z TANDEMLOG_READY_MS=395 FILES_READ=1
2026-10-10T05:41:25.7462479Z TANDEMLOG_FIRST_FRAME_MS=11
2026-10-10T05:41:25.7555982Z TANDEMLOG_PHASE identity_lock=0
2026-10-10T05:41:25.7656589Z TANDEMLOG_PHASE sqlite_open_schema=9
2026-10-10T05:41:25.7769630Z TANDEMLOG_PHASE manifest=11
2026-10-10T05:41:25.7870813Z TANDEMLOG_PHASE ingest=10
2026-10-10T05:41:25.8142106Z TANDEMLOG_ROWS {"query_ms":0,"decode_ms":0,"sort_ms":0}
2026-10-10T05:41:25.9058181Z TANDEMLOG_READY_MS=171 FILES_READ=0
2026-10-10T05:41:35.5697336Z ##[group]✅ inline checklist phone enlarged menu and item ownership
2026-10-10T05:41:35.5698528Z CHECKLIST_TRAILING_GEOMETRY narrow=true menu=Rect.fromLTRB(294.0, 357.0, 342.0, 405.0) parent=Rect.fromLTRB(342.0, 357.0, 390.0, 405.0) child=Rect.fromLTRB(342.0, 456.0, 390.0, 504.0) delete=Rect.fromLTRB(294.0, 456.0, 342.0, 504.0)
2026-10-10T05:41:35.5699680Z ##[endgroup]
2026-10-10T05:41:37.9136961Z TANDEMLOG_FIRST_FRAME_MS=12
2026-10-10T05:41:38.1538268Z TANDEMLOG_PHASE identity_lock=0
2026-10-10T05:41:38.1699481Z TANDEMLOG_PHASE sqlite_open_schema=15
2026-10-10T05:41:38.1816972Z TANDEMLOG_PHASE manifest=11
2026-10-10T05:41:38.2470698Z TANDEMLOG_PHASE ingest=65
2026-10-10T05:41:38.2849810Z TANDEMLOG_ROWS {"query_ms":0,"decode_ms":0,"sort_ms":0}
2026-10-10T05:41:38.4225611Z TANDEMLOG_READY_MS=521 FILES_READ=1
2026-10-10T05:41:54.3369344Z ##[group]✅ disclosure bottom spacing and ink retain compact row geometry
2026-10-10T05:41:54.3370411Z DISCLOSURE_LAYOUT width=1200.0 scale=1.0 secondary=true ordinaryBottom=6.0 disclosureBottom=6.0 body=Rect.fromLTRB(68.0, 355.0, 348.3, 405.0) target=Rect.fromLTRB(68.0, 405.0, 116.0, 433.0) count=Rect.fromLTRB(81.0, 407.0, 103.8, 427.0) shape=ChecklistDisclosureInkBorder()
2026-10-10T05:41:54.3371835Z DISCLOSURE_LAYOUT width=1200.0 scale=1.0 secondary=false ordinaryBottom=6.0 disclosureBottom=6.0 body=Rect.fromLTRB(68.0, 238.0, 283.9, 286.0) target=Rect.fromLTRB(68.0, 286.0, 116.0, 314.0) count=Rect.fromLTRB(81.0, 288.0, 103.8, 308.0) shape=ChecklistDisclosureInkBorder()
2026-10-10T05:41:54.3373536Z DISCLOSURE_LAYOUT width=1200.0 scale=2.0 secondary=true ordinaryBottom=6.0 disclosureBottom=6.0 body=Rect.fromLTRB(68.0, 477.0, 604.1, 571.0) target=Rect.fromLTRB(68.0, 571.0, 126.4, 619.0) count=Rect.fromLTRB(81.0, 573.0, 126.4, 613.0) shape=ChecklistDisclosureInkBorder()
2026-10-10T05:41:54.3374959Z DISCLOSURE_LAYOUT width=1200.0 scale=2.0 secondary=false ordinaryBottom=6.0 disclosureBottom=6.0 body=Rect.fromLTRB(68.0, 314.0, 488.8, 368.0) target=Rect.fromLTRB(68.0, 368.0, 126.4, 416.0) count=Rect.fromLTRB(81.0, 370.0, 126.4, 410.0) shape=ChecklistDisclosureInkBorder()
2026-10-10T05:41:54.3376614Z DISCLOSURE_LAYOUT width=390.0 scale=1.0 secondary=true ordinaryBottom=6.0 disclosureBottom=6.0 body=Rect.fromLTRB(52.0, 355.0, 267.9, 427.0) target=Rect.fromLTRB(52.0, 427.0, 100.0, 455.0) count=Rect.fromLTRB(65.0, 429.0, 87.8, 449.0) shape=ChecklistDisclosureInkBorder()
2026-10-10T05:41:54.3378330Z DISCLOSURE_LAYOUT width=390.0 scale=1.0 secondary=false ordinaryBottom=6.0 disclosureBottom=6.0 body=Rect.fromLTRB(52.0, 238.0, 267.9, 286.0) target=Rect.fromLTRB(52.0, 286.0, 100.0, 314.0) count=Rect.fromLTRB(65.0, 288.0, 87.8, 308.0) shape=ChecklistDisclosureInkBorder()
2026-10-10T05:41:54.3380243Z DISCLOSURE_LAYOUT width=390.0 scale=2.0 secondary=true ordinaryBottom=6.0 disclosureBottom=6.0 body=Rect.fromLTRB(52.0, 363.0, 290.0, 595.0) target=Rect.fromLTRB(52.0, 595.0, 110.4, 643.0) count=Rect.fromLTRB(65.0, 597.0, 110.4, 637.0) shape=ChecklistDisclosureInkBorder()
2026-10-10T05:41:54.3382361Z DISCLOSURE_LAYOUT width=390.0 scale=2.0 secondary=false ordinaryBottom=6.0 disclosureBottom=6.0 body=Rect.fromLTRB(52.0, 306.0, 290.0, 456.0) target=Rect.fromLTRB(52.0, 456.0, 110.4, 504.0) count=Rect.fromLTRB(65.0, 458.0, 110.4, 498.0) shape=ChecklistDisclosureInkBorder()
2026-10-10T05:41:54.3383339Z ##[endgroup]
2026-10-10T05:41:55.4303043Z TANDEMLOG_FIRST_FRAME_MS=12
2026-10-10T05:41:55.6830715Z TANDEMLOG_PHASE identity_lock=0
2026-10-10T05:41:55.6984749Z TANDEMLOG_PHASE sqlite_open_schema=15
2026-10-10T05:41:55.7098212Z TANDEMLOG_PHASE manifest=11
2026-10-10T05:41:55.7376781Z TANDEMLOG_PHASE ingest=27
2026-10-10T05:41:55.7648676Z TANDEMLOG_ROWS {"query_ms":0,"decode_ms":0,"sort_ms":0}
2026-10-10T05:41:55.8234623Z TANDEMLOG_READY_MS=405 FILES_READ=1
2026-10-10T05:42:02.9936412Z ##[group]✅ workspace switch rejects old checklist and menu callbacks with colliding IDs
2026-10-10T05:42:02.9937014Z TANDEMLOG_PHASE identity_lock=0
2026-10-10T05:42:02.9937351Z TANDEMLOG_PHASE sqlite_open_schema=32
2026-10-10T05:42:02.9937674Z TANDEMLOG_PHASE manifest=21
2026-10-10T05:42:02.9937952Z TANDEMLOG_PHASE ingest=44
2026-10-10T05:42:02.9938304Z TANDEMLOG_ROWS {"query_ms":0,"decode_ms":0,"sort_ms":0}
2026-10-10T05:42:02.9938660Z TANDEMLOG_PHASE identity_lock=0
2026-10-10T05:42:02.9938952Z TANDEMLOG_PHASE sqlite_open_schema=10
2026-10-10T05:42:02.9939511Z TANDEMLOG_PHASE manifest=25
2026-10-10T05:42:02.9939808Z TANDEMLOG_PHASE ingest=17
2026-10-10T05:42:02.9940156Z TANDEMLOG_ROWS {"query_ms":0,"decode_ms":0,"sort_ms":0}
2026-10-10T05:42:02.9940729Z ##[endgroup]
2026-10-10T05:42:03.4319565Z TANDEMLOG_FIRST_FRAME_MS=13
2026-10-10T05:42:03.7323209Z TANDEMLOG_PHASE identity_lock=0
2026-10-10T05:42:03.7486868Z TANDEMLOG_PHASE sqlite_open_schema=16
2026-10-10T05:42:03.7603201Z TANDEMLOG_PHASE manifest=11
2026-10-10T05:42:03.7820862Z TANDEMLOG_PHASE ingest=21
2026-10-10T05:42:03.8129857Z TANDEMLOG_ROWS {"query_ms":0,"decode_ms":0,"sort_ms":0}
2026-10-10T05:42:03.9222169Z TANDEMLOG_READY_MS=503 FILES_READ=2
2026-10-10T05:42:06.3482334Z TANDEMLOG_FIRST_FRAME_MS=12
2026-10-10T05:42:06.3725898Z TANDEMLOG_PHASE identity_lock=0
2026-10-10T05:42:06.3935216Z TANDEMLOG_PHASE sqlite_open_schema=20
2026-10-10T05:42:06.4055667Z TANDEMLOG_PHASE manifest=12
2026-10-10T05:42:06.4300244Z TANDEMLOG_PHASE ingest=24
2026-10-10T05:42:06.4575430Z TANDEMLOG_ROWS {"query_ms":0,"decode_ms":0,"sort_ms":0}
2026-10-10T05:42:06.5123602Z TANDEMLOG_READY_MS=176 FILES_READ=2
2026-10-10T05:42:06.7123725Z ##[group]✅ Passing tests
2026-10-10T05:42:06.7124188Z ✅ application disposal during item Save confirmed preserves durable intent
2026-10-10T05:42:07.1629477Z ##[endgroup]
2026-10-10T05:42:07.1630031Z TANDEMLOG_FIRST_FRAME_MS=11
2026-10-10T05:42:07.4502801Z TANDEMLOG_PHASE identity_lock=0
2026-10-10T05:42:07.4657379Z TANDEMLOG_PHASE sqlite_open_schema=15
2026-10-10T05:42:07.4775440Z TANDEMLOG_PHASE manifest=11
2026-10-10T05:42:07.4995116Z TANDEMLOG_PHASE ingest=21
2026-10-10T05:42:07.5196221Z TANDEMLOG_ROWS {"query_ms":0,"decode_ms":0,"sort_ms":0}
2026-10-10T05:42:07.5555163Z TANDEMLOG_READY_MS=403 FILES_READ=1
2026-10-10T05:42:10.0154680Z TANDEMLOG_FIRST_FRAME_MS=11
2026-10-10T05:42:10.0410021Z TANDEMLOG_PHASE identity_lock=0
2026-10-10T05:42:10.0615543Z TANDEMLOG_PHASE sqlite_open_schema=20
2026-10-10T05:42:10.0736272Z TANDEMLOG_PHASE manifest=12
2026-10-10T05:42:10.1061789Z TANDEMLOG_PHASE ingest=32
2026-10-10T05:42:10.1338328Z TANDEMLOG_ROWS {"query_ms":0,"decode_ms":0,"sort_ms":0}
2026-10-10T05:42:10.1747177Z TANDEMLOG_READY_MS=173 FILES_READ=2
2026-10-10T05:42:10.3624352Z ##[group]✅ Passing tests
2026-10-10T05:42:10.3625274Z ✅ application disposal during item Save unknown preserves durable intent
2026-10-10T05:42:10.8123164Z ##[endgroup]
2026-10-10T05:42:10.8123789Z TANDEMLOG_FIRST_FRAME_MS=13
2026-10-10T05:42:11.0963970Z TANDEMLOG_PHASE identity_lock=0
2026-10-10T05:42:11.1115639Z TANDEMLOG_PHASE sqlite_open_schema=15
2026-10-10T05:42:11.1230593Z TANDEMLOG_PHASE manifest=11
2026-10-10T05:42:11.1469549Z TANDEMLOG_PHASE ingest=23
2026-10-10T05:42:11.1751886Z TANDEMLOG_ROWS {"query_ms":0,"decode_ms":0,"sort_ms":0}
2026-10-10T05:42:11.2081555Z TANDEMLOG_READY_MS=409 FILES_READ=1
2026-10-10T05:42:12.4445179Z ##[group]✅ Passing tests
2026-10-10T05:42:12.4445607Z ✅ application disposal finishes item route ownership teardown
2026-10-10T05:42:12.7465611Z ##[endgroup]
2026-10-10T05:42:12.7465862Z TANDEMLOG_FIRST_FRAME_MS=11
2026-10-10T05:42:12.9837732Z TANDEMLOG_PHASE identity_lock=0
2026-10-10T05:42:12.9994437Z TANDEMLOG_PHASE sqlite_open_schema=15
2026-10-10T05:42:13.0222070Z TANDEMLOG_PHASE manifest=22
2026-10-10T05:42:13.0446028Z TANDEMLOG_PHASE ingest=22
2026-10-10T05:42:13.0629439Z TANDEMLOG_ROWS {"query_ms":0,"decode_ms":0,"sort_ms":0}
2026-10-10T05:42:13.1532429Z TANDEMLOG_READY_MS=418 FILES_READ=2
2026-10-10T05:42:16.4519476Z ##[group]✅ Passing tests
2026-10-10T05:42:16.4520125Z ✅ new item late acknowledgement remains frozen until exact Retry Save
2026-10-10T05:42:16.8798331Z ##[endgroup]
2026-10-10T05:42:16.8798591Z TANDEMLOG_FIRST_FRAME_MS=12
2026-10-10T05:42:17.1246655Z TANDEMLOG_PHASE identity_lock=0
2026-10-10T05:42:17.1505173Z TANDEMLOG_PHASE sqlite_open_schema=25
2026-10-10T05:42:17.1619726Z TANDEMLOG_PHASE manifest=11
2026-10-10T05:42:17.1838938Z TANDEMLOG_PHASE ingest=21
2026-10-10T05:42:17.2023708Z TANDEMLOG_ROWS {"query_ms":0,"decode_ms":0,"sort_ms":0}
2026-10-10T05:42:17.2724626Z TANDEMLOG_READY_MS=404 FILES_READ=2
2026-10-10T05:42:20.3858216Z ##[group]✅ Passing tests
2026-10-10T05:42:20.3858728Z ✅ task Undo waits for item route and native lease teardown once
2026-10-10T05:42:20.9106267Z ##[endgroup]
2026-10-10T05:42:20.9106537Z TANDEMLOG_FIRST_FRAME_MS=13
2026-10-10T05:42:21.1428217Z TANDEMLOG_PHASE identity_lock=0
2026-10-10T05:42:21.1582668Z TANDEMLOG_PHASE sqlite_open_schema=15
2026-10-10T05:42:21.1802703Z TANDEMLOG_PHASE manifest=21
2026-10-10T05:42:21.2020530Z TANDEMLOG_PHASE ingest=21
2026-10-10T05:42:21.2225234Z TANDEMLOG_ROWS {"query_ms":0,"decode_ms":0,"sort_ms":0}
2026-10-10T05:42:21.3038869Z TANDEMLOG_READY_MS=407 FILES_READ=2
2026-10-10T05:42:23.5354971Z ##[group]✅ Passing tests
2026-10-10T05:42:23.5355682Z ✅ user switch waits only for item Save and route teardown
2026-10-10T05:42:24.0456751Z ##[endgroup]
2026-10-10T05:42:24.0457006Z TANDEMLOG_FIRST_FRAME_MS=11
2026-10-10T05:42:24.2854550Z TANDEMLOG_PHASE identity_lock=0
2026-10-10T05:42:24.3009599Z TANDEMLOG_PHASE sqlite_open_schema=15
2026-10-10T05:42:24.3233163Z TANDEMLOG_PHASE manifest=22
2026-10-10T05:42:24.3594563Z TANDEMLOG_PHASE ingest=34
2026-10-10T05:42:24.3899601Z TANDEMLOG_ROWS {"query_ms":0,"decode_ms":0,"sort_ms":0}
2026-10-10T05:42:24.4531853Z TANDEMLOG_READY_MS=419 FILES_READ=2
2026-10-10T05:42:26.8517755Z ##[group]✅ Passing tests
2026-10-10T05:42:26.8518303Z ✅ user switch saves private item before changing identity
2026-10-10T05:42:27.2456381Z ##[endgroup]
2026-10-10T05:42:27.2456671Z TANDEMLOG_FIRST_FRAME_MS=11
2026-10-10T05:42:27.5020033Z TANDEMLOG_PHASE identity_lock=0
2026-10-10T05:42:27.5175209Z TANDEMLOG_PHASE sqlite_open_schema=15
2026-10-10T05:42:27.5292538Z TANDEMLOG_PHASE manifest=11
2026-10-10T05:42:27.5515912Z TANDEMLOG_PHASE ingest=22
2026-10-10T05:42:27.5785518Z TANDEMLOG_ROWS {"query_ms":0,"decode_ms":0,"sort_ms":0}
2026-10-10T05:42:27.6386675Z TANDEMLOG_READY_MS=404 FILES_READ=1
2026-10-10T05:42:31.9525607Z ##[group]✅ Passing tests
2026-10-10T05:42:31.9526624Z ✅ native bulk named apply persists only Due time desktop-dark
2026-10-10T05:42:32.3465126Z ##[endgroup]
2026-10-10T05:42:32.3465425Z TANDEMLOG_FIRST_FRAME_MS=11
2026-10-10T05:42:32.5995279Z TANDEMLOG_PHASE identity_lock=0
2026-10-10T05:42:32.6147935Z TANDEMLOG_PHASE sqlite_open_schema=15
2026-10-10T05:42:32.6261368Z TANDEMLOG_PHASE manifest=11
2026-10-10T05:42:32.6488495Z TANDEMLOG_PHASE ingest=22
2026-10-10T05:42:32.6763790Z TANDEMLOG_ROWS {"query_ms":0,"decode_ms":0,"sort_ms":0}
2026-10-10T05:42:32.7400350Z TANDEMLOG_READY_MS=405 FILES_READ=1
2026-10-10T05:42:37.2523709Z ##[group]✅ Passing tests
2026-10-10T05:42:37.2524285Z ✅ native bulk named apply persists only Due time narrow-light-200
2026-10-10T05:42:37.6737374Z ##[endgroup]
2026-10-10T05:42:37.6737738Z TANDEMLOG_FIRST_FRAME_MS=19
2026-10-10T05:42:37.9264867Z TANDEMLOG_PHASE identity_lock=0
2026-10-10T05:42:37.9527421Z TANDEMLOG_PHASE sqlite_open_schema=26
2026-10-10T05:42:37.9641815Z TANDEMLOG_PHASE manifest=11
2026-10-10T05:42:37.9850384Z TANDEMLOG_PHASE ingest=20
2026-10-10T05:42:38.0121452Z TANDEMLOG_ROWS {"query_ms":0,"decode_ms":0,"sort_ms":0}
2026-10-10T05:42:38.0691777Z TANDEMLOG_READY_MS=415 FILES_READ=1
2026-10-10T05:42:42.7554424Z ##[group]✅ Passing tests
2026-10-10T05:42:42.7554773Z ✅ native field spacing 1200.0/1.0
2026-10-10T05:42:43.1473554Z ##[endgroup]
2026-10-10T05:42:43.1473835Z TANDEMLOG_FIRST_FRAME_MS=12
2026-10-10T05:42:43.4140148Z TANDEMLOG_PHASE identity_lock=0
2026-10-10T05:42:43.4296128Z TANDEMLOG_PHASE sqlite_open_schema=15
2026-10-10T05:42:43.4411493Z TANDEMLOG_PHASE manifest=11
2026-10-10T05:42:43.4622890Z TANDEMLOG_PHASE ingest=21
2026-10-10T05:42:43.4896003Z TANDEMLOG_ROWS {"query_ms":0,"decode_ms":0,"sort_ms":0}
2026-10-10T05:42:43.5373439Z TANDEMLOG_READY_MS=402 FILES_READ=1
2026-10-10T05:42:48.3218701Z ##[group]✅ Passing tests
2026-10-10T05:42:48.3219279Z ✅ native field spacing 390.0/1.0
2026-10-10T05:42:48.7132009Z ##[endgroup]
2026-10-10T05:42:48.7132285Z TANDEMLOG_FIRST_FRAME_MS=12
2026-10-10T05:42:48.9767405Z TANDEMLOG_PHASE identity_lock=0
2026-10-10T05:42:48.9921304Z TANDEMLOG_PHASE sqlite_open_schema=15
2026-10-10T05:42:49.0037205Z TANDEMLOG_PHASE manifest=11
2026-10-10T05:42:49.0252842Z TANDEMLOG_PHASE ingest=21
2026-10-10T05:42:49.0525270Z TANDEMLOG_ROWS {"query_ms":0,"decode_ms":0,"sort_ms":0}
2026-10-10T05:42:49.1049761Z TANDEMLOG_READY_MS=404 FILES_READ=1
2026-10-10T05:42:54.0061809Z ##[group]✅ Passing tests
2026-10-10T05:42:54.0062173Z ✅ native field spacing 390.0/2.0
2026-10-10T05:42:54.8974423Z ##[endgroup]
2026-10-10T05:42:54.8974705Z TANDEMLOG_FIRST_FRAME_MS=12
2026-10-10T05:42:55.1389499Z TANDEMLOG_PHASE identity_lock=0
2026-10-10T05:42:55.1658257Z TANDEMLOG_PHASE sqlite_open_schema=26
2026-10-10T05:42:55.1773717Z TANDEMLOG_PHASE manifest=11
2026-10-10T05:42:55.2022996Z TANDEMLOG_PHASE ingest=24
2026-10-10T05:42:55.2297583Z TANDEMLOG_ROWS {"query_ms":0,"decode_ms":0,"sort_ms":0}
2026-10-10T05:42:55.2914867Z TANDEMLOG_READY_MS=406 FILES_READ=1
2026-10-10T05:43:11.8227673Z ##[group]✅ Passing tests
2026-10-10T05:43:11.8228184Z ✅ shared tag editing and filtering desktop-dark
2026-10-10T05:43:12.6974998Z ##[endgroup]
2026-10-10T05:43:12.6975252Z TANDEMLOG_FIRST_FRAME_MS=12
2026-10-10T05:43:12.9377071Z TANDEMLOG_PHASE identity_lock=0
2026-10-10T05:43:12.9640608Z TANDEMLOG_PHASE sqlite_open_schema=26
2026-10-10T05:43:12.9754911Z TANDEMLOG_PHASE manifest=11
2026-10-10T05:43:13.0001766Z TANDEMLOG_PHASE ingest=24
2026-10-10T05:43:13.0358902Z TANDEMLOG_ROWS {"query_ms":0,"decode_ms":0,"sort_ms":0}
2026-10-10T05:43:13.0940442Z TANDEMLOG_READY_MS=409 FILES_READ=1
2026-10-10T05:43:31.1398595Z ##[group]✅ Passing tests
2026-10-10T05:43:31.1399325Z ✅ shared tag editing and filtering narrow-dark
2026-10-10T05:43:32.0468759Z ##[endgroup]
2026-10-10T05:43:32.0469019Z TANDEMLOG_FIRST_FRAME_MS=12
2026-10-10T05:43:32.2855550Z TANDEMLOG_PHASE identity_lock=0
2026-10-10T05:43:32.3013236Z TANDEMLOG_PHASE sqlite_open_schema=15
2026-10-10T05:43:32.3235388Z TANDEMLOG_PHASE manifest=22
2026-10-10T05:43:32.3481543Z TANDEMLOG_PHASE ingest=24
2026-10-10T05:43:32.3834797Z TANDEMLOG_ROWS {"query_ms":0,"decode_ms":0,"sort_ms":0}
2026-10-10T05:43:32.4569051Z TANDEMLOG_READY_MS=422 FILES_READ=1
2026-10-10T05:43:52.0225520Z ##[group]✅ Passing tests
2026-10-10T05:43:52.0226168Z ✅ shared tag editing and filtering narrow-light-200
2026-10-10T05:43:52.3321469Z ##[endgroup]
2026-10-10T05:43:52.3321731Z TANDEMLOG_FIRST_FRAME_MS=14
2026-10-10T05:43:52.5696557Z TANDEMLOG_PHASE identity_lock=0
2026-10-10T05:43:52.5954681Z TANDEMLOG_PHASE sqlite_open_schema=25
2026-10-10T05:43:52.6067324Z TANDEMLOG_PHASE manifest=11
2026-10-10T05:43:52.6291128Z TANDEMLOG_PHASE ingest=22
2026-10-10T05:43:52.6471429Z TANDEMLOG_ROWS {"query_ms":0,"decode_ms":0,"sort_ms":0}
2026-10-10T05:43:52.7194766Z TANDEMLOG_READY_MS=402 FILES_READ=2
2026-10-10T05:43:54.6195381Z ##[group]✅ Passing tests
2026-10-10T05:43:54.6195900Z ✅ queued task capture cannot append after reconciliation discovers shared authority loss
2026-10-10T05:43:54.9121368Z ##[endgroup]
2026-10-10T05:43:54.9121619Z TANDEMLOG_FIRST_FRAME_MS=11
2026-10-10T05:43:55.1511347Z TANDEMLOG_PHASE identity_lock=0
2026-10-10T05:43:55.1666440Z TANDEMLOG_PHASE sqlite_open_schema=15
2026-10-10T05:43:55.1886348Z TANDEMLOG_PHASE manifest=21
2026-10-10T05:43:55.2138096Z TANDEMLOG_PHASE ingest=24
2026-10-10T05:43:55.2332232Z TANDEMLOG_ROWS {"query_ms":0,"decode_ms":0,"sort_ms":0}
2026-10-10T05:43:55.3183743Z TANDEMLOG_READY_MS=417 FILES_READ=2
2026-10-10T05:43:57.3527530Z ##[group]✅ Passing tests
2026-10-10T05:43:57.3528648Z ✅ shared recovery retains private task editor draft and rejects a retained Save
2026-10-10T05:43:57.6460875Z ##[endgroup]
2026-10-10T05:43:57.6461138Z TANDEMLOG_FIRST_FRAME_MS=11
2026-10-10T05:43:57.8844276Z TANDEMLOG_PHASE identity_lock=0
2026-10-10T05:43:57.8995699Z TANDEMLOG_PHASE sqlite_open_schema=14
2026-10-10T05:43:57.9212012Z TANDEMLOG_PHASE manifest=21
2026-10-10T05:43:57.9484954Z TANDEMLOG_PHASE ingest=26
2026-10-10T05:43:57.9672795Z TANDEMLOG_ROWS {"query_ms":0,"decode_ms":0,"sort_ms":0}
2026-10-10T05:43:58.0521747Z TANDEMLOG_READY_MS=417 FILES_READ=2
2026-10-10T05:44:01.7035303Z ##[group]✅ Passing tests
2026-10-10T05:44:01.7035788Z ✅ restored exact manifest resumes the same draft after guarded repeated Retry
2026-10-10T05:44:01.9964581Z ##[endgroup]
2026-10-10T05:44:01.9964849Z TANDEMLOG_FIRST_FRAME_MS=12
2026-10-10T05:44:02.2374719Z TANDEMLOG_PHASE identity_lock=0
2026-10-10T05:44:02.2640972Z TANDEMLOG_PHASE sqlite_open_schema=26
2026-10-10T05:44:02.2762900Z TANDEMLOG_PHASE manifest=12
2026-10-10T05:44:02.2979373Z TANDEMLOG_PHASE ingest=21
2026-10-10T05:44:02.3532310Z TANDEMLOG_ROWS {"query_ms":0,"decode_ms":0,"sort_ms":0}
2026-10-10T05:44:02.3849905Z TANDEMLOG_READY_MS=400 FILES_READ=1
2026-10-10T05:44:04.7191074Z ##[group]✅ Passing tests
2026-10-10T05:44:04.7191662Z ✅ isolated Food startup failure keeps Tasks writable and retries only Food
2026-10-10T05:44:05.0143869Z ##[endgroup]
2026-10-10T05:44:05.0144118Z TANDEMLOG_FIRST_FRAME_MS=12
2026-10-10T05:44:05.2714653Z TANDEMLOG_PHASE identity_lock=0
2026-10-10T05:44:05.2869679Z TANDEMLOG_PHASE sqlite_open_schema=15
2026-10-10T05:44:05.2982872Z TANDEMLOG_PHASE manifest=11
2026-10-10T05:44:05.3191367Z TANDEMLOG_PHASE ingest=20
2026-10-10T05:44:05.3464135Z TANDEMLOG_ROWS {"query_ms":0,"decode_ms":0,"sort_ms":0}
2026-10-10T05:44:05.4052894Z TANDEMLOG_READY_MS=404 FILES_READ=1
2026-10-10T05:44:09.7805032Z TANDEMLOG_FIRST_FRAME_MS=12
2026-10-10T05:44:09.7894061Z TANDEMLOG_PHASE identity_lock=0
2026-10-10T05:44:09.8127037Z TANDEMLOG_PHASE sqlite_open_schema=23
2026-10-10T05:44:09.8246242Z TANDEMLOG_PHASE manifest=11
2026-10-10T05:44:09.8360172Z TANDEMLOG_PHASE ingest=11
2026-10-10T05:44:09.8749711Z TANDEMLOG_ROWS {"query_ms":0,"decode_ms":0,"sort_ms":0}
2026-10-10T05:44:09.9666044Z TANDEMLOG_READY_MS=198 FILES_READ=0
2026-10-10T05:44:12.7023920Z ##[group]✅ Passing tests
2026-10-10T05:44:12.7024372Z ✅ production Food navigation persists Deleted and restores after restart
2026-10-10T05:44:13.0991146Z ##[endgroup]
2026-10-10T05:44:13.0991406Z TANDEMLOG_FIRST_FRAME_MS=12
2026-10-10T05:44:13.3861422Z TANDEMLOG_PHASE identity_lock=0
2026-10-10T05:44:13.4013716Z TANDEMLOG_PHASE sqlite_open_schema=15
2026-10-10T05:44:13.4126506Z TANDEMLOG_PHASE manifest=11
2026-10-10T05:44:13.4347676Z TANDEMLOG_PHASE ingest=21
2026-10-10T05:44:13.4736421Z TANDEMLOG_ROWS {"query_ms":0,"decode_ms":0,"sort_ms":0}
2026-10-10T05:44:13.5963233Z TANDEMLOG_READY_MS=510 FILES_READ=1
2026-10-10T05:44:47.8724343Z ##[group]✅ Passing tests
2026-10-10T05:44:47.8724963Z ✅ phone single and bulk editors keep fields usable with the IME
2026-10-10T05:44:48.2862254Z ##[endgroup]
2026-10-10T05:44:48.2862738Z TANDEMLOG_FIRST_FRAME_MS=15
2026-10-10T05:44:48.5531165Z TANDEMLOG_PHASE identity_lock=0
2026-10-10T05:44:48.5684016Z TANDEMLOG_PHASE sqlite_open_schema=15
2026-10-10T05:44:48.5757527Z TANDEMLOG_PHASE manifest=7
2026-10-10T05:44:48.5911150Z TANDEMLOG_PHASE ingest=15
2026-10-10T05:44:48.6123490Z TANDEMLOG_ROWS {"query_ms":0,"decode_ms":0,"sort_ms":0}
2026-10-10T05:44:48.6534977Z TANDEMLOG_READY_MS=382 FILES_READ=1
2026-10-10T05:44:55.9306400Z TANDEMLOG_FIRST_FRAME_MS=11
2026-10-10T05:44:55.9508942Z TANDEMLOG_PHASE identity_lock=0
2026-10-10T05:44:55.9609613Z TANDEMLOG_PHASE sqlite_open_schema=10
2026-10-10T05:44:55.9722425Z TANDEMLOG_PHASE manifest=11
2026-10-10T05:44:55.9827001Z TANDEMLOG_PHASE ingest=10
2026-10-10T05:44:56.0197177Z TANDEMLOG_ROWS {"query_ms":0,"decode_ms":0,"sort_ms":0}
2026-10-10T05:44:56.0874656Z TANDEMLOG_READY_MS=167 FILES_READ=0
2026-10-10T05:45:04.9244665Z ##[group]✅ Passing tests
2026-10-10T05:45:04.9245236Z ✅ phone tag dropdown stays tappable above an open keyboard
2026-10-10T05:45:06.2957777Z ##[endgroup]
2026-10-10T05:45:06.2958534Z TANDEMLOG_FIRST_FRAME_MS=11
2026-10-10T05:45:06.5695069Z TANDEMLOG_PHASE identity_lock=0
2026-10-10T05:45:06.5847462Z TANDEMLOG_PHASE sqlite_open_schema=14
2026-10-10T05:45:06.5961332Z TANDEMLOG_PHASE manifest=11
2026-10-10T05:45:06.6260367Z TANDEMLOG_PHASE ingest=29
2026-10-10T05:45:06.6764038Z TANDEMLOG_ROWS {"query_ms":0,"decode_ms":0,"sort_ms":0}
2026-10-10T05:45:06.7969313Z TANDEMLOG_READY_MS=511 FILES_READ=1
2026-10-10T05:45:40.9493853Z ##[group]✅ Passing tests
2026-10-10T05:45:40.9494504Z ✅ multi-tag selection bulk editing deletion and guarded editor sessions
2026-10-10T05:45:42.4625632Z ##[endgroup]
2026-10-10T05:45:42.4625926Z TANDEMLOG_FIRST_FRAME_MS=11
2026-10-10T05:45:42.7001177Z TANDEMLOG_PHASE identity_lock=0
2026-10-10T05:45:42.7156874Z TANDEMLOG_PHASE sqlite_open_schema=15
2026-10-10T05:45:42.7272001Z TANDEMLOG_PHASE manifest=11
2026-10-10T05:45:42.7563168Z TANDEMLOG_PHASE ingest=29
2026-10-10T05:45:42.7844036Z TANDEMLOG_ROWS {"query_ms":0,"decode_ms":0,"sort_ms":0}
2026-10-10T05:45:42.8613434Z TANDEMLOG_READY_MS=410 FILES_READ=1
2026-10-10T05:45:52.0221766Z ##[group]✅ Passing tests
2026-10-10T05:45:52.0222455Z ✅ workspace search preserves filters drafts and completion sections
2026-10-10T05:45:52.0627250Z ##[endgroup]
2026-10-10T05:45:52.0627562Z TANDEMLOG_FIRST_FRAME_MS=11
2026-10-10T05:45:52.4971623Z TANDEMLOG_FIRST_FRAME_MS=11
2026-10-10T05:45:52.5250605Z TANDEMLOG_PHASE identity_lock=0
2026-10-10T05:45:52.5512624Z TANDEMLOG_PHASE sqlite_open_schema=26
2026-10-10T05:45:52.5666769Z TANDEMLOG_PHASE manifest=15
2026-10-10T05:45:52.5851189Z TANDEMLOG_PHASE ingest=18
2026-10-10T05:45:52.6123316Z TANDEMLOG_ROWS {"query_ms":0,"decode_ms":0,"sort_ms":0}
2026-10-10T05:45:52.6459634Z TANDEMLOG_ONBOARDING_READY_MS=160 FILES_READ=0
2026-10-10T05:46:10.4165952Z TANDEMLOG_FIRST_FRAME_MS=14
2026-10-10T05:46:10.4494448Z TANDEMLOG_PHASE identity_lock=0
2026-10-10T05:46:10.4592382Z TANDEMLOG_PHASE sqlite_open_schema=9
2026-10-10T05:46:10.4701676Z TANDEMLOG_PHASE manifest=10
2026-10-10T05:46:10.4815663Z TANDEMLOG_PHASE ingest=11
2026-10-10T05:46:10.5081790Z TANDEMLOG_ROWS {"query_ms":0,"decode_ms":0,"sort_ms":0}
2026-10-10T05:46:10.5716135Z TANDEMLOG_READY_MS=169 FILES_READ=0
2026-10-10T05:46:13.1438041Z ##[group]✅ Passing tests
2026-10-10T05:46:13.1438644Z ✅ native capture, edit, completion, undo, restart and error recovery
2026-10-10T05:46:13.1842051Z ##[endgroup]
2026-10-10T05:46:13.1842346Z TANDEMLOG_FIRST_FRAME_MS=12
2026-10-10T05:46:13.3018571Z TANDEMLOG_ONBOARDING_READY_MS=129 FILES_READ=0
2026-10-10T05:46:16.9976688Z TANDEMLOG_FIRST_FRAME_MS=12
2026-10-10T05:46:17.1208675Z TANDEMLOG_ONBOARDING_READY_MS=135 FILES_READ=0
2026-10-10T05:46:28.2504356Z TANDEMLOG_FIRST_FRAME_MS=11
2026-10-10T05:46:28.2656535Z TANDEMLOG_PHASE identity_lock=0
2026-10-10T05:46:28.2755788Z TANDEMLOG_PHASE sqlite_open_schema=9
2026-10-10T05:46:28.2887916Z TANDEMLOG_PHASE manifest=13
2026-10-10T05:46:28.3002751Z TANDEMLOG_PHASE ingest=11
2026-10-10T05:46:28.3356323Z TANDEMLOG_ROWS {"query_ms":0,"decode_ms":0,"sort_ms":0}
2026-10-10T05:46:28.3841522Z TANDEMLOG_READY_MS=148 FILES_READ=0
2026-10-10T05:46:29.0107392Z ##[group]✅ desktop onboarding, live theme, inline retry and folder actions
2026-10-10T05:46:29.0107967Z TANDEMLOG_PHASE identity_lock=0
2026-10-10T05:46:29.0108240Z TANDEMLOG_PHASE sqlite_open_schema=11
2026-10-10T05:46:29.0108519Z TANDEMLOG_PHASE manifest=13
2026-10-10T05:46:29.0108763Z TANDEMLOG_PHASE ingest=11
2026-10-10T05:46:29.0109039Z TANDEMLOG_ROWS {"query_ms":0,"decode_ms":0,"sort_ms":0}
2026-10-10T05:46:29.0109514Z TANDEMLOG_PHASE identity_lock=0
2026-10-10T05:46:29.0109908Z ##[endgroup]
2026-10-10T05:46:29.2128361Z TANDEMLOG_FIRST_FRAME_MS=10
2026-10-10T05:46:29.5171718Z TANDEMLOG_PHASE identity_lock=0
2026-10-10T05:46:29.5327698Z TANDEMLOG_PHASE sqlite_open_schema=15
2026-10-10T05:46:29.5441495Z TANDEMLOG_PHASE manifest=11
2026-10-10T05:46:29.5631317Z TANDEMLOG_PHASE ingest=18
2026-10-10T05:46:29.6038066Z TANDEMLOG_ROWS {"query_ms":0,"decode_ms":0,"sort_ms":0}
2026-10-10T05:46:29.7142044Z TANDEMLOG_READY_MS=511 FILES_READ=1
2026-10-10T05:46:38.4822958Z ##[group]✅ Passing tests
2026-10-10T05:46:38.4823443Z ✅ explicit Add finalizes composing drafts once while Enter leaves IME candidates alone
2026-10-10T05:46:38.7846847Z ##[endgroup]
2026-10-10T05:46:38.7847251Z TANDEMLOG_FIRST_FRAME_MS=15
2026-10-10T05:46:39.0580951Z TANDEMLOG_PHASE identity_lock=0
2026-10-10T05:46:39.0738439Z TANDEMLOG_PHASE sqlite_open_schema=15
2026-10-10T05:46:39.0853523Z TANDEMLOG_PHASE manifest=11
2026-10-10T05:46:39.1061686Z TANDEMLOG_PHASE ingest=20
2026-10-10T05:46:39.1464992Z TANDEMLOG_ROWS {"query_ms":0,"decode_ms":0,"sort_ms":0}
2026-10-10T05:46:39.2715708Z TANDEMLOG_READY_MS=502 FILES_READ=1
2026-10-10T05:46:49.9558724Z ##[group]✅ Passing tests
2026-10-10T05:46:49.9560106Z ✅ automatic imports preserve edit/capture buffers and keyboard submission
2026-10-10T05:46:50.2963771Z ##[endgroup]
2026-10-10T05:46:50.2964034Z TANDEMLOG_FIRST_FRAME_MS=11
2026-10-10T05:46:50.4179848Z TANDEMLOG_ONBOARDING_READY_MS=133 FILES_READ=0
2026-10-10T05:46:51.2637784Z TANDEMLOG_FIRST_FRAME_MS=12
2026-10-10T05:46:51.2695236Z TANDEMLOG_PHASE identity_lock=0
2026-10-10T05:46:51.2898114Z TANDEMLOG_PHASE sqlite_open_schema=20
2026-10-10T05:46:51.3007622Z TANDEMLOG_PHASE manifest=10
2026-10-10T05:46:51.3108941Z TANDEMLOG_PHASE ingest=10
2026-10-10T05:46:51.3428350Z TANDEMLOG_ROWS {"query_ms":0,"decode_ms":0,"sort_ms":0}
2026-10-10T05:46:51.4079303Z TANDEMLOG_READY_MS=154 FILES_READ=0
2026-10-10T05:46:51.6939854Z ##[group]✅ desktop Start retains legacy default data after settings reset
2026-10-10T05:46:51.6940295Z TANDEMLOG_PHASE identity_lock=0
2026-10-10T05:46:51.6940556Z TANDEMLOG_PHASE sqlite_open_schema=21
2026-10-10T05:46:51.6940824Z TANDEMLOG_PHASE manifest=20
2026-10-10T05:46:51.6941062Z TANDEMLOG_PHASE ingest=46
2026-10-10T05:46:51.6941343Z TANDEMLOG_ROWS {"query_ms":0,"decode_ms":0,"sort_ms":0}
2026-10-10T05:46:51.6941839Z ##[endgroup]
2026-10-10T05:46:51.7349780Z TANDEMLOG_FIRST_FRAME_MS=12
2026-10-10T05:46:52.0047259Z TANDEMLOG_PHASE identity_lock=0
2026-10-10T05:46:52.9268154Z ##[group]✅ missing saved workspace does not silently create a default
2026-10-10T05:46:52.9268642Z TANDEMLOG_PHASE identity_lock=0
2026-10-10T05:46:52.9269325Z ##[endgroup]
2026-10-10T05:46:52.9658176Z TANDEMLOG_FIRST_FRAME_MS=10
2026-10-10T05:46:53.0847987Z TANDEMLOG_ONBOARDING_READY_MS=129 FILES_READ=0
2026-10-10T05:46:53.9261620Z ##[group]✅ Passing tests
2026-10-10T05:46:53.9262060Z ✅ Android Start keeps picker and cancel creates no private workspace
2026-10-10T05:46:54.1294621Z ##[endgroup]
2026-10-10T05:46:54.1294916Z TANDEMLOG_FIRST_FRAME_MS=11
2026-10-10T05:46:54.4000280Z TANDEMLOG_PHASE identity_lock=0
2026-10-10T05:46:54.4152027Z TANDEMLOG_PHASE sqlite_open_schema=15
2026-10-10T05:46:54.4264162Z TANDEMLOG_PHASE manifest=11
2026-10-10T05:46:54.4451893Z TANDEMLOG_PHASE ingest=18
2026-10-10T05:46:54.4734301Z TANDEMLOG_ROWS {"query_ms":0,"decode_ms":0,"sort_ms":0}
2026-10-10T05:46:54.4996280Z TANDEMLOG_READY_MS=381 FILES_READ=1
2026-10-10T05:46:59.9596255Z ##[group]✅ Passing tests
2026-10-10T05:46:59.9596656Z ✅ Shift+Enter reveals caret before any further input
2026-10-10T05:47:01.3131067Z ##[endgroup]
2026-10-10T05:47:01.3131335Z TANDEMLOG_FIRST_FRAME_MS=11
2026-10-10T05:47:01.5888955Z TANDEMLOG_PHASE identity_lock=0
2026-10-10T05:47:01.6039831Z TANDEMLOG_PHASE sqlite_open_schema=15
2026-10-10T05:47:01.6154895Z TANDEMLOG_PHASE manifest=11
2026-10-10T05:47:01.6452946Z TANDEMLOG_PHASE ingest=29
2026-10-10T05:47:01.6851989Z TANDEMLOG_ROWS {"query_ms":0,"decode_ms":0,"sort_ms":0}
2026-10-10T05:47:01.8107546Z TANDEMLOG_READY_MS=509 FILES_READ=1
2026-10-10T05:47:11.5490796Z ##[group]✅ Passing tests
2026-10-10T05:47:11.5491226Z ✅ compact filters compose reopen reset and keep identity separate
2026-10-10T05:47:12.8967778Z ##[endgroup]
2026-10-10T05:47:12.8968046Z TANDEMLOG_FIRST_FRAME_MS=11
2026-10-10T05:47:13.1700834Z TANDEMLOG_PHASE identity_lock=0
2026-10-10T05:47:13.1850085Z TANDEMLOG_PHASE sqlite_open_schema=15
2026-10-10T05:47:13.1961740Z TANDEMLOG_PHASE manifest=11
2026-10-10T05:47:13.2294521Z TANDEMLOG_PHASE ingest=32
2026-10-10T05:47:13.2686742Z TANDEMLOG_ROWS {"query_ms":0,"decode_ms":0,"sort_ms":0}
2026-10-10T05:47:13.4077127Z TANDEMLOG_READY_MS=521 FILES_READ=1
2026-10-10T05:47:23.7318287Z ##[group]✅ Passing tests
2026-10-10T05:47:23.7318881Z ✅ bounded tag search and responsive task metadata remain readable
2026-10-10T05:49:13.4791731Z ##[endgroup]
2026-10-10T05:49:13.4791983Z TANDEMLOG_FIRST_FRAME_MS=11
2026-10-10T05:49:13.7518667Z TANDEMLOG_PHASE identity_lock=0
2026-10-10T05:49:13.7681658Z TANDEMLOG_PHASE sqlite_open_schema=16
2026-10-10T05:49:13.7794805Z TANDEMLOG_PHASE manifest=11
2026-10-10T05:49:15.0298986Z TANDEMLOG_PHASE ingest=1249
2026-10-10T05:49:15.0920578Z TANDEMLOG_ROWS {"query_ms":4,"decode_ms":13,"sort_ms":0}
2026-10-10T05:49:15.2298431Z TANDEMLOG_READY_MS=1762 FILES_READ=1
2026-10-10T05:49:37.9813405Z ##[group]✅ Passing tests
2026-10-10T05:49:37.9814893Z ✅ header controls stay fixed between open and completed tabs
2026-10-10T05:49:38.3617339Z ##[endgroup]
2026-10-10T05:49:38.3617598Z TANDEMLOG_FIRST_FRAME_MS=10
2026-10-10T05:49:38.6344253Z TANDEMLOG_PHASE identity_lock=0
2026-10-10T05:49:38.6501954Z TANDEMLOG_PHASE sqlite_open_schema=15
2026-10-10T05:49:38.6614920Z TANDEMLOG_PHASE manifest=11
2026-10-10T05:49:38.6828070Z TANDEMLOG_PHASE ingest=21
2026-10-10T05:49:38.7103193Z TANDEMLOG_ROWS {"query_ms":0,"decode_ms":0,"sort_ms":0}
2026-10-10T05:49:38.7424843Z TANDEMLOG_READY_MS=390 FILES_READ=1
2026-10-10T05:49:50.7648444Z ##[group]✅ Passing tests
2026-10-10T05:49:50.7649016Z ✅ dates, zones, tags and order with historical v3 recurrence compatibility
2026-10-10T05:49:50.9634773Z ##[endgroup]
2026-10-10T05:49:50.9635804Z TANDEMLOG_FIRST_FRAME_MS=12
2026-10-10T05:49:51.2298071Z TANDEMLOG_PHASE identity_lock=0
2026-10-10T05:49:51.2445707Z TANDEMLOG_PHASE sqlite_open_schema=14
2026-10-10T05:49:51.2555157Z TANDEMLOG_PHASE manifest=10
2026-10-10T05:49:51.2742547Z TANDEMLOG_PHASE ingest=18
2026-10-10T05:49:51.3026510Z TANDEMLOG_ROWS {"query_ms":0,"decode_ms":0,"sort_ms":0}
2026-10-10T05:49:51.3360652Z TANDEMLOG_READY_MS=385 FILES_READ=1
2026-10-10T05:49:52.0318188Z ##[group]✅ Passing tests
2026-10-10T05:49:52.0318816Z ✅ future event clock warns without blocking capture
2026-10-10T05:49:59.2454957Z ##[endgroup]
2026-10-10T05:49:59.2455727Z TANDEMLOG_FIRST_FRAME_MS=11
2026-10-10T05:49:59.5103703Z TANDEMLOG_PHASE identity_lock=0
2026-10-10T05:49:59.5262901Z TANDEMLOG_PHASE sqlite_open_schema=15
2026-10-10T05:49:59.5378959Z TANDEMLOG_PHASE manifest=11
2026-10-10T05:49:59.6166129Z TANDEMLOG_PHASE ingest=78
2026-10-10T05:49:59.6594441Z TANDEMLOG_ROWS {"query_ms":0,"decode_ms":0,"sort_ms":0}
2026-10-10T05:49:59.8101693Z TANDEMLOG_READY_MS=575 FILES_READ=1
2026-10-10T05:50:24.2123583Z TANDEMLOG_FIRST_FRAME_MS=11
2026-10-10T05:50:24.2321167Z TANDEMLOG_PHASE identity_lock=0
2026-10-10T05:50:24.2433449Z TANDEMLOG_PHASE sqlite_open_schema=11
2026-10-10T05:50:24.2553971Z TANDEMLOG_PHASE manifest=12
2026-10-10T05:50:24.2667263Z TANDEMLOG_PHASE ingest=11
2026-10-10T05:50:24.2948975Z TANDEMLOG_ROWS {"query_ms":0,"decode_ms":0,"sort_ms":0}
2026-10-10T05:50:24.4092189Z TANDEMLOG_READY_MS=208 FILES_READ=0
2026-10-10T05:50:24.7003969Z ##[group]✅ Passing tests
2026-10-10T05:50:24.7004594Z ✅ native tag filters preserve drafts and selected block drag scrolls offscreen
2026-10-10T05:50:25.7775822Z ##[endgroup]
2026-10-10T05:50:25.7776079Z TANDEMLOG_FIRST_FRAME_MS=10
2026-10-10T05:50:26.0480416Z TANDEMLOG_PHASE identity_lock=0
2026-10-10T05:50:26.0633049Z TANDEMLOG_PHASE sqlite_open_schema=15
2026-10-10T05:50:26.0746384Z TANDEMLOG_PHASE manifest=11
2026-10-10T05:50:26.1044182Z TANDEMLOG_PHASE ingest=29
2026-10-10T05:50:26.1332907Z TANDEMLOG_ROWS {"query_ms":0,"decode_ms":0,"sort_ms":0}
2026-10-10T05:50:26.2878007Z TANDEMLOG_READY_MS=519 FILES_READ=1
2026-10-10T05:50:37.3124822Z TANDEMLOG_FIRST_FRAME_MS=11
2026-10-10T05:50:37.3304179Z TANDEMLOG_PHASE identity_lock=0
2026-10-10T05:50:37.3478618Z TANDEMLOG_PHASE sqlite_open_schema=17
2026-10-10T05:50:37.3607784Z TANDEMLOG_PHASE manifest=12
2026-10-10T05:50:37.3734484Z TANDEMLOG_PHASE ingest=12
2026-10-10T05:50:37.4104221Z TANDEMLOG_ROWS {"query_ms":0,"decode_ms":0,"sort_ms":0}
2026-10-10T05:50:37.4795718Z TANDEMLOG_READY_MS=178 FILES_READ=0
2026-10-10T05:50:38.7314468Z ##[group]✅ Passing tests
2026-10-10T05:50:38.7314987Z ✅ native drag preserves hidden order and rejects other time buckets
2026-10-10T05:50:39.0310809Z ##[endgroup]
2026-10-10T05:50:39.0320402Z TANDEMLOG_FIRST_FRAME_MS=11
2026-10-10T05:50:39.4352492Z TANDEMLOG_PHASE identity_lock=0
2026-10-10T05:50:39.4602960Z TANDEMLOG_PHASE sqlite_open_schema=25
2026-10-10T05:50:39.4833682Z TANDEMLOG_PHASE manifest=23
2026-10-10T05:50:39.5145864Z TANDEMLOG_PHASE ingest=31
2026-10-10T05:50:39.5545318Z TANDEMLOG_ROWS {"query_ms":0,"decode_ms":0,"sort_ms":0}
2026-10-10T05:50:39.7332768Z TANDEMLOG_READY_MS=714 FILES_READ=1
2026-10-10T05:50:40.2605442Z ##[group]✅ Passing tests
2026-10-10T05:50:40.2605949Z ✅ loaded startup marker waits for a rendered time projection
2026-10-10T05:50:41.2296285Z ##[endgroup]
2026-10-10T05:50:41.2296625Z TANDEMLOG_FIRST_FRAME_MS=11
2026-10-10T05:50:41.4978240Z TANDEMLOG_PHASE identity_lock=0
2026-10-10T05:50:41.5132439Z TANDEMLOG_PHASE sqlite_open_schema=15
2026-10-10T05:50:41.5250948Z TANDEMLOG_PHASE manifest=11
2026-10-10T05:50:41.5526094Z TANDEMLOG_PHASE ingest=27
2026-10-10T05:50:41.5823152Z TANDEMLOG_ROWS {"query_ms":0,"decode_ms":0,"sort_ms":0}
2026-10-10T05:50:41.7288373Z TANDEMLOG_READY_MS=509 FILES_READ=1
2026-10-10T05:50:51.1002638Z ##[group]✅ Passing tests
2026-10-10T05:50:51.1003245Z ✅ timed task groups preserve drafts and editors without log writes
2026-10-10T05:50:51.3966732Z ##[endgroup]
2026-10-10T05:50:51.3966988Z TANDEMLOG_FIRST_FRAME_MS=12
2026-10-10T05:50:51.6542066Z TANDEMLOG_PHASE identity_lock=0
2026-10-10T05:50:51.6689774Z TANDEMLOG_PHASE sqlite_open_schema=14
2026-10-10T05:50:51.6800909Z TANDEMLOG_PHASE manifest=11
2026-10-10T05:50:51.7004968Z TANDEMLOG_PHASE ingest=20
2026-10-10T05:50:51.7274606Z TANDEMLOG_ROWS {"query_ms":0,"decode_ms":0,"sort_ms":0}
2026-10-10T05:50:51.7897387Z TANDEMLOG_READY_MS=405 FILES_READ=1
2026-10-10T05:51:56.0119639Z TANDEMLOG_FIRST_FRAME_MS=11
2026-10-10T05:51:56.0192147Z TANDEMLOG_PHASE identity_lock=0
2026-10-10T05:51:56.0421750Z TANDEMLOG_PHASE sqlite_open_schema=22
2026-10-10T05:51:56.0526086Z TANDEMLOG_PHASE manifest=10
2026-10-10T05:51:56.0640917Z TANDEMLOG_PHASE ingest=11
2026-10-10T05:51:56.0894017Z TANDEMLOG_ROWS {"query_ms":0,"decode_ms":0,"sort_ms":0}
2026-10-10T05:51:56.1708223Z TANDEMLOG_READY_MS=170 FILES_READ=0
2026-10-10T05:51:56.6544285Z ##[group]✅ Passing tests
2026-10-10T05:51:56.6544792Z ✅ session Undo survives notices, protects drafts and preserves newer synced edits
2026-10-10T05:51:56.8599321Z ##[endgroup]
2026-10-10T05:51:56.8599742Z TANDEMLOG_FIRST_FRAME_MS=10
2026-10-10T05:51:57.0700644Z TANDEMLOG_PHASE identity_lock=0
2026-10-10T05:51:57.0841557Z TANDEMLOG_PHASE sqlite_open_schema=14
2026-10-10T05:51:57.0910139Z TANDEMLOG_PHASE manifest=6
2026-10-10T05:51:57.1067579Z TANDEMLOG_PHASE ingest=15
2026-10-10T05:51:57.1381759Z TANDEMLOG_ROWS {"query_ms":0,"decode_ms":0,"sort_ms":0}
2026-10-10T05:51:57.2508276Z TANDEMLOG_READY_MS=401 FILES_READ=1
2026-10-10T05:52:01.4389872Z ##[group]✅ Passing tests
2026-10-10T05:52:01.4390578Z ✅ historical v3 recurrence compatibility enables unchanged completion at midnight
2026-10-10T05:52:03.0620614Z ##[endgroup]
2026-10-10T05:52:03.0620874Z TANDEMLOG_FIRST_FRAME_MS=11
2026-10-10T05:52:03.2994602Z TANDEMLOG_PHASE identity_lock=0
2026-10-10T05:52:03.3143995Z TANDEMLOG_PHASE sqlite_open_schema=14
2026-10-10T05:52:03.3272949Z TANDEMLOG_PHASE manifest=12
2026-10-10T05:52:03.3559492Z TANDEMLOG_PHASE ingest=28
2026-10-10T05:52:03.3869064Z TANDEMLOG_ROWS {"query_ms":0,"decode_ms":0,"sort_ms":0}
2026-10-10T05:52:03.4710378Z TANDEMLOG_READY_MS=420 FILES_READ=1
2026-10-10T05:52:09.7054290Z ##[group]✅ Passing tests
2026-10-10T05:52:09.7055404Z ✅ single and bulk dirty panes stay mounted through drag and reorder Undo
2026-10-10T05:52:09.9163525Z ##[endgroup]
2026-10-10T05:52:09.9163788Z TANDEMLOG_FIRST_FRAME_MS=14
2026-10-10T05:52:10.1640538Z TANDEMLOG_PHASE identity_lock=0
2026-10-10T05:52:10.1804547Z TANDEMLOG_PHASE sqlite_open_schema=16
2026-10-10T05:52:10.1918027Z TANDEMLOG_PHASE manifest=11
2026-10-10T05:52:10.2105858Z TANDEMLOG_PHASE ingest=18
2026-10-10T05:52:10.2376692Z TANDEMLOG_ROWS {"query_ms":0,"decode_ms":0,"sort_ms":0}
2026-10-10T05:52:10.2995365Z TANDEMLOG_READY_MS=398 FILES_READ=1
2026-10-10T05:52:14.4569070Z ##[group]✅ capture batches update draft once and retain responsive native frames
2026-10-10T05:52:14.4569974Z TANDEMLOG_NATIVE_BATCH count=1 input_clear_ms=93 settle_ms=346 frames=2 input_updates=1
2026-10-10T05:52:14.4570647Z TANDEMLOG_NATIVE_BATCH count=30 input_clear_ms=344 settle_ms=487 frames=2 input_updates=1
2026-10-10T05:52:14.4571335Z TANDEMLOG_NATIVE_BATCH count=100 input_clear_ms=759 settle_ms=357 frames=3 input_updates=1
2026-10-10T05:52:14.4572024Z ##[endgroup]
2026-10-10T05:52:15.4974428Z TANDEMLOG_FIRST_FRAME_MS=13
2026-10-10T05:52:15.7340500Z TANDEMLOG_PHASE identity_lock=0
2026-10-10T05:52:15.7494359Z TANDEMLOG_PHASE sqlite_open_schema=15
2026-10-10T05:52:15.7624333Z TANDEMLOG_PHASE manifest=12
2026-10-10T05:52:15.8552760Z TANDEMLOG_PHASE ingest=92
2026-10-10T05:52:15.8900931Z TANDEMLOG_ROWS {"query_ms":0,"decode_ms":0,"sort_ms":0}
2026-10-10T05:52:16.0644649Z TANDEMLOG_READY_MS=580 FILES_READ=1
2026-10-10T05:52:41.3898875Z ##[group]✅ Passing tests
2026-10-10T05:52:41.3899513Z ✅ compact selection commands stay reachable through scrolling and resize
2026-10-10T05:52:41.4102455Z ##[endgroup]
2026-10-10T05:52:41.4102758Z 
2026-10-10T05:52:41.4124581Z 🎉 92 tests passed.
2026-10-10T05:52:41.4332778Z ##[group]Run flutter build linux --release
2026-10-10T05:52:41.4333257Z [36;1mflutter build linux --release[0m
2026-10-10T05:52:41.4390335Z shell: /usr/bin/bash -e {0}
2026-10-10T05:52:41.4390731Z env:
2026-10-10T05:52:41.4391186Z   CARGO_HOME: /home/runner/work/_temp/tandemlog-rust-bootstrap/cargo
2026-10-10T05:52:41.4392143Z   RUSTUP_HOME: /home/runner/work/_temp/tandemlog-rust-bootstrap/rustup
2026-10-10T05:52:41.4392754Z   RUSTUP_UPDATE_ROOT: https://static.rust-lang.org/rustup
2026-10-10T05:52:41.4393268Z   RUSTUP_DIST_SERVER: https://static.rust-lang.org
2026-10-10T05:52:41.4393690Z   RUSTUP_AUTO_INSTALL: 0
2026-10-10T05:52:41.4394165Z   TANDEMLOG_TEXT_TARGET_DIR: /home/runner/work/_temp/tandemlog-rust-bootstrap/target
2026-10-10T05:52:41.4394911Z   TANDEMLOG_TEXT_LIBRARY: /home/runner/work/_temp/native-unit/libtandemlog_text.so
2026-10-10T05:52:41.4395443Z ##[endgroup]
2026-10-10T05:52:41.5767017Z Resolving dependencies...
2026-10-10T05:52:41.6495788Z Downloading packages...
2026-10-10T05:52:41.8195603Z   code_assets 1.2.1 (2.1.0 available)
2026-10-10T05:52:41.8196053Z   cross_file 0.3.5+5 (0.4.0 available)
2026-10-10T05:52:41.8196400Z   jni 1.0.3 (1.1.0 available)
2026-10-10T05:52:41.8196644Z   jni_flutter 1.0.3 (1.0.4+1 available)
2026-10-10T05:52:41.8196935Z   material_color_utilities 0.13.0 (0.13.1 available)
2026-10-10T05:52:41.8197276Z   native_toolchain_c 0.19.3 (0.19.5 available)
2026-10-10T05:52:41.8197553Z   objective_c 9.5.0 (9.6.2 available)
2026-10-10T05:52:41.8197844Z   test_api 0.7.12 (0.7.15 available)
2026-10-10T05:52:41.8198195Z   url_launcher 6.3.2 (6.3.3 available)
2026-10-10T05:52:41.8198552Z   vector_math 2.4.0 (2.4.3 available)
2026-10-10T05:52:41.8198895Z Got dependencies!
2026-10-10T05:52:41.8199534Z 10 packages have newer versions incompatible with dependency constraints.
2026-10-10T05:52:41.8200144Z Try `flutter pub outdated` for more information.
2026-10-10T05:52:43.5135693Z Building Linux application...                                   
2026-10-10T05:52:43.5171473Z warning: unused imports: `BlockRange` and `Block`
2026-10-10T05:52:43.5175655Z warning: unused import: `Block`
2026-10-10T05:52:43.5177240Z warning: unused import: `ItemContent`
2026-10-10T05:52:43.5178532Z warning: unused imports: `SmallVec` and `smallvec`
2026-10-10T05:52:43.5180300Z warning: unused import: `crate::utils::OptionExt`
2026-10-10T05:52:43.5182661Z warning: value assigned to `left` is never read
2026-10-10T05:52:43.5187557Z warning: unused variable: `ptr`
2026-10-10T05:52:43.5191743Z warning: unused variable: `ptr`
2026-10-10T05:52:43.5194938Z warning: variable does not need to be mutable
2026-10-10T05:52:43.5197246Z warning: variable does not need to be mutable
2026-10-10T05:52:43.5198876Z warning: unused variable: `clear_undo`
2026-10-10T05:52:43.5202469Z warning: unused variable: `clear_redo`
2026-10-10T05:52:43.5206102Z warning: method `as_item` is never used
2026-10-10T05:52:43.5209017Z warning: methods `last_id`, `is_item`, and `is_gc` are never used
2026-10-10T05:52:43.5211581Z warning: method `delete_as_cleanup` is never used
2026-10-10T05:52:43.5214008Z warning: method `integrate` is never used
2026-10-10T05:52:43.5216293Z warning: method `contains` is never used
2026-10-10T05:52:43.5218449Z warning: constant `WEAK_REF_FLAGS_QUOTE` is never used
2026-10-10T05:52:43.5220192Z warning: constant `WEAK_REF_FLAGS_START_ASSOC` is never used
2026-10-10T05:52:43.5221895Z warning: constant `WEAK_REF_FLAGS_END_ASSOC` is never used
2026-10-10T05:52:43.5223344Z warning: constant `WEAK_REF_FLAGS_START_UNBOUNDED` is never used
2026-10-10T05:52:43.5225106Z warning: constant `WEAK_REF_FLAGS_END_UNBOUNDED` is never used
2026-10-10T05:52:43.5226596Z warning: constant `WEAK_REF_FLAGS_PARENT_ROOT` is never used
2026-10-10T05:52:43.5228040Z warning: field `txn` is never read
2026-10-10T05:52:43.5232204Z warning: method `as_id_set` is never used
2026-10-10T05:52:43.5233952Z warning: associated functions `next_target` and `return_stack` are never used
2026-10-10T05:52:43.5237499Z warning: methods `forward`, `backward`, and `values` are never used
2026-10-10T05:52:43.5240758Z warning: struct `Values` is never constructed
2026-10-10T05:52:43.5242087Z warning: associated function `new` is never used
2026-10-10T05:52:43.5245035Z warning: method `remove_at` is never used
2026-10-10T05:52:43.5247659Z warning: method `inner_mut` is never used
2026-10-10T05:52:43.5250357Z warning: trait `BlockIterator` is never used
2026-10-10T05:52:43.5252523Z warning: trait `BlockSliceIterator` is never used
2026-10-10T05:52:43.5254486Z warning: struct `RangeIter` is never constructed
2026-10-10T05:52:43.5255734Z warning: associated items `new` and `begin` are never used
2026-10-10T05:52:43.5259391Z warning: enum `RangeIterState` is never used
2026-10-10T05:52:43.5260469Z warning: struct `Values` is never constructed
2026-10-10T05:52:43.5262197Z warning: associated function `new` is never used
2026-10-10T05:52:43.5302162Z warning: field `txn` is never read
2026-10-10T05:52:43.5304657Z warning: methods `adjacent`, `contains_id`, `right`, and `left` are never used
2026-10-10T05:52:43.5308613Z warning: methods `within_range` and `get_item` are never used
2026-10-10T05:52:43.5321524Z warning: hiding a lifetime that's elided elsewhere is confusing
2026-10-10T05:52:43.5322501Z warning: hiding a lifetime that's elided elsewhere is confusing
2026-10-10T05:52:43.5323955Z warning: hiding a lifetime that's elided elsewhere is confusing
2026-10-10T05:52:43.5328504Z warning: hiding a lifetime that's elided elsewhere is confusing
2026-10-10T05:52:43.5332634Z warning: hiding a lifetime that's elided elsewhere is confusing
2026-10-10T05:52:43.5336957Z warning: hiding a lifetime that's elided elsewhere is confusing
2026-10-10T05:52:43.5342416Z warning: hiding a lifetime that's elided elsewhere is confusing
2026-10-10T05:52:43.5348796Z warning: hiding a lifetime that's elided elsewhere is confusing
2026-10-10T05:52:43.5353711Z warning: hiding a lifetime that's elided elsewhere is confusing
2026-10-10T05:52:43.5359364Z warning: hiding a lifetime that's elided elsewhere is confusing
2026-10-10T05:52:43.5366748Z warning: hiding a lifetime that's elided elsewhere is confusing
2026-10-10T05:52:43.5374118Z warning: hiding a lifetime that's elided elsewhere is confusing
2026-10-10T05:52:43.5378030Z warning: hiding a lifetime that's elided elsewhere is confusing
2026-10-10T05:52:43.5382441Z warning: hiding a lifetime that's elided elsewhere is confusing
2026-10-10T05:52:43.5386359Z warning: hiding a lifetime that's elided elsewhere is confusing
2026-10-10T05:52:43.5390462Z warning: hiding a lifetime that's elided elsewhere is confusing
2026-10-10T05:52:43.5395954Z warning: hiding a lifetime that's elided elsewhere is confusing
2026-10-10T05:52:43.5406267Z warning: `yrs` (lib) generated 58 warnings (run `cargo fix --lib -p yrs` to apply 27 suggestions)
2026-10-10T05:53:14.9144673Z ✓ Built build/linux/x64/release/bundle/tandemlog
2026-10-10T05:53:14.9223478Z ##[group]Run python tool/native_build_gates.py verify_payload --platform linux --payload build/linux/x64/release/bundle
2026-10-10T05:53:14.9224216Z [36;1mpython tool/native_build_gates.py verify_payload --platform linux --payload build/linux/x64/release/bundle[0m
2026-10-10T05:53:14.9266546Z shell: /usr/bin/bash -e {0}
2026-10-10T05:53:14.9266842Z env:
2026-10-10T05:53:14.9267153Z   CARGO_HOME: /home/runner/work/_temp/tandemlog-rust-bootstrap/cargo
2026-10-10T05:53:14.9267638Z   RUSTUP_HOME: /home/runner/work/_temp/tandemlog-rust-bootstrap/rustup
2026-10-10T05:53:14.9268044Z   RUSTUP_UPDATE_ROOT: https://static.rust-lang.org/rustup
2026-10-10T05:53:14.9268398Z   RUSTUP_DIST_SERVER: https://static.rust-lang.org
2026-10-10T05:53:14.9268682Z   RUSTUP_AUTO_INSTALL: 0
2026-10-10T05:53:14.9269018Z   TANDEMLOG_TEXT_TARGET_DIR: /home/runner/work/_temp/tandemlog-rust-bootstrap/target
2026-10-10T05:53:14.9269973Z   TANDEMLOG_TEXT_LIBRARY: /home/runner/work/_temp/native-unit/libtandemlog_text.so
2026-10-10T05:53:14.9270332Z ##[endgroup]
2026-10-10T05:53:15.0153318Z Required production native ABI loaded: build/linux/x64/release/bundle/lib/libtandemlog_text.so
2026-10-10T05:53:15.0154162Z Packaged native library and exact notices verified: build/linux/x64/release/bundle
2026-10-10T05:53:15.0273514Z ##[group]Run xvfb-run -a dbus-run-session -- python3 tool/measure_startup.py --tasks 10 --runs 2 --workspace "$RUNNER_TEMP/tandemlog-performance" > linux-startup.json
2026-10-10T05:53:15.0275347Z [36;1mxvfb-run -a dbus-run-session -- python3 tool/measure_startup.py --tasks 10 --runs 2 --workspace "$RUNNER_TEMP/tandemlog-performance" > linux-startup.json[0m
2026-10-10T05:53:15.0332882Z shell: /usr/bin/bash -e {0}
2026-10-10T05:53:15.0333247Z env:
2026-10-10T05:53:15.0333694Z   CARGO_HOME: /home/runner/work/_temp/tandemlog-rust-bootstrap/cargo
2026-10-10T05:53:15.0334340Z   RUSTUP_HOME: /home/runner/work/_temp/tandemlog-rust-bootstrap/rustup
2026-10-10T05:53:15.0334937Z   RUSTUP_UPDATE_ROOT: https://static.rust-lang.org/rustup
2026-10-10T05:53:15.0335454Z   RUSTUP_DIST_SERVER: https://static.rust-lang.org
2026-10-10T05:53:15.0335898Z   RUSTUP_AUTO_INSTALL: 0
2026-10-10T05:53:15.0336421Z   TANDEMLOG_TEXT_TARGET_DIR: /home/runner/work/_temp/tandemlog-rust-bootstrap/target
2026-10-10T05:53:15.0337260Z   TANDEMLOG_TEXT_LIBRARY: /home/runner/work/_temp/native-unit/libtandemlog_text.so
2026-10-10T05:53:15.0337819Z ##[endgroup]
2026-10-10T05:53:16.7304734Z ##[group]Run mkdir dist
2026-10-10T05:53:16.7305012Z [36;1mmkdir dist[0m
2026-10-10T05:53:16.7305283Z [36;1mcp linux-startup.json dist/[0m
2026-10-10T05:53:16.7346385Z shell: /usr/bin/bash -e {0}
2026-10-10T05:53:16.7346650Z env:
2026-10-10T05:53:16.7346942Z   CARGO_HOME: /home/runner/work/_temp/tandemlog-rust-bootstrap/cargo
2026-10-10T05:53:16.7347362Z   RUSTUP_HOME: /home/runner/work/_temp/tandemlog-rust-bootstrap/rustup
2026-10-10T05:53:16.7347761Z   RUSTUP_UPDATE_ROOT: https://static.rust-lang.org/rustup
2026-10-10T05:53:16.7348111Z   RUSTUP_DIST_SERVER: https://static.rust-lang.org
2026-10-10T05:53:16.7348391Z   RUSTUP_AUTO_INSTALL: 0
2026-10-10T05:53:16.7348726Z   TANDEMLOG_TEXT_TARGET_DIR: /home/runner/work/_temp/tandemlog-rust-bootstrap/target
2026-10-10T05:53:16.7349461Z   TANDEMLOG_TEXT_LIBRARY: /home/runner/work/_temp/native-unit/libtandemlog_text.so
2026-10-10T05:53:16.7349990Z ##[endgroup]
2026-10-10T05:53:16.7456962Z ##[group]Run bash packaging/linux/build-flatpak.sh
2026-10-10T05:53:16.7457667Z [36;1mbash packaging/linux/build-flatpak.sh[0m
2026-10-10T05:53:16.7491943Z shell: /usr/bin/bash -e {0}
2026-10-10T05:53:16.7492200Z env:
2026-10-10T05:53:16.7492496Z   CARGO_HOME: /home/runner/work/_temp/tandemlog-rust-bootstrap/cargo
2026-10-10T05:53:16.7492917Z   RUSTUP_HOME: /home/runner/work/_temp/tandemlog-rust-bootstrap/rustup
2026-10-10T05:53:16.7493309Z   RUSTUP_UPDATE_ROOT: https://static.rust-lang.org/rustup
2026-10-10T05:53:16.7493665Z   RUSTUP_DIST_SERVER: https://static.rust-lang.org
2026-10-10T05:53:16.7493948Z   RUSTUP_AUTO_INSTALL: 0
2026-10-10T05:53:16.7494283Z   TANDEMLOG_TEXT_TARGET_DIR: /home/runner/work/_temp/tandemlog-rust-bootstrap/target
2026-10-10T05:53:16.7494760Z   TANDEMLOG_TEXT_LIBRARY: /home/runner/work/_temp/native-unit/libtandemlog_text.so
2026-10-10T05:53:16.7495108Z ##[endgroup]
2026-10-10T05:53:17.5447275Z Installing runtime/org.freedesktop.Platform.GL.default/x86_64/25.08
2026-10-10T05:53:22.5774371Z Installing runtime/org.freedesktop.Platform.GL.default/x86_64/25.08-extra
2026-10-10T05:53:23.9243488Z Installing runtime/org.freedesktop.Platform.codecs-extra/x86_64/25.08-extra
2026-10-10T05:53:24.6047999Z Installing runtime/org.gnome.Platform.Locale/x86_64/50
2026-10-10T05:53:35.2971632Z Installing runtime/org.gnome.Platform/x86_64/50
2026-10-10T05:53:52.6170318Z Installing runtime/org.gnome.Sdk.Locale/x86_64/50
2026-10-10T05:53:57.0670017Z Installing runtime/org.gnome.Sdk/x86_64/50
2026-10-10T05:54:22.8818282Z Exporting share/applications/com.reddraggone9.tandemlog.desktop
2026-10-10T05:54:22.8818997Z Exporting share/icons/hicolor/scalable/apps/com.reddraggone9.tandemlog.svg
2026-10-10T05:54:22.8831732Z Please review the exported files and the metadata
2026-10-10T05:54:24.6691376Z Commit: 967a32c081807ad81e2ba5cd8ac1efcc46bff8975a70b4b9659377126e8657ea
2026-10-10T05:54:24.6691811Z Metadata Total: 49
2026-10-10T05:54:24.6692028Z Metadata Written: 20
2026-10-10T05:54:24.6692278Z Content Total: 24
2026-10-10T05:54:24.6692484Z Content Written: 22
2026-10-10T05:54:24.6693343Z Content Bytes Written: 32040154 (32.0 MB)
2026-10-10T05:54:38.1581108Z Commit: e0bd6085db9a1874da2243a068b2a01d6106461b5014e08aaf39bda8a346f2a4
2026-10-10T05:54:38.1581674Z Metadata Total: 49
2026-10-10T05:54:38.1581961Z Metadata Written: 1
2026-10-10T05:54:38.1582240Z Content Total: 24
2026-10-10T05:54:38.1582513Z Content Written: 0
2026-10-10T05:54:38.1582793Z Content Bytes Written: 0 (0 bytes)
2026-10-10T05:54:50.0267746Z ##[group]Run xvfb-run -a dbus-run-session -- bash packaging/linux/install-smoke.sh
2026-10-10T05:54:50.0268355Z [36;1mxvfb-run -a dbus-run-session -- bash packaging/linux/install-smoke.sh[0m
2026-10-10T05:54:50.0308823Z shell: /usr/bin/bash -e {0}
2026-10-10T05:54:50.0309272Z env:
2026-10-10T05:54:50.0309619Z   CARGO_HOME: /home/runner/work/_temp/tandemlog-rust-bootstrap/cargo
2026-10-10T05:54:50.0310065Z   RUSTUP_HOME: /home/runner/work/_temp/tandemlog-rust-bootstrap/rustup
2026-10-10T05:54:50.0310486Z   RUSTUP_UPDATE_ROOT: https://static.rust-lang.org/rustup
2026-10-10T05:54:50.0310866Z   RUSTUP_DIST_SERVER: https://static.rust-lang.org
2026-10-10T05:54:50.0311157Z   RUSTUP_AUTO_INSTALL: 0
2026-10-10T05:54:50.0311500Z   TANDEMLOG_TEXT_TARGET_DIR: /home/runner/work/_temp/tandemlog-rust-bootstrap/target
2026-10-10T05:54:50.0311984Z   TANDEMLOG_TEXT_LIBRARY: /home/runner/work/_temp/native-unit/libtandemlog_text.so
2026-10-10T05:54:50.0312347Z ##[endgroup]
2026-10-10T05:54:50.5595318Z Installing app/com.reddraggone9.tandemlog/x86_64/master
2026-10-10T05:54:52.3041624Z dbus-daemon[8715]: [session uid=1001 pid=8715] Activating service name='org.freedesktop.Flatpak' requested by ':1.1' (uid=1001 pid=8741 comm="flatpak run --die-with-parent --instance-id-fd=3 c" label="flatpak (unconfined)")
2026-10-10T05:54:52.4244642Z dbus-daemon[8715]: [session uid=1001 pid=8715] Successfully activated service 'org.freedesktop.Flatpak'
2026-10-10T05:54:52.4257162Z dbus-daemon[8715]: [session uid=1001 pid=8715] Activating service name='org.freedesktop.portal.Documents' requested by ':1.1' (uid=1001 pid=8741 comm="flatpak run --die-with-parent --instance-id-fd=3 c" label="flatpak (unconfined)")
2026-10-10T05:54:52.4299269Z dbus-daemon[8715]: [session uid=1001 pid=8715] Activating service name='org.freedesktop.impl.portal.PermissionStore' requested by ':1.3' (uid=1001 pid=8758 comm="/usr/libexec/xdg-document-portal" label="unconfined")
2026-10-10T05:54:52.4333376Z dbus-daemon[8715]: [session uid=1001 pid=8715] Successfully activated service 'org.freedesktop.impl.portal.PermissionStore'
2026-10-10T05:54:52.4343676Z dbus-daemon[8715]: [session uid=1001 pid=8715] Successfully activated service 'org.freedesktop.portal.Documents'
2026-10-10T05:54:52.4377913Z Ignoring invalid max threads value 4294967295 > max (100000).
2026-10-10T05:54:52.5318248Z dbus-daemon[8715]: [session uid=1001 pid=8715] Activating service name='org.freedesktop.portal.Desktop' requested by ':1.5' (uid=1001 pid=8776 comm="xdg-dbus-proxy --args=41" label="flatpak (unconfined)")
2026-10-10T05:54:52.5386319Z 
2026-10-10T05:54:52.5387414Z (/usr/libexec/xdg-desktop-portal:8787): xdg-desktop-portal-WARNING **: 05:54:52.538: Choosing gtk.portal for org.freedesktop.impl.portal.Lockdown as a last-resort fallback
2026-10-10T05:54:52.5388030Z 
2026-10-10T05:54:52.5388754Z (/usr/libexec/xdg-desktop-portal:8787): xdg-desktop-portal-WARNING **: 05:54:52.538: The preferred method to match portal implementations to desktop environments is to use the portals.conf(5) configuration file
2026-10-10T05:54:52.5391294Z dbus-daemon[8715]: [session uid=1001 pid=8715] Activating service name='org.freedesktop.impl.portal.desktop.gtk' requested by ':1.7' (uid=1001 pid=8787 comm="/usr/libexec/xdg-desktop-portal" label="unconfined")
2026-10-10T05:54:52.5510053Z 
2026-10-10T05:54:52.5510872Z (xdg-desktop-portal-gtk:8793): dbind-WARNING **: 05:54:52.550: AT-SPI: Error retrieving accessibility bus address: org.freedesktop.DBus.Error.ServiceUnknown: The name org.a11y.Bus was not provided by any .service files
2026-10-10T05:54:52.5595278Z dbus-daemon[8715]: [session uid=1001 pid=8715] Successfully activated service 'org.freedesktop.impl.portal.desktop.gtk'
2026-10-10T05:54:52.5628547Z 
2026-10-10T05:54:52.5629842Z (/usr/libexec/xdg-desktop-portal:8787): xdg-desktop-portal-WARNING **: 05:54:52.562: Failed to load RealtimeKit property: GDBus.Error:org.freedesktop.DBus.Error.ServiceUnknown: The name org.freedesktop.RealtimeKit1 was not provided by any .service files
2026-10-10T05:54:52.5631829Z 
2026-10-10T05:54:52.5633177Z (/usr/libexec/xdg-desktop-portal:8787): xdg-desktop-portal-WARNING **: 05:54:52.563: Failed to load RealtimeKit property: GDBus.Error:org.freedesktop.DBus.Error.ServiceUnknown: The name org.freedesktop.RealtimeKit1 was not provided by any .service files
2026-10-10T05:54:52.5634284Z 
2026-10-10T05:54:52.5635557Z (/usr/libexec/xdg-desktop-portal:8787): xdg-desktop-portal-WARNING **: 05:54:52.563: Failed to load RealtimeKit property: GDBus.Error:org.freedesktop.DBus.Error.ServiceUnknown: The name org.freedesktop.RealtimeKit1 was not provided by any .service files
2026-10-10T05:54:52.5641676Z 
2026-10-10T05:54:52.5642148Z (/usr/libexec/xdg-desktop-portal:8787): xdg-desktop-portal-WARNING **: 05:54:52.563: No skeleton to export
2026-10-10T05:54:52.5642833Z 
2026-10-10T05:54:52.5643792Z (/usr/libexec/xdg-desktop-portal:8787): xdg-desktop-portal-WARNING **: 05:54:52.563: Choosing gtk.portal for org.freedesktop.impl.portal.FileChooser as a last-resort fallback
2026-10-10T05:54:52.5644843Z 
2026-10-10T05:54:52.5645729Z (/usr/libexec/xdg-desktop-portal:8787): xdg-desktop-portal-WARNING **: 05:54:52.564: Choosing gtk.portal for org.freedesktop.impl.portal.AppChooser as a last-resort fallback
2026-10-10T05:54:52.5648844Z 
2026-10-10T05:54:52.5649843Z (/usr/libexec/xdg-desktop-portal:8787): xdg-desktop-portal-WARNING **: 05:54:52.564: Choosing gtk.portal for org.freedesktop.impl.portal.Print as a last-resort fallback
2026-10-10T05:54:52.5655076Z 
2026-10-10T05:54:52.5655835Z (/usr/libexec/xdg-desktop-portal:8787): xdg-desktop-portal-WARNING **: 05:54:52.565: Choosing gtk.portal for org.freedesktop.impl.portal.Notification as a last-resort fallback
2026-10-10T05:54:52.5662117Z 
2026-10-10T05:54:52.5663287Z (/usr/libexec/xdg-desktop-portal:8787): xdg-desktop-portal-WARNING **: 05:54:52.566: Choosing gtk.portal for org.freedesktop.impl.portal.Inhibit as a last-resort fallback
2026-10-10T05:54:52.5668797Z 
2026-10-10T05:54:52.5669806Z (/usr/libexec/xdg-desktop-portal:8787): xdg-desktop-portal-WARNING **: 05:54:52.566: Choosing gtk.portal for org.freedesktop.impl.portal.Access as a last-resort fallback
2026-10-10T05:54:52.5690452Z [W][01544.064554] pw.conf      | [          conf.c: 1031 try_load_conf()] can't load config client.conf: No such file or directory
2026-10-10T05:54:52.5694407Z [E][01544.064939] pw.conf      | [          conf.c: 1060 pw_conf_load_conf_for_context()] can't load config client.conf: No such file or directory
2026-10-10T05:54:52.5697520Z 
2026-10-10T05:54:52.5698405Z (/usr/libexec/xdg-desktop-portal:8787): xdg-desktop-portal-WARNING **: 05:54:52.569: Failed connect to PipeWire: Couldn't create PipeWire context
2026-10-10T05:54:52.5699437Z 
2026-10-10T05:54:52.5700212Z (/usr/libexec/xdg-desktop-portal:8787): xdg-desktop-portal-WARNING **: 05:54:52.569: Choosing gtk.portal for org.freedesktop.impl.portal.Account as a last-resort fallback
2026-10-10T05:54:52.5704596Z 
2026-10-10T05:54:52.5705292Z (/usr/libexec/xdg-desktop-portal:8787): xdg-desktop-portal-WARNING **: 05:54:52.570: Choosing gtk.portal for org.freedesktop.impl.portal.Email as a last-resort fallback
2026-10-10T05:54:52.5711196Z 
2026-10-10T05:54:52.5711849Z (/usr/libexec/xdg-desktop-portal:8787): xdg-desktop-portal-WARNING **: 05:54:52.571: Choosing gtk.portal for org.freedesktop.impl.portal.DynamicLauncher as a last-resort fallback
2026-10-10T05:54:52.5725062Z dbus-daemon[8715]: [session uid=1001 pid=8715] Successfully activated service 'org.freedesktop.portal.Desktop'
2026-10-10T05:54:56.4830758Z Installing app/com.reddraggone9.tandemlog/x86_64/master
2026-10-10T05:54:57.2943826Z tandemlog-linux-x64.flatpak: OK
2026-10-10T05:54:57.6649806Z Installing app/com.reddraggone9.tandemlog/x86_64/master
2026-10-10T05:55:02.1021107Z Uninstalling app/com.reddraggone9.tandemlog/x86_64/master
2026-10-10T05:55:03.1537527Z Installing app/com.reddraggone9.tandemlog/x86_64/master
2026-10-10T05:55:04.7199596Z tandemlog-linux-x64.flatpak: OK
2026-10-10T05:55:08.1172636Z ##[group]Run actions/upload-artifact@043fb46d1a93c77aae656e7c1c64a875d1fc6a0a
2026-10-10T05:55:08.1173029Z with:
2026-10-10T05:55:08.1173231Z   name: linux
2026-10-10T05:55:08.1173433Z   path: dist/*
2026-10-10T05:55:08.1173638Z   retention-days: 5
2026-10-10T05:55:08.1173873Z   if-no-files-found: error
2026-10-10T05:55:08.1174112Z   compression-level: 6
2026-10-10T05:55:08.1174334Z   overwrite: false
2026-10-10T05:55:08.1174556Z   include-hidden-files: false
2026-10-10T05:55:08.1174799Z   archive: true
2026-10-10T05:55:08.1174997Z env:
2026-10-10T05:55:08.1175282Z   CARGO_HOME: /home/runner/work/_temp/tandemlog-rust-bootstrap/cargo
2026-10-10T05:55:08.1175727Z   RUSTUP_HOME: /home/runner/work/_temp/tandemlog-rust-bootstrap/rustup
2026-10-10T05:55:08.1176161Z   RUSTUP_UPDATE_ROOT: https://static.rust-lang.org/rustup
2026-10-10T05:55:08.1176585Z   RUSTUP_DIST_SERVER: https://static.rust-lang.org
2026-10-10T05:55:08.1176896Z   RUSTUP_AUTO_INSTALL: 0
2026-10-10T05:55:08.1177297Z   TANDEMLOG_TEXT_TARGET_DIR: /home/runner/work/_temp/tandemlog-rust-bootstrap/target
2026-10-10T05:55:08.1177818Z   TANDEMLOG_TEXT_LIBRARY: /home/runner/work/_temp/native-unit/libtandemlog_text.so
2026-10-10T05:55:08.1178202Z ##[endgroup]
2026-10-10T05:55:08.2517232Z With the provided path, there will be 4 files uploaded
2026-10-10T05:55:08.2522271Z Artifact name is valid!
2026-10-10T05:55:08.2522622Z Root directory input is valid!
2026-10-10T05:55:08.4866410Z Uploading artifact: linux.zip
2026-10-10T05:55:08.4903867Z Beginning upload of artifact content to blob storage
2026-10-10T05:55:09.2677496Z Uploaded bytes 8388608
2026-10-10T05:55:09.3320972Z Uploaded bytes 9217900
2026-10-10T05:55:09.3726740Z Finished uploading artifact content to blob storage!
2026-10-10T05:55:09.3727827Z SHA256 digest of uploaded artifact is fc5d9196b6795eff32a42ff2f9947b3438da7ee1ccf646f48fdd97471718565b
2026-10-10T05:55:09.3728535Z Finalizing artifact upload
2026-10-10T05:55:09.6715025Z Artifact linux successfully finalized. Artifact ID 11661550518
2026-10-10T05:55:09.6715842Z Artifact linux has been successfully uploaded! Final size is 9217900 bytes. Artifact ID is 11661550518
2026-10-10T05:55:09.6718917Z Artifact download URL: https://github.com/reddraggone9/tandemlog/actions/runs/38027666368/artifacts/11661550518
2026-10-10T05:55:09.6873312Z Post job cleanup.
2026-10-10T05:55:09.7644070Z [command]/usr/bin/git version
2026-10-10T05:55:09.7677997Z git version 2.55.0
2026-10-10T05:55:09.7714960Z Temporarily overriding HOME='/home/runner/work/_temp/289d170a-a7ec-4fdd-b4f7-8c73f6af5e52' before making global git config changes
2026-10-10T05:55:09.7716033Z Adding repository directory to the temporary git global config as a safe directory
2026-10-10T05:55:09.7719425Z [command]/usr/bin/git config --global --add safe.directory /home/runner/work/tandemlog/tandemlog
2026-10-10T05:55:09.7746895Z Removing SSH command configuration
2026-10-10T05:55:09.7753645Z [command]/usr/bin/git config --local --name-only --get-regexp core\.sshCommand
2026-10-10T05:55:09.7784072Z [command]/usr/bin/git submodule foreach --recursive sh -c "git config --local --name-only --get-regexp 'core\.sshCommand' && git config --local --unset-all 'core.sshCommand' || :"
2026-10-10T05:55:09.7970156Z Removing HTTP extra header
2026-10-10T05:55:09.7974693Z [command]/usr/bin/git config --local --name-only --get-regexp http\.https\:\/\/github\.com\/\.extraheader
2026-10-10T05:55:09.8001915Z [command]/usr/bin/git submodule foreach --recursive sh -c "git config --local --name-only --get-regexp 'http\.https\:\/\/github\.com\/\.extraheader' && git config --local --unset-all 'http.https://github.com/.extraheader' || :"
2026-10-10T05:55:09.8183064Z Removing includeIf entries pointing to credentials config files
2026-10-10T05:55:09.8188364Z [command]/usr/bin/git config --local --name-only --get-regexp ^includeIf\.gitdir:
2026-10-10T05:55:09.8212884Z includeif.gitdir:/home/runner/work/tandemlog/tandemlog/.git.path
2026-10-10T05:55:09.8213580Z includeif.gitdir:/home/runner/work/tandemlog/tandemlog/.git/worktrees/*.path
2026-10-10T05:55:09.8214192Z includeif.gitdir:/github/workspace/.git.path
2026-10-10T05:55:09.8214670Z includeif.gitdir:/github/workspace/.git/worktrees/*.path
2026-10-10T05:55:09.8220221Z [command]/usr/bin/git config --local --get-all includeif.gitdir:/home/runner/work/tandemlog/tandemlog/.git.path
2026-10-10T05:55:09.8239373Z /home/runner/work/_temp/git-credentials-e908a10c-05dc-4fbb-a180-906061142a57.config
2026-10-10T05:55:09.8248073Z [command]/usr/bin/git config --local --unset includeif.gitdir:/home/runner/work/tandemlog/tandemlog/.git.path \/home\/runner\/work\/_temp\/git\-credentials\-e908a10c\-05dc\-4fbb\-a180\-906061142a57\.config
2026-10-10T05:55:09.8279871Z [command]/usr/bin/git config --local --get-all includeif.gitdir:/home/runner/work/tandemlog/tandemlog/.git/worktrees/*.path
2026-10-10T05:55:09.8298269Z /home/runner/work/_temp/git-credentials-e908a10c-05dc-4fbb-a180-906061142a57.config
2026-10-10T05:55:09.8306229Z [command]/usr/bin/git config --local --unset includeif.gitdir:/home/runner/work/tandemlog/tandemlog/.git/worktrees/*.path \/home\/runner\/work\/_temp\/git\-credentials\-e908a10c\-05dc\-4fbb\-a180\-906061142a57\.config
2026-10-10T05:55:09.8342740Z [command]/usr/bin/git config --local --get-all includeif.gitdir:/github/workspace/.git.path
2026-10-10T05:55:09.8361480Z /github/runner_temp/git-credentials-e908a10c-05dc-4fbb-a180-906061142a57.config
2026-10-10T05:55:09.8367536Z [command]/usr/bin/git config --local --unset includeif.gitdir:/github/workspace/.git.path \/github\/runner_temp\/git\-credentials\-e908a10c\-05dc\-4fbb\-a180\-906061142a57\.config
2026-10-10T05:55:09.8400747Z [command]/usr/bin/git config --local --get-all includeif.gitdir:/github/workspace/.git/worktrees/*.path
2026-10-10T05:55:09.8418964Z /github/runner_temp/git-credentials-e908a10c-05dc-4fbb-a180-906061142a57.config
2026-10-10T05:55:09.8426107Z [command]/usr/bin/git config --local --unset includeif.gitdir:/github/workspace/.git/worktrees/*.path \/github\/runner_temp\/git\-credentials\-e908a10c\-05dc\-4fbb\-a180\-906061142a57\.config
2026-10-10T05:55:09.8458077Z [command]/usr/bin/git submodule foreach --recursive git config --local --show-origin --name-only --get-regexp remote.origin.url
2026-10-10T05:55:09.8636673Z Removing credentials config '/home/runner/work/_temp/git-credentials-e908a10c-05dc-4fbb-a180-906061142a57.config'
2026-10-10T05:55:09.8766543Z Cleaning up orphan processes

