2026-10-10T04:51:35.7927509Z Current runner version: '2.337.0'
2026-10-10T04:51:35.7952989Z ##[group]Runner Image Provisioner
2026-10-10T04:51:35.7953920Z Hosted Compute Agent
2026-10-10T04:51:35.7954588Z Version: 20261002.596
2026-10-10T04:51:35.7955215Z Commit: c3d12f3313a95f25162a1503be624f3b0617f8c0
2026-10-10T04:51:35.7956044Z Build Date: 2026-10-02T22:28:27Z
2026-10-10T04:51:35.7956762Z Worker ID: {fd0b71a9-2c67-4ada-b1f4-c51714d7224e}
2026-10-10T04:51:35.7957484Z Region: westcentralus
2026-10-10T04:51:35.7958108Z Cloud: Azure
2026-10-10T04:51:35.7958648Z ##[endgroup]
2026-10-10T04:51:35.7960630Z ##[group]Operating System
2026-10-10T04:51:35.7961368Z Ubuntu
2026-10-10T04:51:35.7961884Z 24.04.5
2026-10-10T04:51:35.7962691Z LTS
2026-10-10T04:51:35.7963311Z ##[endgroup]
2026-10-10T04:51:35.7963933Z ##[group]Runner Image
2026-10-10T04:51:35.7964627Z Image: ubuntu-24.04
2026-10-10T04:51:35.7965207Z Version: 20261004.327.1
2026-10-10T04:51:35.7966553Z Included Software: https://github.com/actions/runner-images/blob/ubuntu24/20261004.327/images/ubuntu/Ubuntu2404-Readme.md
2026-10-10T04:51:35.7968141Z Image Release: https://github.com/actions/runner-images/releases/tag/ubuntu24%2F20261004.327
2026-10-10T04:51:35.7969177Z ##[endgroup]
2026-10-10T04:51:35.7970269Z ##[group]GITHUB_TOKEN Permissions
2026-10-10T04:51:35.7972847Z Contents: read
2026-10-10T04:51:35.7973499Z Metadata: read
2026-10-10T04:51:35.7974119Z ##[endgroup]
2026-10-10T04:51:35.7976230Z Secret source: Actions
2026-10-10T04:51:35.7977292Z Cache mode: write
2026-10-10T04:51:35.7978077Z Prepare workflow directory
2026-10-10T04:51:35.8371268Z Prepare all required actions
2026-10-10T04:51:35.8419204Z Getting action download info
2026-10-10T04:51:36.1337128Z Download action repository 'actions/checkout@3d3c42e5aac5ba805825da76410c181273ba90b1' (SHA:3d3c42e5aac5ba805825da76410c181273ba90b1)
2026-10-10T04:51:36.2395789Z Download action repository 'actions/upload-artifact@043fb46d1a93c77aae656e7c1c64a875d1fc6a0a' (SHA:043fb46d1a93c77aae656e7c1c64a875d1fc6a0a)
2026-10-10T04:51:36.4216665Z Uses: reddraggone9/tandemlog/.github/workflows/validate.yml@refs/heads/main (f489f122208280f4264f92abf024a74247be6a44)
2026-10-10T04:51:36.4221446Z Complete job name: checks / linux
2026-10-10T04:51:36.5072383Z ##[group]Run actions/checkout@3d3c42e5aac5ba805825da76410c181273ba90b1
2026-10-10T04:51:36.5073955Z with:
2026-10-10T04:51:36.5074401Z   repository: reddraggone9/tandemlog
2026-10-10T04:51:36.5078583Z   token: ***
2026-10-10T04:51:36.5079013Z   ssh-strict: true
2026-10-10T04:51:36.5079448Z   ssh-user: git
2026-10-10T04:51:36.5079890Z   persist-credentials: true
2026-10-10T04:51:36.5080382Z   clean: true
2026-10-10T04:51:36.5080820Z   sparse-checkout-cone-mode: true
2026-10-10T04:51:36.5081335Z   fetch-depth: 1
2026-10-10T04:51:36.5081751Z   fetch-tags: false
2026-10-10T04:51:36.5082184Z   show-progress: true
2026-10-10T04:51:36.5082801Z   lfs: false
2026-10-10T04:51:36.5083211Z   submodules: false
2026-10-10T04:51:36.5083661Z   set-safe-directory: true
2026-10-10T04:51:36.5084170Z   allow-unsafe-pr-checkout: false
2026-10-10T04:51:36.5084977Z ##[endgroup]
2026-10-10T04:51:36.6083554Z Syncing repository: reddraggone9/tandemlog
2026-10-10T04:51:36.6086330Z ##[group]Getting Git version info
2026-10-10T04:51:36.6087514Z Working directory is '/home/runner/work/tandemlog/tandemlog'
2026-10-10T04:51:36.6089206Z [command]/usr/bin/git version
2026-10-10T04:51:36.6236852Z git version 2.55.0
2026-10-10T04:51:36.6289175Z ##[endgroup]
2026-10-10T04:51:36.6297720Z Temporarily overriding HOME='/home/runner/work/_temp/e8f04c78-a94c-4721-8713-f9ae1eccc90e' before making global git config changes
2026-10-10T04:51:36.6303227Z Adding repository directory to the temporary git global config as a safe directory
2026-10-10T04:51:36.6307724Z [command]/usr/bin/git config --global --add safe.directory /home/runner/work/tandemlog/tandemlog
2026-10-10T04:51:36.6385510Z Deleting the contents of '/home/runner/work/tandemlog/tandemlog'
2026-10-10T04:51:36.6386706Z ##[group]Determining repository object format
2026-10-10T04:51:36.6387915Z ##[endgroup]
2026-10-10T04:51:36.6388626Z ##[group]Initializing the repository
2026-10-10T04:51:36.6397772Z [command]/usr/bin/git init /home/runner/work/tandemlog/tandemlog
2026-10-10T04:51:36.6542204Z hint: Using 'master' as the name for the initial branch. This default branch name
2026-10-10T04:51:36.6544533Z hint: will change to "main" in Git 3.0. To configure the initial branch name
2026-10-10T04:51:36.6548206Z hint: to use in all of your new repositories, which will suppress this warning,
2026-10-10T04:51:36.6549577Z hint: call:
2026-10-10T04:51:36.6550090Z hint:
2026-10-10T04:51:36.6550677Z hint: 	git config --global init.defaultBranch <name>
2026-10-10T04:51:36.6551522Z hint:
2026-10-10T04:51:36.6552207Z hint: Names commonly chosen instead of 'master' are 'main', 'trunk' and
2026-10-10T04:51:36.6553811Z hint: 'development'. The just-created branch can be renamed via this command:
2026-10-10T04:51:36.6554568Z hint:
2026-10-10T04:51:36.6554978Z hint: 	git branch -m <name>
2026-10-10T04:51:36.6555442Z hint:
2026-10-10T04:51:36.6556092Z hint: Disable this message with "git config set advice.defaultBranchName false"
2026-10-10T04:51:36.6557147Z Initialized empty Git repository in /home/runner/work/tandemlog/tandemlog/.git/
2026-10-10T04:51:36.6561510Z [command]/usr/bin/git remote add origin https://github.com/reddraggone9/tandemlog
2026-10-10T04:51:36.6616635Z ##[endgroup]
2026-10-10T04:51:36.6617445Z ##[group]Disabling automatic garbage collection
2026-10-10T04:51:36.6621166Z [command]/usr/bin/git config --local gc.auto 0
2026-10-10T04:51:36.6662000Z ##[endgroup]
2026-10-10T04:51:36.6663587Z ##[group]Setting up auth
2026-10-10T04:51:36.6664539Z Removing SSH command configuration
2026-10-10T04:51:36.6668989Z [command]/usr/bin/git config --local --name-only --get-regexp core\.sshCommand
2026-10-10T04:51:36.6701437Z [command]/usr/bin/git submodule foreach --recursive sh -c "git config --local --name-only --get-regexp 'core\.sshCommand' && git config --local --unset-all 'core.sshCommand' || :"
2026-10-10T04:51:36.7095024Z Removing HTTP extra header
2026-10-10T04:51:36.7101797Z [command]/usr/bin/git config --local --name-only --get-regexp http\.https\:\/\/github\.com\/\.extraheader
2026-10-10T04:51:36.7135980Z [command]/usr/bin/git submodule foreach --recursive sh -c "git config --local --name-only --get-regexp 'http\.https\:\/\/github\.com\/\.extraheader' && git config --local --unset-all 'http.https://github.com/.extraheader' || :"
2026-10-10T04:51:36.7365270Z Removing includeIf entries pointing to credentials config files
2026-10-10T04:51:36.7371135Z [command]/usr/bin/git config --local --name-only --get-regexp ^includeIf\.gitdir:
2026-10-10T04:51:36.7408885Z [command]/usr/bin/git submodule foreach --recursive git config --local --show-origin --name-only --get-regexp remote.origin.url
2026-10-10T04:51:36.7651443Z [command]/usr/bin/git config --file /home/runner/work/_temp/git-credentials-875ad95f-b59e-4d2a-89f6-516ee3935bf4.config http.https://github.com/.extraheader AUTHORIZATION: basic ***
2026-10-10T04:51:36.7695844Z [command]/usr/bin/git config --local includeIf.gitdir:/home/runner/work/tandemlog/tandemlog/.git.path /home/runner/work/_temp/git-credentials-875ad95f-b59e-4d2a-89f6-516ee3935bf4.config
2026-10-10T04:51:36.7726875Z [command]/usr/bin/git config --local includeIf.gitdir:/home/runner/work/tandemlog/tandemlog/.git/worktrees/*.path /home/runner/work/_temp/git-credentials-875ad95f-b59e-4d2a-89f6-516ee3935bf4.config
2026-10-10T04:51:36.7763526Z [command]/usr/bin/git config --local includeIf.gitdir:/github/workspace/.git.path /github/runner_temp/git-credentials-875ad95f-b59e-4d2a-89f6-516ee3935bf4.config
2026-10-10T04:51:36.7796340Z [command]/usr/bin/git config --local includeIf.gitdir:/github/workspace/.git/worktrees/*.path /github/runner_temp/git-credentials-875ad95f-b59e-4d2a-89f6-516ee3935bf4.config
2026-10-10T04:51:36.7826214Z ##[endgroup]
2026-10-10T04:51:36.7827574Z ##[group]Fetching the repository
2026-10-10T04:51:36.7834806Z [command]/usr/bin/git -c protocol.version=2 fetch --no-tags --prune --no-recurse-submodules --depth=1 origin +f489f122208280f4264f92abf024a74247be6a44:refs/remotes/origin/main
2026-10-10T04:51:38.8597859Z From https://github.com/reddraggone9/tandemlog
2026-10-10T04:51:38.8599104Z  * [new ref]         f489f122208280f4264f92abf024a74247be6a44 -> origin/main
2026-10-10T04:51:38.8607620Z [command]/usr/bin/git branch --list --remote origin/main
2026-10-10T04:51:38.8633869Z   origin/main
2026-10-10T04:51:38.8644388Z [command]/usr/bin/git rev-parse refs/remotes/origin/main
2026-10-10T04:51:38.8666091Z f489f122208280f4264f92abf024a74247be6a44
2026-10-10T04:51:38.8670401Z ##[endgroup]
2026-10-10T04:51:38.8671544Z ##[group]Determining the checkout info
2026-10-10T04:51:38.8672805Z ##[endgroup]
2026-10-10T04:51:38.8675602Z [command]/usr/bin/git sparse-checkout disable
2026-10-10T04:51:38.8727096Z [command]/usr/bin/git config --local --unset-all extensions.worktreeConfig
2026-10-10T04:51:38.8756824Z ##[group]Checking out the ref
2026-10-10T04:51:38.8760600Z [command]/usr/bin/git checkout --progress --force -B main refs/remotes/origin/main
2026-10-10T04:51:39.1595111Z Switched to a new branch 'main'
2026-10-10T04:51:39.1599833Z branch 'main' set up to track 'origin/main'.
2026-10-10T04:51:39.1618160Z ##[endgroup]
2026-10-10T04:51:39.1663964Z [command]/usr/bin/git log -1 --format=%H
2026-10-10T04:51:39.1689123Z f489f122208280f4264f92abf024a74247be6a44
2026-10-10T04:51:39.1959501Z ##[group]Run sudo apt-get update && sudo apt-get install -y clang cmake ninja-build pkg-config libgtk-3-dev xvfb dbus-x11 flatpak librsvg2-common
2026-10-10T04:51:39.1964393Z [36;1msudo apt-get update && sudo apt-get install -y clang cmake ninja-build pkg-config libgtk-3-dev xvfb dbus-x11 flatpak librsvg2-common[0m
2026-10-10T04:51:39.2331618Z shell: /usr/bin/bash -e {0}
2026-10-10T04:51:39.2333951Z ##[endgroup]
2026-10-10T04:51:39.3151139Z Get:1 file:/etc/apt/apt-mirrors.txt Mirrorlist [144 B]
2026-10-10T04:51:39.3428018Z Hit:2 http://azure.archive.ubuntu.com/ubuntu noble InRelease
2026-10-10T04:51:39.3434229Z Get:3 http://azure.archive.ubuntu.com/ubuntu noble-updates InRelease [126 kB]
2026-10-10T04:51:39.3517249Z Get:4 http://azure.archive.ubuntu.com/ubuntu noble-backports InRelease [126 kB]
2026-10-10T04:51:39.3555521Z Get:5 http://azure.archive.ubuntu.com/ubuntu noble-security InRelease [126 kB]
2026-10-10T04:51:39.3570311Z Get:6 https://packages.microsoft.com/ubuntu/24.04/prod noble InRelease [3600 B]
2026-10-10T04:51:39.4651322Z Get:7 http://azure.archive.ubuntu.com/ubuntu noble-updates/main amd64 Packages [1375 kB]
2026-10-10T04:51:39.4885589Z Get:8 http://azure.archive.ubuntu.com/ubuntu noble-updates/main Translation-en [306 kB]
2026-10-10T04:51:39.4915152Z Get:9 http://azure.archive.ubuntu.com/ubuntu noble-updates/universe amd64 Packages [1702 kB]
2026-10-10T04:51:39.5058520Z Get:10 http://azure.archive.ubuntu.com/ubuntu noble-updates/universe Translation-en [342 kB]
2026-10-10T04:51:39.5094560Z Get:11 http://azure.archive.ubuntu.com/ubuntu noble-updates/restricted amd64 Packages [1761 kB]
2026-10-10T04:51:39.5201882Z Get:12 http://azure.archive.ubuntu.com/ubuntu noble-updates/restricted Translation-en [401 kB]
2026-10-10T04:51:39.5245317Z Get:13 http://azure.archive.ubuntu.com/ubuntu noble-updates/multiverse amd64 Packages [55.0 kB]
2026-10-10T04:51:39.5247273Z Get:14 http://azure.archive.ubuntu.com/ubuntu noble-updates/multiverse Translation-en [14.3 kB]
2026-10-10T04:51:39.5873896Z Get:15 http://azure.archive.ubuntu.com/ubuntu noble-security/main amd64 Packages [1121 kB]
2026-10-10T04:51:39.5931288Z Get:16 http://azure.archive.ubuntu.com/ubuntu noble-security/main Translation-en [228 kB]
2026-10-10T04:51:39.6351589Z Get:23 https://packages.microsoft.com/ubuntu/24.04/prod noble/main armhf Packages [12.3 kB]
2026-10-10T04:51:39.6381046Z Get:24 https://packages.microsoft.com/ubuntu/24.04/prod noble/main arm64 Packages [492 kB]
2026-10-10T04:51:39.6397428Z Get:17 http://azure.archive.ubuntu.com/ubuntu noble-security/universe amd64 Packages [1220 kB]
2026-10-10T04:51:39.6438636Z Get:25 https://packages.microsoft.com/ubuntu/24.04/prod noble/main all Packages [640 B]
2026-10-10T04:51:39.6455211Z Get:18 http://azure.archive.ubuntu.com/ubuntu noble-security/universe Translation-en [245 kB]
2026-10-10T04:51:39.6465527Z Get:26 https://packages.microsoft.com/ubuntu/24.04/prod noble/main amd64 Packages [548 kB]
2026-10-10T04:51:39.6473151Z Get:19 http://azure.archive.ubuntu.com/ubuntu noble-security/restricted amd64 Packages [1669 kB]
2026-10-10T04:51:39.6553976Z Get:20 http://azure.archive.ubuntu.com/ubuntu noble-security/restricted Translation-en [383 kB]
2026-10-10T04:51:39.6577663Z Get:21 http://azure.archive.ubuntu.com/ubuntu noble-security/multiverse amd64 Packages [49.8 kB]
2026-10-10T04:51:39.6584831Z Get:22 http://azure.archive.ubuntu.com/ubuntu noble-security/multiverse Translation-en [12.4 kB]
2026-10-10T04:51:42.8824786Z Fetched 12.3 MB in 1s (9849 kB/s)
2026-10-10T04:51:43.7906930Z Reading package lists...
2026-10-10T04:51:43.8211037Z Reading package lists...
2026-10-10T04:51:44.0140783Z Building dependency tree...
2026-10-10T04:51:44.0148113Z Reading state information...
2026-10-10T04:51:44.1752081Z pkg-config is already the newest version (1.8.1-2build1).
2026-10-10T04:51:44.1753956Z xvfb is already the newest version (2:21.1.12-1ubuntu1.8).
2026-10-10T04:51:44.1755162Z The following additional packages will be installed:
2026-10-10T04:51:44.1756938Z   bubblewrap bzip2-doc cmake-data desktop-file-utils gir1.2-atk-1.0
2026-10-10T04:51:44.1758169Z   gir1.2-atspi-2.0 gir1.2-freedesktop gir1.2-freedesktop-dev
2026-10-10T04:51:44.1759244Z   gir1.2-gdkpixbuf-2.0 gir1.2-glib-2.0-dev gir1.2-gtk-3.0 gir1.2-harfbuzz-0.0
2026-10-10T04:51:44.1760408Z   gir1.2-pango-1.0 gsettings-desktop-schemas libatk-bridge2.0-dev
2026-10-10T04:51:44.1761216Z   libatk1.0-dev libatspi2.0-dev libavahi-glib1 libblkid-dev libbrotli-dev
2026-10-10T04:51:44.1762012Z   libbz2-dev libcairo-script-interpreter2 libcairo2-dev libdatrie-dev
2026-10-10T04:51:44.1763294Z   libdbus-1-dev libdeflate-dev libegl-dev libegl-mesa0 libegl1
2026-10-10T04:51:44.1764152Z   libegl1-mesa-dev libepoxy-dev libfontconfig-dev libfreetype-dev libfreetype6
2026-10-10T04:51:44.1764964Z   libfribidi-dev libgdk-pixbuf-2.0-dev libgdk-pixbuf2.0-bin
2026-10-10T04:51:44.1765744Z   libgirepository-2.0-0 libgl-dev libgles-dev libgles1 libgles2 libglib2.0-dev
2026-10-10T04:51:44.1766310Z   libglib2.0-dev-bin libglvnd-core-dev libglvnd-dev libglx-dev
2026-10-10T04:51:44.1766837Z   libgraphite2-dev libharfbuzz-cairo0 libharfbuzz-dev libharfbuzz-gobject0
2026-10-10T04:51:44.1767644Z   libharfbuzz-icu0 libharfbuzz-subset0 libice-dev libjbig-dev libjpeg-dev
2026-10-10T04:51:44.1768212Z   libjpeg-turbo8-dev libjpeg8-dev libjsoncpp25 liblerc-dev liblzma-dev
2026-10-10T04:51:44.1768818Z   libmalcontent-0-0 libmount-dev libopengl-dev libopengl0 libostree-1-1
2026-10-10T04:51:44.1769335Z   libpango1.0-dev libpangoxft-1.0-0 libpipewire-0.3-0t64
2026-10-10T04:51:44.1769856Z   libpipewire-0.3-common libpixman-1-dev libpng-dev libpng-tools
2026-10-10T04:51:44.1770432Z   libpng16-16t64 libpthread-stubs0-dev librhash0 librsvg2-2 libselinux1-dev
2026-10-10T04:51:44.1771031Z   libsepol-dev libsharpyuv-dev libsm-dev libspa-0.2-modules libthai-dev
2026-10-10T04:51:44.1771591Z   libtiff-dev libtiffxx6 libwayland-bin libwayland-dev libwayland-server0
2026-10-10T04:51:44.1772142Z   libwebp-dev libwebpdecoder3 libwebrtc-audio-processing1 libx11-dev
2026-10-10T04:51:44.1772950Z   libxau-dev libxcb-render0-dev libxcb-shm0-dev libxcb1-dev libxcomposite-dev
2026-10-10T04:51:44.1773588Z   libxcursor-dev libxdamage-dev libxdmcp-dev libxext-dev libxfixes-dev
2026-10-10T04:51:44.1774113Z   libxft-dev libxi-dev libxinerama-dev libxkbcommon-dev libxrandr-dev
2026-10-10T04:51:44.1774637Z   libxrender-dev libxtst-dev pango1.0-tools session-migration uuid-dev
2026-10-10T04:51:44.1775168Z   wayland-protocols x11proto-dev xdg-dbus-proxy xdg-desktop-portal
2026-10-10T04:51:44.1775635Z   xdg-desktop-portal-gtk xorg-sgml-doctools xtrans-dev
2026-10-10T04:51:44.1775962Z Suggested packages:
2026-10-10T04:51:44.1776276Z   cmake-doc cmake-format elpa-cmake-mode avahi-daemon malcontent-gui
2026-10-10T04:51:44.1776988Z   libcairo2-doc libdatrie-doc freetype2-doc libglib2.0-doc libxml2-utils
2026-10-10T04:51:44.1777475Z   libgraphite2-utils libgtk-3-doc libice-doc liblzma-doc libpango1.0-doc
2026-10-10T04:51:44.1777965Z   pipewire librsvg2-bin libsm-doc libthai-doc libwayland-doc libx11-doc
2026-10-10T04:51:44.1778422Z   libxcb-doc libxext-doc graphicsmagick accountsservice evince
2026-10-10T04:51:44.1778776Z   xdg-desktop-portal-gnome
2026-10-10T04:51:44.2355721Z The following NEW packages will be installed:
2026-10-10T04:51:44.2357238Z   bubblewrap bzip2-doc clang cmake cmake-data dbus-x11 desktop-file-utils
2026-10-10T04:51:44.2358841Z   flatpak gir1.2-atk-1.0 gir1.2-atspi-2.0 gir1.2-freedesktop
2026-10-10T04:51:44.2359829Z   gir1.2-freedesktop-dev gir1.2-gdkpixbuf-2.0 gir1.2-glib-2.0-dev
2026-10-10T04:51:44.2360681Z   gir1.2-gtk-3.0 gir1.2-harfbuzz-0.0 gir1.2-pango-1.0
2026-10-10T04:51:44.2361753Z   gsettings-desktop-schemas libatk-bridge2.0-dev libatk1.0-dev libatspi2.0-dev
2026-10-10T04:51:44.2363392Z   libavahi-glib1 libblkid-dev libbrotli-dev libbz2-dev
2026-10-10T04:51:44.2364288Z   libcairo-script-interpreter2 libcairo2-dev libdatrie-dev libdbus-1-dev
2026-10-10T04:51:44.2365351Z   libdeflate-dev libegl-dev libegl-mesa0 libegl1 libegl1-mesa-dev libepoxy-dev
2026-10-10T04:51:44.2367086Z   libfontconfig-dev libfreetype-dev libfribidi-dev libgdk-pixbuf-2.0-dev
2026-10-10T04:51:44.2367991Z   libgdk-pixbuf2.0-bin libgirepository-2.0-0 libgl-dev libgles-dev libgles1
2026-10-10T04:51:44.2368822Z   libgles2 libglib2.0-dev libglib2.0-dev-bin libglvnd-core-dev libglvnd-dev
2026-10-10T04:51:44.2369654Z   libglx-dev libgraphite2-dev libgtk-3-dev libharfbuzz-cairo0 libharfbuzz-dev
2026-10-10T04:51:44.2370487Z   libharfbuzz-gobject0 libharfbuzz-icu0 libharfbuzz-subset0 libice-dev
2026-10-10T04:51:44.2371260Z   libjbig-dev libjpeg-dev libjpeg-turbo8-dev libjpeg8-dev libjsoncpp25
2026-10-10T04:51:44.2372015Z   liblerc-dev liblzma-dev libmalcontent-0-0 libmount-dev libopengl-dev
2026-10-10T04:51:44.2373031Z   libopengl0 libostree-1-1 libpango1.0-dev libpangoxft-1.0-0
2026-10-10T04:51:44.2374091Z   libpipewire-0.3-0t64 libpipewire-0.3-common libpixman-1-dev libpng-dev
2026-10-10T04:51:44.2374938Z   libpng-tools libpthread-stubs0-dev librhash0 librsvg2-2 librsvg2-common
2026-10-10T04:51:44.2375836Z   libselinux1-dev libsepol-dev libsharpyuv-dev libsm-dev libspa-0.2-modules
2026-10-10T04:51:44.2376629Z   libthai-dev libtiff-dev libtiffxx6 libwayland-bin libwayland-dev
2026-10-10T04:51:44.2377239Z   libwayland-server0 libwebp-dev libwebpdecoder3 libwebrtc-audio-processing1
2026-10-10T04:51:44.2377808Z   libx11-dev libxau-dev libxcb-render0-dev libxcb-shm0-dev libxcb1-dev
2026-10-10T04:51:44.2378495Z   libxcomposite-dev libxcursor-dev libxdamage-dev libxdmcp-dev libxext-dev
2026-10-10T04:51:44.2379417Z   libxfixes-dev libxft-dev libxi-dev libxinerama-dev libxkbcommon-dev
2026-10-10T04:51:44.2380064Z   libxrandr-dev libxrender-dev libxtst-dev ninja-build pango1.0-tools
2026-10-10T04:51:44.2380633Z   session-migration uuid-dev wayland-protocols x11proto-dev xdg-dbus-proxy
2026-10-10T04:51:44.2381214Z   xdg-desktop-portal xdg-desktop-portal-gtk xorg-sgml-doctools xtrans-dev
2026-10-10T04:51:44.2381713Z The following packages will be upgraded:
2026-10-10T04:51:44.2382171Z   libfreetype6 libpng16-16t64
2026-10-10T04:51:44.2586363Z 2 upgraded, 124 newly installed, 0 to remove and 21 not upgraded.
2026-10-10T04:51:44.2587322Z Need to get 33.5 MB of archives.
2026-10-10T04:51:44.3210799Z After this operation, 151 MB of additional disk space will be used.
2026-10-10T04:51:44.3212075Z Get:1 file:/etc/apt/apt-mirrors.txt Mirrorlist [144 B]
2026-10-10T04:51:44.3214091Z Get:2 http://azure.archive.ubuntu.com/ubuntu noble-updates/main amd64 libpng16-16t64 amd64 1.6.43-5ubuntu0.7 [189 kB]
2026-10-10T04:51:44.3706880Z Get:3 http://azure.archive.ubuntu.com/ubuntu noble-updates/main amd64 bubblewrap amd64 0.9.0-1ubuntu0.3 [50.4 kB]
2026-10-10T04:51:44.4183993Z Get:4 http://azure.archive.ubuntu.com/ubuntu noble-updates/main amd64 bzip2-doc all 1.0.8-5.1ubuntu0.1 [499 kB]
2026-10-10T04:51:44.4730550Z Get:5 http://azure.archive.ubuntu.com/ubuntu noble/universe amd64 clang amd64 1:18.0-59~exp2 [5846 B]
2026-10-10T04:51:44.5202876Z Get:6 http://azure.archive.ubuntu.com/ubuntu noble/main amd64 libjsoncpp25 amd64 1.9.5-6build1 [82.8 kB]
2026-10-10T04:51:44.5695539Z Get:7 http://azure.archive.ubuntu.com/ubuntu noble/main amd64 librhash0 amd64 1.4.3-3build1 [129 kB]
2026-10-10T04:51:44.6180501Z Get:8 http://azure.archive.ubuntu.com/ubuntu noble/main amd64 cmake-data all 3.28.3-1build7 [2155 kB]
2026-10-10T04:51:44.7021463Z Get:9 http://azure.archive.ubuntu.com/ubuntu noble/main amd64 cmake amd64 3.28.3-1build7 [11.2 MB]
2026-10-10T04:51:44.9985836Z Get:10 http://azure.archive.ubuntu.com/ubuntu noble-updates/main amd64 dbus-x11 amd64 1.14.10-4ubuntu4.1 [23.3 kB]
2026-10-10T04:51:45.0462185Z Get:11 http://azure.archive.ubuntu.com/ubuntu noble/main amd64 desktop-file-utils amd64 0.27-2build1 [53.8 kB]
2026-10-10T04:51:45.0941328Z Get:12 http://azure.archive.ubuntu.com/ubuntu noble-updates/main amd64 xdg-dbus-proxy amd64 0.1.5-1ubuntu0.2 [26.4 kB]
2026-10-10T04:51:45.1419735Z Get:13 http://azure.archive.ubuntu.com/ubuntu noble-updates/main amd64 libmalcontent-0-0 amd64 0.11.1-1ubuntu1.3 [22.3 kB]
2026-10-10T04:51:45.1905504Z Get:14 http://azure.archive.ubuntu.com/ubuntu noble-updates/main amd64 libavahi-glib1 amd64 0.8-13ubuntu6.2 [8186 B]
2026-10-10T04:51:45.2390310Z Get:15 http://azure.archive.ubuntu.com/ubuntu noble/universe amd64 libostree-1-1 amd64 2024.5-1build2 [373 kB]
2026-10-10T04:51:45.2900831Z Get:16 http://azure.archive.ubuntu.com/ubuntu noble-updates/universe amd64 flatpak amd64 1.14.6-1ubuntu0.1 [1350 kB]
2026-10-10T04:51:45.3677608Z Get:17 http://azure.archive.ubuntu.com/ubuntu noble/main amd64 gir1.2-atk-1.0 amd64 2.52.0-1build1 [23.1 kB]
2026-10-10T04:51:45.4153651Z Get:18 http://azure.archive.ubuntu.com/ubuntu noble/main amd64 gir1.2-freedesktop amd64 1.80.1-1 [49.7 kB]
2026-10-10T04:51:45.4623907Z Get:19 http://azure.archive.ubuntu.com/ubuntu noble/main amd64 gir1.2-atspi-2.0 amd64 2.52.0-1build1 [19.8 kB]
2026-10-10T04:51:45.5097479Z Get:20 http://azure.archive.ubuntu.com/ubuntu noble-updates/main amd64 gir1.2-glib-2.0-dev amd64 2.80.0-6ubuntu3.9 [848 kB]
2026-10-10T04:51:45.5741601Z Get:21 http://azure.archive.ubuntu.com/ubuntu noble/main amd64 gir1.2-freedesktop-dev amd64 1.80.1-1 [28.8 kB]
2026-10-10T04:51:45.6214661Z Get:22 http://azure.archive.ubuntu.com/ubuntu noble-updates/main amd64 gir1.2-gdkpixbuf-2.0 amd64 2.42.10+dfsg-3ubuntu3.3 [9482 B]
2026-10-10T04:51:45.6684609Z Get:23 http://azure.archive.ubuntu.com/ubuntu noble/main amd64 libharfbuzz-gobject0 amd64 8.3.0-2build2 [34.3 kB]
2026-10-10T04:51:45.7161484Z Get:24 http://azure.archive.ubuntu.com/ubuntu noble/main amd64 gir1.2-harfbuzz-0.0 amd64 8.3.0-2build2 [44.5 kB]
2026-10-10T04:51:45.7634871Z Get:25 http://azure.archive.ubuntu.com/ubuntu noble/main amd64 libpangoxft-1.0-0 amd64 1.52.1+ds-1build1 [20.3 kB]
2026-10-10T04:51:45.8107329Z Get:26 http://azure.archive.ubuntu.com/ubuntu noble/main amd64 gir1.2-pango-1.0 amd64 1.52.1+ds-1build1 [34.8 kB]
2026-10-10T04:51:45.8580415Z Get:27 http://azure.archive.ubuntu.com/ubuntu noble-updates/main amd64 gir1.2-gtk-3.0 amd64 3.24.41-4ubuntu1.3 [245 kB]
2026-10-10T04:51:45.9074098Z Get:28 http://azure.archive.ubuntu.com/ubuntu noble/main amd64 session-migration amd64 0.3.9build1 [9034 B]
2026-10-10T04:51:45.9549116Z Get:29 http://azure.archive.ubuntu.com/ubuntu noble-updates/main amd64 gsettings-desktop-schemas all 46.1-0ubuntu1 [35.6 kB]
2026-10-10T04:51:46.0024298Z Get:30 http://azure.archive.ubuntu.com/ubuntu noble-updates/main amd64 libglib2.0-dev-bin amd64 2.80.0-6ubuntu3.9 [138 kB]
2026-10-10T04:51:46.0505314Z Get:31 http://azure.archive.ubuntu.com/ubuntu noble-updates/main amd64 uuid-dev amd64 2.39.3-9ubuntu6.6 [33.5 kB]
2026-10-10T04:51:46.1025067Z Get:32 http://azure.archive.ubuntu.com/ubuntu noble-updates/main amd64 libblkid-dev amd64 2.39.3-9ubuntu6.6 [205 kB]
2026-10-10T04:51:46.1574024Z Get:33 http://azure.archive.ubuntu.com/ubuntu noble/main amd64 libsepol-dev amd64 3.5-2build1 [384 kB]
2026-10-10T04:51:46.2159932Z Get:34 http://azure.archive.ubuntu.com/ubuntu noble-updates/main amd64 libselinux1-dev amd64 3.5-2ubuntu2.1 [164 kB]
2026-10-10T04:51:46.2704786Z Get:35 http://azure.archive.ubuntu.com/ubuntu noble-updates/main amd64 libmount-dev amd64 2.39.3-9ubuntu6.6 [14.9 kB]
2026-10-10T04:51:46.3219820Z Get:36 http://azure.archive.ubuntu.com/ubuntu noble-updates/main amd64 libgirepository-2.0-0 amd64 2.80.0-6ubuntu3.9 [73.5 kB]
2026-10-10T04:51:46.3751810Z Get:37 http://azure.archive.ubuntu.com/ubuntu noble-updates/main amd64 libglib2.0-dev amd64 2.80.0-6ubuntu3.9 [1860 kB]
2026-10-10T04:51:46.4606712Z Get:38 http://azure.archive.ubuntu.com/ubuntu noble/main amd64 libatk1.0-dev amd64 2.52.0-1build1 [100 kB]
2026-10-10T04:51:46.5130937Z Get:39 http://azure.archive.ubuntu.com/ubuntu noble-updates/main amd64 libdbus-1-dev amd64 1.14.10-4ubuntu4.1 [190 kB]
2026-10-10T04:51:46.5665745Z Get:40 http://azure.archive.ubuntu.com/ubuntu noble/main amd64 xorg-sgml-doctools all 1:1.11-1.1 [10.9 kB]
2026-10-10T04:51:46.6180986Z Get:41 http://azure.archive.ubuntu.com/ubuntu noble/main amd64 x11proto-dev all 2023.2-1 [602 kB]
2026-10-10T04:51:46.6778362Z Get:42 http://azure.archive.ubuntu.com/ubuntu noble/main amd64 libxau-dev amd64 1:1.0.9-1build6 [9570 B]
2026-10-10T04:51:46.7293268Z Get:43 http://azure.archive.ubuntu.com/ubuntu noble/main amd64 libxdmcp-dev amd64 1:1.1.3-0ubuntu6 [26.5 kB]
2026-10-10T04:51:46.7806717Z Get:44 http://azure.archive.ubuntu.com/ubuntu noble/main amd64 xtrans-dev all 1.4.0-1 [68.9 kB]
2026-10-10T04:51:46.8333555Z Get:45 http://azure.archive.ubuntu.com/ubuntu noble/main amd64 libpthread-stubs0-dev amd64 0.4-1build3 [4746 B]
2026-10-10T04:51:46.8851373Z Get:46 http://azure.archive.ubuntu.com/ubuntu noble/main amd64 libxcb1-dev amd64 1.15-1ubuntu2 [85.8 kB]
2026-10-10T04:51:46.9374623Z Get:47 http://azure.archive.ubuntu.com/ubuntu noble/main amd64 libx11-dev amd64 2:1.8.7-1build1 [732 kB]
2026-10-10T04:51:46.9995016Z Get:48 http://azure.archive.ubuntu.com/ubuntu noble/main amd64 libxext-dev amd64 2:1.3.4-1build2 [83.5 kB]
2026-10-10T04:51:47.0516527Z Get:49 http://azure.archive.ubuntu.com/ubuntu noble/main amd64 libxfixes-dev amd64 1:6.0.0-2build1 [12.1 kB]
2026-10-10T04:51:47.1033784Z Get:50 http://azure.archive.ubuntu.com/ubuntu noble/main amd64 libxi-dev amd64 2:1.8.1-1build1 [194 kB]
2026-10-10T04:51:47.1576800Z Get:51 http://azure.archive.ubuntu.com/ubuntu noble/main amd64 libxtst-dev amd64 2:1.2.3-1.1build1 [15.9 kB]
2026-10-10T04:51:47.2093059Z Get:52 http://azure.archive.ubuntu.com/ubuntu noble/main amd64 libatspi2.0-dev amd64 2.52.0-1build1 [76.2 kB]
2026-10-10T04:51:47.2614149Z Get:53 http://azure.archive.ubuntu.com/ubuntu noble/main amd64 libatk-bridge2.0-dev amd64 2.52.0-1build1 [4284 B]
2026-10-10T04:51:47.3135715Z Get:54 http://azure.archive.ubuntu.com/ubuntu noble/main amd64 libbrotli-dev amd64 1.1.0-2build2 [353 kB]
2026-10-10T04:51:47.3689147Z Get:55 http://azure.archive.ubuntu.com/ubuntu noble-updates/main amd64 libbz2-dev amd64 1.0.8-5.1ubuntu0.1 [33.6 kB]
2026-10-10T04:51:47.4211864Z Get:56 http://azure.archive.ubuntu.com/ubuntu noble-updates/main amd64 libfreetype6 amd64 2.13.2+dfsg-1ubuntu0.2 [403 kB]
2026-10-10T04:51:47.4785450Z Get:57 http://azure.archive.ubuntu.com/ubuntu noble/main amd64 libcairo-script-interpreter2 amd64 1.18.0-3build1 [60.3 kB]
2026-10-10T04:51:47.5308539Z Get:58 http://azure.archive.ubuntu.com/ubuntu noble-updates/main amd64 libpng-dev amd64 1.6.43-5ubuntu0.7 [265 kB]
2026-10-10T04:51:47.5854264Z Get:59 http://azure.archive.ubuntu.com/ubuntu noble-updates/main amd64 libfreetype-dev amd64 2.13.2+dfsg-1ubuntu0.2 [574 kB]
2026-10-10T04:51:47.6460289Z Get:60 http://azure.archive.ubuntu.com/ubuntu noble/main amd64 libfontconfig-dev amd64 2.15.0-1.1ubuntu2 [161 kB]
2026-10-10T04:51:47.6990558Z Get:61 http://azure.archive.ubuntu.com/ubuntu noble/main amd64 libpixman-1-dev amd64 0.42.2-1build1 [296 kB]
2026-10-10T04:51:47.7542697Z Get:62 http://azure.archive.ubuntu.com/ubuntu noble/main amd64 libice-dev amd64 2:1.0.10-1build3 [51.0 kB]
2026-10-10T04:51:47.8060172Z Get:63 http://azure.archive.ubuntu.com/ubuntu noble/main amd64 libsm-dev amd64 2:1.2.3-1build3 [17.8 kB]
2026-10-10T04:51:47.8575928Z Get:64 http://azure.archive.ubuntu.com/ubuntu noble/main amd64 libxcb-render0-dev amd64 1.15-1ubuntu2 [19.6 kB]
2026-10-10T04:51:47.9090823Z Get:65 http://azure.archive.ubuntu.com/ubuntu noble/main amd64 libxcb-shm0-dev amd64 1.15-1ubuntu2 [8246 B]
2026-10-10T04:51:47.9604791Z Get:66 http://azure.archive.ubuntu.com/ubuntu noble/main amd64 libxrender-dev amd64 1:0.9.10-1.1build1 [26.3 kB]
2026-10-10T04:51:48.0121954Z Get:67 http://azure.archive.ubuntu.com/ubuntu noble/main amd64 libcairo2-dev amd64 1.18.0-3build1 [41.1 kB]
2026-10-10T04:51:48.0641533Z Get:68 http://azure.archive.ubuntu.com/ubuntu noble/main amd64 libdatrie-dev amd64 0.2.13-3build1 [19.4 kB]
2026-10-10T04:51:48.1208918Z Get:69 http://azure.archive.ubuntu.com/ubuntu noble-updates/main amd64 libdeflate-dev amd64 1.19-1build1.1 [50.9 kB]
2026-10-10T04:51:48.1728339Z Get:70 http://azure.archive.ubuntu.com/ubuntu noble-updates/main amd64 libegl-mesa0 amd64 25.2.8-0ubuntu0.24.04.4 [117 kB]
2026-10-10T04:51:48.2250975Z Get:71 http://azure.archive.ubuntu.com/ubuntu noble/main amd64 libegl1 amd64 1.7.0-1build1 [28.7 kB]
2026-10-10T04:51:48.3708192Z Get:72 http://azure.archive.ubuntu.com/ubuntu noble/main amd64 libglx-dev amd64 1.7.0-1build1 [14.2 kB]
2026-10-10T04:51:48.5604451Z Get:73 http://azure.archive.ubuntu.com/ubuntu noble/main amd64 libgl-dev amd64 1.7.0-1build1 [102 kB]
2026-10-10T04:51:48.7183108Z Get:74 http://azure.archive.ubuntu.com/ubuntu noble/main amd64 libegl-dev amd64 1.7.0-1build1 [18.2 kB]
2026-10-10T04:51:48.9087697Z Get:75 http://azure.archive.ubuntu.com/ubuntu noble/main amd64 libglvnd-core-dev amd64 1.7.0-1build1 [13.6 kB]
2026-10-10T04:51:48.9563830Z Get:76 http://azure.archive.ubuntu.com/ubuntu noble/main amd64 libgles1 amd64 1.7.0-1build1 [11.6 kB]
2026-10-10T04:51:49.0041209Z Get:77 http://azure.archive.ubuntu.com/ubuntu noble/main amd64 libgles2 amd64 1.7.0-1build1 [17.1 kB]
2026-10-10T04:51:49.0517674Z Get:78 http://azure.archive.ubuntu.com/ubuntu noble/main amd64 libgles-dev amd64 1.7.0-1build1 [50.5 kB]
2026-10-10T04:51:49.0994591Z Get:79 http://azure.archive.ubuntu.com/ubuntu noble/main amd64 libopengl0 amd64 1.7.0-1build1 [32.8 kB]
2026-10-10T04:51:49.1474547Z Get:80 http://azure.archive.ubuntu.com/ubuntu noble/main amd64 libopengl-dev amd64 1.7.0-1build1 [3454 B]
2026-10-10T04:51:49.1955947Z Get:81 http://azure.archive.ubuntu.com/ubuntu noble/main amd64 libglvnd-dev amd64 1.7.0-1build1 [3198 B]
2026-10-10T04:51:49.2431572Z Get:82 http://azure.archive.ubuntu.com/ubuntu noble-updates/main amd64 libegl1-mesa-dev amd64 25.2.8-0ubuntu0.24.04.4 [26.8 kB]
2026-10-10T04:51:49.2913546Z Get:83 http://azure.archive.ubuntu.com/ubuntu noble/main amd64 libepoxy-dev amd64 1.5.10-1build1 [132 kB]
2026-10-10T04:51:49.3398465Z Get:84 http://azure.archive.ubuntu.com/ubuntu noble/main amd64 libfribidi-dev amd64 1.0.13-3build1 [64.8 kB]
2026-10-10T04:51:49.3888056Z Get:85 http://azure.archive.ubuntu.com/ubuntu noble-updates/main amd64 libgdk-pixbuf2.0-bin amd64 2.42.10+dfsg-3ubuntu3.3 [13.9 kB]
2026-10-10T04:51:49.4368585Z Get:86 http://azure.archive.ubuntu.com/ubuntu noble/main amd64 libjpeg-turbo8-dev amd64 2.1.5-2ubuntu2 [295 kB]
2026-10-10T04:51:49.4881659Z Get:87 http://azure.archive.ubuntu.com/ubuntu noble/main amd64 libjpeg8-dev amd64 8c-2ubuntu11 [1484 B]
2026-10-10T04:51:49.5357225Z Get:88 http://azure.archive.ubuntu.com/ubuntu noble/main amd64 libjpeg-dev amd64 8c-2ubuntu11 [1482 B]
2026-10-10T04:51:49.5833234Z Get:89 http://azure.archive.ubuntu.com/ubuntu noble/main amd64 libjbig-dev amd64 2.1-6.1ubuntu2 [27.9 kB]
2026-10-10T04:51:49.6312317Z Get:90 http://azure.archive.ubuntu.com/ubuntu noble-updates/main amd64 liblzma-dev amd64 5.6.1+really5.4.5-1ubuntu0.3 [176 kB]
2026-10-10T04:51:49.6821345Z Get:91 http://azure.archive.ubuntu.com/ubuntu noble/main amd64 libwebpdecoder3 amd64 1.3.2-0.4build3 [114 kB]
2026-10-10T04:51:49.7315702Z Get:92 http://azure.archive.ubuntu.com/ubuntu noble/main amd64 libsharpyuv-dev amd64 1.3.2-0.4build3 [16.0 kB]
2026-10-10T04:51:49.7793416Z Get:93 http://azure.archive.ubuntu.com/ubuntu noble/main amd64 libwebp-dev amd64 1.3.2-0.4build3 [367 kB]
2026-10-10T04:51:49.8314406Z Get:94 http://azure.archive.ubuntu.com/ubuntu noble-updates/main amd64 libtiffxx6 amd64 4.5.1+git230720-4ubuntu2.5 [5642 B]
2026-10-10T04:51:49.8797199Z Get:95 http://azure.archive.ubuntu.com/ubuntu noble/main amd64 liblerc-dev amd64 4.0.0+ds-4ubuntu2 [182 kB]
2026-10-10T04:51:49.9295901Z Get:96 http://azure.archive.ubuntu.com/ubuntu noble-updates/main amd64 libtiff-dev amd64 4.5.1+git230720-4ubuntu2.5 [338 kB]
2026-10-10T04:51:49.9852336Z Get:97 http://azure.archive.ubuntu.com/ubuntu noble-updates/main amd64 libgdk-pixbuf-2.0-dev amd64 2.42.10+dfsg-3ubuntu3.3 [47.9 kB]
2026-10-10T04:51:50.0331280Z Get:98 http://azure.archive.ubuntu.com/ubuntu noble-updates/main amd64 libgraphite2-dev amd64 1.3.14-2ubuntu0.24.04.1 [14.7 kB]
2026-10-10T04:51:50.0803031Z Get:99 http://azure.archive.ubuntu.com/ubuntu noble/main amd64 libharfbuzz-icu0 amd64 8.3.0-2build2 [13.3 kB]
2026-10-10T04:51:50.1291082Z Get:100 http://azure.archive.ubuntu.com/ubuntu noble/main amd64 libharfbuzz-subset0 amd64 8.3.0-2build2 [448 kB]
2026-10-10T04:51:50.1811832Z Get:101 http://azure.archive.ubuntu.com/ubuntu noble/main amd64 libharfbuzz-cairo0 amd64 8.3.0-2build2 [26.2 kB]
2026-10-10T04:51:50.2291721Z Get:102 http://azure.archive.ubuntu.com/ubuntu noble/main amd64 libharfbuzz-dev amd64 8.3.0-2build2 [142 kB]
2026-10-10T04:51:50.2846169Z Get:103 http://azure.archive.ubuntu.com/ubuntu noble/main amd64 libthai-dev amd64 0.1.29-2build1 [26.6 kB]
2026-10-10T04:51:50.3321802Z Get:104 http://azure.archive.ubuntu.com/ubuntu noble/main amd64 libxft-dev amd64 2.3.6-1build1 [64.3 kB]
2026-10-10T04:51:50.3799063Z Get:105 http://azure.archive.ubuntu.com/ubuntu noble/main amd64 pango1.0-tools amd64 1.52.1+ds-1build1 [36.7 kB]
2026-10-10T04:51:50.4274474Z Get:106 http://azure.archive.ubuntu.com/ubuntu noble/main amd64 libpango1.0-dev amd64 1.52.1+ds-1build1 [147 kB]
2026-10-10T04:51:50.4763312Z Get:107 http://azure.archive.ubuntu.com/ubuntu noble/main amd64 libwayland-server0 amd64 1.22.0-2.1build1 [33.9 kB]
2026-10-10T04:51:50.5237896Z Get:108 http://azure.archive.ubuntu.com/ubuntu noble/main amd64 libwayland-bin amd64 1.22.0-2.1build1 [20.6 kB]
2026-10-10T04:51:50.5711367Z Get:109 http://azure.archive.ubuntu.com/ubuntu noble/main amd64 libwayland-dev amd64 1.22.0-2.1build1 [71.3 kB]
2026-10-10T04:51:50.6187020Z Get:110 http://azure.archive.ubuntu.com/ubuntu noble/main amd64 libxcomposite-dev amd64 1:0.4.5-1build3 [9374 B]
2026-10-10T04:51:50.6654342Z Get:111 http://azure.archive.ubuntu.com/ubuntu noble/main amd64 libxcursor-dev amd64 1:1.2.1-1build1 [31.8 kB]
2026-10-10T04:51:50.7124486Z Get:112 http://azure.archive.ubuntu.com/ubuntu noble/main amd64 libxdamage-dev amd64 1:1.1.6-1build1 [5270 B]
2026-10-10T04:51:50.7593483Z Get:113 http://azure.archive.ubuntu.com/ubuntu noble/main amd64 libxinerama-dev amd64 2:1.1.4-3build1 [7988 B]
2026-10-10T04:51:50.8066048Z Get:114 http://azure.archive.ubuntu.com/ubuntu noble/main amd64 libxkbcommon-dev amd64 1.6.0-1build1 [56.3 kB]
2026-10-10T04:51:50.8537973Z Get:115 http://azure.archive.ubuntu.com/ubuntu noble/main amd64 libxrandr-dev amd64 2:1.5.2-2build1 [26.4 kB]
2026-10-10T04:51:50.9008036Z Get:116 http://azure.archive.ubuntu.com/ubuntu noble-updates/main amd64 wayland-protocols all 1.45-1~ubuntu0.24.04.2 [114 kB]
2026-10-10T04:51:50.9486209Z Get:117 http://azure.archive.ubuntu.com/ubuntu noble-updates/main amd64 libgtk-3-dev amd64 3.24.41-4ubuntu1.3 [1096 kB]
2026-10-10T04:51:51.0207348Z Get:118 http://azure.archive.ubuntu.com/ubuntu noble/main amd64 libwebrtc-audio-processing1 amd64 0.3.1-0ubuntu6 [290 kB]
2026-10-10T04:51:51.0728834Z Get:119 http://azure.archive.ubuntu.com/ubuntu noble-updates/main amd64 libspa-0.2-modules amd64 1.0.5-1ubuntu3.3 [628 kB]
2026-10-10T04:51:51.1304242Z Get:120 http://azure.archive.ubuntu.com/ubuntu noble-updates/main amd64 libpipewire-0.3-0t64 amd64 1.0.5-1ubuntu3.3 [252 kB]
2026-10-10T04:51:51.1823783Z Get:121 http://azure.archive.ubuntu.com/ubuntu noble-updates/main amd64 libpipewire-0.3-common all 1.0.5-1ubuntu3.3 [19.5 kB]
2026-10-10T04:51:51.2297810Z Get:122 http://azure.archive.ubuntu.com/ubuntu noble-updates/main amd64 libpng-tools amd64 1.6.43-5ubuntu0.7 [28.5 kB]
2026-10-10T04:51:51.2770081Z Get:123 http://azure.archive.ubuntu.com/ubuntu noble-updates/main amd64 librsvg2-2 amd64 2.58.0+dfsg-1ubuntu0.1 [2141 kB]
2026-10-10T04:51:51.3580157Z Get:124 http://azure.archive.ubuntu.com/ubuntu noble-updates/main amd64 librsvg2-common amd64 2.58.0+dfsg-1ubuntu0.1 [11.8 kB]
2026-10-10T04:51:51.4048089Z Get:125 http://azure.archive.ubuntu.com/ubuntu noble/universe amd64 ninja-build amd64 1.11.1-2 [129 kB]
2026-10-10T04:51:51.4558342Z Get:126 http://azure.archive.ubuntu.com/ubuntu noble-updates/main amd64 xdg-desktop-portal amd64 1.18.4-1ubuntu2.24.04.3 [307 kB]
2026-10-10T04:51:51.5113135Z Get:127 http://azure.archive.ubuntu.com/ubuntu noble/main amd64 xdg-desktop-portal-gtk amd64 1.15.1-1build2 [80.3 kB]
2026-10-10T04:51:51.8805467Z Fetched 33.5 MB in 7s (4616 kB/s)
2026-10-10T04:51:51.9466975Z (Reading database ... 
2026-10-10T04:51:51.9467663Z (Reading database ... 5%
2026-10-10T04:51:51.9468152Z (Reading database ... 10%
2026-10-10T04:51:51.9468961Z (Reading database ... 15%
2026-10-10T04:51:51.9469439Z (Reading database ... 20%
2026-10-10T04:51:51.9469905Z (Reading database ... 25%
2026-10-10T04:51:51.9470362Z (Reading database ... 30%
2026-10-10T04:51:51.9470820Z (Reading database ... 35%
2026-10-10T04:51:51.9471286Z (Reading database ... 40%
2026-10-10T04:51:51.9471670Z (Reading database ... 45%
2026-10-10T04:51:51.9471923Z (Reading database ... 50%
2026-10-10T04:51:51.9543693Z (Reading database ... 55%
2026-10-10T04:51:52.0252693Z (Reading database ... 60%
2026-10-10T04:51:52.2164646Z (Reading database ... 65%
2026-10-10T04:51:52.4274262Z (Reading database ... 70%
2026-10-10T04:51:52.5771749Z (Reading database ... 75%
2026-10-10T04:51:52.7390927Z (Reading database ... 80%
2026-10-10T04:51:52.9212729Z (Reading database ... 85%
2026-10-10T04:51:53.1297937Z (Reading database ... 90%
2026-10-10T04:51:53.2807980Z (Reading database ... 95%
2026-10-10T04:51:53.2808577Z (Reading database ... 100%
2026-10-10T04:51:53.2809468Z (Reading database ... 203191 files and directories currently installed.)
2026-10-10T04:51:53.2854241Z Preparing to unpack .../000-libpng16-16t64_1.6.43-5ubuntu0.7_amd64.deb ...
2026-10-10T04:51:53.2928950Z Unpacking libpng16-16t64:amd64 (1.6.43-5ubuntu0.7) over (1.6.43-5ubuntu0.6) ...
2026-10-10T04:51:53.3460327Z Selecting previously unselected package bubblewrap.
2026-10-10T04:51:53.3594598Z Preparing to unpack .../001-bubblewrap_0.9.0-1ubuntu0.3_amd64.deb ...
2026-10-10T04:51:53.3604563Z Unpacking bubblewrap (0.9.0-1ubuntu0.3) ...
2026-10-10T04:51:53.3898700Z Selecting previously unselected package bzip2-doc.
2026-10-10T04:51:53.4028086Z Preparing to unpack .../002-bzip2-doc_1.0.8-5.1ubuntu0.1_all.deb ...
2026-10-10T04:51:53.4036863Z Unpacking bzip2-doc (1.0.8-5.1ubuntu0.1) ...
2026-10-10T04:51:53.4283627Z Selecting previously unselected package clang.
2026-10-10T04:51:53.4412127Z Preparing to unpack .../003-clang_1%3a18.0-59~exp2_amd64.deb ...
2026-10-10T04:51:53.4421921Z Unpacking clang (1:18.0-59~exp2) ...
2026-10-10T04:51:53.4635231Z Selecting previously unselected package libjsoncpp25:amd64.
2026-10-10T04:51:53.4762948Z Preparing to unpack .../004-libjsoncpp25_1.9.5-6build1_amd64.deb ...
2026-10-10T04:51:53.4773854Z Unpacking libjsoncpp25:amd64 (1.9.5-6build1) ...
2026-10-10T04:51:53.5008684Z Selecting previously unselected package librhash0:amd64.
2026-10-10T04:51:53.5137768Z Preparing to unpack .../005-librhash0_1.4.3-3build1_amd64.deb ...
2026-10-10T04:51:53.5146958Z Unpacking librhash0:amd64 (1.4.3-3build1) ...
2026-10-10T04:51:53.5384715Z Selecting previously unselected package cmake-data.
2026-10-10T04:51:53.5514274Z Preparing to unpack .../006-cmake-data_3.28.3-1build7_all.deb ...
2026-10-10T04:51:53.5586604Z Unpacking cmake-data (3.28.3-1build7) ...
2026-10-10T04:51:54.0675261Z Selecting previously unselected package cmake.
2026-10-10T04:51:54.0820380Z Preparing to unpack .../007-cmake_3.28.3-1build7_amd64.deb ...
2026-10-10T04:51:54.0831856Z Unpacking cmake (3.28.3-1build7) ...
2026-10-10T04:51:54.2374213Z Selecting previously unselected package dbus-x11.
2026-10-10T04:51:54.2504256Z Preparing to unpack .../008-dbus-x11_1.14.10-4ubuntu4.1_amd64.deb ...
2026-10-10T04:51:54.2512869Z Unpacking dbus-x11 (1.14.10-4ubuntu4.1) ...
2026-10-10T04:51:54.2756356Z Selecting previously unselected package desktop-file-utils.
2026-10-10T04:51:54.2888192Z Preparing to unpack .../009-desktop-file-utils_0.27-2build1_amd64.deb ...
2026-10-10T04:51:54.2896683Z Unpacking desktop-file-utils (0.27-2build1) ...
2026-10-10T04:51:54.3143985Z Selecting previously unselected package xdg-dbus-proxy.
2026-10-10T04:51:54.3271655Z Preparing to unpack .../010-xdg-dbus-proxy_0.1.5-1ubuntu0.2_amd64.deb ...
2026-10-10T04:51:54.3279919Z Unpacking xdg-dbus-proxy (0.1.5-1ubuntu0.2) ...
2026-10-10T04:51:54.3489621Z Selecting previously unselected package libmalcontent-0-0:amd64.
2026-10-10T04:51:54.3620548Z Preparing to unpack .../011-libmalcontent-0-0_0.11.1-1ubuntu1.3_amd64.deb ...
2026-10-10T04:51:54.3629803Z Unpacking libmalcontent-0-0:amd64 (0.11.1-1ubuntu1.3) ...
2026-10-10T04:51:54.3847330Z Selecting previously unselected package libavahi-glib1:amd64.
2026-10-10T04:51:54.3983830Z Preparing to unpack .../012-libavahi-glib1_0.8-13ubuntu6.2_amd64.deb ...
2026-10-10T04:51:54.3993119Z Unpacking libavahi-glib1:amd64 (0.8-13ubuntu6.2) ...
2026-10-10T04:51:54.4213928Z Selecting previously unselected package libostree-1-1:amd64.
2026-10-10T04:51:54.4350199Z Preparing to unpack .../013-libostree-1-1_2024.5-1build2_amd64.deb ...
2026-10-10T04:51:54.4359957Z Unpacking libostree-1-1:amd64 (2024.5-1build2) ...
2026-10-10T04:51:54.4624985Z Selecting previously unselected package flatpak.
2026-10-10T04:51:54.4760919Z Preparing to unpack .../014-flatpak_1.14.6-1ubuntu0.1_amd64.deb ...
2026-10-10T04:51:54.4830480Z Unpacking flatpak (1.14.6-1ubuntu0.1) ...
2026-10-10T04:51:54.5927070Z Selecting previously unselected package gir1.2-atk-1.0:amd64.
2026-10-10T04:51:54.6061301Z Preparing to unpack .../015-gir1.2-atk-1.0_2.52.0-1build1_amd64.deb ...
2026-10-10T04:51:54.6069366Z Unpacking gir1.2-atk-1.0:amd64 (2.52.0-1build1) ...
2026-10-10T04:51:54.6287672Z Selecting previously unselected package gir1.2-freedesktop:amd64.
2026-10-10T04:51:54.6418302Z Preparing to unpack .../016-gir1.2-freedesktop_1.80.1-1_amd64.deb ...
2026-10-10T04:51:54.6426770Z Unpacking gir1.2-freedesktop:amd64 (1.80.1-1) ...
2026-10-10T04:51:54.6647499Z Selecting previously unselected package gir1.2-atspi-2.0:amd64.
2026-10-10T04:51:54.6784068Z Preparing to unpack .../017-gir1.2-atspi-2.0_2.52.0-1build1_amd64.deb ...
2026-10-10T04:51:54.6791835Z Unpacking gir1.2-atspi-2.0:amd64 (2.52.0-1build1) ...
2026-10-10T04:51:54.7001255Z Selecting previously unselected package gir1.2-glib-2.0-dev:amd64.
2026-10-10T04:51:54.7137026Z Preparing to unpack .../018-gir1.2-glib-2.0-dev_2.80.0-6ubuntu3.9_amd64.deb ...
2026-10-10T04:51:54.7145550Z Unpacking gir1.2-glib-2.0-dev:amd64 (2.80.0-6ubuntu3.9) ...
2026-10-10T04:51:54.7790036Z Selecting previously unselected package gir1.2-freedesktop-dev:amd64.
2026-10-10T04:51:54.7921350Z Preparing to unpack .../019-gir1.2-freedesktop-dev_1.80.1-1_amd64.deb ...
2026-10-10T04:51:54.7929854Z Unpacking gir1.2-freedesktop-dev:amd64 (1.80.1-1) ...
2026-10-10T04:51:54.8154915Z Selecting previously unselected package gir1.2-gdkpixbuf-2.0:amd64.
2026-10-10T04:51:54.8287693Z Preparing to unpack .../020-gir1.2-gdkpixbuf-2.0_2.42.10+dfsg-3ubuntu3.3_amd64.deb ...
2026-10-10T04:51:54.8298044Z Unpacking gir1.2-gdkpixbuf-2.0:amd64 (2.42.10+dfsg-3ubuntu3.3) ...
2026-10-10T04:51:54.8504652Z Selecting previously unselected package libharfbuzz-gobject0:amd64.
2026-10-10T04:51:54.8638892Z Preparing to unpack .../021-libharfbuzz-gobject0_8.3.0-2build2_amd64.deb ...
2026-10-10T04:51:54.8646575Z Unpacking libharfbuzz-gobject0:amd64 (8.3.0-2build2) ...
2026-10-10T04:51:54.8864283Z Selecting previously unselected package gir1.2-harfbuzz-0.0:amd64.
2026-10-10T04:51:54.8995991Z Preparing to unpack .../022-gir1.2-harfbuzz-0.0_8.3.0-2build2_amd64.deb ...
2026-10-10T04:51:54.9003170Z Unpacking gir1.2-harfbuzz-0.0:amd64 (8.3.0-2build2) ...
2026-10-10T04:51:54.9217747Z Selecting previously unselected package libpangoxft-1.0-0:amd64.
2026-10-10T04:51:54.9352032Z Preparing to unpack .../023-libpangoxft-1.0-0_1.52.1+ds-1build1_amd64.deb ...
2026-10-10T04:51:54.9358797Z Unpacking libpangoxft-1.0-0:amd64 (1.52.1+ds-1build1) ...
2026-10-10T04:51:54.9556223Z Selecting previously unselected package gir1.2-pango-1.0:amd64.
2026-10-10T04:51:54.9685258Z Preparing to unpack .../024-gir1.2-pango-1.0_1.52.1+ds-1build1_amd64.deb ...
2026-10-10T04:51:54.9693891Z Unpacking gir1.2-pango-1.0:amd64 (1.52.1+ds-1build1) ...
2026-10-10T04:51:54.9891721Z Selecting previously unselected package gir1.2-gtk-3.0:amd64.
2026-10-10T04:51:55.0020204Z Preparing to unpack .../025-gir1.2-gtk-3.0_3.24.41-4ubuntu1.3_amd64.deb ...
2026-10-10T04:51:55.0027242Z Unpacking gir1.2-gtk-3.0:amd64 (3.24.41-4ubuntu1.3) ...
2026-10-10T04:51:55.0263729Z Selecting previously unselected package session-migration.
2026-10-10T04:51:55.0394913Z Preparing to unpack .../026-session-migration_0.3.9build1_amd64.deb ...
2026-10-10T04:51:55.0401931Z Unpacking session-migration (0.3.9build1) ...
2026-10-10T04:51:55.0602888Z Selecting previously unselected package gsettings-desktop-schemas.
2026-10-10T04:51:55.0732296Z Preparing to unpack .../027-gsettings-desktop-schemas_46.1-0ubuntu1_all.deb ...
2026-10-10T04:51:55.0739024Z Unpacking gsettings-desktop-schemas (46.1-0ubuntu1) ...
2026-10-10T04:51:55.1013361Z Selecting previously unselected package libglib2.0-dev-bin.
2026-10-10T04:51:55.1153953Z Preparing to unpack .../028-libglib2.0-dev-bin_2.80.0-6ubuntu3.9_amd64.deb ...
2026-10-10T04:51:55.1154839Z Unpacking libglib2.0-dev-bin (2.80.0-6ubuntu3.9) ...
2026-10-10T04:51:55.1441452Z Selecting previously unselected package uuid-dev:amd64.
2026-10-10T04:51:55.1570400Z Preparing to unpack .../029-uuid-dev_2.39.3-9ubuntu6.6_amd64.deb ...
2026-10-10T04:51:55.1577778Z Unpacking uuid-dev:amd64 (2.39.3-9ubuntu6.6) ...
2026-10-10T04:51:55.1869354Z Selecting previously unselected package libblkid-dev:amd64.
2026-10-10T04:51:55.1998340Z Preparing to unpack .../030-libblkid-dev_2.39.3-9ubuntu6.6_amd64.deb ...
2026-10-10T04:51:55.2005162Z Unpacking libblkid-dev:amd64 (2.39.3-9ubuntu6.6) ...
2026-10-10T04:51:55.2234260Z Selecting previously unselected package libsepol-dev:amd64.
2026-10-10T04:51:55.2365443Z Preparing to unpack .../031-libsepol-dev_3.5-2build1_amd64.deb ...
2026-10-10T04:51:55.2371299Z Unpacking libsepol-dev:amd64 (3.5-2build1) ...
2026-10-10T04:51:55.2688305Z Selecting previously unselected package libselinux1-dev:amd64.
2026-10-10T04:51:55.2818045Z Preparing to unpack .../032-libselinux1-dev_3.5-2ubuntu2.1_amd64.deb ...
2026-10-10T04:51:55.2824519Z Unpacking libselinux1-dev:amd64 (3.5-2ubuntu2.1) ...
2026-10-10T04:51:55.3234562Z Selecting previously unselected package libmount-dev:amd64.
2026-10-10T04:51:55.3368654Z Preparing to unpack .../033-libmount-dev_2.39.3-9ubuntu6.6_amd64.deb ...
2026-10-10T04:51:55.3376096Z Unpacking libmount-dev:amd64 (2.39.3-9ubuntu6.6) ...
2026-10-10T04:51:55.3591283Z Selecting previously unselected package libgirepository-2.0-0:amd64.
2026-10-10T04:51:55.3722205Z Preparing to unpack .../034-libgirepository-2.0-0_2.80.0-6ubuntu3.9_amd64.deb ...
2026-10-10T04:51:55.3729564Z Unpacking libgirepository-2.0-0:amd64 (2.80.0-6ubuntu3.9) ...
2026-10-10T04:51:55.3945308Z Selecting previously unselected package libglib2.0-dev:amd64.
2026-10-10T04:51:55.4077540Z Preparing to unpack .../035-libglib2.0-dev_2.80.0-6ubuntu3.9_amd64.deb ...
2026-10-10T04:51:55.4084674Z Unpacking libglib2.0-dev:amd64 (2.80.0-6ubuntu3.9) ...
2026-10-10T04:51:55.5013044Z Selecting previously unselected package libatk1.0-dev:amd64.
2026-10-10T04:51:55.5145997Z Preparing to unpack .../036-libatk1.0-dev_2.52.0-1build1_amd64.deb ...
2026-10-10T04:51:55.5153565Z Unpacking libatk1.0-dev:amd64 (2.52.0-1build1) ...
2026-10-10T04:51:55.5440326Z Selecting previously unselected package libdbus-1-dev:amd64.
2026-10-10T04:51:55.5568933Z Preparing to unpack .../037-libdbus-1-dev_1.14.10-4ubuntu4.1_amd64.deb ...
2026-10-10T04:51:55.5576385Z Unpacking libdbus-1-dev:amd64 (1.14.10-4ubuntu4.1) ...
2026-10-10T04:51:55.5864321Z Selecting previously unselected package xorg-sgml-doctools.
2026-10-10T04:51:55.5990794Z Preparing to unpack .../038-xorg-sgml-doctools_1%3a1.11-1.1_all.deb ...
2026-10-10T04:51:55.5998061Z Unpacking xorg-sgml-doctools (1:1.11-1.1) ...
2026-10-10T04:51:55.6229474Z Selecting previously unselected package x11proto-dev.
2026-10-10T04:51:55.6375749Z Preparing to unpack .../039-x11proto-dev_2023.2-1_all.deb ...
2026-10-10T04:51:55.6382785Z Unpacking x11proto-dev (2023.2-1) ...
2026-10-10T04:51:55.6891391Z Selecting previously unselected package libxau-dev:amd64.
2026-10-10T04:51:55.7021618Z Preparing to unpack .../040-libxau-dev_1%3a1.0.9-1build6_amd64.deb ...
2026-10-10T04:51:55.7028912Z Unpacking libxau-dev:amd64 (1:1.0.9-1build6) ...
2026-10-10T04:51:55.7238040Z Selecting previously unselected package libxdmcp-dev:amd64.
2026-10-10T04:51:55.7366689Z Preparing to unpack .../041-libxdmcp-dev_1%3a1.1.3-0ubuntu6_amd64.deb ...
2026-10-10T04:51:55.7373752Z Unpacking libxdmcp-dev:amd64 (1:1.1.3-0ubuntu6) ...
2026-10-10T04:51:55.7569999Z Selecting previously unselected package xtrans-dev.
2026-10-10T04:51:55.7702750Z Preparing to unpack .../042-xtrans-dev_1.4.0-1_all.deb ...
2026-10-10T04:51:55.7710987Z Unpacking xtrans-dev (1.4.0-1) ...
2026-10-10T04:51:55.7951868Z Selecting previously unselected package libpthread-stubs0-dev:amd64.
2026-10-10T04:51:55.8085325Z Preparing to unpack .../043-libpthread-stubs0-dev_0.4-1build3_amd64.deb ...
2026-10-10T04:51:55.8091955Z Unpacking libpthread-stubs0-dev:amd64 (0.4-1build3) ...
2026-10-10T04:51:55.8289437Z Selecting previously unselected package libxcb1-dev:amd64.
2026-10-10T04:51:55.8421314Z Preparing to unpack .../044-libxcb1-dev_1.15-1ubuntu2_amd64.deb ...
2026-10-10T04:51:55.8429029Z Unpacking libxcb1-dev:amd64 (1.15-1ubuntu2) ...
2026-10-10T04:51:55.8658332Z Selecting previously unselected package libx11-dev:amd64.
2026-10-10T04:51:55.8791315Z Preparing to unpack .../045-libx11-dev_2%3a1.8.7-1build1_amd64.deb ...
2026-10-10T04:51:55.8800062Z Unpacking libx11-dev:amd64 (2:1.8.7-1build1) ...
2026-10-10T04:51:55.9103370Z Selecting previously unselected package libxext-dev:amd64.
2026-10-10T04:51:55.9234990Z Preparing to unpack .../046-libxext-dev_2%3a1.3.4-1build2_amd64.deb ...
2026-10-10T04:51:55.9242760Z Unpacking libxext-dev:amd64 (2:1.3.4-1build2) ...
2026-10-10T04:51:55.9534562Z Selecting previously unselected package libxfixes-dev:amd64.
2026-10-10T04:51:55.9669146Z Preparing to unpack .../047-libxfixes-dev_1%3a6.0.0-2build1_amd64.deb ...
2026-10-10T04:51:55.9675872Z Unpacking libxfixes-dev:amd64 (1:6.0.0-2build1) ...
2026-10-10T04:51:55.9872851Z Selecting previously unselected package libxi-dev:amd64.
2026-10-10T04:51:56.0006111Z Preparing to unpack .../048-libxi-dev_2%3a1.8.1-1build1_amd64.deb ...
2026-10-10T04:51:56.0014968Z Unpacking libxi-dev:amd64 (2:1.8.1-1build1) ...
2026-10-10T04:51:56.0323772Z Selecting previously unselected package libxtst-dev:amd64.
2026-10-10T04:51:56.0454121Z Preparing to unpack .../049-libxtst-dev_2%3a1.2.3-1.1build1_amd64.deb ...
2026-10-10T04:51:56.0462181Z Unpacking libxtst-dev:amd64 (2:1.2.3-1.1build1) ...
2026-10-10T04:51:56.0665109Z Selecting previously unselected package libatspi2.0-dev:amd64.
2026-10-10T04:51:56.0811703Z Preparing to unpack .../050-libatspi2.0-dev_2.52.0-1build1_amd64.deb ...
2026-10-10T04:51:56.0819898Z Unpacking libatspi2.0-dev:amd64 (2.52.0-1build1) ...
2026-10-10T04:51:56.1090706Z Selecting previously unselected package libatk-bridge2.0-dev:amd64.
2026-10-10T04:51:56.1225021Z Preparing to unpack .../051-libatk-bridge2.0-dev_2.52.0-1build1_amd64.deb ...
2026-10-10T04:51:56.1240970Z Unpacking libatk-bridge2.0-dev:amd64 (2.52.0-1build1) ...
2026-10-10T04:51:56.1436248Z Selecting previously unselected package libbrotli-dev:amd64.
2026-10-10T04:51:56.1569099Z Preparing to unpack .../052-libbrotli-dev_1.1.0-2build2_amd64.deb ...
2026-10-10T04:51:56.1576483Z Unpacking libbrotli-dev:amd64 (1.1.0-2build2) ...
2026-10-10T04:51:56.1829534Z Selecting previously unselected package libbz2-dev:amd64.
2026-10-10T04:51:56.1962604Z Preparing to unpack .../053-libbz2-dev_1.0.8-5.1ubuntu0.1_amd64.deb ...
2026-10-10T04:51:56.1970636Z Unpacking libbz2-dev:amd64 (1.0.8-5.1ubuntu0.1) ...
2026-10-10T04:51:56.2295444Z Preparing to unpack .../054-libfreetype6_2.13.2+dfsg-1ubuntu0.2_amd64.deb ...
2026-10-10T04:51:56.2319458Z Unpacking libfreetype6:amd64 (2.13.2+dfsg-1ubuntu0.2) over (2.13.2+dfsg-1ubuntu0.1) ...
2026-10-10T04:51:56.2576979Z Selecting previously unselected package libcairo-script-interpreter2:amd64.
2026-10-10T04:51:56.2708191Z Preparing to unpack .../055-libcairo-script-interpreter2_1.18.0-3build1_amd64.deb ...
2026-10-10T04:51:56.2717073Z Unpacking libcairo-script-interpreter2:amd64 (1.18.0-3build1) ...
2026-10-10T04:51:56.2921164Z Selecting previously unselected package libpng-dev:amd64.
2026-10-10T04:51:56.3050482Z Preparing to unpack .../056-libpng-dev_1.6.43-5ubuntu0.7_amd64.deb ...
2026-10-10T04:51:56.3059058Z Unpacking libpng-dev:amd64 (1.6.43-5ubuntu0.7) ...
2026-10-10T04:51:56.3323795Z Selecting previously unselected package libfreetype-dev:amd64.
2026-10-10T04:51:56.3457116Z Preparing to unpack .../057-libfreetype-dev_2.13.2+dfsg-1ubuntu0.2_amd64.deb ...
2026-10-10T04:51:56.3464160Z Unpacking libfreetype-dev:amd64 (2.13.2+dfsg-1ubuntu0.2) ...
2026-10-10T04:51:56.3811599Z Selecting previously unselected package libfontconfig-dev:amd64.
2026-10-10T04:51:56.3941205Z Preparing to unpack .../058-libfontconfig-dev_2.15.0-1.1ubuntu2_amd64.deb ...
2026-10-10T04:51:56.3949894Z Unpacking libfontconfig-dev:amd64 (2.15.0-1.1ubuntu2) ...
2026-10-10T04:51:56.4174325Z Selecting previously unselected package libpixman-1-dev:amd64.
2026-10-10T04:51:56.4303420Z Preparing to unpack .../059-libpixman-1-dev_0.42.2-1build1_amd64.deb ...
2026-10-10T04:51:56.4311355Z Unpacking libpixman-1-dev:amd64 (0.42.2-1build1) ...
2026-10-10T04:51:56.4544110Z Selecting previously unselected package libice-dev:amd64.
2026-10-10T04:51:56.4679775Z Preparing to unpack .../060-libice-dev_2%3a1.0.10-1build3_amd64.deb ...
2026-10-10T04:51:56.4687851Z Unpacking libice-dev:amd64 (2:1.0.10-1build3) ...
2026-10-10T04:51:56.4895902Z Selecting previously unselected package libsm-dev:amd64.
2026-10-10T04:51:56.5026631Z Preparing to unpack .../061-libsm-dev_2%3a1.2.3-1build3_amd64.deb ...
2026-10-10T04:51:56.5034464Z Unpacking libsm-dev:amd64 (2:1.2.3-1build3) ...
2026-10-10T04:51:56.5233674Z Selecting previously unselected package libxcb-render0-dev:amd64.
2026-10-10T04:51:56.5363033Z Preparing to unpack .../062-libxcb-render0-dev_1.15-1ubuntu2_amd64.deb ...
2026-10-10T04:51:56.5370852Z Unpacking libxcb-render0-dev:amd64 (1.15-1ubuntu2) ...
2026-10-10T04:51:56.5568250Z Selecting previously unselected package libxcb-shm0-dev:amd64.
2026-10-10T04:51:56.5696052Z Preparing to unpack .../063-libxcb-shm0-dev_1.15-1ubuntu2_amd64.deb ...
2026-10-10T04:51:56.5703736Z Unpacking libxcb-shm0-dev:amd64 (1.15-1ubuntu2) ...
2026-10-10T04:51:56.5896092Z Selecting previously unselected package libxrender-dev:amd64.
2026-10-10T04:51:56.6024822Z Preparing to unpack .../064-libxrender-dev_1%3a0.9.10-1.1build1_amd64.deb ...
2026-10-10T04:51:56.6032134Z Unpacking libxrender-dev:amd64 (1:0.9.10-1.1build1) ...
2026-10-10T04:51:56.6238072Z Selecting previously unselected package libcairo2-dev:amd64.
2026-10-10T04:51:56.6367212Z Preparing to unpack .../065-libcairo2-dev_1.18.0-3build1_amd64.deb ...
2026-10-10T04:51:56.6374500Z Unpacking libcairo2-dev:amd64 (1.18.0-3build1) ...
2026-10-10T04:51:56.6612139Z Selecting previously unselected package libdatrie-dev:amd64.
2026-10-10T04:51:56.6741168Z Preparing to unpack .../066-libdatrie-dev_0.2.13-3build1_amd64.deb ...
2026-10-10T04:51:56.6748896Z Unpacking libdatrie-dev:amd64 (0.2.13-3build1) ...
2026-10-10T04:51:56.6946465Z Selecting previously unselected package libdeflate-dev:amd64.
2026-10-10T04:51:56.7077829Z Preparing to unpack .../067-libdeflate-dev_1.19-1build1.1_amd64.deb ...
2026-10-10T04:51:56.7087115Z Unpacking libdeflate-dev:amd64 (1.19-1build1.1) ...
2026-10-10T04:51:56.7310785Z Selecting previously unselected package libegl-mesa0:amd64.
2026-10-10T04:51:56.7441277Z Preparing to unpack .../068-libegl-mesa0_25.2.8-0ubuntu0.24.04.4_amd64.deb ...
2026-10-10T04:51:56.7493615Z Unpacking libegl-mesa0:amd64 (25.2.8-0ubuntu0.24.04.4) ...
2026-10-10T04:51:56.7734471Z Selecting previously unselected package libegl1:amd64.
2026-10-10T04:51:56.7868039Z Preparing to unpack .../069-libegl1_1.7.0-1build1_amd64.deb ...
2026-10-10T04:51:56.7876534Z Unpacking libegl1:amd64 (1.7.0-1build1) ...
2026-10-10T04:51:56.8078250Z Selecting previously unselected package libglx-dev:amd64.
2026-10-10T04:51:56.8214237Z Preparing to unpack .../070-libglx-dev_1.7.0-1build1_amd64.deb ...
2026-10-10T04:51:56.8222061Z Unpacking libglx-dev:amd64 (1.7.0-1build1) ...
2026-10-10T04:51:56.8424049Z Selecting previously unselected package libgl-dev:amd64.
2026-10-10T04:51:56.8558275Z Preparing to unpack .../071-libgl-dev_1.7.0-1build1_amd64.deb ...
2026-10-10T04:51:56.8566504Z Unpacking libgl-dev:amd64 (1.7.0-1build1) ...
2026-10-10T04:51:56.8809406Z Selecting previously unselected package libegl-dev:amd64.
2026-10-10T04:51:56.8938817Z Preparing to unpack .../072-libegl-dev_1.7.0-1build1_amd64.deb ...
2026-10-10T04:51:56.8946582Z Unpacking libegl-dev:amd64 (1.7.0-1build1) ...
2026-10-10T04:51:56.9148930Z Selecting previously unselected package libglvnd-core-dev:amd64.
2026-10-10T04:51:56.9277718Z Preparing to unpack .../073-libglvnd-core-dev_1.7.0-1build1_amd64.deb ...
2026-10-10T04:51:56.9287386Z Unpacking libglvnd-core-dev:amd64 (1.7.0-1build1) ...
2026-10-10T04:51:56.9499902Z Selecting previously unselected package libgles1:amd64.
2026-10-10T04:51:56.9628918Z Preparing to unpack .../074-libgles1_1.7.0-1build1_amd64.deb ...
2026-10-10T04:51:56.9637029Z Unpacking libgles1:amd64 (1.7.0-1build1) ...
2026-10-10T04:51:56.9851807Z Selecting previously unselected package libgles2:amd64.
2026-10-10T04:51:56.9985674Z Preparing to unpack .../075-libgles2_1.7.0-1build1_amd64.deb ...
2026-10-10T04:51:56.9995273Z Unpacking libgles2:amd64 (1.7.0-1build1) ...
2026-10-10T04:51:57.0200189Z Selecting previously unselected package libgles-dev:amd64.
2026-10-10T04:51:57.0330934Z Preparing to unpack .../076-libgles-dev_1.7.0-1build1_amd64.deb ...
2026-10-10T04:51:57.0338093Z Unpacking libgles-dev:amd64 (1.7.0-1build1) ...
2026-10-10T04:51:57.0584880Z Selecting previously unselected package libopengl0:amd64.
2026-10-10T04:51:57.0713421Z Preparing to unpack .../077-libopengl0_1.7.0-1build1_amd64.deb ...
2026-10-10T04:51:57.0722258Z Unpacking libopengl0:amd64 (1.7.0-1build1) ...
2026-10-10T04:51:57.1168940Z Selecting previously unselected package libopengl-dev:amd64.
2026-10-10T04:51:57.1304497Z Preparing to unpack .../078-libopengl-dev_1.7.0-1build1_amd64.deb ...
2026-10-10T04:51:57.1312373Z Unpacking libopengl-dev:amd64 (1.7.0-1build1) ...
2026-10-10T04:51:57.1536013Z Selecting previously unselected package libglvnd-dev:amd64.
2026-10-10T04:51:57.1669656Z Preparing to unpack .../079-libglvnd-dev_1.7.0-1build1_amd64.deb ...
2026-10-10T04:51:57.1677249Z Unpacking libglvnd-dev:amd64 (1.7.0-1build1) ...
2026-10-10T04:51:57.1871848Z Selecting previously unselected package libegl1-mesa-dev:amd64.
2026-10-10T04:51:57.2006202Z Preparing to unpack .../080-libegl1-mesa-dev_25.2.8-0ubuntu0.24.04.4_amd64.deb ...
2026-10-10T04:51:57.2013292Z Unpacking libegl1-mesa-dev:amd64 (25.2.8-0ubuntu0.24.04.4) ...
2026-10-10T04:51:57.2210438Z Selecting previously unselected package libepoxy-dev:amd64.
2026-10-10T04:51:57.2338587Z Preparing to unpack .../081-libepoxy-dev_1.5.10-1build1_amd64.deb ...
2026-10-10T04:51:57.2345656Z Unpacking libepoxy-dev:amd64 (1.5.10-1build1) ...
2026-10-10T04:51:57.2594774Z Selecting previously unselected package libfribidi-dev:amd64.
2026-10-10T04:51:57.2723300Z Preparing to unpack .../082-libfribidi-dev_1.0.13-3build1_amd64.deb ...
2026-10-10T04:51:57.2730446Z Unpacking libfribidi-dev:amd64 (1.0.13-3build1) ...
2026-10-10T04:51:57.3002308Z Selecting previously unselected package libgdk-pixbuf2.0-bin.
2026-10-10T04:51:57.3135585Z Preparing to unpack .../083-libgdk-pixbuf2.0-bin_2.42.10+dfsg-3ubuntu3.3_amd64.deb ...
2026-10-10T04:51:57.3141890Z Unpacking libgdk-pixbuf2.0-bin (2.42.10+dfsg-3ubuntu3.3) ...
2026-10-10T04:51:57.3347561Z Selecting previously unselected package libjpeg-turbo8-dev:amd64.
2026-10-10T04:51:57.3480841Z Preparing to unpack .../084-libjpeg-turbo8-dev_2.1.5-2ubuntu2_amd64.deb ...
2026-10-10T04:51:57.3487752Z Unpacking libjpeg-turbo8-dev:amd64 (2.1.5-2ubuntu2) ...
2026-10-10T04:51:57.3743874Z Selecting previously unselected package libjpeg8-dev:amd64.
2026-10-10T04:51:57.3872913Z Preparing to unpack .../085-libjpeg8-dev_8c-2ubuntu11_amd64.deb ...
2026-10-10T04:51:57.3890737Z Unpacking libjpeg8-dev:amd64 (8c-2ubuntu11) ...
2026-10-10T04:51:57.4076202Z Selecting previously unselected package libjpeg-dev:amd64.
2026-10-10T04:51:57.4204219Z Preparing to unpack .../086-libjpeg-dev_8c-2ubuntu11_amd64.deb ...
2026-10-10T04:51:57.4211810Z Unpacking libjpeg-dev:amd64 (8c-2ubuntu11) ...
2026-10-10T04:51:57.4392213Z Selecting previously unselected package libjbig-dev:amd64.
2026-10-10T04:51:57.4519070Z Preparing to unpack .../087-libjbig-dev_2.1-6.1ubuntu2_amd64.deb ...
2026-10-10T04:51:57.4533064Z Unpacking libjbig-dev:amd64 (2.1-6.1ubuntu2) ...
2026-10-10T04:51:57.4725554Z Selecting previously unselected package liblzma-dev:amd64.
2026-10-10T04:51:57.4853364Z Preparing to unpack .../088-liblzma-dev_5.6.1+really5.4.5-1ubuntu0.3_amd64.deb ...
2026-10-10T04:51:57.4863099Z Unpacking liblzma-dev:amd64 (5.6.1+really5.4.5-1ubuntu0.3) ...
2026-10-10T04:51:57.5125101Z Selecting previously unselected package libwebpdecoder3:amd64.
2026-10-10T04:51:57.5258879Z Preparing to unpack .../089-libwebpdecoder3_1.3.2-0.4build3_amd64.deb ...
2026-10-10T04:51:57.5269223Z Unpacking libwebpdecoder3:amd64 (1.3.2-0.4build3) ...
2026-10-10T04:51:57.5484393Z Selecting previously unselected package libsharpyuv-dev:amd64.
2026-10-10T04:51:57.5617601Z Preparing to unpack .../090-libsharpyuv-dev_1.3.2-0.4build3_amd64.deb ...
2026-10-10T04:51:57.5625103Z Unpacking libsharpyuv-dev:amd64 (1.3.2-0.4build3) ...
2026-10-10T04:51:57.5828292Z Selecting previously unselected package libwebp-dev:amd64.
2026-10-10T04:51:57.5963285Z Preparing to unpack .../091-libwebp-dev_1.3.2-0.4build3_amd64.deb ...
2026-10-10T04:51:57.5970267Z Unpacking libwebp-dev:amd64 (1.3.2-0.4build3) ...
2026-10-10T04:51:57.6318951Z Selecting previously unselected package libtiffxx6:amd64.
2026-10-10T04:51:57.6450334Z Preparing to unpack .../092-libtiffxx6_4.5.1+git230720-4ubuntu2.5_amd64.deb ...
2026-10-10T04:51:57.6458530Z Unpacking libtiffxx6:amd64 (4.5.1+git230720-4ubuntu2.5) ...
2026-10-10T04:51:57.6647735Z Selecting previously unselected package liblerc-dev:amd64.
2026-10-10T04:51:57.6777501Z Preparing to unpack .../093-liblerc-dev_4.0.0+ds-4ubuntu2_amd64.deb ...
2026-10-10T04:51:57.6784489Z Unpacking liblerc-dev:amd64 (4.0.0+ds-4ubuntu2) ...
2026-10-10T04:51:57.7012357Z Selecting previously unselected package libtiff-dev:amd64.
2026-10-10T04:51:57.7141431Z Preparing to unpack .../094-libtiff-dev_4.5.1+git230720-4ubuntu2.5_amd64.deb ...
2026-10-10T04:51:57.7148176Z Unpacking libtiff-dev:amd64 (4.5.1+git230720-4ubuntu2.5) ...
2026-10-10T04:51:57.7489083Z Selecting previously unselected package libgdk-pixbuf-2.0-dev:amd64.
2026-10-10T04:51:57.7616631Z Preparing to unpack .../095-libgdk-pixbuf-2.0-dev_2.42.10+dfsg-3ubuntu3.3_amd64.deb ...
2026-10-10T04:51:57.7624272Z Unpacking libgdk-pixbuf-2.0-dev:amd64 (2.42.10+dfsg-3ubuntu3.3) ...
2026-10-10T04:51:57.7853135Z Selecting previously unselected package libgraphite2-dev:amd64.
2026-10-10T04:51:57.7980827Z Preparing to unpack .../096-libgraphite2-dev_1.3.14-2ubuntu0.24.04.1_amd64.deb ...
2026-10-10T04:51:57.7988318Z Unpacking libgraphite2-dev:amd64 (1.3.14-2ubuntu0.24.04.1) ...
2026-10-10T04:51:57.8195089Z Selecting previously unselected package libharfbuzz-icu0:amd64.
2026-10-10T04:51:57.8323976Z Preparing to unpack .../097-libharfbuzz-icu0_8.3.0-2build2_amd64.deb ...
2026-10-10T04:51:57.8338887Z Unpacking libharfbuzz-icu0:amd64 (8.3.0-2build2) ...
2026-10-10T04:51:57.8540631Z Selecting previously unselected package libharfbuzz-subset0:amd64.
2026-10-10T04:51:57.8669275Z Preparing to unpack .../098-libharfbuzz-subset0_8.3.0-2build2_amd64.deb ...
2026-10-10T04:51:57.8679075Z Unpacking libharfbuzz-subset0:amd64 (8.3.0-2build2) ...
2026-10-10T04:51:57.8922660Z Selecting previously unselected package libharfbuzz-cairo0:amd64.
2026-10-10T04:51:57.9050879Z Preparing to unpack .../099-libharfbuzz-cairo0_8.3.0-2build2_amd64.deb ...
2026-10-10T04:51:57.9059303Z Unpacking libharfbuzz-cairo0:amd64 (8.3.0-2build2) ...
2026-10-10T04:51:57.9252578Z Selecting previously unselected package libharfbuzz-dev:amd64.
2026-10-10T04:51:57.9386250Z Preparing to unpack .../100-libharfbuzz-dev_8.3.0-2build2_amd64.deb ...
2026-10-10T04:51:57.9394735Z Unpacking libharfbuzz-dev:amd64 (8.3.0-2build2) ...
2026-10-10T04:51:57.9694815Z Selecting previously unselected package libthai-dev:amd64.
2026-10-10T04:51:57.9822188Z Preparing to unpack .../101-libthai-dev_0.1.29-2build1_amd64.deb ...
2026-10-10T04:51:57.9829488Z Unpacking libthai-dev:amd64 (0.1.29-2build1) ...
2026-10-10T04:51:58.0043021Z Selecting previously unselected package libxft-dev:amd64.
2026-10-10T04:51:58.0170220Z Preparing to unpack .../102-libxft-dev_2.3.6-1build1_amd64.deb ...
2026-10-10T04:51:58.0177652Z Unpacking libxft-dev:amd64 (2.3.6-1build1) ...
2026-10-10T04:51:58.0559621Z Selecting previously unselected package pango1.0-tools.
2026-10-10T04:51:58.0689148Z Preparing to unpack .../103-pango1.0-tools_1.52.1+ds-1build1_amd64.deb ...
2026-10-10T04:51:58.0695836Z Unpacking pango1.0-tools (1.52.1+ds-1build1) ...
2026-10-10T04:51:58.0892931Z Selecting previously unselected package libpango1.0-dev:amd64.
2026-10-10T04:51:58.1024625Z Preparing to unpack .../104-libpango1.0-dev_1.52.1+ds-1build1_amd64.deb ...
2026-10-10T04:51:58.1031299Z Unpacking libpango1.0-dev:amd64 (1.52.1+ds-1build1) ...
2026-10-10T04:51:58.1355689Z Selecting previously unselected package libwayland-server0:amd64.
2026-10-10T04:51:58.1494663Z Preparing to unpack .../105-libwayland-server0_1.22.0-2.1build1_amd64.deb ...
2026-10-10T04:51:58.1501978Z Unpacking libwayland-server0:amd64 (1.22.0-2.1build1) ...
2026-10-10T04:51:58.1704604Z Selecting previously unselected package libwayland-bin.
2026-10-10T04:51:58.1834337Z Preparing to unpack .../106-libwayland-bin_1.22.0-2.1build1_amd64.deb ...
2026-10-10T04:51:58.1843264Z Unpacking libwayland-bin (1.22.0-2.1build1) ...
2026-10-10T04:51:58.2039496Z Selecting previously unselected package libwayland-dev:amd64.
2026-10-10T04:51:58.2169811Z Preparing to unpack .../107-libwayland-dev_1.22.0-2.1build1_amd64.deb ...
2026-10-10T04:51:58.2176611Z Unpacking libwayland-dev:amd64 (1.22.0-2.1build1) ...
2026-10-10T04:51:58.2413207Z Selecting previously unselected package libxcomposite-dev:amd64.
2026-10-10T04:51:58.2541159Z Preparing to unpack .../108-libxcomposite-dev_1%3a0.4.5-1build3_amd64.deb ...
2026-10-10T04:51:58.2547667Z Unpacking libxcomposite-dev:amd64 (1:0.4.5-1build3) ...
2026-10-10T04:51:58.2767557Z Selecting previously unselected package libxcursor-dev:amd64.
2026-10-10T04:51:58.2896029Z Preparing to unpack .../109-libxcursor-dev_1%3a1.2.1-1build1_amd64.deb ...
2026-10-10T04:51:58.2904206Z Unpacking libxcursor-dev:amd64 (1:1.2.1-1build1) ...
2026-10-10T04:51:58.3152439Z Selecting previously unselected package libxdamage-dev:amd64.
2026-10-10T04:51:58.3283743Z Preparing to unpack .../110-libxdamage-dev_1%3a1.1.6-1build1_amd64.deb ...
2026-10-10T04:51:58.3290224Z Unpacking libxdamage-dev:amd64 (1:1.1.6-1build1) ...
2026-10-10T04:51:58.3489524Z Selecting previously unselected package libxinerama-dev:amd64.
2026-10-10T04:51:58.3618057Z Preparing to unpack .../111-libxinerama-dev_2%3a1.1.4-3build1_amd64.deb ...
2026-10-10T04:51:58.3627823Z Unpacking libxinerama-dev:amd64 (2:1.1.4-3build1) ...
2026-10-10T04:51:58.3827805Z Selecting previously unselected package libxkbcommon-dev:amd64.
2026-10-10T04:51:58.3955656Z Preparing to unpack .../112-libxkbcommon-dev_1.6.0-1build1_amd64.deb ...
2026-10-10T04:51:58.3964846Z Unpacking libxkbcommon-dev:amd64 (1.6.0-1build1) ...
2026-10-10T04:51:58.4184921Z Selecting previously unselected package libxrandr-dev:amd64.
2026-10-10T04:51:58.4313306Z Preparing to unpack .../113-libxrandr-dev_2%3a1.5.2-2build1_amd64.deb ...
2026-10-10T04:51:58.4322287Z Unpacking libxrandr-dev:amd64 (2:1.5.2-2build1) ...
2026-10-10T04:51:58.4535389Z Selecting previously unselected package wayland-protocols.
2026-10-10T04:51:58.4663889Z Preparing to unpack .../114-wayland-protocols_1.45-1~ubuntu0.24.04.2_all.deb ...
2026-10-10T04:51:58.4673264Z Unpacking wayland-protocols (1.45-1~ubuntu0.24.04.2) ...
2026-10-10T04:51:58.5035512Z Selecting previously unselected package libgtk-3-dev:amd64.
2026-10-10T04:51:58.5164957Z Preparing to unpack .../115-libgtk-3-dev_3.24.41-4ubuntu1.3_amd64.deb ...
2026-10-10T04:51:58.5173653Z Unpacking libgtk-3-dev:amd64 (3.24.41-4ubuntu1.3) ...
2026-10-10T04:51:58.6348745Z Selecting previously unselected package libwebrtc-audio-processing1:amd64.
2026-10-10T04:51:58.6482198Z Preparing to unpack .../116-libwebrtc-audio-processing1_0.3.1-0ubuntu6_amd64.deb ...
2026-10-10T04:51:58.6491829Z Unpacking libwebrtc-audio-processing1:amd64 (0.3.1-0ubuntu6) ...
2026-10-10T04:51:58.6723089Z Selecting previously unselected package libspa-0.2-modules:amd64.
2026-10-10T04:51:58.6851389Z Preparing to unpack .../117-libspa-0.2-modules_1.0.5-1ubuntu3.3_amd64.deb ...
2026-10-10T04:51:58.6859563Z Unpacking libspa-0.2-modules:amd64 (1.0.5-1ubuntu3.3) ...
2026-10-10T04:51:58.7180737Z Selecting previously unselected package libpipewire-0.3-0t64:amd64.
2026-10-10T04:51:58.7310029Z Preparing to unpack .../118-libpipewire-0.3-0t64_1.0.5-1ubuntu3.3_amd64.deb ...
2026-10-10T04:51:58.7319480Z Unpacking libpipewire-0.3-0t64:amd64 (1.0.5-1ubuntu3.3) ...
2026-10-10T04:51:58.7552186Z Selecting previously unselected package libpipewire-0.3-common.
2026-10-10T04:51:58.7684124Z Preparing to unpack .../119-libpipewire-0.3-common_1.0.5-1ubuntu3.3_all.deb ...
2026-10-10T04:51:58.7692904Z Unpacking libpipewire-0.3-common (1.0.5-1ubuntu3.3) ...
2026-10-10T04:51:58.7887155Z Selecting previously unselected package libpng-tools.
2026-10-10T04:51:58.8029068Z Preparing to unpack .../120-libpng-tools_1.6.43-5ubuntu0.7_amd64.deb ...
2026-10-10T04:51:58.8037076Z Unpacking libpng-tools (1.6.43-5ubuntu0.7) ...
2026-10-10T04:51:58.8259186Z Selecting previously unselected package librsvg2-2:amd64.
2026-10-10T04:51:58.8394360Z Preparing to unpack .../121-librsvg2-2_2.58.0+dfsg-1ubuntu0.1_amd64.deb ...
2026-10-10T04:51:58.8403288Z Unpacking librsvg2-2:amd64 (2.58.0+dfsg-1ubuntu0.1) ...
2026-10-10T04:51:58.8876394Z Selecting previously unselected package librsvg2-common:amd64.
2026-10-10T04:51:58.9006729Z Preparing to unpack .../122-librsvg2-common_2.58.0+dfsg-1ubuntu0.1_amd64.deb ...
2026-10-10T04:51:58.9017043Z Unpacking librsvg2-common:amd64 (2.58.0+dfsg-1ubuntu0.1) ...
2026-10-10T04:51:58.9237720Z Selecting previously unselected package ninja-build.
2026-10-10T04:51:58.9366182Z Preparing to unpack .../123-ninja-build_1.11.1-2_amd64.deb ...
2026-10-10T04:51:58.9380386Z Unpacking ninja-build (1.11.1-2) ...
2026-10-10T04:51:58.9618339Z Selecting previously unselected package xdg-desktop-portal.
2026-10-10T04:51:58.9749492Z Preparing to unpack .../124-xdg-desktop-portal_1.18.4-1ubuntu2.24.04.3_amd64.deb ...
2026-10-10T04:51:58.9757434Z Unpacking xdg-desktop-portal (1.18.4-1ubuntu2.24.04.3) ...
2026-10-10T04:51:59.0020167Z Selecting previously unselected package xdg-desktop-portal-gtk.
2026-10-10T04:51:59.0153325Z Preparing to unpack .../125-xdg-desktop-portal-gtk_1.15.1-1build2_amd64.deb ...
2026-10-10T04:51:59.0174318Z Unpacking xdg-desktop-portal-gtk (1.15.1-1build2) ...
2026-10-10T04:51:59.0714535Z Setting up libpipewire-0.3-common (1.0.5-1ubuntu3.3) ...
2026-10-10T04:51:59.0736402Z Setting up bubblewrap (0.9.0-1ubuntu0.3) ...
2026-10-10T04:51:59.0782191Z Setting up libglib2.0-dev-bin (2.80.0-6ubuntu3.9) ...
2026-10-10T04:51:59.2223541Z Setting up bzip2-doc (1.0.8-5.1ubuntu0.1) ...
2026-10-10T04:51:59.2241515Z Setting up libwayland-server0:amd64 (1.22.0-2.1build1) ...
2026-10-10T04:51:59.2264615Z Setting up session-migration (0.3.9build1) ...
2026-10-10T04:51:59.3438879Z Created symlink /etc/systemd/user/graphical-session-pre.target.wants/session-migration.service → /usr/lib/systemd/user/session-migration.service.
2026-10-10T04:51:59.3439858Z 
2026-10-10T04:51:59.3466951Z Setting up libjpeg-turbo8-dev:amd64 (2.1.5-2ubuntu2) ...
2026-10-10T04:51:59.3491176Z Setting up gir1.2-freedesktop:amd64 (1.80.1-1) ...
2026-10-10T04:51:59.3508658Z Setting up libharfbuzz-icu0:amd64 (8.3.0-2build2) ...
2026-10-10T04:51:59.3525876Z Setting up libpixman-1-dev:amd64 (0.42.2-1build1) ...
2026-10-10T04:51:59.3545017Z Setting up desktop-file-utils (0.27-2build1) ...
2026-10-10T04:51:59.4434619Z Setting up libpangoxft-1.0-0:amd64 (1.52.1+ds-1build1) ...
2026-10-10T04:51:59.4454991Z Setting up libglvnd-core-dev:amd64 (1.7.0-1build1) ...
2026-10-10T04:51:59.4475772Z Setting up gir1.2-gdkpixbuf-2.0:amd64 (2.42.10+dfsg-3ubuntu3.3) ...
2026-10-10T04:51:59.4494657Z Setting up libgirepository-2.0-0:amd64 (2.80.0-6ubuntu3.9) ...
2026-10-10T04:51:59.4515780Z Setting up gir1.2-atk-1.0:amd64 (2.52.0-1build1) ...
2026-10-10T04:51:59.4533315Z Setting up libfribidi-dev:amd64 (1.0.13-3build1) ...
2026-10-10T04:51:59.4553402Z Setting up libxkbcommon-dev:amd64 (1.6.0-1build1) ...
2026-10-10T04:51:59.4573600Z Setting up pango1.0-tools (1.52.1+ds-1build1) ...
2026-10-10T04:51:59.4593759Z Setting up libjbig-dev:amd64 (2.1-6.1ubuntu2) ...
2026-10-10T04:51:59.4611746Z Setting up libwebrtc-audio-processing1:amd64 (0.3.1-0ubuntu6) ...
2026-10-10T04:51:59.4630841Z Setting up libwebpdecoder3:amd64 (1.3.2-0.4build3) ...
2026-10-10T04:51:59.4648960Z Setting up libharfbuzz-gobject0:amd64 (8.3.0-2build2) ...
2026-10-10T04:51:59.4668850Z Setting up gir1.2-atspi-2.0:amd64 (2.52.0-1build1) ...
2026-10-10T04:51:59.4689553Z Setting up gir1.2-harfbuzz-0.0:amd64 (8.3.0-2build2) ...
2026-10-10T04:51:59.4706496Z Setting up libpthread-stubs0-dev:amd64 (0.4-1build3) ...
2026-10-10T04:51:59.4728206Z Setting up libopengl0:amd64 (1.7.0-1build1) ...
2026-10-10T04:51:59.4748375Z Setting up ninja-build (1.11.1-2) ...
2026-10-10T04:51:59.4768677Z Setting up librsvg2-2:amd64 (2.58.0+dfsg-1ubuntu0.1) ...
2026-10-10T04:51:59.4787278Z Setting up xtrans-dev (1.4.0-1) ...
2026-10-10T04:51:59.4805118Z Setting up libwayland-bin (1.22.0-2.1build1) ...
2026-10-10T04:51:59.4825228Z Setting up libgraphite2-dev:amd64 (1.3.14-2ubuntu0.24.04.1) ...
2026-10-10T04:51:59.4842868Z Setting up gir1.2-pango-1.0:amd64 (1.52.1+ds-1build1) ...
2026-10-10T04:51:59.4862857Z Setting up libegl-mesa0:amd64 (25.2.8-0ubuntu0.24.04.4) ...
2026-10-10T04:51:59.4885493Z Setting up libgles2:amd64 (1.7.0-1build1) ...
2026-10-10T04:51:59.4903904Z Setting up libharfbuzz-cairo0:amd64 (8.3.0-2build2) ...
2026-10-10T04:51:59.4924304Z Setting up libdbus-1-dev:amd64 (1.14.10-4ubuntu4.1) ...
2026-10-10T04:51:59.6436090Z Setting up libspa-0.2-modules:amd64 (1.0.5-1ubuntu3.3) ...
2026-10-10T04:51:59.6473073Z Setting up uuid-dev:amd64 (2.39.3-9ubuntu6.6) ...
2026-10-10T04:51:59.6490353Z Setting up clang (1:18.0-59~exp2) ...
2026-10-10T04:51:59.6687633Z Setting up libgles1:amd64 (1.7.0-1build1) ...
2026-10-10T04:51:59.6706109Z Setting up libpng16-16t64:amd64 (1.6.43-5ubuntu0.7) ...
2026-10-10T04:51:59.6724823Z Setting up libjsoncpp25:amd64 (1.9.5-6build1) ...
2026-10-10T04:51:59.6746918Z Setting up libsepol-dev:amd64 (3.5-2build1) ...
2026-10-10T04:51:59.6764452Z Setting up liblerc-dev:amd64 (4.0.0+ds-4ubuntu2) ...
2026-10-10T04:51:59.6788059Z Setting up librsvg2-common:amd64 (2.58.0+dfsg-1ubuntu0.1) ...
2026-10-10T04:51:59.6837412Z Setting up liblzma-dev:amd64 (5.6.1+really5.4.5-1ubuntu0.3) ...
2026-10-10T04:51:59.6859163Z Setting up xdg-dbus-proxy (0.1.5-1ubuntu0.2) ...
2026-10-10T04:51:59.6877627Z Setting up wayland-protocols (1.45-1~ubuntu0.24.04.2) ...
2026-10-10T04:51:59.6897751Z Setting up libdatrie-dev:amd64 (0.2.13-3build1) ...
2026-10-10T04:51:59.6916471Z Setting up gir1.2-glib-2.0-dev:amd64 (2.80.0-6ubuntu3.9) ...
2026-10-10T04:51:59.6935184Z Setting up libgdk-pixbuf2.0-bin (2.42.10+dfsg-3ubuntu3.3) ...
2026-10-10T04:51:59.6955963Z Setting up dbus-x11 (1.14.10-4ubuntu4.1) ...
2026-10-10T04:51:59.6988817Z Setting up librhash0:amd64 (1.4.3-3build1) ...
2026-10-10T04:51:59.7006789Z Setting up libegl1:amd64 (1.7.0-1build1) ...
2026-10-10T04:51:59.7024838Z Setting up libharfbuzz-subset0:amd64 (8.3.0-2build2) ...
2026-10-10T04:51:59.7047007Z Setting up xorg-sgml-doctools (1:1.11-1.1) ...
2026-10-10T04:51:59.7066977Z Setting up libavahi-glib1:amd64 (0.8-13ubuntu6.2) ...
2026-10-10T04:51:59.7088563Z Setting up cmake-data (3.28.3-1build7) ...
2026-10-10T04:51:59.7151576Z Setting up libopengl-dev:amd64 (1.7.0-1build1) ...
2026-10-10T04:51:59.7171447Z Setting up libjpeg8-dev:amd64 (8c-2ubuntu11) ...
2026-10-10T04:51:59.7190556Z Setting up libsharpyuv-dev:amd64 (1.3.2-0.4build3) ...
2026-10-10T04:51:59.7211824Z Setting up libtiffxx6:amd64 (4.5.1+git230720-4ubuntu2.5) ...
2026-10-10T04:51:59.7229402Z Setting up libdeflate-dev:amd64 (1.19-1build1.1) ...
2026-10-10T04:51:59.7253695Z Setting up libpipewire-0.3-0t64:amd64 (1.0.5-1ubuntu3.3) ...
2026-10-10T04:51:59.7272003Z Setting up libbrotli-dev:amd64 (1.1.0-2build2) ...
2026-10-10T04:51:59.7292574Z Setting up libmalcontent-0-0:amd64 (0.11.1-1ubuntu1.3) ...
2026-10-10T04:51:59.7315254Z Setting up libbz2-dev:amd64 (1.0.8-5.1ubuntu0.1) ...
2026-10-10T04:51:59.7335887Z Setting up gsettings-desktop-schemas (46.1-0ubuntu1) ...
2026-10-10T04:51:59.7355853Z Setting up libblkid-dev:amd64 (2.39.3-9ubuntu6.6) ...
2026-10-10T04:51:59.7373940Z Setting up xdg-desktop-portal (1.18.4-1ubuntu2.24.04.3) ...
2026-10-10T04:51:59.8433745Z Created symlink /etc/systemd/user/graphical-session-pre.target.wants/xdg-desktop-portal-rewrite-launchers.service → /usr/lib/systemd/user/xdg-desktop-portal-rewrite-launchers.service.
2026-10-10T04:51:59.8435088Z 
2026-10-10T04:51:59.8463922Z Setting up libpng-tools (1.6.43-5ubuntu0.7) ...
2026-10-10T04:51:59.8486679Z Setting up libselinux1-dev:amd64 (3.5-2ubuntu2.1) ...
2026-10-10T04:51:59.8506769Z Setting up libpng-dev:amd64 (1.6.43-5ubuntu0.7) ...
2026-10-10T04:51:59.8527088Z Setting up libostree-1-1:amd64 (2024.5-1build2) ...
2026-10-10T04:51:59.8546941Z Setting up gir1.2-gtk-3.0:amd64 (3.24.41-4ubuntu1.3) ...
2026-10-10T04:51:59.8568605Z Setting up libjpeg-dev:amd64 (8c-2ubuntu11) ...
2026-10-10T04:51:59.8587371Z Setting up libwayland-dev:amd64 (1.22.0-2.1build1) ...
2026-10-10T04:51:59.8606576Z Setting up libwebp-dev:amd64 (1.3.2-0.4build3) ...
2026-10-10T04:51:59.8630251Z Setting up libfreetype6:amd64 (2.13.2+dfsg-1ubuntu0.2) ...
2026-10-10T04:51:59.8647770Z Setting up libtiff-dev:amd64 (4.5.1+git230720-4ubuntu2.5) ...
2026-10-10T04:51:59.8671248Z Setting up gir1.2-freedesktop-dev:amd64 (1.80.1-1) ...
2026-10-10T04:51:59.8690261Z Setting up flatpak (1.14.6-1ubuntu0.1) ...
2026-10-10T04:52:00.2412382Z Setting up libthai-dev:amd64 (0.1.29-2build1) ...
2026-10-10T04:52:00.2428338Z Setting up cmake (3.28.3-1build7) ...
2026-10-10T04:52:00.2451167Z Setting up libmount-dev:amd64 (2.39.3-9ubuntu6.6) ...
2026-10-10T04:52:00.2466950Z Setting up libcairo-script-interpreter2:amd64 (1.18.0-3build1) ...
2026-10-10T04:52:00.2485805Z Setting up libfreetype-dev:amd64 (2.13.2+dfsg-1ubuntu0.2) ...
2026-10-10T04:52:00.2502295Z Setting up libglib2.0-dev:amd64 (2.80.0-6ubuntu3.9) ...
2026-10-10T04:52:00.2522914Z Setting up libfontconfig-dev:amd64 (2.15.0-1.1ubuntu2) ...
2026-10-10T04:52:00.2905965Z Processing triggers for libc-bin (2.39-0ubuntu8.9) ...
2026-10-10T04:52:00.3300882Z Processing triggers for man-db (2.12.0-4build2) ...
2026-10-10T04:52:00.3324957Z Not building database; man-db/auto-update is not 'true'.
2026-10-10T04:52:00.3341537Z Processing triggers for libglib2.0-0t64:amd64 (2.80.0-6ubuntu3.9) ...
2026-10-10T04:52:00.3473263Z Processing triggers for dbus (1.14.10-4ubuntu4.1) ...
2026-10-10T04:52:00.3594529Z Processing triggers for libgdk-pixbuf-2.0-0:amd64 (2.42.10+dfsg-3ubuntu3.3) ...
2026-10-10T04:52:00.3987447Z Processing triggers for sgml-base (1.31) ...
2026-10-10T04:52:00.4116982Z Processing triggers for install-info (7.1-3build2) ...
2026-10-10T04:52:00.5179442Z Setting up libatk1.0-dev:amd64 (2.52.0-1build1) ...
2026-10-10T04:52:00.5210798Z Setting up x11proto-dev (2023.2-1) ...
2026-10-10T04:52:00.5233312Z Setting up libgdk-pixbuf-2.0-dev:amd64 (2.42.10+dfsg-3ubuntu3.3) ...
2026-10-10T04:52:00.5264127Z Setting up xdg-desktop-portal-gtk (1.15.1-1build2) ...
2026-10-10T04:52:00.5305899Z Setting up libharfbuzz-dev:amd64 (8.3.0-2build2) ...
2026-10-10T04:52:00.5331837Z Setting up libxau-dev:amd64 (1:1.0.9-1build6) ...
2026-10-10T04:52:00.5350136Z Setting up libice-dev:amd64 (2:1.0.10-1build3) ...
2026-10-10T04:52:00.5374004Z Setting up libsm-dev:amd64 (2:1.2.3-1build3) ...
2026-10-10T04:52:00.5415214Z Setting up libxdmcp-dev:amd64 (1:1.1.3-0ubuntu6) ...
2026-10-10T04:52:00.5494341Z Setting up libxcb1-dev:amd64 (1.15-1ubuntu2) ...
2026-10-10T04:52:00.5527300Z Setting up libx11-dev:amd64 (2:1.8.7-1build1) ...
2026-10-10T04:52:00.5560750Z Setting up libxfixes-dev:amd64 (1:6.0.0-2build1) ...
2026-10-10T04:52:00.5585361Z Setting up libxcb-shm0-dev:amd64 (1.15-1ubuntu2) ...
2026-10-10T04:52:00.5613061Z Setting up libxcb-render0-dev:amd64 (1.15-1ubuntu2) ...
2026-10-10T04:52:00.5635651Z Setting up libxext-dev:amd64 (2:1.3.4-1build2) ...
2026-10-10T04:52:00.5657107Z Setting up libglx-dev:amd64 (1.7.0-1build1) ...
2026-10-10T04:52:00.5688725Z Setting up libxi-dev:amd64 (2:1.8.1-1build1) ...
2026-10-10T04:52:00.5710573Z Setting up libxrender-dev:amd64 (1:0.9.10-1.1build1) ...
2026-10-10T04:52:00.5734412Z Setting up libgl-dev:amd64 (1.7.0-1build1) ...
2026-10-10T04:52:00.5756359Z Setting up libxft-dev:amd64 (2.3.6-1build1) ...
2026-10-10T04:52:00.5776362Z Setting up libxtst-dev:amd64 (2:1.2.3-1.1build1) ...
2026-10-10T04:52:00.5802006Z Setting up libxdamage-dev:amd64 (1:1.1.6-1build1) ...
2026-10-10T04:52:00.5827890Z Setting up libatspi2.0-dev:amd64 (2.52.0-1build1) ...
2026-10-10T04:52:00.5864654Z Setting up libegl-dev:amd64 (1.7.0-1build1) ...
2026-10-10T04:52:00.5884619Z Setting up libxcomposite-dev:amd64 (1:0.4.5-1build3) ...
2026-10-10T04:52:00.5907698Z Setting up libxcursor-dev:amd64 (1:1.2.1-1build1) ...
2026-10-10T04:52:00.5930673Z Setting up libepoxy-dev:amd64 (1.5.10-1build1) ...
2026-10-10T04:52:00.5958960Z Setting up libatk-bridge2.0-dev:amd64 (2.52.0-1build1) ...
2026-10-10T04:52:00.5980308Z Setting up libxrandr-dev:amd64 (2:1.5.2-2build1) ...
2026-10-10T04:52:00.6008626Z Setting up libxinerama-dev:amd64 (2:1.1.4-3build1) ...
2026-10-10T04:52:00.6032332Z Setting up libcairo2-dev:amd64 (1.18.0-3build1) ...
2026-10-10T04:52:00.6059027Z Setting up libgles-dev:amd64 (1.7.0-1build1) ...
2026-10-10T04:52:00.6098655Z Setting up libglvnd-dev:amd64 (1.7.0-1build1) ...
2026-10-10T04:52:00.6125136Z Setting up libpango1.0-dev:amd64 (1.52.1+ds-1build1) ...
2026-10-10T04:52:00.6149057Z Setting up libegl1-mesa-dev:amd64 (25.2.8-0ubuntu0.24.04.4) ...
2026-10-10T04:52:00.6179751Z Setting up libgtk-3-dev:amd64 (3.24.41-4ubuntu1.3) ...
2026-10-10T04:52:01.2575843Z 
2026-10-10T04:52:01.2576574Z Running kernel seems to be up-to-date.
2026-10-10T04:52:01.2577020Z 
2026-10-10T04:52:01.2577187Z Restarting services...
2026-10-10T04:52:01.2657301Z  systemctl restart php8.3-fpm.service
2026-10-10T04:52:01.3818803Z 
2026-10-10T04:52:01.3823449Z No containers need to be restarted.
2026-10-10T04:52:01.3823846Z 
2026-10-10T04:52:01.3824077Z No user sessions are running outdated binaries.
2026-10-10T04:52:01.3824471Z 
2026-10-10T04:52:01.3824732Z No VM guests are running outdated hypervisor (qemu) binaries on this host.
2026-10-10T04:52:02.3584632Z Prepare all required actions
2026-10-10T04:52:02.3625523Z ##[group]Run ./.github/actions/setup-flutter
2026-10-10T04:52:02.3625828Z ##[endgroup]
2026-10-10T04:52:02.3683856Z ##[start-action display=Run git clone --depth 1 --branch 3.47.5 https://github.com/flutter/flutter.git "$RUNNER_TEMP/flutter";id=__self.__run]
2026-10-10T04:52:02.3713094Z ##[group]Run git clone --depth 1 --branch 3.47.5 https://github.com/flutter/flutter.git "$RUNNER_TEMP/flutter"
2026-10-10T04:52:02.3713863Z [36;1mgit clone --depth 1 --branch 3.47.5 https://github.com/flutter/flutter.git "$RUNNER_TEMP/flutter"[0m
2026-10-10T04:52:02.3714551Z [36;1mtest "$(git -C "$RUNNER_TEMP/flutter" rev-parse HEAD)" = 6a19cca56475dbfba1478ee68d7bd0c2ef891da1[0m
2026-10-10T04:52:02.3715076Z [36;1mecho "$RUNNER_TEMP/flutter/bin" >> "$GITHUB_PATH"[0m
2026-10-10T04:52:02.3781458Z shell: /usr/bin/bash --noprofile --norc -e -o pipefail {0}
2026-10-10T04:52:02.3781806Z ##[endgroup]
2026-10-10T04:52:02.3878002Z Cloning into '/home/runner/work/_temp/flutter'...
2026-10-10T04:52:08.5081936Z Note: switching to '6a19cca56475dbfba1478ee68d7bd0c2ef891da1'.
2026-10-10T04:52:08.5082775Z 
2026-10-10T04:52:08.5083130Z You are in 'detached HEAD' state. You can look around, make experimental
2026-10-10T04:52:08.5084017Z changes and commit them, and you can discard any commits you make in this
2026-10-10T04:52:08.5084846Z state without impacting any branches by switching back to a branch.
2026-10-10T04:52:08.5085342Z 
2026-10-10T04:52:08.5085662Z If you want to create a new branch to retain commits you create, you may
2026-10-10T04:52:08.5086431Z do so (now or later) by using -c with the switch command. Example:
2026-10-10T04:52:08.5086877Z 
2026-10-10T04:52:08.5087055Z   git switch -c <new-branch-name>
2026-10-10T04:52:08.5087344Z 
2026-10-10T04:52:08.5087513Z Or undo this operation with:
2026-10-10T04:52:08.5087783Z 
2026-10-10T04:52:08.5087923Z   git switch -
2026-10-10T04:52:08.5088132Z 
2026-10-10T04:52:08.5088501Z Turn off this advice by setting config variable advice.detachedHead to false
2026-10-10T04:52:08.5089046Z 
2026-10-10T04:52:09.5252171Z Updating files:  91% (14772/16074)
2026-10-10T04:52:09.5408971Z Updating files:  92% (14789/16074)
2026-10-10T04:52:09.5498081Z Updating files:  93% (14949/16074)
2026-10-10T04:52:09.5589559Z Updating files:  94% (15110/16074)
2026-10-10T04:52:09.5720670Z Updating files:  95% (15271/16074)
2026-10-10T04:52:09.5862350Z Updating files:  96% (15432/16074)
2026-10-10T04:52:09.5991859Z Updating files:  97% (15592/16074)
2026-10-10T04:52:09.6088926Z Updating files:  98% (15753/16074)
2026-10-10T04:52:09.6180365Z Updating files:  99% (15914/16074)
2026-10-10T04:52:09.6181054Z Updating files: 100% (16074/16074)
2026-10-10T04:52:09.6181775Z Updating files: 100% (16074/16074), done.
2026-10-10T04:52:09.6427140Z ##[end-action id=__self.__run;outcome=success;conclusion=success;duration_ms=7274]
2026-10-10T04:52:09.6431107Z ##[start-action display=Run flutter config --no-analytics;id=__self.__run_2]
2026-10-10T04:52:09.6451480Z ##[group]Run flutter config --no-analytics
2026-10-10T04:52:09.6451852Z [36;1mflutter config --no-analytics[0m
2026-10-10T04:52:09.6452153Z [36;1mflutter --version[0m
2026-10-10T04:52:09.6517502Z shell: /usr/bin/bash --noprofile --norc -e -o pipefail {0}
2026-10-10T04:52:09.6517913Z ##[endgroup]
2026-10-10T04:52:09.6973878Z Downloading Linux x64 Dart SDK from Flutter engine af7e796e161ae0bb1ff0758c71a7105418bd9ded...
2026-10-10T04:52:09.7080692Z   % Total    % Received % Xferd  Average Speed   Time    Time     Time  Current
2026-10-10T04:52:09.7081451Z                                  Dload  Upload   Total   Spent    Left  Speed
2026-10-10T04:52:09.7081903Z 
2026-10-10T04:52:10.4898539Z   0     0    0     0    0     0      0      0 --:--:-- --:--:-- --:--:--     0
2026-10-10T04:52:10.5327561Z  92  227M   92  211M    0     0   269M      0 --:--:-- --:--:-- --:--:--  269M
2026-10-10T04:52:10.5328624Z 100  227M  100  227M    0     0   276M      0 --:--:-- --:--:-- --:--:--  275M
2026-10-10T04:52:15.2550461Z Building flutter tool...
2026-10-10T04:52:15.2736370Z Resolving dependencies...
2026-10-10T04:52:15.7592198Z Downloading packages...
2026-10-10T04:52:19.0104020Z + _fe_analyzer_shared 95.0.0 (109.0.0 available)
2026-10-10T04:52:19.0105051Z + analyzer 10.1.0 (14.5.0 available)
2026-10-10T04:52:19.0105614Z + archive 3.6.1 (4.4.0 available)
2026-10-10T04:52:19.0106125Z + args 2.7.0
2026-10-10T04:52:19.0106541Z + async 2.13.1
2026-10-10T04:52:19.0106916Z + boolean_selector 2.1.2
2026-10-10T04:52:19.0107279Z + browser_launcher 1.1.3 (1.2.0 available)
2026-10-10T04:52:19.0107645Z + built_collection 5.1.1 (5.1.2 available)
2026-10-10T04:52:19.0107993Z + built_value 8.12.6 (8.13.0 available)
2026-10-10T04:52:19.0108318Z + checked_yaml 2.0.4
2026-10-10T04:52:19.0108584Z + cli_config 0.2.0
2026-10-10T04:52:19.0108845Z + clock 1.1.2 (1.1.3 available)
2026-10-10T04:52:19.0109162Z + code_assets 1.2.1 (2.1.0 available)
2026-10-10T04:52:19.0109498Z + code_builder 4.11.1 (4.12.0 available)
2026-10-10T04:52:19.0110011Z + collection 1.19.1
2026-10-10T04:52:19.0110276Z + completion 1.0.2
2026-10-10T04:52:19.0110531Z + convert 3.1.2
2026-10-10T04:52:19.0110817Z + coverage 1.15.1
2026-10-10T04:52:19.0111181Z + crypto 3.0.7
2026-10-10T04:52:19.0111436Z + csslib 1.0.2
2026-10-10T04:52:19.0111676Z + dap 1.4.0
2026-10-10T04:52:19.0111934Z + dart_service_protocol_shared 0.0.3
2026-10-10T04:52:19.0112282Z + dart_style 3.1.7 (3.1.13 available)
2026-10-10T04:52:19.0112888Z + data_assets 0.20.0
2026-10-10T04:52:19.0113291Z + dds 5.4.0
2026-10-10T04:52:19.0113676Z + dds_service_extensions 2.1.0
2026-10-10T04:52:19.0114111Z + devtools_shared 13.1.0 (14.0.0 available)
2026-10-10T04:52:19.0114452Z + dtd 4.0.0
2026-10-10T04:52:19.0114693Z + dwds 27.1.2 (27.1.4 available)
2026-10-10T04:52:19.0115005Z + extension_discovery 2.1.0
2026-10-10T04:52:19.0115297Z + fake_async 1.3.3
2026-10-10T04:52:19.0115539Z + ffi 2.2.0
2026-10-10T04:52:19.0115767Z + file 7.0.1
2026-10-10T04:52:19.0116020Z + file_testing 3.0.2 (3.1.0 available)
2026-10-10T04:52:19.0116350Z + fixnum 1.1.1
2026-10-10T04:52:19.0116647Z + flutter_template_images 5.0.0 (5.0.1 available)
2026-10-10T04:52:19.0117052Z + frontend_server_client 4.0.0 (4.1.0 available)
2026-10-10T04:52:19.0117421Z + glob 2.1.3 (2.2.0 available)
2026-10-10T04:52:19.0117705Z + graphs 2.3.2
2026-10-10T04:52:19.0117951Z + hooks 2.0.2 (2.2.0 available)
2026-10-10T04:52:19.0118259Z + hooks_runner 1.5.0 (1.6.4 available)
2026-10-10T04:52:19.0118579Z + html 0.15.6 (0.15.7 available)
2026-10-10T04:52:19.0118867Z + http 1.6.0
2026-10-10T04:52:19.0119111Z + http_multi_server 3.2.2
2026-10-10T04:52:19.0119398Z + http_parser 4.1.2
2026-10-10T04:52:19.0119640Z + intl 0.20.3
2026-10-10T04:52:19.0119829Z + io 1.0.5 (1.1.0 available)
2026-10-10T04:52:19.0120049Z + js 0.7.2 (discontinued)
2026-10-10T04:52:19.0120269Z + json_annotation 4.12.0
2026-10-10T04:52:19.0120493Z + json_rpc_2 4.1.0
2026-10-10T04:52:19.0120690Z + logging 1.3.0
2026-10-10T04:52:19.0120877Z + matcher 0.12.20
2026-10-10T04:52:19.0121074Z + meta 1.18.3 (1.19.0 available)
2026-10-10T04:52:19.0121304Z + mime 2.0.0 (2.1.0 available)
2026-10-10T04:52:19.0121524Z + multicast_dns 0.3.3+1
2026-10-10T04:52:19.0121749Z + mustache_template 2.0.5 (2.0.6 available)
2026-10-10T04:52:19.0122034Z + native_stack_traces 0.6.1 (0.7.0 available)
2026-10-10T04:52:19.0122308Z + node_preamble 2.0.2
2026-10-10T04:52:19.0122655Z + package_config 2.2.0 (3.0.0 available)
2026-10-10T04:52:19.0122912Z + path 1.9.1
2026-10-10T04:52:19.0123111Z + petitparser 7.0.2 (7.1.0 available)
2026-10-10T04:52:19.0123367Z + platform 3.1.6 (3.2.0 available)
2026-10-10T04:52:19.0123609Z + pool 1.5.2 (1.5.3 available)
2026-10-10T04:52:19.0123840Z + process 5.0.5 (5.0.6 available)
2026-10-10T04:52:19.0124078Z + pub_semver 2.2.0 (2.2.1 available)
2026-10-10T04:52:19.0124330Z + pubspec_parse 1.5.0 (1.6.0 available)
2026-10-10T04:52:19.0124581Z + record_use 0.6.0 (1.1.1 available)
2026-10-10T04:52:19.0124810Z + shelf 1.4.2
2026-10-10T04:52:19.0125014Z + shelf_packages_handler 3.0.2
2026-10-10T04:52:19.0125449Z + shelf_proxy 1.0.5
2026-10-10T04:52:19.0125659Z + shelf_static 1.1.3
2026-10-10T04:52:19.0125868Z + shelf_web_socket 3.0.0
2026-10-10T04:52:19.0126088Z + source_map_stack_trace 2.1.2
2026-10-10T04:52:19.0126449Z + source_maps 0.10.13 (0.10.14 available)
2026-10-10T04:52:19.0126705Z + source_span 1.10.2
2026-10-10T04:52:19.0126905Z + sprintf 7.0.0
2026-10-10T04:52:19.0127097Z + sse 4.2.0
2026-10-10T04:52:19.0127289Z + stack_trace 1.12.1 (1.12.2 available)
2026-10-10T04:52:19.0127550Z + standard_message_codec 0.0.1+5
2026-10-10T04:52:19.0127785Z + stream_channel 2.1.4
2026-10-10T04:52:19.0127994Z + string_scanner 1.4.1
2026-10-10T04:52:19.0128191Z + sync_http 0.3.1
2026-10-10T04:52:19.0128380Z + term_glyph 1.2.2
2026-10-10T04:52:19.0128572Z + test 1.31.1 (1.33.0 available)
2026-10-10T04:52:19.0128804Z + test_api 0.7.12 (0.7.15 available)
2026-10-10T04:52:19.0129049Z + test_core 0.6.18 (0.6.21 available)
2026-10-10T04:52:19.0129296Z + typed_data 1.4.0
2026-10-10T04:52:19.0129518Z + unified_analytics 8.0.15 (8.0.18 available)
2026-10-10T04:52:19.0129787Z + uuid 4.5.3 (4.6.0 available)
2026-10-10T04:52:19.0130016Z + vm_service 15.2.0 (15.3.0 available)
2026-10-10T04:52:19.0130270Z + vm_service_interface 2.0.1
2026-10-10T04:52:19.0130512Z + vm_snapshot_analysis 0.7.6
2026-10-10T04:52:19.0130730Z + watcher 1.2.1
2026-10-10T04:52:19.0130916Z + web 1.1.1
2026-10-10T04:52:19.0131092Z + web_socket 1.0.1
2026-10-10T04:52:19.0131288Z + web_socket_channel 3.0.3
2026-10-10T04:52:19.0131517Z + webdriver 3.1.0 (3.2.0 available)
2026-10-10T04:52:19.0131772Z + webkit_inspection_protocol 1.2.1
2026-10-10T04:52:19.0132023Z + xml 6.6.1 (7.1.0 available)
2026-10-10T04:52:19.0132245Z + yaml 3.1.3 (3.1.4 available)
2026-10-10T04:52:19.0132596Z + yaml_edit 2.2.4
2026-10-10T04:52:19.0132845Z Changed 101 dependencies!
2026-10-10T04:52:19.0133087Z 1 package is discontinued.
2026-10-10T04:52:19.0133428Z 43 packages have newer versions incompatible with dependency constraints.
2026-10-10T04:52:19.0133846Z Try `dart pub outdated` for more information.
2026-10-10T04:52:36.4723993Z Analytics reporting disabled.
2026-10-10T04:52:36.4727014Z 
2026-10-10T04:52:36.4727529Z You may need to restart any open editors for them to read new settings.
2026-10-10T04:52:36.5531465Z Flutter 3.47.5 • channel [user-branch] • https://github.com/flutter/flutter.git
2026-10-10T04:52:36.5532806Z Framework • revision 6a19cca564 (3 weeks ago) • 2026-09-17 14:13:22 -0400
2026-10-10T04:52:36.5534110Z Engine • hash ab598368592da0064197e2bc15c7f5b0a2c6bb1f (revision af7e796e16) (23 days ago) • 2026-09-16 18:35:09.000Z
2026-10-10T04:52:36.5535143Z Tools • Dart 3.13.4 • DevTools 2.60.0
2026-10-10T04:52:36.5573112Z ##[end-action id=__self.__run_2;outcome=success;conclusion=success;duration_ms=26914]
2026-10-10T04:52:36.5664888Z Prepare all required actions
2026-10-10T04:52:36.5713163Z ##[group]Run ./.github/actions/setup-text-engine
2026-10-10T04:52:36.5713479Z with:
2026-10-10T04:52:36.5713673Z   platform: linux
2026-10-10T04:52:36.5713874Z ##[endgroup]
2026-10-10T04:52:36.5718495Z ##[start-action display=Select preinstalled Windows Python 3.11;id=__self_2.__run]
2026-10-10T04:52:36.5737026Z ##[end-action id=__self_2.__run;outcome=skipped;conclusion=skipped;duration_ms=0]
2026-10-10T04:52:36.5745829Z ##[start-action display=Bootstrap reviewed official Rust inputs outside app builds;id=__self_2.__run_2]
2026-10-10T04:52:36.5764165Z ##[group]Run python tool/bootstrap_text_engine.py --platform "$TEXT_PLATFORM"
2026-10-10T04:52:36.5764713Z [36;1mpython tool/bootstrap_text_engine.py --platform "$TEXT_PLATFORM"[0m
2026-10-10T04:52:36.5827242Z shell: /usr/bin/bash --noprofile --norc -e -o pipefail {0}
2026-10-10T04:52:36.5827595Z env:
2026-10-10T04:52:36.5827796Z   TEXT_PLATFORM: linux
2026-10-10T04:52:36.5828054Z ##[endgroup]
2026-10-10T04:52:37.0688919Z info: profile set to minimal
2026-10-10T04:52:37.0689240Z 
2026-10-10T04:52:37.0690699Z info: default host tuple is x86_64-unknown-linux-gnu
2026-10-10T04:52:37.0691098Z 
2026-10-10T04:52:37.0691280Z info: skipping toolchain installation
2026-10-10T04:52:37.0692028Z Rust is installed now. Great!
2026-10-10T04:52:37.0692327Z 
2026-10-10T04:52:37.0692993Z To get started you need Cargo's bin directory (/home/runner/work/_
2026-10-10T04:52:37.0694073Z temp/tandemlog-rust-bootstrap/cargo/bin) in your PATH
2026-10-10T04:52:37.0694978Z environment variable. This has not been done automatically.
2026-10-10T04:52:37.0695423Z 
2026-10-10T04:52:37.0695655Z To configure your current shell, you need to source
2026-10-10T04:52:37.0696274Z the corresponding env file under /home/runner/work/_
2026-10-10T04:52:37.0696861Z temp/tandemlog-rust-bootstrap/cargo.
2026-10-10T04:52:37.0697187Z 
2026-10-10T04:52:37.0697537Z Consider running the right command for your shell (note the leading DOT):
2026-10-10T04:52:37.0698366Z . "/home/runner/work/_temp/tandemlog-rust-bootstrap/cargo/env"     # For 
2026-10-10T04:52:37.0699016Z sh/ash/dash/pdksh/bash
2026-10-10T04:52:37.0699599Z . "/home/runner/work/_temp/tandemlog-rust-bootstrap/cargo/env.ps1" # For pwsh
2026-10-10T04:52:37.0700361Z cargo:rerun-if-env-changed=CC_x86_64-unknown-linux-gnu
2026-10-10T04:52:37.0700913Z CC_x86_64-unknown-linux-gnu = None
2026-10-10T04:52:37.0701420Z cargo:rerun-if-env-changed=CC_x86_64_unknown_linux_gnu
2026-10-10T04:52:37.0701958Z CC_x86_64_unknown_linux_gnu = None
2026-10-10T04:52:37.0702918Z cargo:rerun-if-env-changed=HOST_CC
2026-10-10T04:52:37.0703339Z HOST_CC = None
2026-10-10T04:52:37.0703687Z cargo:rerun-if-env-changed=CC
2026-10-10T04:52:37.0704116Z CC = None
2026-10-10T04:52:37.0704623Z cargo:rerun-if-env-changed=CC_ENABLE_DEBUG_OUTPUT
2026-10-10T04:52:37.1058662Z cargo:rerun-if-env-changed=CRATE_CC_NO_DEFAULTS
2026-10-10T04:52:37.1059448Z CRATE_CC_NO_DEFAULTS = None
2026-10-10T04:52:37.1060168Z cargo:rerun-if-env-changed=CFLAGS
2026-10-10T04:52:37.1060793Z CFLAGS = None
2026-10-10T04:52:37.1061319Z cargo:rerun-if-env-changed=HOST_CFLAGS
2026-10-10T04:52:37.1061901Z HOST_CFLAGS = None
2026-10-10T04:52:37.1062773Z cargo:rerun-if-env-changed=CFLAGS_x86_64_unknown_linux_gnu
2026-10-10T04:52:37.1063581Z CFLAGS_x86_64_unknown_linux_gnu = None
2026-10-10T04:52:37.1064362Z cargo:rerun-if-env-changed=CFLAGS_x86_64-unknown-linux-gnu
2026-10-10T04:52:37.1065109Z CFLAGS_x86_64-unknown-linux-gnu = None
2026-10-10T04:52:37.1121467Z info: auto-self-update mode set to disable
2026-10-10T04:52:37.1122158Z warn: no toolchain installed and no default toolchain set
2026-10-10T04:52:37.1123485Z help: run 'rustup default stable' to download the latest stable release of Rust and set it as your default toolchain.
2026-10-10T04:52:37.1177025Z info: syncing channel updates for 1.99.0-x86_64-unknown-linux-gnu
2026-10-10T04:52:37.3924116Z info: latest update on 2026-10-01 for version 1.99.0 (b940084d7 2026-09-28)
2026-10-10T04:52:37.3925195Z info: downloading 3 components
2026-10-10T04:52:45.2015851Z 
2026-10-10T04:52:45.2087802Z   1.99.0-x86_64-unknown-linux-gnu installed - rustc 1.99.0 (b940084d7 2026-09-28)
2026-10-10T04:52:45.2088173Z 
2026-10-10T04:52:45.2093134Z info: default toolchain set to 1.99.0-x86_64-unknown-linux-gnu
2026-10-10T04:52:45.2636107Z info: component rust-std is up to date
2026-10-10T04:52:45.2821827Z     Updating crates.io index
2026-10-10T04:52:45.6355968Z  Downloading crates ...
2026-10-10T04:52:45.7724381Z   Downloaded thiserror v2.0.21
2026-10-10T04:52:45.7810382Z   Downloaded quote v1.0.47
2026-10-10T04:52:45.7840929Z   Downloaded thiserror-impl v2.0.21
2026-10-10T04:52:45.7958812Z   Downloaded unicode-ident v1.0.26
2026-10-10T04:52:45.8082941Z   Downloaded wasm-bindgen-shared v0.2.129
2026-10-10T04:52:45.8111800Z   Downloaded itoa v1.0.18
2026-10-10T04:52:45.8131045Z   Downloaded event-listener-strategy v0.5.4
2026-10-10T04:52:45.8205201Z   Downloaded smallstr v0.3.1
2026-10-10T04:52:45.8247373Z   Downloaded parking v2.2.1
2026-10-10T04:52:45.8375840Z   Downloaded wasm-bindgen-macro v0.2.129
2026-10-10T04:52:45.8399941Z   Downloaded scopeguard v1.2.0
2026-10-10T04:52:45.8414225Z   Downloaded windows-link v0.2.1
2026-10-10T04:52:45.8424076Z   Downloaded cfg-if v1.0.5
2026-10-10T04:52:45.8559521Z   Downloaded pin-project-lite v0.2.17
2026-10-10T04:52:45.8631369Z   Downloaded lock_api v0.4.14
2026-10-10T04:52:45.8644809Z   Downloaded fastrand v2.5.0
2026-10-10T04:52:45.8659786Z   Downloaded rustversion v1.0.23
2026-10-10T04:52:45.8692161Z   Downloaded dashmap v6.2.1
2026-10-10T04:52:45.8724977Z   Downloaded redox_syscall v0.5.18
2026-10-10T04:52:45.8756278Z   Downloaded async-trait v0.1.92
2026-10-10T04:52:45.8799914Z   Downloaded zmij v1.0.23
2026-10-10T04:52:45.8819306Z   Downloaded crossbeam-utils v0.8.23
2026-10-10T04:52:45.8850129Z   Downloaded event-listener v5.4.2
2026-10-10T04:52:45.8870343Z   Downloaded smallvec v1.16.2
2026-10-10T04:52:45.8887807Z   Downloaded once_cell v1.21.4
2026-10-10T04:52:45.8920213Z   Downloaded async-lock v3.4.2
2026-10-10T04:52:45.8945077Z   Downloaded getrandom v0.4.3
2026-10-10T04:52:45.8988418Z   Downloaded r-efi v6.0.0
2026-10-10T04:52:45.9048010Z   Downloaded arc-swap v1.9.2
2026-10-10T04:52:45.9098557Z   Downloaded serde_derive v1.0.229
2026-10-10T04:52:45.9132765Z   Downloaded wasm-bindgen v0.2.129
2026-10-10T04:52:45.9162718Z   Downloaded base64 v0.22.1
2026-10-10T04:52:45.9206621Z   Downloaded serde_core v1.0.229
2026-10-10T04:52:45.9236323Z   Downloaded parking_lot_core v0.9.12
2026-10-10T04:52:45.9259669Z   Downloaded bitflags v2.13.2
2026-10-10T04:52:45.9310806Z   Downloaded proc-macro2 v1.0.107
2026-10-10T04:52:45.9343578Z   Downloaded serde v1.0.229
2026-10-10T04:52:45.9381694Z   Downloaded memchr v2.8.3
2026-10-10T04:52:45.9444553Z   Downloaded bumpalo v3.20.3
2026-10-10T04:52:45.9472597Z   Downloaded js-sys v0.3.106
2026-10-10T04:52:45.9505855Z   Downloaded wasm-bindgen-macro-support v0.2.129
2026-10-10T04:52:45.9531713Z   Downloaded serde_json v1.0.151
2026-10-10T04:52:45.9615904Z   Downloaded hashbrown v0.14.5
2026-10-10T04:52:45.9667132Z   Downloaded syn v3.0.6
2026-10-10T04:52:45.9787551Z   Downloaded libc v0.2.190
2026-10-10T04:52:46.0636318Z ##[end-action id=__self_2.__run_2;outcome=success;conclusion=success;duration_ms=9488]
2026-10-10T04:52:46.0639460Z ##[start-action display=Install exact approved NDK outside app builds;id=__self_2.__run_3]
2026-10-10T04:52:46.0645203Z ##[end-action id=__self_2.__run_3;outcome=skipped;conclusion=skipped;duration_ms=0]
2026-10-10T04:52:46.0673868Z ##[group]Run flutter pub get --enforce-lockfile
2026-10-10T04:52:46.0674257Z [36;1mflutter pub get --enforce-lockfile[0m
2026-10-10T04:52:46.0736871Z shell: /usr/bin/bash -e {0}
2026-10-10T04:52:46.0737185Z env:
2026-10-10T04:52:46.0737551Z   CARGO_HOME: /home/runner/work/_temp/tandemlog-rust-bootstrap/cargo
2026-10-10T04:52:46.0738163Z   RUSTUP_HOME: /home/runner/work/_temp/tandemlog-rust-bootstrap/rustup
2026-10-10T04:52:46.0738739Z   RUSTUP_UPDATE_ROOT: https://static.rust-lang.org/rustup
2026-10-10T04:52:46.0739232Z   RUSTUP_DIST_SERVER: https://static.rust-lang.org
2026-10-10T04:52:46.0739623Z   RUSTUP_AUTO_INSTALL: 0
2026-10-10T04:52:46.0740114Z   TANDEMLOG_TEXT_TARGET_DIR: /home/runner/work/_temp/tandemlog-rust-bootstrap/target
2026-10-10T04:52:46.0740645Z ##[endgroup]
2026-10-10T04:52:46.4623115Z [1/10] Material Fonts                                              269ms
2026-10-10T04:52:46.5269766Z [2/10] Gradle Wrapper                                               17ms
2026-10-10T04:52:46.5366122Z [3/10] Flutter SDK
2026-10-10T04:52:46.6947591Z   ├─ [1/5] sky_engine                                              150ms
2026-10-10T04:52:46.8202995Z   ├─ [2/5] flutter_gpu                                              57ms
2026-10-10T04:52:47.1343209Z   ├─ [3/5] flutter_patched_sdk                                     299ms
2026-10-10T04:52:47.5150242Z   ├─ [4/5] flutter_patched_sdk_product                             286ms
2026-10-10T04:52:48.5176450Z   └─ [5/5] linux-x64                                               908ms
2026-10-10T04:52:49.2180603Z [10/10] linux-x64/font-subset                                       90ms
2026-10-10T04:52:49.3344422Z Resolving dependencies...
2026-10-10T04:52:49.7718901Z Downloading packages...
2026-10-10T04:52:51.5015058Z   code_assets 1.2.1 (2.1.0 available)
2026-10-10T04:52:51.5015821Z   cross_file 0.3.5+5 (0.4.0 available)
2026-10-10T04:52:51.5016506Z   jni 1.0.3 (1.1.0 available)
2026-10-10T04:52:51.5017164Z   jni_flutter 1.0.3 (1.0.4+1 available)
2026-10-10T04:52:51.5018396Z   material_color_utilities 0.13.0 (0.13.1 available)
2026-10-10T04:52:51.5019233Z   native_toolchain_c 0.19.3 (0.19.5 available)
2026-10-10T04:52:51.5019979Z   objective_c 9.5.0 (9.6.2 available)
2026-10-10T04:52:51.5020647Z   test_api 0.7.12 (0.7.15 available)
2026-10-10T04:52:51.5021317Z   url_launcher 6.3.2 (6.3.3 available)
2026-10-10T04:52:51.5021978Z   vector_math 2.4.0 (2.4.3 available)
2026-10-10T04:52:51.5022668Z Got dependencies!
2026-10-10T04:52:51.5023232Z 10 packages have newer versions incompatible with dependency constraints.
2026-10-10T04:52:51.5023941Z Try `flutter pub outdated` for more information.
2026-10-10T04:52:51.7078485Z ##[group]Run dart format --output=none --set-exit-if-changed lib test integration_test tool
2026-10-10T04:52:51.7079176Z [36;1mdart format --output=none --set-exit-if-changed lib test integration_test tool[0m
2026-10-10T04:52:51.7141274Z shell: /usr/bin/bash -e {0}
2026-10-10T04:52:51.7141529Z env:
2026-10-10T04:52:51.7141839Z   CARGO_HOME: /home/runner/work/_temp/tandemlog-rust-bootstrap/cargo
2026-10-10T04:52:51.7142313Z   RUSTUP_HOME: /home/runner/work/_temp/tandemlog-rust-bootstrap/rustup
2026-10-10T04:52:51.7143131Z   RUSTUP_UPDATE_ROOT: https://static.rust-lang.org/rustup
2026-10-10T04:52:51.7143512Z   RUSTUP_DIST_SERVER: https://static.rust-lang.org
2026-10-10T04:52:51.7143812Z   RUSTUP_AUTO_INSTALL: 0
2026-10-10T04:52:51.7144172Z   TANDEMLOG_TEXT_TARGET_DIR: /home/runner/work/_temp/tandemlog-rust-bootstrap/target
2026-10-10T04:52:51.7144580Z ##[endgroup]
2026-10-10T04:52:53.2624298Z Formatted 208 files (0 changed) in 1.50 seconds.
2026-10-10T04:52:53.2728614Z ##[group]Run flutter analyze
2026-10-10T04:52:53.2728967Z [36;1mflutter analyze[0m
2026-10-10T04:52:53.2792797Z shell: /usr/bin/bash -e {0}
2026-10-10T04:52:53.2793077Z env:
2026-10-10T04:52:53.2793393Z   CARGO_HOME: /home/runner/work/_temp/tandemlog-rust-bootstrap/cargo
2026-10-10T04:52:53.2793875Z   RUSTUP_HOME: /home/runner/work/_temp/tandemlog-rust-bootstrap/rustup
2026-10-10T04:52:53.2794343Z   RUSTUP_UPDATE_ROOT: https://static.rust-lang.org/rustup
2026-10-10T04:52:53.2794720Z   RUSTUP_DIST_SERVER: https://static.rust-lang.org
2026-10-10T04:52:53.2795032Z   RUSTUP_AUTO_INSTALL: 0
2026-10-10T04:52:53.2795398Z   TANDEMLOG_TEXT_TARGET_DIR: /home/runner/work/_temp/tandemlog-rust-bootstrap/target
2026-10-10T04:52:53.2795811Z ##[endgroup]
2026-10-10T04:52:53.4331675Z Resolving dependencies...
2026-10-10T04:52:53.5245742Z Downloading packages...
2026-10-10T04:52:53.5861964Z   code_assets 1.2.1 (2.1.0 available)
2026-10-10T04:52:53.5862776Z   cross_file 0.3.5+5 (0.4.0 available)
2026-10-10T04:52:53.5863328Z   jni 1.0.3 (1.1.0 available)
2026-10-10T04:52:53.5863749Z   jni_flutter 1.0.3 (1.0.4+1 available)
2026-10-10T04:52:53.5864267Z   material_color_utilities 0.13.0 (0.13.1 available)
2026-10-10T04:52:53.5864828Z   native_toolchain_c 0.19.3 (0.19.5 available)
2026-10-10T04:52:53.5865330Z   objective_c 9.5.0 (9.6.2 available)
2026-10-10T04:52:53.5865792Z   test_api 0.7.12 (0.7.15 available)
2026-10-10T04:52:53.5866254Z   url_launcher 6.3.2 (6.3.3 available)
2026-10-10T04:52:53.5866715Z   vector_math 2.4.0 (2.4.3 available)
2026-10-10T04:52:53.5867137Z Got dependencies!
2026-10-10T04:52:53.5867708Z 10 packages have newer versions incompatible with dependency constraints.
2026-10-10T04:52:53.5868441Z Try `flutter pub outdated` for more information.
2026-10-10T04:53:04.6194349Z Analyzing tandemlog...                                          
2026-10-10T04:53:04.6211717Z No issues found! (ran in 10.4s)
2026-10-10T04:53:04.6335209Z ##[group]Run python tool/build_text_engine.py --platform linux --output-dir "$RUNNER_TEMP/native-unit"
2026-10-10T04:53:04.6336577Z [36;1mpython tool/build_text_engine.py --platform linux --output-dir "$RUNNER_TEMP/native-unit"[0m
2026-10-10T04:53:04.6337589Z [36;1mnative_library="$RUNNER_TEMP/native-unit/libtandemlog_text.so"[0m
2026-10-10T04:53:04.6338532Z [36;1mif [[ "$RUNNER_OS" == Windows ]]; then native_library="$(cygpath -w "$native_library")"; fi[0m
2026-10-10T04:53:04.6339950Z [36;1mpython tool/native_build_gates.py verify_library "$native_library"[0m
2026-10-10T04:53:04.6340836Z [36;1mecho "TANDEMLOG_TEXT_LIBRARY=$native_library" >> "$GITHUB_ENV"[0m
2026-10-10T04:53:04.6418148Z shell: /usr/bin/bash --noprofile --norc -e -o pipefail {0}
2026-10-10T04:53:04.6418751Z env:
2026-10-10T04:53:04.6419272Z   CARGO_HOME: /home/runner/work/_temp/tandemlog-rust-bootstrap/cargo
2026-10-10T04:53:04.6420216Z   RUSTUP_HOME: /home/runner/work/_temp/tandemlog-rust-bootstrap/rustup
2026-10-10T04:53:04.6421026Z   RUSTUP_UPDATE_ROOT: https://static.rust-lang.org/rustup
2026-10-10T04:53:04.6421726Z   RUSTUP_DIST_SERVER: https://static.rust-lang.org
2026-10-10T04:53:04.6422087Z   RUSTUP_AUTO_INSTALL: 0
2026-10-10T04:53:04.6422732Z   TANDEMLOG_TEXT_TARGET_DIR: /home/runner/work/_temp/tandemlog-rust-bootstrap/target
2026-10-10T04:53:04.6423165Z ##[endgroup]
2026-10-10T04:53:04.8046878Z    Compiling proc-macro2 v1.0.107
2026-10-10T04:53:04.8047598Z    Compiling unicode-ident v1.0.26
2026-10-10T04:53:04.8048121Z    Compiling quote v1.0.47
2026-10-10T04:53:04.8056438Z    Compiling libc v0.2.190
2026-10-10T04:53:04.8604482Z    Compiling serde_core v1.0.229
2026-10-10T04:53:04.9510086Z    Compiling smallvec v1.16.2
2026-10-10T04:53:05.0233227Z    Compiling parking_lot_core v0.9.12
2026-10-10T04:53:05.0592053Z    Compiling rustversion v1.0.23
2026-10-10T04:53:05.1233683Z    Compiling pin-project-lite v0.2.17
2026-10-10T04:53:05.1355943Z    Compiling parking v2.2.1
2026-10-10T04:53:05.1603740Z    Compiling crossbeam-utils v0.8.23
2026-10-10T04:53:05.2036120Z    Compiling zmij v1.0.23
2026-10-10T04:53:05.2188793Z    Compiling event-listener v5.4.2
2026-10-10T04:53:05.5814200Z    Compiling syn v3.0.6
2026-10-10T04:53:05.6153361Z    Compiling scopeguard v1.2.0
2026-10-10T04:53:05.6515367Z    Compiling thiserror v2.0.21
2026-10-10T04:53:05.8095503Z    Compiling serde_json v1.0.151
2026-10-10T04:53:05.8849699Z    Compiling serde v1.0.229
2026-10-10T04:53:06.0153941Z    Compiling cfg-if v1.0.5
2026-10-10T04:53:06.0933701Z    Compiling lock_api v0.4.14
2026-10-10T04:53:06.2923496Z    Compiling event-listener-strategy v0.5.4
2026-10-10T04:53:06.9813655Z    Compiling hashbrown v0.14.5
2026-10-10T04:53:07.1564025Z    Compiling once_cell v1.21.4
2026-10-10T04:53:07.3034966Z    Compiling memchr v2.8.3
2026-10-10T04:53:07.6795685Z    Compiling itoa v1.0.18
2026-10-10T04:53:07.7853661Z    Compiling dashmap v6.2.1
2026-10-10T04:53:08.2603708Z    Compiling arc-swap v1.9.2
2026-10-10T04:53:08.2620415Z    Compiling async-lock v3.4.2
2026-10-10T04:53:08.4773525Z    Compiling smallstr v0.3.1
2026-10-10T04:53:08.5898889Z    Compiling fastrand v2.5.0
2026-10-10T04:53:08.7883545Z    Compiling base64 v0.22.1
2026-10-10T04:53:09.1866122Z    Compiling serde_derive v1.0.229
2026-10-10T04:53:09.1866790Z    Compiling thiserror-impl v2.0.21
2026-10-10T04:53:09.1876306Z    Compiling async-trait v0.1.92
2026-10-10T04:53:11.1147892Z    Compiling yrs v0.28.0 (/home/runner/work/tandemlog/tandemlog/native/text_engine/vendor/yrs-0.28.0)
2026-10-10T04:53:11.2654558Z warning: unused imports: `BlockRange` and `Block`
2026-10-10T04:53:11.2655224Z  --> vendor/yrs-0.28.0/src/transaction.rs:1:20
2026-10-10T04:53:11.2655720Z   |
2026-10-10T04:53:11.2664154Z 1 | use crate::block::{Block, BlockRange, Item, ItemContent, ItemPosition, ItemPtr, Prelim, ID};
2026-10-10T04:53:11.2664976Z   |                    ^^^^^  ^^^^^^^^^^
2026-10-10T04:53:11.2665399Z   |
2026-10-10T04:53:11.2666250Z   = note: `#[warn(unused_imports)]` (part of `#[warn(unused)]`) on by default
2026-10-10T04:53:11.2666791Z 
2026-10-10T04:53:11.2673555Z warning: unused import: `Block`
2026-10-10T04:53:11.2674086Z  --> vendor/yrs-0.28.0/src/block_iter.rs:1:20
2026-10-10T04:53:11.2674559Z   |
2026-10-10T04:53:11.2675035Z 1 | use crate::block::{Block, Item, ItemContent, ItemPtr, Prelim};
2026-10-10T04:53:11.2675626Z   |                    ^^^^^
2026-10-10T04:53:11.2675892Z 
2026-10-10T04:53:11.2683522Z warning: unused import: `ItemContent`
2026-10-10T04:53:11.2684415Z  --> vendor/yrs-0.28.0/src/iter.rs:1:20
2026-10-10T04:53:11.2684956Z   |
2026-10-10T04:53:11.2685431Z 1 | use crate::block::{ItemContent, ItemPtr};
2026-10-10T04:53:11.2685941Z   |                    ^^^^^^^^^^^
2026-10-10T04:53:11.2686223Z 
2026-10-10T04:53:11.2686434Z warning: unused imports: `SmallVec` and `smallvec`
2026-10-10T04:53:11.2686963Z  --> vendor/yrs-0.28.0/src/iter.rs:4:16
2026-10-10T04:53:11.2687395Z   |
2026-10-10T04:53:11.2687725Z 4 | use smallvec::{smallvec, SmallVec};
2026-10-10T04:53:11.2688179Z   |                ^^^^^^^^  ^^^^^^^^
2026-10-10T04:53:11.2688456Z 
2026-10-10T04:53:11.8173860Z warning: unused import: `crate::utils::OptionExt`
2026-10-10T04:53:11.8174619Z   --> vendor/yrs-0.28.0/src/doc.rs:10:5
2026-10-10T04:53:11.8175034Z    |
2026-10-10T04:53:11.8175344Z 10 | use crate::utils::OptionExt;
2026-10-10T04:53:11.8175736Z    |     ^^^^^^^^^^^^^^^^^^^^^^^
2026-10-10T04:53:11.8175984Z 
2026-10-10T04:53:11.8399198Z warning: value assigned to `left` is never read
2026-10-10T04:53:11.8400172Z    --> vendor/yrs-0.28.0/src/block.rs:494:24
2026-10-10T04:53:11.8400700Z     |
2026-10-10T04:53:11.8401066Z 494 |         let mut left = None;
2026-10-10T04:53:11.8401579Z     |                        ^^^^ this value is reassigned later and never used
2026-10-10T04:53:11.8402095Z ...
2026-10-10T04:53:11.8402677Z 540 |                 left = parent_branch.map.get(sub).cloned();
2026-10-10T04:53:11.8403758Z     |                 ------------------------------------------ `left` is overwritten here before the previous value is read
2026-10-10T04:53:11.8404592Z     |
2026-10-10T04:53:11.8405131Z     = note: `#[warn(unused_assignments)]` (part of `#[warn(unused)]`) on by default
2026-10-10T04:53:11.8405799Z 
2026-10-10T04:53:11.8472922Z warning: unused variable: `ptr`
2026-10-10T04:53:11.8473760Z    --> vendor/yrs-0.28.0/src/block.rs:886:21
2026-10-10T04:53:11.8474310Z     |
2026-10-10T04:53:11.8474937Z 886 |                 let ptr = BranchPtr::from(branch);
2026-10-10T04:53:11.8475886Z     |                     ^^^ help: if this is intentional, prefix it with an underscore: `_ptr`
2026-10-10T04:53:11.8476643Z     |
2026-10-10T04:53:11.8477220Z     = note: `#[warn(unused_variables)]` (part of `#[warn(unused)]`) on by default
2026-10-10T04:53:11.8477856Z 
2026-10-10T04:53:11.9792192Z warning: unused variable: `ptr`
2026-10-10T04:53:11.9793340Z    --> vendor/yrs-0.28.0/src/transaction.rs:778:13
2026-10-10T04:53:11.9793870Z     |
2026-10-10T04:53:11.9794152Z 778 |         let ptr = item.clone();
2026-10-10T04:53:11.9794716Z     |             ^^^ help: if this is intentional, prefix it with an underscore: `_ptr`
2026-10-10T04:53:11.9795152Z 
2026-10-10T04:53:11.9828725Z warning: variable does not need to be mutable
2026-10-10T04:53:11.9829499Z    --> vendor/yrs-0.28.0/src/transaction.rs:958:13
2026-10-10T04:53:11.9830150Z     |
2026-10-10T04:53:11.9830514Z 958 |         let mut block = Item::new(
2026-10-10T04:53:11.9830913Z     |             ----^^^^^
2026-10-10T04:53:11.9831236Z     |             |
2026-10-10T04:53:11.9831566Z     |             help: remove this `mut`
2026-10-10T04:53:11.9831938Z     |
2026-10-10T04:53:11.9832337Z     = note: `#[warn(unused_mut)]` (part of `#[warn(unused)]`) on by default
2026-10-10T04:53:11.9832974Z 
2026-10-10T04:53:12.4457841Z warning: variable does not need to be mutable
2026-10-10T04:53:12.4459037Z    --> vendor/yrs-0.28.0/src/undo.rs:133:13
2026-10-10T04:53:12.4459853Z     |
2026-10-10T04:53:12.4460373Z 133 |         let mut state = Arc::new(Inner {
2026-10-10T04:53:12.4461281Z     |             ----^^^^^
2026-10-10T04:53:12.4461765Z     |             |
2026-10-10T04:53:12.4462242Z     |             help: remove this `mut`
2026-10-10T04:53:12.4462920Z 
2026-10-10T04:53:12.4571159Z warning: unused variable: `clear_undo`
2026-10-10T04:53:12.4572135Z    --> vendor/yrs-0.28.0/src/undo.rs:379:34
2026-10-10T04:53:12.4573120Z     |
2026-10-10T04:53:12.4573618Z 379 |     fn clear_internal(&mut self, clear_undo: bool, clear_redo: bool) {
2026-10-10T04:53:12.4574726Z     |                                  ^^^^^^^^^^ help: if this is intentional, prefix it with an underscore: `_clear_undo`
2026-10-10T04:53:12.4575311Z 
2026-10-10T04:53:12.4575476Z warning: unused variable: `clear_redo`
2026-10-10T04:53:12.4575922Z    --> vendor/yrs-0.28.0/src/undo.rs:379:52
2026-10-10T04:53:12.4576336Z     |
2026-10-10T04:53:12.4576785Z 379 |     fn clear_internal(&mut self, clear_undo: bool, clear_redo: bool) {
2026-10-10T04:53:12.4577686Z     |                                                    ^^^^^^^^^^ help: if this is intentional, prefix it with an underscore: `_clear_redo`
2026-10-10T04:53:12.4578290Z 
2026-10-10T04:53:12.4945826Z warning: method `as_item` is never used
2026-10-10T04:53:12.4946916Z    --> vendor/yrs-0.28.0/src/block.rs:198:12
2026-10-10T04:53:12.4947838Z     |
2026-10-10T04:53:12.4948498Z 183 | impl<'a> BlockRef<'a> {
2026-10-10T04:53:12.4949424Z     | --------------------- method in this implementation
2026-10-10T04:53:12.4950441Z ...
2026-10-10T04:53:12.4951237Z 198 |     pub fn as_item(&self) -> Option<&'a Item> {
2026-10-10T04:53:12.4952206Z     |            ^^^^^^^
2026-10-10T04:53:12.4953147Z     |
2026-10-10T04:53:12.4953890Z     = note: `#[warn(dead_code)]` (part of `#[warn(unused)]`) on by default
2026-10-10T04:53:12.4954621Z 
2026-10-10T04:53:12.4955057Z warning: methods `last_id`, `is_item`, and `is_gc` are never used
2026-10-10T04:53:12.4956021Z    --> vendor/yrs-0.28.0/src/block.rs:264:12
2026-10-10T04:53:12.4956771Z     |
2026-10-10T04:53:12.4957260Z 221 | impl Block {
2026-10-10T04:53:12.4957922Z     | ---------- methods in this implementation
2026-10-10T04:53:12.4958656Z ...
2026-10-10T04:53:12.4959158Z 264 |     pub fn last_id(&self) -> ID {
2026-10-10T04:53:12.4959834Z     |            ^^^^^^^
2026-10-10T04:53:12.4960751Z ...
2026-10-10T04:53:12.4961543Z 281 |     pub fn is_item(&self) -> bool {
2026-10-10T04:53:12.4963198Z     |            ^^^^^^^
2026-10-10T04:53:12.4963942Z ...
2026-10-10T04:53:12.4964413Z 291 |     pub fn is_gc(&self) -> bool {
2026-10-10T04:53:12.4965145Z     |            ^^^^^
2026-10-10T04:53:12.4965459Z 
2026-10-10T04:53:12.4965706Z warning: method `delete_as_cleanup` is never used
2026-10-10T04:53:12.4966420Z    --> vendor/yrs-0.28.0/src/block.rs:632:19
2026-10-10T04:53:12.4967092Z     |
2026-10-10T04:53:12.4967521Z 444 | impl ItemPtr {
2026-10-10T04:53:12.4968054Z     | ------------ method in this implementation
2026-10-10T04:53:12.4968804Z ...
2026-10-10T04:53:12.4969540Z 632 |     pub(crate) fn delete_as_cleanup(&self, txn: &mut TransactionMut, is_local: bool) {
2026-10-10T04:53:12.4970570Z     |                   ^^^^^^^^^^^^^^^^^
2026-10-10T04:53:12.4970934Z 
2026-10-10T04:53:12.4971211Z warning: method `integrate` is never used
2026-10-10T04:53:12.4971900Z     --> vendor/yrs-0.28.0/src/block.rs:1415:19
2026-10-10T04:53:12.4972772Z      |
2026-10-10T04:53:12.4973233Z 1354 | impl BlockRange {
2026-10-10T04:53:12.4973938Z      | --------------- method in this implementation
2026-10-10T04:53:12.4974715Z ...
2026-10-10T04:53:12.4975305Z 1415 |     pub(crate) fn integrate(&mut self, pivot: u32) -> bool {
2026-10-10T04:53:12.4976028Z      |                   ^^^^^^^^^
2026-10-10T04:53:12.4976343Z 
2026-10-10T04:53:12.4976620Z warning: method `contains` is never used
2026-10-10T04:53:12.4977457Z    --> vendor/yrs-0.28.0/src/block_store.rs:300:12
2026-10-10T04:53:12.4978108Z     |
2026-10-10T04:53:12.4978504Z 289 | impl BlockStore {
2026-10-10T04:53:12.4979151Z     | --------------- method in this implementation
2026-10-10T04:53:12.4979723Z ...
2026-10-10T04:53:12.4980720Z 300 |     pub fn contains(&self, id: &ID) -> bool {
2026-10-10T04:53:12.4981499Z     |            ^^^^^^^^
2026-10-10T04:53:12.4981772Z 
2026-10-10T04:53:12.4982078Z warning: constant `WEAK_REF_FLAGS_QUOTE` is never used
2026-10-10T04:53:12.4982979Z    --> vendor/yrs-0.28.0/src/types/mod.rs:230:7
2026-10-10T04:53:12.4983402Z     |
2026-10-10T04:53:12.4983765Z 230 | const WEAK_REF_FLAGS_QUOTE: u8 = 0b0000_0001;
2026-10-10T04:53:12.4984170Z     |       ^^^^^^^^^^^^^^^^^^^^
2026-10-10T04:53:12.4984586Z 
2026-10-10T04:53:12.4984830Z warning: constant `WEAK_REF_FLAGS_START_ASSOC` is never used
2026-10-10T04:53:12.4985345Z    --> vendor/yrs-0.28.0/src/types/mod.rs:232:7
2026-10-10T04:53:12.4985739Z     |
2026-10-10T04:53:12.4986112Z 232 | const WEAK_REF_FLAGS_START_ASSOC: u8 = 0b0000_0010;
2026-10-10T04:53:12.4986534Z     |       ^^^^^^^^^^^^^^^^^^^^^^^^^^
2026-10-10T04:53:12.4986768Z 
2026-10-10T04:53:12.4986964Z warning: constant `WEAK_REF_FLAGS_END_ASSOC` is never used
2026-10-10T04:53:12.4987462Z    --> vendor/yrs-0.28.0/src/types/mod.rs:234:7
2026-10-10T04:53:12.4987852Z     |
2026-10-10T04:53:12.4988196Z 234 | const WEAK_REF_FLAGS_END_ASSOC: u8 = 0b0000_0100;
2026-10-10T04:53:12.4988601Z     |       ^^^^^^^^^^^^^^^^^^^^^^^^
2026-10-10T04:53:12.4988824Z 
2026-10-10T04:53:12.4989015Z warning: constant `WEAK_REF_FLAGS_START_UNBOUNDED` is never used
2026-10-10T04:53:12.4989508Z    --> vendor/yrs-0.28.0/src/types/mod.rs:236:7
2026-10-10T04:53:12.4989895Z     |
2026-10-10T04:53:12.4990219Z 236 | const WEAK_REF_FLAGS_START_UNBOUNDED: u8 = 0b0000_1000;
2026-10-10T04:53:12.4991012Z     |       ^^^^^^^^^^^^^^^^^^^^^^^^^^^^^^
2026-10-10T04:53:12.4991209Z 
2026-10-10T04:53:12.4991428Z warning: constant `WEAK_REF_FLAGS_END_UNBOUNDED` is never used
2026-10-10T04:53:12.4991908Z    --> vendor/yrs-0.28.0/src/types/mod.rs:238:7
2026-10-10T04:53:12.4992289Z     |
2026-10-10T04:53:12.4992880Z 238 | const WEAK_REF_FLAGS_END_UNBOUNDED: u8 = 0b0001_0000;
2026-10-10T04:53:12.4993350Z     |       ^^^^^^^^^^^^^^^^^^^^^^^^^^^^
2026-10-10T04:53:12.4993590Z 
2026-10-10T04:53:12.4993768Z warning: constant `WEAK_REF_FLAGS_PARENT_ROOT` is never used
2026-10-10T04:53:12.4994228Z    --> vendor/yrs-0.28.0/src/types/mod.rs:240:7
2026-10-10T04:53:12.4994664Z     |
2026-10-10T04:53:12.4994970Z 240 | const WEAK_REF_FLAGS_PARENT_ROOT: u8 = 0b0010_0000;
2026-10-10T04:53:12.4995421Z     |       ^^^^^^^^^^^^^^^^^^^^^^^^^^
2026-10-10T04:53:12.4995610Z 
2026-10-10T04:53:12.4995775Z warning: field `txn` is never read
2026-10-10T04:53:12.4996163Z    --> vendor/yrs-0.28.0/src/types/mod.rs:538:5
2026-10-10T04:53:12.4996564Z     |
2026-10-10T04:53:12.4996852Z 536 | pub(crate) struct Entries<'a, B, T> {
2026-10-10T04:53:12.4997289Z     |                   ------- field in this struct
2026-10-10T04:53:12.4997803Z 537 |     iter: std::collections::hash_map::Iter<'a, Arc<str>, ItemPtr>,
2026-10-10T04:53:12.4998321Z 538 |     txn: B,
2026-10-10T04:53:12.4998646Z     |     ^^^
2026-10-10T04:53:12.4998912Z     |
2026-10-10T04:53:12.4999485Z     = note: `Entries` has a derived impl for the trait `Debug`, but this is intentionally ignored during dead code analysis
2026-10-10T04:53:12.4999999Z 
2026-10-10T04:53:12.5000133Z warning: method `as_id_set` is never used
2026-10-10T04:53:12.5000497Z   --> vendor/yrs-0.28.0/src/update.rs:48:12
2026-10-10T04:53:12.5000943Z    |
2026-10-10T04:53:12.5001210Z 28 | impl BlockSet {
2026-10-10T04:53:12.5001620Z    | ------------- method in this implementation
2026-10-10T04:53:12.5001982Z ...
2026-10-10T04:53:12.5002261Z 48 |     pub fn as_id_set(&self) -> IdSet {
2026-10-10T04:53:12.5002957Z    |            ^^^^^^^^^
2026-10-10T04:53:12.5003141Z 
2026-10-10T04:53:12.5003421Z warning: associated functions `next_target` and `return_stack` are never used
2026-10-10T04:53:12.5003958Z    --> vendor/yrs-0.28.0/src/update.rs:503:8
2026-10-10T04:53:12.5004326Z     |
2026-10-10T04:53:12.5004592Z 169 | impl Update {
2026-10-10T04:53:12.5005023Z     | ----------- associated functions in this implementation
2026-10-10T04:53:12.5005696Z ...
2026-10-10T04:53:12.5006431Z 503 |     fn next_target<'a, 'b>(
2026-10-10T04:53:12.5006903Z     |        ^^^^^^^^^^^
2026-10-10T04:53:12.5007449Z ...
2026-10-10T04:53:12.5008260Z 526 |     fn return_stack(stack: Vec<Block>, refs: &mut BlockSet, remaining: &mut BlockSet) {
2026-10-10T04:53:12.5009031Z     |        ^^^^^^^^^^^^
2026-10-10T04:53:12.5009221Z 
2026-10-10T04:53:12.5009611Z warning: methods `forward`, `backward`, and `values` are never used
2026-10-10T04:53:12.5010247Z    --> vendor/yrs-0.28.0/src/block_iter.rs:76:12
2026-10-10T04:53:12.5010644Z     |
2026-10-10T04:53:12.5011001Z  18 | impl BlockIter {
2026-10-10T04:53:12.5011337Z     | -------------- methods in this implementation
2026-10-10T04:53:12.5011808Z ...
2026-10-10T04:53:12.5012167Z  76 |     pub fn forward<T: ReadTxn>(&mut self, txn: &T, len: u32) {
2026-10-10T04:53:12.5012993Z     |            ^^^^^^^
2026-10-10T04:53:12.5013388Z ...
2026-10-10T04:53:12.5013759Z 130 |     pub fn backward<T: ReadTxn>(&mut self, txn: &mut T, mut len: u32) {
2026-10-10T04:53:12.5014239Z     |            ^^^^^^^^
2026-10-10T04:53:12.5014546Z ...
2026-10-10T04:53:12.5014864Z 369 |     pub fn values<'a, 'txn, T: ReadTxn>(
2026-10-10T04:53:12.5015834Z     |            ^^^^^^
2026-10-10T04:53:12.5016201Z 
2026-10-10T04:53:12.5016444Z warning: struct `Values` is never constructed
2026-10-10T04:53:12.5017109Z    --> vendor/yrs-0.28.0/src/block_iter.rs:377:12
2026-10-10T04:53:12.5017801Z     |
2026-10-10T04:53:12.5018164Z 377 | pub struct Values<'a, 'txn> {
2026-10-10T04:53:12.5018570Z     |            ^^^^^^
2026-10-10T04:53:12.5018727Z 
2026-10-10T04:53:12.5018922Z warning: associated function `new` is never used
2026-10-10T04:53:12.5019576Z    --> vendor/yrs-0.28.0/src/block_iter.rs:383:8
2026-10-10T04:53:12.5019986Z     |
2026-10-10T04:53:12.5020299Z 382 | impl<'a, 'txn> Values<'a, 'txn> {
2026-10-10T04:53:12.5020762Z     | ------------------------------- associated function in this implementation
2026-10-10T04:53:12.5021369Z 383 |     fn new(iter: &'a mut BlockIter, txn: &'txn mut TransactionMut<'txn>) -> Self {
2026-10-10T04:53:12.5021841Z     |        ^^^
2026-10-10T04:53:12.5022047Z 
2026-10-10T04:53:12.5022259Z warning: method `remove_at` is never used
2026-10-10T04:53:12.5022995Z    --> vendor/yrs-0.28.0/src/branch.rs:398:19
2026-10-10T04:53:12.5023397Z     |
2026-10-10T04:53:12.5023679Z 222 | impl Branch {
2026-10-10T04:53:12.5023995Z     | ----------- method in this implementation
2026-10-10T04:53:12.5024391Z ...
2026-10-10T04:53:12.5024860Z 398 |     pub(crate) fn remove_at(&self, txn: &mut TransactionMut, index: u32, len: u32) -> u32 {
2026-10-10T04:53:12.5025347Z     |                   ^^^^^^^^^
2026-10-10T04:53:12.5025773Z 
2026-10-10T04:53:12.5026050Z warning: method `inner_mut` is never used
2026-10-10T04:53:12.5026714Z    --> vendor/yrs-0.28.0/src/ids.rs:548:19
2026-10-10T04:53:12.5027602Z     |
2026-10-10T04:53:12.5028065Z  58 | impl<T: Merge> IdRanges<T> {
2026-10-10T04:53:12.5028680Z     | -------------------------- method in this implementation
2026-10-10T04:53:12.5029412Z ...
2026-10-10T04:53:12.5030044Z 548 |     pub(crate) fn inner_mut(&mut self) -> &mut SmallVec<[(Range<u32>, T); 1]> {
2026-10-10T04:53:12.5030863Z     |                   ^^^^^^^^^
2026-10-10T04:53:12.5031286Z 
2026-10-10T04:53:12.5031517Z warning: trait `BlockIterator` is never used
2026-10-10T04:53:12.5032177Z  --> vendor/yrs-0.28.0/src/iter.rs:7:18
2026-10-10T04:53:12.5033092Z   |
2026-10-10T04:53:12.5033689Z 7 | pub(crate) trait BlockIterator: Iterator<Item = ItemPtr> + Sized {
2026-10-10T04:53:12.5034558Z   |                  ^^^^^^^^^^^^^
2026-10-10T04:53:12.5034916Z 
2026-10-10T04:53:12.5035169Z warning: trait `BlockSliceIterator` is never used
2026-10-10T04:53:12.5035810Z   --> vendor/yrs-0.28.0/src/iter.rs:16:18
2026-10-10T04:53:12.5036444Z    |
2026-10-10T04:53:12.5037090Z 16 | pub(crate) trait BlockSliceIterator: Iterator<Item = ItemSlice> + Sized {
2026-10-10T04:53:12.5038026Z    |                  ^^^^^^^^^^^^^^^^^^
2026-10-10T04:53:12.5038355Z 
2026-10-10T04:53:12.5038828Z warning: struct `RangeIter` is never constructed
2026-10-10T04:53:12.5039471Z    --> vendor/yrs-0.28.0/src/iter.rs:106:19
2026-10-10T04:53:12.5040121Z     |
2026-10-10T04:53:12.5040581Z 106 | pub(crate) struct RangeIter<I> {
2026-10-10T04:53:12.5041284Z     |                   ^^^^^^^^^
2026-10-10T04:53:12.5041637Z 
2026-10-10T04:53:12.5041926Z warning: associated items `new` and `begin` are never used
2026-10-10T04:53:12.5042838Z    --> vendor/yrs-0.28.0/src/iter.rs:117:8
2026-10-10T04:53:12.5043458Z     |
2026-10-10T04:53:12.5043761Z 113 | / impl<I> RangeIter<I>
2026-10-10T04:53:12.5044127Z 114 | | where
2026-10-10T04:53:12.5044459Z 115 | |     I: Iterator<Item = ItemPtr>,
2026-10-10T04:53:12.5045046Z     | |________________________________- associated items in this implementation
2026-10-10T04:53:12.5045627Z 116 |   {
2026-10-10T04:53:12.5046087Z 117 |       fn new(iter: I, start: StickyIndex, end: StickyIndex) -> Self {
2026-10-10T04:53:12.5046665Z     |          ^^^
2026-10-10T04:53:12.5046970Z ...
2026-10-10T04:53:12.5047424Z 126 |       fn begin(&mut self, start_offset: &mut u32) -> Option<ItemPtr> {
2026-10-10T04:53:12.5048010Z     |          ^^^^^
2026-10-10T04:53:12.5048211Z 
2026-10-10T04:53:12.5048399Z warning: enum `RangeIterState` is never used
2026-10-10T04:53:12.5048889Z    --> vendor/yrs-0.28.0/src/iter.rs:234:6
2026-10-10T04:53:12.5049314Z     |
2026-10-10T04:53:12.5049621Z 234 | enum RangeIterState {
2026-10-10T04:53:12.5049999Z     |      ^^^^^^^^^^^^^^
2026-10-10T04:53:12.5050191Z 
2026-10-10T04:53:12.5050308Z warning: struct `Values` is never constructed
2026-10-10T04:53:12.5050609Z    --> vendor/yrs-0.28.0/src/iter.rs:245:19
2026-10-10T04:53:12.5050858Z     |
2026-10-10T04:53:12.5051044Z 245 | pub(crate) struct Values<I> {
2026-10-10T04:53:12.5051290Z     |                   ^^^^^^
2026-10-10T04:53:12.5051430Z 
2026-10-10T04:53:12.5051550Z warning: associated function `new` is never used
2026-10-10T04:53:12.5051847Z    --> vendor/yrs-0.28.0/src/iter.rs:251:8
2026-10-10T04:53:12.5052091Z     |
2026-10-10T04:53:12.5052268Z 250 | impl<I> Values<I> {
2026-10-10T04:53:12.5052727Z     | ----------------- associated function in this implementation
2026-10-10T04:53:12.5053063Z 251 |     fn new(iter: I) -> Self {
2026-10-10T04:53:12.5053358Z     |        ^^^
2026-10-10T04:53:12.5053568Z 
2026-10-10T04:53:12.5053735Z warning: field `txn` is never read
2026-10-10T04:53:12.5054180Z    --> vendor/yrs-0.28.0/src/iter.rs:287:5
2026-10-10T04:53:12.5054594Z     |
2026-10-10T04:53:12.5054901Z 286 | pub struct AsIter<'a, T, I> {
2026-10-10T04:53:12.5055266Z     |            ------ field in this struct
2026-10-10T04:53:12.5055520Z 287 |     txn: &'a T,
2026-10-10T04:53:12.5055711Z     |     ^^^
2026-10-10T04:53:12.5055880Z     |
2026-10-10T04:53:12.5056306Z     = note: `AsIter` has a derived impl for the trait `Debug`, but this is intentionally ignored during dead code analysis
2026-10-10T04:53:12.5056729Z 
2026-10-10T04:53:12.5056936Z warning: methods `adjacent`, `contains_id`, `right`, and `left` are never used
2026-10-10T04:53:12.5057346Z    --> vendor/yrs-0.28.0/src/slice.rs:164:12
2026-10-10T04:53:12.5057602Z     |
2026-10-10T04:53:12.5057775Z 105 | impl ItemSlice {
2026-10-10T04:53:12.5058017Z     | -------------- methods in this implementation
2026-10-10T04:53:12.5058288Z ...
2026-10-10T04:53:12.5058475Z 164 |     pub fn adjacent(&self) -> bool {
2026-10-10T04:53:12.5058728Z     |            ^^^^^^^^
2026-10-10T04:53:12.5058929Z ...
2026-10-10T04:53:12.5059143Z 179 |     pub fn contains_id(&self, id: &ID) -> bool {
2026-10-10T04:53:12.5059438Z     |            ^^^^^^^^^^^
2026-10-10T04:53:12.5059644Z ...
2026-10-10T04:53:12.5059851Z 249 |     pub fn right(&self) -> Option<ItemSlice> {
2026-10-10T04:53:12.5060125Z     |            ^^^^^
2026-10-10T04:53:12.5060308Z ...
2026-10-10T04:53:12.5060503Z 269 |     pub fn left(&self) -> Option<ItemSlice> {
2026-10-10T04:53:12.5060773Z     |            ^^^^
2026-10-10T04:53:12.5060894Z 
2026-10-10T04:53:12.5061041Z warning: methods `within_range` and `get_item` are never used
2026-10-10T04:53:12.5061536Z    --> vendor/yrs-0.28.0/src/sticky_index.rs:272:19
2026-10-10T04:53:12.5061809Z     |
2026-10-10T04:53:12.5061992Z  51 | impl StickyIndex {
2026-10-10T04:53:12.5062240Z     | ---------------- methods in this implementation
2026-10-10T04:53:12.5062675Z ...
2026-10-10T04:53:12.5062939Z 272 |     pub(crate) fn within_range(&self, ptr: Option<ItemPtr>) -> bool {
2026-10-10T04:53:12.5063289Z     |                   ^^^^^^^^^^^^
2026-10-10T04:53:12.5063631Z ...
2026-10-10T04:53:12.5063904Z 287 |     pub(crate) fn get_item<T: ReadTxn>(&self, txn: &T) -> Option<ItemPtr> {
2026-10-10T04:53:12.5064256Z     |                   ^^^^^^^^
2026-10-10T04:53:12.5064408Z 
2026-10-10T04:53:12.5064605Z warning: hiding a lifetime that's elided elsewhere is confusing
2026-10-10T04:53:12.5064949Z   --> vendor/yrs-0.28.0/src/event.rs:63:18
2026-10-10T04:53:12.5065197Z    |
2026-10-10T04:53:12.5065403Z 63 |     pub fn added(&self) -> SubdocsEventIter {
2026-10-10T04:53:12.5065736Z    |                  ^^^^^     ^^^^^^^^^^^^^^^^ the same lifetime is hidden here
2026-10-10T04:53:12.5066037Z    |                  |
2026-10-10T04:53:12.5066259Z    |                  the lifetime is elided here
2026-10-10T04:53:12.5066609Z    |
2026-10-10T04:53:12.5067212Z    = help: the same lifetime is referred to in inconsistent ways, making the signature confusing
2026-10-10T04:53:12.5068063Z    = note: `#[warn(mismatched_lifetime_syntaxes)]` on by default
2026-10-10T04:53:12.5068510Z help: use `'_` for type paths
2026-10-10T04:53:12.5068728Z    |
2026-10-10T04:53:12.5068941Z 63 |     pub fn added(&self) -> SubdocsEventIter<'_> {
2026-10-10T04:53:12.5069241Z    |                                            ++++
2026-10-10T04:53:12.5069425Z 
2026-10-10T04:53:12.5069581Z warning: hiding a lifetime that's elided elsewhere is confusing
2026-10-10T04:53:12.5069927Z   --> vendor/yrs-0.28.0/src/event.rs:69:20
2026-10-10T04:53:12.5070179Z    |
2026-10-10T04:53:12.5070385Z 69 |     pub fn removed(&self) -> SubdocsEventIter {
2026-10-10T04:53:12.5070722Z    |                    ^^^^^     ^^^^^^^^^^^^^^^^ the same lifetime is hidden here
2026-10-10T04:53:12.5071028Z    |                    |
2026-10-10T04:53:12.5071254Z    |                    the lifetime is elided here
2026-10-10T04:53:12.5071508Z    |
2026-10-10T04:53:12.5071837Z    = help: the same lifetime is referred to in inconsistent ways, making the signature confusing
2026-10-10T04:53:12.5072266Z help: use `'_` for type paths
2026-10-10T04:53:12.5072726Z    |
2026-10-10T04:53:12.5072952Z 69 |     pub fn removed(&self) -> SubdocsEventIter<'_> {
2026-10-10T04:53:12.5073268Z    |                                              ++++
2026-10-10T04:53:12.5073442Z 
2026-10-10T04:53:12.5073610Z warning: hiding a lifetime that's elided elsewhere is confusing
2026-10-10T04:53:12.5073954Z   --> vendor/yrs-0.28.0/src/event.rs:75:19
2026-10-10T04:53:12.5074194Z    |
2026-10-10T04:53:12.5074394Z 75 |     pub fn loaded(&self) -> SubdocsEventIter {
2026-10-10T04:53:12.5074724Z    |                   ^^^^^     ^^^^^^^^^^^^^^^^ the same lifetime is hidden here
2026-10-10T04:53:12.5075027Z    |                   |
2026-10-10T04:53:12.5075247Z    |                   the lifetime is elided here
2026-10-10T04:53:12.5075498Z    |
2026-10-10T04:53:12.5075827Z    = help: the same lifetime is referred to in inconsistent ways, making the signature confusing
2026-10-10T04:53:12.5076255Z help: use `'_` for type paths
2026-10-10T04:53:12.5076467Z    |
2026-10-10T04:53:12.5076677Z 75 |     pub fn loaded(&self) -> SubdocsEventIter<'_> {
2026-10-10T04:53:12.5076976Z    |                                             ++++
2026-10-10T04:53:12.5077153Z 
2026-10-10T04:53:12.5077311Z warning: hiding a lifetime that's elided elsewhere is confusing
2026-10-10T04:53:12.5077656Z    --> vendor/yrs-0.28.0/src/store.rs:358:20
2026-10-10T04:53:12.5077907Z     |
2026-10-10T04:53:12.5078107Z 358 |     pub fn subdocs(&self) -> SubdocsIter {
2026-10-10T04:53:12.5078568Z     |                    ^^^^^     ^^^^^^^^^^^ the same lifetime is hidden here
2026-10-10T04:53:12.5078886Z     |                    |
2026-10-10T04:53:12.5079115Z     |                    the lifetime is elided here
2026-10-10T04:53:12.5079367Z     |
2026-10-10T04:53:12.5079699Z     = help: the same lifetime is referred to in inconsistent ways, making the signature confusing
2026-10-10T04:53:12.5080128Z help: use `'_` for type paths
2026-10-10T04:53:12.5080344Z     |
2026-10-10T04:53:12.5080547Z 358 |     pub fn subdocs(&self) -> SubdocsIter<'_> {
2026-10-10T04:53:12.5080949Z     |                                         ++++
2026-10-10T04:53:12.5081131Z 
2026-10-10T04:53:12.5081284Z warning: hiding a lifetime that's elided elsewhere is confusing
2026-10-10T04:53:12.5081629Z    --> vendor/yrs-0.28.0/src/store.rs:364:25
2026-10-10T04:53:12.5081889Z     |
2026-10-10T04:53:12.5082098Z 364 |     pub fn subdoc_guids(&self) -> SubdocGuids {
2026-10-10T04:53:12.5082635Z     |                         ^^^^^     ^^^^^^^^^^^ the same lifetime is hidden here
2026-10-10T04:53:12.5083037Z     |                         |
2026-10-10T04:53:12.5083285Z     |                         the lifetime is elided here
2026-10-10T04:53:12.5083543Z     |
2026-10-10T04:53:12.5083879Z     = help: the same lifetime is referred to in inconsistent ways, making the signature confusing
2026-10-10T04:53:12.5084305Z help: use `'_` for type paths
2026-10-10T04:53:12.5084521Z     |
2026-10-10T04:53:12.5084739Z 364 |     pub fn subdoc_guids(&self) -> SubdocGuids<'_> {
2026-10-10T04:53:12.5085057Z     |                                              ++++
2026-10-10T04:53:12.5085237Z 
2026-10-10T04:53:12.5085396Z warning: hiding a lifetime that's elided elsewhere is confusing
2026-10-10T04:53:12.5085737Z    --> vendor/yrs-0.28.0/src/store.rs:444:28
2026-10-10T04:53:12.5085983Z     |
2026-10-10T04:53:12.5086246Z 444 |     pub(crate) fn try_read(&self) -> Option<RwLockReadGuard<Store>> {
2026-10-10T04:53:12.5086675Z     |                            ^^^^^            ^^^^^^^^^^^^^^^^^^^^^^ the same lifetime is hidden here
2026-10-10T04:53:12.5087011Z     |                            |
2026-10-10T04:53:12.5087269Z     |                            the lifetime is elided here
2026-10-10T04:53:12.5087540Z     |
2026-10-10T04:53:12.5087868Z     = help: the same lifetime is referred to in inconsistent ways, making the signature confusing
2026-10-10T04:53:12.5088290Z help: use `'_` for type paths
2026-10-10T04:53:12.5088501Z     |
2026-10-10T04:53:12.5088767Z 444 |     pub(crate) fn try_read(&self) -> Option<RwLockReadGuard<'_, Store>> {
2026-10-10T04:53:12.5089152Z     |                                                             +++
2026-10-10T04:53:12.5089357Z 
2026-10-10T04:53:12.5089509Z warning: hiding a lifetime that's elided elsewhere is confusing
2026-10-10T04:53:12.5089850Z    --> vendor/yrs-0.28.0/src/store.rs:449:33
2026-10-10T04:53:12.5090102Z     |
2026-10-10T04:53:12.5090371Z 449 |     pub(crate) fn read_blocking(&self) -> RwLockReadGuard<Store> {
2026-10-10T04:53:12.5090798Z     |                                 ^^^^^     ^^^^^^^^^^^^^^^^^^^^^^ the same lifetime is hidden here
2026-10-10T04:53:12.5091132Z     |                                 |
2026-10-10T04:53:12.5091404Z     |                                 the lifetime is elided here
2026-10-10T04:53:12.5091673Z     |
2026-10-10T04:53:12.5092009Z     = help: the same lifetime is referred to in inconsistent ways, making the signature confusing
2026-10-10T04:53:12.5092615Z help: use `'_` for type paths
2026-10-10T04:53:12.5092842Z     |
2026-10-10T04:53:12.5093105Z 449 |     pub(crate) fn read_blocking(&self) -> RwLockReadGuard<'_, Store> {
2026-10-10T04:53:12.5093482Z     |                                                           +++
2026-10-10T04:53:12.5093684Z 
2026-10-10T04:53:12.5093845Z warning: hiding a lifetime that's elided elsewhere is confusing
2026-10-10T04:53:12.5094192Z    --> vendor/yrs-0.28.0/src/store.rs:458:30
2026-10-10T04:53:12.5094441Z     |
2026-10-10T04:53:12.5094659Z 458 |     pub(crate) fn read_async(&self) -> Read<Store> {
2026-10-10T04:53:12.5095153Z     |                              ^^^^^     ^^^^^^^^^^^ the same lifetime is hidden here
2026-10-10T04:53:12.5095479Z     |                              |
2026-10-10T04:53:12.5095756Z     |                              the lifetime is elided here
2026-10-10T04:53:12.5096026Z     |
2026-10-10T04:53:12.5096357Z     = help: the same lifetime is referred to in inconsistent ways, making the signature confusing
2026-10-10T04:53:12.5096789Z help: use `'_` for type paths
2026-10-10T04:53:12.5097683Z     |
2026-10-10T04:53:12.5097906Z 458 |     pub(crate) fn read_async(&self) -> Read<'_, Store> {
2026-10-10T04:53:12.5098221Z     |                                             +++
2026-10-10T04:53:12.5098399Z 
2026-10-10T04:53:12.5098557Z warning: hiding a lifetime that's elided elsewhere is confusing
2026-10-10T04:53:12.5098900Z    --> vendor/yrs-0.28.0/src/store.rs:462:29
2026-10-10T04:53:12.5099148Z     |
2026-10-10T04:53:12.5099414Z 462 |     pub(crate) fn try_write(&self) -> Option<RwLockWriteGuard<Store>> {
2026-10-10T04:53:12.5099855Z     |                             ^^^^^            ^^^^^^^^^^^^^^^^^^^^^^^ the same lifetime is hidden here
2026-10-10T04:53:12.5100199Z     |                             |
2026-10-10T04:53:12.5100455Z     |                             the lifetime is elided here
2026-10-10T04:53:12.5100723Z     |
2026-10-10T04:53:12.5101051Z     = help: the same lifetime is referred to in inconsistent ways, making the signature confusing
2026-10-10T04:53:12.5101484Z help: use `'_` for type paths
2026-10-10T04:53:12.5101692Z     |
2026-10-10T04:53:12.5101966Z 462 |     pub(crate) fn try_write(&self) -> Option<RwLockWriteGuard<'_, Store>> {
2026-10-10T04:53:12.5102350Z     |                                                               +++
2026-10-10T04:53:12.5102717Z 
2026-10-10T04:53:12.5102874Z warning: hiding a lifetime that's elided elsewhere is confusing
2026-10-10T04:53:12.5103219Z    --> vendor/yrs-0.28.0/src/store.rs:467:34
2026-10-10T04:53:12.5103461Z     |
2026-10-10T04:53:12.5103724Z 467 |     pub(crate) fn write_blocking(&self) -> RwLockWriteGuard<Store> {
2026-10-10T04:53:12.5104142Z     |                                  ^^^^^     ^^^^^^^^^^^^^^^^^^^^^^^ the same lifetime is hidden here
2026-10-10T04:53:12.5104476Z     |                                  |
2026-10-10T04:53:12.5104746Z     |                                  the lifetime is elided here
2026-10-10T04:53:12.5105018Z     |
2026-10-10T04:53:12.5105344Z     = help: the same lifetime is referred to in inconsistent ways, making the signature confusing
2026-10-10T04:53:12.5105768Z help: use `'_` for type paths
2026-10-10T04:53:12.5105989Z     |
2026-10-10T04:53:12.5106259Z 467 |     pub(crate) fn write_blocking(&self) -> RwLockWriteGuard<'_, Store> {
2026-10-10T04:53:12.5106638Z     |                                                             +++
2026-10-10T04:53:12.5106836Z 
2026-10-10T04:53:12.5106997Z warning: hiding a lifetime that's elided elsewhere is confusing
2026-10-10T04:53:12.5107346Z    --> vendor/yrs-0.28.0/src/store.rs:476:31
2026-10-10T04:53:12.5107592Z     |
2026-10-10T04:53:12.5107815Z 476 |     pub(crate) fn write_async(&self) -> Write<Store> {
2026-10-10T04:53:12.5108173Z     |                               ^^^^^     ^^^^^^^^^^^^ the same lifetime is hidden here
2026-10-10T04:53:12.5108492Z     |                               |
2026-10-10T04:53:12.5108796Z     |                               the lifetime is elided here
2026-10-10T04:53:12.5109066Z     |
2026-10-10T04:53:12.5109399Z     = help: the same lifetime is referred to in inconsistent ways, making the signature confusing
2026-10-10T04:53:12.5109821Z help: use `'_` for type paths
2026-10-10T04:53:12.5110037Z     |
2026-10-10T04:53:12.5110267Z 476 |     pub(crate) fn write_async(&self) -> Write<'_, Store> {
2026-10-10T04:53:12.5110588Z     |                                               +++
2026-10-10T04:53:12.5110774Z 
2026-10-10T04:53:12.5110927Z warning: hiding a lifetime that's elided elsewhere is confusing
2026-10-10T04:53:12.5111403Z    --> vendor/yrs-0.28.0/src/transaction.rs:168:18
2026-10-10T04:53:12.5111686Z     |
2026-10-10T04:53:12.5111877Z 168 |     fn root_refs(&self) -> RootRefs {
2026-10-10T04:53:12.5112179Z     |                  ^^^^^     ^^^^^^^^ the same lifetime is hidden here
2026-10-10T04:53:12.5112586Z     |                  |
2026-10-10T04:53:12.5112808Z     |                  the lifetime is elided here
2026-10-10T04:53:12.5113059Z     |
2026-10-10T04:53:12.5113383Z     = help: the same lifetime is referred to in inconsistent ways, making the signature confusing
2026-10-10T04:53:12.5113921Z help: use `'_` for type paths
2026-10-10T04:53:12.5114132Z     |
2026-10-10T04:53:12.5114322Z 168 |     fn root_refs(&self) -> RootRefs<'_> {
2026-10-10T04:53:12.5114595Z     |                                    ++++
2026-10-10T04:53:12.5114769Z 
2026-10-10T04:53:12.5114929Z warning: hiding a lifetime that's elided elsewhere is confusing
2026-10-10T04:53:12.5115278Z    --> vendor/yrs-0.28.0/src/transaction.rs:175:21
2026-10-10T04:53:12.5115539Z     |
2026-10-10T04:53:12.5115743Z 175 |     fn subdoc_guids(&self) -> SubdocGuids {
2026-10-10T04:53:12.5116064Z     |                     ^^^^^     ^^^^^^^^^^^ the same lifetime is hidden here
2026-10-10T04:53:12.5116364Z     |                     |
2026-10-10T04:53:12.5116599Z     |                     the lifetime is elided here
2026-10-10T04:53:12.5116854Z     |
2026-10-10T04:53:12.5117181Z     = help: the same lifetime is referred to in inconsistent ways, making the signature confusing
2026-10-10T04:53:12.5117616Z help: use `'_` for type paths
2026-10-10T04:53:12.5117828Z     |
2026-10-10T04:53:12.5118032Z 175 |     fn subdoc_guids(&self) -> SubdocGuids<'_> {
2026-10-10T04:53:12.5118322Z     |                                          ++++
2026-10-10T04:53:12.5118499Z 
2026-10-10T04:53:12.5118658Z warning: hiding a lifetime that's elided elsewhere is confusing
2026-10-10T04:53:12.5119009Z    --> vendor/yrs-0.28.0/src/transaction.rs:181:16
2026-10-10T04:53:12.5119276Z     |
2026-10-10T04:53:12.5119479Z 181 |     fn subdocs(&self) -> SubdocsIter {
2026-10-10T04:53:12.5119782Z     |                ^^^^^     ^^^^^^^^^^^ the same lifetime is hidden here
2026-10-10T04:53:12.5120081Z     |                |
2026-10-10T04:53:12.5120293Z     |                the lifetime is elided here
2026-10-10T04:53:12.5120542Z     |
2026-10-10T04:53:12.5120867Z     = help: the same lifetime is referred to in inconsistent ways, making the signature confusing
2026-10-10T04:53:12.5121292Z help: use `'_` for type paths
2026-10-10T04:53:12.5121513Z     |
2026-10-10T04:53:12.5121710Z 181 |     fn subdocs(&self) -> SubdocsIter<'_> {
2026-10-10T04:53:12.5121985Z     |                                     ++++
2026-10-10T04:53:12.5122164Z 
2026-10-10T04:53:12.5122335Z warning: hiding a lifetime that's elided elsewhere is confusing
2026-10-10T04:53:12.5123042Z    --> vendor/yrs-0.28.0/src/types/mod.rs:911:17
2026-10-10T04:53:12.5123316Z     |
2026-10-10T04:53:12.5123510Z 911 |     pub fn iter(&self) -> EventsIter {
2026-10-10T04:53:12.5123818Z     |                 ^^^^^     ^^^^^^^^^^ the same lifetime is hidden here
2026-10-10T04:53:12.5124116Z     |                 |
2026-10-10T04:53:12.5124339Z     |                 the lifetime is elided here
2026-10-10T04:53:12.5124591Z     |
2026-10-10T04:53:12.5124915Z     = help: the same lifetime is referred to in inconsistent ways, making the signature confusing
2026-10-10T04:53:12.5125337Z help: use `'_` for type paths
2026-10-10T04:53:12.5125548Z     |
2026-10-10T04:53:12.5125746Z 911 |     pub fn iter(&self) -> EventsIter<'_> {
2026-10-10T04:53:12.5126041Z     |                                     ++++
2026-10-10T04:53:12.5126216Z 
2026-10-10T04:53:12.5180551Z warning: hiding a lifetime that's elided elsewhere is confusing
2026-10-10T04:53:12.5181220Z   --> vendor/yrs-0.28.0/src/state_vector.rs:93:17
2026-10-10T04:53:12.5181688Z    |
2026-10-10T04:53:12.5182113Z 93 |     pub fn iter(&self) -> std::collections::hash_map::Iter<ClientID, u32> {
2026-10-10T04:53:12.5182950Z    |                 ^^^^^     ^^^^^^^^^^^^^^^^^^^^^^^^^^^^^^^^^^^^^^^^^^^^^^^ the same lifetime is hidden here
2026-10-10T04:53:12.5183317Z    |                 |
2026-10-10T04:53:12.5183551Z    |                 the lifetime is elided here
2026-10-10T04:53:12.5183822Z    |
2026-10-10T04:53:12.5184213Z    = help: the same lifetime is referred to in inconsistent ways, making the signature confusing
2026-10-10T04:53:12.5184666Z help: use `'_` for type paths
2026-10-10T04:53:12.5184900Z    |
2026-10-10T04:53:12.5185397Z 93 |     pub fn iter(&self) -> std::collections::hash_map::Iter<'_, ClientID, u32> {
2026-10-10T04:53:12.5185812Z    |                                                            +++
2026-10-10T04:53:12.5186026Z 
2026-10-10T04:53:12.5191900Z warning: hiding a lifetime that's elided elsewhere is confusing
2026-10-10T04:53:12.5192714Z    --> vendor/yrs-0.28.0/src/sync/awareness.rs:141:17
2026-10-10T04:53:12.5193474Z     |
2026-10-10T04:53:12.5193883Z 141 |     pub fn iter(&self) -> AwarenessIter {
2026-10-10T04:53:12.5194612Z     |                 ^^^^^     ^^^^^^^^^^^^^ the same lifetime is hidden here
2026-10-10T04:53:12.5195265Z     |                 |
2026-10-10T04:53:12.5195709Z     |                 the lifetime is elided here
2026-10-10T04:53:12.5196254Z     |
2026-10-10T04:53:12.5196932Z     = help: the same lifetime is referred to in inconsistent ways, making the signature confusing
2026-10-10T04:53:12.5197899Z help: use `'_` for type paths
2026-10-10T04:53:12.5198339Z     |
2026-10-10T04:53:12.5198765Z 141 |     pub fn iter(&self) -> AwarenessIter<'_> {
2026-10-10T04:53:12.5199360Z     |                                        ++++
2026-10-10T04:53:12.5199731Z 
2026-10-10T04:53:18.6880376Z warning: `yrs` (lib) generated 58 warnings (run `cargo fix --lib -p yrs` to apply 27 suggestions)
2026-10-10T04:53:18.6881555Z    Compiling tandemlog-text v0.0.0 (/home/runner/work/tandemlog/tandemlog/native/text_engine)
2026-10-10T04:53:31.1182809Z     Finished `release` profile [optimized] target(s) in 26.37s
2026-10-10T04:53:31.8747900Z Required production native ABI loaded: /home/runner/work/_temp/native-unit/libtandemlog_text.so
2026-10-10T04:53:31.8865789Z ##[group]Run flutter test
2026-10-10T04:53:31.8866129Z [36;1mflutter test[0m
2026-10-10T04:53:31.8928155Z shell: /usr/bin/bash -e {0}
2026-10-10T04:53:31.8928403Z env:
2026-10-10T04:53:31.8928702Z   CARGO_HOME: /home/runner/work/_temp/tandemlog-rust-bootstrap/cargo
2026-10-10T04:53:31.8929200Z   RUSTUP_HOME: /home/runner/work/_temp/tandemlog-rust-bootstrap/rustup
2026-10-10T04:53:31.8929780Z   RUSTUP_UPDATE_ROOT: https://static.rust-lang.org/rustup
2026-10-10T04:53:31.8930157Z   RUSTUP_DIST_SERVER: https://static.rust-lang.org
2026-10-10T04:53:31.8930461Z   RUSTUP_AUTO_INSTALL: 0
2026-10-10T04:53:31.8930832Z   TANDEMLOG_TEXT_TARGET_DIR: /home/runner/work/_temp/tandemlog-rust-bootstrap/target
2026-10-10T04:53:31.8931385Z   TANDEMLOG_TEXT_LIBRARY: /home/runner/work/_temp/native-unit/libtandemlog_text.so
2026-10-10T04:53:31.8931792Z ##[endgroup]
2026-10-10T04:53:32.0541418Z Resolving dependencies...
2026-10-10T04:53:32.1400300Z Downloading packages...
2026-10-10T04:53:32.2028996Z   code_assets 1.2.1 (2.1.0 available)
2026-10-10T04:53:32.2029672Z   cross_file 0.3.5+5 (0.4.0 available)
2026-10-10T04:53:32.2030077Z   jni 1.0.3 (1.1.0 available)
2026-10-10T04:53:32.2030425Z   jni_flutter 1.0.3 (1.0.4+1 available)
2026-10-10T04:53:32.2030862Z   material_color_utilities 0.13.0 (0.13.1 available)
2026-10-10T04:53:32.2031320Z   native_toolchain_c 0.19.3 (0.19.5 available)
2026-10-10T04:53:32.2032032Z   objective_c 9.5.0 (9.6.2 available)
2026-10-10T04:53:32.2032833Z   test_api 0.7.12 (0.7.15 available)
2026-10-10T04:53:32.2033265Z   url_launcher 6.3.2 (6.3.3 available)
2026-10-10T04:53:32.2033679Z   vector_math 2.4.0 (2.4.3 available)
2026-10-10T04:53:32.2034035Z Got dependencies!
2026-10-10T04:53:32.2034497Z 10 packages have newer versions incompatible with dependency constraints.
2026-10-10T04:53:32.2035102Z Try `flutter pub outdated` for more information.
2026-10-10T04:53:35.4764478Z 
2026-10-10T04:53:44.4629763Z ##[group]✅ Passing tests
2026-10-10T04:53:44.4651426Z ✅ /home/runner/work/tandemlog/tandemlog/test/event_chain_test.dart: independent Python SHA256 golden JSONL is byte-exact on re-encode
2026-10-10T04:53:44.4734044Z ✅ /home/runner/work/tandemlog/tandemlog/test/event_chain_test.dart: new records require an explicit predecessor beyond genesis
2026-10-10T04:53:44.4824374Z ✅ /home/runner/work/tandemlog/tandemlog/test/event_chain_test.dart: canonical bytes reject alternate spellings and duplicate fields
2026-10-10T04:53:44.4878742Z ✅ /home/runner/work/tandemlog/tandemlog/test/event_chain_test.dart: data key order is recursive and array order remains significant
2026-10-10T04:53:44.5002312Z ✅ /home/runner/work/tandemlog/tandemlog/test/event_chain_test.dart: altering any envelope field or content breaks the retained hash
2026-10-10T04:53:44.5087448Z ✅ /home/runner/work/tandemlog/tandemlog/test/event_chain_test.dart: hash fields must be full lowercase hex and are mandatory
2026-10-10T04:53:44.5184238Z ✅ /home/runner/work/tandemlog/tandemlog/test/event_chain_test.dart: literal Unicode survives, malformed surrogates never become replacements
2026-10-10T04:53:44.5225292Z ✅ /home/runner/work/tandemlog/tandemlog/test/event_chain_test.dart: canonical numeric grammar is plain safe integers, never floats
2026-10-10T04:53:44.5335770Z ✅ /home/runner/work/tandemlog/tandemlog/test/event_chain_test.dart: obsolete separate tag events are rejected rather than reinterpreted
2026-10-10T04:53:44.5836517Z ✅ /home/runner/work/tandemlog/tandemlog/test/event_chain_test.dart: event size admission counts UTF-8 bytes with an inclusive 1 MiB limit
2026-10-10T04:53:44.5890169Z ✅ /home/runner/work/tandemlog/tandemlog/test/event_chain_test.dart: v1 and v2 prerelease histories remain explicit preserved failures
2026-10-10T04:53:44.6270430Z ✅ /home/runner/work/tandemlog/tandemlog/test/view_time_source_test.dart: same-offset zone changes notify; unchanged fallback stays quiet
2026-10-10T04:53:44.6450685Z ✅ /home/runner/work/tandemlog/tandemlog/test/view_time_source_test.dart: late requests and disposed callbacks cannot replace current zone
2026-10-10T04:53:44.6570116Z ✅ /home/runner/work/tandemlog/tandemlog/test/view_time_source_test.dart: unknown local zone is explicit, and recovers without UTC guessing
2026-10-10T04:53:44.6649726Z ✅ /home/runner/work/tandemlog/tandemlog/test/view_time_source_test.dart: local mapping refuses disabled-DST or inconsistent OS offsets
2026-10-10T04:53:44.6745826Z ✅ /home/runner/work/tandemlog/tandemlog/test/view_time_source_test.dart: explicit Linux TZ identity does not need filesystem access
2026-10-10T04:53:44.7152229Z ✅ /home/runner/work/tandemlog/tandemlog/test/view_time_source_test.dart: Linux zone files honor localtime symlink and copied-file identity
2026-10-10T04:53:46.4044564Z ✅ /home/runner/work/tandemlog/tandemlog/test/initial_task_rank_test.dart: scalar capture retains top rank after Inbox triage and replay
2026-10-10T04:53:47.0027936Z ✅ /home/runner/work/tandemlog/tandemlog/test/initial_task_rank_test.dart: native capture retains top rank after Inbox triage and replay
2026-10-10T04:53:47.1951981Z ✅ /home/runner/work/tandemlog/tandemlog/test/initial_task_rank_test.dart: legacy creations and retries retain their released append order
2026-10-10T04:53:47.4214810Z ✅ /home/runner/work/tandemlog/tandemlog/test/initial_task_rank_test.dart: complete-prefix capture waits for initial position and retries exact suffix
2026-10-10T04:53:47.5875480Z ✅ /home/runner/work/tandemlog/tandemlog/test/initial_task_rank_test.dart: native capture never exposes creation intent before placement reservation
2026-10-10T04:53:47.7469491Z ✅ /home/runner/work/tandemlog/tandemlog/test/initial_task_rank_test.dart: native staging failure retains complete creation and placement reservation
2026-10-10T04:53:48.0769655Z ✅ /home/runner/work/tandemlog/tandemlog/test/initial_task_rank_test.dart: global first rank covers completed and other-assignee hidden tasks
2026-10-10T04:53:48.1215395Z ##[endgroup]
2026-10-10T04:53:48.1217445Z ##[group]✅ /home/runner/work/tandemlog/tandemlog/test/native_checklist_recompletion_test.dart: native offline checklist successor keeps its edited item after recompletion
2026-10-10T04:53:48.1218991Z HISTORICAL_RECOMPLETION recompletion: Native item Saved ChildItemA
2026-10-10T04:53:48.1219819Z ##[endgroup]
2026-10-10T04:53:48.3583217Z ##[group]✅ Passing tests
2026-10-10T04:53:48.3585265Z ✅ /home/runner/work/tandemlog/tandemlog/test/initial_task_rank_test.dart: multiline 1-record prefix retains exact placements through peer arrival and retry
2026-10-10T04:53:48.6334977Z ✅ /home/runner/work/tandemlog/tandemlog/test/initial_task_rank_test.dart: multiline 2-record prefix retains exact placements through peer arrival and retry
2026-10-10T04:53:48.9260202Z ✅ /home/runner/work/tandemlog/tandemlog/test/initial_task_rank_test.dart: multiline 3-record prefix retains exact placements through peer arrival and retry
2026-10-10T04:53:49.9172708Z ##[endgroup]
2026-10-10T04:53:49.9175013Z ##[group]✅ /home/runner/work/tandemlog/tandemlog/test/native_checklist_recompletion_test.dart: native offline checklist successor keeps its edited item after Undo
2026-10-10T04:53:49.9177004Z HISTORICAL_RECOMPLETION Undo: Native item Saved ChildItemA
2026-10-10T04:53:49.9178246Z ##[endgroup]
2026-10-10T04:53:51.7212087Z ##[group]✅ /home/runner/work/tandemlog/tandemlog/test/native_checklist_recompletion_test.dart: native offline checklist successor keeps its edited item after recompletion cold replay
2026-10-10T04:53:51.7214414Z HISTORICAL_RECOMPLETION recompletion cold replay: Native item Saved ChildItemA
2026-10-10T04:53:51.7215705Z ##[endgroup]
2026-10-10T04:53:51.8065345Z ##[group]✅ Passing tests
2026-10-10T04:53:51.8066853Z ✅ /home/runner/work/tandemlog/tandemlog/test/task_editor_tags_test.dart: removing a chip retains unrelated query, caret, and active composition
2026-10-10T04:53:52.5694269Z ✅ /home/runner/work/tandemlog/tandemlog/test/task_editor_tags_test.dart: Enter uses existing match idempotently and Save resolves opaque pending inventory tag
2026-10-10T04:53:53.0765062Z ✅ /home/runner/work/tandemlog/tandemlog/test/task_editor_tags_test.dart: touch creation adds all new tokens and invalid query never enables it
2026-10-10T04:53:53.4467140Z ✅ /home/runner/work/tandemlog/tandemlog/test/task_editor_tags_test.dart: opaque original tags survive pending Save with exact case and spaces
2026-10-10T04:53:53.6956127Z ##[endgroup]
2026-10-10T04:53:53.6958763Z ##[group]✅ /home/runner/work/tandemlog/tandemlog/test/native_checklist_recompletion_test.dart: native offline checklist successor keeps its edited item after Undo cold replay
2026-10-10T04:53:53.6960738Z HISTORICAL_RECOMPLETION Undo cold replay: Native item Saved ChildItemA
2026-10-10T04:53:53.6961689Z ##[endgroup]
2026-10-10T04:53:53.7304054Z ##[group]✅ Passing tests
2026-10-10T04:53:53.7305293Z ✅ /home/runner/work/tandemlog/tandemlog/test/task_editor_tags_test.dart: failed Save retains selected chips and exact pending query
2026-10-10T04:53:53.9660447Z ✅ /home/runner/work/tandemlog/tandemlog/test/native_checklist_recompletion_test.dart: native recurrence without checklist reinitializes untouched child
2026-10-10T04:53:54.0291440Z ✅ /home/runner/work/tandemlog/tandemlog/test/task_editor_tags_test.dart: active tag composition blocks Save and canClose Save
2026-10-10T04:53:54.3329581Z ✅ /home/runner/work/tandemlog/tandemlog/test/native_checklist_recompletion_test.dart: native recurrence without checklist retains edited child
2026-10-10T04:53:54.3332706Z ✅ /home/runner/work/tandemlog/tandemlog/test/task_editor_tags_test.dart: single Save adds pending query without replacing selected tags
2026-10-10T04:53:54.8656169Z ✅ /home/runner/work/tandemlog/tandemlog/test/task_editor_tags_test.dart: pending query participates in canClose; Cancel retains it, Save commits it
2026-10-10T04:53:55.1774652Z ✅ /home/runner/work/tandemlog/tandemlog/test/task_editor_tags_test.dart: bulk Remove cannot create an unknown tag from an unfinished query
2026-10-10T04:53:55.7178139Z ✅ /home/runner/work/tandemlog/tandemlog/test/checklist_storage_test.dart: stale inline reorder stops before receipt after peer refresh
2026-10-10T04:53:56.0023996Z ✅ /home/runner/work/tandemlog/tandemlog/test/recurring_text_test.dart: failed native admission discards rejected replay authority and recovers, cancellation fault=false
2026-10-10T04:53:56.0657961Z ✅ /home/runner/work/tandemlog/tandemlog/test/recurring_text_test.dart: failed native admission discards rejected replay authority and recovers, cancellation fault=true
2026-10-10T04:53:56.1438758Z ✅ /home/runner/work/tandemlog/tandemlog/test/recurring_text_test.dart: actual native recurring inherited text new reference proofs preserve old exact-state proofs and reject substitution
2026-10-10T04:53:56.4941652Z ✅ /home/runner/work/tandemlog/tandemlog/test/checklist_storage_test.dart: one-level items have native title/notes, completion, order and targeted Undo
2026-10-10T04:53:56.8308521Z ✅ /home/runner/work/tandemlog/tandemlog/test/checklist_storage_test.dart: nested, non-task parents and cross-parent move anchors append nothing
2026-10-10T04:53:56.8311686Z ✅ /home/runner/work/tandemlog/tandemlog/test/recurring_text_test.dart: actual native recurring inherited text resolver shares recurrence references and advances native history once
2026-10-10T04:53:56.8649451Z ✅ /home/runner/work/tandemlog/tandemlog/test/recurring_text_test.dart: actual native recurring inherited text memo preserves union and rejects sparse closed prefixes after a hit
2026-10-10T04:53:56.9479480Z ✅ /home/runner/work/tandemlog/tandemlog/test/recurring_text_test.dart: actual native recurring inherited text memo budgets evict without changing replay or requiring native checkpoints
2026-10-10T04:53:57.6307691Z ✅ /home/runner/work/tandemlog/tandemlog/test/recurring_text_test.dart: actual native recurring inherited text shared originals remain bounded without evicting the latest edited proof
2026-10-10T04:53:57.6791982Z ✅ /home/runner/work/tandemlog/tandemlog/test/recurring_text_test.dart: actual native recurring inherited text offline title and notes union preserves acknowledged child prefix and duplicates
2026-10-10T04:53:57.6935342Z ✅ /home/runner/work/tandemlog/tandemlog/test/checklist_storage_test.dart: recurrence copies fresh unchecked items preserving order and native field identities
2026-10-10T04:53:57.6982183Z ✅ /home/runner/work/tandemlog/tandemlog/test/recurring_text_test.dart: actual native recurring inherited text later parent edits flow only through another completion and Undo retains contributions
2026-10-10T04:53:57.7248830Z ✅ /home/runner/work/tandemlog/tandemlog/test/recurring_text_test.dart: actual native recurring inherited text missing proof is pending; known wrong context or state hash is invalid
2026-10-10T04:53:57.7314122Z ✅ /home/runner/work/tandemlog/tandemlog/test/recurring_text_test.dart: actual native recurring inherited text actual foreign struct author is rejected
2026-10-10T04:53:57.7396029Z ✅ /home/runner/work/tandemlog/tandemlog/test/recurring_text_test.dart: actual native recurring inherited text reusing another writer’s actor claim is rejected
2026-10-10T04:53:57.7630611Z ✅ /home/runner/work/tandemlog/tandemlog/test/recurring_text_test.dart: actual native recurring inherited text grandchild prefix excludes a late ancestor completion
2026-10-10T04:53:57.7924851Z ✅ /home/runner/work/tandemlog/tandemlog/test/recurring_text_test.dart: actual native recurring inherited text missing current grant waits but a closed incomplete proof rejects
2026-10-10T04:53:57.8144976Z ✅ /home/runner/work/tandemlog/tandemlog/test/recurring_text_test.dart: actual native recurring inherited text union visible overflow rejects without modifying canonical inputs
2026-10-10T04:53:58.5271395Z ✅ /home/runner/work/tandemlog/tandemlog/test/local_profile_migration_test.dart: fresh profile creates one DB and stable settings identity without lock files
2026-10-10T04:53:58.9889024Z ✅ /home/runner/work/tandemlog/tandemlog/test/checklist_storage_test.dart: offline completions union item text and membership while preserving successor edits
2026-10-10T04:53:59.0958967Z ✅ /home/runner/work/tandemlog/tandemlog/test/local_profile_migration_test.dart: verified full import cleans known originals, preserves unknown/canonical data and identity
2026-10-10T04:53:59.2465146Z ✅ /home/runner/work/tandemlog/tandemlog/test/checklist_storage_test.dart: scalar parent can recur with native checklist without a forced parent text baseline
2026-10-10T04:53:59.4349453Z ✅ /home/runner/work/tandemlog/tandemlog/test/local_profile_migration_test.dart: restart resumes without identity change at import.started
2026-10-10T04:53:59.7533609Z ✅ /home/runner/work/tandemlog/tandemlog/test/checklist_storage_test.dart: historical recompletion leaves the independently initialized child checklist untouched
2026-10-10T04:53:59.7652648Z ✅ /home/runner/work/tandemlog/tandemlog/test/local_profile_migration_test.dart: restart resumes without identity change at files.imported
2026-10-10T04:54:00.0827405Z ✅ /home/runner/work/tandemlog/tandemlog/test/local_profile_migration_test.dart: restart resumes without identity change at caches.imported
2026-10-10T04:54:00.3295924Z ✅ /home/runner/work/tandemlog/tandemlog/test/checklist_storage_test.dart: saved item completion/move/delete protects successor from completion Undo
2026-10-10T04:54:00.4014084Z ✅ /home/runner/work/tandemlog/tandemlog/test/local_profile_migration_test.dart: restart resumes without identity change at cleanup.planned
2026-10-10T04:54:00.7350590Z ✅ /home/runner/work/tandemlog/tandemlog/test/local_profile_migration_test.dart: restart resumes without identity change at sources.verified
2026-10-10T04:54:01.0690444Z ✅ /home/runner/work/tandemlog/tandemlog/test/local_profile_migration_test.dart: restart resumes without identity change at activation.before
2026-10-10T04:54:01.1828070Z ✅ /home/runner/work/tandemlog/tandemlog/test/checklist_storage_test.dart: late offline copy cannot overwrite a saved child order or checked state
2026-10-10T04:54:01.3094572Z ✅ /home/runner/work/tandemlog/tandemlog/test/local_profile_migration_test.dart: restart resumes without identity change at activation.committed
2026-10-10T04:54:01.5599727Z ✅ /home/runner/work/tandemlog/tandemlog/test/local_profile_migration_test.dart: restart resumes without identity change at cleanup.marked
2026-10-10T04:54:01.7712016Z ✅ /home/runner/work/tandemlog/tandemlog/test/checklist_storage_test.dart: scalar-mode checklist history also preserves initialized child on historical recompletion
2026-10-10T04:54:01.8073950Z ✅ /home/runner/work/tandemlog/tandemlog/test/local_profile_migration_test.dart: restart resumes without identity change at cleanup.deleted
2026-10-10T04:54:02.0624067Z ✅ /home/runner/work/tandemlog/tandemlog/test/local_profile_migration_test.dart: restart resumes without identity change at cleanup.committed
2026-10-10T04:54:02.3044469Z ✅ /home/runner/work/tandemlog/tandemlog/test/local_profile_migration_test.dart: restart resumes without identity change at cleanup.finished
2026-10-10T04:54:02.4124866Z ✅ /home/runner/work/tandemlog/tandemlog/test/local_profile_migration_test.dart: activated private intent cannot disappear without atomic retirement proof
2026-10-10T04:54:02.4743506Z ✅ /home/runner/work/tandemlog/tandemlog/test/checklist_storage_test.dart: copied-item native proofs work through three generations and exact membership cannot be forged
2026-10-10T04:54:02.9937115Z ✅ /home/runner/work/tandemlog/tandemlog/test/checklist_storage_test.dart: untouched copied items follow successor suppression and identical cold/warm cache replay
2026-10-10T04:54:03.8976076Z ✅ /home/runner/work/tandemlog/tandemlog/test/stable_v3_compatibility_test.dart: first stable v3 bytes, identities, clocks and event meanings stay frozen
2026-10-10T04:54:04.3605285Z ✅ /home/runner/work/tandemlog/tandemlog/test/stable_v3_compatibility_test.dart: frozen history converges after arrival [22222222-2222-4222-8222-222222222222, 33333333-3333-4333-8333-333333333333] and cache rebuild
2026-10-10T04:54:04.6100236Z ✅ /home/runner/work/tandemlog/tandemlog/test/stable_v3_compatibility_test.dart: frozen history converges after arrival [33333333-3333-4333-8333-333333333333, 22222222-2222-4222-8222-222222222222] and cache rebuild
2026-10-10T04:54:04.8298784Z ✅ /home/runner/work/tandemlog/tandemlog/test/stable_v3_compatibility_test.dart: new writer extends frozen v3 without rewriting prior history
2026-10-10T04:54:05.5042077Z ✅ /home/runner/work/tandemlog/tandemlog/test/text_cache_inheritance_test.dart: resolved inherited cache preserves original claims and rebuilds corrupt disposable state
2026-10-10T04:54:05.7521101Z ✅ /home/runner/work/tandemlog/tandemlog/test/local_profile_migration_test.dart: actual crash-retained legacy WAL and SHM import and cleanup
2026-10-10T04:54:05.9424491Z ✅ /home/runner/work/tandemlog/tandemlog/test/local_profile_migration_test.dart: cleanup boundary rechecks target before deleting the source
2026-10-10T04:54:06.1285119Z ✅ /home/runner/work/tandemlog/tandemlog/test/local_profile_migration_test.dart: valid guard regression after activation retains original authority
2026-10-10T04:54:06.3580044Z ✅ /home/runner/work/tandemlog/tandemlog/test/local_profile_migration_test.dart: changed cleanup source fails closed and resumes only after exact restoration
2026-10-10T04:54:06.5015858Z ✅ /home/runner/work/tandemlog/tandemlog/test/local_profile_migration_test.dart: missing protected_settings at final activation gate retains originals
2026-10-10T04:54:06.6579067Z ✅ /home/runner/work/tandemlog/tandemlog/test/local_profile_migration_test.dart: missing protected_writer_guards at final activation gate retains originals
2026-10-10T04:54:06.8040827Z ✅ /home/runner/work/tandemlog/tandemlog/test/local_profile_migration_test.dart: missing protected_cache_imports at final activation gate retains originals
2026-10-10T04:54:06.8633094Z ✅ /home/runner/work/tandemlog/tandemlog/test/local_profile_migration_test.dart: sole exact private intent lost at final activation gate retains its file
2026-10-10T04:54:07.1459288Z ✅ /home/runner/work/tandemlog/tandemlog/test/local_profile_migration_test.dart: orphan temporary authority and linked cleanup sources remain untouched
2026-10-10T04:54:08.8955056Z ✅ /home/runner/work/tandemlog/tandemlog/test/task_entry_area_test.dart: selection swaps preserve slot geometry, draft and semantics
2026-10-10T04:54:09.6299289Z ✅ /home/runner/work/tandemlog/tandemlog/test/android_recovery_harness_test.dart: populated shared folder is rejected before native initialization
2026-10-10T04:54:10.4475206Z ✅ /home/runner/work/tandemlog/tandemlog/test/local_profile_migration_test.dart: SIGKILL recovery retains identity and canonical bytes at files.imported
2026-10-10T04:54:11.0700049Z ✅ /home/runner/work/tandemlog/tandemlog/test/android_recovery_harness_test.dart: bounded recovery harness passes all six synthetic cases
2026-10-10T04:54:12.1625032Z ✅ /home/runner/work/tandemlog/tandemlog/test/checklist_delivery_test.dart: remote item waits for missing task parent then attaches once without appearing as a task
2026-10-10T04:54:12.3184928Z ✅ /home/runner/work/tandemlog/tandemlog/test/checklist_delivery_test.dart: late user parent invalidates retained item transactionally
2026-10-10T04:54:12.4530950Z ✅ /home/runner/work/tandemlog/tandemlog/test/checklist_delivery_test.dart: late item parent invalidates retained item transactionally
2026-10-10T04:54:12.6436528Z ✅ /home/runner/work/tandemlog/tandemlog/test/checklist_delivery_test.dart: late same-parent creation anchor settles item order and duplicates do not add items
2026-10-10T04:54:12.9230710Z ✅ /home/runner/work/tandemlog/tandemlog/test/checklist_delivery_test.dart: late cross-parent move anchor rolls back arrival without changing the pending source item
2026-10-10T04:54:13.0545271Z ✅ /home/runner/work/tandemlog/tandemlog/test/checklist_delivery_test.dart: late user creation anchor rejects with transactional rollback
2026-10-10T04:54:13.1760250Z ✅ /home/runner/work/tandemlog/tandemlog/test/checklist_delivery_test.dart: late task creation anchor rejects with transactional rollback
2026-10-10T04:54:13.5677265Z ✅ /home/runner/work/tandemlog/tandemlog/test/checklist_delivery_test.dart: copy contribution waits for its source frontier then reconstructs unchecked native item exactly
2026-10-10T04:54:13.7458797Z ✅ /home/runner/work/tandemlog/tandemlog/test/local_profile_migration_test.dart: SIGKILL recovery retains identity and canonical bytes at cleanup.planned
2026-10-10T04:54:13.8779648Z ✅ /home/runner/work/tandemlog/tandemlog/test/checklist_delivery_test.dart: forged membership copy rejects before receipt and leaves canonical history untouched
2026-10-10T04:54:14.1688325Z ✅ /home/runner/work/tandemlog/tandemlog/test/checklist_delivery_test.dart: forged order copy rejects before receipt and leaves canonical history untouched
2026-10-10T04:54:14.4572770Z ✅ /home/runner/work/tandemlog/tandemlog/test/checklist_delivery_test.dart: forged visible text copy rejects before receipt and leaves canonical history untouched
2026-10-10T04:54:14.7341829Z ✅ /home/runner/work/tandemlog/tandemlog/test/checklist_delivery_test.dart: forged history proof copy rejects before receipt and leaves canonical history untouched
2026-10-10T04:54:15.1424731Z ✅ /home/runner/work/tandemlog/tandemlog/test/checklist_delivery_test.dart: forged source parent copy rejects before receipt and leaves canonical history untouched
2026-10-10T04:54:15.3202237Z ✅ /home/runner/work/tandemlog/tandemlog/test/checklist_delivery_test.dart: copied ID collision with independent task rejects before receipt
2026-10-10T04:54:15.5021597Z ✅ /home/runner/work/tandemlog/tandemlog/test/checklist_delivery_test.dart: copied ID collision with independent item rejects before receipt
2026-10-10T04:54:16.0391368Z ✅ /home/runner/work/tandemlog/tandemlog/test/checklist_delivery_test.dart: late duplicate copy contribution preserves child-owned ordering and check state
2026-10-10T04:54:16.4049354Z ✅ /home/runner/work/tandemlog/tandemlog/test/checklist_delivery_test.dart: parent recurrence preserves live item private draft and later source Save does not flow into copied notes
2026-10-10T04:54:16.7885911Z ✅ /home/runner/work/tandemlog/tandemlog/test/checklist_delivery_test.dart: item private drafts, pre-append Save cancellation and scoped Undo preserve another item
2026-10-10T04:54:17.0081535Z ✅ /home/runner/work/tandemlog/tandemlog/test/local_profile_migration_test.dart: SIGKILL recovery retains identity and canonical bytes at activation.committed
2026-10-10T04:54:19.5221493Z ✅ /home/runner/work/tandemlog/tandemlog/test/text_store_test.dart: actual native TaskStore successive closed-editor replacements Undo without duplicating restored identities
2026-10-10T04:54:19.8639114Z ✅ /home/runner/work/tandemlog/tandemlog/test/text_store_test.dart: actual native TaskStore acknowledged unregistered Save blocks stale native Undo without appending
2026-10-10T04:54:20.1501944Z ✅ /home/runner/work/tandemlog/tandemlog/test/text_store_test.dart: actual native TaskStore mixed native ordering survives warm reopen and canonical rebuild
2026-10-10T04:54:20.3074272Z ✅ /home/runner/work/tandemlog/tandemlog/test/local_profile_migration_test.dart: SIGKILL recovery retains identity and canonical bytes at cleanup.marked
2026-10-10T04:54:20.3968524Z ✅ /home/runner/work/tandemlog/tandemlog/test/text_store_test.dart: actual native TaskStore native recurring completion proves its immutable inheritance (native creation: true)
2026-10-10T04:54:20.6344150Z ✅ /home/runner/work/tandemlog/tandemlog/test/text_store_test.dart: actual native TaskStore native recurring completion proves its immutable inheritance (native creation: false)
2026-10-10T04:54:21.2486367Z ✅ /home/runner/work/tandemlog/tandemlog/test/text_store_test.dart: actual native TaskStore causal peer reuse retains original character ownership through selective Undo
2026-10-10T04:54:21.4823844Z ✅ /home/runner/work/tandemlog/tandemlog/test/text_store_test.dart: actual native TaskStore explicit mixed historical inheritance refuses without changing history
2026-10-10T04:54:22.3803601Z ✅ /home/runner/work/tandemlog/tandemlog/test/text_store_test.dart: actual native TaskStore repeated cancelled editors release source documents while saved scoped Undo survives
2026-10-10T04:54:22.6296493Z ✅ /home/runner/work/tandemlog/tandemlog/test/text_store_test.dart: actual native TaskStore native guard ignores remote text while preserving metadata and creation tags
2026-10-10T04:54:22.9188460Z ✅ /home/runner/work/tandemlog/tandemlog/test/text_store_test.dart: actual native TaskStore Undo naming remote-deleted latest Save never consumes an older Save
2026-10-10T04:54:23.1752947Z ✅ /home/runner/work/tandemlog/tandemlog/test/text_store_test.dart: actual native TaskStore unknown native Undo preserves exact compensation retry restart=false
2026-10-10T04:54:23.4159583Z ✅ /home/runner/work/tandemlog/tandemlog/test/text_store_test.dart: actual native TaskStore unknown native Undo preserves exact compensation retry restart=true
2026-10-10T04:54:23.4864507Z ✅ /home/runner/work/tandemlog/tandemlog/test/local_profile_migration_test.dart: SIGKILL recovery retains identity and canonical bytes at cleanup.deleted
2026-10-10T04:54:23.7019572Z ✅ /home/runner/work/tandemlog/tandemlog/test/text_store_test.dart: actual native TaskStore session Undo survives editor close and touches only canonical changed fields
2026-10-10T04:54:23.8290439Z ✅ /home/runner/work/tandemlog/tandemlog/test/text_store_test.dart: actual native TaskStore bulk capture with native engine creates independently editable native tasks
2026-10-10T04:54:24.0855805Z ✅ /home/runner/work/tandemlog/tandemlog/test/text_store_test.dart: actual native TaskStore native compensation restores deletion and retracts only original nontext effects
2026-10-10T04:54:24.2659761Z ✅ /home/runner/work/tandemlog/tandemlog/test/text_store_test.dart: actual native TaskStore buffered native dependency survives full SQLite cache loss and settles on late parent
2026-10-10T04:54:24.7094162Z ✅ /home/runner/work/tandemlog/tandemlog/test/text_store_test.dart: actual native TaskStore missing baseline prefixes stay pending and competing roots block only legacy text
2026-10-10T04:54:25.1250818Z ✅ /home/runner/work/tandemlog/tandemlog/test/text_store_test.dart: actual native TaskStore offline peers merge owned packets and preserve atomic metadata after cache loss
2026-10-10T04:54:25.3154460Z ✅ /home/runner/work/tandemlog/tandemlog/test/text_store_test.dart: actual native TaskStore one legacy baseline excludes late scalar text and preserves nontext changes
2026-10-10T04:54:25.4390135Z ✅ /home/runner/work/tandemlog/tandemlog/test/text_store_test.dart: actual native TaskStore unknown append exact receipt after restart cacheLoss=false afterAppend=false
2026-10-10T04:54:25.5735689Z ✅ /home/runner/work/tandemlog/tandemlog/test/text_store_test.dart: actual native TaskStore unknown append exact receipt after restart cacheLoss=true afterAppend=false
2026-10-10T04:54:25.6814919Z ✅ /home/runner/work/tandemlog/tandemlog/test/text_store_test.dart: actual native TaskStore unknown append exact receipt after restart cacheLoss=false afterAppend=true
2026-10-10T04:54:25.7876655Z ✅ /home/runner/work/tandemlog/tandemlog/test/text_store_test.dart: actual native TaskStore unknown append exact receipt after restart cacheLoss=true afterAppend=true
2026-10-10T04:54:25.8944035Z ✅ /home/runner/work/tandemlog/tandemlog/test/text_store_test.dart: actual native TaskStore misnamed private native intent rejects recovery before append and retains evidence
2026-10-10T04:54:26.0039527Z ✅ /home/runner/work/tandemlog/tandemlog/test/text_store_test.dart: actual native TaskStore new native creation verifies actor1 seed and persists full native state
2026-10-10T04:54:26.1439864Z ✅ /home/runner/work/tandemlog/tandemlog/test/text_store_test.dart: actual native TaskStore native storage extends cache13 without replaying frozen v3 logs
2026-10-10T04:54:26.8193584Z ✅ /home/runner/work/tandemlog/tandemlog/test/local_profile_migration_test.dart: SIGKILL recovery retains identity and canonical bytes at cleanup.committed
2026-10-10T04:54:26.9574864Z ✅ /home/runner/work/tandemlog/tandemlog/test/legacy_protected_files_import_test.dart: imports exact identity, reservations and pending bytes; deletes nothing
2026-10-10T04:54:27.0446426Z ✅ /home/runner/work/tandemlog/tandemlog/test/legacy_protected_files_import_test.dart: import interruption before commit rolls back every protected file
2026-10-10T04:54:27.1365808Z ✅ /home/runner/work/tandemlog/tandemlog/test/legacy_protected_files_import_test.dart: repeat import preserves subsequent acknowledged guard state
2026-10-10T04:54:27.2084618Z ✅ /home/runner/work/tandemlog/tandemlog/test/legacy_protected_files_import_test.dart: changed legacy authority after import is retained and rejected
2026-10-10T04:54:27.2320627Z ✅ /home/runner/work/tandemlog/tandemlog/test/legacy_protected_files_import_test.dart: legacy profile lease prevents concurrent migration
2026-10-10T04:54:27.2718195Z ✅ /home/runner/work/tandemlog/tandemlog/test/legacy_protected_files_import_test.dart: guard conflicts fail without overwriting either authority
2026-10-10T04:54:27.3141926Z ✅ /home/runner/work/tandemlog/tandemlog/test/legacy_protected_files_import_test.dart: bad indexed intent binding cannot verify first import
2026-10-10T04:54:27.3874521Z ✅ /home/runner/work/tandemlog/tandemlog/test/legacy_protected_files_import_test.dart: bad indexed intent binding cannot verify repeat import
2026-10-10T04:54:27.4622710Z ✅ /home/runner/work/tandemlog/tandemlog/test/legacy_protected_files_import_test.dart: repeat import rejects lost previously imported reservations
2026-10-10T04:54:27.5400303Z ✅ /home/runner/work/tandemlog/tandemlog/test/legacy_protected_files_import_test.dart: repeat import rejects changed previously imported reservations
2026-10-10T04:54:27.6107844Z ✅ /home/runner/work/tandemlog/tandemlog/test/legacy_protected_files_import_test.dart: missing previously imported guard source is rejected
2026-10-10T04:54:27.6811256Z ✅ /home/runner/work/tandemlog/tandemlog/test/legacy_protected_files_import_test.dart: settings index must agree with preserved raw installation UUID
2026-10-10T04:54:27.7344947Z ✅ /home/runner/work/tandemlog/tandemlog/test/legacy_protected_files_import_test.dart: source replacement after commit cannot mark import verified
2026-10-10T04:54:27.7624237Z ✅ /home/runner/work/tandemlog/tandemlog/test/legacy_protected_files_import_test.dart: recognized symlink source is rejected without following it
2026-10-10T04:54:27.9339498Z ✅ /home/runner/work/tandemlog/tandemlog/test/recurring_completion_undo_test.dart: true Undo suppresses untouched successor, preserves bytes, and survives rebuild
2026-10-10T04:54:28.2803986Z ✅ /home/runner/work/tandemlog/tandemlog/test/recurring_completion_undo_test.dart: ordinary Reopen retains successor and generic recurring Undo rejects
2026-10-10T04:54:28.5232732Z ✅ /home/runner/work/tandemlog/tandemlog/test/recurring_completion_undo_test.dart: edit protects successor from cleanup
2026-10-10T04:54:28.7715847Z ✅ /home/runner/work/tandemlog/tandemlog/test/recurring_completion_undo_test.dart: tags protects successor from cleanup
2026-10-10T04:54:29.0114141Z ✅ /home/runner/work/tandemlog/tandemlog/test/recurring_completion_undo_test.dart: move protects successor from cleanup
2026-10-10T04:54:29.2691408Z ✅ /home/runner/work/tandemlog/tandemlog/test/recurring_completion_undo_test.dart: complete protects successor from cleanup
2026-10-10T04:54:29.4921171Z ✅ /home/runner/work/tandemlog/tandemlog/test/recurring_completion_undo_test.dart: delete protects successor from cleanup
2026-10-10T04:54:29.7532116Z ✅ /home/runner/work/tandemlog/tandemlog/test/recurring_completion_undo_test.dart: anchor protects successor from cleanup
2026-10-10T04:54:30.0024175Z ✅ /home/runner/work/tandemlog/tandemlog/test/recurring_completion_undo_test.dart: undoneEdit protects successor from cleanup
2026-10-10T04:54:30.3411459Z ✅ /home/runner/work/tandemlog/tandemlog/test/recurring_completion_undo_test.dart: late remote edit restores protected successor and converges after rebuild
2026-10-10T04:54:30.7171348Z ✅ /home/runner/work/tandemlog/tandemlog/test/recurring_completion_undo_test.dart: late remote completion restores protected successor and converges after rebuild
2026-10-10T04:54:31.0563007Z ✅ /home/runner/work/tandemlog/tandemlog/test/recurring_completion_undo_test.dart: late remote anchor restores protected successor and converges after rebuild
2026-10-10T04:54:31.4230782Z ✅ /home/runner/work/tandemlog/tandemlog/test/recurring_completion_undo_test.dart: untouched recompletion uses surviving snapshot and current parent position
2026-10-10T04:54:31.7207347Z ✅ /home/runner/work/tandemlog/tandemlog/test/recurring_completion_undo_test.dart: mixed Undo confirms only prefix and retries cleanup (0 retained)
2026-10-10T04:54:32.0114014Z ✅ /home/runner/work/tandemlog/tandemlog/test/recurring_completion_undo_test.dart: mixed Undo confirms only prefix and retries cleanup (1 retained)
2026-10-10T04:54:32.2078116Z ✅ /home/runner/work/tandemlog/tandemlog/test/recurring_completion_undo_test.dart: new cleanup rejects nonrecurring and wrong-task targets before append
2026-10-10T04:54:32.3884651Z ✅ /home/runner/work/tandemlog/tandemlog/test/recurring_completion_undo_test.dart: delayed valid cleanup suppresses successor once its target arrives
2026-10-10T04:54:32.5809975Z ✅ /home/runner/work/tandemlog/tandemlog/test/recurring_completion_undo_test.dart: delayed nonrecurring and forward cleanup targets fail transactionally
2026-10-10T04:54:32.7573181Z ✅ /home/runner/work/tandemlog/tandemlog/test/recurring_completion_undo_test.dart: generic recurring Undo rejects transactionally when completion arrives late
2026-10-10T04:54:32.8981995Z ✅ /home/runner/work/tandemlog/tandemlog/test/recurring_completion_undo_test.dart: new cleanup wire schema rejects extra fields and malformed references
2026-10-10T04:54:33.0933579Z ✅ /home/runner/work/tandemlog/tandemlog/test/recurring_completion_undo_test.dart: pure seed selection is independent of arrival order and preserves historical Undo
2026-10-10T04:54:35.8363377Z ✅ /home/runner/work/tandemlog/tandemlog/test/checklist_item_native_editor_test.dart: remote deleted parent rejects private native Save without receipt and permits Discard
2026-10-10T04:54:36.0307684Z ✅ /home/runner/work/tandemlog/tandemlog/test/checklist_item_native_editor_test.dart: native caret-only edits stay clean; composition propagates; committed merged text renews before close
2026-10-10T04:54:36.5412792Z ✅ /home/runner/work/tandemlog/tandemlog/test/undo_history_test.dart: failed receipt ID reuse confirms only exact successful retry bytes
2026-10-10T04:54:36.5538523Z ✅ /home/runner/work/tandemlog/tandemlog/test/undo_history_test.dart: grouped partial retry and independent actions step through bounded history
2026-10-10T04:54:36.7742403Z ##[endgroup]
2026-10-10T04:54:36.7746313Z ##[group]✅ /home/runner/work/tandemlog/tandemlog/test/date_time_layout_test.dart: populated rows fit at measured boundary and retain composing drafts
2026-10-10T04:54:36.7747965Z LAYOUT bulk=false scale=1.0 rowBoundary=392.0
2026-10-10T04:54:36.7748716Z LAYOUT bulk=false scale=1.3 rowBoundary=456.0
2026-10-10T04:54:36.7749422Z LAYOUT bulk=false scale=2.0 rowBoundary=628.0
2026-10-10T04:54:36.7750122Z LAYOUT bulk=true scale=1.0 rowBoundary=488.0
2026-10-10T04:54:36.7751094Z LAYOUT bulk=true scale=1.3 rowBoundary=552.0
2026-10-10T04:54:36.7751878Z LAYOUT bulk=true scale=2.0 rowBoundary=724.0
2026-10-10T04:54:36.7752966Z ##[endgroup]
2026-10-10T04:54:37.1149080Z ##[group]✅ Passing tests
2026-10-10T04:54:37.1150404Z ✅ /home/runner/work/tandemlog/tandemlog/test/view_clock_test.dart: exact boundary updates without edits; watchdog avoids projection
2026-10-10T04:54:37.1208408Z ✅ /home/runner/work/tandemlog/tandemlog/test/view_clock_test.dart: resume samples current time after skipped boundaries without replay
2026-10-10T04:54:37.1252741Z ✅ /home/runner/work/tandemlog/tandemlog/test/view_clock_test.dart: native invalidation immediate; fallback detects clock and zone changes
2026-10-10T04:54:37.1302741Z ✅ /home/runner/work/tandemlog/tandemlog/test/view_clock_test.dart: delayed wake uses current instant and input invalidation rearms
2026-10-10T04:54:37.1348169Z ✅ /home/runner/work/tandemlog/tandemlog/test/view_clock_test.dart: cancelled workspace timer cannot publish and callback can dispose
2026-10-10T04:54:37.1456775Z ✅ /home/runner/work/tandemlog/tandemlog/test/view_clock_test.dart: callback disposal and invalid boundary cannot produce timer loops
2026-10-10T04:54:37.2350771Z ✅ /home/runner/work/tandemlog/tandemlog/test/view_clock_test.dart: injected calendar boundary crosses DST day 2027-03-14
2026-10-10T04:54:37.2675031Z ✅ /home/runner/work/tandemlog/tandemlog/test/view_clock_test.dart: injected calendar boundary crosses DST day 2027-11-07
2026-10-10T04:54:37.7910880Z ✅ /home/runner/work/tandemlog/tandemlog/test/storage_test.dart: local task deletion targeting user rejects before canonical append
2026-10-10T04:54:37.9090970Z ✅ /home/runner/work/tandemlog/tandemlog/test/storage_test.dart: delayed remote user creation resolves pending task deletion as transactional error
2026-10-10T04:54:38.2329773Z ✅ /home/runner/work/tandemlog/tandemlog/test/incremental_history_test.dart: cache reopen and repeated unchanged refresh read zero log bytes at 10240 bytes
2026-10-10T04:54:38.2368031Z ✅ /home/runner/work/tandemlog/tandemlog/test/storage_test.dart: bulk edit reconciles durable append after refresh failure before retry
2026-10-10T04:54:38.5372012Z ✅ /home/runner/work/tandemlog/tandemlog/test/storage_test.dart: bulk delete reconciles durable append after refresh failure before retry
2026-10-10T04:54:38.7989409Z ✅ /home/runner/work/tandemlog/tandemlog/test/storage_test.dart: bulk move reconciles durable append after refresh failure before retry
2026-10-10T04:54:38.9087691Z ✅ /home/runner/work/tandemlog/tandemlog/test/incremental_history_test.dart: cache reopen and repeated unchanged refresh read zero log bytes at 1048576 bytes
2026-10-10T04:54:39.0087214Z ✅ /home/runner/work/tandemlog/tandemlog/test/incremental_history_test.dart: same-length historical rewrite stays cached until explicit verification; fresh cache rejects invalid selfhash
2026-10-10T04:54:39.0249570Z ✅ /home/runner/work/tandemlog/tandemlog/test/storage_test.dart: bulk patch preserves mixed fields and observed tags; invalid patch writes nothing
2026-10-10T04:54:39.0923326Z ✅ /home/runner/work/tandemlog/tandemlog/test/incremental_history_test.dart: explicit verification checks newly observed ranges after append and reopen
2026-10-10T04:54:39.1798031Z ✅ /home/runner/work/tandemlog/tandemlog/test/incremental_history_test.dart: successful explicit verification compacts checked ranges into a new whole-prefix baseline
2026-10-10T04:54:39.2411697Z ✅ /home/runner/work/tandemlog/tandemlog/test/incremental_history_test.dart: missing admitted log fails on resume and cold reopen without content reads
2026-10-10T04:54:39.3037098Z ✅ /home/runner/work/tandemlog/tandemlog/test/incremental_history_test.dart: truncated admitted log fails on resume and cold reopen without content reads
2026-10-10T04:54:39.3193825Z ✅ /home/runner/work/tandemlog/tandemlog/test/storage_test.dart: bulk guard rechecks before the batch append; retry block uses global order
2026-10-10T04:54:39.3552867Z ✅ /home/runner/work/tandemlog/tandemlog/test/incremental_history_test.dart: truncation between size observation and fresh seek fails without advancing cache
2026-10-10T04:54:39.4153405Z ✅ /home/runner/work/tandemlog/tandemlog/test/incremental_history_test.dart: atomic replacement with growth reads only new suffix and audits changed old prefix explicitly
2026-10-10T04:54:39.4806958Z ✅ /home/runner/work/tandemlog/tandemlog/test/incremental_history_test.dart: partial remote tail advances only complete records, then admits completed tail exactly once
2026-10-10T04:54:39.5514436Z ✅ /home/runner/work/tandemlog/tandemlog/test/incremental_history_test.dart: new records remain strict and a failed batch leaves ranges and offset unchanged
2026-10-10T04:54:39.6055741Z ✅ /home/runner/work/tandemlog/tandemlog/test/incremental_history_test.dart: seeked new space rejects transactionally without advancing admitted bytes
2026-10-10T04:54:39.6659546Z ✅ /home/runner/work/tandemlog/tandemlog/test/incremental_history_test.dart: seeked new writer rejects transactionally without advancing admitted bytes
2026-10-10T04:54:39.7018858Z ✅ /home/runner/work/tandemlog/tandemlog/test/storage_test.dart: offline edits and completions cannot resurrect deletion; successor survives restart
2026-10-10T04:54:39.7148369Z ✅ /home/runner/work/tandemlog/tandemlog/test/incremental_history_test.dart: seeked new sequence rejects transactionally without advancing admitted bytes
2026-10-10T04:54:39.7647096Z ✅ /home/runner/work/tandemlog/tandemlog/test/incremental_history_test.dart: seeked new clock rejects transactionally without advancing admitted bytes
2026-10-10T04:54:39.8105778Z ✅ /home/runner/work/tandemlog/tandemlog/test/incremental_history_test.dart: seeked new blank rejects transactionally without advancing admitted bytes
2026-10-10T04:54:39.8518972Z ✅ /home/runner/work/tandemlog/tandemlog/test/storage_test.dart: stale bulk and invalid selections fail before any durable command
2026-10-10T04:54:39.8600130Z ✅ /home/runner/work/tandemlog/tandemlog/test/incremental_history_test.dart: seeked new undo reference rejects transactionally without advancing admitted bytes
2026-10-10T04:54:39.9114413Z ✅ /home/runner/work/tandemlog/tandemlog/test/incremental_history_test.dart: seeked new tag reference rejects transactionally without advancing admitted bytes
2026-10-10T04:54:39.9558407Z ✅ /home/runner/work/tandemlog/tandemlog/test/incremental_history_test.dart: seeked new move reference rejects transactionally without advancing admitted bytes
2026-10-10T04:54:40.0167720Z ✅ /home/runner/work/tandemlog/tandemlog/test/incremental_history_test.dart: oversized remote incomplete tail fails before admission
2026-10-10T04:54:40.0807619Z ✅ /home/runner/work/tandemlog/tandemlog/test/incremental_history_test.dart: explicit verification fails visibly when cached range coverage is incomplete
2026-10-10T04:54:40.1387349Z ✅ /home/runner/work/tandemlog/tandemlog/test/incremental_history_test.dart: unknown size provider honestly full-reads and verifies every refresh
2026-10-10T04:54:40.1941573Z ✅ /home/runner/work/tandemlog/tandemlog/test/incremental_history_test.dart: unseekable provider honestly full-reads and verifies every refresh
2026-10-10T04:54:40.2590069Z ✅ /home/runner/work/tandemlog/tandemlog/test/storage_test.dart: guarded move rejects changes arriving inside its refresh without append
2026-10-10T04:54:40.5567179Z ✅ /home/runner/work/tandemlog/tandemlog/test/storage_test.dart: typed due bounds are atomic across offline edits and rebuild
2026-10-10T04:54:40.7386511Z ✅ /home/runner/work/tandemlog/tandemlog/test/storage_test.dart: failed obsolete-cache replay preserves identity and prior stream guards on retry
2026-10-10T04:54:40.8770468Z ✅ /home/runner/work/tandemlog/tandemlog/test/storage_test.dart: future caches and v1 canonical protocol are retained and not auto-converted
2026-10-10T04:54:40.8911213Z ✅ /home/runner/work/tandemlog/tandemlog/test/incremental_history_test.dart: cache 10 upgrade replays once with retained baseline and then reads no historical bytes
2026-10-10T04:54:40.9905674Z ✅ /home/runner/work/tandemlog/tandemlog/test/incremental_history_test.dart: obsolete-cache replay preserves baseline guards through failed migration and retry
2026-10-10T04:54:41.0602293Z ✅ /home/runner/work/tandemlog/tandemlog/test/storage_test.dart: known obsolete cache rebuilds canonical state and retains backup
2026-10-10T04:54:41.0977881Z ✅ /home/runner/work/tandemlog/tandemlog/test/incremental_history_test.dart: owned incomplete append is visible after cold reopen and cannot confirm receipt
2026-10-10T04:54:41.1818814Z ✅ /home/runner/work/tandemlog/tandemlog/test/incremental_history_test.dart: new raw receipt cannot confirm a transport rewrite with equivalent JSON meaning
2026-10-10T04:54:41.3327890Z ✅ /home/runner/work/tandemlog/tandemlog/test/incremental_history_test.dart: seeked command receipts reject changed new raw bytes and durable retry is idempotent
2026-10-10T04:54:41.3754959Z ✅ /home/runner/work/tandemlog/tandemlog/test/storage_test.dart: reopen targets observed completions, is idempotent and survives restart
2026-10-10T04:54:41.3784067Z ✅ /home/runner/work/tandemlog/tandemlog/test/incremental_history_test.dart: new suffix selfhash has exact diagnostic and never advances cache
2026-10-10T04:54:41.4229047Z ✅ /home/runner/work/tandemlog/tandemlog/test/incremental_history_test.dart: new suffix previousHash has exact diagnostic and never advances cache
2026-10-10T04:54:41.4512400Z ✅ /home/runner/work/tandemlog/tandemlog/test/incremental_history_test.dart: fresh replay checks genesis even when every selfhash is valid
2026-10-10T04:54:41.4946493Z ✅ /home/runner/work/tandemlog/tandemlog/test/incremental_history_test.dart: full verification reports exact changed record with UTF8 byte offset
2026-10-10T04:54:41.5549473Z ✅ /home/runner/work/tandemlog/tandemlog/test/incremental_history_test.dart: successful full verification counts records and bytes without appending an event
2026-10-10T04:54:41.5758619Z ✅ /home/runner/work/tandemlog/tandemlog/test/storage_test.dart: reopen refresh does not expand the observed target set
2026-10-10T04:54:41.6320422Z ✅ /home/runner/work/tandemlog/tandemlog/test/incremental_history_test.dart: retained baseline detects recomputed chain while a fresh cache cannot authenticate it
2026-10-10T04:54:41.7210037Z ✅ /home/runner/work/tandemlog/tandemlog/test/incremental_history_test.dart: known final-record removal fails verification while fresh valid prefix remains admissible
2026-10-10T04:54:41.7874573Z ✅ /home/runner/work/tandemlog/tandemlog/test/incremental_history_test.dart: old v2 canonical history and cache are retained without migration
2026-10-10T04:54:41.7979270Z ✅ /home/runner/work/tandemlog/tandemlog/test/storage_test.dart: partial reopen retries without duplicating a committed undo
2026-10-10T04:54:41.8317246Z ✅ /home/runner/work/tandemlog/tandemlog/test/incremental_history_test.dart: full verification retains and rejects inconsistent cached chain_head
2026-10-10T04:54:41.8725785Z ✅ /home/runner/work/tandemlog/tandemlog/test/incremental_history_test.dart: full verification retains and rejects inconsistent cached last_seq
2026-10-10T04:54:41.9139398Z ✅ /home/runner/work/tandemlog/tandemlog/test/incremental_history_test.dart: full verification retains and rejects inconsistent cached last_clock
2026-10-10T04:54:41.9141156Z ✅ /home/runner/work/tandemlog/tandemlog/test/storage_test.dart: restart retains state and unchanged files avoid parsing/replay
2026-10-10T04:54:42.0021198Z ✅ /home/runner/work/tandemlog/tandemlog/test/incremental_history_test.dart: oversized partial suffix identifies exact absolute record and offset
2026-10-10T04:54:42.0470441Z ✅ /home/runner/work/tandemlog/tandemlog/test/incremental_history_test.dart: semantic failure identifies invalid move before later unrelated event
2026-10-10T04:54:42.0724521Z ✅ /home/runner/work/tandemlog/tandemlog/test/storage_test.dart: cache deletion rebuilds exact projection and writer stays stable
2026-10-10T04:54:42.2684407Z ✅ /home/runner/work/tandemlog/tandemlog/test/storage_test.dart: offline independent fields, duplicate transport and atomic replacement converge
2026-10-10T04:54:42.4663600Z ✅ /home/runner/work/tandemlog/tandemlog/test/storage_test.dart: concurrent completion survives targeted undo from another user
2026-10-10T04:54:42.5712094Z ✅ /home/runner/work/tandemlog/tandemlog/test/storage_test.dart: unknown version blocks import without checkpoint advancement
2026-10-10T04:54:42.6407457Z ✅ /home/runner/work/tandemlog/tandemlog/test/native_text_engine_test.dart: missing native library is an explicit failure
2026-10-10T04:54:42.6694797Z ✅ /home/runner/work/tandemlog/tandemlog/test/native_text_engine_test.dart: operation bytes require exact canonical Base64 and bounded size
2026-10-10T04:54:42.6790991Z ✅ /home/runner/work/tandemlog/tandemlog/test/storage_test.dart: malformed complete records are preserved and block writes
2026-10-10T04:54:42.7547587Z ✅ /home/runner/work/tandemlog/tandemlog/test/storage_test.dart: incomplete remote tail is retried after completion
2026-10-10T04:54:42.8605375Z ✅ /home/runner/work/tandemlog/tandemlog/test/storage_test.dart: explicit integrity check rejects changed same-length committed prefix
2026-10-10T04:54:42.9635034Z ✅ /home/runner/work/tandemlog/tandemlog/test/storage_test.dart: missing previously seen stream blocks writes
2026-10-10T04:54:43.0673204Z ✅ /home/runner/work/tandemlog/tandemlog/test/storage_test.dart: owned incomplete tail is not silently truncated
2026-10-10T04:54:43.1890938Z ✅ /home/runner/work/tandemlog/tandemlog/test/storage_test.dart: durable append before cache failure recovers once after restart
2026-10-10T04:54:43.3583502Z ✅ /home/runner/work/tandemlog/tandemlog/test/storage_test.dart: out-of-order entity dependency is retained and projected later
2026-10-10T04:54:43.5661699Z ✅ /home/runner/work/tandemlog/tandemlog/test/storage_test.dart: concurrent commands and refreshes serialize without duplicate sequence
2026-10-10T04:54:43.7454976Z ✅ /home/runner/work/tandemlog/tandemlog/test/storage_test.dart: invalid local commands leave canonical bytes unchanged
2026-10-10T04:54:43.8170401Z ✅ /home/runner/work/tandemlog/tandemlog/test/native_text_engine_test.dart: actual production FFI inspection reuse is immutable budget-specific and bounded
2026-10-10T04:54:43.8315176Z ✅ /home/runner/work/tandemlog/tandemlog/test/native_text_engine_test.dart: actual production FFI pending named Undo rejects a different operation and keeps exact retry
2026-10-10T04:54:43.8395168Z ✅ /home/runner/work/tandemlog/tandemlog/test/native_text_engine_test.dart: actual production FFI dedicated receipt owner never undoes an older Save after remote cancellation
2026-10-10T04:54:43.8470475Z ✅ /home/runner/work/tandemlog/tandemlog/test/native_text_engine_test.dart: actual production FFI captured Unicode edit survives remote arrival and receipt-gated Save
2026-10-10T04:54:43.8520854Z ✅ /home/runner/work/tandemlog/tandemlog/test/native_text_engine_test.dart: actual production FFI IME and wrong-source preparation preserve the captured draft
2026-10-10T04:54:43.8588627Z ✅ /home/runner/work/tandemlog/tandemlog/test/native_text_engine_test.dart: actual production FFI rejected receipt preserves live state, draft and prior Undo
2026-10-10T04:54:43.8674770Z ✅ /home/runner/work/tandemlog/tandemlog/test/native_text_engine_test.dart: actual production FFI prepared Undo keeps remote text and cancellation retains prior stack
2026-10-10T04:54:43.8744449Z ✅ /home/runner/work/tandemlog/tandemlog/test/native_text_engine_test.dart: actual production FFI invalid update, field limit and split surrogate rejection are atomic
2026-10-10T04:54:43.8805442Z ✅ /home/runner/work/tandemlog/tandemlog/test/native_text_engine_test.dart: actual production FFI native remote limit rejection preserves source and captured draft
2026-10-10T04:54:43.8846526Z ✅ /home/runner/work/tandemlog/tandemlog/test/storage_test.dart: manifest deletion, replacement and future format block commands
2026-10-10T04:54:43.8848339Z ✅ /home/runner/work/tandemlog/tandemlog/test/native_text_engine_test.dart: actual production FFI inspection reports struct authors rather than delivery owner
2026-10-10T04:54:43.8942853Z ✅ /home/runner/work/tandemlog/tandemlog/test/native_text_engine_test.dart: actual production FFI checkpoint includes pending operations and restores with a fresh GUID
2026-10-10T04:54:43.8992808Z ✅ /home/runner/work/tandemlog/tandemlog/test/native_text_engine_test.dart: actual production FFI foreign handles, disposed generations and actor collisions fail explicitly
2026-10-10T04:54:44.0207388Z ✅ /home/runner/work/tandemlog/tandemlog/test/storage_test.dart: local undo requires an earlier completion of the same entity
2026-10-10T04:54:44.1724345Z ✅ /home/runner/work/tandemlog/tandemlog/test/storage_test.dart: remote undo arriving before completion is revalidated when target arrives
2026-10-10T04:54:44.3086667Z ✅ /home/runner/work/tandemlog/tandemlog/test/storage_test.dart: remote undo cannot suppress a future-clock completion
2026-10-10T04:54:44.4800649Z ✅ /home/runner/work/tandemlog/tandemlog/test/storage_test.dart: close drains accepted work, rejects new work and is idempotent
2026-10-10T04:54:44.5431471Z ✅ /home/runner/work/tandemlog/tandemlog/test/order_projection_test.dart: moving a legacy task below a native task uses both creation actions
2026-10-10T04:54:44.5458197Z ✅ /home/runner/work/tandemlog/tandemlog/test/order_projection_test.dart: native creation after a move keeps chronological manual ordering
2026-10-10T04:54:44.6944291Z ✅ /home/runner/work/tandemlog/tandemlog/test/storage_test.dart: pending undo is validated before its local target is appended
2026-10-10T04:54:44.8316521Z ✅ /home/runner/work/tandemlog/tandemlog/test/storage_test.dart: missing canonical folder contents do not initialize a new manifest
2026-10-10T04:54:45.0571481Z ✅ /home/runner/work/tandemlog/tandemlog/test/storage_test.dart: offline tag removal preserves unseen same-name additions and atomic edits
2026-10-10T04:54:45.3415210Z ✅ /home/runner/work/tandemlog/tandemlog/test/storage_test.dart: concurrent relative moves converge and survive cache rebuild
2026-10-10T04:54:45.6719830Z ✅ /home/runner/work/tandemlog/tandemlog/test/storage_test.dart: unchanged repeating completion rejects before append and refreshes remote schedule
2026-10-10T04:54:45.8604024Z ✅ /home/runner/work/tandemlog/tandemlog/test/storage_test.dart: accepted historic unchanged recurrence is replayed without retroactive rejection
2026-10-10T04:54:46.2322768Z ✅ /home/runner/work/tandemlog/tandemlog/test/storage_test.dart: concurrent recurrence completion has one durable successor and history reopen retains edits
2026-10-10T04:54:46.2948361Z ✅ /home/runner/work/tandemlog/tandemlog/test/storage_test.dart: protocol v1 remains untouched and explicitly rejected
2026-10-10T04:54:46.5779276Z ✅ /home/runner/work/tandemlog/tandemlog/test/tag_input_test.dart: hardware Enter propagates active IME composition
2026-10-10T04:54:46.6041438Z ✅ /home/runner/work/tandemlog/tandemlog/test/storage_test.dart: late winning recurrence seed cannot resurrect removed successor tags
2026-10-10T04:54:46.7165981Z ✅ /home/runner/work/tandemlog/tandemlog/test/tag_input_test.dart: hardware Numpad Enter propagates active IME composition
2026-10-10T04:54:46.8289284Z ✅ /home/runner/work/tandemlog/tandemlog/test/storage_test.dart: successor collision and invalid tag/move references fail before append
2026-10-10T04:54:46.9906176Z ✅ /home/runner/work/tandemlog/tandemlog/test/tag_input_test.dart: hardware ArrowDown then Enter selects existing option
2026-10-10T04:54:47.0303885Z ✅ /home/runner/work/tandemlog/tandemlog/test/storage_test.dart: offline schedule edits converge atomically without mixing precise date-times
2026-10-10T04:54:47.1757240Z ✅ /home/runner/work/tandemlog/tandemlog/test/tag_input_test.dart: hardware ArrowDown then Numpad Enter selects existing option
2026-10-10T04:54:47.2317884Z ✅ /home/runner/work/tandemlog/tandemlog/test/storage_test.dart: completion reconciles changed timezone before selecting civil day
2026-10-10T04:54:47.3331463Z ✅ /home/runner/work/tandemlog/tandemlog/test/tag_input_test.dart: opaque __create inventory tag and creation row keep separate identities
2026-10-10T04:54:47.3945274Z ✅ /home/runner/work/tandemlog/tandemlog/test/tag_input_test.dart: shared B layout keeps chips above full-width query at 390.0
2026-10-10T04:54:47.4257747Z ✅ /home/runner/work/tandemlog/tandemlog/test/storage_test.dart: completion durable append failure recovers parent and sole successor together
2026-10-10T04:54:47.4586389Z ✅ /home/runner/work/tandemlog/tandemlog/test/tag_input_test.dart: shared B layout keeps chips above full-width query at 1000.0
2026-10-10T04:54:47.5580636Z ✅ /home/runner/work/tandemlog/tandemlog/test/storage_test.dart: pending future tag removal cannot poison next local append
2026-10-10T04:54:48.4137327Z ✅ /home/runner/work/tandemlog/tandemlog/test/storage_test.dart: offline older high sequence loses to a later wall-clock edit
2026-10-10T04:54:48.6099676Z ✅ /home/runner/work/tandemlog/tandemlog/test/storage_test.dart: observed clocks precede local writes across rollback and restart
2026-10-10T04:54:48.7979166Z ✅ /home/runner/work/tandemlog/tandemlog/test/storage_test.dart: future records remain immutable and readable while warning permits writes
2026-10-10T04:54:48.9263900Z ✅ /home/runner/work/tandemlog/tandemlog/test/storage_test.dart: large clock rollback warns without blocking and warning clears when caught up
2026-10-10T04:54:49.0046716Z ✅ /home/runner/work/tandemlog/tandemlog/test/sticky_task_group_test.dart: native heading pins and pushes off at 1.0x text
2026-10-10T04:54:49.1189041Z ✅ /home/runner/work/tandemlog/tandemlog/test/storage_test.dart: SQLite and canonical clock retain exact signed-64-bit nanoseconds
2026-10-10T04:54:49.1224159Z ✅ /home/runner/work/tandemlog/tandemlog/test/sticky_task_group_test.dart: native heading pins and pushes off at 2.0x text
2026-10-10T04:54:49.1663877Z ✅ /home/runner/work/tandemlog/tandemlog/test/sticky_task_group_test.dart: heading wraps to its measured extent and has one header node
2026-10-10T04:54:49.6058400Z ✅ /home/runner/work/tandemlog/tandemlog/test/storage_test.dart: recurrence inserts at current parent position and later moves stay independent
2026-10-10T04:54:49.7586007Z ✅ /home/runner/work/tandemlog/tandemlog/test/storage_test.dart: later creation stays after an earlier move to end
2026-10-10T04:54:49.8598117Z ✅ /home/runner/work/tandemlog/tandemlog/test/text_context_test.dart: context hashes the precise canonical domain descriptor
2026-10-10T04:54:49.8681506Z ✅ /home/runner/work/tandemlog/tandemlog/test/text_context_test.dart: canonical nested values reuse scalar ordering and exact escaping
2026-10-10T04:54:49.8723930Z ✅ /home/runner/work/tandemlog/tandemlog/test/text_context_test.dart: invalid identity, basis, field, kind and digest fail closed
2026-10-10T04:54:49.8788930Z ✅ /home/runner/work/tandemlog/tandemlog/test/text_context_test.dart: native creation context uses its canonical creation and seed hashes
2026-10-10T04:54:49.8844028Z ✅ /home/runner/work/tandemlog/tandemlog/test/text_context_test.dart: baseline digest is independent of object insertion order
2026-10-10T04:54:49.8874486Z ✅ /home/runner/work/tandemlog/tandemlog/test/text_context_test.dart: baseline digest rejects incomplete or arbitrary fields
2026-10-10T04:54:50.0098347Z ✅ /home/runner/work/tandemlog/tandemlog/test/storage_test.dart: late pre-completion move converges and old order cache rebuilds without log writes
2026-10-10T04:54:50.5001526Z ✅ /home/runner/work/tandemlog/tandemlog/test/foreground_importer_test.dart: coalesces repeated notifications and retains bounded fallback
2026-10-10T04:54:50.5033588Z ✅ /home/runner/work/tandemlog/tandemlog/test/foreground_importer_test.dart: pause and workspace disposal cancel debounce and fallback; resume reconciles
2026-10-10T04:54:50.5093472Z ✅ /home/runner/work/tandemlog/tandemlog/test/foreground_importer_test.dart: watcher failure recovers on fallback and overlapping work is serialized
2026-10-10T04:54:51.4636634Z ✅ /home/runner/work/tandemlog/tandemlog/test/compact_selection_actions_test.dart: selection commands wrap without losing touch targets
2026-10-10T04:54:51.9686659Z ✅ /home/runner/work/tandemlog/tandemlog/test/text_undo_event_test.dart: native Undo preserves compensation bytes and names original command
2026-10-10T04:54:51.9800907Z ✅ /home/runner/work/tandemlog/tandemlog/test/text_undo_event_test.dart: Undo nontext effects remains possible when native compensation is empty
2026-10-10T04:54:51.9928889Z ✅ /home/runner/work/tandemlog/tandemlog/test/text_undo_event_test.dart: Undo retracts only the original nontext effects in pure projection
2026-10-10T04:54:52.6191264Z ✅ /home/runner/work/tandemlog/tandemlog/test/historical_completion_event_test.dart: historical completion is required, separate and hash-bound to earlier scalar initialization
2026-10-10T04:54:52.6293624Z ✅ /home/runner/work/tandemlog/tandemlog/test/historical_completion_event_test.dart: forward/self reference, extra retained metadata and wrong child identities fail wire admission
2026-10-10T04:54:52.6430932Z ✅ /home/runner/work/tandemlog/tandemlog/test/historical_completion_event_test.dart: known equal or later source clocks remain invalid after delayed arrival
2026-10-10T04:54:53.6034893Z ✅ /home/runner/work/tandemlog/tandemlog/test/task_toolbar_test.dart: identity fits actual name/scale and retains accessible full name at narrow widths
2026-10-10T04:54:53.7749869Z ✅ /home/runner/work/tandemlog/tandemlog/test/task_toolbar_test.dart: status changes reserve count and control geometry
2026-10-10T04:54:54.3159744Z ✅ /home/runner/work/tandemlog/tandemlog/test/schedule_test.dart: completion guard compares actual occurrence dates, not rendered bounds
2026-10-10T04:54:54.3885779Z ✅ /home/runner/work/tandemlog/tandemlog/test/schedule_test.dart: all 37 observed expressions match pinned upstream oracle
2026-10-10T04:54:54.4007034Z ✅ /home/runner/work/tandemlog/tandemlog/test/schedule_test.dart: civil dates and schedule reject normalization and unknown fields
2026-10-10T04:54:54.4029624Z ✅ /home/runner/work/tandemlog/tandemlog/test/schedule_test.dart: reference precedence, missing dates and configured scheduled removal
2026-10-10T04:54:54.4080688Z ✅ /home/runner/work/tandemlog/tandemlog/test/schedule_test.dart: start bounds reject invalid edits without inventing dates
2026-10-10T04:54:54.4115172Z ✅ /home/runner/work/tandemlog/tandemlog/test/schedule_test.dart: named-zone gap and fold obey end-of-due-day bounds
2026-10-10T04:54:54.4157054Z ✅ /home/runner/work/tandemlog/tandemlog/test/schedule_test.dart: exact due bounds are inclusive; date-only due covers whole day
2026-10-10T04:54:54.4206526Z ✅ /home/runner/work/tandemlog/tandemlog/test/schedule_test.dart: precise named-zone bounds compare resolved gap and fold instants
2026-10-10T04:54:54.4257268Z ✅ /home/runner/work/tandemlog/tandemlog/test/schedule_test.dart: recurrence preserves exact times and removes scheduled time with its date
2026-10-10T04:54:54.4289647Z ✅ /home/runner/work/tandemlog/tandemlog/test/schedule_test.dart: last supported due day accepts its internal next-year boundary
2026-10-10T04:54:54.4327770Z ✅ /home/runner/work/tandemlog/tandemlog/test/schedule_test.dart: clamping evolves while explicit last remains month end
2026-10-10T04:54:54.9657514Z ✅ /home/runner/work/tandemlog/tandemlog/test/profile_lock_test.dart: same process and canonical aliases contend until release
2026-10-10T04:54:54.9767916Z ✅ /home/runner/work/tandemlog/tandemlog/test/profile_lock_test.dart: failed acquisition releases the process guard for retry
2026-10-10T04:54:55.5931070Z ✅ /home/runner/work/tandemlog/tandemlog/test/profile_lock_test.dart: child process holds OS lock; killing it allows reacquisition
2026-10-10T04:54:55.6097058Z ✅ /home/runner/work/tandemlog/tandemlog/test/food_retention_draft_test.dart: removing newly created retention chip stays removed on Add
2026-10-10T04:54:57.4338071Z ✅ /home/runner/work/tandemlog/tandemlog/test/checklist_baseline_selection_test.dart: shared baseline preserves earliest scalar successor protected by checked copied-item history
2026-10-10T04:54:57.8968589Z ✅ /home/runner/work/tandemlog/tandemlog/test/food_review_regression_test.dart: 101-container group removal and Undo use bounded captured batches
2026-10-10T04:54:57.9029255Z ✅ /home/runner/work/tandemlog/tandemlog/test/food_review_regression_test.dart: known wrong-kind edit reference fails even while target creation missing
2026-10-10T04:54:58.3045110Z ✅ /home/runner/work/tandemlog/tandemlog/test/checklist_baseline_selection_test.dart: shared baseline preserves earliest scalar successor protected by undone and deleted copied-item history
2026-10-10T04:54:59.1296255Z ✅ /home/runner/work/tandemlog/tandemlog/test/checklist_baseline_selection_test.dart: later copied-item activity preserves the declared scalar baseline through native capture and cold replay
2026-10-10T04:54:59.1846556Z ✅ /home/runner/work/tandemlog/tandemlog/test/food_review_regression_test.dart: typed retention reason survives direct Add
2026-10-10T04:54:59.4693784Z ✅ /home/runner/work/tandemlog/tandemlog/test/food_review_regression_test.dart: repeated dialog Cancel callback cannot pop food page
2026-10-10T04:54:59.4733668Z ✅ /home/runner/work/tandemlog/tandemlog/test/food_review_regression_test.dart: known removal before physical creation is rejected
2026-10-10T04:54:59.7136669Z ✅ /home/runner/work/tandemlog/tandemlog/test/event_clock_test.dart: new wall time wins despite many older borrowed nanoseconds
2026-10-10T04:54:59.7223027Z ✅ /home/runner/work/tandemlog/tandemlog/test/food_review_regression_test.dart: active retention composition is not staged by submit
2026-10-10T04:54:59.7380908Z ✅ /home/runner/work/tandemlog/tandemlog/test/event_clock_test.dart: equal and backward wall time borrow exactly one nanosecond
2026-10-10T04:54:59.7483059Z ✅ /home/runner/work/tandemlog/tandemlog/test/event_clock_test.dart: canonical decimal clock round trips values beyond JSON number precision
2026-10-10T04:54:59.7813574Z ✅ /home/runner/work/tandemlog/tandemlog/test/event_clock_test.dart: numeric legacy and tuple draft event clocks are rejected explicitly
2026-10-10T04:55:00.5048409Z ✅ /home/runner/work/tandemlog/tandemlog/test/local_settings_test.dart: legacy folder/user settings remain selected and default to System
2026-10-10T04:55:00.5230913Z ✅ /home/runner/work/tandemlog/tandemlog/test/local_settings_test.dart: theme-only preferences never create a canonical workspace
2026-10-10T04:55:00.5327629Z ✅ /home/runner/work/tandemlog/tandemlog/test/local_settings_test.dart: new desktop default is shared-data without creating files
2026-10-10T04:55:00.5457212Z ✅ /home/runner/work/tandemlog/tandemlog/test/local_settings_test.dart: settings reset retains a populated legacy default
2026-10-10T04:55:00.5511968Z ✅ /home/runner/work/tandemlog/tandemlog/test/local_settings_test.dart: empty legacy folder does not override the clearer default
2026-10-10T04:55:00.5624048Z ✅ /home/runner/work/tandemlog/tandemlog/test/local_settings_test.dart: populated shared-data remains preferred without altering either folder
2026-10-10T04:55:02.6219738Z ✅ /home/runner/work/tandemlog/tandemlog/test/shared_text_storage_test.dart: shared recurrence cache stores references and survives warm/cold reconstruction
2026-10-10T04:55:03.4050494Z ✅ /home/runner/work/tandemlog/tandemlog/test/shared_text_history_test.dart: reordered originals bound disposable interning and retain old references
2026-10-10T04:55:03.4136996Z ✅ /home/runner/work/tandemlog/tandemlog/test/shared_text_history_test.dart: reshaped branches apply originals once, checkpoint restore=false
2026-10-10T04:55:03.4199531Z ✅ /home/runner/work/tandemlog/tandemlog/test/shared_text_history_test.dart: reshaped branches apply originals once, checkpoint restore=true
2026-10-10T04:55:03.5328207Z ✅ /home/runner/work/tandemlog/tandemlog/test/shared_text_history_test.dart: one original operation is retained across immutable recurrence references
2026-10-10T04:55:03.5405428Z ✅ /home/runner/work/tandemlog/tandemlog/test/shared_text_history_test.dart: union order and duplicate arrival retain one reference to each original
2026-10-10T04:55:03.5467333Z ✅ /home/runner/work/tandemlog/tandemlog/test/shared_text_history_test.dart: equal seed text cannot authorize independent roots or forged packet claims
2026-10-10T04:55:03.5506299Z ✅ /home/runner/work/tandemlog/tandemlog/test/shared_text_history_test.dart: canonical packet metadata is checked before retaining a reference
2026-10-10T04:55:03.5563687Z ✅ /home/runner/work/tandemlog/tandemlog/test/shared_text_history_test.dart: retained original packets are deeply immutable and privately owned
2026-10-10T04:55:03.6414720Z ✅ /home/runner/work/tandemlog/tandemlog/test/shared_text_history_test.dart: incremental native replay is linear and sparse checkpoints preserve historical state
2026-10-10T04:55:03.7063096Z ✅ /home/runner/work/tandemlog/tandemlog/test/shared_text_history_test.dart: reference summaries export full state only for sparse checkpoints or explicit proof
2026-10-10T04:55:03.7123363Z ✅ /home/runner/work/tandemlog/tandemlog/test/shared_text_history_test.dart: evicting native roots and closing a materializer does not change references
2026-10-10T04:55:03.9342810Z ✅ /home/runner/work/tandemlog/tandemlog/test/task_completion_checkbox_test.dart: disabled repeat perimeter has uniform opacity at overlapping tips
2026-10-10T04:55:04.2085487Z ✅ /home/runner/work/tandemlog/tandemlog/test/task_completion_checkbox_test.dart: repeat geometry retains padded touch and checked semantics
2026-10-10T04:55:04.2490353Z ✅ /home/runner/work/tandemlog/tandemlog/test/task_completion_checkbox_test.dart: disabled repeat target cannot complete at enlarged text
2026-10-10T04:55:04.3039421Z ✅ /home/runner/work/tandemlog/tandemlog/test/task_completion_checkbox_test.dart: completed controls share native appearance in both themes
2026-10-10T04:55:04.6954640Z ✅ /home/runner/work/tandemlog/tandemlog/test/writer_guard_test.dart: acknowledged head blocks old snapshot through other directory without sequence reuse
2026-10-10T04:55:04.8727649Z ✅ /home/runner/work/tandemlog/tandemlog/test/writer_guard_test.dart: acknowledged head blocks old snapshot through URI alias without sequence reuse
2026-10-10T04:55:04.8813680Z ✅ /home/runner/work/tandemlog/tandemlog/test/text_inheritance_test.dart: strict descriptor rejects unknown keys, versions, fields and hashes
2026-10-10T04:55:04.8873641Z ✅ /home/runner/work/tandemlog/tandemlog/test/text_inheritance_test.dart: missing proof is pending while a known wrong hash is invalid
2026-10-10T04:55:04.8915789Z ✅ /home/runner/work/tandemlog/tandemlog/test/text_inheritance_test.dart: genesis is verified and does not require a record
2026-10-10T04:55:04.8982986Z ✅ /home/runner/work/tandemlog/tandemlog/test/text_inheritance_test.dart: forward clock and same writer references are rejected even missing
2026-10-10T04:55:04.9058131Z ✅ /home/runner/work/tandemlog/tandemlog/test/text_inheritance_test.dart: duplicate reordered arrival filters immutable observed prefix
2026-10-10T04:55:05.0313368Z ✅ /home/runner/work/tandemlog/tandemlog/test/writer_guard_test.dart: acknowledged head blocks old snapshot through rebuilt cache without sequence reuse
2026-10-10T04:55:05.1448329Z ✅ /home/runner/work/tandemlog/tandemlog/test/writer_guard_test.dart: missing owned log is blocked even with a new cache and data directory
2026-10-10T04:55:05.2952090Z ✅ /home/runner/work/tandemlog/tandemlog/test/writer_guard_test.dart: same sequence with a fully recomputed valid chain rejects against private head
2026-10-10T04:55:05.4822160Z ✅ /home/runner/work/tandemlog/tandemlog/test/writer_guard_test.dart: an explicitly different writer can use a restored snapshot without changing original guard
2026-10-10T04:55:05.5470555Z ✅ /home/runner/work/tandemlog/tandemlog/test/profile_safety_store_test.dart: writer reservation and partial acknowledgement survive reopening
2026-10-10T04:55:05.5966738Z ✅ /home/runner/work/tandemlog/tandemlog/test/profile_safety_store_test.dart: same writer and event sequence are scoped to separate workspaces
2026-10-10T04:55:05.6177195Z ✅ /home/runner/work/tandemlog/tandemlog/test/profile_safety_store_test.dart: pending canonical bytes are immutable and survive reopen
2026-10-10T04:55:05.6350661Z ✅ /home/runner/work/tandemlog/tandemlog/test/profile_safety_store_test.dart: rollback and projection deletion do not clear protected evidence
2026-10-10T04:55:05.6551336Z ✅ /home/runner/work/tandemlog/tandemlog/test/profile_safety_store_test.dart: a SQL disk-capacity failure preserves original error and pending rows
2026-10-10T04:55:05.6764690Z ✅ /home/runner/work/tandemlog/tandemlog/test/writer_guard_test.dart: guard metadata is durable before append and normal reopen/refresh reads no old history
2026-10-10T04:55:05.6767133Z ✅ /home/runner/work/tandemlog/tandemlog/test/profile_safety_store_test.dart: copied writer IDs across profiles are outside profile exclusion
2026-10-10T04:55:05.9474609Z ✅ /home/runner/work/tandemlog/tandemlog/test/profile_safety_store_test.dart: distinct profile writers converge in one canonical workspace
2026-10-10T04:55:05.9570267Z ✅ /home/runner/work/tandemlog/tandemlog/test/writer_guard_test.dart: zero-record failed append reserves candidate across restart until exact late arrival
2026-10-10T04:55:05.9592831Z ✅ /home/runner/work/tandemlog/tandemlog/test/profile_safety_store_test.dart: async and nested transactions cannot commit unrelated outer work
2026-10-10T04:55:05.9762230Z ✅ /home/runner/work/tandemlog/tandemlog/test/profile_safety_store_test.dart: pending reads reject corrupt bytes and mismatched indexed identity
2026-10-10T04:55:06.1704763Z ✅ /home/runner/work/tandemlog/tandemlog/test/writer_guard_test.dart: lost append acknowledgment reconciles exact pending head after restart without duplicate sequence
2026-10-10T04:55:06.3719982Z ✅ /home/runner/work/tandemlog/tandemlog/test/writer_guard_test.dart: acknowledgment guard failure rolls cache back and blocks false confirmation until restart
2026-10-10T04:55:06.5817356Z ✅ /home/runner/work/tandemlog/tandemlog/test/writer_guard_test.dart: batch durable prefix reconciles across cache replacement
2026-10-10T04:55:06.7249825Z ✅ /home/runner/work/tandemlog/tandemlog/test/writer_guard_test.dart: batch durable prefix with partial tail blocks across cache replacement
2026-10-10T04:55:06.8619870Z ✅ /home/runner/work/tandemlog/tandemlog/test/writer_guard_test.dart: valid cache12 upgrades once without changing canonical bytes or writer guard
2026-10-10T04:55:06.9834581Z ✅ /home/runner/work/tandemlog/tandemlog/test/writer_guard_test.dart: cache10 retains old materialization and rejects separate tag event on upgrade
2026-10-10T04:55:07.1860805Z ✅ /home/runner/work/tandemlog/tandemlog/test/writer_guard_test.dart: cache10 retains old materialization and rejects generic recurring Undo on upgrade
2026-10-10T04:55:07.3011185Z ✅ /home/runner/work/tandemlog/tandemlog/test/writer_guard_test.dart: cache11 retains old materialization and rejects separate tag event on upgrade
2026-10-10T04:55:07.3788909Z ✅ /home/runner/work/tandemlog/tandemlog/test/undo_storage_test.dart: bulk Undo restores mixed schedules/assignees/tags and retains newer synced registers
2026-10-10T04:55:07.4777187Z ✅ /home/runner/work/tandemlog/tandemlog/test/writer_guard_test.dart: cache11 retains old materialization and rejects generic recurring Undo on upgrade
2026-10-10T04:55:07.5915271Z ✅ /home/runner/work/tandemlog/tandemlog/test/writer_guard_test.dart: cache12 retains old materialization and rejects separate tag event on upgrade
2026-10-10T04:55:07.7703491Z ✅ /home/runner/work/tandemlog/tandemlog/test/writer_guard_test.dart: cache12 retains old materialization and rejects generic recurring Undo on upgrade
2026-10-10T04:55:07.8606609Z ✅ /home/runner/work/tandemlog/tandemlog/test/writer_guard_test.dart: noninteger pending sequence is rejected without normalizing private metadata
2026-10-10T04:55:07.9463158Z ✅ /home/runner/work/tandemlog/tandemlog/test/writer_guard_test.dart: guard instances serialize candidate reservation for the same installation identity
2026-10-10T04:55:08.0550313Z ✅ /home/runner/work/tandemlog/tandemlog/test/writer_guard_test.dart: malformed private guard is preserved and never rebuilt from disposable cache
2026-10-10T04:55:08.1664134Z ✅ /home/runner/work/tandemlog/tandemlog/test/undo_storage_test.dart: completion and reopening Undo preserve successor work and independent completion/deletion
2026-10-10T04:55:08.5996430Z ✅ /home/runner/work/tandemlog/tandemlog/test/undo_storage_test.dart: move Undo retains later relative move and replays after known-cache upgrade
2026-10-10T04:55:08.9035826Z ✅ /home/runner/work/tandemlog/tandemlog/test/undo_storage_test.dart: Undo failure before append confirms only durable prefix and retry is idempotent
2026-10-10T04:55:09.1892827Z ✅ /home/runner/work/tandemlog/tandemlog/test/undo_storage_test.dart: Undo failure after append confirms only durable prefix and retry is idempotent
2026-10-10T04:55:09.4198639Z ✅ /home/runner/work/tandemlog/tandemlog/test/undo_storage_test.dart: unresolved write blocks new payload until exact delayed record appears
2026-10-10T04:55:09.6165529Z ✅ /home/runner/work/tandemlog/tandemlog/test/undo_storage_test.dart: delayed cross-entity Undo target fails transactionally with canonical bytes preserved
2026-10-10T04:55:11.2064527Z ✅ /home/runner/work/tandemlog/tandemlog/test/release_version_tile_test.dart: shows and copies only release version 2026.10.1
2026-10-10T04:55:11.2920986Z ✅ /home/runner/work/tandemlog/tandemlog/test/release_version_tile_test.dart: shows and copies only release version 2026.10.2-rc.1
2026-10-10T04:55:11.3484923Z ✅ /home/runner/work/tandemlog/tandemlog/test/release_version_tile_test.dart: missing metadata does not copy a guessed version
2026-10-10T04:55:11.4451923Z ✅ /home/runner/work/tandemlog/tandemlog/test/release_version_tile_test.dart: clipboard failure is contextual and can be retried
2026-10-10T04:55:11.9970573Z ✅ /home/runner/work/tandemlog/tandemlog/test/bulk_apply_semantics_test.dart: bulk apply names and accessible actions isolate fields at (900.0, 1.0)
2026-10-10T04:55:12.1246443Z ✅ /home/runner/work/tandemlog/tandemlog/test/domain_test.dart: deletion is a validated permanent tombstone in every arrival order
2026-10-10T04:55:12.1482315Z ✅ /home/runner/work/tandemlog/tandemlog/test/domain_test.dart: canonical UUID admission matches namespace validation and rejects aliases
2026-10-10T04:55:12.1674955Z ✅ /home/runner/work/tandemlog/tandemlog/test/domain_test.dart: all arrival permutations yield identical field conflict and undo state
2026-10-10T04:55:12.1786605Z ✅ /home/runner/work/tandemlog/tandemlog/test/domain_test.dart: unknown event/fields and counter overflow are rejected
2026-10-10T04:55:12.2468993Z ✅ /home/runner/work/tandemlog/tandemlog/test/domain_test.dart: historical v1 events and invalid new active fields fail explicitly
2026-10-10T04:55:13.0225912Z ✅ /home/runner/work/tandemlog/tandemlog/test/food_store_test.dart: malformed Food disables only Food and existing Tasks remain writable
2026-10-10T04:55:13.0850562Z ✅ /home/runner/work/tandemlog/tandemlog/test/food_store_test.dart: Food-only provider failure preserves the typed module boundary
2026-10-10T04:55:13.1289730Z ✅ /home/runner/work/tandemlog/tandemlog/test/food_store_test.dart: moved manifest stays a shared fatal fault
2026-10-10T04:55:13.1754593Z ✅ /home/runner/work/tandemlog/tandemlog/test/food_store_test.dart: malformed protected Food head is shared integrity, not history
2026-10-10T04:55:13.2270011Z ✅ /home/runner/work/tandemlog/tandemlog/test/food_store_test.dart: recognized Food conflict stays module-scoped: food-00000000-0000-4000-8000-000000000001.sync-conflict-synthetic.foodlog
2026-10-10T04:55:13.2749621Z ✅ /home/runner/work/tandemlog/tandemlog/test/food_store_test.dart: recognized Food conflict stays module-scoped: food-00000000-0000-4000-8000-000000000001.foodlog.sync-conflict-synthetic
2026-10-10T04:55:13.3142326Z ✅ /home/runner/work/tandemlog/tandemlog/test/food_store_test.dart: unclassified conflict preserves released Task fail-closed policy
2026-10-10T04:55:13.4797673Z ✅ /home/runner/work/tandemlog/tandemlog/test/food_store_test.dart: disabled Food retains exact prepared bytes for explicit recovery
2026-10-10T04:55:13.4871184Z ✅ /home/runner/work/tandemlog/tandemlog/test/bulk_apply_semantics_test.dart: bulk apply names and accessible actions isolate fields at (390.0, 2.0)
2026-10-10T04:55:13.6759110Z ✅ /home/runner/work/tandemlog/tandemlog/test/food_store_test.dart: food physical count and durable Deleted survive restart without changing task v3 bytes
2026-10-10T04:55:13.7830710Z ✅ /home/runner/work/tandemlog/tandemlog/test/food_store_test.dart: partial first record is resumed exactly from protected bytes across restart
2026-10-10T04:55:13.8513520Z ✅ /home/runner/work/tandemlog/tandemlog/test/food_store_test.dart: uncertain successful append admits once and retires exact receipt
2026-10-10T04:55:13.9190227Z ✅ /home/runner/work/tandemlog/tandemlog/test/food_store_test.dart: acknowledged missing stream fails closed and retains last view
2026-10-10T04:55:13.9931464Z ✅ /home/runner/work/tandemlog/tandemlog/test/food_store_test.dart: food refresh SQL fault preserves state and receipts together
2026-10-10T04:55:14.0450272Z ✅ /home/runner/work/tandemlog/tandemlog/test/food_store_test.dart: missing own reservation after initialization cannot reuse a sequence
2026-10-10T04:55:14.0911100Z ✅ /home/runner/work/tandemlog/tandemlog/test/food_store_test.dart: food handle releases its lease when the profile owner is poisoned
2026-10-10T04:55:14.3891904Z ✅ /home/runner/work/tandemlog/tandemlog/test/bulk_apply_semantics_test.dart: keyboard applies only Due time; tag operations stay distinct
2026-10-10T04:55:14.8979036Z ✅ /home/runner/work/tandemlog/tandemlog/test/bulk_apply_semantics_test.dart: saving retains field names but disables all apply actions
2026-10-10T04:55:16.4365573Z ✅ /home/runner/work/tandemlog/tandemlog/test/tag_input_geometry_test.dart: many selected chips keep query and results reachable with IME
2026-10-10T04:55:17.0101424Z ✅ /home/runner/work/tandemlog/tandemlog/test/food_record_test.dart: literal canonical food wire/hash and module writer fixture
2026-10-10T04:55:17.0150269Z ✅ /home/runner/work/tandemlog/tandemlog/test/tag_filter_picker_test.dart: query underline gap stays stable with chips at 260.0/1.0
2026-10-10T04:55:17.0329174Z ✅ /home/runner/work/tandemlog/tandemlog/test/food_record_test.dart: separate food hash domain and immutable envelope bindings
2026-10-10T04:55:17.0358410Z ✅ /home/runner/work/tandemlog/tandemlog/test/food_record_test.dart: food DTO identity and order cannot disagree with verified envelope
2026-10-10T04:55:17.0428407Z ✅ /home/runner/work/tandemlog/tandemlog/test/food_record_test.dart: noncreation records carry observed per-container creation basis
2026-10-10T04:55:17.0516991Z ✅ /home/runner/work/tandemlog/tandemlog/test/food_record_test.dart: unknown/noncanonical/oversized records are rejected
2026-10-10T04:55:17.0610877Z ✅ /home/runner/work/tandemlog/tandemlog/test/food_record_test.dart: exact signed64 clock roundtrip and bounds
2026-10-10T04:55:17.2562833Z ✅ /home/runner/work/tandemlog/tandemlog/test/tag_filter_picker_test.dart: query underline gap stays stable with chips at 260.0/2.0
2026-10-10T04:55:17.4541853Z ✅ /home/runner/work/tandemlog/tandemlog/test/tag_filter_picker_test.dart: query underline gap stays stable with chips at 390.0/1.0
2026-10-10T04:55:17.6254529Z ✅ /home/runner/work/tandemlog/tandemlog/test/tag_filter_picker_test.dart: query underline gap stays stable with chips at 390.0/2.0
2026-10-10T04:55:17.9090290Z ✅ /home/runner/work/tandemlog/tandemlog/test/tag_filter_picker_test.dart: initial suggestions survive IME relayout at 1.0 text scale
2026-10-10T04:55:18.1149103Z ✅ /home/runner/work/tandemlog/tandemlog/test/tag_filter_picker_test.dart: initial suggestions survive IME relayout at 2.0 text scale
2026-10-10T04:55:18.5640395Z ✅ /home/runner/work/tandemlog/tandemlog/test/checklist_architecture_gate_test.dart: genuine offline item activity arriving after cancellation restores its task
2026-10-10T04:55:18.7781632Z ✅ /home/runner/work/tandemlog/tandemlog/test/tag_filter_picker_test.dart: below-first dialog overlay uses content size and stays stable through queries and metrics
2026-10-10T04:55:19.0411988Z ✅ /home/runner/work/tandemlog/tandemlog/test/checklist_architecture_gate_test.dart: local item create cannot resurrect a canceled successor
2026-10-10T04:55:19.4294763Z ✅ /home/runner/work/tandemlog/tandemlog/test/checklist_architecture_gate_test.dart: local item check cannot resurrect a canceled successor
2026-10-10T04:55:19.7664696Z ✅ /home/runner/work/tandemlog/tandemlog/test/checklist_architecture_gate_test.dart: local item move cannot resurrect a canceled successor
2026-10-10T04:55:20.0653721Z ✅ /home/runner/work/tandemlog/tandemlog/test/checklist_architecture_gate_test.dart: local item delete cannot resurrect a canceled successor
2026-10-10T04:55:20.4233401Z ✅ /home/runner/work/tandemlog/tandemlog/test/checklist_architecture_gate_test.dart: local item native Save cannot resurrect a canceled successor
2026-10-10T04:55:20.7324849Z ✅ /home/runner/work/tandemlog/tandemlog/test/checklist_architecture_gate_test.dart: item Save returns its current merged item rather than a deleted row
2026-10-10T04:55:22.8119344Z ✅ /home/runner/work/tandemlog/tandemlog/test/food_collapsed_inspect_guard_test.dart: latest Full conflict retains warning and Inspect dark 1.0x
2026-10-10T04:55:23.0961712Z ✅ /home/runner/work/tandemlog/tandemlog/test/food_collapsed_inspect_guard_test.dart: latest Full conflict retains warning and Inspect dark 2.0x
2026-10-10T04:55:23.3686456Z ✅ /home/runner/work/tandemlog/tandemlog/test/food_collapsed_inspect_guard_test.dart: latest Full conflict retains warning and Inspect light 1.0x
2026-10-10T04:55:23.5979828Z ✅ /home/runner/work/tandemlog/tandemlog/test/food_collapsed_inspect_guard_test.dart: latest Full conflict retains warning and Inspect light 2.0x
2026-10-10T04:55:24.9244210Z ##[endgroup]
2026-10-10T04:55:24.9245962Z ##[group]✅ /home/runner/work/tandemlog/tandemlog/test/food_replay_budget_test.dart: wide-target thousand-reference history has a bounded replay budget
2026-10-10T04:55:24.9247398Z FOOD_REPLAY_BUDGET bytes=12418562 records=1002 targets=100 refs=1000 elapsed_ms=2974
2026-10-10T04:55:24.9248322Z ##[endgroup]
2026-10-10T04:55:25.6196957Z ##[group]✅ Passing tests
2026-10-10T04:55:25.6198325Z ✅ /home/runner/work/tandemlog/tandemlog/test/profile_task_store_test.dart: immutable names reject injected identifiers
2026-10-10T04:55:25.8340655Z ✅ /home/runner/work/tandemlog/tandemlog/test/profile_task_store_test.dart: shared checklist display state is scoped and uses owner rollback
2026-10-10T04:55:26.0094661Z ✅ /home/runner/work/tandemlog/tandemlog/test/profile_task_store_test.dart: two workspaces isolate identical entity and writer sequence IDs
2026-10-10T04:55:26.0574487Z ✅ /home/runner/work/tandemlog/tandemlog/test/profile_task_store_test.dart: same location rejects a duplicate handle until close
2026-10-10T04:55:26.1147217Z ✅ /home/runner/work/tandemlog/tandemlog/test/profile_task_store_test.dart: queued open prevents owner close before its handle is returned
2026-10-10T04:55:26.1533559Z ✅ /home/runner/work/tandemlog/tandemlog/test/profile_task_store_test.dart: shared namespace never invokes legacy global schema replay
2026-10-10T04:55:26.3612769Z ✅ /home/runner/work/tandemlog/tandemlog/test/profile_task_store_test.dart: protected native receipt survives alias confirmation/rebuild appended=false
2026-10-10T04:55:26.5215680Z ✅ /home/runner/work/tandemlog/tandemlog/test/profile_task_store_test.dart: protected native receipt survives alias confirmation/rebuild appended=true
2026-10-10T04:55:26.6217167Z ✅ /home/runner/work/tandemlog/tandemlog/test/profile_task_store_test.dart: failed shared acknowledgement retains exact intent and rolls back projections
2026-10-10T04:55:26.7094748Z ✅ /home/runner/work/tandemlog/tandemlog/test/profile_task_store_test.dart: overlapping workspace operations share one transaction owner
2026-10-10T04:55:27.3160999Z ✅ /home/runner/work/tandemlog/tandemlog/test/task_metadata_test.dart: future hints use projection availability and the observed local day
2026-10-10T04:55:27.3193948Z ✅ /home/runner/work/tandemlog/tandemlog/test/task_metadata_test.dart: passed start and history hints stay absent even with a retained instant
2026-10-10T04:55:27.3217464Z ✅ /home/runner/work/tandemlog/tandemlog/test/task_metadata_test.dart: same heading removes date-only details and empty separators
2026-10-10T04:55:27.3237434Z ✅ /home/runner/work/tandemlog/tandemlog/test/task_metadata_test.dart: same heading retains role and time
2026-10-10T04:55:27.3264830Z ✅ /home/runner/work/tandemlog/tandemlog/test/task_metadata_test.dart: day groups hide due dates and available starts
2026-10-10T04:55:27.3301531Z ✅ /home/runner/work/tandemlog/tandemlog/test/task_metadata_test.dart: day groups hide pinned dates even across local days
2026-10-10T04:55:27.3325781Z ✅ /home/runner/work/tandemlog/tandemlog/test/task_metadata_test.dart: repeat perimeter needs no redundant metadata line or verbose rule
2026-10-10T04:55:27.3354512Z ✅ /home/runner/work/tandemlog/tandemlog/test/task_metadata_test.dart: local zone changes alter only pinned presentation
2026-10-10T04:55:27.3378741Z ✅ /home/runner/work/tandemlog/tandemlog/test/task_metadata_test.dart: pinned DST gaps and folds share projection resolution
2026-10-10T04:55:27.3413527Z ✅ /home/runner/work/tandemlog/tandemlog/test/task_metadata_test.dart: local day headings and bounded task times share the observed zone
2026-10-10T04:55:27.3434261Z ✅ /home/runner/work/tandemlog/tandemlog/test/task_metadata_test.dart: date-only occurrence override suppresses timed base due
2026-10-10T04:55:27.3507192Z ✅ /home/runner/work/tandemlog/tandemlog/test/shared_tag_semantics_test.dart: query clear and dropdown actions identify every editing context
2026-10-10T04:55:27.9302126Z ✅ /home/runner/work/tandemlog/tandemlog/test/shared_tag_semantics_test.dart: editor exposes named query and removable selected tags
2026-10-10T04:55:28.3115902Z ✅ /home/runner/work/tandemlog/tandemlog/test/legacy_cache_import_test.dart: captures primary and historical observations, keeps originals and replays unchanged logs
2026-10-10T04:55:28.4806054Z ✅ /home/runner/work/tandemlog/tandemlog/test/legacy_cache_import_test.dart: cache import transaction interruption leaves no partial observations
2026-10-10T04:55:28.6709501Z ✅ /home/runner/work/tandemlog/tandemlog/test/legacy_cache_import_test.dart: warm namespace still validates protected snapshot bytes
2026-10-10T04:55:28.8654162Z ✅ /home/runner/work/tandemlog/tandemlog/test/legacy_cache_import_test.dart: interrupted legacy replay retains independent heads/ranges and backup
2026-10-10T04:55:28.9620084Z ✅ /home/runner/work/tandemlog/tandemlog/test/shared_tag_semantics_test.dart: bulk suggestions are readable and semantics activation is local
2026-10-10T04:55:29.0156451Z ✅ /home/runner/work/tandemlog/tandemlog/test/legacy_cache_import_test.dart: changed source or conflicting location binding rejects without replacement
2026-10-10T04:55:29.2704958Z ✅ /home/runner/work/tandemlog/tandemlog/test/legacy_cache_import_test.dart: cache-only exact native receipt imports and retries without private file
2026-10-10T04:55:29.8967182Z ✅ /home/runner/work/tandemlog/tandemlog/test/shared_tag_semantics_test.dart: bulk chip actions preserve independent deltas and Apply state
2026-10-10T04:55:30.5029917Z ✅ /home/runner/work/tandemlog/tandemlog/test/shared_tag_semantics_test.dart: Saving freezes tag editing and chip removal in both bulk contexts
2026-10-10T04:55:30.8802029Z ✅ /home/runner/work/tandemlog/tandemlog/test/unavailable_completion_test.dart: unavailable completion explains by tap and keyboard without completing
2026-10-10T04:55:31.6995375Z ✅ /home/runner/work/tandemlog/tandemlog/test/checklist_suppressed_capture_test.dart: canceled untouched checklist successor cannot open a private native editor or become visible through capture
2026-10-10T04:55:32.3246357Z ✅ /home/runner/work/tandemlog/tandemlog/test/local_durability_test.dart: exclusive create writes and flushes file before its parent
2026-10-10T04:55:32.3345786Z ✅ /home/runner/work/tandemlog/tandemlog/test/local_durability_test.dart: new append barriers and existing stream first-use barrier
2026-10-10T04:55:32.3408275Z ✅ /home/runner/work/tandemlog/tandemlog/test/local_durability_test.dart: interrupted writes and fsync retry; close never retries
2026-10-10T04:55:32.3459263Z ✅ /home/runner/work/tandemlog/tandemlog/test/local_durability_test.dart: file fsync failure closes descriptor and prevents directory barrier
2026-10-10T04:55:32.3533623Z ✅ /home/runner/work/tandemlog/tandemlog/test/local_durability_test.dart: failed directory open/fsync is visible and append retries barrier
2026-10-10T04:55:32.3609719Z ✅ /home/runner/work/tandemlog/tandemlog/test/local_durability_test.dart: mkdir chain flushes each new parent and confirmed directories skip barriers
2026-10-10T04:55:32.3706325Z ✅ /home/runner/work/tandemlog/tandemlog/test/local_durability_test.dart: first ensure confirms existing ancestry after interrupted earlier process
2026-10-10T04:55:32.3771632Z ✅ /home/runner/work/tandemlog/tandemlog/test/local_durability_test.dart: failed mkdir barrier retries even though the directory now exists
2026-10-10T04:55:32.3992012Z ✅ /home/runner/work/tandemlog/tandemlog/test/local_durability_test.dart: atomic replacement synchronizes parent after completed rename and preserves failures
2026-10-10T04:55:32.4203364Z ✅ /home/runner/work/tandemlog/tandemlog/test/local_durability_test.dart: profile lock creates its directory through durability before settings
2026-10-10T04:55:32.4378150Z ✅ /home/runner/work/tandemlog/tandemlog/test/local_durability_test.dart: failed settings replacement retains its saved identity on retry
2026-10-10T04:55:32.4533050Z ✅ /home/runner/work/tandemlog/tandemlog/test/local_durability_test.dart: marker rename sync failure is confirmed on the next settings load
2026-10-10T04:55:32.4692267Z ✅ /home/runner/work/tandemlog/tandemlog/test/local_durability_test.dart: other platforms retain file flushing without calling Linux APIs
2026-10-10T04:55:32.4959812Z ✅ /home/runner/work/tandemlog/tandemlog/test/local_durability_test.dart: real Linux FFI smoke: manifest creation, append, replacement and missing-directory error
2026-10-10T04:55:33.7455093Z ✅ /home/runner/work/tandemlog/tandemlog/test/bulk_failure_visibility_test.dart: bulk failure remains visible after bottom scroll (height: 820.0, keyboard: 0.0, message: Selected tasks changed. Close this editor and review them before retrying., scale: 1.0, width: 390.0)
2026-10-10T04:55:33.7919281Z ✅ /home/runner/work/tandemlog/tandemlog/test/checklist_completion_command_test.dart: all checked items complete without warning and prepare exactly one receipt
2026-10-10T04:55:34.1253777Z ✅ /home/runner/work/tandemlog/tandemlog/test/checklist_completion_command_test.dart: cancel unfinished warning prepares nothing and preserves exact canonical bytes
2026-10-10T04:55:34.4384102Z ✅ /home/runner/work/tandemlog/tandemlog/test/bulk_failure_visibility_test.dart: bulk failure remains visible after bottom scroll (height: 820.0, keyboard: 280.0, message: Selected tasks changed. Close this editor and review them before retrying., scale: 2.0, width: 390.0)
2026-10-10T04:55:34.6250069Z ✅ /home/runner/work/tandemlog/tandemlog/test/checklist_completion_command_test.dart: warning observes whole current checklist including checked items notes and order
2026-10-10T04:55:35.0330404Z ✅ /home/runner/work/tandemlog/tandemlog/test/bulk_failure_visibility_test.dart: bulk failure remains visible after bottom scroll (height: 640.0, keyboard: 280.0, message: Selected tasks changed. Close this editor and review them before retrying., scale: 2.0, width: 360.0)
2026-10-10T04:55:35.1051904Z ✅ /home/runner/work/tandemlog/tandemlog/test/checklist_completion_command_test.dart: incoming new unchecked item during warning requires fresh confirmation before receipt
2026-10-10T04:55:35.5307961Z ✅ /home/runner/work/tandemlog/tandemlog/test/checklist_completion_command_test.dart: incoming completion state during warning requires fresh confirmation before receipt
2026-10-10T04:55:35.5981844Z ✅ /home/runner/work/tandemlog/tandemlog/test/bulk_failure_visibility_test.dart: bulk failure remains visible after bottom scroll (height: 640.0, keyboard: 280.0, message: Folder save failed. Your draft is retained. The provider did not acknowledge the selected changes. Reconnect the folder and check its permissions before retrying. No successful save has been reported. A long provider explanation must remain readable without moving the form., scale: 2.0, width: 360.0)
2026-10-10T04:55:35.9492866Z ✅ /home/runner/work/tandemlog/tandemlog/test/bulk_failure_visibility_test.dart: single modal and bulk panel keep existing failure location false
2026-10-10T04:55:36.0341643Z ✅ /home/runner/work/tandemlog/tandemlog/test/checklist_completion_command_test.dart: incoming title during warning requires fresh confirmation before receipt
2026-10-10T04:55:36.2722236Z ✅ /home/runner/work/tandemlog/tandemlog/test/bulk_failure_visibility_test.dart: single modal and bulk panel keep existing failure location true
2026-10-10T04:55:36.4503411Z ✅ /home/runner/work/tandemlog/tandemlog/test/checklist_completion_command_test.dart: incoming notes during warning requires fresh confirmation before receipt
2026-10-10T04:55:36.7982425Z ✅ /home/runner/work/tandemlog/tandemlog/test/checklist_completion_command_test.dart: incoming order during warning requires fresh confirmation before receipt
2026-10-10T04:55:37.1301085Z ✅ /home/runner/work/tandemlog/tandemlog/test/checklist_completion_command_test.dart: cancel renewed warning keeps peer changes but writes no local completion
2026-10-10T04:55:37.5542024Z ✅ /home/runner/work/tandemlog/tandemlog/test/checklist_completion_command_test.dart: incoming checks clearing all unfinished work need no second warning
2026-10-10T04:55:37.8534620Z ✅ /home/runner/work/tandemlog/tandemlog/test/checklist_completion_command_test.dart: task deleted while warning is open stops without preparing duplicate completion
2026-10-10T04:55:38.1566710Z ✅ /home/runner/work/tandemlog/tandemlog/test/checklist_completion_command_test.dart: task completed while warning is open stops without preparing duplicate completion
2026-10-10T04:55:38.3420709Z ✅ /home/runner/work/tandemlog/tandemlog/test/recurring_store_test.dart: offline recurring peers retain child edits drafts Undo and exact cold replay
2026-10-10T04:55:38.4766559Z ✅ /home/runner/work/tandemlog/tandemlog/test/checklist_completion_command_test.dart: already completed task returns null without warning or duplicate receipt
2026-10-10T04:55:38.9235944Z ✅ /home/runner/work/tandemlog/tandemlog/test/checklist_completion_command_test.dart: native incoming notes renew warning while another private item draft stays unpublished
2026-10-10T04:55:39.0429226Z ✅ /home/runner/work/tandemlog/tandemlog/test/task_view_test.dart: exact times precede date-only on the same day without invented time
2026-10-10T04:55:39.0473479Z ✅ /home/runner/work/tandemlog/tandemlog/test/task_view_test.dart: scheduled override supplies both date and precision for sorting
2026-10-10T04:55:39.0900429Z ✅ /home/runner/work/tandemlog/tandemlog/test/task_view_test.dart: calendar bounds retain precision over viewer midnight and DST
2026-10-10T04:55:39.0987279Z ✅ /home/runner/work/tandemlog/tandemlog/test/task_view_test.dart: visible future hints refresh at viewer midnight before the start
2026-10-10T04:55:39.1086464Z ✅ /home/runner/work/tandemlog/tandemlog/test/task_view_test.dart: recurring completion eligibility changes at civil midnight and on zone changes
2026-10-10T04:55:39.1122344Z ✅ /home/runner/work/tandemlog/tandemlog/test/task_view_test.dart: completion boundary follows 23-hour and 25-hour named-zone days
2026-10-10T04:55:39.1186989Z ✅ /home/runner/work/tandemlog/tandemlog/test/task_view_test.dart: ordinary tag intersects assignee, upcoming and completed views
2026-10-10T04:55:39.1216214Z ✅ /home/runner/work/tandemlog/tandemlog/test/task_view_test.dart: upcoming is opt-in and does not change stored rows
2026-10-10T04:55:39.1249127Z ✅ /home/runner/work/tandemlog/tandemlog/test/task_view_test.dart: standalone timing evaluates hidden and completed rows without changing state
2026-10-10T04:55:39.1299007Z ✅ /home/runner/work/tandemlog/tandemlog/test/task_view_test.dart: bounds accept only nullable integers and preserve recurrence anchor
2026-10-10T04:55:39.1327530Z ✅ /home/runner/work/tandemlog/tandemlog/test/task_view_test.dart: availability includes exact boundary and completed history stays visible
2026-10-10T04:55:39.1365719Z ✅ /home/runner/work/tandemlog/tandemlog/test/task_view_test.dart: effective scheduled precedence, bounds, Someday and manual ties
2026-10-10T04:55:39.1409790Z ✅ /home/runner/work/tandemlog/tandemlog/test/task_view_test.dart: bounds clamp civil day while retaining exact time and manual tie order
2026-10-10T04:55:39.1442831Z ✅ /home/runner/work/tandemlog/tandemlog/test/task_view_test.dart: pinned exact dates convert to viewer calendar but date-only remains civil
2026-10-10T04:55:39.1484178Z ✅ /home/runner/work/tandemlog/tandemlog/test/task_view_test.dart: start midnight and DST gap/fold use calendar transitions
2026-10-10T04:55:39.1516613Z ✅ /home/runner/work/tandemlog/tandemlog/test/task_view_test.dart: date-only start midnight uses the shared pinned task zone
2026-10-10T04:55:39.1556970Z ✅ /home/runner/work/tandemlog/tandemlog/test/task_view_test.dart: supported bound horizon is admitted and renderable, larger values rejected
2026-10-10T04:55:39.1580957Z ✅ /home/runner/work/tandemlog/tandemlog/test/task_view_test.dart: derived bound groups may cross the persisted date year limit
2026-10-10T04:55:39.1609205Z ✅ /home/runner/work/tandemlog/tandemlog/test/task_view_test.dart: bounds midnight boundary follows 23 and 25 hour local days
2026-10-10T04:55:39.1640447Z ✅ /home/runner/work/tandemlog/tandemlog/test/task_view_test.dart: filter and hidden bounds select earliest relevant clock boundary
2026-10-10T04:55:39.1673779Z ✅ /home/runner/work/tandemlog/tandemlog/test/task_view_test.dart: search bypasses filters and availability without changing source
2026-10-10T04:55:39.1718068Z ✅ /home/runner/work/tandemlog/tandemlog/test/task_view_test.dart: multiple tags match any then combine with visibility and assignee
2026-10-10T04:55:39.3474465Z ✅ /home/runner/work/tandemlog/tandemlog/test/checklist_completion_command_test.dart: incoming unchecked item at native preparation boundary retries confirmation before any receipt
2026-10-10T04:55:40.4450785Z ✅ /home/runner/work/tandemlog/tandemlog/test/checklist_suppressed_item_capture_test.dart: copied item under canceled successor cannot open a private native editor
2026-10-10T04:55:41.1243201Z ✅ /home/runner/work/tandemlog/tandemlog/test/text_actor_registry_test.dart: TA01 durable actor derivation is exact, stable and context scoped
2026-10-10T04:55:41.1334561Z ✅ /home/runner/work/tandemlog/tandemlog/test/text_actor_registry_test.dart: TA02 reserved, unsafe, malformed and mismatched owners reject
2026-10-10T04:55:41.1397852Z ✅ /home/runner/work/tandemlog/tandemlog/test/text_actor_registry_test.dart: TA03 actual allocator collision retains first owner and rejects second
2026-10-10T04:55:41.1437340Z ✅ /home/runner/work/tandemlog/tandemlog/test/text_actor_registry_test.dart: TA04 multi-field admission is atomic when a later owner conflicts
2026-10-10T04:55:41.1488887Z ✅ /home/runner/work/tandemlog/tandemlog/test/text_actor_registry_test.dart: TA05 canonical-only ownership replay is duplicate/order independent
2026-10-10T04:55:41.1524583Z ✅ /home/runner/work/tandemlog/tandemlog/test/text_actor_registry_test.dart: TA06 operation struct authors must be the declared owner
2026-10-10T04:55:41.1555038Z ✅ /home/runner/work/tandemlog/tandemlog/test/text_actor_registry_test.dart: TA07 separate documents do not conflate equal actor numbers
2026-10-10T04:55:41.1578811Z ✅ /home/runner/work/tandemlog/tandemlog/test/text_actor_registry_test.dart: TA08 unknown ownership metadata fails explicitly
2026-10-10T04:55:41.1605870Z ✅ /home/runner/work/tandemlog/tandemlog/test/text_actor_registry_test.dart: a failed delta preserves every previously bound owner
2026-10-10T04:55:41.1638603Z ✅ /home/runner/work/tandemlog/tandemlog/test/text_actor_registry_test.dart: cached owner still rejects changed identity and unknown authors
2026-10-10T04:55:41.1933243Z ✅ /home/runner/work/tandemlog/tandemlog/test/historical_delivery_test.dart: review: historical source and marker arrive after cross-writer Undo
2026-10-10T04:55:42.0669181Z ✅ /home/runner/work/tandemlog/tandemlog/test/historical_delivery_test.dart: review: native historical source and marker arrive after cross-writer Undo
2026-10-10T04:55:42.5907486Z ✅ /home/runner/work/tandemlog/tandemlog/test/inbox_test.dart: Inbox means raw capture until first surviving saved edit
2026-10-10T04:55:42.5947331Z ✅ /home/runner/work/tandemlog/tandemlog/test/inbox_test.dart: derived successors are organized even if their snapshot is empty
2026-10-10T04:55:42.6111203Z ✅ /home/runner/work/tandemlog/tandemlog/test/inbox_test.dart: Inbox is first in manual order and separate from Someday/history
2026-10-10T04:55:42.7988065Z ✅ /home/runner/work/tandemlog/tandemlog/test/checklist_presentation_test.dart: holding child reorder handle never opens help popup
2026-10-10T04:55:43.0016421Z ✅ /home/runner/work/tandemlog/tandemlog/test/checklist_presentation_test.dart: child reorder drag still works after holding 0:00:00.000000
2026-10-10T04:55:43.1045688Z ✅ /home/runner/work/tandemlog/tandemlog/test/checklist_presentation_test.dart: child reorder drag still works after holding 0:00:01.000000
2026-10-10T04:55:43.1727662Z ✅ /home/runner/work/tandemlog/tandemlog/test/checklist_presentation_test.dart: child handle uses parent reorder icon and retains semantics
2026-10-10T04:55:43.1804059Z ✅ /home/runner/work/tandemlog/tandemlog/test/checklist_presentation_test.dart: title normalization respects composition and selection-only history
2026-10-10T04:55:43.2935996Z ✅ /home/runner/work/tandemlog/tandemlog/test/checklist_presentation_test.dart: panel exposes check/edit/add, relative moves and edge restrictions
2026-10-10T04:55:43.3507889Z ✅ /home/runner/work/tandemlog/tandemlog/test/checklist_presentation_test.dart: panel disabled controls and 200 percent narrow semantics
2026-10-10T04:55:43.3604790Z ✅ /home/runner/work/tandemlog/tandemlog/test/food_profile_upgrade_test.dart: released schema2 upgrades additively and retains all protected bytes
2026-10-10T04:55:43.3969460Z ✅ /home/runner/work/tandemlog/tandemlog/test/food_profile_upgrade_test.dart: weakened released authority prevents any schema3 creation
2026-10-10T04:55:43.4281514Z ✅ /home/runner/work/tandemlog/tandemlog/test/food_profile_upgrade_test.dart: halfway additive upgrade failure rolls back all new authority
2026-10-10T04:55:43.5387921Z ✅ /home/runner/work/tandemlog/tandemlog/test/checklist_presentation_test.dart: busy checkbox keeps child focus and guards repeat Space
2026-10-10T04:55:43.6727700Z ✅ /home/runner/work/tandemlog/tandemlog/test/checklist_presentation_test.dart: late control callbacks cannot dispatch after panel becomes busy
2026-10-10T04:55:43.8271628Z ✅ /home/runner/work/tandemlog/tandemlog/test/checklist_presentation_test.dart: child handle supports scoped typed drag and relative movement
2026-10-10T04:55:44.0335952Z ✅ /home/runner/work/tandemlog/tandemlog/test/checklist_presentation_test.dart: drop rejects wrong scope stale snapshot and disabled late acceptance
2026-10-10T04:55:44.1947022Z ✅ /home/runner/work/tandemlog/tandemlog/test/checklist_presentation_test.dart: move semantics keyboard edges and Add focus hook stay child scoped
2026-10-10T04:55:44.4950428Z ✅ /home/runner/work/tandemlog/tandemlog/test/text_save_command_test.dart: production native Save coordinator canonical acknowledgement precedes commit and enables selective Undo
2026-10-10T04:55:44.6628435Z ✅ /home/runner/work/tandemlog/tandemlog/test/checklist_presentation_test.dart: new item saves normalized title and multiline notes independently
2026-10-10T04:55:44.7451001Z ✅ /home/runner/work/tandemlog/tandemlog/test/text_save_command_test.dart: production native Save coordinator unknown append retains exact packet and nontext intent afterWriting=false
2026-10-10T04:55:44.9674515Z ✅ /home/runner/work/tandemlog/tandemlog/test/text_save_command_test.dart: production native Save coordinator unknown append retains exact packet and nontext intent afterWriting=true
2026-10-10T04:55:45.0580923Z ✅ /home/runner/work/tandemlog/tandemlog/test/checklist_presentation_test.dart: dirty close can be cancelled, dismissed and asked repeatedly without popping
2026-10-10T04:55:45.2657257Z ✅ /home/runner/work/tandemlog/tandemlog/test/checklist_presentation_test.dart: save through close guard renews dirty baseline; reopening starts clean
2026-10-10T04:55:45.2659454Z ✅ /home/runner/work/tandemlog/tandemlog/test/text_save_command_test.dart: production native Save coordinator bound retry completes frozen intent after remote metadata changes
2026-10-10T04:55:45.4274879Z ✅ /home/runner/work/tandemlog/tandemlog/test/text_save_command_test.dart: production native Save coordinator unchanged Save preserves captured lease and nontext-only Save uses ordinary edit
2026-10-10T04:55:45.4505213Z ✅ /home/runner/work/tandemlog/tandemlog/test/checklist_presentation_test.dart: failed save retains draft; pending receipt freezes fields and close but permits exact retry
2026-10-10T04:55:45.6200452Z ✅ /home/runner/work/tandemlog/tandemlog/test/text_save_command_test.dart: production native Save coordinator nontext guard rejects before append without consuming private edits
2026-10-10T04:55:45.7572724Z ✅ /home/runner/work/tandemlog/tandemlog/test/checklist_presentation_test.dart: IME composition cannot save; length errors retain fields
2026-10-10T04:55:45.8598134Z ✅ /home/runner/work/tandemlog/tandemlog/test/checklist_presentation_test.dart: narrow enlarged editor and keyboard keep multiline input and actions reachable
2026-10-10T04:55:45.9809407Z ✅ /home/runner/work/tandemlog/tandemlog/test/text_save_command_test.dart: production native Save coordinator remote text merges into the returned row without rebasing private intent
2026-10-10T04:55:45.9885341Z ✅ /home/runner/work/tandemlog/tandemlog/test/checklist_presentation_test.dart: busy Save admits one command and freezes draft until success
2026-10-10T04:55:46.2345073Z ✅ /home/runner/work/tandemlog/tandemlog/test/text_save_command_test.dart: production native Save coordinator nontext-only native session permits remote text under the same guard
2026-10-10T04:55:46.3009667Z ✅ /home/runner/work/tandemlog/tandemlog/test/checklist_presentation_test.dart: Cancel and route back resolve dirty item before closing host
2026-10-10T04:55:46.4067861Z ✅ /home/runner/work/tandemlog/tandemlog/test/text_save_command_test.dart: production native Save coordinator Undo registration failure reports the already saved result
2026-10-10T04:55:46.5025744Z ✅ /home/runner/work/tandemlog/tandemlog/test/checklist_presentation_test.dart: render dark desktop and narrow enlarged components
2026-10-10T04:55:46.5565456Z ✅ /home/runner/work/tandemlog/tandemlog/test/text_save_command_test.dart: production native Save coordinator postcommit draft allocation failure reports saved and can finish renewal
2026-10-10T04:55:46.6620375Z ✅ /home/runner/work/tandemlog/tandemlog/test/text_save_command_test.dart: production native Save coordinator native Save rejects whole-string fields
2026-10-10T04:55:47.1604637Z ✅ /home/runner/work/tandemlog/tandemlog/test/local_profile_database_test.dart: one DB after clean close, with exclusive durable WAL configured
2026-10-10T04:55:47.1829810Z ✅ /home/runner/work/tandemlog/tandemlog/test/local_profile_database_test.dart: same process and symlink aliases fail before opening another handle
2026-10-10T04:55:47.1937178Z ✅ /home/runner/work/tandemlog/tandemlog/test/local_profile_database_test.dart: failed open retains unsupported database and releases process guard
2026-10-10T04:55:47.3925649Z ✅ /home/runner/work/tandemlog/tandemlog/test/android_log_folder_test.dart: range bridge returns suffix and exposes nonseekable fallback explicitly
2026-10-10T04:55:47.3974753Z ✅ /home/runner/work/tandemlog/tandemlog/test/android_log_folder_test.dart: range truncation/provider errors remain failures rather than fallback
2026-10-10T04:55:47.4120226Z ✅ /home/runner/work/tandemlog/tandemlog/test/android_log_folder_test.dart: unsupported watch retains 15-second foreground fallback and retries
2026-10-10T04:55:47.4188001Z ✅ /home/runner/work/tandemlog/tandemlog/test/android_log_folder_test.dart: metadata remains optional observations and never creates trusted stamps
2026-10-10T04:55:47.4265284Z ✅ /home/runner/work/tandemlog/tandemlog/test/android_log_folder_test.dart: list rejects duplicate tandemlog-space.json before returning observations (same identity: false)
2026-10-10T04:55:47.4296587Z ✅ /home/runner/work/tandemlog/tandemlog/test/android_log_folder_test.dart: list rejects duplicate tandemlog-space.json before returning observations (same identity: true)
2026-10-10T04:55:47.4331282Z ✅ /home/runner/work/tandemlog/tandemlog/test/android_log_folder_test.dart: list rejects duplicate writer.jsonl before returning observations (same identity: false)
2026-10-10T04:55:47.4394801Z ✅ /home/runner/work/tandemlog/tandemlog/test/android_log_folder_test.dart: list rejects duplicate writer.jsonl before returning observations (same identity: true)
2026-10-10T04:55:47.4424246Z ✅ /home/runner/work/tandemlog/tandemlog/test/android_log_folder_test.dart: unrelated duplicate names do not reject the folder
2026-10-10T04:55:47.4474237Z ✅ /home/runner/work/tandemlog/tandemlog/test/android_log_folder_test.dart: list preserves native duplicate-name diagnostics and fails closed
2026-10-10T04:55:47.4511143Z ✅ /home/runner/work/tandemlog/tandemlog/test/android_log_folder_test.dart: read preserves native duplicate-name diagnostics and fails closed
2026-10-10T04:55:47.4567687Z ✅ /home/runner/work/tandemlog/tandemlog/test/android_log_folder_test.dart: readFrom preserves native duplicate-name diagnostics and fails closed
2026-10-10T04:55:47.4621065Z ✅ /home/runner/work/tandemlog/tandemlog/test/android_log_folder_test.dart: append preserves native duplicate-name diagnostics and fails closed
2026-10-10T04:55:47.4657014Z ✅ /home/runner/work/tandemlog/tandemlog/test/android_log_folder_test.dart: create preserves native duplicate-name diagnostics and fails closed
2026-10-10T04:55:47.4743172Z ✅ /home/runner/work/tandemlog/tandemlog/test/android_log_folder_test.dart: watch cancellation and old callbacks cannot trigger the new folder
2026-10-10T04:55:47.4779292Z ✅ /home/runner/work/tandemlog/tandemlog/test/android_log_folder_test.dart: unsupported watch activation becomes a stream error for polling fallback
2026-10-10T04:55:47.4839703Z ✅ /home/runner/work/tandemlog/tandemlog/test/android_log_folder_test.dart: observer error is delivered and a resumed watch uses fresh token
2026-10-10T04:55:47.4897191Z ✅ /home/runner/work/tandemlog/tandemlog/test/android_log_folder_test.dart: successful folder calls preserve bytes, names and forced revalidation
2026-10-10T04:55:47.4931156Z ✅ /home/runner/work/tandemlog/tandemlog/test/android_log_folder_test.dart: missing manifest gives restoration guidance without blaming permission
2026-10-10T04:55:47.4974482Z ✅ /home/runner/work/tandemlog/tandemlog/test/android_log_folder_test.dart: list generic IO failure stays honest and omits provider internals
2026-10-10T04:55:47.5005296Z ✅ /home/runner/work/tandemlog/tandemlog/test/android_log_folder_test.dart: read generic IO failure stays honest and omits provider internals
2026-10-10T04:55:47.5031502Z ✅ /home/runner/work/tandemlog/tandemlog/test/android_log_folder_test.dart: append generic IO failure stays honest and omits provider internals
2026-10-10T04:55:47.5055911Z ✅ /home/runner/work/tandemlog/tandemlog/test/android_log_folder_test.dart: create generic IO failure stays honest and omits provider internals
2026-10-10T04:55:47.5094293Z ✅ /home/runner/work/tandemlog/tandemlog/test/android_log_folder_test.dart: actual denied access and picker failures have specific recovery
2026-10-10T04:55:47.5137467Z ✅ /home/runner/work/tandemlog/tandemlog/test/android_log_folder_test.dart: presentation retains partial progress and canonical validation messages
2026-10-10T04:55:47.5169507Z ✅ /home/runner/work/tandemlog/tandemlog/test/android_log_folder_test.dart: food duplicates remain visible for module-scoped admission
2026-10-10T04:55:47.5199624Z ✅ /home/runner/work/tandemlog/tandemlog/test/android_log_folder_test.dart: bounded food reads send the limit to the provider
2026-10-10T04:55:48.1052920Z ✅ /home/runner/work/tandemlog/tandemlog/test/text_event_test.dart: new text packets retain exact bytes and closed metadata
2026-10-10T04:55:48.1447865Z ✅ /home/runner/work/tandemlog/tandemlog/test/text_event_test.dart: text packet fields, ownership and canonical base64 fail closed
2026-10-10T04:55:48.1619635Z ✅ /home/runner/work/tandemlog/tandemlog/test/text_event_test.dart: one text command can carry atomic existing nontext edits
2026-10-10T04:55:48.1712788Z ✅ /home/runner/work/tandemlog/tandemlog/test/text_event_test.dart: pure projection applies nontext without leaking native packet metadata
2026-10-10T04:55:48.1795822Z ✅ /home/runner/work/tandemlog/tandemlog/test/text_event_test.dart: baseline root declares closed exact prefix and genesis frontiers
2026-10-10T04:55:48.1933232Z ✅ /home/runner/work/tandemlog/tandemlog/test/text_event_test.dart: baseline unknown versions and invalid scope or frontiers fail closed
2026-10-10T04:55:48.9819714Z ✅ /home/runner/work/tandemlog/tandemlog/test/local_profile_database_test.dart: OS exclusion survives commit and process death
2026-10-10T04:55:49.1079486Z ✅ /home/runner/work/tandemlog/tandemlog/test/command_acknowledgement_test.dart: single edit must fail when transport drops newly appended event
2026-10-10T04:55:49.2459625Z ✅ /home/runner/work/tandemlog/tandemlog/test/command_acknowledgement_test.dart: single command must not acknowledge different bytes with the same event ID
2026-10-10T04:55:49.4414789Z ✅ /home/runner/work/tandemlog/tandemlog/test/command_acknowledgement_test.dart: create batch reports 0 confirmed records after suffix replacement
2026-10-10T04:55:49.6636230Z ✅ /home/runner/work/tandemlog/tandemlog/test/command_acknowledgement_test.dart: edit batch reports 0 confirmed records after suffix replacement
2026-10-10T04:55:49.8854406Z ✅ /home/runner/work/tandemlog/tandemlog/test/command_acknowledgement_test.dart: delete batch reports 0 confirmed records after suffix replacement
2026-10-10T04:55:50.1856312Z ✅ /home/runner/work/tandemlog/tandemlog/test/command_acknowledgement_test.dart: reopen must fail and retain unconfirmed completion targets (0 prefix)
2026-10-10T04:55:50.4551863Z ✅ /home/runner/work/tandemlog/tandemlog/test/command_acknowledgement_test.dart: Undo reports only confirmed retractions and preserves retry (0 prefix)
2026-10-10T04:55:50.6058959Z ✅ /home/runner/work/tandemlog/tandemlog/test/command_acknowledgement_test.dart: create batch reports 1 confirmed records after suffix replacement
2026-10-10T04:55:50.7640522Z ✅ /home/runner/work/tandemlog/tandemlog/test/local_profile_database_test.dart: OS exclusion survives rollback and process death
2026-10-10T04:55:50.8045994Z ✅ /home/runner/work/tandemlog/tandemlog/test/command_acknowledgement_test.dart: edit batch reports 1 confirmed records after suffix replacement
2026-10-10T04:55:50.9937587Z ✅ /home/runner/work/tandemlog/tandemlog/test/command_acknowledgement_test.dart: delete batch reports 1 confirmed records after suffix replacement
2026-10-10T04:55:51.2550165Z ✅ /home/runner/work/tandemlog/tandemlog/test/command_acknowledgement_test.dart: reopen must fail and retain unconfirmed completion targets (1 prefix)
2026-10-10T04:55:51.5045062Z ✅ /home/runner/work/tandemlog/tandemlog/test/command_acknowledgement_test.dart: Undo reports only confirmed retractions and preserves retry (1 prefix)
2026-10-10T04:55:51.5802330Z ✅ /home/runner/work/tandemlog/tandemlog/test/command_acknowledgement_test.dart: incomplete BulkTaskResult cannot report success without an error
2026-10-10T04:55:52.2884508Z ✅ /home/runner/work/tandemlog/tandemlog/test/wall_time_test.dart: Chicago spring gap moves forward by gap, fall fold uses earlier instant
2026-10-10T04:55:52.2921788Z ✅ /home/runner/work/tandemlog/tandemlog/test/wall_time_test.dart: pinned wall time follows DST while UTC has no transition
2026-10-10T04:55:52.2954386Z ✅ /home/runner/work/tandemlog/tandemlog/test/wall_time_test.dart: half-hour transitions are not hardcoded to an hour
2026-10-10T04:55:52.6948023Z ✅ /home/runner/work/tandemlog/tandemlog/test/local_profile_database_test.dart: OS exclusion survives uncommitted and process death
2026-10-10T04:55:52.7141163Z ✅ /home/runner/work/tandemlog/tandemlog/test/local_profile_database_test.dart: independent profiles can own DBs concurrently; this is not a workspace lease
2026-10-10T04:55:52.7290241Z ✅ /home/runner/work/tandemlog/tandemlog/test/local_profile_database_test.dart: missing protected_writer_guards fails closed instead of recreating safety authority
2026-10-10T04:55:52.7424348Z ✅ /home/runner/work/tandemlog/tandemlog/test/local_profile_database_test.dart: missing protected_text_intents fails closed instead of recreating safety authority
2026-10-10T04:55:52.7553614Z ✅ /home/runner/work/tandemlog/tandemlog/test/local_profile_database_test.dart: weakened protected schema fails closed despite matching columns
2026-10-10T04:55:52.7778723Z ✅ /home/runner/work/tandemlog/tandemlog/test/local_profile_database_test.dart: exact frozen unpublished v1 upgrades without resetting identity
2026-10-10T04:55:52.9451928Z ✅ /home/runner/work/tandemlog/tandemlog/test/food_intents_test.dart: reservation and exact bytes commit or roll back together
2026-10-10T04:55:52.9757529Z ✅ /home/runner/work/tandemlog/tandemlog/test/food_intents_test.dart: receipt cannot be retired by different bytes or without transaction
2026-10-10T04:55:53.3874225Z ✅ /home/runner/work/tandemlog/tandemlog/test/food_inventory_test.dart: legacy date certainty stays unknown unless evidence establishes it
2026-10-10T04:55:53.4176574Z ✅ /home/runner/work/tandemlog/tandemlog/test/food_inventory_test.dart: Deleted sorts tied writers and uses latest still-active deletion
2026-10-10T04:55:53.4207832Z ✅ /home/runner/work/tandemlog/tandemlog/test/food_inventory_test.dart: Deleted sequence tie uses numeric sequence rather than lexical ID
2026-10-10T04:55:53.4311689Z ✅ /home/runner/work/tandemlog/tandemlog/test/food_inventory_test.dart: equivalent fractions do not conflict; real alternatives require review
2026-10-10T04:55:53.4364218Z ✅ /home/runner/work/tandemlog/tandemlog/test/food_inventory_test.dart: multiwriter tied clocks and delayed Restore replay deterministically
2026-10-10T04:55:53.4404278Z ✅ /home/runner/work/tandemlog/tandemlog/test/food_inventory_test.dart: independent field edits merge without overwriting the other field
2026-10-10T04:55:53.4436092Z ✅ /home/runner/work/tandemlog/tandemlog/test/food_inventory_test.dart: concurrent contents alternatives remain visible until observed resolution
2026-10-10T04:55:53.4473624Z ✅ /home/runner/work/tandemlog/tandemlog/test/food_inventory_test.dart: Add N creates physical containers; count is derived
2026-10-10T04:55:53.4584466Z ✅ /home/runner/work/tandemlog/tandemlog/test/food_inventory_test.dart: eight containers stay eight with seven full and one third remaining
2026-10-10T04:55:53.4634235Z ✅ /home/runner/work/tandemlog/tandemlog/test/food_inventory_test.dart: identical full containers have a deterministic quick target
2026-10-10T04:55:53.4668758Z ✅ /home/runner/work/tandemlog/tandemlog/test/food_inventory_test.dart: observed group deletion excludes concurrent new containers
2026-10-10T04:55:53.4710320Z ✅ /home/runner/work/tandemlog/tandemlog/test/food_inventory_test.dart: concurrent same-target remove counts once; unseen delete survives Restore
2026-10-10T04:55:53.4847985Z ✅ /home/runner/work/tandemlog/tandemlog/test/food_inventory_test.dart: duplicate and arbitrarily reordered delivery replay identically
2026-10-10T04:55:53.4893809Z ✅ /home/runner/work/tandemlog/tandemlog/test/food_inventory_test.dart: retention hides even preexpiry; undated stays Inbox; search ignores filters
2026-10-10T04:55:53.4961459Z ✅ /home/runner/work/tandemlog/tandemlog/test/food_inventory_test.dart: expiry order is global; different expiry or descriptive data stay separate
2026-10-10T04:55:53.5032012Z ✅ /home/runner/work/tandemlog/tandemlog/test/food_inventory_test.dart: Deleted is explicit, searchable, and durable with no age cutoff
2026-10-10T04:55:53.5084441Z ✅ /home/runner/work/tandemlog/tandemlog/test/food_inventory_test.dart: invalid counts, fractions, dates, paths and unknown fields fail closed
2026-10-10T04:55:53.6732104Z ✅ /home/runner/work/tandemlog/tandemlog/test/food_import_contract_vector_test.dart: v1 import identity and plan hash match independent frozen vector
2026-10-10T04:55:54.0678585Z ✅ /home/runner/work/tandemlog/tandemlog/test/writer_identity_test.dart: migration prefers selected cache and preserves every legacy identity
2026-10-10T04:55:54.0859773Z ✅ /home/runner/work/tandemlog/tandemlog/test/writer_identity_test.dart: no selected cache chooses lexical first independent of listing order
2026-10-10T04:55:54.1126969Z ✅ /home/runner/work/tandemlog/tandemlog/test/writer_identity_test.dart: settings reset creates fresh writer without resurrecting legacy
2026-10-10T04:55:54.1237714Z ✅ /home/runner/work/tandemlog/tandemlog/test/writer_identity_test.dart: saved migration identity finishes marker after interruption
2026-10-10T04:55:54.1506482Z ✅ /home/runner/work/tandemlog/tandemlog/test/writer_identity_test.dart: marker write failure retains durable settings identity on retry
2026-10-10T04:55:54.2105944Z ✅ /home/runner/work/tandemlog/tandemlog/test/checklist_expansion_store_test.dart: sparse local expansion preserves other metadata and normal reopen
2026-10-10T04:55:54.2144694Z ✅ /home/runner/work/tandemlog/tandemlog/test/checklist_expansion_store_test.dart: cache reset defaults collapsed and invalid local values are ignored
2026-10-10T04:55:54.2189362Z ✅ /home/runner/work/tandemlog/tandemlog/test/checklist_expansion_store_test.dart: bad IDs and an active canonical transaction cannot cause partial UI writes
2026-10-10T04:55:54.2399142Z ✅ /home/runner/work/tandemlog/tandemlog/test/writer_identity_test.dart: store startup failures release the defensive workspace lease
2026-10-10T04:55:54.5332144Z ✅ /home/runner/work/tandemlog/tandemlog/test/writer_identity_test.dart: cache 9 replays Inbox classification without changing canonical bytes
2026-10-10T04:55:54.5517923Z ✅ /home/runner/work/tandemlog/tandemlog/test/writer_identity_test.dart: invalid legacy identity fails without overwriting settings or identity
2026-10-10T04:55:54.5691396Z ✅ /home/runner/work/tandemlog/tandemlog/test/writer_identity_test.dart: invalid settings writer and migration marker fail explicitly
2026-10-10T04:55:54.5948919Z ✅ /home/runner/work/tandemlog/tandemlog/test/writer_identity_test.dart: failed atomic settings replacement does not finalize migration
2026-10-10T04:55:54.7919272Z ✅ /home/runner/work/tandemlog/tandemlog/test/writer_identity_test.dart: two spaces share installation writer and resume each stream safely
2026-10-10T04:55:54.9013724Z ✅ /home/runner/work/tandemlog/tandemlog/test/writer_identity_test.dart: explicit identity preserves old stream and uses a fresh stream
2026-10-10T04:55:55.6929492Z ✅ /home/runner/work/tandemlog/tandemlog/test/checklist_security_review_test.dart: admissible large checklist copy has bounded decode work and preserves canonical bytes
2026-10-10T04:55:55.7973358Z ✅ /home/runner/work/tandemlog/tandemlog/test/food_import_test.dart: strict v1 contract canonical fractions stable identities and invalid inputs
2026-10-10T04:55:55.9910991Z ✅ /home/runner/work/tandemlog/tandemlog/test/food_import_test.dart: dry run stages nothing and explicit commit preserves physical and unknown data
2026-10-10T04:55:56.2732058Z ✅ /home/runner/work/tandemlog/tandemlog/test/food_import_test.dart: cold retry after later edit and deletion uses original admission not projection
2026-10-10T04:55:56.4823279Z ✅ /home/runner/work/tandemlog/tandemlog/test/checklist_security_review_test.dart: scalar checklist historical recompletion preserves protected child without shared-text initialization
2026-10-10T04:55:56.5529236Z ✅ /home/runner/work/tandemlog/tandemlog/test/food_import_test.dart: partial append cold retry recovers exact reserved bytes without fresh IDs
2026-10-10T04:55:56.7125425Z ✅ /home/runner/work/tandemlog/tandemlog/test/food_import_test.dart: uncertain full append cold retry admits originals without second append
2026-10-10T04:55:56.8739105Z ✅ /home/runner/work/tandemlog/tandemlog/test/food_import_test.dart: changed count source payload and namespace refuse after attempt
2026-10-10T04:55:57.0186945Z ✅ /home/runner/work/tandemlog/tandemlog/test/food_import_test.dart: atomic ledger staging failure preserves canonical guard and intents
2026-10-10T04:55:57.1277704Z ✅ /home/runner/work/tandemlog/tandemlog/test/food_import_test.dart: missing attempt or source witness fails closed
2026-10-10T04:55:57.2647354Z ✅ /home/runner/work/tandemlog/tandemlog/test/closed_runtime_actor_test.dart: pending then valid resolution cannot publish inherited actor proof into a different runtime
2026-10-10T04:55:57.2859339Z ✅ /home/runner/work/tandemlog/tandemlog/test/food_import_test.dart: unrelated pending receipt is not recovered as import
2026-10-10T04:55:57.3728896Z ✅ /home/runner/work/tandemlog/tandemlog/test/food_import_test.dart: wrong workspace refuses without reserving or appending
2026-10-10T04:55:57.5140415Z ✅ /home/runner/work/tandemlog/tandemlog/test/food_import_test.dart: missing index with retained attempt refuses a new source namespace
2026-10-10T04:55:57.6557680Z ✅ /home/runner/work/tandemlog/tandemlog/test/food_import_test.dart: pre-byte crash changed plan and missing ledger cannot restamp prepared receipts
2026-10-10T04:55:57.7264202Z ✅ /home/runner/work/tandemlog/tandemlog/test/food_import_test.dart: physical collision with remote birth without local ledger refuses
2026-10-10T04:55:57.8277164Z ✅ /home/runner/work/tandemlog/tandemlog/test/food_import_test.dart: concurrent identical commit callbacks serialize into one original batch
2026-10-10T04:55:58.8219128Z ✅ /home/runner/work/tandemlog/tandemlog/test/historical_recompletion_test.dart: offline historical recompletions converge without reseeding or suppressing the existing child
2026-10-10T04:55:59.1368307Z ✅ /home/runner/work/tandemlog/tandemlog/test/historical_recompletion_test.dart: known wrong historical initialization rejects before receipt preparation
2026-10-10T04:55:59.7412036Z ✅ /home/runner/work/tandemlog/tandemlog/test/historical_recompletion_test.dart: historical recompletion preserves independent child draft, context and scoped Undo
2026-10-10T04:56:00.1142805Z ✅ /home/runner/work/tandemlog/tandemlog/test/historical_recompletion_test.dart: historical recompletion leaves open child unchanged through warm and cold replay
2026-10-10T04:56:00.5667801Z ✅ /home/runner/work/tandemlog/tandemlog/test/historical_recompletion_test.dart: historical recompletion leaves completed child unchanged through warm and cold replay
2026-10-10T04:56:00.9364395Z ✅ /home/runner/work/tandemlog/tandemlog/test/historical_recompletion_test.dart: historical recompletion leaves deleted child unchanged through warm and cold replay
2026-10-10T04:56:02.0694790Z ✅ /home/runner/work/tandemlog/tandemlog/test/batch_storage_test.dart: 1-task create/edit/tag/move/delete/Undo use one durable append/cache transaction
2026-10-10T04:56:03.0659362Z ✅ /home/runner/work/tandemlog/tandemlog/test/food_import_test.dart: fully staged maximum batch preserves all 1000 physical identities
2026-10-10T04:56:03.1312687Z ✅ /home/runner/work/tandemlog/tandemlog/test/food_import_test.dart: shared manifest change remains hard and leaves import unstaged
2026-10-10T04:56:03.1908976Z ✅ /home/runner/work/tandemlog/tandemlog/test/food_import_test.dart: import cannot select a writer different from protected settings
2026-10-10T04:56:03.2552944Z ✅ /home/runner/work/tandemlog/tandemlog/test/food_import_test.dart: oversized local import metadata is refused before ledger materialization
2026-10-10T04:56:03.3600084Z ✅ /home/runner/work/tandemlog/tandemlog/test/food_import_test.dart: all metadata ledger loss with surviving initialization refuses new namespace
2026-10-10T04:56:03.4512752Z ✅ /home/runner/work/tandemlog/tandemlog/test/food_import_test.dart: malformed Food cannot mask lost protected import evidence on refresh
2026-10-10T04:56:03.5107133Z ✅ /home/runner/work/tandemlog/tandemlog/test/food_import_test.dart: malformed Food cannot mask protected settings binding on import
2026-10-10T04:56:03.5634396Z ✅ /home/runner/work/tandemlog/tandemlog/test/batch_storage_test.dart: 30-task create/edit/tag/move/delete/Undo use one durable append/cache transaction
2026-10-10T04:56:03.5955006Z ✅ /home/runner/work/tandemlog/tandemlog/test/food_import_test.dart: zero-byte attempt all metadata loss refuses original and new namespace
2026-10-10T04:56:03.6844994Z ✅ /home/runner/work/tandemlog/tandemlog/test/food_import_test.dart: missing initialization witness with retained ledgers fails closed
2026-10-10T04:56:04.2273972Z ✅ /home/runner/work/tandemlog/tandemlog/test/task_clock_test.dart: Chicago completion day follows local midnight across DST
2026-10-10T04:56:04.2316194Z ✅ /home/runner/work/tandemlog/tandemlog/test/task_clock_test.dart: unknown timezone never silently falls back
2026-10-10T04:56:06.4990824Z ✅ /home/runner/work/tandemlog/tandemlog/test/food_durable_editor_test.dart: a failed durable Add retains editor and exact visible draft
2026-10-10T04:56:06.5768040Z ✅ /home/runner/work/tandemlog/tandemlog/test/food_durable_editor_test.dart: pending receipt prevents opening a different Add editor
2026-10-10T04:56:06.8051884Z ✅ /home/runner/work/tandemlog/tandemlog/test/batch_storage_test.dart: 100-task create/edit/tag/move/delete/Undo use one durable append/cache transaction
2026-10-10T04:56:06.9344845Z ✅ /home/runner/work/tandemlog/tandemlog/test/batch_storage_test.dart: capture before write reconciles exact records and never discards incomplete tail
2026-10-10T04:56:07.0845827Z ✅ /home/runner/work/tandemlog/tandemlog/test/batch_storage_test.dart: capture prefix write reconciles exact records and never discards incomplete tail
2026-10-10T04:56:07.1189321Z ✅ /home/runner/work/tandemlog/tandemlog/test/food_durable_editor_test.dart: failed prepared Save retries the frozen original draft
2026-10-10T04:56:07.2169841Z ✅ /home/runner/work/tandemlog/tandemlog/test/batch_storage_test.dart: capture tail write reconciles exact records and never discards incomplete tail
2026-10-10T04:56:07.3144369Z ✅ /home/runner/work/tandemlog/tandemlog/test/batch_storage_test.dart: capture after write reconciles exact records and never discards incomplete tail
2026-10-10T04:56:07.4180216Z ✅ /home/runner/work/tandemlog/tandemlog/test/batch_storage_test.dart: capture cache write reconciles exact records and never discards incomplete tail
2026-10-10T04:56:07.4599042Z ✅ /home/runner/work/tandemlog/tandemlog/test/food_durable_editor_test.dart: repeated captured discard decision cannot pop another route
2026-10-10T04:56:07.5116987Z ✅ /home/runner/work/tandemlog/tandemlog/test/batch_storage_test.dart: invalid deferred reference to second batch event rejects all before append
2026-10-10T04:56:07.6374073Z ✅ /home/runner/work/tandemlog/tandemlog/test/batch_storage_test.dart: deferred tag reference to second prepared event rejects the complete batch
2026-10-10T04:56:07.7100735Z ✅ /home/runner/work/tandemlog/tandemlog/test/food_durable_editor_test.dart: a retained rendered removal callback keeps its workspace origin
2026-10-10T04:56:08.3681172Z ✅ /home/runner/work/tandemlog/tandemlog/test/task_text_session_test.dart: private UTF16 edits survive remote arrival; composition blocks preparation; cancel retains live owner
2026-10-10T04:56:09.5474934Z ✅ /home/runner/work/tandemlog/tandemlog/test/food_preview_test.dart: collapsed summary preserves single known full
2026-10-10T04:56:09.6616106Z ✅ /home/runner/work/tandemlog/tandemlog/test/food_preview_test.dart: collapsed summary preserves single unknown
2026-10-10T04:56:09.7555123Z ✅ /home/runner/work/tandemlog/tandemlog/test/food_preview_test.dart: collapsed summary preserves single partial
2026-10-10T04:56:09.8329143Z ✅ /home/runner/work/tandemlog/tandemlog/test/food_preview_test.dart: collapsed summary preserves multiple full
2026-10-10T04:56:09.9310585Z ✅ /home/runner/work/tandemlog/tandemlog/test/food_preview_test.dart: collapsed summary preserves mixed full and partial
2026-10-10T04:56:10.4099797Z ✅ /home/runner/work/tandemlog/tandemlog/test/food_preview_test.dart: retained reasons start collapsed; active search bypasses them
2026-10-10T04:56:10.6457841Z ✅ /home/runner/work/tandemlog/tandemlog/test/task_text_session_test.dart: confirmed Save keeps an open editor editable with a fresh lease
2026-10-10T04:56:10.6603777Z ✅ /home/runner/work/tandemlog/tandemlog/test/task_text_session_test.dart: later-field preparation failure retains earlier packet for retry
2026-10-10T04:56:10.9930623Z ✅ /home/runner/work/tandemlog/tandemlog/test/food_preview_test.dart: narrow and wide inventory render partial stock without overflow
2026-10-10T04:56:11.3099891Z ✅ /home/runner/work/tandemlog/tandemlog/test/food_preview_test.dart: quick remove, Deleted and Undo preserve physical identity
2026-10-10T04:56:11.4503465Z ✅ /home/runner/work/tandemlog/tandemlog/test/food_preview_test.dart: partial containers require inspection; search includes retained stock
2026-10-10T04:56:12.5849689Z ✅ /home/runner/work/tandemlog/tandemlog/test/task_editor_test.dart: sort bounds explanation clears floating Minimum days label at 1.0
2026-10-10T04:56:12.7594996Z ✅ /home/runner/work/tandemlog/tandemlog/test/task_editor_test.dart: sort bounds explanation clears floating Minimum days label at 2.0
2026-10-10T04:56:12.9010016Z ✅ /home/runner/work/tandemlog/tandemlog/test/task_editor_test.dart: blocked text instruction wraps with full semantics at narrow 200 percent
2026-10-10T04:56:13.4688741Z ✅ /home/runner/work/tandemlog/tandemlog/test/task_editor_test.dart: unactivated text stays visible and disabled while scheduling saves
2026-10-10T04:56:14.5006729Z ✅ /home/runner/work/tandemlog/tandemlog/test/task_editor_test.dart: blank Time focus preserves date precision and midnight is explicit
2026-10-10T04:56:14.7946806Z ✅ /home/runner/work/tandemlog/tandemlog/test/task_editor_test.dart: single and bulk editors put tags and assignee after scheduling
2026-10-10T04:56:15.2673615Z ✅ /home/runner/work/tandemlog/tandemlog/test/task_editor_test.dart: date and optional time share rows and clear time independently
2026-10-10T04:56:15.5231535Z ✅ /home/runner/work/tandemlog/tandemlog/test/task_editor_test.dart: date rows stack at narrow widths and enlarged text
2026-10-10T04:56:16.1858266Z ✅ /home/runner/work/tandemlog/tandemlog/test/task_editor_test.dart: title caret survives viewport and text scale changes without unrelated jumps
2026-10-10T04:56:16.7841845Z ✅ /home/runner/work/tandemlog/tandemlog/test/task_editor_test.dart: description caret survives viewport and text scale changes without unrelated jumps
2026-10-10T04:56:17.3361069Z ✅ /home/runner/work/tandemlog/tandemlog/test/task_editor_test.dart: changed composing title cannot save until normalized commit
2026-10-10T04:56:17.5634401Z ✅ /home/runner/work/tandemlog/tandemlog/test/task_editor_test.dart: title input normalizes paste selection after IME commits
2026-10-10T04:56:17.8688845Z ✅ /home/runner/work/tandemlog/tandemlog/test/task_editor_test.dart: historical multiline title opens clean and notes save preserves title
2026-10-10T04:56:18.1500179Z ✅ /home/runner/work/tandemlog/tandemlog/test/task_editor_test.dart: title grows from one to two lines and notes grow then scroll with caret
2026-10-10T04:56:18.3925136Z ✅ /home/runner/work/tandemlog/tandemlog/test/task_editor_test.dart: keyboard and large text bound notes and keep modal actions reachable
2026-10-10T04:56:18.5840827Z ✅ /home/runner/work/tandemlog/tandemlog/test/task_editor_test.dart: close guards dirty draft and preserves text after keep editing
2026-10-10T04:56:18.9166782Z ✅ /home/runner/work/tandemlog/tandemlog/test/task_editor_test.dart: live schedule validation and repeat conditional fields
2026-10-10T04:56:19.1459031Z ✅ /home/runner/work/tandemlog/tandemlog/test/task_editor_test.dart: nonrepeat override survives title edit and frozen original ignores incoming data
2026-10-10T04:56:19.5668629Z ✅ /home/runner/work/tandemlog/tandemlog/test/task_editor_test.dart: bulk caret and focus changes do not apply mixed fields
2026-10-10T04:56:20.1104382Z ✅ /home/runner/work/tandemlog/tandemlog/test/task_editor_test.dart: bulk blank untouched preserves mixed precision; explicit blank clears
2026-10-10T04:56:20.2683924Z ✅ /home/runner/work/tandemlog/tandemlog/test/task_editor_test.dart: bulk coupled validation checks every task
2026-10-10T04:56:20.5223937Z ✅ /home/runner/work/tandemlog/tandemlog/test/task_editor_test.dart: async save disables controls, rejects duplicate submit and keeps failed draft
2026-10-10T04:56:20.7620696Z ✅ /home/runner/work/tandemlog/tandemlog/test/task_editor_test.dart: deletion requires confirmation and delete failure preserves draft
2026-10-10T04:56:21.2670380Z ✅ /home/runner/work/tandemlog/tandemlog/test/task_editor_test.dart: invalid tags timezone recurrence and bounds block submission live
2026-10-10T04:56:21.5934877Z ✅ /home/runner/work/tandemlog/tandemlog/test/task_editor_test.dart: panel flag changes retain draft and public close guard
2026-10-10T04:56:21.8548912Z ✅ /home/runner/work/tandemlog/tandemlog/test/task_editor_test.dart: title and notes wire limits validate before save
2026-10-10T04:56:22.2483680Z ✅ /home/runner/work/tandemlog/tandemlog/test/task_editor_test.dart: draft occurrence remains accessible after removing repeat
2026-10-10T04:56:22.3422073Z ✅ /home/runner/work/tandemlog/tandemlog/test/task_editor_test.dart: override actions wrap with narrow viewport and large text
2026-10-10T04:56:22.5745728Z ✅ /home/runner/work/tandemlog/tandemlog/test/task_editor_test.dart: host owns Back and opens exactly one discard prompt
2026-10-10T04:56:22.7643398Z ✅ /home/runner/work/tandemlog/tandemlog/test/task_editor_test.dart: guard Save commits frozen single draft without closing
2026-10-10T04:56:22.9925295Z ✅ /home/runner/work/tandemlog/tandemlog/test/task_editor_test.dart: folder failure is readable and retains the draft for retry
2026-10-10T04:56:23.3558423Z ✅ /home/runner/work/tandemlog/tandemlog/test/task_editor_test.dart: guard Save validation and write failure retain draft and selection
2026-10-10T04:56:23.6533202Z ✅ /home/runner/work/tandemlog/tandemlog/test/task_editor_test.dart: bulk guard Save applies patch against frozen tasks without closing
2026-10-10T04:56:23.7398229Z ✅ /home/runner/work/tandemlog/tandemlog/test/task_editor_test.dart: selection header wraps at narrow large text
2026-10-10T04:56:24.0455467Z ✅ /home/runner/work/tandemlog/tandemlog/test/task_editor_test.dart: bulk header is compact, wraps accessibly, and Clear retains dirty guard
2026-10-10T04:56:24.0827548Z ##[endgroup]
2026-10-10T04:56:24.0828346Z 
2026-10-10T04:56:24.0836265Z 🎉 822 tests passed.
2026-10-10T04:56:24.1567893Z ##[group]Run cargo +1.99.0 test --locked --offline --manifest-path native/text_engine/Cargo.toml --target-dir "$TANDEMLOG_TEXT_TARGET_DIR"
2026-10-10T04:56:24.1568886Z [36;1mcargo +1.99.0 test --locked --offline --manifest-path native/text_engine/Cargo.toml --target-dir "$TANDEMLOG_TEXT_TARGET_DIR"[0m
2026-10-10T04:56:24.1569525Z [36;1mexport SPIKE_LIBRARY="$TANDEMLOG_TEXT_LIBRARY"[0m
2026-10-10T04:56:24.1569952Z [36;1mpython -m unittest discover -s experiments/yrs-spike/tests -v[0m
2026-10-10T04:56:24.1634063Z shell: /usr/bin/bash --noprofile --norc -e -o pipefail {0}
2026-10-10T04:56:24.1634410Z env:
2026-10-10T04:56:24.1634700Z   CARGO_HOME: /home/runner/work/_temp/tandemlog-rust-bootstrap/cargo
2026-10-10T04:56:24.1635173Z   RUSTUP_HOME: /home/runner/work/_temp/tandemlog-rust-bootstrap/rustup
2026-10-10T04:56:24.1635610Z   RUSTUP_UPDATE_ROOT: https://static.rust-lang.org/rustup
2026-10-10T04:56:24.1635980Z   RUSTUP_DIST_SERVER: https://static.rust-lang.org
2026-10-10T04:56:24.1636323Z   RUSTUP_AUTO_INSTALL: 0
2026-10-10T04:56:24.1636694Z   TANDEMLOG_TEXT_TARGET_DIR: /home/runner/work/_temp/tandemlog-rust-bootstrap/target
2026-10-10T04:56:24.1637247Z   TANDEMLOG_TEXT_LIBRARY: /home/runner/work/_temp/native-unit/libtandemlog_text.so
2026-10-10T04:56:24.1637639Z ##[endgroup]
2026-10-10T04:56:24.2079872Z    Compiling proc-macro2 v1.0.107
2026-10-10T04:56:24.2081023Z    Compiling quote v1.0.47
2026-10-10T04:56:24.2081681Z    Compiling unicode-ident v1.0.26
2026-10-10T04:56:24.2082212Z    Compiling libc v0.2.190
2026-10-10T04:56:24.2680553Z    Compiling serde_core v1.0.229
2026-10-10T04:56:24.3561330Z    Compiling crossbeam-utils v0.8.23
2026-10-10T04:56:24.4433843Z    Compiling pin-project-lite v0.2.17
2026-10-10T04:56:24.4768633Z    Compiling parking v2.2.1
2026-10-10T04:56:24.5193500Z    Compiling zmij v1.0.23
2026-10-10T04:56:24.5396080Z    Compiling parking_lot_core v0.9.12
2026-10-10T04:56:24.5632272Z    Compiling smallvec v1.16.2
2026-10-10T04:56:24.6528131Z    Compiling rustversion v1.0.23
2026-10-10T04:56:24.6853711Z    Compiling event-listener v5.4.2
2026-10-10T04:56:25.0294413Z    Compiling syn v3.0.6
2026-10-10T04:56:25.0483815Z    Compiling thiserror v2.0.21
2026-10-10T04:56:25.2363638Z    Compiling serde v1.0.229
2026-10-10T04:56:25.3860257Z    Compiling scopeguard v1.2.0
2026-10-10T04:56:25.4203674Z    Compiling serde_json v1.0.151
2026-10-10T04:56:25.5083600Z    Compiling cfg-if v1.0.5
2026-10-10T04:56:25.5365424Z    Compiling lock_api v0.4.14
2026-10-10T04:56:26.0193794Z    Compiling event-listener-strategy v0.5.4
2026-10-10T04:56:26.4478986Z    Compiling memchr v2.8.3
2026-10-10T04:56:26.5493508Z    Compiling hashbrown v0.14.5
2026-10-10T04:56:27.0993567Z    Compiling itoa v1.0.18
2026-10-10T04:56:27.1304425Z    Compiling once_cell v1.21.4
2026-10-10T04:56:27.2863571Z    Compiling dashmap v6.2.1
2026-10-10T04:56:27.3185131Z    Compiling arc-swap v1.9.2
2026-10-10T04:56:27.5403735Z    Compiling async-lock v3.4.2
2026-10-10T04:56:27.6430012Z    Compiling smallstr v0.3.1
2026-10-10T04:56:27.7354600Z    Compiling fastrand v2.5.0
2026-10-10T04:56:27.9053784Z    Compiling base64 v0.22.1
2026-10-10T04:56:28.4795558Z    Compiling thiserror-impl v2.0.21
2026-10-10T04:56:28.4796171Z    Compiling serde_derive v1.0.229
2026-10-10T04:56:28.4796662Z    Compiling async-trait v0.1.92
2026-10-10T04:56:30.3980237Z    Compiling yrs v0.28.0 (/home/runner/work/tandemlog/tandemlog/native/text_engine/vendor/yrs-0.28.0)
2026-10-10T04:56:30.5593184Z warning: unused imports: `BlockRange` and `Block`
2026-10-10T04:56:30.5594020Z  --> vendor/yrs-0.28.0/src/transaction.rs:1:20
2026-10-10T04:56:30.5594448Z   |
2026-10-10T04:56:30.5597420Z 1 | use crate::block::{Block, BlockRange, Item, ItemContent, ItemPosition, ItemPtr, Prelim, ID};
2026-10-10T04:56:30.5598391Z   |                    ^^^^^  ^^^^^^^^^^
2026-10-10T04:56:30.5598872Z   |
2026-10-10T04:56:30.5599448Z   = note: `#[warn(unused_imports)]` (part of `#[warn(unused)]`) on by default
2026-10-10T04:56:30.5600048Z 
2026-10-10T04:56:30.5608939Z warning: unused import: `Block`
2026-10-10T04:56:30.5609497Z  --> vendor/yrs-0.28.0/src/block_iter.rs:1:20
2026-10-10T04:56:30.5610007Z   |
2026-10-10T04:56:30.5610482Z 1 | use crate::block::{Block, Item, ItemContent, ItemPtr, Prelim};
2026-10-10T04:56:30.5611068Z   |                    ^^^^^
2026-10-10T04:56:30.5611320Z 
2026-10-10T04:56:30.5619535Z warning: unused import: `ItemContent`
2026-10-10T04:56:30.5620266Z  --> vendor/yrs-0.28.0/src/iter.rs:1:20
2026-10-10T04:56:30.5620727Z   |
2026-10-10T04:56:30.5621096Z 1 | use crate::block::{ItemContent, ItemPtr};
2026-10-10T04:56:30.5621590Z   |                    ^^^^^^^^^^^
2026-10-10T04:56:30.5621876Z 
2026-10-10T04:56:30.5622086Z warning: unused imports: `SmallVec` and `smallvec`
2026-10-10T04:56:30.5623478Z  --> vendor/yrs-0.28.0/src/iter.rs:4:16
2026-10-10T04:56:30.5623930Z   |
2026-10-10T04:56:30.5624285Z 4 | use smallvec::{smallvec, SmallVec};
2026-10-10T04:56:30.5624741Z   |                ^^^^^^^^  ^^^^^^^^
2026-10-10T04:56:30.5625029Z 
2026-10-10T04:56:31.1414028Z warning: unused import: `crate::utils::OptionExt`
2026-10-10T04:56:31.1414896Z   --> vendor/yrs-0.28.0/src/doc.rs:10:5
2026-10-10T04:56:31.1415641Z    |
2026-10-10T04:56:31.1416117Z 10 | use crate::utils::OptionExt;
2026-10-10T04:56:31.1416729Z    |     ^^^^^^^^^^^^^^^^^^^^^^^
2026-10-10T04:56:31.1417107Z 
2026-10-10T04:56:31.1643608Z warning: value assigned to `left` is never read
2026-10-10T04:56:31.1644486Z    --> vendor/yrs-0.28.0/src/block.rs:494:24
2026-10-10T04:56:31.1645165Z     |
2026-10-10T04:56:31.1645636Z 494 |         let mut left = None;
2026-10-10T04:56:31.1646416Z     |                        ^^^^ this value is reassigned later and never used
2026-10-10T04:56:31.1647230Z ...
2026-10-10T04:56:31.1647793Z 540 |                 left = parent_branch.map.get(sub).cloned();
2026-10-10T04:56:31.1648607Z     |                 ------------------------------------------ `left` is overwritten here before the previous value is read
2026-10-10T04:56:31.1649197Z     |
2026-10-10T04:56:31.1649605Z     = note: `#[warn(unused_assignments)]` (part of `#[warn(unused)]`) on by default
2026-10-10T04:56:31.1650000Z 
2026-10-10T04:56:31.1717123Z warning: unused variable: `ptr`
2026-10-10T04:56:31.1717849Z    --> vendor/yrs-0.28.0/src/block.rs:886:21
2026-10-10T04:56:31.1718489Z     |
2026-10-10T04:56:31.1718978Z 886 |                 let ptr = BranchPtr::from(branch);
2026-10-10T04:56:31.1719820Z     |                     ^^^ help: if this is intentional, prefix it with an underscore: `_ptr`
2026-10-10T04:56:31.1720585Z     |
2026-10-10T04:56:31.1721160Z     = note: `#[warn(unused_variables)]` (part of `#[warn(unused)]`) on by default
2026-10-10T04:56:31.1721697Z 
2026-10-10T04:56:31.3035537Z warning: unused variable: `ptr`
2026-10-10T04:56:31.3036189Z    --> vendor/yrs-0.28.0/src/transaction.rs:778:13
2026-10-10T04:56:31.3036775Z     |
2026-10-10T04:56:31.3037161Z 778 |         let ptr = item.clone();
2026-10-10T04:56:31.3037931Z     |             ^^^ help: if this is intentional, prefix it with an underscore: `_ptr`
2026-10-10T04:56:31.3038551Z 
2026-10-10T04:56:31.3071047Z warning: variable does not need to be mutable
2026-10-10T04:56:31.3071789Z    --> vendor/yrs-0.28.0/src/transaction.rs:958:13
2026-10-10T04:56:31.3072661Z     |
2026-10-10T04:56:31.3073129Z 958 |         let mut block = Item::new(
2026-10-10T04:56:31.3073681Z     |             ----^^^^^
2026-10-10T04:56:31.3074126Z     |             |
2026-10-10T04:56:31.3074562Z     |             help: remove this `mut`
2026-10-10T04:56:31.3075084Z     |
2026-10-10T04:56:31.3075635Z     = note: `#[warn(unused_mut)]` (part of `#[warn(unused)]`) on by default
2026-10-10T04:56:31.3076181Z 
2026-10-10T04:56:31.7768759Z warning: variable does not need to be mutable
2026-10-10T04:56:31.7769699Z    --> vendor/yrs-0.28.0/src/undo.rs:133:13
2026-10-10T04:56:31.7770356Z     |
2026-10-10T04:56:31.7770846Z 133 |         let mut state = Arc::new(Inner {
2026-10-10T04:56:31.7771473Z     |             ----^^^^^
2026-10-10T04:56:31.7771966Z     |             |
2026-10-10T04:56:31.7773001Z     |             help: remove this `mut`
2026-10-10T04:56:31.7773401Z 
2026-10-10T04:56:31.7882100Z warning: unused variable: `clear_undo`
2026-10-10T04:56:31.7883252Z    --> vendor/yrs-0.28.0/src/undo.rs:379:34
2026-10-10T04:56:31.7883926Z     |
2026-10-10T04:56:31.7884633Z 379 |     fn clear_internal(&mut self, clear_undo: bool, clear_redo: bool) {
2026-10-10T04:56:31.7885996Z     |                                  ^^^^^^^^^^ help: if this is intentional, prefix it with an underscore: `_clear_undo`
2026-10-10T04:56:31.7887046Z 
2026-10-10T04:56:31.7887304Z warning: unused variable: `clear_redo`
2026-10-10T04:56:31.7887914Z    --> vendor/yrs-0.28.0/src/undo.rs:379:52
2026-10-10T04:56:31.7888325Z     |
2026-10-10T04:56:31.7888762Z 379 |     fn clear_internal(&mut self, clear_undo: bool, clear_redo: bool) {
2026-10-10T04:56:31.7889666Z     |                                                    ^^^^^^^^^^ help: if this is intentional, prefix it with an underscore: `_clear_redo`
2026-10-10T04:56:31.7890289Z 
2026-10-10T04:56:31.8251122Z warning: method `as_item` is never used
2026-10-10T04:56:31.8251820Z    --> vendor/yrs-0.28.0/src/block.rs:198:12
2026-10-10T04:56:31.8252636Z     |
2026-10-10T04:56:31.8253028Z 183 | impl<'a> BlockRef<'a> {
2026-10-10T04:56:31.8253602Z     | --------------------- method in this implementation
2026-10-10T04:56:31.8254214Z ...
2026-10-10T04:56:31.8254666Z 198 |     pub fn as_item(&self) -> Option<&'a Item> {
2026-10-10T04:56:31.8255271Z     |            ^^^^^^^
2026-10-10T04:56:31.8255702Z     |
2026-10-10T04:56:31.8256256Z     = note: `#[warn(dead_code)]` (part of `#[warn(unused)]`) on by default
2026-10-10T04:56:31.8256821Z 
2026-10-10T04:56:31.8257166Z warning: methods `last_id`, `is_item`, and `is_gc` are never used
2026-10-10T04:56:31.8257921Z    --> vendor/yrs-0.28.0/src/block.rs:264:12
2026-10-10T04:56:31.8258473Z     |
2026-10-10T04:56:31.8258838Z 221 | impl Block {
2026-10-10T04:56:31.8259305Z     | ---------- methods in this implementation
2026-10-10T04:56:31.8259885Z ...
2026-10-10T04:56:31.8260271Z 264 |     pub fn last_id(&self) -> ID {
2026-10-10T04:56:31.8260798Z     |            ^^^^^^^
2026-10-10T04:56:31.8261510Z ...
2026-10-10T04:56:31.8261757Z 281 |     pub fn is_item(&self) -> bool {
2026-10-10T04:56:31.8262021Z     |            ^^^^^^^
2026-10-10T04:56:31.8262228Z ...
2026-10-10T04:56:31.8262656Z 291 |     pub fn is_gc(&self) -> bool {
2026-10-10T04:56:31.8262956Z     |            ^^^^^
2026-10-10T04:56:31.8263086Z 
2026-10-10T04:56:31.8263207Z warning: method `delete_as_cleanup` is never used
2026-10-10T04:56:31.8263773Z    --> vendor/yrs-0.28.0/src/block.rs:632:19
2026-10-10T04:56:31.8264227Z     |
2026-10-10T04:56:31.8264536Z 444 | impl ItemPtr {
2026-10-10T04:56:31.8264947Z     | ------------ method in this implementation
2026-10-10T04:56:31.8265438Z ...
2026-10-10T04:56:31.8266009Z 632 |     pub(crate) fn delete_as_cleanup(&self, txn: &mut TransactionMut, is_local: bool) {
2026-10-10T04:56:31.8266736Z     |                   ^^^^^^^^^^^^^^^^^
2026-10-10T04:56:31.8267055Z 
2026-10-10T04:56:31.8267238Z warning: method `integrate` is never used
2026-10-10T04:56:31.8267738Z     --> vendor/yrs-0.28.0/src/block.rs:1415:19
2026-10-10T04:56:31.8268183Z      |
2026-10-10T04:56:31.8268485Z 1354 | impl BlockRange {
2026-10-10T04:56:31.8268909Z      | --------------- method in this implementation
2026-10-10T04:56:31.8269378Z ...
2026-10-10T04:56:31.8269802Z 1415 |     pub(crate) fn integrate(&mut self, pivot: u32) -> bool {
2026-10-10T04:56:31.8270380Z      |                   ^^^^^^^^^
2026-10-10T04:56:31.8270663Z 
2026-10-10T04:56:31.8270851Z warning: method `contains` is never used
2026-10-10T04:56:31.8271381Z    --> vendor/yrs-0.28.0/src/block_store.rs:300:12
2026-10-10T04:56:31.8271858Z     |
2026-10-10T04:56:31.8272168Z 289 | impl BlockStore {
2026-10-10T04:56:31.8272762Z     | --------------- method in this implementation
2026-10-10T04:56:31.8273246Z ...
2026-10-10T04:56:31.8273607Z 300 |     pub fn contains(&self, id: &ID) -> bool {
2026-10-10T04:56:31.8274310Z     |            ^^^^^^^^
2026-10-10T04:56:31.8274565Z 
2026-10-10T04:56:31.8274852Z warning: constant `WEAK_REF_FLAGS_QUOTE` is never used
2026-10-10T04:56:31.8275422Z    --> vendor/yrs-0.28.0/src/types/mod.rs:230:7
2026-10-10T04:56:31.8275881Z     |
2026-10-10T04:56:31.8276244Z 230 | const WEAK_REF_FLAGS_QUOTE: u8 = 0b0000_0001;
2026-10-10T04:56:31.8276736Z     |       ^^^^^^^^^^^^^^^^^^^^
2026-10-10T04:56:31.8277003Z 
2026-10-10T04:56:31.8277258Z warning: constant `WEAK_REF_FLAGS_START_ASSOC` is never used
2026-10-10T04:56:31.8277855Z    --> vendor/yrs-0.28.0/src/types/mod.rs:232:7
2026-10-10T04:56:31.8278327Z     |
2026-10-10T04:56:31.8278703Z 232 | const WEAK_REF_FLAGS_START_ASSOC: u8 = 0b0000_0010;
2026-10-10T04:56:31.8279217Z     |       ^^^^^^^^^^^^^^^^^^^^^^^^^^
2026-10-10T04:56:31.8279491Z 
2026-10-10T04:56:31.8279739Z warning: constant `WEAK_REF_FLAGS_END_ASSOC` is never used
2026-10-10T04:56:31.8280316Z    --> vendor/yrs-0.28.0/src/types/mod.rs:234:7
2026-10-10T04:56:31.8280723Z     |
2026-10-10T04:56:31.8280954Z 234 | const WEAK_REF_FLAGS_END_ASSOC: u8 = 0b0000_0100;
2026-10-10T04:56:31.8281240Z     |       ^^^^^^^^^^^^^^^^^^^^^^^^
2026-10-10T04:56:31.8281401Z 
2026-10-10T04:56:31.8281557Z warning: constant `WEAK_REF_FLAGS_START_UNBOUNDED` is never used
2026-10-10T04:56:31.8281916Z    --> vendor/yrs-0.28.0/src/types/mod.rs:236:7
2026-10-10T04:56:31.8282169Z     |
2026-10-10T04:56:31.8282637Z 236 | const WEAK_REF_FLAGS_START_UNBOUNDED: u8 = 0b0000_1000;
2026-10-10T04:56:31.8283067Z     |       ^^^^^^^^^^^^^^^^^^^^^^^^^^^^^^
2026-10-10T04:56:31.8283230Z 
2026-10-10T04:56:31.8283383Z warning: constant `WEAK_REF_FLAGS_END_UNBOUNDED` is never used
2026-10-10T04:56:31.8283721Z    --> vendor/yrs-0.28.0/src/types/mod.rs:238:7
2026-10-10T04:56:31.8283974Z     |
2026-10-10T04:56:31.8284193Z 238 | const WEAK_REF_FLAGS_END_UNBOUNDED: u8 = 0b0001_0000;
2026-10-10T04:56:31.8284494Z     |       ^^^^^^^^^^^^^^^^^^^^^^^^^^^^
2026-10-10T04:56:31.8284659Z 
2026-10-10T04:56:31.8284812Z warning: constant `WEAK_REF_FLAGS_PARENT_ROOT` is never used
2026-10-10T04:56:31.8285141Z    --> vendor/yrs-0.28.0/src/types/mod.rs:240:7
2026-10-10T04:56:31.8285567Z     |
2026-10-10T04:56:31.8285784Z 240 | const WEAK_REF_FLAGS_PARENT_ROOT: u8 = 0b0010_0000;
2026-10-10T04:56:31.8286073Z     |       ^^^^^^^^^^^^^^^^^^^^^^^^^^
2026-10-10T04:56:31.8286227Z 
2026-10-10T04:56:31.8286322Z warning: field `txn` is never read
2026-10-10T04:56:31.8286577Z    --> vendor/yrs-0.28.0/src/types/mod.rs:538:5
2026-10-10T04:56:31.8286830Z     |
2026-10-10T04:56:31.8287016Z 536 | pub(crate) struct Entries<'a, B, T> {
2026-10-10T04:56:31.8287299Z     |                   ------- field in this struct
2026-10-10T04:56:31.8287689Z 537 |     iter: std::collections::hash_map::Iter<'a, Arc<str>, ItemPtr>,
2026-10-10T04:56:31.8288019Z 538 |     txn: B,
2026-10-10T04:56:31.8288202Z     |     ^^^
2026-10-10T04:56:31.8288373Z     |
2026-10-10T04:56:31.8288798Z     = note: `Entries` has a derived impl for the trait `Debug`, but this is intentionally ignored during dead code analysis
2026-10-10T04:56:31.8289218Z 
2026-10-10T04:56:31.8289314Z warning: method `as_id_set` is never used
2026-10-10T04:56:31.8289635Z   --> vendor/yrs-0.28.0/src/update.rs:48:12
2026-10-10T04:56:31.8289896Z    |
2026-10-10T04:56:31.8290069Z 28 | impl BlockSet {
2026-10-10T04:56:31.8290303Z    | ------------- method in this implementation
2026-10-10T04:56:31.8290572Z ...
2026-10-10T04:56:31.8290761Z 48 |     pub fn as_id_set(&self) -> IdSet {
2026-10-10T04:56:31.8291020Z    |            ^^^^^^^^^
2026-10-10T04:56:31.8291148Z 
2026-10-10T04:56:31.8291357Z warning: associated functions `next_target` and `return_stack` are never used
2026-10-10T04:56:31.8291759Z    --> vendor/yrs-0.28.0/src/update.rs:503:8
2026-10-10T04:56:31.8292012Z     |
2026-10-10T04:56:31.8292180Z 169 | impl Update {
2026-10-10T04:56:31.8292647Z     | ----------- associated functions in this implementation
2026-10-10T04:56:31.8292964Z ...
2026-10-10T04:56:31.8293142Z 503 |     fn next_target<'a, 'b>(
2026-10-10T04:56:31.8293532Z     |        ^^^^^^^^^^^
2026-10-10T04:56:31.8293778Z ...
2026-10-10T04:56:31.8294092Z 526 |     fn return_stack(stack: Vec<Block>, refs: &mut BlockSet, remaining: &mut BlockSet) {
2026-10-10T04:56:31.8294496Z     |        ^^^^^^^^^^^^
2026-10-10T04:56:31.8294622Z 
2026-10-10T04:56:31.8294789Z warning: methods `forward`, `backward`, and `values` are never used
2026-10-10T04:56:31.8295155Z    --> vendor/yrs-0.28.0/src/block_iter.rs:76:12
2026-10-10T04:56:31.8295453Z     |
2026-10-10T04:56:31.8295628Z  18 | impl BlockIter {
2026-10-10T04:56:31.8295862Z     | -------------- methods in this implementation
2026-10-10T04:56:31.8296130Z ...
2026-10-10T04:56:31.8296372Z  76 |     pub fn forward<T: ReadTxn>(&mut self, txn: &T, len: u32) {
2026-10-10T04:56:31.8296695Z     |            ^^^^^^^
2026-10-10T04:56:31.8296887Z ...
2026-10-10T04:56:31.8297155Z 130 |     pub fn backward<T: ReadTxn>(&mut self, txn: &mut T, mut len: u32) {
2026-10-10T04:56:31.8297501Z     |            ^^^^^^^^
2026-10-10T04:56:31.8297701Z ...
2026-10-10T04:56:31.8297892Z 369 |     pub fn values<'a, 'txn, T: ReadTxn>(
2026-10-10T04:56:31.8298148Z     |            ^^^^^^
2026-10-10T04:56:31.8298278Z 
2026-10-10T04:56:31.8298386Z warning: struct `Values` is never constructed
2026-10-10T04:56:31.8298684Z    --> vendor/yrs-0.28.0/src/block_iter.rs:377:12
2026-10-10T04:56:31.8298947Z     |
2026-10-10T04:56:31.8299134Z 377 | pub struct Values<'a, 'txn> {
2026-10-10T04:56:31.8299367Z     |            ^^^^^^
2026-10-10T04:56:31.8299486Z 
2026-10-10T04:56:31.8299600Z warning: associated function `new` is never used
2026-10-10T04:56:31.8299903Z    --> vendor/yrs-0.28.0/src/block_iter.rs:383:8
2026-10-10T04:56:31.8300162Z     |
2026-10-10T04:56:31.8300343Z 382 | impl<'a, 'txn> Values<'a, 'txn> {
2026-10-10T04:56:31.8300680Z     | ------------------------------- associated function in this implementation
2026-10-10T04:56:31.8301149Z 383 |     fn new(iter: &'a mut BlockIter, txn: &'txn mut TransactionMut<'txn>) -> Self {
2026-10-10T04:56:31.8301526Z     |        ^^^
2026-10-10T04:56:31.8301637Z 
2026-10-10T04:56:31.8301739Z warning: method `remove_at` is never used
2026-10-10T04:56:31.8302146Z    --> vendor/yrs-0.28.0/src/branch.rs:398:19
2026-10-10T04:56:31.8302640Z     |
2026-10-10T04:56:31.8302840Z 222 | impl Branch {
2026-10-10T04:56:31.8303060Z     | ----------- method in this implementation
2026-10-10T04:56:31.8303320Z ...
2026-10-10T04:56:31.8303671Z 398 |     pub(crate) fn remove_at(&self, txn: &mut TransactionMut, index: u32, len: u32) -> u32 {
2026-10-10T04:56:31.8304125Z     |                   ^^^^^^^^^
2026-10-10T04:56:31.8304280Z 
2026-10-10T04:56:31.8304377Z warning: method `inner_mut` is never used
2026-10-10T04:56:31.8304649Z    --> vendor/yrs-0.28.0/src/ids.rs:548:19
2026-10-10T04:56:31.8304902Z     |
2026-10-10T04:56:31.8305084Z  58 | impl<T: Merge> IdRanges<T> {
2026-10-10T04:56:31.8305370Z     | -------------------------- method in this implementation
2026-10-10T04:56:31.8305657Z ...
2026-10-10T04:56:31.8305942Z 548 |     pub(crate) fn inner_mut(&mut self) -> &mut SmallVec<[(Range<u32>, T); 1]> {
2026-10-10T04:56:31.8306310Z     |                   ^^^^^^^^^
2026-10-10T04:56:31.8306467Z 
2026-10-10T04:56:31.8306573Z warning: trait `BlockIterator` is never used
2026-10-10T04:56:31.8306854Z  --> vendor/yrs-0.28.0/src/iter.rs:7:18
2026-10-10T04:56:31.8307099Z   |
2026-10-10T04:56:31.8307355Z 7 | pub(crate) trait BlockIterator: Iterator<Item = ItemPtr> + Sized {
2026-10-10T04:56:31.8307701Z   |                  ^^^^^^^^^^^^^
2026-10-10T04:56:31.8307848Z 
2026-10-10T04:56:31.8307968Z warning: trait `BlockSliceIterator` is never used
2026-10-10T04:56:31.8308266Z   --> vendor/yrs-0.28.0/src/iter.rs:16:18
2026-10-10T04:56:31.8308510Z    |
2026-10-10T04:56:31.8308797Z 16 | pub(crate) trait BlockSliceIterator: Iterator<Item = ItemSlice> + Sized {
2026-10-10T04:56:31.8309172Z    |                  ^^^^^^^^^^^^^^^^^^
2026-10-10T04:56:31.8309339Z 
2026-10-10T04:56:31.8309452Z warning: struct `RangeIter` is never constructed
2026-10-10T04:56:31.8309886Z    --> vendor/yrs-0.28.0/src/iter.rs:106:19
2026-10-10T04:56:31.8310145Z     |
2026-10-10T04:56:31.8310337Z 106 | pub(crate) struct RangeIter<I> {
2026-10-10T04:56:31.8310593Z     |                   ^^^^^^^^^
2026-10-10T04:56:31.8310739Z 
2026-10-10T04:56:31.8310887Z warning: associated items `new` and `begin` are never used
2026-10-10T04:56:31.8311215Z    --> vendor/yrs-0.28.0/src/iter.rs:117:8
2026-10-10T04:56:31.8311459Z     |
2026-10-10T04:56:31.8311636Z 113 | / impl<I> RangeIter<I>
2026-10-10T04:56:31.8311857Z 114 | | where
2026-10-10T04:56:31.8312054Z 115 | |     I: Iterator<Item = ItemPtr>,
2026-10-10T04:56:31.8312597Z     | |________________________________- associated items in this implementation
2026-10-10T04:56:31.8312977Z 116 |   {
2026-10-10T04:56:31.8313248Z 117 |       fn new(iter: I, start: StickyIndex, end: StickyIndex) -> Self {
2026-10-10T04:56:31.8313580Z     |          ^^^
2026-10-10T04:56:31.8313790Z ...
2026-10-10T04:56:31.8314057Z 126 |       fn begin(&mut self, start_offset: &mut u32) -> Option<ItemPtr> {
2026-10-10T04:56:31.8314395Z     |          ^^^^^
2026-10-10T04:56:31.8314517Z 
2026-10-10T04:56:31.8314626Z warning: enum `RangeIterState` is never used
2026-10-10T04:56:31.8314919Z    --> vendor/yrs-0.28.0/src/iter.rs:234:6
2026-10-10T04:56:31.8315369Z     |
2026-10-10T04:56:31.8315673Z 234 | enum RangeIterState {
2026-10-10T04:56:31.8316043Z     |      ^^^^^^^^^^^^^^
2026-10-10T04:56:31.8316265Z 
2026-10-10T04:56:31.8316389Z warning: struct `Values` is never constructed
2026-10-10T04:56:31.8316677Z    --> vendor/yrs-0.28.0/src/iter.rs:245:19
2026-10-10T04:56:31.8316920Z     |
2026-10-10T04:56:31.8317101Z 245 | pub(crate) struct Values<I> {
2026-10-10T04:56:31.8317339Z     |                   ^^^^^^
2026-10-10T04:56:31.8317482Z 
2026-10-10T04:56:31.8317596Z warning: associated function `new` is never used
2026-10-10T04:56:31.8317893Z    --> vendor/yrs-0.28.0/src/iter.rs:251:8
2026-10-10T04:56:31.8318245Z     |
2026-10-10T04:56:31.8318557Z 250 | impl<I> Values<I> {
2026-10-10T04:56:31.8319056Z     | ----------------- associated function in this implementation
2026-10-10T04:56:31.8319625Z 251 |     fn new(iter: I) -> Self {
2026-10-10T04:56:31.8320240Z     |        ^^^
2026-10-10T04:56:31.8320433Z 
2026-10-10T04:56:31.8320584Z warning: field `txn` is never read
2026-10-10T04:56:31.8320977Z    --> vendor/yrs-0.28.0/src/iter.rs:287:5
2026-10-10T04:56:31.8321245Z     |
2026-10-10T04:56:31.8321427Z 286 | pub struct AsIter<'a, T, I> {
2026-10-10T04:56:31.8321684Z     |            ------ field in this struct
2026-10-10T04:56:31.8321940Z 287 |     txn: &'a T,
2026-10-10T04:56:31.8322130Z     |     ^^^
2026-10-10T04:56:31.8322297Z     |
2026-10-10T04:56:31.8322969Z     = note: `AsIter` has a derived impl for the trait `Debug`, but this is intentionally ignored during dead code analysis
2026-10-10T04:56:31.8323389Z 
2026-10-10T04:56:31.8323592Z warning: methods `adjacent`, `contains_id`, `right`, and `left` are never used
2026-10-10T04:56:31.8323988Z    --> vendor/yrs-0.28.0/src/slice.rs:164:12
2026-10-10T04:56:31.8324245Z     |
2026-10-10T04:56:31.8324420Z 105 | impl ItemSlice {
2026-10-10T04:56:31.8324687Z     | -------------- methods in this implementation
2026-10-10T04:56:31.8324963Z ...
2026-10-10T04:56:31.8325149Z 164 |     pub fn adjacent(&self) -> bool {
2026-10-10T04:56:31.8325400Z     |            ^^^^^^^^
2026-10-10T04:56:31.8325593Z ...
2026-10-10T04:56:31.8325942Z 179 |     pub fn contains_id(&self, id: &ID) -> bool {
2026-10-10T04:56:31.8326451Z     |            ^^^^^^^^^^^
2026-10-10T04:56:31.8326800Z ...
2026-10-10T04:56:31.8327022Z 249 |     pub fn right(&self) -> Option<ItemSlice> {
2026-10-10T04:56:31.8327303Z     |            ^^^^^
2026-10-10T04:56:31.8327486Z ...
2026-10-10T04:56:31.8327690Z 269 |     pub fn left(&self) -> Option<ItemSlice> {
2026-10-10T04:56:31.8327957Z     |            ^^^^
2026-10-10T04:56:31.8328071Z 
2026-10-10T04:56:31.8328226Z warning: methods `within_range` and `get_item` are never used
2026-10-10T04:56:31.8328724Z    --> vendor/yrs-0.28.0/src/sticky_index.rs:272:19
2026-10-10T04:56:31.8329000Z     |
2026-10-10T04:56:31.8329176Z  51 | impl StickyIndex {
2026-10-10T04:56:31.8329424Z     | ---------------- methods in this implementation
2026-10-10T04:56:31.8329686Z ...
2026-10-10T04:56:31.8329948Z 272 |     pub(crate) fn within_range(&self, ptr: Option<ItemPtr>) -> bool {
2026-10-10T04:56:31.8330296Z     |                   ^^^^^^^^^^^^
2026-10-10T04:56:31.8330525Z ...
2026-10-10T04:56:31.8330802Z 287 |     pub(crate) fn get_item<T: ReadTxn>(&self, txn: &T) -> Option<ItemPtr> {
2026-10-10T04:56:31.8331159Z     |                   ^^^^^^^^
2026-10-10T04:56:31.8331303Z 
2026-10-10T04:56:31.8331466Z warning: hiding a lifetime that's elided elsewhere is confusing
2026-10-10T04:56:31.8331812Z   --> vendor/yrs-0.28.0/src/event.rs:63:18
2026-10-10T04:56:31.8332059Z    |
2026-10-10T04:56:31.8332263Z 63 |     pub fn added(&self) -> SubdocsEventIter {
2026-10-10T04:56:31.8332865Z    |                  ^^^^^     ^^^^^^^^^^^^^^^^ the same lifetime is hidden here
2026-10-10T04:56:31.8333182Z    |                  |
2026-10-10T04:56:31.8333410Z    |                  the lifetime is elided here
2026-10-10T04:56:31.8333677Z    |
2026-10-10T04:56:31.8334016Z    = help: the same lifetime is referred to in inconsistent ways, making the signature confusing
2026-10-10T04:56:31.8334506Z    = note: `#[warn(mismatched_lifetime_syntaxes)]` on by default
2026-10-10T04:56:31.8334828Z help: use `'_` for type paths
2026-10-10T04:56:31.8335081Z    |
2026-10-10T04:56:31.8335295Z 63 |     pub fn added(&self) -> SubdocsEventIter<'_> {
2026-10-10T04:56:31.8335592Z    |                                            ++++
2026-10-10T04:56:31.8335774Z 
2026-10-10T04:56:31.8335933Z warning: hiding a lifetime that's elided elsewhere is confusing
2026-10-10T04:56:31.8336276Z   --> vendor/yrs-0.28.0/src/event.rs:69:20
2026-10-10T04:56:31.8336529Z    |
2026-10-10T04:56:31.8336732Z 69 |     pub fn removed(&self) -> SubdocsEventIter {
2026-10-10T04:56:31.8337070Z    |                    ^^^^^     ^^^^^^^^^^^^^^^^ the same lifetime is hidden here
2026-10-10T04:56:31.8337376Z    |                    |
2026-10-10T04:56:31.8337600Z    |                    the lifetime is elided here
2026-10-10T04:56:31.8337987Z    |
2026-10-10T04:56:31.8338316Z    = help: the same lifetime is referred to in inconsistent ways, making the signature confusing
2026-10-10T04:56:31.8338747Z help: use `'_` for type paths
2026-10-10T04:56:31.8338962Z    |
2026-10-10T04:56:31.8339174Z 69 |     pub fn removed(&self) -> SubdocsEventIter<'_> {
2026-10-10T04:56:31.8339480Z    |                                              ++++
2026-10-10T04:56:31.8339655Z 
2026-10-10T04:56:31.8339824Z warning: hiding a lifetime that's elided elsewhere is confusing
2026-10-10T04:56:31.8340161Z   --> vendor/yrs-0.28.0/src/event.rs:75:19
2026-10-10T04:56:31.8340404Z    |
2026-10-10T04:56:31.8340677Z 75 |     pub fn loaded(&self) -> SubdocsEventIter {
2026-10-10T04:56:31.8341268Z    |                   ^^^^^     ^^^^^^^^^^^^^^^^ the same lifetime is hidden here
2026-10-10T04:56:31.8341752Z    |                   |
2026-10-10T04:56:31.8342191Z    |                   the lifetime is elided here
2026-10-10T04:56:31.8342839Z    |
2026-10-10T04:56:31.8343441Z    = help: the same lifetime is referred to in inconsistent ways, making the signature confusing
2026-10-10T04:56:31.8344263Z help: use `'_` for type paths
2026-10-10T04:56:31.8344616Z    |
2026-10-10T04:56:31.8344994Z 75 |     pub fn loaded(&self) -> SubdocsEventIter<'_> {
2026-10-10T04:56:31.8345433Z    |                                             ++++
2026-10-10T04:56:31.8345796Z 
2026-10-10T04:56:31.8346110Z warning: hiding a lifetime that's elided elsewhere is confusing
2026-10-10T04:56:31.8346596Z    --> vendor/yrs-0.28.0/src/store.rs:358:20
2026-10-10T04:56:31.8347058Z     |
2026-10-10T04:56:31.8347318Z 358 |     pub fn subdocs(&self) -> SubdocsIter {
2026-10-10T04:56:31.8347841Z     |                    ^^^^^     ^^^^^^^^^^^ the same lifetime is hidden here
2026-10-10T04:56:31.8348339Z     |                    |
2026-10-10T04:56:31.8348942Z     |                    the lifetime is elided here
2026-10-10T04:56:31.8349330Z     |
2026-10-10T04:56:31.8349679Z     = help: the same lifetime is referred to in inconsistent ways, making the signature confusing
2026-10-10T04:56:31.8350111Z help: use `'_` for type paths
2026-10-10T04:56:31.8350326Z     |
2026-10-10T04:56:31.8350534Z 358 |     pub fn subdocs(&self) -> SubdocsIter<'_> {
2026-10-10T04:56:31.8350824Z     |                                         ++++
2026-10-10T04:56:31.8351015Z 
2026-10-10T04:56:31.8351198Z warning: hiding a lifetime that's elided elsewhere is confusing
2026-10-10T04:56:31.8351557Z    --> vendor/yrs-0.28.0/src/store.rs:364:25
2026-10-10T04:56:31.8351811Z     |
2026-10-10T04:56:31.8352018Z 364 |     pub fn subdoc_guids(&self) -> SubdocGuids {
2026-10-10T04:56:31.8352350Z     |                         ^^^^^     ^^^^^^^^^^^ the same lifetime is hidden here
2026-10-10T04:56:31.8352923Z     |                         |
2026-10-10T04:56:31.8353173Z     |                         the lifetime is elided here
2026-10-10T04:56:31.8353638Z     |
2026-10-10T04:56:31.8354268Z     = help: the same lifetime is referred to in inconsistent ways, making the signature confusing
2026-10-10T04:56:31.8355066Z help: use `'_` for type paths
2026-10-10T04:56:31.8355286Z     |
2026-10-10T04:56:31.8355500Z 364 |     pub fn subdoc_guids(&self) -> SubdocGuids<'_> {
2026-10-10T04:56:31.8355806Z     |                                              ++++
2026-10-10T04:56:31.8355987Z 
2026-10-10T04:56:31.8356144Z warning: hiding a lifetime that's elided elsewhere is confusing
2026-10-10T04:56:31.8356485Z    --> vendor/yrs-0.28.0/src/store.rs:444:28
2026-10-10T04:56:31.8356730Z     |
2026-10-10T04:56:31.8356993Z 444 |     pub(crate) fn try_read(&self) -> Option<RwLockReadGuard<Store>> {
2026-10-10T04:56:31.8357422Z     |                            ^^^^^            ^^^^^^^^^^^^^^^^^^^^^^ the same lifetime is hidden here
2026-10-10T04:56:31.8357760Z     |                            |
2026-10-10T04:56:31.8358022Z     |                            the lifetime is elided here
2026-10-10T04:56:31.8358284Z     |
2026-10-10T04:56:31.8358764Z     = help: the same lifetime is referred to in inconsistent ways, making the signature confusing
2026-10-10T04:56:31.8359184Z help: use `'_` for type paths
2026-10-10T04:56:31.8359395Z     |
2026-10-10T04:56:31.8359664Z 444 |     pub(crate) fn try_read(&self) -> Option<RwLockReadGuard<'_, Store>> {
2026-10-10T04:56:31.8360042Z     |                                                             +++
2026-10-10T04:56:31.8360247Z 
2026-10-10T04:56:31.8360399Z warning: hiding a lifetime that's elided elsewhere is confusing
2026-10-10T04:56:31.8360743Z    --> vendor/yrs-0.28.0/src/store.rs:449:33
2026-10-10T04:56:31.8360995Z     |
2026-10-10T04:56:31.8361246Z 449 |     pub(crate) fn read_blocking(&self) -> RwLockReadGuard<Store> {
2026-10-10T04:56:31.8361655Z     |                                 ^^^^^     ^^^^^^^^^^^^^^^^^^^^^^ the same lifetime is hidden here
2026-10-10T04:56:31.8361991Z     |                                 |
2026-10-10T04:56:31.8362261Z     |                                 the lifetime is elided here
2026-10-10T04:56:31.8362708Z     |
2026-10-10T04:56:31.8363034Z     = help: the same lifetime is referred to in inconsistent ways, making the signature confusing
2026-10-10T04:56:31.8363649Z help: use `'_` for type paths
2026-10-10T04:56:31.8364046Z     |
2026-10-10T04:56:31.8364543Z 449 |     pub(crate) fn read_blocking(&self) -> RwLockReadGuard<'_, Store> {
2026-10-10T04:56:31.8364941Z     |                                                           +++
2026-10-10T04:56:31.8365138Z 
2026-10-10T04:56:31.8365325Z warning: hiding a lifetime that's elided elsewhere is confusing
2026-10-10T04:56:31.8365667Z    --> vendor/yrs-0.28.0/src/store.rs:458:30
2026-10-10T04:56:31.8365912Z     |
2026-10-10T04:56:31.8366137Z 458 |     pub(crate) fn read_async(&self) -> Read<Store> {
2026-10-10T04:56:31.8366684Z     |                              ^^^^^     ^^^^^^^^^^^ the same lifetime is hidden here
2026-10-10T04:56:31.8367007Z     |                              |
2026-10-10T04:56:31.8367265Z     |                              the lifetime is elided here
2026-10-10T04:56:31.8367532Z     |
2026-10-10T04:56:31.8367865Z     = help: the same lifetime is referred to in inconsistent ways, making the signature confusing
2026-10-10T04:56:31.8368288Z help: use `'_` for type paths
2026-10-10T04:56:31.8368501Z     |
2026-10-10T04:56:31.8368730Z 458 |     pub(crate) fn read_async(&self) -> Read<'_, Store> {
2026-10-10T04:56:31.8369072Z     |                                             +++
2026-10-10T04:56:31.8369255Z 
2026-10-10T04:56:31.8369412Z warning: hiding a lifetime that's elided elsewhere is confusing
2026-10-10T04:56:31.8369751Z    --> vendor/yrs-0.28.0/src/store.rs:462:29
2026-10-10T04:56:31.8370024Z     |
2026-10-10T04:56:31.8370287Z 462 |     pub(crate) fn try_write(&self) -> Option<RwLockWriteGuard<Store>> {
2026-10-10T04:56:31.8370736Z     |                             ^^^^^            ^^^^^^^^^^^^^^^^^^^^^^^ the same lifetime is hidden here
2026-10-10T04:56:31.8371071Z     |                             |
2026-10-10T04:56:31.8371327Z     |                             the lifetime is elided here
2026-10-10T04:56:31.8371588Z     |
2026-10-10T04:56:31.8371914Z     = help: the same lifetime is referred to in inconsistent ways, making the signature confusing
2026-10-10T04:56:31.8372338Z help: use `'_` for type paths
2026-10-10T04:56:31.8372717Z     |
2026-10-10T04:56:31.8372994Z 462 |     pub(crate) fn try_write(&self) -> Option<RwLockWriteGuard<'_, Store>> {
2026-10-10T04:56:31.8373379Z     |                                                               +++
2026-10-10T04:56:31.8373579Z 
2026-10-10T04:56:31.8373736Z warning: hiding a lifetime that's elided elsewhere is confusing
2026-10-10T04:56:31.8374073Z    --> vendor/yrs-0.28.0/src/store.rs:467:34
2026-10-10T04:56:31.8374316Z     |
2026-10-10T04:56:31.8374576Z 467 |     pub(crate) fn write_blocking(&self) -> RwLockWriteGuard<Store> {
2026-10-10T04:56:31.8374998Z     |                                  ^^^^^     ^^^^^^^^^^^^^^^^^^^^^^^ the same lifetime is hidden here
2026-10-10T04:56:31.8375480Z     |                                  |
2026-10-10T04:56:31.8375750Z     |                                  the lifetime is elided here
2026-10-10T04:56:31.8376018Z     |
2026-10-10T04:56:31.8376343Z     = help: the same lifetime is referred to in inconsistent ways, making the signature confusing
2026-10-10T04:56:31.8376761Z help: use `'_` for type paths
2026-10-10T04:56:31.8376970Z     |
2026-10-10T04:56:31.8377232Z 467 |     pub(crate) fn write_blocking(&self) -> RwLockWriteGuard<'_, Store> {
2026-10-10T04:56:31.8377604Z     |                                                             +++
2026-10-10T04:56:31.8377804Z 
2026-10-10T04:56:31.8377955Z warning: hiding a lifetime that's elided elsewhere is confusing
2026-10-10T04:56:31.8378492Z    --> vendor/yrs-0.28.0/src/store.rs:476:31
2026-10-10T04:56:31.8378953Z     |
2026-10-10T04:56:31.8379392Z 476 |     pub(crate) fn write_async(&self) -> Write<Store> {
2026-10-10T04:56:31.8379998Z     |                               ^^^^^     ^^^^^^^^^^^^ the same lifetime is hidden here
2026-10-10T04:56:31.8380349Z     |                               |
2026-10-10T04:56:31.8380607Z     |                               the lifetime is elided here
2026-10-10T04:56:31.8380873Z     |
2026-10-10T04:56:31.8381207Z     = help: the same lifetime is referred to in inconsistent ways, making the signature confusing
2026-10-10T04:56:31.8381633Z help: use `'_` for type paths
2026-10-10T04:56:31.8381847Z     |
2026-10-10T04:56:31.8382095Z 476 |     pub(crate) fn write_async(&self) -> Write<'_, Store> {
2026-10-10T04:56:31.8382683Z     |                                               +++
2026-10-10T04:56:31.8382881Z 
2026-10-10T04:56:31.8383040Z warning: hiding a lifetime that's elided elsewhere is confusing
2026-10-10T04:56:31.8383400Z    --> vendor/yrs-0.28.0/src/transaction.rs:168:18
2026-10-10T04:56:31.8383667Z     |
2026-10-10T04:56:31.8384001Z 168 |     fn root_refs(&self) -> RootRefs {
2026-10-10T04:56:31.8384359Z     |                  ^^^^^     ^^^^^^^^ the same lifetime is hidden here
2026-10-10T04:56:31.8384655Z     |                  |
2026-10-10T04:56:31.8384876Z     |                  the lifetime is elided here
2026-10-10T04:56:31.8385130Z     |
2026-10-10T04:56:31.8385456Z     = help: the same lifetime is referred to in inconsistent ways, making the signature confusing
2026-10-10T04:56:31.8385871Z help: use `'_` for type paths
2026-10-10T04:56:31.8386079Z     |
2026-10-10T04:56:31.8386268Z 168 |     fn root_refs(&self) -> RootRefs<'_> {
2026-10-10T04:56:31.8386538Z     |                                    ++++
2026-10-10T04:56:31.8386709Z 
2026-10-10T04:56:31.8386861Z warning: hiding a lifetime that's elided elsewhere is confusing
2026-10-10T04:56:31.8387242Z    --> vendor/yrs-0.28.0/src/transaction.rs:175:21
2026-10-10T04:56:31.8387508Z     |
2026-10-10T04:56:31.8387707Z 175 |     fn subdoc_guids(&self) -> SubdocGuids {
2026-10-10T04:56:31.8388034Z     |                     ^^^^^     ^^^^^^^^^^^ the same lifetime is hidden here
2026-10-10T04:56:31.8388339Z     |                     |
2026-10-10T04:56:31.8388571Z     |                     the lifetime is elided here
2026-10-10T04:56:31.8388823Z     |
2026-10-10T04:56:31.8389147Z     = help: the same lifetime is referred to in inconsistent ways, making the signature confusing
2026-10-10T04:56:31.8389562Z help: use `'_` for type paths
2026-10-10T04:56:31.8389770Z     |
2026-10-10T04:56:31.8389970Z 175 |     fn subdoc_guids(&self) -> SubdocGuids<'_> {
2026-10-10T04:56:31.8390257Z     |                                          ++++
2026-10-10T04:56:31.8390436Z 
2026-10-10T04:56:31.8390593Z warning: hiding a lifetime that's elided elsewhere is confusing
2026-10-10T04:56:31.8390947Z    --> vendor/yrs-0.28.0/src/transaction.rs:181:16
2026-10-10T04:56:31.8391207Z     |
2026-10-10T04:56:31.8391396Z 181 |     fn subdocs(&self) -> SubdocsIter {
2026-10-10T04:56:31.8391724Z     |                ^^^^^     ^^^^^^^^^^^ the same lifetime is hidden here
2026-10-10T04:56:31.8392017Z     |                |
2026-10-10T04:56:31.8392357Z     |                the lifetime is elided here
2026-10-10T04:56:31.8392760Z     |
2026-10-10T04:56:31.8393087Z     = help: the same lifetime is referred to in inconsistent ways, making the signature confusing
2026-10-10T04:56:31.8393506Z help: use `'_` for type paths
2026-10-10T04:56:31.8393723Z     |
2026-10-10T04:56:31.8393913Z 181 |     fn subdocs(&self) -> SubdocsIter<'_> {
2026-10-10T04:56:31.8394184Z     |                                     ++++
2026-10-10T04:56:31.8394353Z 
2026-10-10T04:56:31.8394520Z warning: hiding a lifetime that's elided elsewhere is confusing
2026-10-10T04:56:31.8394866Z    --> vendor/yrs-0.28.0/src/types/mod.rs:911:17
2026-10-10T04:56:31.8395124Z     |
2026-10-10T04:56:31.8395310Z 911 |     pub fn iter(&self) -> EventsIter {
2026-10-10T04:56:31.8395647Z     |                 ^^^^^     ^^^^^^^^^^ the same lifetime is hidden here
2026-10-10T04:56:31.8395941Z     |                 |
2026-10-10T04:56:31.8396163Z     |                 the lifetime is elided here
2026-10-10T04:56:31.8396424Z     |
2026-10-10T04:56:31.8396752Z     = help: the same lifetime is referred to in inconsistent ways, making the signature confusing
2026-10-10T04:56:31.8397170Z help: use `'_` for type paths
2026-10-10T04:56:31.8397378Z     |
2026-10-10T04:56:31.8397568Z 911 |     pub fn iter(&self) -> EventsIter<'_> {
2026-10-10T04:56:31.8397839Z     |                                     ++++
2026-10-10T04:56:31.8398012Z 
2026-10-10T04:56:31.8496349Z warning: hiding a lifetime that's elided elsewhere is confusing
2026-10-10T04:56:31.8497018Z   --> vendor/yrs-0.28.0/src/state_vector.rs:93:17
2026-10-10T04:56:31.8497371Z    |
2026-10-10T04:56:31.8497778Z 93 |     pub fn iter(&self) -> std::collections::hash_map::Iter<ClientID, u32> {
2026-10-10T04:56:31.8498336Z    |                 ^^^^^     ^^^^^^^^^^^^^^^^^^^^^^^^^^^^^^^^^^^^^^^^^^^^^^^ the same lifetime is hidden here
2026-10-10T04:56:31.8499017Z    |                 |
2026-10-10T04:56:31.8499301Z    |                 the lifetime is elided here
2026-10-10T04:56:31.8499619Z    |
2026-10-10T04:56:31.8500046Z    = help: the same lifetime is referred to in inconsistent ways, making the signature confusing
2026-10-10T04:56:31.8500595Z help: use `'_` for type paths
2026-10-10T04:56:31.8500873Z    |
2026-10-10T04:56:31.8501216Z 93 |     pub fn iter(&self) -> std::collections::hash_map::Iter<'_, ClientID, u32> {
2026-10-10T04:56:31.8501619Z    |                                                            +++
2026-10-10T04:56:31.8501818Z 
2026-10-10T04:56:31.8507845Z warning: hiding a lifetime that's elided elsewhere is confusing
2026-10-10T04:56:31.8508466Z    --> vendor/yrs-0.28.0/src/sync/awareness.rs:141:17
2026-10-10T04:56:31.8508757Z     |
2026-10-10T04:56:31.8508977Z 141 |     pub fn iter(&self) -> AwarenessIter {
2026-10-10T04:56:31.8509305Z     |                 ^^^^^     ^^^^^^^^^^^^^ the same lifetime is hidden here
2026-10-10T04:56:31.8509621Z     |                 |
2026-10-10T04:56:31.8509856Z     |                 the lifetime is elided here
2026-10-10T04:56:31.8510116Z     |
2026-10-10T04:56:31.8510461Z     = help: the same lifetime is referred to in inconsistent ways, making the signature confusing
2026-10-10T04:56:31.8510897Z help: use `'_` for type paths
2026-10-10T04:56:31.8511127Z     |
2026-10-10T04:56:31.8511338Z 141 |     pub fn iter(&self) -> AwarenessIter<'_> {
2026-10-10T04:56:31.8511630Z     |                                        ++++
2026-10-10T04:56:31.8511809Z 
2026-10-10T04:56:33.2776130Z warning: `yrs` (lib) generated 58 warnings (run `cargo fix --lib -p yrs` to apply 27 suggestions)
2026-10-10T04:56:33.2777739Z    Compiling tandemlog-text v0.0.0 (/home/runner/work/tandemlog/tandemlog/native/text_engine)
2026-10-10T04:56:34.1778567Z     Finished `test` profile [unoptimized + debuginfo] target(s) in 9.99s
2026-10-10T04:56:34.1801951Z      Running unittests src/lib.rs (/home/runner/work/_temp/tandemlog-rust-bootstrap/target/debug/deps/tandemlog_text-11651a1d89e2bb30)
2026-10-10T04:56:34.1815600Z 
2026-10-10T04:56:34.1816536Z running 4 tests
2026-10-10T04:56:34.1819731Z test worker_failure_tests::disconnected_worker_is_explicit_unknown_outcome ... ok
2026-10-10T04:56:34.1821486Z test worker_failure_tests::worker_panic_quarantines_without_implicit_reset ... ok
2026-10-10T04:56:34.1909115Z test owned_undo_tests::requested_ineffective_item_never_consumes_older_owned_save ... ok
2026-10-10T04:56:34.1988841Z test owned_undo_tests::successive_owned_replacements_follow_restored_identity_and_preserve_peer ... ok
2026-10-10T04:56:34.1989722Z 
2026-10-10T04:56:34.1990296Z test result: ok. 4 passed; 0 failed; 0 ignored; 0 measured; 0 filtered out; finished in 0.02s
2026-10-10T04:56:34.1990859Z 
2026-10-10T04:56:34.2818629Z test_R01_foreign_root_apply_is_atomic (test_admission.Admission.test_R01_foreign_root_apply_is_atomic) ... ok
2026-10-10T04:56:34.2820520Z test_R02_foreign_root_cannot_enter_new (test_admission.Admission.test_R02_foreign_root_cannot_enter_new) ... ok
2026-10-10T04:56:34.2824273Z test_R03_foreign_root_cannot_enter_restore (test_admission.Admission.test_R03_foreign_root_cannot_enter_restore) ... ok
2026-10-10T04:56:34.2830405Z test_R04_embed_rejected_even_when_get_string_hides_it (test_admission.Admission.test_R04_embed_rejected_even_when_get_string_hides_it) ... ok
2026-10-10T04:56:34.2836662Z test_R05_format_rejected (test_admission.Admission.test_R05_format_rejected) ... ok
2026-10-10T04:56:34.2842480Z test_R06_nested_shared_type_rejected (test_admission.Admission.test_R06_nested_shared_type_rejected) ... ok
2026-10-10T04:56:34.2848130Z test_R07_map_slot_rejected (test_admission.Admission.test_R07_map_slot_rejected) ... ok
2026-10-10T04:56:34.2854509Z test_R08_missing_nested_parent_rejected_before_pending_storage (test_admission.Admission.test_R08_missing_nested_parent_rejected_before_pending_storage) ... ok
2026-10-10T04:56:34.2860689Z test_R09_conflicting_reserved_seed_rejected (test_admission.Admission.test_R09_conflicting_reserved_seed_rejected) ... ok
2026-10-10T04:56:34.2868929Z test_R10_deleted_seed_identity_survives_checkpoint (test_admission.Admission.test_R10_deleted_seed_identity_survives_checkpoint) ... ok
2026-10-10T04:56:34.2876835Z test_R11_duplicate_full_state_with_split_seed_is_allowed (test_admission.Admission.test_R11_duplicate_full_state_with_split_seed_is_allowed) ... ok
2026-10-10T04:56:34.2883062Z test_R12_conflicting_nonseed_actor_overlap_rejected (test_admission.Admission.test_R12_conflicting_nonseed_actor_overlap_rejected) ... ok
2026-10-10T04:56:34.2895743Z test_R13_trailing_bytes_rejected_without_mutation (test_admission.Admission.test_R13_trailing_bytes_rejected_without_mutation) ... ok
2026-10-10T04:56:34.2919991Z test_R14_reserved_seed_cannot_extend_its_original_identity (test_admission.Admission.test_R14_reserved_seed_cannot_extend_its_original_identity) ... ok
2026-10-10T04:56:34.2936433Z test_U01_large_plaintext_inspect_rejected_preflight (test_admission_units.Units.test_U01_large_plaintext_inspect_rejected_preflight) ... ok
2026-10-10T04:56:34.2939630Z test_U02_explicit_inspector_units (test_admission_units.Units.test_U02_explicit_inspector_units) ... ok
2026-10-10T04:56:34.2948211Z test_U03_retained_deleted_identity_budget_preserves_undo (test_admission_units.Units.test_U03_retained_deleted_identity_budget_preserves_undo) ... ok
2026-10-10T04:56:34.2953378Z test_U04_remote_combined_budget_atomic (test_admission_units.Units.test_U04_remote_combined_budget_atomic) ... ok
2026-10-10T04:56:34.2956405Z test_U05_skips_and_delete_ranges_have_work_budget (test_admission_units.Units.test_U05_skips_and_delete_ranges_have_work_budget) ... ok
2026-10-10T04:56:34.2964547Z test_U06_restore_draft_inherit_and_validation (test_admission_units.Units.test_U06_restore_draft_inherit_and_validation) ... ok
2026-10-10T04:56:34.2972284Z test_C01_shared_seed_does_not_duplicate_historical_text (test_contract.Contract.test_C01_shared_seed_does_not_duplicate_historical_text) ... ok
2026-10-10T04:56:34.2980037Z test_C02_save_publishes_only_draft_changes (test_contract.Contract.test_C02_save_publishes_only_draft_changes) ... ok
2026-10-10T04:56:34.2986450Z test_C03_cancel_has_no_published_change (test_contract.Contract.test_C03_cancel_has_no_published_change) ... ok
2026-10-10T04:56:34.2995497Z test_C04_save_captured_baseline_preserves_remote_insert (test_contract.Contract.test_C04_save_captured_baseline_preserves_remote_insert) ... ok
2026-10-10T04:56:34.3004068Z test_C05_draft_delete_does_not_delete_concurrent_insert (test_contract.Contract.test_C05_draft_delete_does_not_delete_concurrent_insert) ... ok
2026-10-10T04:56:34.3011688Z test_C06_offline_disjoint_insertions_merge (test_contract.Contract.test_C06_offline_disjoint_insertions_merge) ... ok
2026-10-10T04:56:34.3020808Z test_C07_same_location_insertions_converge_without_lost_text (test_contract.Contract.test_C07_same_location_insertions_converge_without_lost_text) ... ok
2026-10-10T04:56:34.3028339Z test_C08_concurrent_overlapping_deletes_converge (test_contract.Contract.test_C08_concurrent_overlapping_deletes_converge) ... ok
2026-10-10T04:56:34.3047750Z test_C09_duplicate_delivery_is_idempotent (test_contract.Contract.test_C09_duplicate_delivery_is_idempotent) ... ok
2026-10-10T04:56:34.3055972Z test_C10_out_of_order_missing_dependency_eventually_integrates (test_contract.Contract.test_C10_out_of_order_missing_dependency_eventually_integrates) ... ok
2026-10-10T04:56:34.3064485Z test_C11_pending_dependency_survives_checkpoint_restart (test_contract.Contract.test_C11_pending_dependency_survives_checkpoint_restart) ... ok
2026-10-10T04:56:34.3089641Z test_C12_all_delivery_permutations_converge (test_contract.Contract.test_C12_all_delivery_permutations_converge) ... ok
2026-10-10T04:56:34.7368673Z test_C13_random_duplicate_out_of_order_delivery (test_contract.Contract.test_C13_random_duplicate_out_of_order_delivery) ... ok
2026-10-10T04:56:34.7377986Z test_C14_independent_fields_remain_independent (test_contract.Contract.test_C14_independent_fields_remain_independent) ... ok
2026-10-10T04:56:34.7385113Z test_C15_recurrence_successor_text_is_independent (test_contract.Contract.test_C15_recurrence_successor_text_is_independent) ... ok
2026-10-10T04:56:34.7392623Z test_C16_unicode_utf16_offsets_and_emoji (test_contract.Contract.test_C16_unicode_utf16_offsets_and_emoji) ... ok
2026-10-10T04:56:34.7400758Z test_C17_split_surrogate_offsets_rejected_without_mutation (test_contract.Contract.test_C17_split_surrogate_offsets_rejected_without_mutation) ... ok
2026-10-10T04:56:34.7407512Z test_C18_combining_zwj_and_markdown_remain_source_text (test_contract.Contract.test_C18_combining_zwj_and_markdown_remain_source_text) ... ok
2026-10-10T04:56:34.7415908Z test_C19_composition_blocks_save_and_cancel_discards (test_contract.Contract.test_C19_composition_blocks_save_and_cancel_discards) ... ok
2026-10-10T04:56:34.7426876Z test_C20_composition_commit_publishes_final_text_once (test_contract.Contract.test_C20_composition_commit_publishes_final_text_once) ... ok
2026-10-10T04:56:34.7433588Z test_C21_sticky_selection_moves_with_remote_prefix (test_contract.Contract.test_C21_sticky_selection_moves_with_remote_prefix) ... ok
2026-10-10T04:56:34.7443477Z test_C22_selective_undo_preserves_remote_insert (test_contract.Contract.test_C22_selective_undo_preserves_remote_insert) ... ok
2026-10-10T04:56:34.7453586Z test_C23_selective_undo_save_batch_retains_remote (test_contract.Contract.test_C23_selective_undo_save_batch_retains_remote) ... ok
2026-10-10T04:56:34.7462642Z test_C24_redo_is_compensation_not_history_removal (test_contract.Contract.test_C24_redo_is_compensation_not_history_removal) ... ok
2026-10-10T04:56:34.7470710Z test_C25_undo_after_remote_delete_does_not_resurrect_remote_work (test_contract.Contract.test_C25_undo_after_remote_delete_does_not_resurrect_remote_work) ... ok
2026-10-10T04:56:34.7479663Z test_C26_invalid_binary_rejected_atomically (test_contract.Contract.test_C26_invalid_binary_rejected_atomically) ... ok
2026-10-10T04:56:34.7497883Z test_C27_oversized_update_rejected_before_decode (test_contract.Contract.test_C27_oversized_update_rejected_before_decode) ... ok
2026-10-10T04:56:34.7506016Z test_C28_out_of_range_edit_and_invalid_base64_are_atomic (test_contract.Contract.test_C28_out_of_range_edit_and_invalid_base64_are_atomic) ... ok
2026-10-10T04:56:34.7511778Z test_C29_actor_collision_rejected (test_contract.Contract.test_C29_actor_collision_rejected) ... ok
2026-10-10T04:56:34.7521393Z test_C30_text_limit_rejected_without_partial_commit (test_contract.Contract.test_C30_text_limit_rejected_without_partial_commit) ... ok
2026-10-10T04:56:34.7539315Z test_C31_exact_update_bytes_survive_json_roundtrip_and_replay (test_contract.Contract.test_C31_exact_update_bytes_survive_json_roundtrip_and_replay) ... ok
2026-10-10T04:56:34.7736520Z test_C32_full_checkpoint_and_tail_equal_full_replay (test_contract.Contract.test_C32_full_checkpoint_and_tail_equal_full_replay) ... ok
2026-10-10T04:56:34.8418484Z test_C33_bridge_utf8_memory_cycles (test_contract.Contract.test_C33_bridge_utf8_memory_cycles) ... ok
2026-10-10T04:56:38.6315034Z test_C34_performance_and_storage_measurements (test_contract.Contract.test_C34_performance_and_storage_measurements) ... ok
2026-10-10T04:56:38.6325780Z test_O01_draft_cannot_save_to_different_source (test_ownership.Ownership.test_O01_draft_cannot_save_to_different_source) ... ok
2026-10-10T04:56:38.6337022Z test_O02_incoming_update_cannot_be_attributed_to_draft (test_ownership.Ownership.test_O02_incoming_update_cannot_be_attributed_to_draft) ... ok
2026-10-10T04:56:38.6345030Z test_O03_successful_save_consumes_draft_once (test_ownership.Ownership.test_O03_successful_save_consumes_draft_once) ... ok
2026-10-10T04:56:38.6354610Z test_O04_failed_save_preserves_prior_undo_and_draft (test_ownership.Ownership.test_O04_failed_save_preserves_prior_undo_and_draft) ... ok
2026-10-10T04:56:38.6365734Z test_U01_prepare_is_nonmutating_and_repeated_bytes_are_immutable (test_prepared_undo.PreparedUndo.test_U01_prepare_is_nonmutating_and_repeated_bytes_are_immutable) ... ok
2026-10-10T04:56:38.6384666Z test_U02_missing_wrong_receipt_does_not_change_live_or_consume_undo (test_prepared_undo.PreparedUndo.test_U02_missing_wrong_receipt_does_not_change_live_or_consume_undo) ... ok
2026-10-10T04:56:38.6396705Z test_U03_remote_arrival_after_prepare_preserves_exact_compensation (test_prepared_undo.PreparedUndo.test_U03_remote_arrival_after_prepare_preserves_exact_compensation) ... ok
2026-10-10T04:56:38.6408669Z test_U04_unknown_receipt_retry_is_idempotent_and_keeps_prior_undo (test_prepared_undo.PreparedUndo.test_U04_unknown_receipt_retry_is_idempotent_and_keeps_prior_undo) ... ok
2026-10-10T04:56:38.6419648Z test_U05_cancel_and_rejection_preserve_prior_selective_undo (test_prepared_undo.PreparedUndo.test_U05_cancel_and_rejection_preserve_prior_selective_undo) ... ok
2026-10-10T04:56:38.6436574Z test_U06_pending_blocks_local_changes_but_accepts_remote (test_prepared_undo.PreparedUndo.test_U06_pending_blocks_local_changes_but_accepts_remote) ... ok
2026-10-10T04:56:38.6447229Z test_U07_token_bound_to_owner_and_not_reused_name (test_prepared_undo.PreparedUndo.test_U07_token_bound_to_owner_and_not_reused_name) ... ok
2026-10-10T04:56:38.6460282Z test_U08_captured_draft_identity_survives_clone_commit_and_remote (test_prepared_undo.PreparedUndo.test_U08_captured_draft_identity_survives_clone_commit_and_remote) ... ok
2026-10-10T04:56:38.6475808Z test_U09_saved_draft_batch_undo_and_redo_ownership_are_preserved (test_prepared_undo.PreparedUndo.test_U09_saved_draft_batch_undo_and_redo_ownership_are_preserved) ... ok
2026-10-10T04:56:38.6486778Z test_U10_immutable_compensation_replays_after_native_reset (test_prepared_undo.PreparedUndo.test_U10_immutable_compensation_replays_after_native_reset) ... ok
2026-10-10T04:56:38.6498379Z test_U11_no_undo_rejection_and_anchor_lifetime (test_prepared_undo.PreparedUndo.test_U11_no_undo_rejection_and_anchor_lifetime) ... ok
2026-10-10T04:56:38.6507525Z test_U12_failed_prepare_draft_keeps_target_and_private_undo (test_prepared_undo.PreparedUndo.test_U12_failed_prepare_draft_keeps_target_and_private_undo) ... ok
2026-10-10T04:56:38.6518033Z test_A01_receipt_history_budget_rejection_keeps_preparation_and_live_undo (test_resource_atomic.AtomicBudgetReceipt.test_A01_receipt_history_budget_rejection_keeps_preparation_and_live_undo) ... ok
2026-10-10T04:56:38.6529856Z test_A02_queued_remote_budget_rejection_preserves_live_and_frozen_packet (test_resource_atomic.AtomicBudgetReceipt.test_A02_queued_remote_budget_rejection_preserves_live_and_frozen_packet) ... ok
2026-10-10T04:56:38.6539300Z test_B01_struct_actor_inspection_is_sorted_unique_and_readonly (test_resource_limits.NativeBudgets.test_B01_struct_actor_inspection_is_sorted_unique_and_readonly) ... ok
2026-10-10T04:56:38.6545302Z test_B02_delete_references_and_skip_holes_are_not_struct_authors (test_resource_limits.NativeBudgets.test_B02_delete_references_and_skip_holes_are_not_struct_authors) ... ok
2026-10-10T04:56:38.6555460Z test_B03_inspector_validates_binary_base64_and_plaintext_before_metadata (test_resource_limits.NativeBudgets.test_B03_inspector_validates_binary_base64_and_plaintext_before_metadata) ... ok
2026-10-10T04:56:38.6563219Z test_B04_visible_utf16_limit_rejects_atomically_with_prior_undo (test_resource_limits.NativeBudgets.test_B04_visible_utf16_limit_rejects_atomically_with_prior_undo) ... ok
2026-10-10T04:56:38.6571297Z test_B05_generated_update_budget_is_distinct_from_visible_and_state (test_resource_limits.NativeBudgets.test_B05_generated_update_budget_is_distinct_from_visible_and_state) ... ok
2026-10-10T04:56:38.6637304Z test_B06_large_checkpoint_and_existing_history_do_not_use_operation_limit (test_resource_limits.NativeBudgets.test_B06_large_checkpoint_and_existing_history_do_not_use_operation_limit) ... ok
2026-10-10T04:56:38.6664718Z test_B07_state_limit_growth_rejection_retains_exact_live_state (test_resource_limits.NativeBudgets.test_B07_state_limit_growth_rejection_retains_exact_live_state) ... ok
2026-10-10T04:56:38.6681238Z test_B08_session_replay_limit_is_explicit_and_rejection_keeps_undo (test_resource_limits.NativeBudgets.test_B08_session_replay_limit_is_explicit_and_rejection_keeps_undo) ... ok
2026-10-10T04:56:38.6689792Z test_B09_prepared_clone_budget_rejection_keeps_original_session_undo (test_resource_limits.NativeBudgets.test_B09_prepared_clone_budget_rejection_keeps_original_session_undo) ... ok
2026-10-10T04:56:38.6696104Z test_B10_usage_documents_serialized_weights_and_actual_owner_guid (test_resource_limits.NativeBudgets.test_B10_usage_documents_serialized_weights_and_actual_owner_guid) ... ok
2026-10-10T04:56:38.6715023Z test_B11_retained_receipt_history_is_bounded_without_pruning (test_resource_limits.NativeBudgets.test_B11_retained_receipt_history_is_bounded_without_pruning) ... ok
2026-10-10T04:56:38.6723515Z test_B12_restore_limit_failure_does_not_replace_existing_owner (test_resource_limits.NativeBudgets.test_B12_restore_limit_failure_does_not_replace_existing_owner) ... ok
2026-10-10T04:56:38.6733967Z test_B13_private_draft_inherits_limits_and_rejection_preserves_draft (test_resource_limits.NativeBudgets.test_B13_private_draft_inherits_limits_and_rejection_preserves_draft) ... ok
2026-10-10T04:56:38.6748054Z test_B14_limit_configuration_rejects_unknown_zero_boolean_and_overflow (test_resource_limits.NativeBudgets.test_B14_limit_configuration_rejects_unknown_zero_boolean_and_overflow) ... ok
2026-10-10T04:56:38.8619699Z test_B15_large_bounded_checkpoint_frame_and_input_allocator (test_resource_limits.NativeBudgets.test_B15_large_bounded_checkpoint_frame_and_input_allocator) ... ok
2026-10-10T04:56:38.8635413Z test_H01_original_packets_duplicates_and_concurrent_delivery_match_owned_state (test_shared_history_materializer.SharedHistoryMaterializer.test_H01_original_packets_duplicates_and_concurrent_delivery_match_owned_state) ... ok
2026-10-10T04:56:38.8647841Z test_H02_missing_causal_dependency_survives_checkpoint_and_later_arrival (test_shared_history_materializer.SharedHistoryMaterializer.test_H02_missing_causal_dependency_survives_checkpoint_and_later_arrival) ... ok
2026-10-10T04:56:38.8658964Z test_H03_rejection_quarantines_disposable_state_and_preserves_other_owners (test_shared_history_materializer.SharedHistoryMaterializer.test_H03_rejection_quarantines_disposable_state_and_preserves_other_owners) ... ok
2026-10-10T04:56:38.8666028Z test_H04_materializer_and_session_handles_cannot_alias (test_shared_history_materializer.SharedHistoryMaterializer.test_H04_materializer_and_session_handles_cannot_alias) ... ok
2026-10-10T04:56:38.8757399Z test_H05_incremental_history_has_no_session_undo_replay_budget (test_shared_history_materializer.SharedHistoryMaterializer.test_H05_incremental_history_has_no_session_undo_replay_budget) ... ok
2026-10-10T04:56:38.9005406Z test_H06_private_save_packets_do_not_repeat_prior_generations_delete_sets (test_shared_history_materializer.SharedHistoryMaterializer.test_H06_private_save_packets_do_not_repeat_prior_generations_delete_sets) ... ok
2026-10-10T04:56:38.9014667Z test_H07_foreign_root_and_conflicting_seed_quarantine_materializers (test_shared_history_materializer.SharedHistoryMaterializer.test_H07_foreign_root_and_conflicting_seed_quarantine_materializers) ... ok
2026-10-10T04:56:38.9026177Z test_H08_visible_and_retained_budgets_fail_without_touching_editor (test_shared_history_materializer.SharedHistoryMaterializer.test_H08_visible_and_retained_budgets_fail_without_touching_editor) ... ok
2026-10-10T04:56:38.9030854Z test_H09_rejected_seed_does_not_reserve_handle (test_shared_history_materializer.SharedHistoryMaterializer.test_H09_rejected_seed_does_not_reserve_handle) ... ok
2026-10-10T04:56:38.9084348Z test_W01_same_handle_is_shared_across_different_caller_threads (test_worker_ownership.WorkerOwnership.test_W01_same_handle_is_shared_across_different_caller_threads) ... ok
2026-10-10T04:56:38.9092184Z test_W02_production_and_spike_json_aliases_share_exact_owner (test_worker_ownership.WorkerOwnership.test_W02_production_and_spike_json_aliases_share_exact_owner) ... ok
2026-10-10T04:56:38.9116881Z test_W03_concurrent_remote_prepare_and_receipt_commit_converge (test_worker_ownership.WorkerOwnership.test_W03_concurrent_remote_prepare_and_receipt_commit_converge) ... ok
2026-10-10T04:56:38.9149656Z test_W04_simultaneous_prepare_returns_one_immutable_owner_token (test_worker_ownership.WorkerOwnership.test_W04_simultaneous_prepare_returns_one_immutable_owner_token) ... ok
2026-10-10T04:56:38.9166350Z test_W05_wrong_receipt_and_cross_thread_cancel_preserve_prior_undo (test_worker_ownership.WorkerOwnership.test_W05_wrong_receipt_and_cross_thread_cancel_preserve_prior_undo) ... ok
2026-10-10T04:56:38.9310819Z test_W06_response_callback_buffer_can_be_read_and_freed_elsewhere (test_worker_ownership.WorkerOwnership.test_W06_response_callback_buffer_can_be_read_and_freed_elsewhere) ... ok
2026-10-10T04:56:38.9328447Z test_W07_late_cross_thread_receipt_cannot_attach_to_recreated_name (test_worker_ownership.WorkerOwnership.test_W07_late_cross_thread_receipt_cannot_attach_to_recreated_name) ... ok
2026-10-10T04:56:38.9338909Z test_W08_invalid_request_error_does_not_reset_or_reseed_owner (test_worker_ownership.WorkerOwnership.test_W08_invalid_request_error_does_not_reset_or_reseed_owner) ... ok
2026-10-10T04:56:38.9350045Z test_W09_private_draft_preparation_has_specific_ownership_rejection (test_worker_ownership.WorkerOwnership.test_W09_private_draft_preparation_has_specific_ownership_rejection) ... ok
2026-10-10T04:56:38.9367501Z test_W10_captured_draft_guid_survives_cross_thread_receipt_commit (test_worker_ownership.WorkerOwnership.test_W10_captured_draft_guid_survives_cross_thread_receipt_commit) ... ok
2026-10-10T04:56:38.9385786Z test_W11_input_allocation_and_release_aliases_share_allocator (test_worker_ownership.WorkerOwnership.test_W11_input_allocation_and_release_aliases_share_allocator) ... ok
2026-10-10T04:56:38.9386975Z 
2026-10-10T04:56:38.9387234Z ----------------------------------------------------------------------
2026-10-10T04:56:38.9387807Z Ran 107 tests in 4.658s
2026-10-10T04:56:38.9388040Z 
2026-10-10T04:56:38.9388175Z OK
2026-10-10T04:56:38.9518852Z ##[group]Run python3 -m unittest discover -s tool -p 'test_*.py'
2026-10-10T04:56:38.9519347Z [36;1mpython3 -m unittest discover -s tool -p 'test_*.py'[0m
2026-10-10T04:56:38.9582108Z shell: /usr/bin/bash -e {0}
2026-10-10T04:56:38.9582371Z env:
2026-10-10T04:56:38.9582936Z   CARGO_HOME: /home/runner/work/_temp/tandemlog-rust-bootstrap/cargo
2026-10-10T04:56:38.9583439Z   RUSTUP_HOME: /home/runner/work/_temp/tandemlog-rust-bootstrap/rustup
2026-10-10T04:56:38.9583915Z   RUSTUP_UPDATE_ROOT: https://static.rust-lang.org/rustup
2026-10-10T04:56:38.9584302Z   RUSTUP_DIST_SERVER: https://static.rust-lang.org
2026-10-10T04:56:38.9584677Z   RUSTUP_AUTO_INSTALL: 0
2026-10-10T04:56:38.9585095Z   TANDEMLOG_TEXT_TARGET_DIR: /home/runner/work/_temp/tandemlog-rust-bootstrap/target
2026-10-10T04:56:38.9585709Z   TANDEMLOG_TEXT_LIBRARY: /home/runner/work/_temp/native-unit/libtandemlog_text.so
2026-10-10T04:56:38.9586153Z ##[endgroup]
2026-10-10T04:56:40.1602933Z .........................................................
2026-10-10T04:56:40.1603899Z ----------------------------------------------------------------------
2026-10-10T04:56:40.1604556Z Ran 57 tests in 1.071s
2026-10-10T04:56:40.1604874Z 
2026-10-10T04:56:40.1605215Z OK
2026-10-10T04:56:40.1608355Z {"executable_sha256": "0370190d81a1bc1e156676eb83f3adb83bb65e765fd5b7b74719004b77345310", "github_run_id": "123", "native_library_sha256": "7bc2fcce9d2525bcb6a722a6cc144de4fd8946c0047d7de73788e37d1f2d42d8", "portable_archive": "tandemlog-windows-x64-unsigned-portable.zip", "portable_sha256": "fc6e0357d359ec92f1f61f22a0f8b91a71f24b1f93b28ed39bcc3ec9899f5f92", "source_revision": "aaaaaaaaaaaaaaaaaaaaaaaaaaaaaaaaaaaaaaaa"}
2026-10-10T04:56:40.1829363Z ##[group]Run xvfb-run -a dbus-run-session -- flutter test integration_test/task_flow_test.dart -d linux
2026-10-10T04:56:40.1830751Z [36;1mxvfb-run -a dbus-run-session -- flutter test integration_test/task_flow_test.dart -d linux[0m
2026-10-10T04:56:40.1920022Z shell: /usr/bin/bash -e {0}
2026-10-10T04:56:40.1920439Z env:
2026-10-10T04:56:40.1920919Z   CARGO_HOME: /home/runner/work/_temp/tandemlog-rust-bootstrap/cargo
2026-10-10T04:56:40.1921782Z   RUSTUP_HOME: /home/runner/work/_temp/tandemlog-rust-bootstrap/rustup
2026-10-10T04:56:40.1922916Z   RUSTUP_UPDATE_ROOT: https://static.rust-lang.org/rustup
2026-10-10T04:56:40.1923594Z   RUSTUP_DIST_SERVER: https://static.rust-lang.org
2026-10-10T04:56:40.1924134Z   RUSTUP_AUTO_INSTALL: 0
2026-10-10T04:56:40.1924784Z   TANDEMLOG_TEXT_TARGET_DIR: /home/runner/work/_temp/tandemlog-rust-bootstrap/target
2026-10-10T04:56:40.1925749Z   TANDEMLOG_TEXT_LIBRARY: /home/runner/work/_temp/native-unit/libtandemlog_text.so
2026-10-10T04:56:40.1926482Z ##[endgroup]
2026-10-10T04:56:40.7086105Z [1/3] Linux SDK
2026-10-10T04:56:41.9052963Z   ├─ [1/3] linux-x64-debug/linux-x64-flutter-gtk                 1,194ms
2026-10-10T04:56:42.6850456Z   ├─ [2/3] linux-x64-profile/linux-x64-flutter-gtk                 389ms
2026-10-10T04:56:43.2560260Z   └─ [3/3] linux-x64-release/linux-x64-flutter-gtk                 371ms
2026-10-10T04:56:43.4873019Z Resolving dependencies...
2026-10-10T04:56:43.5722851Z Downloading packages...
2026-10-10T04:56:43.6333815Z   code_assets 1.2.1 (2.1.0 available)
2026-10-10T04:56:43.6334420Z   cross_file 0.3.5+5 (0.4.0 available)
2026-10-10T04:56:43.6334887Z   jni 1.0.3 (1.1.0 available)
2026-10-10T04:56:43.6335209Z   jni_flutter 1.0.3 (1.0.4+1 available)
2026-10-10T04:56:43.6335600Z   material_color_utilities 0.13.0 (0.13.1 available)
2026-10-10T04:56:43.6336015Z   native_toolchain_c 0.19.3 (0.19.5 available)
2026-10-10T04:56:43.6336491Z   objective_c 9.5.0 (9.6.2 available)
2026-10-10T04:56:43.6337042Z   test_api 0.7.12 (0.7.15 available)
2026-10-10T04:56:43.6337488Z   url_launcher 6.3.2 (6.3.3 available)
2026-10-10T04:56:43.6337830Z   vector_math 2.4.0 (2.4.3 available)
2026-10-10T04:56:43.6338155Z Got dependencies!
2026-10-10T04:56:43.6338573Z 10 packages have newer versions incompatible with dependency constraints.
2026-10-10T04:56:43.6339124Z Try `flutter pub outdated` for more information.
2026-10-10T04:56:43.9919836Z 
2026-10-10T04:56:47.0853996Z Building Linux application...                                   
2026-10-10T04:56:47.0866127Z warning: unused imports: `BlockRange` and `Block`
2026-10-10T04:56:47.0871594Z warning: unused import: `Block`
2026-10-10T04:56:47.0874310Z warning: unused import: `ItemContent`
2026-10-10T04:56:47.0876625Z warning: unused imports: `SmallVec` and `smallvec`
2026-10-10T04:56:47.0878806Z warning: unused import: `crate::utils::OptionExt`
2026-10-10T04:56:47.0880723Z warning: value assigned to `left` is never read
2026-10-10T04:56:47.0888165Z warning: unused variable: `ptr`
2026-10-10T04:56:47.0893264Z warning: unused variable: `ptr`
2026-10-10T04:56:47.0896480Z warning: variable does not need to be mutable
2026-10-10T04:56:47.0900302Z warning: variable does not need to be mutable
2026-10-10T04:56:47.0903157Z warning: unused variable: `clear_undo`
2026-10-10T04:56:47.0908631Z warning: unused variable: `clear_redo`
2026-10-10T04:56:47.0915125Z warning: method `as_item` is never used
2026-10-10T04:56:47.0918995Z warning: methods `last_id`, `is_item`, and `is_gc` are never used
2026-10-10T04:56:47.0922966Z warning: method `delete_as_cleanup` is never used
2026-10-10T04:56:47.0926912Z warning: method `integrate` is never used
2026-10-10T04:56:47.0930293Z warning: method `contains` is never used
2026-10-10T04:56:47.0933735Z warning: constant `WEAK_REF_FLAGS_QUOTE` is never used
2026-10-10T04:56:47.0936033Z warning: constant `WEAK_REF_FLAGS_START_ASSOC` is never used
2026-10-10T04:56:47.0938728Z warning: constant `WEAK_REF_FLAGS_END_ASSOC` is never used
2026-10-10T04:56:47.0941777Z warning: constant `WEAK_REF_FLAGS_START_UNBOUNDED` is never used
2026-10-10T04:56:47.0944286Z warning: constant `WEAK_REF_FLAGS_END_UNBOUNDED` is never used
2026-10-10T04:56:47.0946890Z warning: constant `WEAK_REF_FLAGS_PARENT_ROOT` is never used
2026-10-10T04:56:47.0949322Z warning: field `txn` is never read
2026-10-10T04:56:47.0956095Z warning: method `as_id_set` is never used
2026-10-10T04:56:47.0958685Z warning: associated functions `next_target` and `return_stack` are never used
2026-10-10T04:56:47.0963192Z warning: methods `forward`, `backward`, and `values` are never used
2026-10-10T04:56:47.0968155Z warning: struct `Values` is never constructed
2026-10-10T04:56:47.0969264Z warning: associated function `new` is never used
2026-10-10T04:56:47.0974072Z warning: method `remove_at` is never used
2026-10-10T04:56:47.0977689Z warning: method `inner_mut` is never used
2026-10-10T04:56:47.0982269Z warning: trait `BlockIterator` is never used
2026-10-10T04:56:47.0984343Z warning: trait `BlockSliceIterator` is never used
2026-10-10T04:56:47.0992015Z warning: struct `RangeIter` is never constructed
2026-10-10T04:56:47.0992945Z warning: associated items `new` and `begin` are never used
2026-10-10T04:56:47.1003623Z warning: enum `RangeIterState` is never used
2026-10-10T04:56:47.1004426Z warning: struct `Values` is never constructed
2026-10-10T04:56:47.1005254Z warning: associated function `new` is never used
2026-10-10T04:56:47.1027143Z warning: field `txn` is never read
2026-10-10T04:56:47.1032157Z warning: methods `adjacent`, `contains_id`, `right`, and `left` are never used
2026-10-10T04:56:47.1037402Z warning: methods `within_range` and `get_item` are never used
2026-10-10T04:56:47.1042399Z warning: hiding a lifetime that's elided elsewhere is confusing
2026-10-10T04:56:47.1047719Z warning: hiding a lifetime that's elided elsewhere is confusing
2026-10-10T04:56:47.1053884Z warning: hiding a lifetime that's elided elsewhere is confusing
2026-10-10T04:56:47.1066972Z warning: hiding a lifetime that's elided elsewhere is confusing
2026-10-10T04:56:47.1090699Z warning: hiding a lifetime that's elided elsewhere is confusing
2026-10-10T04:56:47.1095773Z warning: hiding a lifetime that's elided elsewhere is confusing
2026-10-10T04:56:47.1099359Z warning: hiding a lifetime that's elided elsewhere is confusing
2026-10-10T04:56:47.1103230Z warning: hiding a lifetime that's elided elsewhere is confusing
2026-10-10T04:56:47.1104132Z warning: hiding a lifetime that's elided elsewhere is confusing
2026-10-10T04:56:47.1108751Z warning: hiding a lifetime that's elided elsewhere is confusing
2026-10-10T04:56:47.1118376Z warning: hiding a lifetime that's elided elsewhere is confusing
2026-10-10T04:56:47.1133838Z warning: hiding a lifetime that's elided elsewhere is confusing
2026-10-10T04:56:47.1134874Z warning: hiding a lifetime that's elided elsewhere is confusing
2026-10-10T04:56:47.1138429Z warning: hiding a lifetime that's elided elsewhere is confusing
2026-10-10T04:56:47.1145348Z warning: hiding a lifetime that's elided elsewhere is confusing
2026-10-10T04:56:47.1151418Z warning: hiding a lifetime that's elided elsewhere is confusing
2026-10-10T04:56:47.1160716Z warning: hiding a lifetime that's elided elsewhere is confusing
2026-10-10T04:56:47.1167455Z warning: `yrs` (lib) generated 58 warnings (run `cargo fix --lib -p yrs` to apply 27 suggestions)
2026-10-10T04:57:05.4122793Z ✓ Built build/linux/x64/debug/bundle/tandemlog
2026-10-10T04:57:05.5504520Z dbus-daemon[7290]: [session uid=1001 pid=7290] Activating service name='org.freedesktop.portal.Desktop' requested by ':1.0' (uid=1001 pid=7650 comm="/home/runner/work/tandemlog/tandemlog/build/linux/" label="unconfined")
2026-10-10T04:57:05.5571929Z dbus-daemon[7290]: [session uid=1001 pid=7290] Activating service name='org.freedesktop.portal.Documents' requested by ':1.2' (uid=1001 pid=7655 comm="/usr/libexec/xdg-desktop-portal" label="unconfined")
2026-10-10T04:57:05.5634149Z dbus-daemon[7290]: [session uid=1001 pid=7290] Activating service name='org.freedesktop.impl.portal.PermissionStore' requested by ':1.3' (uid=1001 pid=7661 comm="/usr/libexec/xdg-document-portal" label="unconfined")
2026-10-10T04:57:05.5670830Z dbus-daemon[7290]: [session uid=1001 pid=7290] Successfully activated service 'org.freedesktop.impl.portal.PermissionStore'
2026-10-10T04:57:05.5684557Z dbus-daemon[7290]: [session uid=1001 pid=7290] Successfully activated service 'org.freedesktop.portal.Documents'
2026-10-10T04:57:05.5717539Z Ignoring invalid max threads value 4294967295 > max (100000).
2026-10-10T04:57:05.5761005Z 
2026-10-10T04:57:05.5762325Z (/usr/libexec/xdg-desktop-portal:7655): xdg-desktop-portal-WARNING **: 04:57:05.575: Choosing gtk.portal for org.freedesktop.impl.portal.Lockdown as a last-resort fallback
2026-10-10T04:57:05.5769403Z 
2026-10-10T04:57:05.5770360Z (/usr/libexec/xdg-desktop-portal:7655): xdg-desktop-portal-WARNING **: 04:57:05.576: The preferred method to match portal implementations to desktop environments is to use the portals.conf(5) configuration file
2026-10-10T04:57:05.5771976Z dbus-daemon[7290]: [session uid=1001 pid=7290] Activating service name='org.freedesktop.impl.portal.desktop.gtk' requested by ':1.2' (uid=1001 pid=7655 comm="/usr/libexec/xdg-desktop-portal" label="unconfined")
2026-10-10T04:57:05.5908345Z 
2026-10-10T04:57:05.5910252Z (xdg-desktop-portal-gtk:7678): dbind-WARNING **: 04:57:05.590: AT-SPI: Error retrieving accessibility bus address: org.freedesktop.DBus.Error.ServiceUnknown: The name org.a11y.Bus was not provided by any .service files
2026-10-10T04:57:05.6279599Z dbus-daemon[7290]: [session uid=1001 pid=7290] Successfully activated service 'org.freedesktop.impl.portal.desktop.gtk'
2026-10-10T04:57:05.6317581Z 
2026-10-10T04:57:05.6319232Z (/usr/libexec/xdg-desktop-portal:7655): xdg-desktop-portal-WARNING **: 04:57:05.631: Failed to load RealtimeKit property: GDBus.Error:org.freedesktop.DBus.Error.ServiceUnknown: The name org.freedesktop.RealtimeKit1 was not provided by any .service files
2026-10-10T04:57:05.6320394Z 
2026-10-10T04:57:05.6321697Z (/usr/libexec/xdg-desktop-portal:7655): xdg-desktop-portal-WARNING **: 04:57:05.631: Failed to load RealtimeKit property: GDBus.Error:org.freedesktop.DBus.Error.ServiceUnknown: The name org.freedesktop.RealtimeKit1 was not provided by any .service files
2026-10-10T04:57:05.6323937Z 
2026-10-10T04:57:05.6325384Z (/usr/libexec/xdg-desktop-portal:7655): xdg-desktop-portal-WARNING **: 04:57:05.632: Failed to load RealtimeKit property: GDBus.Error:org.freedesktop.DBus.Error.ServiceUnknown: The name org.freedesktop.RealtimeKit1 was not provided by any .service files
2026-10-10T04:57:05.6327314Z 
2026-10-10T04:57:05.6327647Z (/usr/libexec/xdg-desktop-portal:7655): xdg-desktop-portal-WARNING **: 04:57:05.632: No skeleton to export
2026-10-10T04:57:05.6328384Z 
2026-10-10T04:57:05.6328965Z (/usr/libexec/xdg-desktop-portal:7655): xdg-desktop-portal-WARNING **: 04:57:05.632: Choosing gtk.portal for org.freedesktop.impl.portal.FileChooser as a last-resort fallback
2026-10-10T04:57:05.6333536Z 
2026-10-10T04:57:05.6334643Z (/usr/libexec/xdg-desktop-portal:7655): xdg-desktop-portal-WARNING **: 04:57:05.633: Choosing gtk.portal for org.freedesktop.impl.portal.AppChooser as a last-resort fallback
2026-10-10T04:57:05.6342360Z 
2026-10-10T04:57:05.6343568Z (/usr/libexec/xdg-desktop-portal:7655): xdg-desktop-portal-WARNING **: 04:57:05.634: Choosing gtk.portal for org.freedesktop.impl.portal.Print as a last-resort fallback
2026-10-10T04:57:05.6352078Z 
2026-10-10T04:57:05.6353288Z (/usr/libexec/xdg-desktop-portal:7655): xdg-desktop-portal-WARNING **: 04:57:05.635: Choosing gtk.portal for org.freedesktop.impl.portal.Notification as a last-resort fallback
2026-10-10T04:57:05.6361549Z 
2026-10-10T04:57:05.6362232Z (/usr/libexec/xdg-desktop-portal:7655): xdg-desktop-portal-WARNING **: 04:57:05.636: Choosing gtk.portal for org.freedesktop.impl.portal.Inhibit as a last-resort fallback
2026-10-10T04:57:05.6370163Z 
2026-10-10T04:57:05.6371524Z (/usr/libexec/xdg-desktop-portal:7655): xdg-desktop-portal-WARNING **: 04:57:05.636: Choosing gtk.portal for org.freedesktop.impl.portal.Access as a last-resort fallback
2026-10-10T04:57:05.6398460Z [W][00359.162592] pw.conf      | [          conf.c: 1031 try_load_conf()] can't load config client.conf: No such file or directory
2026-10-10T04:57:05.6403379Z [E][00359.163090] pw.conf      | [          conf.c: 1060 pw_conf_load_conf_for_context()] can't load config client.conf: No such file or directory
2026-10-10T04:57:05.6404224Z 
2026-10-10T04:57:05.6404986Z (/usr/libexec/xdg-desktop-portal:7655): xdg-desktop-portal-WARNING **: 04:57:05.640: Failed connect to PipeWire: Couldn't create PipeWire context
2026-10-10T04:57:05.6405933Z 
2026-10-10T04:57:05.6406911Z (/usr/libexec/xdg-desktop-portal:7655): xdg-desktop-portal-WARNING **: 04:57:05.640: Choosing gtk.portal for org.freedesktop.impl.portal.Account as a last-resort fallback
2026-10-10T04:57:05.6413490Z 
2026-10-10T04:57:05.6414532Z (/usr/libexec/xdg-desktop-portal:7655): xdg-desktop-portal-WARNING **: 04:57:05.641: Choosing gtk.portal for org.freedesktop.impl.portal.Email as a last-resort fallback
2026-10-10T04:57:05.6422186Z 
2026-10-10T04:57:05.6423601Z (/usr/libexec/xdg-desktop-portal:7655): xdg-desktop-portal-WARNING **: 04:57:05.642: Choosing gtk.portal for org.freedesktop.impl.portal.DynamicLauncher as a last-resort fallback
2026-10-10T04:57:05.6433795Z dbus-daemon[7290]: [session uid=1001 pid=7290] Successfully activated service 'org.freedesktop.portal.Desktop'
2026-10-10T04:57:33.4935704Z ##[group]✅ sticky date groups retain drafts, selection and safe edge drops
2026-10-10T04:57:33.4936324Z TANDEMLOG_FIRST_FRAME_MS=346
2026-10-10T04:57:33.4936778Z TANDEMLOG_PHASE identity_lock=0
2026-10-10T04:57:33.4937206Z TANDEMLOG_PHASE sqlite_open_schema=15
2026-10-10T04:57:33.4937672Z TANDEMLOG_PHASE manifest=11
2026-10-10T04:57:33.4938060Z TANDEMLOG_PHASE ingest=193
2026-10-10T04:57:33.4938345Z TANDEMLOG_ROWS {"query_ms":0,"decode_ms":0,"sort_ms":0}
2026-10-10T04:57:33.4938892Z TANDEMLOG_READY_MS=1747 FILES_READ=1
2026-10-10T04:57:33.4941456Z ##[endgroup]
2026-10-10T04:57:34.5418623Z TANDEMLOG_FIRST_FRAME_MS=23
2026-10-10T04:57:34.7976189Z TANDEMLOG_PHASE identity_lock=0
2026-10-10T04:57:34.8129928Z TANDEMLOG_PHASE sqlite_open_schema=15
2026-10-10T04:57:34.8248331Z TANDEMLOG_PHASE manifest=11
2026-10-10T04:57:34.8608154Z TANDEMLOG_PHASE ingest=35
2026-10-10T04:57:34.8936030Z TANDEMLOG_ROWS {"query_ms":0,"decode_ms":0,"sort_ms":0}
2026-10-10T04:57:35.0542172Z TANDEMLOG_READY_MS=535 FILES_READ=1
2026-10-10T04:57:47.2966411Z ##[group]✅ Passing tests
2026-10-10T04:57:47.2967224Z ✅ future start hints update idle, search and resumed local time
2026-10-10T04:57:52.5745945Z ✅ legacy v3 provider replacement blocks retry until exact pending history recovery
2026-10-10T04:57:54.5908067Z ✅ native provider replacement freezes draft and retries the exact canonical receipt
2026-10-10T04:57:55.1514357Z ##[endgroup]
2026-10-10T04:57:55.1514620Z TANDEMLOG_FIRST_FRAME_MS=19
2026-10-10T04:57:55.5518789Z TANDEMLOG_PHASE identity_lock=0
2026-10-10T04:57:55.5666630Z TANDEMLOG_PHASE sqlite_open_schema=14
2026-10-10T04:57:55.5781455Z TANDEMLOG_PHASE manifest=11
2026-10-10T04:57:55.6028065Z TANDEMLOG_PHASE ingest=24
2026-10-10T04:57:55.6488689Z TANDEMLOG_ROWS {"query_ms":0,"decode_ms":0,"sort_ms":0}
2026-10-10T04:57:55.7834053Z TANDEMLOG_READY_MS=651 FILES_READ=1
2026-10-10T04:58:06.2962062Z ##[group]✅ Passing tests
2026-10-10T04:58:06.2962865Z ✅ historical v3 recurrence compatibility: checked completion, failed reopen and Undo
2026-10-10T04:58:06.6132320Z ##[endgroup]
2026-10-10T04:58:06.6132879Z TANDEMLOG_FIRST_FRAME_MS=17
2026-10-10T04:58:06.8726174Z TANDEMLOG_PHASE identity_lock=0
2026-10-10T04:58:06.8881419Z TANDEMLOG_PHASE sqlite_open_schema=15
2026-10-10T04:58:06.8998449Z TANDEMLOG_PHASE manifest=11
2026-10-10T04:58:06.9234385Z TANDEMLOG_PHASE ingest=23
2026-10-10T04:58:06.9524674Z TANDEMLOG_ROWS {"query_ms":0,"decode_ms":0,"sort_ms":0}
2026-10-10T04:58:07.0146580Z TANDEMLOG_READY_MS=419 FILES_READ=1
2026-10-10T04:58:12.0959498Z ##[group]✅ Passing tests
2026-10-10T04:58:12.0960304Z ✅ checkbox focus light 1200.0 x1.0: offline native task
2026-10-10T04:58:12.4151202Z ##[endgroup]
2026-10-10T04:58:12.4151479Z TANDEMLOG_FIRST_FRAME_MS=20
2026-10-10T04:58:12.6684208Z TANDEMLOG_PHASE identity_lock=0
2026-10-10T04:58:12.6840811Z TANDEMLOG_PHASE sqlite_open_schema=15
2026-10-10T04:58:12.6955560Z TANDEMLOG_PHASE manifest=11
2026-10-10T04:58:12.7184044Z TANDEMLOG_PHASE ingest=22
2026-10-10T04:58:12.7471308Z TANDEMLOG_ROWS {"query_ms":0,"decode_ms":0,"sort_ms":0}
2026-10-10T04:58:12.8099796Z TANDEMLOG_READY_MS=415 FILES_READ=1
2026-10-10T04:58:18.4804344Z ##[group]✅ Passing tests
2026-10-10T04:58:18.4804978Z ✅ checkbox focus dark 390.0 x1.0: offline native task
2026-10-10T04:58:18.7757416Z ##[endgroup]
2026-10-10T04:58:18.7757697Z TANDEMLOG_FIRST_FRAME_MS=15
2026-10-10T04:58:19.0309365Z TANDEMLOG_PHASE identity_lock=0
2026-10-10T04:58:19.0456039Z TANDEMLOG_PHASE sqlite_open_schema=14
2026-10-10T04:58:19.0570105Z TANDEMLOG_PHASE manifest=11
2026-10-10T04:58:19.0780367Z TANDEMLOG_PHASE ingest=20
2026-10-10T04:58:19.1059128Z TANDEMLOG_ROWS {"query_ms":0,"decode_ms":0,"sort_ms":0}
2026-10-10T04:58:19.1781605Z TANDEMLOG_READY_MS=417 FILES_READ=1
2026-10-10T04:58:25.9131997Z ##[group]✅ Passing tests
2026-10-10T04:58:25.9132799Z ✅ checkbox focus dark 390.0 x2.0: historical v3 recurrence compatibility
2026-10-10T04:58:27.1432844Z ##[endgroup]
2026-10-10T04:58:27.1433316Z TANDEMLOG_FIRST_FRAME_MS=15
2026-10-10T04:58:27.4137643Z TANDEMLOG_PHASE identity_lock=0
2026-10-10T04:58:27.4294843Z TANDEMLOG_PHASE sqlite_open_schema=15
2026-10-10T04:58:27.4412323Z TANDEMLOG_PHASE manifest=11
2026-10-10T04:58:27.4906558Z TANDEMLOG_PHASE ingest=48
2026-10-10T04:58:27.5290055Z TANDEMLOG_ROWS {"query_ms":0,"decode_ms":0,"sort_ms":0}
2026-10-10T04:58:27.6670598Z TANDEMLOG_READY_MS=539 FILES_READ=2
2026-10-10T04:58:30.9110117Z ##[group]✅ Passing tests
2026-10-10T04:58:30.9110926Z ✅ completion consent progress and admission: cancel
2026-10-10T04:58:32.1273771Z ##[endgroup]
2026-10-10T04:58:32.1274214Z TANDEMLOG_FIRST_FRAME_MS=15
2026-10-10T04:58:32.3813707Z TANDEMLOG_PHASE identity_lock=0
2026-10-10T04:58:32.3967567Z TANDEMLOG_PHASE sqlite_open_schema=15
2026-10-10T04:58:32.4084294Z TANDEMLOG_PHASE manifest=11
2026-10-10T04:58:32.4569173Z TANDEMLOG_PHASE ingest=48
2026-10-10T04:58:32.4940460Z TANDEMLOG_ROWS {"query_ms":0,"decode_ms":0,"sort_ms":0}
2026-10-10T04:58:32.6298473Z TANDEMLOG_READY_MS=518 FILES_READ=2
2026-10-10T04:58:35.7107818Z ##[group]✅ Passing tests
2026-10-10T04:58:35.7108268Z ✅ completion consent progress and admission: barrier
2026-10-10T04:58:36.9281385Z ##[endgroup]
2026-10-10T04:58:36.9281705Z TANDEMLOG_FIRST_FRAME_MS=16
2026-10-10T04:58:37.1847876Z TANDEMLOG_PHASE identity_lock=0
2026-10-10T04:58:37.2000743Z TANDEMLOG_PHASE sqlite_open_schema=15
2026-10-10T04:58:37.2126458Z TANDEMLOG_PHASE manifest=12
2026-10-10T04:58:37.2601871Z TANDEMLOG_PHASE ingest=47
2026-10-10T04:58:37.2919911Z TANDEMLOG_ROWS {"query_ms":0,"decode_ms":0,"sort_ms":0}
2026-10-10T04:58:37.4216954Z TANDEMLOG_READY_MS=510 FILES_READ=2
2026-10-10T04:58:40.6435800Z ##[group]✅ Passing tests
2026-10-10T04:58:40.6436219Z ✅ completion consent progress and admission: escape
2026-10-10T04:58:41.8259120Z ##[endgroup]
2026-10-10T04:58:41.8259642Z TANDEMLOG_FIRST_FRAME_MS=14
2026-10-10T04:58:42.0818905Z TANDEMLOG_PHASE identity_lock=0
2026-10-10T04:58:42.1002323Z TANDEMLOG_PHASE sqlite_open_schema=18
2026-10-10T04:58:42.1117472Z TANDEMLOG_PHASE manifest=11
2026-10-10T04:58:42.1581972Z TANDEMLOG_PHASE ingest=46
2026-10-10T04:58:42.1939347Z TANDEMLOG_ROWS {"query_ms":0,"decode_ms":0,"sort_ms":0}
2026-10-10T04:58:42.3209446Z TANDEMLOG_READY_MS=509 FILES_READ=2
2026-10-10T04:58:45.9277241Z ##[group]✅ Passing tests
2026-10-10T04:58:45.9277878Z ✅ completion consent progress and admission: confirm
2026-10-10T04:58:47.1421638Z ##[endgroup]
2026-10-10T04:58:47.1422100Z TANDEMLOG_FIRST_FRAME_MS=15
2026-10-10T04:58:47.3950917Z TANDEMLOG_PHASE identity_lock=0
2026-10-10T04:58:47.4104725Z TANDEMLOG_PHASE sqlite_open_schema=15
2026-10-10T04:58:47.4224327Z TANDEMLOG_PHASE manifest=11
2026-10-10T04:58:47.4689942Z TANDEMLOG_PHASE ingest=46
2026-10-10T04:58:47.5029237Z TANDEMLOG_ROWS {"query_ms":0,"decode_ms":0,"sort_ms":0}
2026-10-10T04:58:47.6404388Z TANDEMLOG_READY_MS=513 FILES_READ=2
2026-10-10T04:58:51.2112665Z ##[group]✅ Passing tests
2026-10-10T04:58:51.2113739Z ✅ completion consent progress and admission: failure
2026-10-10T04:58:59.2592075Z ##[endgroup]
2026-10-10T04:58:59.2592387Z TANDEMLOG_FIRST_FRAME_MS=14
2026-10-10T04:58:59.5162924Z TANDEMLOG_PHASE identity_lock=0
2026-10-10T04:58:59.5322088Z TANDEMLOG_PHASE sqlite_open_schema=15
2026-10-10T04:58:59.5441598Z TANDEMLOG_PHASE manifest=11
2026-10-10T04:58:59.7160268Z TANDEMLOG_PHASE ingest=171
2026-10-10T04:58:59.7643666Z TANDEMLOG_ROWS {"query_ms":0,"decode_ms":0,"sort_ms":0}
2026-10-10T04:59:00.0195523Z TANDEMLOG_READY_MS=775 FILES_READ=1
2026-10-10T04:59:12.1978744Z ##[group]✅ combined header and stationary selection 390.0 x1.0
2026-10-10T04:59:12.1980212Z HEADER_SELECTION_SEEK {"width":390.0,"text_scale":1.0,"steps":6,"viewport_height":578.0,"offset":1763.0,"max_extent":3585.7837837837833,"row_height":58.0}
2026-10-10T04:59:12.1981747Z ##[endgroup]
2026-10-10T04:59:19.9945774Z TANDEMLOG_FIRST_FRAME_MS=17
2026-10-10T04:59:20.2525442Z TANDEMLOG_PHASE identity_lock=0
2026-10-10T04:59:20.2673691Z TANDEMLOG_PHASE sqlite_open_schema=14
2026-10-10T04:59:20.2789959Z TANDEMLOG_PHASE manifest=11
2026-10-10T04:59:20.4225191Z TANDEMLOG_PHASE ingest=143
2026-10-10T04:59:20.4697857Z TANDEMLOG_ROWS {"query_ms":0,"decode_ms":0,"sort_ms":0}
2026-10-10T04:59:20.6381570Z TANDEMLOG_READY_MS=660 FILES_READ=1
2026-10-10T04:59:36.6337424Z ##[group]✅ combined header and stationary selection 320.0 x2.0
2026-10-10T04:59:36.6339300Z HEADER_SELECTION_SEEK {"width":320.0,"text_scale":2.0,"steps":21,"viewport_height":474.0,"offset":5231.0,"max_extent":10647.538461538461,"row_height":150.0}
2026-10-10T04:59:36.6340869Z ##[endgroup]
2026-10-10T04:59:37.8091826Z TANDEMLOG_FIRST_FRAME_MS=15
2026-10-10T04:59:38.0526972Z TANDEMLOG_PHASE identity_lock=0
2026-10-10T04:59:38.0822667Z TANDEMLOG_PHASE sqlite_open_schema=29
2026-10-10T04:59:38.0938775Z TANDEMLOG_PHASE manifest=11
2026-10-10T04:59:38.1412933Z TANDEMLOG_PHASE ingest=47
2026-10-10T04:59:38.1715934Z TANDEMLOG_ROWS {"query_ms":0,"decode_ms":0,"sort_ms":0}
2026-10-10T04:59:38.2269441Z TANDEMLOG_READY_MS=432 FILES_READ=1
2026-10-10T04:59:59.1804501Z ##[group]✅ Passing tests
2026-10-10T04:59:59.1805301Z ✅ native historical checklist recompletion and Undo keep child text
2026-10-10T04:59:59.5914321Z ##[endgroup]
2026-10-10T04:59:59.5914995Z TANDEMLOG_FIRST_FRAME_MS=14
2026-10-10T04:59:59.8427383Z TANDEMLOG_PHASE identity_lock=0
2026-10-10T04:59:59.8584026Z TANDEMLOG_PHASE sqlite_open_schema=15
2026-10-10T04:59:59.8701122Z TANDEMLOG_PHASE manifest=11
2026-10-10T04:59:59.8939283Z TANDEMLOG_PHASE ingest=23
2026-10-10T04:59:59.9255152Z TANDEMLOG_ROWS {"query_ms":0,"decode_ms":0,"sort_ms":0}
2026-10-10T04:59:59.9916147Z TANDEMLOG_READY_MS=414 FILES_READ=1
2026-10-10T05:00:04.2610149Z ##[group]✅ Passing tests
2026-10-10T05:00:04.2610656Z ✅ native stale bulk failure stays visible desktop-dark
2026-10-10T05:00:04.6759604Z ##[endgroup]
2026-10-10T05:00:04.6760002Z TANDEMLOG_FIRST_FRAME_MS=14
2026-10-10T05:00:04.9470326Z TANDEMLOG_PHASE identity_lock=0
2026-10-10T05:00:04.9621178Z TANDEMLOG_PHASE sqlite_open_schema=15
2026-10-10T05:00:04.9735511Z TANDEMLOG_PHASE manifest=11
2026-10-10T05:00:04.9979944Z TANDEMLOG_PHASE ingest=24
2026-10-10T05:00:05.0294957Z TANDEMLOG_ROWS {"query_ms":0,"decode_ms":0,"sort_ms":0}
2026-10-10T05:00:05.1750182Z TANDEMLOG_READY_MS=513 FILES_READ=1
2026-10-10T05:00:09.5451435Z ##[group]✅ Passing tests
2026-10-10T05:00:09.5452220Z ✅ native stale bulk failure stays visible narrow-dark
2026-10-10T05:00:09.9611682Z ##[endgroup]
2026-10-10T05:00:09.9612103Z TANDEMLOG_FIRST_FRAME_MS=17
2026-10-10T05:00:10.2247875Z TANDEMLOG_PHASE identity_lock=0
2026-10-10T05:00:10.2396414Z TANDEMLOG_PHASE sqlite_open_schema=14
2026-10-10T05:00:10.2508965Z TANDEMLOG_PHASE manifest=11
2026-10-10T05:00:10.2750357Z TANDEMLOG_PHASE ingest=23
2026-10-10T05:00:10.3029996Z TANDEMLOG_ROWS {"query_ms":0,"decode_ms":0,"sort_ms":0}
2026-10-10T05:00:10.3579183Z TANDEMLOG_READY_MS=414 FILES_READ=1
2026-10-10T05:00:14.7273662Z ##[group]✅ Passing tests
2026-10-10T05:00:14.7274405Z ✅ native stale bulk failure stays visible narrow-light-200-ime
2026-10-10T05:00:15.1232038Z ##[endgroup]
2026-10-10T05:00:15.1232875Z TANDEMLOG_FIRST_FRAME_MS=13
2026-10-10T05:00:15.3897913Z TANDEMLOG_PHASE identity_lock=0
2026-10-10T05:00:15.4049867Z TANDEMLOG_PHASE sqlite_open_schema=14
2026-10-10T05:00:15.4166922Z TANDEMLOG_PHASE manifest=11
2026-10-10T05:00:15.4401335Z TANDEMLOG_PHASE ingest=23
2026-10-10T05:00:15.4685395Z TANDEMLOG_ROWS {"query_ms":0,"decode_ms":0,"sort_ms":0}
2026-10-10T05:00:15.5230506Z TANDEMLOG_READY_MS=413 FILES_READ=1
2026-10-10T05:00:19.8603065Z ##[group]✅ Passing tests
2026-10-10T05:00:19.8603806Z ✅ native stale bulk failure stays visible small-dark-200-ime
2026-10-10T05:00:20.2111299Z ##[endgroup]
2026-10-10T05:00:20.2111612Z TANDEMLOG_FIRST_FRAME_MS=17
2026-10-10T05:00:20.4752461Z TANDEMLOG_PHASE identity_lock=0
2026-10-10T05:00:20.4901854Z TANDEMLOG_PHASE sqlite_open_schema=14
2026-10-10T05:00:20.5017665Z TANDEMLOG_PHASE manifest=11
2026-10-10T05:00:20.5290701Z TANDEMLOG_PHASE ingest=27
2026-10-10T05:00:20.5586057Z TANDEMLOG_ROWS {"query_ms":0,"decode_ms":0,"sort_ms":0}
2026-10-10T05:00:20.6266577Z TANDEMLOG_READY_MS=432 FILES_READ=1
2026-10-10T05:00:22.0873176Z ##[group]✅ Passing tests
2026-10-10T05:00:22.0873617Z ✅ Search keeps Undo and text alignment 1200.0 x1.0
2026-10-10T05:00:22.4625374Z ##[endgroup]
2026-10-10T05:00:22.4625898Z TANDEMLOG_FIRST_FRAME_MS=31
2026-10-10T05:00:22.7138117Z TANDEMLOG_PHASE identity_lock=0
2026-10-10T05:00:22.7290123Z TANDEMLOG_PHASE sqlite_open_schema=15
2026-10-10T05:00:22.7401378Z TANDEMLOG_PHASE manifest=11
2026-10-10T05:00:22.7676430Z TANDEMLOG_PHASE ingest=27
2026-10-10T05:00:22.7958320Z TANDEMLOG_ROWS {"query_ms":0,"decode_ms":0,"sort_ms":0}
2026-10-10T05:00:22.8745273Z TANDEMLOG_READY_MS=443 FILES_READ=1
2026-10-10T05:00:24.7189776Z ##[group]✅ Passing tests
2026-10-10T05:00:24.7190160Z ✅ Search keeps Undo and text alignment 1200.0 x2.0
2026-10-10T05:00:25.0716280Z ##[endgroup]
2026-10-10T05:00:25.0716557Z TANDEMLOG_FIRST_FRAME_MS=12
2026-10-10T05:00:25.3165267Z TANDEMLOG_PHASE identity_lock=0
2026-10-10T05:00:25.3436403Z TANDEMLOG_PHASE sqlite_open_schema=26
2026-10-10T05:00:25.3552171Z TANDEMLOG_PHASE manifest=11
2026-10-10T05:00:25.3818576Z TANDEMLOG_PHASE ingest=26
2026-10-10T05:00:25.4177649Z TANDEMLOG_ROWS {"query_ms":0,"decode_ms":0,"sort_ms":0}
2026-10-10T05:00:25.4978773Z TANDEMLOG_READY_MS=438 FILES_READ=1
2026-10-10T05:00:27.2370995Z ##[group]✅ Passing tests
2026-10-10T05:00:27.2371620Z ✅ Search keeps Undo and text alignment 390.0 x1.0
2026-10-10T05:00:27.5921176Z ##[endgroup]
2026-10-10T05:00:27.5921519Z TANDEMLOG_FIRST_FRAME_MS=15
2026-10-10T05:00:27.8538086Z TANDEMLOG_PHASE identity_lock=0
2026-10-10T05:00:27.8684993Z TANDEMLOG_PHASE sqlite_open_schema=14
2026-10-10T05:00:27.8799562Z TANDEMLOG_PHASE manifest=11
2026-10-10T05:00:27.9159944Z TANDEMLOG_PHASE ingest=35
2026-10-10T05:00:27.9476221Z TANDEMLOG_ROWS {"query_ms":0,"decode_ms":0,"sort_ms":0}
2026-10-10T05:00:28.0099346Z TANDEMLOG_READY_MS=433 FILES_READ=1
2026-10-10T05:00:29.4696058Z ##[group]✅ Passing tests
2026-10-10T05:00:29.4696470Z ✅ Search keeps Undo and text alignment 320.0 x2.0
2026-10-10T05:00:29.5278626Z ##[endgroup]
2026-10-10T05:00:29.5279072Z TANDEMLOG_FIRST_FRAME_MS=15
2026-10-10T05:00:29.8140677Z TANDEMLOG_ONBOARDING_READY_MS=302 FILES_READ=0
2026-10-10T05:00:30.2046303Z ##[group]✅ Passing tests
2026-10-10T05:00:30.2046844Z ✅ second instance does not read or write preferences and Retry acquires released lease
2026-10-10T05:00:30.2421853Z ##[endgroup]
2026-10-10T05:00:30.2422362Z TANDEMLOG_FIRST_FRAME_MS=13
2026-10-10T05:00:30.5054389Z ##[group]✅ Passing tests
2026-10-10T05:00:30.5054920Z ✅ interrupted startup releases installation lease after pending work
2026-10-10T05:00:30.9223819Z ##[endgroup]
2026-10-10T05:00:30.9224162Z TANDEMLOG_FIRST_FRAME_MS=12
2026-10-10T05:00:31.1650734Z TANDEMLOG_PHASE identity_lock=0
2026-10-10T05:00:31.1822557Z TANDEMLOG_PHASE sqlite_open_schema=16
2026-10-10T05:00:31.1936072Z TANDEMLOG_PHASE manifest=11
2026-10-10T05:00:31.2173421Z TANDEMLOG_PHASE ingest=23
2026-10-10T05:00:31.2455133Z TANDEMLOG_ROWS {"query_ms":0,"decode_ms":0,"sort_ms":0}
2026-10-10T05:00:31.3225044Z TANDEMLOG_READY_MS=412 FILES_READ=1
2026-10-10T05:00:38.1106174Z ##[group]✅ Passing tests
2026-10-10T05:00:38.1106840Z ✅ Inbox capture cancel edit Undo and history remain coherent
2026-10-10T05:00:38.4229578Z ##[endgroup]
2026-10-10T05:00:38.4229831Z TANDEMLOG_FIRST_FRAME_MS=13
2026-10-10T05:00:38.6718583Z TANDEMLOG_PHASE identity_lock=0
2026-10-10T05:00:38.6925514Z TANDEMLOG_PHASE sqlite_open_schema=20
2026-10-10T05:00:38.7050476Z TANDEMLOG_PHASE manifest=12
2026-10-10T05:00:38.7285675Z TANDEMLOG_PHASE ingest=23
2026-10-10T05:00:38.7556470Z TANDEMLOG_ROWS {"query_ms":0,"decode_ms":0,"sort_ms":0}
2026-10-10T05:00:38.8140079Z TANDEMLOG_READY_MS=404 FILES_READ=1
2026-10-10T05:00:40.3576472Z ##[group]✅ Passing tests
2026-10-10T05:00:40.3577114Z ✅ creation-only prefix keeps immutable capture through background reconciliation
2026-10-10T05:00:40.3920617Z ##[endgroup]
2026-10-10T05:00:40.3920872Z TANDEMLOG_FIRST_FRAME_MS=14
2026-10-10T05:00:40.5267782Z TANDEMLOG_ONBOARDING_READY_MS=150 FILES_READ=0
2026-10-10T05:00:41.3693463Z ##[group]✅ Passing tests
2026-10-10T05:00:41.3694026Z ✅ integrity action requires an open store
2026-10-10T05:00:41.6897022Z ##[endgroup]
2026-10-10T05:00:41.9361935Z TANDEMLOG_FIRST_FRAME_MS=13
2026-10-10T05:00:41.9362637Z TANDEMLOG_PHASE identity_lock=0
2026-10-10T05:00:41.9529856Z TANDEMLOG_PHASE sqlite_open_schema=16
2026-10-10T05:00:41.9641541Z TANDEMLOG_PHASE manifest=11
2026-10-10T05:00:41.9862284Z TANDEMLOG_PHASE ingest=21
2026-10-10T05:00:42.0140817Z TANDEMLOG_ROWS {"query_ms":0,"decode_ms":0,"sort_ms":0}
2026-10-10T05:00:42.0837999Z TANDEMLOG_READY_MS=407 FILES_READ=1
2026-10-10T05:00:52.3280143Z ##[group]✅ Passing tests
2026-10-10T05:00:52.3281562Z ✅ manual integrity preserves drafts Search selection and Undo, imports valid growth, and copies diagnostics
2026-10-10T05:00:53.1900017Z ##[endgroup]
2026-10-10T05:00:53.1900341Z TANDEMLOG_FIRST_FRAME_MS=13
2026-10-10T05:00:53.4336784Z TANDEMLOG_PHASE identity_lock=0
2026-10-10T05:00:53.4488704Z TANDEMLOG_PHASE sqlite_open_schema=15
2026-10-10T05:00:53.4608137Z TANDEMLOG_PHASE manifest=12
2026-10-10T05:00:53.4958740Z TANDEMLOG_PHASE ingest=34
2026-10-10T05:00:53.5315449Z TANDEMLOG_ROWS {"query_ms":0,"decode_ms":0,"sort_ms":0}
2026-10-10T05:00:53.5938845Z TANDEMLOG_READY_MS=417 FILES_READ=1
2026-10-10T05:00:55.8794326Z ##[group]✅ Passing tests
2026-10-10T05:00:55.8794838Z ✅ same-day precision sorts, constrains dragging and retains historical title
2026-10-10T05:00:56.2240427Z ##[endgroup]
2026-10-10T05:00:56.2241194Z TANDEMLOG_FIRST_FRAME_MS=14
2026-10-10T05:00:56.5134520Z TANDEMLOG_PHASE identity_lock=0
2026-10-10T05:00:56.5290252Z TANDEMLOG_PHASE sqlite_open_schema=15
2026-10-10T05:00:56.5402704Z TANDEMLOG_PHASE manifest=11
2026-10-10T05:00:56.5627400Z TANDEMLOG_PHASE ingest=22
2026-10-10T05:00:56.6045995Z TANDEMLOG_ROWS {"query_ms":0,"decode_ms":0,"sort_ms":0}
2026-10-10T05:00:56.7430355Z TANDEMLOG_READY_MS=529 FILES_READ=1
2026-10-10T05:01:07.3430584Z ##[group]✅ Passing tests
2026-10-10T05:01:07.3431093Z ✅ Settings copies the running release name without changing tasks
2026-10-10T05:01:07.6580319Z ##[endgroup]
2026-10-10T05:01:07.6580773Z TANDEMLOG_FIRST_FRAME_MS=13
2026-10-10T05:01:07.9553325Z TANDEMLOG_PHASE identity_lock=0
2026-10-10T05:01:07.9703943Z TANDEMLOG_PHASE sqlite_open_schema=14
2026-10-10T05:01:07.9816548Z TANDEMLOG_PHASE manifest=11
2026-10-10T05:01:08.0040228Z TANDEMLOG_PHASE ingest=22
2026-10-10T05:01:08.0463458Z TANDEMLOG_ROWS {"query_ms":0,"decode_ms":0,"sort_ms":0}
2026-10-10T05:01:08.1654014Z TANDEMLOG_READY_MS=520 FILES_READ=1
2026-10-10T05:01:23.5125709Z ##[group]✅ Passing tests
2026-10-10T05:01:23.5126637Z ✅ optional time rows preserve precision, zone and drafts
2026-10-10T05:01:23.8937989Z ##[endgroup]
2026-10-10T05:01:23.8938289Z TANDEMLOG_FIRST_FRAME_MS=17
2026-10-10T05:01:24.1375946Z TANDEMLOG_PHASE identity_lock=0
2026-10-10T05:01:24.1538521Z TANDEMLOG_PHASE sqlite_open_schema=16
2026-10-10T05:01:24.1657341Z TANDEMLOG_PHASE manifest=11
2026-10-10T05:01:24.1860765Z TANDEMLOG_PHASE ingest=20
2026-10-10T05:01:24.2142228Z TANDEMLOG_ROWS {"query_ms":0,"decode_ms":0,"sort_ms":0}
2026-10-10T05:01:24.2819798Z TANDEMLOG_READY_MS=405 FILES_READ=1
2026-10-10T05:01:31.5084465Z TANDEMLOG_FIRST_FRAME_MS=14
2026-10-10T05:01:31.5175674Z TANDEMLOG_PHASE identity_lock=0
2026-10-10T05:01:31.5386552Z TANDEMLOG_PHASE sqlite_open_schema=20
2026-10-10T05:01:31.5522057Z TANDEMLOG_PHASE manifest=13
2026-10-10T05:01:31.5665818Z TANDEMLOG_PHASE ingest=14
2026-10-10T05:01:31.5976715Z TANDEMLOG_ROWS {"query_ms":0,"decode_ms":0,"sort_ms":0}
2026-10-10T05:01:31.6719844Z TANDEMLOG_READY_MS=178 FILES_READ=0
2026-10-10T05:01:31.9270576Z ##[group]✅ Passing tests
2026-10-10T05:01:31.9271408Z ✅ offline new text, remote draft Save, Undo and explicit legacy setup
2026-10-10T05:01:32.6940351Z ##[endgroup]
2026-10-10T05:01:32.6940858Z TANDEMLOG_FIRST_FRAME_MS=16
2026-10-10T05:01:32.9907831Z TANDEMLOG_PHASE identity_lock=0
2026-10-10T05:01:33.0056885Z TANDEMLOG_PHASE sqlite_open_schema=14
2026-10-10T05:01:33.0173979Z TANDEMLOG_PHASE manifest=11
2026-10-10T05:01:33.0474177Z TANDEMLOG_PHASE ingest=29
2026-10-10T05:01:33.0994086Z TANDEMLOG_ROWS {"query_ms":0,"decode_ms":0,"sort_ms":0}
2026-10-10T05:01:33.2096347Z TANDEMLOG_READY_MS=532 FILES_READ=1
2026-10-10T05:01:34.4734363Z ##[group]✅ Passing tests
2026-10-10T05:01:34.4735206Z ✅ historical successor recompletion completes parent and keeps independent child
2026-10-10T05:01:34.7758308Z ##[endgroup]
2026-10-10T05:01:34.7758802Z TANDEMLOG_FIRST_FRAME_MS=16
2026-10-10T05:01:35.0205403Z TANDEMLOG_PHASE identity_lock=0
2026-10-10T05:01:35.0475375Z TANDEMLOG_PHASE sqlite_open_schema=26
2026-10-10T05:01:35.0590778Z TANDEMLOG_PHASE manifest=11
2026-10-10T05:01:35.0811267Z TANDEMLOG_PHASE ingest=21
2026-10-10T05:01:35.1093692Z TANDEMLOG_ROWS {"query_ms":0,"decode_ms":0,"sort_ms":0}
2026-10-10T05:01:35.1638372Z TANDEMLOG_READY_MS=404 FILES_READ=1
2026-10-10T05:01:37.7678719Z ##[group]✅ Passing tests
2026-10-10T05:01:37.7679255Z ✅ native recurring completion creates one editable inherited successor with receipt Undo
2026-10-10T05:01:38.3571055Z ##[endgroup]
2026-10-10T05:01:38.3571303Z TANDEMLOG_FIRST_FRAME_MS=13
2026-10-10T05:01:38.6171955Z TANDEMLOG_PHASE identity_lock=0
2026-10-10T05:01:38.6372217Z TANDEMLOG_PHASE sqlite_open_schema=19
2026-10-10T05:01:38.6486778Z TANDEMLOG_PHASE manifest=11
2026-10-10T05:01:38.6790512Z TANDEMLOG_PHASE ingest=29
2026-10-10T05:01:38.7088757Z TANDEMLOG_ROWS {"query_ms":0,"decode_ms":0,"sort_ms":0}
2026-10-10T05:01:38.7572416Z TANDEMLOG_READY_MS=413 FILES_READ=1
2026-10-10T05:02:01.4604087Z ##[group]✅ Passing tests
2026-10-10T05:02:01.4604726Z ✅ native checklist desktop dark repeated editors and refreshed completion warning
2026-10-10T05:02:02.0511469Z ##[endgroup]
2026-10-10T05:02:02.0511712Z TANDEMLOG_FIRST_FRAME_MS=13
2026-10-10T05:02:02.2879649Z TANDEMLOG_PHASE identity_lock=0
2026-10-10T05:02:02.3034761Z TANDEMLOG_PHASE sqlite_open_schema=15
2026-10-10T05:02:02.3251639Z TANDEMLOG_PHASE manifest=21
2026-10-10T05:02:02.3550099Z TANDEMLOG_PHASE ingest=29
2026-10-10T05:02:02.3859878Z TANDEMLOG_ROWS {"query_ms":0,"decode_ms":0,"sort_ms":0}
2026-10-10T05:02:02.4469906Z TANDEMLOG_READY_MS=409 FILES_READ=1
2026-10-10T05:02:28.0768986Z ##[group]✅ Passing tests
2026-10-10T05:02:28.0769972Z ✅ native checklist narrow enlarged light repeated editors and refreshed completion warning
2026-10-10T05:02:28.7733423Z ##[endgroup]
2026-10-10T05:02:28.7733828Z TANDEMLOG_FIRST_FRAME_MS=14
2026-10-10T05:02:29.0208190Z TANDEMLOG_PHASE identity_lock=0
2026-10-10T05:02:29.0356293Z TANDEMLOG_PHASE sqlite_open_schema=14
2026-10-10T05:02:29.0465244Z TANDEMLOG_PHASE manifest=10
2026-10-10T05:02:29.0775433Z TANDEMLOG_PHASE ingest=30
2026-10-10T05:02:29.1093232Z TANDEMLOG_ROWS {"query_ms":0,"decode_ms":0,"sort_ms":0}
2026-10-10T05:02:29.1591832Z TANDEMLOG_READY_MS=400 FILES_READ=1
2026-10-10T05:02:38.4937515Z ##[group]✅ Passing tests
2026-10-10T05:02:38.4938390Z ✅ checklist toggle acts directly on shown parents and follows live state
2026-10-10T05:02:39.4248296Z ##[endgroup]
2026-10-10T05:02:39.4248545Z TANDEMLOG_FIRST_FRAME_MS=14
2026-10-10T05:02:39.6689926Z TANDEMLOG_PHASE identity_lock=0
2026-10-10T05:02:39.6843778Z TANDEMLOG_PHASE sqlite_open_schema=15
2026-10-10T05:02:39.6959266Z TANDEMLOG_PHASE manifest=11
2026-10-10T05:02:39.7315259Z TANDEMLOG_PHASE ingest=35
2026-10-10T05:02:39.7606454Z TANDEMLOG_ROWS {"query_ms":0,"decode_ms":0,"sort_ms":0}
2026-10-10T05:02:39.8098068Z TANDEMLOG_READY_MS=399 FILES_READ=1
2026-10-10T05:02:48.2106209Z ##[group]✅ task row inset follows available width including desktop resize
2026-10-10T05:02:48.2107451Z CHECKLIST_DISCLOSURE_GEOMETRY width=599.0 scale=1.0 secondary=true body=Rect.fromLTRB(52.0, 238.0, 499.0, 314.0) target=Rect.fromLTRB(52.0, 314.0, 100.0, 342.0) count=Rect.fromLTRB(65.0, 316.0, 87.8, 336.0) textBottom=314.0
2026-10-10T05:02:48.2109120Z CHECKLIST_DISCLOSURE_GEOMETRY width=599.0 scale=1.0 secondary=false body=Rect.fromLTRB(52.0, 487.0, 499.0, 541.0) target=Rect.fromLTRB(52.0, 541.0, 100.0, 569.0) count=Rect.fromLTRB(65.0, 543.0, 87.8, 563.0) textBottom=541.0
2026-10-10T05:02:48.2111455Z CHECKLIST_DISCLOSURE_GEOMETRY width=1200.0 scale=1.0 secondary=true body=Rect.fromLTRB(68.0, 238.0, 819.4, 286.0) target=Rect.fromLTRB(68.0, 286.0, 116.0, 314.0) count=Rect.fromLTRB(81.0, 288.0, 103.8, 308.0) textBottom=286.0
2026-10-10T05:02:48.2113746Z CHECKLIST_DISCLOSURE_GEOMETRY width=1200.0 scale=1.0 secondary=false body=Rect.fromLTRB(68.0, 459.0, 754.9, 507.0) target=Rect.fromLTRB(68.0, 507.0, 116.0, 535.0) count=Rect.fromLTRB(81.0, 509.0, 103.8, 529.0) textBottom=507.0
2026-10-10T05:02:48.2115642Z CHECKLIST_DISCLOSURE_GEOMETRY width=600.0 scale=1.0 secondary=true body=Rect.fromLTRB(68.0, 238.0, 484.0, 314.0) target=Rect.fromLTRB(68.0, 314.0, 116.0, 342.0) count=Rect.fromLTRB(81.0, 316.0, 103.8, 336.0) textBottom=314.0
2026-10-10T05:02:48.2117195Z CHECKLIST_DISCLOSURE_GEOMETRY width=600.0 scale=1.0 secondary=false body=Rect.fromLTRB(68.0, 487.0, 484.0, 541.0) target=Rect.fromLTRB(68.0, 541.0, 116.0, 569.0) count=Rect.fromLTRB(81.0, 543.0, 103.8, 563.0) textBottom=541.0
2026-10-10T05:02:48.2118736Z CHECKLIST_DISCLOSURE_GEOMETRY width=390.0 scale=1.0 secondary=true body=Rect.fromLTRB(52.0, 238.0, 290.0, 362.0) target=Rect.fromLTRB(52.0, 362.0, 100.0, 390.0) count=Rect.fromLTRB(65.0, 364.0, 87.8, 384.0) textBottom=362.0
2026-10-10T05:02:48.2120624Z CHECKLIST_DISCLOSURE_GEOMETRY width=390.0 scale=1.0 secondary=false body=Rect.fromLTRB(52.0, 575.0, 290.0, 677.0) target=Rect.fromLTRB(52.0, 677.0, 100.0, 705.0) count=Rect.fromLTRB(65.0, 679.0, 87.8, 699.0) textBottom=677.0
2026-10-10T05:02:48.2122168Z CHECKLIST_DISCLOSURE_GEOMETRY width=360.0 scale=2.0 secondary=true body=Rect.fromLTRB(52.0, 286.0, 260.0, 766.0) target=Rect.fromLTRB(52.0, 766.0, 110.4, 814.0) count=Rect.fromLTRB(65.0, 768.0, 110.4, 808.0) textBottom=766.0
2026-10-10T05:02:48.2123983Z CHECKLIST_DISCLOSURE_GEOMETRY width=360.0 scale=2.0 secondary=false body=Rect.fromLTRB(52.0, 505.0, 260.0, 943.0) target=Rect.fromLTRB(52.0, 943.0, 110.4, 991.0) count=Rect.fromLTRB(65.0, 945.0, 110.4, 985.0) textBottom=943.0
2026-10-10T05:02:48.2125301Z CHECKLIST_DISCLOSURE_GEOMETRY width=390.0 scale=2.0 secondary=true body=Rect.fromLTRB(52.0, 238.0, 290.0, 670.0) target=Rect.fromLTRB(52.0, 670.0, 110.4, 718.0) count=Rect.fromLTRB(65.0, 672.0, 110.4, 712.0) textBottom=670.0
2026-10-10T05:02:48.2126831Z CHECKLIST_DISCLOSURE_GEOMETRY width=390.0 scale=2.0 secondary=false body=Rect.fromLTRB(52.0, 553.0, 290.0, 943.0) target=Rect.fromLTRB(52.0, 943.0, 110.4, 991.0) count=Rect.fromLTRB(65.0, 945.0, 110.4, 985.0) textBottom=943.0
2026-10-10T05:02:48.2128561Z CHECKLIST_DISCLOSURE_GEOMETRY width=620.0 scale=1.0 secondary=true body=Rect.fromLTRB(64.0, 238.0, 500.0, 314.0) target=Rect.fromLTRB(64.0, 314.0, 112.0, 342.0) count=Rect.fromLTRB(77.0, 316.0, 99.8, 336.0) textBottom=314.0
2026-10-10T05:02:48.2129872Z CHECKLIST_DISCLOSURE_GEOMETRY width=620.0 scale=1.0 secondary=false body=Rect.fromLTRB(64.0, 487.0, 500.0, 541.0) target=Rect.fromLTRB(64.0, 541.0, 112.0, 569.0) count=Rect.fromLTRB(77.0, 543.0, 99.8, 563.0) textBottom=541.0
2026-10-10T05:02:48.2132045Z CHECKLIST_DISCLOSURE_GEOMETRY width=390.0 scale=1.0 secondary=true body=Rect.fromLTRB(64.0, 238.0, 270.0, 362.0) target=Rect.fromLTRB(64.0, 362.0, 112.0, 390.0) count=Rect.fromLTRB(77.0, 364.0, 99.8, 384.0) textBottom=362.0
2026-10-10T05:02:48.2134499Z CHECKLIST_DISCLOSURE_GEOMETRY width=390.0 scale=1.0 secondary=false body=Rect.fromLTRB(64.0, 575.0, 270.0, 677.0) target=Rect.fromLTRB(64.0, 677.0, 112.0, 705.0) count=Rect.fromLTRB(77.0, 679.0, 99.8, 699.0) textBottom=677.0
2026-10-10T05:02:48.2135504Z ##[endgroup]
2026-10-10T05:02:48.5063099Z TANDEMLOG_FIRST_FRAME_MS=13
2026-10-10T05:02:48.7675788Z TANDEMLOG_PHASE identity_lock=0
2026-10-10T05:02:48.7817661Z TANDEMLOG_PHASE sqlite_open_schema=14
2026-10-10T05:02:48.7930087Z TANDEMLOG_PHASE manifest=11
2026-10-10T05:02:48.8141385Z TANDEMLOG_PHASE ingest=21
2026-10-10T05:02:48.8434015Z TANDEMLOG_ROWS {"query_ms":0,"decode_ms":0,"sort_ms":0}
2026-10-10T05:02:48.8824683Z TANDEMLOG_READY_MS=390 FILES_READ=1
2026-10-10T05:03:04.8106517Z ##[group]✅ Passing tests
2026-10-10T05:03:04.8107179Z ✅ task menu follows live item counts for mouse and keyboard
2026-10-10T05:03:05.2096366Z ##[endgroup]
2026-10-10T05:03:05.2096988Z TANDEMLOG_FIRST_FRAME_MS=15
2026-10-10T05:03:05.4605105Z TANDEMLOG_PHASE identity_lock=0
2026-10-10T05:03:05.4758686Z TANDEMLOG_PHASE sqlite_open_schema=15
2026-10-10T05:03:05.4872508Z TANDEMLOG_PHASE manifest=11
2026-10-10T05:03:05.5082095Z TANDEMLOG_PHASE ingest=20
2026-10-10T05:03:05.5272432Z TANDEMLOG_ROWS {"query_ms":0,"decode_ms":0,"sort_ms":0}
2026-10-10T05:03:05.5895668Z TANDEMLOG_READY_MS=395 FILES_READ=2
2026-10-10T05:03:15.8604052Z ##[group]✅ Passing tests
2026-10-10T05:03:15.8604864Z ✅ task menu refresh failure, keyboard, right click, selected-row Delete and Undo
2026-10-10T05:03:16.5563925Z ##[endgroup]
2026-10-10T05:03:16.5564199Z TANDEMLOG_FIRST_FRAME_MS=12
2026-10-10T05:03:16.8145758Z TANDEMLOG_PHASE identity_lock=0
2026-10-10T05:03:16.8291580Z TANDEMLOG_PHASE sqlite_open_schema=14
2026-10-10T05:03:16.8403318Z TANDEMLOG_PHASE manifest=11
2026-10-10T05:03:16.8714807Z TANDEMLOG_PHASE ingest=30
2026-10-10T05:03:16.9006988Z TANDEMLOG_ROWS {"query_ms":0,"decode_ms":0,"sort_ms":0}
2026-10-10T05:03:16.9391122Z TANDEMLOG_READY_MS=395 FILES_READ=1
2026-10-10T05:03:18.1547714Z TANDEMLOG_FIRST_FRAME_MS=11
2026-10-10T05:03:18.1639884Z TANDEMLOG_PHASE identity_lock=0
2026-10-10T05:03:18.1745894Z TANDEMLOG_PHASE sqlite_open_schema=10
2026-10-10T05:03:18.1852507Z TANDEMLOG_PHASE manifest=10
2026-10-10T05:03:18.1956958Z TANDEMLOG_PHASE ingest=10
2026-10-10T05:03:18.2237763Z TANDEMLOG_ROWS {"query_ms":0,"decode_ms":0,"sort_ms":0}
2026-10-10T05:03:18.3174653Z TANDEMLOG_READY_MS=174 FILES_READ=0
2026-10-10T05:03:27.1773389Z ##[group]✅ inline checklist desktop menu and item ownership
2026-10-10T05:03:27.1775533Z CHECKLIST_TRAILING_GEOMETRY narrow=false menu=Rect.fromLTRB(1088.0, 252.0, 1136.0, 300.0) parent=Rect.fromLTRB(1136.0, 252.0, 1184.0, 300.0) child=Rect.fromLTRB(1136.0, 314.0, 1184.0, 362.0) delete=Rect.fromLTRB(1088.0, 314.0, 1136.0, 362.0)
2026-10-10T05:03:27.1777495Z ##[endgroup]
2026-10-10T05:03:27.8563985Z TANDEMLOG_FIRST_FRAME_MS=13
2026-10-10T05:03:28.0965755Z TANDEMLOG_PHASE identity_lock=0
2026-10-10T05:03:28.1105419Z TANDEMLOG_PHASE sqlite_open_schema=14
2026-10-10T05:03:28.1215755Z TANDEMLOG_PHASE manifest=11
2026-10-10T05:03:28.1532374Z TANDEMLOG_PHASE ingest=31
2026-10-10T05:03:28.1841758Z TANDEMLOG_ROWS {"query_ms":0,"decode_ms":0,"sort_ms":0}
2026-10-10T05:03:28.2380455Z TANDEMLOG_READY_MS=394 FILES_READ=1
2026-10-10T05:03:29.4379092Z TANDEMLOG_FIRST_FRAME_MS=11
2026-10-10T05:03:29.4466794Z TANDEMLOG_PHASE identity_lock=0
2026-10-10T05:03:29.4569017Z TANDEMLOG_PHASE sqlite_open_schema=10
2026-10-10T05:03:29.4676599Z TANDEMLOG_PHASE manifest=10
2026-10-10T05:03:29.4785753Z TANDEMLOG_PHASE ingest=10
2026-10-10T05:03:29.5073034Z TANDEMLOG_ROWS {"query_ms":0,"decode_ms":0,"sort_ms":0}
2026-10-10T05:03:29.6042951Z TANDEMLOG_READY_MS=177 FILES_READ=0
2026-10-10T05:03:39.1603704Z ##[group]✅ inline checklist phone enlarged menu and item ownership
2026-10-10T05:03:39.1605329Z CHECKLIST_TRAILING_GEOMETRY narrow=true menu=Rect.fromLTRB(294.0, 357.0, 342.0, 405.0) parent=Rect.fromLTRB(342.0, 357.0, 390.0, 405.0) child=Rect.fromLTRB(342.0, 456.0, 390.0, 504.0) delete=Rect.fromLTRB(294.0, 456.0, 342.0, 504.0)
2026-10-10T05:03:39.1607089Z ##[endgroup]
2026-10-10T05:03:41.5916690Z TANDEMLOG_FIRST_FRAME_MS=15
2026-10-10T05:03:41.8369610Z TANDEMLOG_PHASE identity_lock=0
2026-10-10T05:03:41.8517123Z TANDEMLOG_PHASE sqlite_open_schema=14
2026-10-10T05:03:41.8628790Z TANDEMLOG_PHASE manifest=11
2026-10-10T05:03:41.9398451Z TANDEMLOG_PHASE ingest=76
2026-10-10T05:03:41.9817538Z TANDEMLOG_ROWS {"query_ms":0,"decode_ms":0,"sort_ms":0}
2026-10-10T05:03:42.1083593Z TANDEMLOG_READY_MS=531 FILES_READ=1
2026-10-10T05:03:55.9523373Z ##[group]❌ disclosure bottom spacing and ink retain compact row geometry (failed)
2026-10-10T05:03:55.9526388Z DISCLOSURE_LAYOUT width=1200.0 scale=1.0 secondary=true ordinaryBottom=6.0 disclosureBottom=6.0 body=Rect.fromLTRB(68.0, 355.0, 348.3, 405.0) target=Rect.fromLTRB(68.0, 405.0, 116.0, 433.0) count=Rect.fromLTRB(81.0, 407.0, 103.8, 427.0) shape=ChecklistDisclosureInkBorder()
2026-10-10T05:03:55.9529855Z DISCLOSURE_LAYOUT width=1200.0 scale=1.0 secondary=false ordinaryBottom=6.0 disclosureBottom=6.0 body=Rect.fromLTRB(68.0, 238.0, 283.9, 286.0) target=Rect.fromLTRB(68.0, 286.0, 116.0, 314.0) count=Rect.fromLTRB(81.0, 288.0, 103.8, 308.0) shape=ChecklistDisclosureInkBorder()
2026-10-10T05:03:55.9533585Z DISCLOSURE_LAYOUT width=1200.0 scale=2.0 secondary=true ordinaryBottom=6.0 disclosureBottom=6.0 body=Rect.fromLTRB(68.0, 477.0, 604.1, 571.0) target=Rect.fromLTRB(68.0, 571.0, 126.4, 619.0) count=Rect.fromLTRB(81.0, 573.0, 126.4, 613.0) shape=ChecklistDisclosureInkBorder()
2026-10-10T05:03:55.9537730Z DISCLOSURE_LAYOUT width=1200.0 scale=2.0 secondary=false ordinaryBottom=6.0 disclosureBottom=6.0 body=Rect.fromLTRB(68.0, 314.0, 488.8, 368.0) target=Rect.fromLTRB(68.0, 368.0, 126.4, 416.0) count=Rect.fromLTRB(81.0, 370.0, 126.4, 410.0) shape=ChecklistDisclosureInkBorder()
2026-10-10T05:03:55.9541343Z DISCLOSURE_LAYOUT width=390.0 scale=1.0 secondary=true ordinaryBottom=6.0 disclosureBottom=6.0 body=Rect.fromLTRB(52.0, 355.0, 267.9, 427.0) target=Rect.fromLTRB(52.0, 427.0, 100.0, 455.0) count=Rect.fromLTRB(65.0, 429.0, 87.8, 449.0) shape=ChecklistDisclosureInkBorder()
2026-10-10T05:03:55.9545433Z DISCLOSURE_LAYOUT width=390.0 scale=1.0 secondary=false ordinaryBottom=6.0 disclosureBottom=6.0 body=Rect.fromLTRB(52.0, 238.0, 267.9, 286.0) target=Rect.fromLTRB(52.0, 286.0, 100.0, 314.0) count=Rect.fromLTRB(65.0, 288.0, 87.8, 308.0) shape=ChecklistDisclosureInkBorder()
2026-10-10T05:03:55.9548951Z DISCLOSURE_LAYOUT width=390.0 scale=2.0 secondary=true ordinaryBottom=6.0 disclosureBottom=6.0 body=Rect.fromLTRB(52.0, 363.0, 290.0, 595.0) target=Rect.fromLTRB(52.0, 595.0, 110.4, 643.0) count=Rect.fromLTRB(65.0, 597.0, 110.4, 637.0) shape=ChecklistDisclosureInkBorder()
2026-10-10T05:03:55.9551532Z ══╡ EXCEPTION CAUGHT BY FLUTTER TEST FRAMEWORK ╞════════════════════════════════════════════════════
2026-10-10T05:03:55.9552961Z The following StateError was thrown running a test:
2026-10-10T05:03:55.9553889Z Bad state: No element
2026-10-10T05:03:55.9554400Z 
2026-10-10T05:03:55.9554859Z When the exception was thrown, this was the stack:
2026-10-10T05:03:55.9555710Z #0      Iterable.single (dart:core/iterable.dart:694:25)
2026-10-10T05:03:55.9557511Z #1      registerChecklistDisclosureLayoutTests.<anonymous closure>.reveal (file:///home/runner/work/tandemlog/tandemlog/integration_test/checklist_disclosure_layout_test.dart:104:29)
2026-10-10T05:03:55.9560739Z #2      registerChecklistDisclosureLayoutTests.<anonymous closure> (file:///home/runner/work/tandemlog/tandemlog/integration_test/checklist_disclosure_layout_test.dart:136:17)
2026-10-10T05:03:55.9561874Z <asynchronous suspension>
2026-10-10T05:03:55.9562849Z #3      testWidgets.<anonymous closure>.<anonymous closure> (package:flutter_test/src/widget_tester.dart:192:15)
2026-10-10T05:03:55.9563877Z <asynchronous suspension>
2026-10-10T05:03:55.9564565Z #4      TestWidgetsFlutterBinding._runTestBody (package:flutter_test/src/binding.dart:1953:5)
2026-10-10T05:03:55.9565124Z <asynchronous suspension>
2026-10-10T05:03:55.9565567Z <asynchronous suspension>
2026-10-10T05:03:55.9566000Z (elided one frame from package:stack_trace)
2026-10-10T05:03:55.9566330Z 
2026-10-10T05:03:55.9566473Z The test description was:
2026-10-10T05:03:55.9566992Z   disclosure bottom spacing and ink retain compact row geometry
2026-10-10T05:03:55.9567633Z ════════════════════════════════════════════════════════════════════════════════════════════════════
2026-10-10T05:03:55.9568043Z Test failed. See exception logs above.
2026-10-10T05:03:55.9568461Z The test description was: disclosure bottom spacing and ink retain compact row geometry
2026-10-10T05:03:55.9568802Z 
2026-10-10T05:03:55.9569100Z ##[endgroup]
2026-10-10T05:03:57.0899887Z TANDEMLOG_FIRST_FRAME_MS=13
2026-10-10T05:03:57.3308188Z TANDEMLOG_PHASE identity_lock=0
2026-10-10T05:03:57.3594011Z TANDEMLOG_PHASE sqlite_open_schema=28
2026-10-10T05:03:57.3701502Z TANDEMLOG_PHASE manifest=10
2026-10-10T05:03:57.4002442Z TANDEMLOG_PHASE ingest=29
2026-10-10T05:03:57.4275945Z TANDEMLOG_ROWS {"query_ms":0,"decode_ms":0,"sort_ms":0}
2026-10-10T05:03:57.4816714Z TANDEMLOG_READY_MS=405 FILES_READ=1
2026-10-10T05:04:04.5156163Z ##[group]✅ workspace switch rejects old checklist and menu callbacks with colliding IDs
2026-10-10T05:04:04.5157109Z TANDEMLOG_PHASE identity_lock=0
2026-10-10T05:04:04.5157533Z TANDEMLOG_PHASE sqlite_open_schema=42
2026-10-10T05:04:04.5158094Z TANDEMLOG_PHASE manifest=28
2026-10-10T05:04:04.5158488Z TANDEMLOG_PHASE ingest=26
2026-10-10T05:04:04.5158953Z TANDEMLOG_ROWS {"query_ms":0,"decode_ms":0,"sort_ms":0}
2026-10-10T05:04:04.5159461Z TANDEMLOG_PHASE identity_lock=0
2026-10-10T05:04:04.5160034Z TANDEMLOG_PHASE sqlite_open_schema=25
2026-10-10T05:04:04.5160672Z TANDEMLOG_PHASE manifest=10
2026-10-10T05:04:04.5161221Z TANDEMLOG_PHASE ingest=18
2026-10-10T05:04:04.5161923Z TANDEMLOG_ROWS {"query_ms":0,"decode_ms":0,"sort_ms":0}
2026-10-10T05:04:04.5163094Z ##[endgroup]
2026-10-10T05:04:04.9566785Z TANDEMLOG_FIRST_FRAME_MS=14
2026-10-10T05:04:05.2601765Z TANDEMLOG_PHASE identity_lock=0
2026-10-10T05:04:05.2751501Z TANDEMLOG_PHASE sqlite_open_schema=15
2026-10-10T05:04:05.2860959Z TANDEMLOG_PHASE manifest=11
2026-10-10T05:04:05.3089495Z TANDEMLOG_PHASE ingest=22
2026-10-10T05:04:05.3408010Z TANDEMLOG_ROWS {"query_ms":0,"decode_ms":0,"sort_ms":0}
2026-10-10T05:04:05.4502104Z TANDEMLOG_READY_MS=505 FILES_READ=2
2026-10-10T05:04:07.8760395Z TANDEMLOG_FIRST_FRAME_MS=15
2026-10-10T05:04:07.9115462Z TANDEMLOG_PHASE identity_lock=0
2026-10-10T05:04:07.9229746Z TANDEMLOG_PHASE sqlite_open_schema=11
2026-10-10T05:04:07.9353890Z TANDEMLOG_PHASE manifest=12
2026-10-10T05:04:07.9602015Z TANDEMLOG_PHASE ingest=24
2026-10-10T05:04:07.9888154Z TANDEMLOG_ROWS {"query_ms":0,"decode_ms":0,"sort_ms":0}
2026-10-10T05:04:08.0368136Z TANDEMLOG_READY_MS=175 FILES_READ=2
2026-10-10T05:04:08.2353050Z ##[group]✅ Passing tests
2026-10-10T05:04:08.2353554Z ✅ application disposal during item Save confirmed preserves durable intent
2026-10-10T05:04:08.7044493Z ##[endgroup]
2026-10-10T05:04:08.7044896Z TANDEMLOG_FIRST_FRAME_MS=13
2026-10-10T05:04:08.9906872Z TANDEMLOG_PHASE identity_lock=0
2026-10-10T05:04:09.0052811Z TANDEMLOG_PHASE sqlite_open_schema=14
2026-10-10T05:04:09.0165779Z TANDEMLOG_PHASE manifest=11
2026-10-10T05:04:09.0406894Z TANDEMLOG_PHASE ingest=23
2026-10-10T05:04:09.0606476Z TANDEMLOG_ROWS {"query_ms":0,"decode_ms":0,"sort_ms":0}
2026-10-10T05:04:09.1048875Z TANDEMLOG_READY_MS=411 FILES_READ=1
2026-10-10T05:04:11.4587541Z TANDEMLOG_FIRST_FRAME_MS=16
2026-10-10T05:04:11.4956807Z TANDEMLOG_PHASE identity_lock=0
2026-10-10T05:04:11.5066582Z TANDEMLOG_PHASE sqlite_open_schema=11
2026-10-10T05:04:11.5183547Z TANDEMLOG_PHASE manifest=11
2026-10-10T05:04:11.5528021Z TANDEMLOG_PHASE ingest=34
2026-10-10T05:04:11.5808676Z TANDEMLOG_ROWS {"query_ms":0,"decode_ms":0,"sort_ms":0}
2026-10-10T05:04:11.6192174Z TANDEMLOG_READY_MS=175 FILES_READ=2
2026-10-10T05:04:11.8028455Z ##[group]✅ Passing tests
2026-10-10T05:04:11.8028933Z ✅ application disposal during item Save unknown preserves durable intent
2026-10-10T05:04:12.2636347Z ##[endgroup]
2026-10-10T05:04:12.2636951Z TANDEMLOG_FIRST_FRAME_MS=13
2026-10-10T05:04:12.5419196Z TANDEMLOG_PHASE identity_lock=0
2026-10-10T05:04:12.5567031Z TANDEMLOG_PHASE sqlite_open_schema=14
2026-10-10T05:04:12.5681461Z TANDEMLOG_PHASE manifest=11
2026-10-10T05:04:12.5950839Z TANDEMLOG_PHASE ingest=26
2026-10-10T05:04:12.6227503Z TANDEMLOG_ROWS {"query_ms":0,"decode_ms":0,"sort_ms":0}
2026-10-10T05:04:12.6670140Z TANDEMLOG_READY_MS=413 FILES_READ=1
2026-10-10T05:04:13.9193997Z ##[group]✅ Passing tests
2026-10-10T05:04:13.9194443Z ✅ application disposal finishes item route ownership teardown
2026-10-10T05:04:14.2229306Z ##[endgroup]
2026-10-10T05:04:14.2229549Z TANDEMLOG_FIRST_FRAME_MS=13
2026-10-10T05:04:14.4613621Z TANDEMLOG_PHASE identity_lock=0
2026-10-10T05:04:14.4881815Z TANDEMLOG_PHASE sqlite_open_schema=26
2026-10-10T05:04:14.5033452Z TANDEMLOG_PHASE manifest=15
2026-10-10T05:04:14.5229352Z TANDEMLOG_PHASE ingest=19
2026-10-10T05:04:14.5416480Z TANDEMLOG_ROWS {"query_ms":0,"decode_ms":0,"sort_ms":0}
2026-10-10T05:04:14.6107561Z TANDEMLOG_READY_MS=401 FILES_READ=2
2026-10-10T05:04:17.9437728Z ##[group]✅ Passing tests
2026-10-10T05:04:17.9438447Z ✅ new item late acknowledgement remains frozen until exact Retry Save
2026-10-10T05:04:18.3740198Z ##[endgroup]
2026-10-10T05:04:18.3740550Z TANDEMLOG_FIRST_FRAME_MS=13
2026-10-10T05:04:18.6397729Z TANDEMLOG_PHASE identity_lock=0
2026-10-10T05:04:18.6541649Z TANDEMLOG_PHASE sqlite_open_schema=14
2026-10-10T05:04:18.6652031Z TANDEMLOG_PHASE manifest=10
2026-10-10T05:04:18.6891699Z TANDEMLOG_PHASE ingest=23
2026-10-10T05:04:18.7077139Z TANDEMLOG_ROWS {"query_ms":0,"decode_ms":0,"sort_ms":0}
2026-10-10T05:04:18.7650177Z TANDEMLOG_READY_MS=404 FILES_READ=2
2026-10-10T05:04:22.0426198Z ##[group]✅ Passing tests
2026-10-10T05:04:22.0426719Z ✅ task Undo waits for item route and native lease teardown once
2026-10-10T05:04:22.5557871Z ##[endgroup]
2026-10-10T05:04:22.5558113Z TANDEMLOG_FIRST_FRAME_MS=13
2026-10-10T05:04:22.7967670Z TANDEMLOG_PHASE identity_lock=0
2026-10-10T05:04:22.8257996Z TANDEMLOG_PHASE sqlite_open_schema=28
2026-10-10T05:04:22.8372197Z TANDEMLOG_PHASE manifest=11
2026-10-10T05:04:22.8611010Z TANDEMLOG_PHASE ingest=23
2026-10-10T05:04:22.8796771Z TANDEMLOG_ROWS {"query_ms":0,"decode_ms":0,"sort_ms":0}
2026-10-10T05:04:22.9466635Z TANDEMLOG_READY_MS=404 FILES_READ=2
2026-10-10T05:04:25.1922944Z ##[group]✅ Passing tests
2026-10-10T05:04:25.1923370Z ✅ user switch waits only for item Save and route teardown
2026-10-10T05:04:25.7061763Z ##[endgroup]
2026-10-10T05:04:25.7062058Z TANDEMLOG_FIRST_FRAME_MS=13
2026-10-10T05:04:25.9471690Z TANDEMLOG_PHASE identity_lock=0
2026-10-10T05:04:25.9792312Z TANDEMLOG_PHASE sqlite_open_schema=31
2026-10-10T05:04:25.9929359Z TANDEMLOG_PHASE manifest=13
2026-10-10T05:04:26.0205954Z TANDEMLOG_PHASE ingest=27
2026-10-10T05:04:26.0549807Z TANDEMLOG_ROWS {"query_ms":0,"decode_ms":0,"sort_ms":0}
2026-10-10T05:04:26.0993662Z TANDEMLOG_READY_MS=406 FILES_READ=1
2026-10-10T05:04:28.5263639Z ##[group]✅ Passing tests
2026-10-10T05:04:28.5264174Z ✅ user switch saves private item before changing identity
2026-10-10T05:04:28.9380461Z ##[endgroup]
2026-10-10T05:04:28.9380751Z TANDEMLOG_FIRST_FRAME_MS=12
2026-10-10T05:04:29.1956602Z TANDEMLOG_PHASE identity_lock=0
2026-10-10T05:04:29.2105881Z TANDEMLOG_PHASE sqlite_open_schema=14
2026-10-10T05:04:29.2217465Z TANDEMLOG_PHASE manifest=11
2026-10-10T05:04:29.2456152Z TANDEMLOG_PHASE ingest=23
2026-10-10T05:04:29.2741788Z TANDEMLOG_ROWS {"query_ms":0,"decode_ms":0,"sort_ms":0}
2026-10-10T05:04:29.3353448Z TANDEMLOG_READY_MS=409 FILES_READ=1
2026-10-10T05:04:33.6768549Z ##[group]✅ Passing tests
2026-10-10T05:04:33.6769044Z ✅ native bulk named apply persists only Due time desktop-dark
2026-10-10T05:04:34.0710174Z ##[endgroup]
2026-10-10T05:04:34.0710418Z TANDEMLOG_FIRST_FRAME_MS=12
2026-10-10T05:04:34.3307336Z TANDEMLOG_PHASE identity_lock=0
2026-10-10T05:04:34.3460763Z TANDEMLOG_PHASE sqlite_open_schema=15
2026-10-10T05:04:34.3575449Z TANDEMLOG_PHASE manifest=11
2026-10-10T05:04:34.3817295Z TANDEMLOG_PHASE ingest=24
2026-10-10T05:04:34.4094930Z TANDEMLOG_ROWS {"query_ms":0,"decode_ms":0,"sort_ms":0}
2026-10-10T05:04:34.4654276Z TANDEMLOG_READY_MS=406 FILES_READ=1
2026-10-10T05:04:38.9924074Z ##[group]✅ Passing tests
2026-10-10T05:04:38.9924855Z ✅ native bulk named apply persists only Due time narrow-light-200
2026-10-10T05:04:39.4389638Z ##[endgroup]
2026-10-10T05:04:39.4389957Z TANDEMLOG_FIRST_FRAME_MS=13
2026-10-10T05:04:39.6797614Z TANDEMLOG_PHASE identity_lock=0
2026-10-10T05:04:39.7064709Z TANDEMLOG_PHASE sqlite_open_schema=26
2026-10-10T05:04:39.7219968Z TANDEMLOG_PHASE manifest=15
2026-10-10T05:04:39.7447252Z TANDEMLOG_PHASE ingest=22
2026-10-10T05:04:39.7734092Z TANDEMLOG_ROWS {"query_ms":0,"decode_ms":0,"sort_ms":0}
2026-10-10T05:04:39.8315576Z TANDEMLOG_READY_MS=405 FILES_READ=1
2026-10-10T05:04:44.4953017Z ##[group]✅ Passing tests
2026-10-10T05:04:44.4953445Z ✅ native field spacing 1200.0/1.0
2026-10-10T05:04:44.8891045Z ##[endgroup]
2026-10-10T05:04:44.8891476Z TANDEMLOG_FIRST_FRAME_MS=12
2026-10-10T05:04:45.1464046Z TANDEMLOG_PHASE identity_lock=0
2026-10-10T05:04:45.1608685Z TANDEMLOG_PHASE sqlite_open_schema=14
2026-10-10T05:04:45.1720506Z TANDEMLOG_PHASE manifest=11
2026-10-10T05:04:45.1936537Z TANDEMLOG_PHASE ingest=21
2026-10-10T05:04:45.2210925Z TANDEMLOG_ROWS {"query_ms":0,"decode_ms":0,"sort_ms":0}
2026-10-10T05:04:45.2795238Z TANDEMLOG_READY_MS=403 FILES_READ=1
2026-10-10T05:04:50.0953414Z ##[group]✅ Passing tests
2026-10-10T05:04:50.0954598Z ✅ native field spacing 390.0/1.0
2026-10-10T05:04:50.5072735Z ##[endgroup]
2026-10-10T05:04:50.5073001Z TANDEMLOG_FIRST_FRAME_MS=14
2026-10-10T05:04:50.7683433Z TANDEMLOG_PHASE identity_lock=0
2026-10-10T05:04:50.7845797Z TANDEMLOG_PHASE sqlite_open_schema=16
2026-10-10T05:04:50.7958753Z TANDEMLOG_PHASE manifest=11
2026-10-10T05:04:50.8176793Z TANDEMLOG_PHASE ingest=21
2026-10-10T05:04:50.8454273Z TANDEMLOG_ROWS {"query_ms":0,"decode_ms":0,"sort_ms":0}
2026-10-10T05:04:50.8959632Z TANDEMLOG_READY_MS=402 FILES_READ=1
2026-10-10T05:04:55.7795128Z ##[group]✅ Passing tests
2026-10-10T05:04:55.7795705Z ✅ native field spacing 390.0/2.0
2026-10-10T05:04:56.6737840Z ##[endgroup]
2026-10-10T05:04:56.6738148Z TANDEMLOG_FIRST_FRAME_MS=13
2026-10-10T05:04:56.9408997Z TANDEMLOG_PHASE identity_lock=0
2026-10-10T05:04:56.9512815Z TANDEMLOG_PHASE sqlite_open_schema=10
2026-10-10T05:04:56.9633684Z TANDEMLOG_PHASE manifest=11
2026-10-10T05:04:56.9896398Z TANDEMLOG_PHASE ingest=26
2026-10-10T05:04:57.0181473Z TANDEMLOG_ROWS {"query_ms":0,"decode_ms":0,"sort_ms":0}
2026-10-10T05:04:57.0884916Z TANDEMLOG_READY_MS=428 FILES_READ=1
2026-10-10T05:05:13.8676022Z ##[group]✅ Passing tests
2026-10-10T05:05:13.8676966Z ✅ shared tag editing and filtering desktop-dark
2026-10-10T05:05:14.7748593Z ##[endgroup]
2026-10-10T05:05:14.7748851Z TANDEMLOG_FIRST_FRAME_MS=14
2026-10-10T05:05:15.0200340Z TANDEMLOG_PHASE identity_lock=0
2026-10-10T05:05:15.0466785Z TANDEMLOG_PHASE sqlite_open_schema=26
2026-10-10T05:05:15.0595828Z TANDEMLOG_PHASE manifest=12
2026-10-10T05:05:15.0863858Z TANDEMLOG_PHASE ingest=26
2026-10-10T05:05:15.1217792Z TANDEMLOG_ROWS {"query_ms":0,"decode_ms":0,"sort_ms":0}
2026-10-10T05:05:15.1856303Z TANDEMLOG_READY_MS=425 FILES_READ=1
2026-10-10T05:05:33.4123310Z ##[group]✅ Passing tests
2026-10-10T05:05:33.4123805Z ✅ shared tag editing and filtering narrow-dark
2026-10-10T05:05:34.3395369Z ##[endgroup]
2026-10-10T05:05:34.3395694Z TANDEMLOG_FIRST_FRAME_MS=27
2026-10-10T05:05:34.5821736Z TANDEMLOG_PHASE identity_lock=0
2026-10-10T05:05:34.6073286Z TANDEMLOG_PHASE sqlite_open_schema=24
2026-10-10T05:05:34.6186488Z TANDEMLOG_PHASE manifest=11
2026-10-10T05:05:34.6452477Z TANDEMLOG_PHASE ingest=26
2026-10-10T05:05:34.6815239Z TANDEMLOG_ROWS {"query_ms":0,"decode_ms":0,"sort_ms":0}
2026-10-10T05:05:34.7498660Z TANDEMLOG_READY_MS=437 FILES_READ=1
2026-10-10T05:05:54.5622037Z ##[group]✅ Passing tests
2026-10-10T05:05:54.5622820Z ✅ shared tag editing and filtering narrow-light-200
2026-10-10T05:05:54.8733564Z ##[endgroup]
2026-10-10T05:05:54.8733834Z TANDEMLOG_FIRST_FRAME_MS=13
2026-10-10T05:05:55.1153351Z TANDEMLOG_PHASE identity_lock=0
2026-10-10T05:05:55.1454439Z TANDEMLOG_PHASE sqlite_open_schema=29
2026-10-10T05:05:55.1564730Z TANDEMLOG_PHASE manifest=11
2026-10-10T05:05:55.1758612Z TANDEMLOG_PHASE ingest=19
2026-10-10T05:05:55.1943786Z TANDEMLOG_ROWS {"query_ms":0,"decode_ms":0,"sort_ms":0}
2026-10-10T05:05:55.2622647Z TANDEMLOG_READY_MS=402 FILES_READ=2
2026-10-10T05:05:57.1594994Z ##[group]✅ Passing tests
2026-10-10T05:05:57.1595667Z ✅ queued task capture cannot append after reconciliation discovers shared authority loss
2026-10-10T05:05:57.4553803Z ##[endgroup]
2026-10-10T05:05:57.6981232Z TANDEMLOG_FIRST_FRAME_MS=12
2026-10-10T05:05:57.6981722Z TANDEMLOG_PHASE identity_lock=0
2026-10-10T05:05:57.7279909Z TANDEMLOG_PHASE sqlite_open_schema=29
2026-10-10T05:05:57.7400962Z TANDEMLOG_PHASE manifest=12
2026-10-10T05:05:57.7685407Z TANDEMLOG_PHASE ingest=28
2026-10-10T05:05:57.7776908Z TANDEMLOG_ROWS {"query_ms":0,"decode_ms":0,"sort_ms":0}
2026-10-10T05:05:57.8439158Z TANDEMLOG_READY_MS=401 FILES_READ=2
2026-10-10T05:05:59.9931735Z ##[group]✅ Passing tests
2026-10-10T05:05:59.9932879Z ✅ shared recovery retains private task editor draft and rejects a retained Save
2026-10-10T05:06:00.2892295Z ##[endgroup]
2026-10-10T05:06:00.2892723Z TANDEMLOG_FIRST_FRAME_MS=13
2026-10-10T05:06:00.5260395Z TANDEMLOG_PHASE identity_lock=0
2026-10-10T05:06:00.5405280Z TANDEMLOG_PHASE sqlite_open_schema=14
2026-10-10T05:06:00.5618851Z TANDEMLOG_PHASE manifest=20
2026-10-10T05:06:00.5877884Z TANDEMLOG_PHASE ingest=24
2026-10-10T05:06:00.6059087Z TANDEMLOG_ROWS {"query_ms":0,"decode_ms":0,"sort_ms":0}
2026-10-10T05:06:00.6952682Z TANDEMLOG_READY_MS=419 FILES_READ=2
2026-10-10T05:06:04.4096311Z ##[group]✅ Passing tests
2026-10-10T05:06:04.4097013Z ✅ restored exact manifest resumes the same draft after guarded repeated Retry
2026-10-10T05:06:04.7245298Z ##[endgroup]
2026-10-10T05:06:04.7245567Z TANDEMLOG_FIRST_FRAME_MS=14
2026-10-10T05:06:04.9695689Z TANDEMLOG_PHASE identity_lock=0
2026-10-10T05:06:04.9964245Z TANDEMLOG_PHASE sqlite_open_schema=26
2026-10-10T05:06:05.0088637Z TANDEMLOG_PHASE manifest=12
2026-10-10T05:06:05.0324343Z TANDEMLOG_PHASE ingest=23
2026-10-10T05:06:05.0996960Z TANDEMLOG_ROWS {"query_ms":0,"decode_ms":0,"sort_ms":0}
2026-10-10T05:06:05.2270063Z TANDEMLOG_READY_MS=516 FILES_READ=1
2026-10-10T05:06:07.4271434Z ##[group]✅ Passing tests
2026-10-10T05:06:07.4272318Z ✅ isolated Food startup failure keeps Tasks writable and retries only Food
2026-10-10T05:06:07.7236979Z ##[endgroup]
2026-10-10T05:06:07.7237312Z TANDEMLOG_FIRST_FRAME_MS=13
2026-10-10T05:06:07.9828299Z TANDEMLOG_PHASE identity_lock=0
2026-10-10T05:06:07.9974662Z TANDEMLOG_PHASE sqlite_open_schema=14
2026-10-10T05:06:08.0087232Z TANDEMLOG_PHASE manifest=11
2026-10-10T05:06:08.0300591Z TANDEMLOG_PHASE ingest=21
2026-10-10T05:06:08.0573049Z TANDEMLOG_ROWS {"query_ms":0,"decode_ms":0,"sort_ms":0}
2026-10-10T05:06:08.1151889Z TANDEMLOG_READY_MS=405 FILES_READ=1
2026-10-10T05:06:12.5242158Z TANDEMLOG_FIRST_FRAME_MS=14
2026-10-10T05:06:12.5332192Z TANDEMLOG_PHASE identity_lock=0
2026-10-10T05:06:12.5576338Z TANDEMLOG_PHASE sqlite_open_schema=24
2026-10-10T05:06:12.5697081Z TANDEMLOG_PHASE manifest=12
2026-10-10T05:06:12.5814417Z TANDEMLOG_PHASE ingest=11
2026-10-10T05:06:12.6223475Z TANDEMLOG_ROWS {"query_ms":0,"decode_ms":0,"sort_ms":0}
2026-10-10T05:06:12.7142418Z TANDEMLOG_READY_MS=204 FILES_READ=0
2026-10-10T05:06:15.5598607Z ##[group]✅ Passing tests
2026-10-10T05:06:15.5620013Z ✅ production Food navigation persists Deleted and restores after restart
2026-10-10T05:06:15.9747643Z ##[endgroup]
2026-10-10T05:06:15.9748079Z TANDEMLOG_FIRST_FRAME_MS=14
2026-10-10T05:06:16.2531285Z TANDEMLOG_PHASE identity_lock=0
2026-10-10T05:06:16.2684752Z TANDEMLOG_PHASE sqlite_open_schema=15
2026-10-10T05:06:16.2797553Z TANDEMLOG_PHASE manifest=11
2026-10-10T05:06:16.3041330Z TANDEMLOG_PHASE ingest=24
2026-10-10T05:06:16.3444782Z TANDEMLOG_ROWS {"query_ms":0,"decode_ms":0,"sort_ms":0}
2026-10-10T05:06:16.4707621Z TANDEMLOG_READY_MS=509 FILES_READ=1
2026-10-10T05:06:50.8454544Z ##[group]✅ Passing tests
2026-10-10T05:06:50.8455251Z ✅ phone single and bulk editors keep fields usable with the IME
2026-10-10T05:06:51.2570468Z ##[endgroup]
2026-10-10T05:06:51.2570721Z TANDEMLOG_FIRST_FRAME_MS=14
2026-10-10T05:06:51.5359246Z TANDEMLOG_PHASE identity_lock=0
2026-10-10T05:06:51.5502735Z TANDEMLOG_PHASE sqlite_open_schema=14
2026-10-10T05:06:51.5619158Z TANDEMLOG_PHASE manifest=11
2026-10-10T05:06:51.5850411Z TANDEMLOG_PHASE ingest=22
2026-10-10T05:06:51.6276361Z TANDEMLOG_ROWS {"query_ms":0,"decode_ms":0,"sort_ms":0}
2026-10-10T05:06:51.7473520Z TANDEMLOG_READY_MS=502 FILES_READ=1
2026-10-10T05:06:59.0396037Z TANDEMLOG_FIRST_FRAME_MS=13
2026-10-10T05:06:59.0586450Z TANDEMLOG_PHASE identity_lock=0
2026-10-10T05:06:59.0688546Z TANDEMLOG_PHASE sqlite_open_schema=10
2026-10-10T05:06:59.0797778Z TANDEMLOG_PHASE manifest=10
2026-10-10T05:06:59.0901700Z TANDEMLOG_PHASE ingest=10
2026-10-10T05:06:59.1215260Z TANDEMLOG_ROWS {"query_ms":0,"decode_ms":0,"sort_ms":0}
2026-10-10T05:06:59.1876594Z TANDEMLOG_READY_MS=159 FILES_READ=0
2026-10-10T05:07:08.0479421Z ##[group]✅ Passing tests
2026-10-10T05:07:08.0479835Z ✅ phone tag dropdown stays tappable above an open keyboard
2026-10-10T05:07:09.4217120Z ##[endgroup]
2026-10-10T05:07:09.4217504Z TANDEMLOG_FIRST_FRAME_MS=13
2026-10-10T05:07:09.6938251Z TANDEMLOG_PHASE identity_lock=0
2026-10-10T05:07:09.7081907Z TANDEMLOG_PHASE sqlite_open_schema=14
2026-10-10T05:07:09.7192668Z TANDEMLOG_PHASE manifest=11
2026-10-10T05:07:09.7509850Z TANDEMLOG_PHASE ingest=31
2026-10-10T05:07:09.8026909Z TANDEMLOG_ROWS {"query_ms":0,"decode_ms":0,"sort_ms":0}
2026-10-10T05:07:09.9251476Z TANDEMLOG_READY_MS=514 FILES_READ=1
2026-10-10T05:07:44.7213315Z ##[group]✅ Passing tests
2026-10-10T05:07:44.7213836Z ✅ multi-tag selection bulk editing deletion and guarded editor sessions
2026-10-10T05:07:46.2564133Z ##[endgroup]
2026-10-10T05:07:46.2565648Z TANDEMLOG_FIRST_FRAME_MS=13
2026-10-10T05:07:46.5181478Z TANDEMLOG_PHASE identity_lock=0
2026-10-10T05:07:46.5331262Z TANDEMLOG_PHASE sqlite_open_schema=14
2026-10-10T05:07:46.5443387Z TANDEMLOG_PHASE manifest=11
2026-10-10T05:07:46.5745123Z TANDEMLOG_PHASE ingest=29
2026-10-10T05:07:46.6029708Z TANDEMLOG_ROWS {"query_ms":0,"decode_ms":0,"sort_ms":0}
2026-10-10T05:07:46.6346831Z TANDEMLOG_READY_MS=391 FILES_READ=1
2026-10-10T05:07:55.8296622Z ##[group]✅ Passing tests
2026-10-10T05:07:55.8297361Z ✅ workspace search preserves filters drafts and completion sections
2026-10-10T05:07:55.8740086Z ##[endgroup]
2026-10-10T05:07:55.8740611Z TANDEMLOG_FIRST_FRAME_MS=13
2026-10-10T05:07:56.4232364Z TANDEMLOG_FIRST_FRAME_MS=13
2026-10-10T05:07:56.4574424Z TANDEMLOG_PHASE identity_lock=0
2026-10-10T05:07:56.4679111Z TANDEMLOG_PHASE sqlite_open_schema=10
2026-10-10T05:07:56.4818957Z TANDEMLOG_PHASE manifest=13
2026-10-10T05:07:56.4930552Z TANDEMLOG_PHASE ingest=11
2026-10-10T05:07:56.5221423Z TANDEMLOG_ROWS {"query_ms":0,"decode_ms":0,"sort_ms":0}
2026-10-10T05:07:56.5745371Z TANDEMLOG_ONBOARDING_READY_MS=161 FILES_READ=0
2026-10-10T05:08:14.6073145Z TANDEMLOG_FIRST_FRAME_MS=13
2026-10-10T05:08:14.6419593Z TANDEMLOG_PHASE identity_lock=0
2026-10-10T05:08:14.6520354Z TANDEMLOG_PHASE sqlite_open_schema=10
2026-10-10T05:08:14.6629604Z TANDEMLOG_PHASE manifest=10
2026-10-10T05:08:14.6739862Z TANDEMLOG_PHASE ingest=10
2026-10-10T05:08:14.7015743Z TANDEMLOG_ROWS {"query_ms":0,"decode_ms":0,"sort_ms":0}
2026-10-10T05:08:14.7647796Z TANDEMLOG_READY_MS=169 FILES_READ=0
2026-10-10T05:08:17.3190706Z ##[group]✅ Passing tests
2026-10-10T05:08:17.3191463Z ✅ native capture, edit, completion, undo, restart and error recovery
2026-10-10T05:08:17.3581858Z ##[endgroup]
2026-10-10T05:08:17.3582353Z TANDEMLOG_FIRST_FRAME_MS=14
2026-10-10T05:08:17.4759892Z TANDEMLOG_ONBOARDING_READY_MS=132 FILES_READ=0
2026-10-10T05:08:21.2059108Z TANDEMLOG_FIRST_FRAME_MS=13
2026-10-10T05:08:21.3290171Z TANDEMLOG_ONBOARDING_READY_MS=136 FILES_READ=0
2026-10-10T05:08:32.6905785Z TANDEMLOG_FIRST_FRAME_MS=13
2026-10-10T05:08:32.6953450Z TANDEMLOG_PHASE identity_lock=0
2026-10-10T05:08:32.7150328Z TANDEMLOG_PHASE sqlite_open_schema=19
2026-10-10T05:08:32.7260189Z TANDEMLOG_PHASE manifest=11
2026-10-10T05:08:32.7368921Z TANDEMLOG_PHASE ingest=10
2026-10-10T05:08:32.7649323Z TANDEMLOG_ROWS {"query_ms":0,"decode_ms":0,"sort_ms":0}
2026-10-10T05:08:32.8321423Z TANDEMLOG_READY_MS=154 FILES_READ=0
2026-10-10T05:08:33.4517474Z ##[group]✅ desktop onboarding, live theme, inline retry and folder actions
2026-10-10T05:08:33.4518206Z TANDEMLOG_PHASE identity_lock=0
2026-10-10T05:08:33.4518783Z TANDEMLOG_PHASE sqlite_open_schema=10
2026-10-10T05:08:33.4519237Z TANDEMLOG_PHASE manifest=12
2026-10-10T05:08:33.4519641Z TANDEMLOG_PHASE ingest=11
2026-10-10T05:08:33.4520097Z TANDEMLOG_ROWS {"query_ms":0,"decode_ms":0,"sort_ms":0}
2026-10-10T05:08:33.4520630Z TANDEMLOG_PHASE identity_lock=0
2026-10-10T05:08:33.4521318Z ##[endgroup]
2026-10-10T05:08:33.6403448Z TANDEMLOG_FIRST_FRAME_MS=12
2026-10-10T05:08:33.9248697Z TANDEMLOG_PHASE identity_lock=0
2026-10-10T05:08:33.9394104Z TANDEMLOG_PHASE sqlite_open_schema=14
2026-10-10T05:08:33.9505018Z TANDEMLOG_PHASE manifest=11
2026-10-10T05:08:33.9699473Z TANDEMLOG_PHASE ingest=19
2026-10-10T05:08:34.0019457Z TANDEMLOG_ROWS {"query_ms":0,"decode_ms":0,"sort_ms":0}
2026-10-10T05:08:34.0259263Z TANDEMLOG_READY_MS=397 FILES_READ=1
2026-10-10T05:08:42.7888389Z ##[group]✅ Passing tests
2026-10-10T05:08:42.7888935Z ✅ explicit Add finalizes composing drafts once while Enter leaves IME candidates alone
2026-10-10T05:08:43.0904877Z ##[endgroup]
2026-10-10T05:08:43.0905221Z TANDEMLOG_FIRST_FRAME_MS=14
2026-10-10T05:08:43.3595428Z TANDEMLOG_PHASE identity_lock=0
2026-10-10T05:08:43.3736694Z TANDEMLOG_PHASE sqlite_open_schema=14
2026-10-10T05:08:43.3846562Z TANDEMLOG_PHASE manifest=10
2026-10-10T05:08:43.4065159Z TANDEMLOG_PHASE ingest=21
2026-10-10T05:08:43.4347612Z TANDEMLOG_ROWS {"query_ms":0,"decode_ms":0,"sort_ms":0}
2026-10-10T05:08:43.4700800Z TANDEMLOG_READY_MS=391 FILES_READ=1
2026-10-10T05:08:54.2626785Z ##[group]✅ Passing tests
2026-10-10T05:08:54.2627377Z ✅ automatic imports preserve edit/capture buffers and keyboard submission
2026-10-10T05:08:54.6264965Z ##[endgroup]
2026-10-10T05:08:54.6265240Z TANDEMLOG_FIRST_FRAME_MS=16
2026-10-10T05:08:54.7424350Z TANDEMLOG_ONBOARDING_READY_MS=132 FILES_READ=0
2026-10-10T05:08:55.6075539Z TANDEMLOG_FIRST_FRAME_MS=13
2026-10-10T05:08:55.6222687Z TANDEMLOG_PHASE identity_lock=0
2026-10-10T05:08:55.6327318Z TANDEMLOG_PHASE sqlite_open_schema=10
2026-10-10T05:08:55.6436066Z TANDEMLOG_PHASE manifest=10
2026-10-10T05:08:55.6540015Z TANDEMLOG_PHASE ingest=10
2026-10-10T05:08:55.6819474Z TANDEMLOG_ROWS {"query_ms":0,"decode_ms":0,"sort_ms":0}
2026-10-10T05:08:55.7470104Z TANDEMLOG_READY_MS=150 FILES_READ=0
2026-10-10T05:08:56.0349732Z ##[group]✅ desktop Start retains legacy default data after settings reset
2026-10-10T05:08:56.0350815Z TANDEMLOG_PHASE identity_lock=0
2026-10-10T05:08:56.0351324Z TANDEMLOG_PHASE sqlite_open_schema=31
2026-10-10T05:08:56.0351895Z TANDEMLOG_PHASE manifest=38
2026-10-10T05:08:56.0352307Z TANDEMLOG_PHASE ingest=22
2026-10-10T05:08:56.0353053Z TANDEMLOG_ROWS {"query_ms":0,"decode_ms":0,"sort_ms":0}
2026-10-10T05:08:56.0353860Z ##[endgroup]
2026-10-10T05:08:56.0917733Z TANDEMLOG_FIRST_FRAME_MS=15
2026-10-10T05:08:56.3828857Z TANDEMLOG_PHASE identity_lock=0
2026-10-10T05:08:57.3004687Z ##[group]✅ missing saved workspace does not silently create a default
2026-10-10T05:08:57.3005120Z TANDEMLOG_PHASE identity_lock=0
2026-10-10T05:08:57.3005508Z ##[endgroup]
2026-10-10T05:08:57.3418059Z TANDEMLOG_FIRST_FRAME_MS=13
2026-10-10T05:08:57.4588903Z TANDEMLOG_ONBOARDING_READY_MS=130 FILES_READ=0
2026-10-10T05:08:58.3004788Z ##[group]✅ Passing tests
2026-10-10T05:08:58.3005531Z ✅ Android Start keeps picker and cancel creates no private workspace
2026-10-10T05:08:58.5073682Z ##[endgroup]
2026-10-10T05:08:58.5074063Z TANDEMLOG_FIRST_FRAME_MS=13
2026-10-10T05:08:58.7930512Z TANDEMLOG_PHASE identity_lock=0
2026-10-10T05:08:58.8076820Z TANDEMLOG_PHASE sqlite_open_schema=14
2026-10-10T05:08:58.8190506Z TANDEMLOG_PHASE manifest=11
2026-10-10T05:08:58.8388577Z TANDEMLOG_PHASE ingest=19
2026-10-10T05:08:58.8833024Z TANDEMLOG_ROWS {"query_ms":0,"decode_ms":0,"sort_ms":0}
2026-10-10T05:08:58.9924826Z TANDEMLOG_READY_MS=497 FILES_READ=1
2026-10-10T05:09:04.4859585Z ##[group]✅ Passing tests
2026-10-10T05:09:04.4860148Z ✅ Shift+Enter reveals caret before any further input
2026-10-10T05:09:05.8738737Z ##[endgroup]
2026-10-10T05:09:05.8738982Z TANDEMLOG_FIRST_FRAME_MS=14
2026-10-10T05:09:06.1498376Z TANDEMLOG_PHASE identity_lock=0
2026-10-10T05:09:06.1644808Z TANDEMLOG_PHASE sqlite_open_schema=14
2026-10-10T05:09:06.1760355Z TANDEMLOG_PHASE manifest=11
2026-10-10T05:09:06.2087471Z TANDEMLOG_PHASE ingest=32
2026-10-10T05:09:06.2489470Z TANDEMLOG_ROWS {"query_ms":0,"decode_ms":0,"sort_ms":0}
2026-10-10T05:09:06.3537700Z TANDEMLOG_READY_MS=492 FILES_READ=1
2026-10-10T05:09:16.1051526Z ##[group]✅ Passing tests
2026-10-10T05:09:16.1052020Z ✅ compact filters compose reopen reset and keep identity separate
2026-10-10T05:09:17.5051978Z ##[endgroup]
2026-10-10T05:09:17.5052227Z TANDEMLOG_FIRST_FRAME_MS=12
2026-10-10T05:09:17.7804680Z TANDEMLOG_PHASE identity_lock=0
2026-10-10T05:09:17.7953340Z TANDEMLOG_PHASE sqlite_open_schema=14
2026-10-10T05:09:17.8063276Z TANDEMLOG_PHASE manifest=11
2026-10-10T05:09:17.8482339Z TANDEMLOG_PHASE ingest=41
2026-10-10T05:09:17.8876933Z TANDEMLOG_ROWS {"query_ms":0,"decode_ms":0,"sort_ms":0}
2026-10-10T05:09:18.0023603Z TANDEMLOG_READY_MS=506 FILES_READ=1
2026-10-10T05:09:28.3885790Z ##[group]✅ Passing tests
2026-10-10T05:09:28.3886487Z ✅ bounded tag search and responsive task metadata remain readable
2026-10-10T05:11:21.6059179Z ##[endgroup]
2026-10-10T05:11:21.6062282Z TANDEMLOG_FIRST_FRAME_MS=13
2026-10-10T05:11:21.8808300Z TANDEMLOG_PHASE identity_lock=0
2026-10-10T05:11:21.8956191Z TANDEMLOG_PHASE sqlite_open_schema=14
2026-10-10T05:11:21.9070826Z TANDEMLOG_PHASE manifest=11
2026-10-10T05:11:23.4288163Z TANDEMLOG_PHASE ingest=1521
2026-10-10T05:11:23.4995168Z TANDEMLOG_ROWS {"query_ms":4,"decode_ms":18,"sort_ms":0}
2026-10-10T05:11:23.6444497Z TANDEMLOG_READY_MS=2052 FILES_READ=1
2026-10-10T05:11:46.3848053Z ##[group]✅ Passing tests
2026-10-10T05:11:46.3848486Z ✅ header controls stay fixed between open and completed tabs
2026-10-10T05:11:46.7880580Z ##[endgroup]
2026-10-10T05:11:46.7880831Z TANDEMLOG_FIRST_FRAME_MS=12
2026-10-10T05:11:47.0589403Z TANDEMLOG_PHASE identity_lock=0
2026-10-10T05:11:47.0729845Z TANDEMLOG_PHASE sqlite_open_schema=14
2026-10-10T05:11:47.0841943Z TANDEMLOG_PHASE manifest=11
2026-10-10T05:11:47.1063819Z TANDEMLOG_PHASE ingest=21
2026-10-10T05:11:47.1348805Z TANDEMLOG_ROWS {"query_ms":0,"decode_ms":0,"sort_ms":0}
2026-10-10T05:11:47.1711702Z TANDEMLOG_READY_MS=393 FILES_READ=1
2026-10-10T05:11:59.5377884Z ##[group]✅ Passing tests
2026-10-10T05:11:59.5378370Z ✅ dates, zones, tags and order with historical v3 recurrence compatibility
2026-10-10T05:11:59.7404066Z ##[endgroup]
2026-10-10T05:11:59.7404601Z TANDEMLOG_FIRST_FRAME_MS=13
2026-10-10T05:12:00.0078152Z TANDEMLOG_PHASE identity_lock=0
2026-10-10T05:12:00.0225915Z TANDEMLOG_PHASE sqlite_open_schema=14
2026-10-10T05:12:00.0334466Z TANDEMLOG_PHASE manifest=10
2026-10-10T05:12:00.0529599Z TANDEMLOG_PHASE ingest=19
2026-10-10T05:12:00.0816539Z TANDEMLOG_ROWS {"query_ms":0,"decode_ms":0,"sort_ms":0}
2026-10-10T05:12:00.1094591Z TANDEMLOG_READY_MS=380 FILES_READ=1
2026-10-10T05:12:00.8380583Z ##[group]✅ Passing tests
2026-10-10T05:12:00.8381190Z ✅ future event clock warns without blocking capture
2026-10-10T05:12:08.1722401Z ##[endgroup]
2026-10-10T05:12:08.1723155Z TANDEMLOG_FIRST_FRAME_MS=12
2026-10-10T05:12:08.4383485Z TANDEMLOG_PHASE identity_lock=0
2026-10-10T05:12:08.4528697Z TANDEMLOG_PHASE sqlite_open_schema=14
2026-10-10T05:12:08.4639214Z TANDEMLOG_PHASE manifest=11
2026-10-10T05:12:08.5505376Z TANDEMLOG_PHASE ingest=86
2026-10-10T05:12:08.5941690Z TANDEMLOG_ROWS {"query_ms":0,"decode_ms":0,"sort_ms":0}
2026-10-10T05:12:08.7598159Z TANDEMLOG_READY_MS=601 FILES_READ=1
2026-10-10T05:12:34.2735019Z TANDEMLOG_FIRST_FRAME_MS=13
2026-10-10T05:12:34.2926872Z TANDEMLOG_PHASE identity_lock=0
2026-10-10T05:12:34.3042735Z TANDEMLOG_PHASE sqlite_open_schema=11
2026-10-10T05:12:34.3160714Z TANDEMLOG_PHASE manifest=11
2026-10-10T05:12:34.3280238Z TANDEMLOG_PHASE ingest=11
2026-10-10T05:12:34.3571754Z TANDEMLOG_ROWS {"query_ms":0,"decode_ms":0,"sort_ms":0}
2026-10-10T05:12:34.4720721Z TANDEMLOG_READY_MS=212 FILES_READ=0
2026-10-10T05:12:34.7727962Z ##[group]✅ Passing tests
2026-10-10T05:12:34.7728496Z ✅ native tag filters preserve drafts and selected block drag scrolls offscreen
2026-10-10T05:12:35.8875775Z ##[endgroup]
2026-10-10T05:12:35.8876413Z TANDEMLOG_FIRST_FRAME_MS=11
2026-10-10T05:12:36.1623356Z TANDEMLOG_PHASE identity_lock=0
2026-10-10T05:12:36.1769524Z TANDEMLOG_PHASE sqlite_open_schema=14
2026-10-10T05:12:36.1893489Z TANDEMLOG_PHASE manifest=12
2026-10-10T05:12:36.2225060Z TANDEMLOG_PHASE ingest=32
2026-10-10T05:12:36.2620006Z TANDEMLOG_ROWS {"query_ms":0,"decode_ms":0,"sort_ms":0}
2026-10-10T05:12:36.3867040Z TANDEMLOG_READY_MS=508 FILES_READ=1
2026-10-10T05:12:47.4542415Z TANDEMLOG_FIRST_FRAME_MS=11
2026-10-10T05:12:47.4712881Z TANDEMLOG_PHASE identity_lock=0
2026-10-10T05:12:47.4902993Z TANDEMLOG_PHASE sqlite_open_schema=18
2026-10-10T05:12:47.5022025Z TANDEMLOG_PHASE manifest=11
2026-10-10T05:12:47.5147789Z TANDEMLOG_PHASE ingest=12
2026-10-10T05:12:47.5549366Z TANDEMLOG_ROWS {"query_ms":0,"decode_ms":0,"sort_ms":0}
2026-10-10T05:12:47.6220270Z TANDEMLOG_READY_MS=180 FILES_READ=0
2026-10-10T05:12:48.8887339Z ##[group]✅ Passing tests
2026-10-10T05:12:48.8888065Z ✅ native drag preserves hidden order and rejects other time buckets
2026-10-10T05:12:49.1906666Z ##[endgroup]
2026-10-10T05:12:49.1907202Z TANDEMLOG_FIRST_FRAME_MS=12
2026-10-10T05:12:49.6246783Z TANDEMLOG_PHASE identity_lock=0
2026-10-10T05:12:49.6393463Z TANDEMLOG_PHASE sqlite_open_schema=14
2026-10-10T05:12:49.6618580Z TANDEMLOG_PHASE manifest=22
2026-10-10T05:12:49.6949387Z TANDEMLOG_PHASE ingest=33
2026-10-10T05:12:49.7333484Z TANDEMLOG_ROWS {"query_ms":0,"decode_ms":0,"sort_ms":0}
2026-10-10T05:12:49.9097503Z TANDEMLOG_READY_MS=730 FILES_READ=1
2026-10-10T05:12:50.4346412Z ##[group]✅ Passing tests
2026-10-10T05:12:50.4347480Z ✅ loaded startup marker waits for a rendered time projection
2026-10-10T05:12:51.4057187Z ##[endgroup]
2026-10-10T05:12:51.4057429Z TANDEMLOG_FIRST_FRAME_MS=12
2026-10-10T05:12:51.6750685Z TANDEMLOG_PHASE identity_lock=0
2026-10-10T05:12:51.6955341Z TANDEMLOG_PHASE sqlite_open_schema=14
2026-10-10T05:12:51.7018118Z TANDEMLOG_PHASE manifest=11
2026-10-10T05:12:51.7333233Z TANDEMLOG_PHASE ingest=31
2026-10-10T05:12:51.7738806Z TANDEMLOG_ROWS {"query_ms":0,"decode_ms":0,"sort_ms":0}
2026-10-10T05:12:51.9069562Z TANDEMLOG_READY_MS=510 FILES_READ=1
2026-10-10T05:13:01.2878545Z ##[group]✅ Passing tests
2026-10-10T05:13:01.2879276Z ✅ timed task groups preserve drafts and editors without log writes
2026-10-10T05:13:01.5896849Z ##[endgroup]
2026-10-10T05:13:01.5897499Z TANDEMLOG_FIRST_FRAME_MS=13
2026-10-10T05:13:01.8410458Z TANDEMLOG_PHASE identity_lock=0
2026-10-10T05:13:01.8560317Z TANDEMLOG_PHASE sqlite_open_schema=14
2026-10-10T05:13:01.8671849Z TANDEMLOG_PHASE manifest=11
2026-10-10T05:13:01.8882311Z TANDEMLOG_PHASE ingest=20
2026-10-10T05:13:01.9155488Z TANDEMLOG_ROWS {"query_ms":0,"decode_ms":0,"sort_ms":0}
2026-10-10T05:13:01.9813875Z TANDEMLOG_READY_MS=405 FILES_READ=1
2026-10-10T05:14:06.4221810Z TANDEMLOG_FIRST_FRAME_MS=12
2026-10-10T05:14:06.4308249Z TANDEMLOG_PHASE identity_lock=0
2026-10-10T05:14:06.4518438Z TANDEMLOG_PHASE sqlite_open_schema=20
2026-10-10T05:14:06.4638451Z TANDEMLOG_PHASE manifest=12
2026-10-10T05:14:06.4755651Z TANDEMLOG_PHASE ingest=11
2026-10-10T05:14:06.5040110Z TANDEMLOG_ROWS {"query_ms":0,"decode_ms":0,"sort_ms":0}
2026-10-10T05:14:06.5823585Z TANDEMLOG_READY_MS=173 FILES_READ=0
2026-10-10T05:14:07.0795182Z ##[group]✅ Passing tests
2026-10-10T05:14:07.0796246Z ✅ session Undo survives notices, protects drafts and preserves newer synced edits
2026-10-10T05:14:07.3550631Z ##[endgroup]
2026-10-10T05:14:07.3550903Z TANDEMLOG_FIRST_FRAME_MS=12
2026-10-10T05:14:07.5990344Z TANDEMLOG_PHASE identity_lock=0
2026-10-10T05:14:07.6333590Z TANDEMLOG_PHASE sqlite_open_schema=34
2026-10-10T05:14:07.6442141Z TANDEMLOG_PHASE manifest=11
2026-10-10T05:14:07.6643209Z TANDEMLOG_PHASE ingest=20
2026-10-10T05:14:07.6921103Z TANDEMLOG_ROWS {"query_ms":0,"decode_ms":0,"sort_ms":0}
2026-10-10T05:14:07.7580012Z TANDEMLOG_READY_MS=415 FILES_READ=1
2026-10-10T05:14:11.9614582Z ##[group]✅ Passing tests
2026-10-10T05:14:11.9615181Z ✅ historical v3 recurrence compatibility enables unchanged completion at midnight
2026-10-10T05:14:13.6048874Z ##[endgroup]
2026-10-10T05:14:13.6049114Z TANDEMLOG_FIRST_FRAME_MS=12
2026-10-10T05:14:13.8406196Z TANDEMLOG_PHASE identity_lock=0
2026-10-10T05:14:13.8556116Z TANDEMLOG_PHASE sqlite_open_schema=15
2026-10-10T05:14:13.8678726Z TANDEMLOG_PHASE manifest=12
2026-10-10T05:14:13.8990575Z TANDEMLOG_PHASE ingest=30
2026-10-10T05:14:13.9302029Z TANDEMLOG_ROWS {"query_ms":0,"decode_ms":0,"sort_ms":0}
2026-10-10T05:14:14.0138976Z TANDEMLOG_READY_MS=421 FILES_READ=1
2026-10-10T05:14:20.2613532Z ##[group]✅ Passing tests
2026-10-10T05:14:20.2614011Z ✅ single and bulk dirty panes stay mounted through drag and reorder Undo
2026-10-10T05:14:20.4548840Z ##[endgroup]
2026-10-10T05:14:20.4549099Z TANDEMLOG_FIRST_FRAME_MS=12
2026-10-10T05:14:20.7078828Z TANDEMLOG_PHASE identity_lock=0
2026-10-10T05:14:20.7225565Z TANDEMLOG_PHASE sqlite_open_schema=14
2026-10-10T05:14:20.7336412Z TANDEMLOG_PHASE manifest=11
2026-10-10T05:14:20.7525734Z TANDEMLOG_PHASE ingest=18
2026-10-10T05:14:20.7798047Z TANDEMLOG_ROWS {"query_ms":0,"decode_ms":0,"sort_ms":0}
2026-10-10T05:14:20.8378619Z TANDEMLOG_READY_MS=395 FILES_READ=1
2026-10-10T05:14:25.2126320Z ##[group]✅ capture batches update draft once and retain responsive native frames
2026-10-10T05:14:25.2127329Z TANDEMLOG_NATIVE_BATCH count=1 input_clear_ms=110 settle_ms=336 frames=2 input_updates=1
2026-10-10T05:14:25.2128380Z TANDEMLOG_NATIVE_BATCH count=30 input_clear_ms=413 settle_ms=369 frames=3 input_updates=1
2026-10-10T05:14:25.2129530Z TANDEMLOG_NATIVE_BATCH count=100 input_clear_ms=875 settle_ms=373 frames=3 input_updates=1
2026-10-10T05:14:25.2130329Z ##[endgroup]
2026-10-10T05:14:26.3231221Z TANDEMLOG_FIRST_FRAME_MS=14
2026-10-10T05:14:26.5648551Z TANDEMLOG_PHASE identity_lock=0
2026-10-10T05:14:26.5806656Z TANDEMLOG_PHASE sqlite_open_schema=15
2026-10-10T05:14:26.5918695Z TANDEMLOG_PHASE manifest=11
2026-10-10T05:14:26.7015158Z TANDEMLOG_PHASE ingest=109
2026-10-10T05:14:26.7323384Z TANDEMLOG_ROWS {"query_ms":0,"decode_ms":0,"sort_ms":0}
2026-10-10T05:14:26.9156210Z TANDEMLOG_READY_MS=606 FILES_READ=1
2026-10-10T05:14:52.2435936Z ##[group]✅ Passing tests
2026-10-10T05:14:52.2436907Z ✅ compact selection commands stay reachable through scrolling and resize
2026-10-10T05:14:52.2667330Z ##[endgroup]
2026-10-10T05:14:52.2680450Z 
2026-10-10T05:14:52.2708524Z ##[error]91 tests passed, 1 failed.
2026-10-10T05:14:52.2951681Z ##[error]Process completed with exit code 1.
2026-10-10T05:14:52.3091429Z Post job cleanup.
2026-10-10T05:14:52.3942842Z [command]/usr/bin/git version
2026-10-10T05:14:52.3981982Z git version 2.55.0
2026-10-10T05:14:52.4024031Z Temporarily overriding HOME='/home/runner/work/_temp/d93d8a0a-7145-4649-93ec-184aae806a9b' before making global git config changes
2026-10-10T05:14:52.4025412Z Adding repository directory to the temporary git global config as a safe directory
2026-10-10T05:14:52.4029485Z [command]/usr/bin/git config --global --add safe.directory /home/runner/work/tandemlog/tandemlog
2026-10-10T05:14:52.4059208Z Removing SSH command configuration
2026-10-10T05:14:52.4065705Z [command]/usr/bin/git config --local --name-only --get-regexp core\.sshCommand
2026-10-10T05:14:52.4098277Z [command]/usr/bin/git submodule foreach --recursive sh -c "git config --local --name-only --get-regexp 'core\.sshCommand' && git config --local --unset-all 'core.sshCommand' || :"
2026-10-10T05:14:52.4320934Z Removing HTTP extra header
2026-10-10T05:14:52.4326117Z [command]/usr/bin/git config --local --name-only --get-regexp http\.https\:\/\/github\.com\/\.extraheader
2026-10-10T05:14:52.4359317Z [command]/usr/bin/git submodule foreach --recursive sh -c "git config --local --name-only --get-regexp 'http\.https\:\/\/github\.com\/\.extraheader' && git config --local --unset-all 'http.https://github.com/.extraheader' || :"
2026-10-10T05:14:52.4577129Z Removing includeIf entries pointing to credentials config files
2026-10-10T05:14:52.4582382Z [command]/usr/bin/git config --local --name-only --get-regexp ^includeIf\.gitdir:
2026-10-10T05:14:52.4609522Z includeif.gitdir:/home/runner/work/tandemlog/tandemlog/.git.path
2026-10-10T05:14:52.4610317Z includeif.gitdir:/home/runner/work/tandemlog/tandemlog/.git/worktrees/*.path
2026-10-10T05:14:52.4610782Z includeif.gitdir:/github/workspace/.git.path
2026-10-10T05:14:52.4611158Z includeif.gitdir:/github/workspace/.git/worktrees/*.path
2026-10-10T05:14:52.4618139Z [command]/usr/bin/git config --local --get-all includeif.gitdir:/home/runner/work/tandemlog/tandemlog/.git.path
2026-10-10T05:14:52.4639239Z /home/runner/work/_temp/git-credentials-875ad95f-b59e-4d2a-89f6-516ee3935bf4.config
2026-10-10T05:14:52.4648734Z [command]/usr/bin/git config --local --unset includeif.gitdir:/home/runner/work/tandemlog/tandemlog/.git.path \/home\/runner\/work\/_temp\/git\-credentials\-875ad95f\-b59e\-4d2a\-89f6\-516ee3935bf4\.config
2026-10-10T05:14:52.4682362Z [command]/usr/bin/git config --local --get-all includeif.gitdir:/home/runner/work/tandemlog/tandemlog/.git/worktrees/*.path
2026-10-10T05:14:52.4704224Z /home/runner/work/_temp/git-credentials-875ad95f-b59e-4d2a-89f6-516ee3935bf4.config
2026-10-10T05:14:52.4715270Z [command]/usr/bin/git config --local --unset includeif.gitdir:/home/runner/work/tandemlog/tandemlog/.git/worktrees/*.path \/home\/runner\/work\/_temp\/git\-credentials\-875ad95f\-b59e\-4d2a\-89f6\-516ee3935bf4\.config
2026-10-10T05:14:52.4755430Z [command]/usr/bin/git config --local --get-all includeif.gitdir:/github/workspace/.git.path
2026-10-10T05:14:52.4777523Z /github/runner_temp/git-credentials-875ad95f-b59e-4d2a-89f6-516ee3935bf4.config
2026-10-10T05:14:52.4784709Z [command]/usr/bin/git config --local --unset includeif.gitdir:/github/workspace/.git.path \/github\/runner_temp\/git\-credentials\-875ad95f\-b59e\-4d2a\-89f6\-516ee3935bf4\.config
2026-10-10T05:14:52.4814690Z [command]/usr/bin/git config --local --get-all includeif.gitdir:/github/workspace/.git/worktrees/*.path
2026-10-10T05:14:52.4835305Z /github/runner_temp/git-credentials-875ad95f-b59e-4d2a-89f6-516ee3935bf4.config
2026-10-10T05:14:52.4842937Z [command]/usr/bin/git config --local --unset includeif.gitdir:/github/workspace/.git/worktrees/*.path \/github\/runner_temp\/git\-credentials\-875ad95f\-b59e\-4d2a\-89f6\-516ee3935bf4\.config
2026-10-10T05:14:52.4874886Z [command]/usr/bin/git submodule foreach --recursive git config --local --show-origin --name-only --get-regexp remote.origin.url
2026-10-10T05:14:52.5090399Z Removing credentials config '/home/runner/work/_temp/git-credentials-875ad95f-b59e-4d2a-89f6-516ee3935bf4.config'
2026-10-10T05:14:52.5246802Z Cleaning up orphan processes
