2026-10-10T04:51:35.7710154Z Current runner version: '2.337.0'
2026-10-10T04:51:35.7738054Z ##[group]Runner Image Provisioner
2026-10-10T04:51:35.7738824Z Hosted Compute Agent
2026-10-10T04:51:35.7739415Z Version: 20261002.596
2026-10-10T04:51:35.7740002Z Commit: c3d12f3313a95f25162a1503be624f3b0617f8c0
2026-10-10T04:51:35.7740678Z Build Date: 2026-10-02T22:28:27Z
2026-10-10T04:51:35.7741326Z Worker ID: {47a842c8-f2ac-4f78-b10b-3efcc786d00b}
2026-10-10T04:51:35.7741998Z Region: centralus
2026-10-10T04:51:35.7742508Z Cloud: Azure
2026-10-10T04:51:35.7743028Z ##[endgroup]
2026-10-10T04:51:35.7744299Z ##[group]Operating System
2026-10-10T04:51:35.7744944Z Microsoft Windows Server 2022
2026-10-10T04:51:35.7745582Z 10.0.20348
2026-10-10T04:51:35.7746056Z Datacenter
2026-10-10T04:51:35.7746535Z ##[endgroup]
2026-10-10T04:51:35.7747024Z ##[group]Runner Image
2026-10-10T04:51:35.7747567Z Image: windows-2022
2026-10-10T04:51:35.7748080Z Version: 20261004.326.1
2026-10-10T04:51:35.7749394Z Included Software: https://github.com/actions/runner-images/blob/win22/20261004.326/images/windows/Windows2022-Readme.md
2026-10-10T04:51:35.7750845Z Image Release: https://github.com/actions/runner-images/releases/tag/win22%2F20261004.326
2026-10-10T04:51:35.7751753Z ##[endgroup]
2026-10-10T04:51:35.7752784Z ##[group]GITHUB_TOKEN Permissions
2026-10-10T04:51:35.7754556Z Contents: read
2026-10-10T04:51:35.7755133Z Metadata: read
2026-10-10T04:51:35.7755653Z ##[endgroup]
2026-10-10T04:51:35.7757592Z Secret source: Actions
2026-10-10T04:51:35.7758429Z Cache mode: write
2026-10-10T04:51:35.7759127Z Prepare workflow directory
2026-10-10T04:51:35.8091362Z Prepare all required actions
2026-10-10T04:51:35.8138312Z Getting action download info
2026-10-10T04:51:36.0619328Z Download action repository 'actions/checkout@3d3c42e5aac5ba805825da76410c181273ba90b1' (SHA:3d3c42e5aac5ba805825da76410c181273ba90b1)
2026-10-10T04:51:36.1681226Z Download action repository 'actions/upload-artifact@043fb46d1a93c77aae656e7c1c64a875d1fc6a0a' (SHA:043fb46d1a93c77aae656e7c1c64a875d1fc6a0a)
2026-10-10T04:51:36.4185905Z Uses: reddraggone9/tandemlog/.github/workflows/validate.yml@refs/heads/main (f489f122208280f4264f92abf024a74247be6a44)
2026-10-10T04:51:36.4191343Z Complete job name: checks / windows
2026-10-10T04:51:36.5866622Z ##[group]Run actions/checkout@3d3c42e5aac5ba805825da76410c181273ba90b1
2026-10-10T04:51:36.5867818Z with:
2026-10-10T04:51:36.5868246Z   repository: reddraggone9/tandemlog
2026-10-10T04:51:36.5871826Z   token: ***
2026-10-10T04:51:36.5872233Z   ssh-strict: true
2026-10-10T04:51:36.5872639Z   ssh-user: git
2026-10-10T04:51:36.5873062Z   persist-credentials: true
2026-10-10T04:51:36.5873528Z   clean: true
2026-10-10T04:51:36.5873951Z   sparse-checkout-cone-mode: true
2026-10-10T04:51:36.5874445Z   fetch-depth: 1
2026-10-10T04:51:36.5874850Z   fetch-tags: false
2026-10-10T04:51:36.5875273Z   show-progress: true
2026-10-10T04:51:36.5875705Z   lfs: false
2026-10-10T04:51:36.5876090Z   submodules: false
2026-10-10T04:51:36.5876521Z   set-safe-directory: true
2026-10-10T04:51:36.5877026Z   allow-unsafe-pr-checkout: false
2026-10-10T04:51:36.5877722Z ##[endgroup]
2026-10-10T04:51:36.7272327Z Syncing repository: reddraggone9/tandemlog
2026-10-10T04:51:36.7274238Z ##[group]Getting Git version info
2026-10-10T04:51:36.7274876Z Working directory is 'D:\a\tandemlog\tandemlog'
2026-10-10T04:51:36.8592391Z [command]"C:\Program Files\Git\bin\git.exe" version
2026-10-10T04:51:37.2639383Z git version 2.56.0.windows.1
2026-10-10T04:51:37.2693372Z ##[endgroup]
2026-10-10T04:51:37.2710986Z Temporarily overriding HOME='D:\a\_temp\4f285c12-a137-4ab7-8695-19958ed06503' before making global git config changes
2026-10-10T04:51:37.2713533Z Adding repository directory to the temporary git global config as a safe directory
2026-10-10T04:51:37.2721624Z [command]"C:\Program Files\Git\bin\git.exe" config --global --add safe.directory D:\a\tandemlog\tandemlog
2026-10-10T04:51:37.3279051Z Deleting the contents of 'D:\a\tandemlog\tandemlog'
2026-10-10T04:51:37.3283462Z ##[group]Determining repository object format
2026-10-10T04:51:37.3285750Z ##[endgroup]
2026-10-10T04:51:37.3287599Z ##[group]Initializing the repository
2026-10-10T04:51:37.3295949Z [command]"C:\Program Files\Git\bin\git.exe" init D:\a\tandemlog\tandemlog
2026-10-10T04:51:37.4078394Z Initialized empty Git repository in D:/a/tandemlog/tandemlog/.git/
2026-10-10T04:51:37.4117790Z [command]"C:\Program Files\Git\bin\git.exe" remote add origin https://github.com/reddraggone9/tandemlog
2026-10-10T04:51:37.4690275Z ##[endgroup]
2026-10-10T04:51:37.4691538Z ##[group]Disabling automatic garbage collection
2026-10-10T04:51:37.4698296Z [command]"C:\Program Files\Git\bin\git.exe" config --local gc.auto 0
2026-10-10T04:51:37.4972385Z ##[endgroup]
2026-10-10T04:51:37.4973553Z ##[group]Setting up auth
2026-10-10T04:51:37.4974464Z Removing SSH command configuration
2026-10-10T04:51:37.4981844Z [command]"C:\Program Files\Git\bin\git.exe" config --local --name-only --get-regexp core\.sshCommand
2026-10-10T04:51:37.5257613Z [command]"C:\Program Files\Git\bin\git.exe" submodule foreach --recursive "sh -c \"git config --local --name-only --get-regexp 'core\.sshCommand' && git config --local --unset-all 'core.sshCommand' || :\""
2026-10-10T04:51:38.9273643Z Removing HTTP extra header
2026-10-10T04:51:38.9282950Z [command]"C:\Program Files\Git\bin\git.exe" config --local --name-only --get-regexp http\.https\:\/\/github\.com\/\.extraheader
2026-10-10T04:51:38.9563483Z [command]"C:\Program Files\Git\bin\git.exe" submodule foreach --recursive "sh -c \"git config --local --name-only --get-regexp 'http\.https\:\/\/github\.com\/\.extraheader' && git config --local --unset-all 'http.https://github.com/.extraheader' || :\""
2026-10-10T04:51:39.3859734Z Removing includeIf entries pointing to credentials config files
2026-10-10T04:51:39.3869297Z [command]"C:\Program Files\Git\bin\git.exe" config --local --name-only --get-regexp ^includeIf\.gitdir:
2026-10-10T04:51:39.4143185Z [command]"C:\Program Files\Git\bin\git.exe" submodule foreach --recursive "git config --local --show-origin --name-only --get-regexp remote.origin.url"
2026-10-10T04:51:39.8441728Z [command]"C:\Program Files\Git\bin\git.exe" config --file D:\a\_temp\git-credentials-8afdaf97-88ae-4037-9e13-36e44301fa83.config http.https://github.com/.extraheader "AUTHORIZATION: basic ***"
2026-10-10T04:51:39.8742613Z [command]"C:\Program Files\Git\bin\git.exe" config --local includeIf.gitdir:D:/a/tandemlog/tandemlog/.git.path D:\a\_temp\git-credentials-8afdaf97-88ae-4037-9e13-36e44301fa83.config
2026-10-10T04:51:39.9032407Z [command]"C:\Program Files\Git\bin\git.exe" config --local includeIf.gitdir:D:/a/tandemlog/tandemlog/.git/worktrees/*.path D:\a\_temp\git-credentials-8afdaf97-88ae-4037-9e13-36e44301fa83.config
2026-10-10T04:51:39.9353526Z [command]"C:\Program Files\Git\bin\git.exe" config --local includeIf.gitdir:/github/workspace/.git.path /github/runner_temp/git-credentials-8afdaf97-88ae-4037-9e13-36e44301fa83.config
2026-10-10T04:51:39.9640675Z [command]"C:\Program Files\Git\bin\git.exe" config --local includeIf.gitdir:/github/workspace/.git/worktrees/*.path /github/runner_temp/git-credentials-8afdaf97-88ae-4037-9e13-36e44301fa83.config
2026-10-10T04:51:39.9974629Z ##[endgroup]
2026-10-10T04:51:39.9975302Z ##[group]Fetching the repository
2026-10-10T04:51:39.9990484Z [command]"C:\Program Files\Git\bin\git.exe" -c protocol.version=2 fetch --no-tags --prune --no-recurse-submodules --depth=1 origin +f489f122208280f4264f92abf024a74247be6a44:refs/remotes/origin/main
2026-10-10T04:51:42.2248848Z From https://github.com/reddraggone9/tandemlog
2026-10-10T04:51:42.2249758Z  * [new ref]         f489f122208280f4264f92abf024a74247be6a44 -> origin/main
2026-10-10T04:51:42.2295460Z [command]"C:\Program Files\Git\bin\git.exe" branch --list --remote origin/main
2026-10-10T04:51:42.2680811Z   origin/main
2026-10-10T04:51:42.2711715Z [command]"C:\Program Files\Git\bin\git.exe" rev-parse refs/remotes/origin/main
2026-10-10T04:51:42.3008182Z f489f122208280f4264f92abf024a74247be6a44
2026-10-10T04:51:42.3031384Z ##[endgroup]
2026-10-10T04:51:42.3031769Z ##[group]Determining the checkout info
2026-10-10T04:51:42.3033046Z ##[endgroup]
2026-10-10T04:51:42.3040716Z [command]"C:\Program Files\Git\bin\git.exe" sparse-checkout disable
2026-10-10T04:51:42.3452750Z [command]"C:\Program Files\Git\bin\git.exe" config --local --unset-all extensions.worktreeConfig
2026-10-10T04:51:42.3727454Z ##[group]Checking out the ref
2026-10-10T04:51:42.3735342Z [command]"C:\Program Files\Git\bin\git.exe" checkout --progress --force -B main refs/remotes/origin/main
2026-10-10T04:51:43.0904486Z Switched to a new branch 'main'
2026-10-10T04:51:43.0925813Z branch 'main' set up to track 'origin/main'.
2026-10-10T04:51:43.0982868Z ##[endgroup]
2026-10-10T04:51:43.1407089Z [command]"C:\Program Files\Git\bin\git.exe" log -1 --format=%H
2026-10-10T04:51:43.1679304Z f489f122208280f4264f92abf024a74247be6a44
2026-10-10T04:51:43.2129120Z Prepare all required actions
2026-10-10T04:51:43.2171114Z ##[group]Run ./.github/actions/setup-flutter
2026-10-10T04:51:43.2171403Z ##[endgroup]
2026-10-10T04:51:43.2226939Z ##[start-action display=Run git clone --depth 1 --branch 3.47.5 https://github.com/flutter/flutter.git "$RUNNER_TEMP/flutter";id=__self.__run]
2026-10-10T04:51:43.2364097Z ##[group]Run git clone --depth 1 --branch 3.47.5 https://github.com/flutter/flutter.git "$RUNNER_TEMP/flutter"
2026-10-10T04:51:43.2364914Z [36;1mgit clone --depth 1 --branch 3.47.5 https://github.com/flutter/flutter.git "$RUNNER_TEMP/flutter"[0m
2026-10-10T04:51:43.2365631Z [36;1mtest "$(git -C "$RUNNER_TEMP/flutter" rev-parse HEAD)" = 6a19cca56475dbfba1478ee68d7bd0c2ef891da1[0m
2026-10-10T04:51:43.2366189Z [36;1mecho "$RUNNER_TEMP/flutter/bin" >> "$GITHUB_PATH"[0m
2026-10-10T04:51:43.2383382Z shell: C:\Program Files\Git\bin\bash.EXE --noprofile --norc -e -o pipefail {0}
2026-10-10T04:51:43.2383799Z ##[endgroup]
2026-10-10T04:51:43.4240247Z Cloning into 'D:\a\_temp/flutter'...
2026-10-10T04:51:49.4560922Z Note: switching to '6a19cca56475dbfba1478ee68d7bd0c2ef891da1'.
2026-10-10T04:51:49.4561456Z 
2026-10-10T04:51:49.4561790Z You are in 'detached HEAD' state. You can look around, make experimental
2026-10-10T04:51:49.4562498Z changes and commit them, and you can discard any commits you make in this
2026-10-10T04:51:49.4563215Z state without impacting any branches by switching back to a branch.
2026-10-10T04:51:49.4563658Z 
2026-10-10T04:51:49.4563941Z If you want to create a new branch to retain commits you create, you may
2026-10-10T04:51:49.4564366Z do so (now or later) by using -c with the switch command. Example:
2026-10-10T04:51:49.4564630Z 
2026-10-10T04:51:49.4564733Z   git switch -c <new-branch-name>
2026-10-10T04:51:49.4564896Z 
2026-10-10T04:51:49.4564983Z Or undo this operation with:
2026-10-10T04:51:49.4565124Z 
2026-10-10T04:51:49.4565194Z   git switch -
2026-10-10T04:51:49.4565295Z 
2026-10-10T04:51:49.4565524Z Turn off this advice by setting config variable advice.detachedHead to false
2026-10-10T04:51:49.4565838Z 
2026-10-10T04:51:50.4980293Z Updating files:  28% (4540/16074)
2026-10-10T04:51:50.5284391Z Updating files:  29% (4662/16074)
2026-10-10T04:51:50.5566854Z Updating files:  30% (4823/16074)
2026-10-10T04:51:50.5896395Z Updating files:  31% (4983/16074)
2026-10-10T04:51:50.6199313Z Updating files:  32% (5144/16074)
2026-10-10T04:51:50.6624095Z Updating files:  33% (5305/16074)
2026-10-10T04:51:50.7083692Z Updating files:  34% (5466/16074)
2026-10-10T04:51:50.7409694Z Updating files:  35% (5626/16074)
2026-10-10T04:51:50.7740717Z Updating files:  36% (5787/16074)
2026-10-10T04:51:50.8055372Z Updating files:  37% (5948/16074)
2026-10-10T04:51:50.8412250Z Updating files:  38% (6109/16074)
2026-10-10T04:51:50.8760436Z Updating files:  39% (6269/16074)
2026-10-10T04:51:50.9154788Z Updating files:  40% (6430/16074)
2026-10-10T04:51:50.9525961Z Updating files:  41% (6591/16074)
2026-10-10T04:51:50.9882636Z Updating files:  42% (6752/16074)
2026-10-10T04:51:51.0226642Z Updating files:  43% (6912/16074)
2026-10-10T04:51:51.0545706Z Updating files:  44% (7073/16074)
2026-10-10T04:51:51.1148366Z Updating files:  45% (7234/16074)
2026-10-10T04:51:51.1528366Z Updating files:  46% (7395/16074)
2026-10-10T04:51:51.1865280Z Updating files:  47% (7555/16074)
2026-10-10T04:51:51.2229726Z Updating files:  48% (7716/16074)
2026-10-10T04:51:51.2586895Z Updating files:  49% (7877/16074)
2026-10-10T04:51:51.2914529Z Updating files:  50% (8037/16074)
2026-10-10T04:51:51.3292672Z Updating files:  51% (8198/16074)
2026-10-10T04:51:51.3619612Z Updating files:  52% (8359/16074)
2026-10-10T04:51:51.3925426Z Updating files:  53% (8520/16074)
2026-10-10T04:51:51.4291034Z Updating files:  54% (8680/16074)
2026-10-10T04:51:51.4642193Z Updating files:  55% (8841/16074)
2026-10-10T04:51:51.4735184Z Updating files:  56% (9002/16074)
2026-10-10T04:51:51.4956485Z Updating files:  56% (9052/16074)
2026-10-10T04:51:51.5313352Z Updating files:  57% (9163/16074)
2026-10-10T04:51:51.5713316Z Updating files:  58% (9323/16074)
2026-10-10T04:51:51.6024254Z Updating files:  59% (9484/16074)
2026-10-10T04:51:51.6393570Z Updating files:  60% (9645/16074)
2026-10-10T04:51:51.6691592Z Updating files:  61% (9806/16074)
2026-10-10T04:51:51.7401691Z Updating files:  62% (9966/16074)
2026-10-10T04:51:51.7757513Z Updating files:  63% (10127/16074)
2026-10-10T04:51:51.8092936Z Updating files:  64% (10288/16074)
2026-10-10T04:51:51.8419466Z Updating files:  65% (10449/16074)
2026-10-10T04:51:51.8826514Z Updating files:  66% (10609/16074)
2026-10-10T04:51:51.9158006Z Updating files:  67% (10770/16074)
2026-10-10T04:51:51.9943838Z Updating files:  68% (10931/16074)
2026-10-10T04:51:52.0256286Z Updating files:  69% (11092/16074)
2026-10-10T04:51:52.0572026Z Updating files:  70% (11252/16074)
2026-10-10T04:51:52.0960286Z Updating files:  71% (11413/16074)
2026-10-10T04:51:52.1422157Z Updating files:  72% (11574/16074)
2026-10-10T04:51:52.1720785Z Updating files:  73% (11735/16074)
2026-10-10T04:51:52.2030580Z Updating files:  74% (11895/16074)
2026-10-10T04:51:52.2452214Z Updating files:  75% (12056/16074)
2026-10-10T04:51:52.3028859Z Updating files:  76% (12217/16074)
2026-10-10T04:51:52.3567812Z Updating files:  77% (12377/16074)
2026-10-10T04:51:52.4135905Z Updating files:  78% (12538/16074)
2026-10-10T04:51:52.4666993Z Updating files:  79% (12699/16074)
2026-10-10T04:51:52.4751511Z Updating files:  80% (12860/16074)
2026-10-10T04:51:52.5119848Z Updating files:  80% (12901/16074)
2026-10-10T04:51:52.5732062Z Updating files:  81% (13020/16074)
2026-10-10T04:51:52.6089932Z Updating files:  82% (13181/16074)
2026-10-10T04:51:52.6553216Z Updating files:  83% (13342/16074)
2026-10-10T04:51:52.6963974Z Updating files:  84% (13503/16074)
2026-10-10T04:51:52.7342062Z Updating files:  85% (13663/16074)
2026-10-10T04:51:52.7660368Z Updating files:  86% (13824/16074)
2026-10-10T04:51:52.8021522Z Updating files:  87% (13985/16074)
2026-10-10T04:51:52.8258572Z Updating files:  88% (14146/16074)
2026-10-10T04:51:52.8630903Z Updating files:  89% (14306/16074)
2026-10-10T04:51:52.8957450Z Updating files:  90% (14467/16074)
2026-10-10T04:51:52.9365253Z Updating files:  91% (14628/16074)
2026-10-10T04:51:52.9815755Z Updating files:  92% (14789/16074)
2026-10-10T04:51:53.0122153Z Updating files:  93% (14949/16074)
2026-10-10T04:51:53.0437958Z Updating files:  94% (15110/16074)
2026-10-10T04:51:53.0850166Z Updating files:  95% (15271/16074)
2026-10-10T04:51:53.1301317Z Updating files:  96% (15432/16074)
2026-10-10T04:51:53.1725691Z Updating files:  97% (15592/16074)
2026-10-10T04:51:53.2085180Z Updating files:  98% (15753/16074)
2026-10-10T04:51:53.2414686Z Updating files:  99% (15914/16074)
2026-10-10T04:51:53.2415672Z Updating files: 100% (16074/16074)
2026-10-10T04:51:53.2416164Z Updating files: 100% (16074/16074), done.
2026-10-10T04:51:53.3132349Z ##[end-action id=__self.__run;outcome=success;conclusion=success;duration_ms=10090]
2026-10-10T04:51:53.3135928Z ##[start-action display=Run flutter config --no-analytics;id=__self.__run_2]
2026-10-10T04:51:53.3245341Z ##[group]Run flutter config --no-analytics
2026-10-10T04:51:53.3245643Z [36;1mflutter config --no-analytics[0m
2026-10-10T04:51:53.3245895Z [36;1mflutter --version[0m
2026-10-10T04:51:53.3261426Z shell: C:\Program Files\Git\bin\bash.EXE --noprofile --norc -e -o pipefail {0}
2026-10-10T04:51:53.3261831Z ##[endgroup]
2026-10-10T04:51:54.5810944Z Checking Dart SDK version... 
2026-10-10T04:51:54.5826465Z Downloading Dart SDK from Flutter engine ... 
2026-10-10T04:51:57.3887550Z Expanding downloaded archive with 7z...
2026-10-10T04:52:01.7809315Z Building flutter tool... 
2026-10-10T04:52:01.7842417Z Running pub upgrade... 
2026-10-10T04:52:01.8254438Z Resolving dependencies...
2026-10-10T04:52:02.4613811Z Downloading packages...
2026-10-10T04:52:15.5346045Z Got dependencies.
2026-10-10T04:52:33.9832987Z Analytics reporting disabled.
2026-10-10T04:52:33.9837953Z 
2026-10-10T04:52:33.9838393Z You may need to restart any open editors for them to read new settings.
2026-10-10T04:52:34.8090547Z Flutter 3.47.5 • channel [user-branch] • https://github.com/flutter/flutter.git
2026-10-10T04:52:34.8091854Z Framework • revision 6a19cca564 (3 weeks ago) • 2026-09-17 14:13:22 -0400
2026-10-10T04:52:34.8093084Z Engine • hash ab598368592da0064197e2bc15c7f5b0a2c6bb1f (revision af7e796e16) (23 days ago) • 2026-09-16 18:35:09.000Z
2026-10-10T04:52:34.8094045Z Tools • Dart 3.13.4 • DevTools 2.60.0
2026-10-10T04:52:34.8251100Z ##[end-action id=__self.__run_2;outcome=success;conclusion=success;duration_ms=41511]
2026-10-10T04:52:34.8419675Z Prepare all required actions
2026-10-10T04:52:34.8466335Z ##[group]Run ./.github/actions/setup-text-engine
2026-10-10T04:52:34.8466625Z with:
2026-10-10T04:52:34.8466814Z   platform: windows
2026-10-10T04:52:34.8466997Z ##[endgroup]
2026-10-10T04:52:34.8470942Z ##[start-action display=Select preinstalled Windows Python 3.11;id=__self_2.__run]
2026-10-10T04:52:34.8588802Z ##[group]Run py -3.11 -c "import pathlib, sys; print(pathlib.Path(sys.executable).parent)" >> $env:GITHUB_PATH
2026-10-10T04:52:34.8589536Z [36;1mpy -3.11 -c "import pathlib, sys; print(pathlib.Path(sys.executable).parent)" >> $env:GITHUB_PATH[0m
2026-10-10T04:52:34.8628412Z shell: C:\Program Files\PowerShell\7\pwsh.EXE -command ". '{0}'"
2026-10-10T04:52:34.8628767Z ##[endgroup]
2026-10-10T04:52:37.3197709Z ##[end-action id=__self_2.__run;outcome=success;conclusion=success;duration_ms=2472]
2026-10-10T04:52:37.3203649Z ##[start-action display=Bootstrap reviewed official Rust inputs outside app builds;id=__self_2.__run_2]
2026-10-10T04:52:37.3310196Z ##[group]Run python tool/bootstrap_text_engine.py --platform "$TEXT_PLATFORM"
2026-10-10T04:52:37.3310714Z [36;1mpython tool/bootstrap_text_engine.py --platform "$TEXT_PLATFORM"[0m
2026-10-10T04:52:37.3324173Z shell: C:\Program Files\Git\bin\bash.EXE --noprofile --norc -e -o pipefail {0}
2026-10-10T04:52:37.3324569Z env:
2026-10-10T04:52:37.3324749Z   TEXT_PLATFORM: windows
2026-10-10T04:52:37.3347832Z ##[endgroup]
2026-10-10T04:52:41.4514600Z info: profile set to minimal
2026-10-10T04:52:41.4515034Z info: default host tuple is x86_64-pc-windows-msvc
2026-10-10T04:52:41.4515364Z info: skipping toolchain installation
2026-10-10T04:52:41.4515556Z 
2026-10-10T04:52:41.4516461Z 
2026-10-10T04:52:41.4516969Z Rust is installed now. Great!
2026-10-10T04:52:41.4517311Z 
2026-10-10T04:52:41.4517531Z To get started you need Cargo's bin directory (D:\a\_temp
2026-10-10T04:52:41.4518089Z \tandemlog-rust-bootstrap\cargo\bin) in your PATH
2026-10-10T04:52:41.4519062Z environment variable. This has not been done automatically.
2026-10-10T04:52:41.4752986Z info: auto-self-update mode set to disable
2026-10-10T04:52:41.4753606Z warn: no toolchain installed and no default toolchain set
2026-10-10T04:52:41.4755406Z help: run 'rustup default stable' to download the latest stable release of Rust and set it as your default toolchain.
2026-10-10T04:52:41.4891616Z info: syncing channel updates for 1.99.0-x86_64-pc-windows-msvc
2026-10-10T04:52:41.6816399Z info: latest update on 2026-10-01 for version 1.99.0 (b940084d7 2026-09-28)
2026-10-10T04:52:41.6819532Z info: downloading 3 components
2026-10-10T04:52:48.4188323Z 
2026-10-10T04:52:48.6908813Z   1.99.0-x86_64-pc-windows-msvc installed - rustc 1.99.0 (b940084d7 2026-09-28)
2026-10-10T04:52:48.6909173Z 
2026-10-10T04:52:48.6915177Z info: default toolchain set to 1.99.0-x86_64-pc-windows-msvc
2026-10-10T04:52:48.7627979Z info: component rust-std is up to date
2026-10-10T04:52:48.7995720Z     Updating crates.io index
2026-10-10T04:52:49.1087281Z  Downloading crates ...
2026-10-10T04:52:49.3092672Z   Downloaded smallvec v1.16.2
2026-10-10T04:52:49.3208854Z   Downloaded scopeguard v1.2.0
2026-10-10T04:52:49.3255219Z   Downloaded zmij v1.0.23
2026-10-10T04:52:49.3341414Z   Downloaded event-listener-strategy v0.5.4
2026-10-10T04:52:49.3385649Z   Downloaded wasm-bindgen-shared v0.2.129
2026-10-10T04:52:49.3428858Z   Downloaded parking v2.2.1
2026-10-10T04:52:49.3474060Z   Downloaded smallstr v0.3.1
2026-10-10T04:52:49.3519062Z   Downloaded cfg-if v1.0.5
2026-10-10T04:52:49.3576430Z   Downloaded windows-link v0.2.1
2026-10-10T04:52:49.3614418Z   Downloaded thiserror v2.0.21
2026-10-10T04:52:49.3931536Z   Downloaded async-trait v0.1.92
2026-10-10T04:52:49.4080658Z   Downloaded itoa v1.0.18
2026-10-10T04:52:49.4132105Z   Downloaded wasm-bindgen-macro v0.2.129
2026-10-10T04:52:49.4166772Z   Downloaded quote v1.0.47
2026-10-10T04:52:49.4276210Z   Downloaded dashmap v6.2.1
2026-10-10T04:52:49.4371549Z   Downloaded fastrand v2.5.0
2026-10-10T04:52:49.4414752Z   Downloaded redox_syscall v0.5.18
2026-10-10T04:52:49.4513765Z   Downloaded thiserror-impl v2.0.21
2026-10-10T04:52:49.4567251Z   Downloaded rustversion v1.0.23
2026-10-10T04:52:49.4681108Z   Downloaded parking_lot_core v0.9.12
2026-10-10T04:52:49.4755328Z   Downloaded async-lock v3.4.2
2026-10-10T04:52:49.4830898Z   Downloaded crossbeam-utils v0.8.23
2026-10-10T04:52:49.4934226Z   Downloaded pin-project-lite v0.2.17
2026-10-10T04:52:49.5163241Z   Downloaded once_cell v1.21.4
2026-10-10T04:52:49.5265522Z   Downloaded lock_api v0.4.14
2026-10-10T04:52:49.5302840Z   Downloaded unicode-ident v1.0.26
2026-10-10T04:52:49.5391592Z   Downloaded proc-macro2 v1.0.107
2026-10-10T04:52:49.5496857Z   Downloaded serde_core v1.0.229
2026-10-10T04:52:49.5585822Z   Downloaded r-efi v6.0.0
2026-10-10T04:52:49.5777209Z   Downloaded event-listener v5.4.2
2026-10-10T04:52:49.5832114Z   Downloaded bitflags v2.13.2
2026-10-10T04:52:49.6006795Z   Downloaded getrandom v0.4.3
2026-10-10T04:52:49.6358548Z   Downloaded wasm-bindgen v0.2.129
2026-10-10T04:52:49.6447110Z   Downloaded base64 v0.22.1
2026-10-10T04:52:49.6579355Z   Downloaded serde_derive v1.0.229
2026-10-10T04:52:49.6693823Z   Downloaded serde v1.0.229
2026-10-10T04:52:49.6803481Z   Downloaded arc-swap v1.9.2
2026-10-10T04:52:49.6942469Z   Downloaded bumpalo v3.20.3
2026-10-10T04:52:49.7019486Z   Downloaded js-sys v0.3.106
2026-10-10T04:52:49.7092437Z   Downloaded memchr v2.8.3
2026-10-10T04:52:49.7282309Z   Downloaded wasm-bindgen-macro-support v0.2.129
2026-10-10T04:52:49.7343689Z   Downloaded hashbrown v0.14.5
2026-10-10T04:52:49.7487997Z   Downloaded serde_json v1.0.151
2026-10-10T04:52:49.7751664Z   Downloaded syn v3.0.6
2026-10-10T04:52:49.8084259Z   Downloaded libc v0.2.190
2026-10-10T04:52:50.0027212Z ##[end-action id=__self_2.__run_2;outcome=success;conclusion=success;duration_ms=12682]
2026-10-10T04:52:50.0029699Z ##[start-action display=Install exact approved NDK outside app builds;id=__self_2.__run_3]
2026-10-10T04:52:50.0035472Z ##[end-action id=__self_2.__run_3;outcome=skipped;conclusion=skipped;duration_ms=0]
2026-10-10T04:52:50.0154508Z ##[group]Run flutter pub get --enforce-lockfile
2026-10-10T04:52:50.0154937Z [36;1mflutter pub get --enforce-lockfile[0m
2026-10-10T04:52:50.0194833Z shell: C:\Program Files\PowerShell\7\pwsh.EXE -command ". '{0}'"
2026-10-10T04:52:50.0195182Z env:
2026-10-10T04:52:50.0195590Z   CARGO_HOME: D:\a\_temp\tandemlog-rust-bootstrap\cargo
2026-10-10T04:52:50.0195968Z   RUSTUP_HOME: D:\a\_temp\tandemlog-rust-bootstrap\rustup
2026-10-10T04:52:50.0196358Z   RUSTUP_UPDATE_ROOT: https://static.rust-lang.org/rustup
2026-10-10T04:52:50.0196715Z   RUSTUP_DIST_SERVER: https://static.rust-lang.org
2026-10-10T04:52:50.0197002Z   RUSTUP_AUTO_INSTALL: 0
2026-10-10T04:52:50.0197315Z   TANDEMLOG_TEXT_TARGET_DIR: D:\a\_temp\tandemlog-rust-bootstrap\target
2026-10-10T04:52:50.0197663Z ##[endgroup]
2026-10-10T04:52:51.3516759Z [1/10] Material Fonts                                              360ms
2026-10-10T04:52:51.4177096Z [2/10] Gradle Wrapper                                               25ms
2026-10-10T04:52:51.4486240Z [3/10] Flutter SDK
2026-10-10T04:52:51.5760515Z   ├─ [1/5] sky_engine                                              125ms
2026-10-10T04:52:51.7595033Z   ├─ [2/5] flutter_gpu                                              51ms
2026-10-10T04:52:52.0019164Z   ├─ [3/5] flutter_patched_sdk                                     224ms
2026-10-10T04:52:52.2415890Z   ├─ [4/5] flutter_patched_sdk_product                             201ms
2026-10-10T04:52:53.4908487Z   └─ [5/5] windows-x64                                           1,205ms
2026-10-10T04:52:53.9662981Z [10/10] windows-x64/font-subset                                    168ms
2026-10-10T04:52:54.0320993Z Resolving dependencies...
2026-10-10T04:52:54.7089359Z Downloading packages...
2026-10-10T04:53:01.8834894Z   code_assets 1.2.1 (2.1.0 available)
2026-10-10T04:53:01.8835230Z   cross_file 0.3.5+5 (0.4.0 available)
2026-10-10T04:53:01.8835586Z   jni 1.0.3 (1.1.0 available)
2026-10-10T04:53:01.8835991Z   jni_flutter 1.0.3 (1.0.4+1 available)
2026-10-10T04:53:01.8836523Z   material_color_utilities 0.13.0 (0.13.1 available)
2026-10-10T04:53:01.8836912Z   native_toolchain_c 0.19.3 (0.19.5 available)
2026-10-10T04:53:01.8837266Z   objective_c 9.5.0 (9.6.2 available)
2026-10-10T04:53:01.8837587Z   test_api 0.7.12 (0.7.15 available)
2026-10-10T04:53:01.8837923Z   url_launcher 6.3.2 (6.3.3 available)
2026-10-10T04:53:01.8838223Z   vector_math 2.4.0 (2.4.3 available)
2026-10-10T04:53:01.8838510Z Got dependencies!
2026-10-10T04:53:01.8839357Z 10 packages have newer versions incompatible with dependency constraints.
2026-10-10T04:53:01.8839928Z Try `flutter pub outdated` for more information.
2026-10-10T04:53:02.1919535Z ##[group]Run python tool/build_text_engine.py --platform windows --output-dir "$RUNNER_TEMP/native-unit"
2026-10-10T04:53:02.1920909Z [36;1mpython tool/build_text_engine.py --platform windows --output-dir "$RUNNER_TEMP/native-unit"[0m
2026-10-10T04:53:02.1921923Z [36;1mnative_library="$RUNNER_TEMP/native-unit/tandemlog_text.dll"[0m
2026-10-10T04:53:02.1922837Z [36;1mif [[ "$RUNNER_OS" == Windows ]]; then native_library="$(cygpath -w "$native_library")"; fi[0m
2026-10-10T04:53:02.1923829Z [36;1mpython tool/native_build_gates.py verify_library "$native_library"[0m
2026-10-10T04:53:02.1924706Z [36;1mecho "TANDEMLOG_TEXT_LIBRARY=$native_library" >> "$GITHUB_ENV"[0m
2026-10-10T04:53:02.1941642Z shell: C:\Program Files\Git\bin\bash.EXE --noprofile --norc -e -o pipefail {0}
2026-10-10T04:53:02.1942029Z env:
2026-10-10T04:53:02.1942253Z   CARGO_HOME: D:\a\_temp\tandemlog-rust-bootstrap\cargo
2026-10-10T04:53:02.1942661Z   RUSTUP_HOME: D:\a\_temp\tandemlog-rust-bootstrap\rustup
2026-10-10T04:53:02.1943027Z   RUSTUP_UPDATE_ROOT: https://static.rust-lang.org/rustup
2026-10-10T04:53:02.1943369Z   RUSTUP_DIST_SERVER: https://static.rust-lang.org
2026-10-10T04:53:02.1943646Z   RUSTUP_AUTO_INSTALL: 0
2026-10-10T04:53:02.1943956Z   TANDEMLOG_TEXT_TARGET_DIR: D:\a\_temp\tandemlog-rust-bootstrap\target
2026-10-10T04:53:02.1944303Z ##[endgroup]
2026-10-10T04:53:02.5495968Z    Compiling proc-macro2 v1.0.107
2026-10-10T04:53:02.5497113Z    Compiling unicode-ident v1.0.26
2026-10-10T04:53:02.5497913Z    Compiling quote v1.0.47
2026-10-10T04:53:02.5498475Z    Compiling serde_core v1.0.229
2026-10-10T04:53:02.6732618Z    Compiling pin-project-lite v0.2.17
2026-10-10T04:53:02.7415193Z    Compiling parking_lot_core v0.9.12
2026-10-10T04:53:04.4726991Z    Compiling rustversion v1.0.23
2026-10-10T04:53:04.5044328Z    Compiling crossbeam-utils v0.8.23
2026-10-10T04:53:04.5072832Z    Compiling parking v2.2.1
2026-10-10T04:53:04.6585167Z    Compiling zmij v1.0.23
2026-10-10T04:53:04.8342377Z    Compiling smallvec v1.16.2
2026-10-10T04:53:04.9178859Z    Compiling event-listener v5.4.2
2026-10-10T04:53:05.1405886Z    Compiling thiserror v2.0.21
2026-10-10T04:53:05.5184598Z    Compiling syn v3.0.6
2026-10-10T04:53:05.6200064Z    Compiling scopeguard v1.2.0
2026-10-10T04:53:05.6701760Z    Compiling windows-link v0.2.1
2026-10-10T04:53:05.7011317Z    Compiling serde v1.0.229
2026-10-10T04:53:05.7152725Z    Compiling serde_json v1.0.151
2026-10-10T04:53:05.9337373Z    Compiling cfg-if v1.0.5
2026-10-10T04:53:06.0339705Z    Compiling lock_api v0.4.14
2026-10-10T04:53:06.3661996Z    Compiling event-listener-strategy v0.5.4
2026-10-10T04:53:07.3453889Z    Compiling hashbrown v0.14.5
2026-10-10T04:53:07.5996392Z    Compiling once_cell v1.21.4
2026-10-10T04:53:07.8460773Z    Compiling memchr v2.8.3
2026-10-10T04:53:08.3285381Z    Compiling itoa v1.0.18
2026-10-10T04:53:08.5732734Z    Compiling dashmap v6.2.1
2026-10-10T04:53:09.3002637Z    Compiling arc-swap v1.9.2
2026-10-10T04:53:09.3064337Z    Compiling async-lock v3.4.2
2026-10-10T04:53:09.6466548Z    Compiling smallstr v0.3.1
2026-10-10T04:53:09.8526787Z    Compiling fastrand v2.5.0
2026-10-10T04:53:10.2309709Z    Compiling base64 v0.22.1
2026-10-10T04:53:11.0912490Z    Compiling thiserror-impl v2.0.21
2026-10-10T04:53:11.0912996Z    Compiling serde_derive v1.0.229
2026-10-10T04:53:11.0914063Z    Compiling async-trait v0.1.92
2026-10-10T04:53:14.5848601Z    Compiling yrs v0.28.0 (D:\a\tandemlog\tandemlog\native\text_engine\vendor\yrs-0.28.0)
2026-10-10T04:53:14.8630291Z warning: unused imports: `BlockRange` and `Block`
2026-10-10T04:53:14.8631298Z  --> vendor\yrs-0.28.0\src\transaction.rs:1:20
2026-10-10T04:53:14.8631780Z   |
2026-10-10T04:53:14.8637972Z 1 | use crate::block::{Block, BlockRange, Item, ItemContent, ItemPosition, ItemPtr, Prelim, ID};
2026-10-10T04:53:14.8638741Z   |                    ^^^^^  ^^^^^^^^^^
2026-10-10T04:53:14.8639110Z   |
2026-10-10T04:53:14.8641953Z   = note: `#[warn(unused_imports)]` (part of `#[warn(unused)]`) on by default
2026-10-10T04:53:14.8642514Z 
2026-10-10T04:53:14.8658459Z warning: unused import: `Block`
2026-10-10T04:53:14.8659081Z  --> vendor\yrs-0.28.0\src\block_iter.rs:1:20
2026-10-10T04:53:14.8659511Z   |
2026-10-10T04:53:14.8659818Z 1 | use crate::block::{Block, Item, ItemContent, ItemPtr, Prelim};
2026-10-10T04:53:14.8660153Z   |                    ^^^^^
2026-10-10T04:53:14.8660291Z 
2026-10-10T04:53:14.8676612Z warning: unused import: `ItemContent`
2026-10-10T04:53:14.8677584Z  --> vendor\yrs-0.28.0\src\iter.rs:1:20
2026-10-10T04:53:14.8677993Z   |
2026-10-10T04:53:14.8678336Z 1 | use crate::block::{ItemContent, ItemPtr};
2026-10-10T04:53:14.8679465Z   |                    ^^^^^^^^^^^
2026-10-10T04:53:14.8679715Z 
2026-10-10T04:53:14.8679858Z warning: unused imports: `SmallVec` and `smallvec`
2026-10-10T04:53:14.8680177Z  --> vendor\yrs-0.28.0\src\iter.rs:4:16
2026-10-10T04:53:14.8680416Z   |
2026-10-10T04:53:14.8680618Z 4 | use smallvec::{smallvec, SmallVec};
2026-10-10T04:53:14.8680864Z   |                ^^^^^^^^  ^^^^^^^^
2026-10-10T04:53:14.8681020Z 
2026-10-10T04:53:15.6561394Z warning: unused import: `crate::utils::OptionExt`
2026-10-10T04:53:15.6561968Z   --> vendor\yrs-0.28.0\src\doc.rs:10:5
2026-10-10T04:53:15.6562304Z    |
2026-10-10T04:53:15.6562548Z 10 | use crate::utils::OptionExt;
2026-10-10T04:53:15.6562871Z    |     ^^^^^^^^^^^^^^^^^^^^^^^
2026-10-10T04:53:15.6563074Z 
2026-10-10T04:53:15.6887533Z warning: value assigned to `left` is never read
2026-10-10T04:53:15.6887969Z    --> vendor\yrs-0.28.0\src\block.rs:494:24
2026-10-10T04:53:15.6888548Z     |
2026-10-10T04:53:15.6888725Z 494 |         let mut left = None;
2026-10-10T04:53:15.6889036Z     |                        ^^^^ this value is reassigned later and never used
2026-10-10T04:53:15.6889343Z ...
2026-10-10T04:53:15.6889560Z 540 |                 left = parent_branch.map.get(sub).cloned();
2026-10-10T04:53:15.6890478Z     |                 ------------------------------------------ `left` is overwritten here before the previous value is read
2026-10-10T04:53:15.6891159Z     |
2026-10-10T04:53:15.6891618Z     = note: `#[warn(unused_assignments)]` (part of `#[warn(unused)]`) on by default
2026-10-10T04:53:15.6892143Z 
2026-10-10T04:53:15.6988544Z warning: unused variable: `ptr`
2026-10-10T04:53:15.6989406Z    --> vendor\yrs-0.28.0\src\block.rs:886:21
2026-10-10T04:53:15.6990067Z     |
2026-10-10T04:53:15.6990516Z 886 |                 let ptr = BranchPtr::from(branch);
2026-10-10T04:53:15.6991426Z     |                     ^^^ help: if this is intentional, prefix it with an underscore: `_ptr`
2026-10-10T04:53:15.6992322Z     |
2026-10-10T04:53:15.6992916Z     = note: `#[warn(unused_variables)]` (part of `#[warn(unused)]`) on by default
2026-10-10T04:53:15.6993568Z 
2026-10-10T04:53:15.8782863Z warning: unused variable: `ptr`
2026-10-10T04:53:15.8783306Z    --> vendor\yrs-0.28.0\src\transaction.rs:778:13
2026-10-10T04:53:15.8783675Z     |
2026-10-10T04:53:15.8783927Z 778 |         let ptr = item.clone();
2026-10-10T04:53:15.8784403Z     |             ^^^ help: if this is intentional, prefix it with an underscore: `_ptr`
2026-10-10T04:53:15.8784785Z 
2026-10-10T04:53:15.8830424Z warning: variable does not need to be mutable
2026-10-10T04:53:15.8831166Z    --> vendor\yrs-0.28.0\src\transaction.rs:958:13
2026-10-10T04:53:15.8831963Z     |
2026-10-10T04:53:15.8832485Z 958 |         let mut block = Item::new(
2026-10-10T04:53:15.8833062Z     |             ----^^^^^
2026-10-10T04:53:15.8833503Z     |             |
2026-10-10T04:53:15.8833954Z     |             help: remove this `mut`
2026-10-10T04:53:15.8834551Z     |
2026-10-10T04:53:15.8835134Z     = note: `#[warn(unused_mut)]` (part of `#[warn(unused)]`) on by default
2026-10-10T04:53:15.8835755Z 
2026-10-10T04:53:16.5094511Z warning: variable does not need to be mutable
2026-10-10T04:53:16.5095138Z    --> vendor\yrs-0.28.0\src\undo.rs:133:13
2026-10-10T04:53:16.5095537Z     |
2026-10-10T04:53:16.5097026Z 133 |         let mut state = Arc::new(Inner {
2026-10-10T04:53:16.5097603Z     |             ----^^^^^
2026-10-10T04:53:16.5097982Z     |             |
2026-10-10T04:53:16.5098346Z     |             help: remove this `mut`
2026-10-10T04:53:16.5098687Z 
2026-10-10T04:53:16.5251657Z warning: unused variable: `clear_undo`
2026-10-10T04:53:16.5252832Z    --> vendor\yrs-0.28.0\src\undo.rs:379:34
2026-10-10T04:53:16.5253286Z     |
2026-10-10T04:53:16.5253759Z 379 |     fn clear_internal(&mut self, clear_undo: bool, clear_redo: bool) {
2026-10-10T04:53:16.5254722Z     |                                  ^^^^^^^^^^ help: if this is intentional, prefix it with an underscore: `_clear_undo`
2026-10-10T04:53:16.5255349Z 
2026-10-10T04:53:16.5255513Z warning: unused variable: `clear_redo`
2026-10-10T04:53:16.5255974Z    --> vendor\yrs-0.28.0\src\undo.rs:379:52
2026-10-10T04:53:16.5256400Z     |
2026-10-10T04:53:16.5256855Z 379 |     fn clear_internal(&mut self, clear_undo: bool, clear_redo: bool) {
2026-10-10T04:53:16.5257808Z     |                                                    ^^^^^^^^^^ help: if this is intentional, prefix it with an underscore: `_clear_redo`
2026-10-10T04:53:16.5258452Z 
2026-10-10T04:53:16.5714346Z warning: method `as_item` is never used
2026-10-10T04:53:16.5714983Z    --> vendor\yrs-0.28.0\src\block.rs:198:12
2026-10-10T04:53:16.5715259Z     |
2026-10-10T04:53:16.5715465Z 183 | impl<'a> BlockRef<'a> {
2026-10-10T04:53:16.5715744Z     | --------------------- method in this implementation
2026-10-10T04:53:16.5716130Z ...
2026-10-10T04:53:16.5716918Z 198 |     pub fn as_item(&self) -> Option<&'a Item> {
2026-10-10T04:53:16.5719004Z     |            ^^^^^^^
2026-10-10T04:53:16.5719342Z     |
2026-10-10T04:53:16.5719776Z     = note: `#[warn(dead_code)]` (part of `#[warn(unused)]`) on by default
2026-10-10T04:53:16.5720227Z 
2026-10-10T04:53:16.5720417Z warning: methods `last_id`, `is_item`, and `is_gc` are never used
2026-10-10T04:53:16.5720921Z    --> vendor\yrs-0.28.0\src\block.rs:264:12
2026-10-10T04:53:16.5721346Z     |
2026-10-10T04:53:16.5721613Z 221 | impl Block {
2026-10-10T04:53:16.5721957Z     | ---------- methods in this implementation
2026-10-10T04:53:16.5722386Z ...
2026-10-10T04:53:16.5722889Z 264 |     pub fn last_id(&self) -> ID {
2026-10-10T04:53:16.5723314Z     |            ^^^^^^^
2026-10-10T04:53:16.5723632Z ...
2026-10-10T04:53:16.5723935Z 281 |     pub fn is_item(&self) -> bool {
2026-10-10T04:53:16.5724356Z     |            ^^^^^^^
2026-10-10T04:53:16.5724681Z ...
2026-10-10T04:53:16.5724959Z 291 |     pub fn is_gc(&self) -> bool {
2026-10-10T04:53:16.5725370Z     |            ^^^^^
2026-10-10T04:53:16.5725581Z 
2026-10-10T04:53:16.5725778Z warning: method `delete_as_cleanup` is never used
2026-10-10T04:53:16.5726291Z    --> vendor\yrs-0.28.0\src\block.rs:632:19
2026-10-10T04:53:16.5726729Z     |
2026-10-10T04:53:16.5727004Z 444 | impl ItemPtr {
2026-10-10T04:53:16.5727367Z     | ------------ method in this implementation
2026-10-10T04:53:16.5727836Z ...
2026-10-10T04:53:16.5728376Z 632 |     pub(crate) fn delete_as_cleanup(&self, txn: &mut TransactionMut, is_local: bool) {
2026-10-10T04:53:16.5729112Z     |                   ^^^^^^^^^^^^^^^^^
2026-10-10T04:53:16.5729390Z 
2026-10-10T04:53:16.5729629Z warning: method `integrate` is never used
2026-10-10T04:53:16.5730109Z     --> vendor\yrs-0.28.0\src\block.rs:1415:19
2026-10-10T04:53:16.5730541Z      |
2026-10-10T04:53:16.5730807Z 1354 | impl BlockRange {
2026-10-10T04:53:16.5731442Z      | --------------- method in this implementation
2026-10-10T04:53:16.5732094Z ...
2026-10-10T04:53:16.5732417Z 1415 |     pub(crate) fn integrate(&mut self, pivot: u32) -> bool {
2026-10-10T04:53:16.5732729Z      |                   ^^^^^^^^^
2026-10-10T04:53:16.5732883Z 
2026-10-10T04:53:16.5732975Z warning: method `contains` is never used
2026-10-10T04:53:16.5733363Z    --> vendor\yrs-0.28.0\src\block_store.rs:300:12
2026-10-10T04:53:16.5733828Z     |
2026-10-10T04:53:16.5734319Z 289 | impl BlockStore {
2026-10-10T04:53:16.5734575Z     | --------------- method in this implementation
2026-10-10T04:53:16.5734828Z ...
2026-10-10T04:53:16.5735010Z 300 |     pub fn contains(&self, id: &ID) -> bool {
2026-10-10T04:53:16.5735269Z     |            ^^^^^^^^
2026-10-10T04:53:16.5735407Z 
2026-10-10T04:53:16.5735627Z warning: constant `WEAK_REF_FLAGS_QUOTE` is never used
2026-10-10T04:53:16.5736200Z    --> vendor\yrs-0.28.0\src\types\mod.rs:230:7
2026-10-10T04:53:16.5736681Z     |
2026-10-10T04:53:16.5737004Z 230 | const WEAK_REF_FLAGS_QUOTE: u8 = 0b0000_0001;
2026-10-10T04:53:16.5737297Z     |       ^^^^^^^^^^^^^^^^^^^^
2026-10-10T04:53:16.5737448Z 
2026-10-10T04:53:16.5737584Z warning: constant `WEAK_REF_FLAGS_START_ASSOC` is never used
2026-10-10T04:53:16.5738030Z    --> vendor\yrs-0.28.0\src\types\mod.rs:232:7
2026-10-10T04:53:16.5738462Z     |
2026-10-10T04:53:16.5738815Z 232 | const WEAK_REF_FLAGS_START_ASSOC: u8 = 0b0000_0010;
2026-10-10T04:53:16.5739267Z     |       ^^^^^^^^^^^^^^^^^^^^^^^^^^
2026-10-10T04:53:16.5739430Z 
2026-10-10T04:53:16.5739570Z warning: constant `WEAK_REF_FLAGS_END_ASSOC` is never used
2026-10-10T04:53:16.5739894Z    --> vendor\yrs-0.28.0\src\types\mod.rs:234:7
2026-10-10T04:53:16.5740348Z     |
2026-10-10T04:53:16.5740683Z 234 | const WEAK_REF_FLAGS_END_ASSOC: u8 = 0b0000_0100;
2026-10-10T04:53:16.5741166Z     |       ^^^^^^^^^^^^^^^^^^^^^^^^
2026-10-10T04:53:16.5741427Z 
2026-10-10T04:53:16.5741643Z warning: constant `WEAK_REF_FLAGS_START_UNBOUNDED` is never used
2026-10-10T04:53:16.5742005Z    --> vendor\yrs-0.28.0\src\types\mod.rs:236:7
2026-10-10T04:53:16.5742404Z     |
2026-10-10T04:53:16.5742623Z 236 | const WEAK_REF_FLAGS_START_UNBOUNDED: u8 = 0b0000_1000;
2026-10-10T04:53:16.5743109Z     |       ^^^^^^^^^^^^^^^^^^^^^^^^^^^^^^
2026-10-10T04:53:16.5743386Z 
2026-10-10T04:53:16.5743653Z warning: constant `WEAK_REF_FLAGS_END_UNBOUNDED` is never used
2026-10-10T04:53:16.5744564Z    --> vendor\yrs-0.28.0\src\types\mod.rs:238:7
2026-10-10T04:53:16.5745045Z     |
2026-10-10T04:53:16.5745400Z 238 | const WEAK_REF_FLAGS_END_UNBOUNDED: u8 = 0b0001_0000;
2026-10-10T04:53:16.5745711Z     |       ^^^^^^^^^^^^^^^^^^^^^^^^^^^^
2026-10-10T04:53:16.5745885Z 
2026-10-10T04:53:16.5746041Z warning: constant `WEAK_REF_FLAGS_PARENT_ROOT` is never used
2026-10-10T04:53:16.5746392Z    --> vendor\yrs-0.28.0\src\types\mod.rs:240:7
2026-10-10T04:53:16.5746695Z     |
2026-10-10T04:53:16.5747061Z 240 | const WEAK_REF_FLAGS_PARENT_ROOT: u8 = 0b0010_0000;
2026-10-10T04:53:16.5747558Z     |       ^^^^^^^^^^^^^^^^^^^^^^^^^^
2026-10-10T04:53:16.5747817Z 
2026-10-10T04:53:16.5747934Z warning: field `txn` is never read
2026-10-10T04:53:16.5748191Z    --> vendor\yrs-0.28.0\src\types\mod.rs:538:5
2026-10-10T04:53:16.5748450Z     |
2026-10-10T04:53:16.5748720Z 536 | pub(crate) struct Entries<'a, B, T> {
2026-10-10T04:53:16.5749630Z     |                   ------- field in this struct
2026-10-10T04:53:16.5750301Z 537 |     iter: std::collections::hash_map::Iter<'a, Arc<str>, ItemPtr>,
2026-10-10T04:53:16.5750896Z 538 |     txn: B,
2026-10-10T04:53:16.5751186Z     |     ^^^
2026-10-10T04:53:16.5751445Z     |
2026-10-10T04:53:16.5752196Z     = note: `Entries` has a derived impl for the trait `Debug`, but this is intentionally ignored during dead code analysis
2026-10-10T04:53:16.5753014Z 
2026-10-10T04:53:16.5753182Z warning: method `as_id_set` is never used
2026-10-10T04:53:16.5753669Z   --> vendor\yrs-0.28.0\src\update.rs:48:12
2026-10-10T04:53:16.5754095Z    |
2026-10-10T04:53:16.5754382Z 28 | impl BlockSet {
2026-10-10T04:53:16.5754756Z    | ------------- method in this implementation
2026-10-10T04:53:16.5755098Z ...
2026-10-10T04:53:16.5755276Z 48 |     pub fn as_id_set(&self) -> IdSet {
2026-10-10T04:53:16.5755531Z    |            ^^^^^^^^^
2026-10-10T04:53:16.5755667Z 
2026-10-10T04:53:16.5756087Z warning: associated functions `next_target` and `return_stack` are never used
2026-10-10T04:53:16.5756901Z    --> vendor\yrs-0.28.0\src\update.rs:503:8
2026-10-10T04:53:16.5757158Z     |
2026-10-10T04:53:16.5757313Z 169 | impl Update {
2026-10-10T04:53:16.5757555Z     | ----------- associated functions in this implementation
2026-10-10T04:53:16.5757841Z ...
2026-10-10T04:53:16.5758002Z 503 |     fn next_target<'a, 'b>(
2026-10-10T04:53:16.5758300Z     |        ^^^^^^^^^^^
2026-10-10T04:53:16.5758624Z ...
2026-10-10T04:53:16.5759174Z 526 |     fn return_stack(stack: Vec<Block>, refs: &mut BlockSet, remaining: &mut BlockSet) {
2026-10-10T04:53:16.5759881Z     |        ^^^^^^^^^^^^
2026-10-10T04:53:16.5760121Z 
2026-10-10T04:53:16.5760449Z warning: methods `forward`, `backward`, and `values` are never used
2026-10-10T04:53:16.5761105Z    --> vendor\yrs-0.28.0\src\block_iter.rs:76:12
2026-10-10T04:53:16.5761574Z     |
2026-10-10T04:53:16.5761837Z  18 | impl BlockIter {
2026-10-10T04:53:16.5762261Z     | -------------- methods in this implementation
2026-10-10T04:53:16.5762722Z ...
2026-10-10T04:53:16.5763119Z  76 |     pub fn forward<T: ReadTxn>(&mut self, txn: &T, len: u32) {
2026-10-10T04:53:16.5763683Z     |            ^^^^^^^
2026-10-10T04:53:16.5764006Z ...
2026-10-10T04:53:16.5764454Z 130 |     pub fn backward<T: ReadTxn>(&mut self, txn: &mut T, mut len: u32) {
2026-10-10T04:53:16.5765059Z     |            ^^^^^^^^
2026-10-10T04:53:16.5765376Z ...
2026-10-10T04:53:16.5765691Z 369 |     pub fn values<'a, 'txn, T: ReadTxn>(
2026-10-10T04:53:16.5766140Z     |            ^^^^^^
2026-10-10T04:53:16.5766341Z 
2026-10-10T04:53:16.5766516Z warning: struct `Values` is never constructed
2026-10-10T04:53:16.5767032Z    --> vendor\yrs-0.28.0\src\block_iter.rs:377:12
2026-10-10T04:53:16.5767440Z     |
2026-10-10T04:53:16.5767604Z 377 | pub struct Values<'a, 'txn> {
2026-10-10T04:53:16.5767825Z     |            ^^^^^^
2026-10-10T04:53:16.5767945Z 
2026-10-10T04:53:16.5768051Z warning: associated function `new` is never used
2026-10-10T04:53:16.5768465Z    --> vendor\yrs-0.28.0\src\block_iter.rs:383:8
2026-10-10T04:53:16.5768919Z     |
2026-10-10T04:53:16.5769226Z 382 | impl<'a, 'txn> Values<'a, 'txn> {
2026-10-10T04:53:16.5769810Z     | ------------------------------- associated function in this implementation
2026-10-10T04:53:16.5770651Z 383 |     fn new(iter: &'a mut BlockIter, txn: &'txn mut TransactionMut<'txn>) -> Self {
2026-10-10T04:53:16.5771301Z     |        ^^^
2026-10-10T04:53:16.5771480Z 
2026-10-10T04:53:16.5771647Z warning: method `remove_at` is never used
2026-10-10T04:53:16.5772079Z    --> vendor\yrs-0.28.0\src\branch.rs:398:19
2026-10-10T04:53:16.5772323Z     |
2026-10-10T04:53:16.5772471Z 222 | impl Branch {
2026-10-10T04:53:16.5772680Z     | ----------- method in this implementation
2026-10-10T04:53:16.5772926Z ...
2026-10-10T04:53:16.5773248Z 398 |     pub(crate) fn remove_at(&self, txn: &mut TransactionMut, index: u32, len: u32) -> u32 {
2026-10-10T04:53:16.5773759Z     |                   ^^^^^^^^^
2026-10-10T04:53:16.5773966Z 
2026-10-10T04:53:16.5774079Z warning: method `inner_mut` is never used
2026-10-10T04:53:16.5774413Z    --> vendor\yrs-0.28.0\src\ids.rs:548:19
2026-10-10T04:53:16.5774741Z     |
2026-10-10T04:53:16.5774967Z  58 | impl<T: Merge> IdRanges<T> {
2026-10-10T04:53:16.5775302Z     | -------------------------- method in this implementation
2026-10-10T04:53:16.5775648Z ...
2026-10-10T04:53:16.5775981Z 548 |     pub(crate) fn inner_mut(&mut self) -> &mut SmallVec<[(Range<u32>, T); 1]> {
2026-10-10T04:53:16.5776409Z     |                   ^^^^^^^^^
2026-10-10T04:53:16.5776597Z 
2026-10-10T04:53:16.5776715Z warning: trait `BlockIterator` is never used
2026-10-10T04:53:16.5777040Z  --> vendor\yrs-0.28.0\src\iter.rs:7:18
2026-10-10T04:53:16.5777343Z   |
2026-10-10T04:53:16.5777675Z 7 | pub(crate) trait BlockIterator: Iterator<Item = ItemPtr> + Sized {
2026-10-10T04:53:16.5778053Z   |                  ^^^^^^^^^^^^^
2026-10-10T04:53:16.5788576Z 
2026-10-10T04:53:16.5788779Z warning: trait `BlockSliceIterator` is never used
2026-10-10T04:53:16.5790281Z   --> vendor\yrs-0.28.0\src\iter.rs:16:18
2026-10-10T04:53:16.5790703Z    |
2026-10-10T04:53:16.5791008Z 16 | pub(crate) trait BlockSliceIterator: Iterator<Item = ItemSlice> + Sized {
2026-10-10T04:53:16.5791391Z    |                  ^^^^^^^^^^^^^^^^^^
2026-10-10T04:53:16.5791552Z 
2026-10-10T04:53:16.5791668Z warning: struct `RangeIter` is never constructed
2026-10-10T04:53:16.5791962Z    --> vendor\yrs-0.28.0\src\iter.rs:106:19
2026-10-10T04:53:16.5792208Z     |
2026-10-10T04:53:16.5792385Z 106 | pub(crate) struct RangeIter<I> {
2026-10-10T04:53:16.5792620Z     |                   ^^^^^^^^^
2026-10-10T04:53:16.5792772Z 
2026-10-10T04:53:16.5792918Z warning: associated items `new` and `begin` are never used
2026-10-10T04:53:16.5793246Z    --> vendor\yrs-0.28.0\src\iter.rs:117:8
2026-10-10T04:53:16.5793479Z     |
2026-10-10T04:53:16.5793638Z 113 | / impl<I> RangeIter<I>
2026-10-10T04:53:16.5793837Z 114 | | where
2026-10-10T04:53:16.5794018Z 115 | |     I: Iterator<Item = ItemPtr>,
2026-10-10T04:53:16.5794355Z     | |________________________________- associated items in this implementation
2026-10-10T04:53:16.5794674Z 116 |   {
2026-10-10T04:53:16.5794929Z 117 |       fn new(iter: I, start: StickyIndex, end: StickyIndex) -> Self {
2026-10-10T04:53:16.5795254Z     |          ^^^
2026-10-10T04:53:16.5795441Z ...
2026-10-10T04:53:16.5795686Z 126 |       fn begin(&mut self, start_offset: &mut u32) -> Option<ItemPtr> {
2026-10-10T04:53:16.5796014Z     |          ^^^^^
2026-10-10T04:53:16.5796122Z 
2026-10-10T04:53:16.5796226Z warning: enum `RangeIterState` is never used
2026-10-10T04:53:16.5796492Z    --> vendor\yrs-0.28.0\src\iter.rs:234:6
2026-10-10T04:53:16.5796833Z     |
2026-10-10T04:53:16.5796991Z 234 | enum RangeIterState {
2026-10-10T04:53:16.5797190Z     |      ^^^^^^^^^^^^^^
2026-10-10T04:53:16.5797317Z 
2026-10-10T04:53:16.5797414Z warning: struct `Values` is never constructed
2026-10-10T04:53:16.5797693Z    --> vendor\yrs-0.28.0\src\iter.rs:245:19
2026-10-10T04:53:16.5797922Z     |
2026-10-10T04:53:16.5798088Z 245 | pub(crate) struct Values<I> {
2026-10-10T04:53:16.5798309Z     |                   ^^^^^^
2026-10-10T04:53:16.5798439Z 
2026-10-10T04:53:16.5798551Z warning: associated function `new` is never used
2026-10-10T04:53:16.5798828Z    --> vendor\yrs-0.28.0\src\iter.rs:251:8
2026-10-10T04:53:16.5799056Z     |
2026-10-10T04:53:16.5799214Z 250 | impl<I> Values<I> {
2026-10-10T04:53:16.5799478Z     | ----------------- associated function in this implementation
2026-10-10T04:53:16.5799782Z 251 |     fn new(iter: I) -> Self {
2026-10-10T04:53:16.5799992Z     |        ^^^
2026-10-10T04:53:16.5800097Z 
2026-10-10T04:53:16.5800188Z warning: field `txn` is never read
2026-10-10T04:53:16.5800426Z    --> vendor\yrs-0.28.0\src\iter.rs:287:5
2026-10-10T04:53:16.5800655Z     |
2026-10-10T04:53:16.5800818Z 286 | pub struct AsIter<'a, T, I> {
2026-10-10T04:53:16.5801056Z     |            ------ field in this struct
2026-10-10T04:53:16.5801294Z 287 |     txn: &'a T,
2026-10-10T04:53:16.5801473Z     |     ^^^
2026-10-10T04:53:16.5801628Z     |
2026-10-10T04:53:16.5802037Z     = note: `AsIter` has a derived impl for the trait `Debug`, but this is intentionally ignored during dead code analysis
2026-10-10T04:53:16.5802454Z 
2026-10-10T04:53:16.5802661Z warning: methods `adjacent`, `contains_id`, `right`, and `left` are never used
2026-10-10T04:53:16.5803053Z    --> vendor\yrs-0.28.0\src\slice.rs:164:12
2026-10-10T04:53:16.5803290Z     |
2026-10-10T04:53:16.5803444Z 105 | impl ItemSlice {
2026-10-10T04:53:16.5803667Z     | -------------- methods in this implementation
2026-10-10T04:53:16.5803947Z ...
2026-10-10T04:53:16.5804124Z 164 |     pub fn adjacent(&self) -> bool {
2026-10-10T04:53:16.5804367Z     |            ^^^^^^^^
2026-10-10T04:53:16.5804554Z ...
2026-10-10T04:53:16.5804745Z 179 |     pub fn contains_id(&self, id: &ID) -> bool {
2026-10-10T04:53:16.5805016Z     |            ^^^^^^^^^^^
2026-10-10T04:53:16.5805202Z ...
2026-10-10T04:53:16.5805468Z 249 |     pub fn right(&self) -> Option<ItemSlice> {
2026-10-10T04:53:16.5805736Z     |            ^^^^^
2026-10-10T04:53:16.5805903Z ...
2026-10-10T04:53:16.5806082Z 269 |     pub fn left(&self) -> Option<ItemSlice> {
2026-10-10T04:53:16.5806340Z     |            ^^^^
2026-10-10T04:53:16.5806448Z 
2026-10-10T04:53:16.5806596Z warning: methods `within_range` and `get_item` are never used
2026-10-10T04:53:16.5806940Z    --> vendor\yrs-0.28.0\src\sticky_index.rs:272:19
2026-10-10T04:53:16.5807198Z     |
2026-10-10T04:53:16.5807361Z  51 | impl StickyIndex {
2026-10-10T04:53:16.5807599Z     | ---------------- methods in this implementation
2026-10-10T04:53:16.5807859Z ...
2026-10-10T04:53:16.5808109Z 272 |     pub(crate) fn within_range(&self, ptr: Option<ItemPtr>) -> bool {
2026-10-10T04:53:16.5808445Z     |                   ^^^^^^^^^^^^
2026-10-10T04:53:16.5808651Z ...
2026-10-10T04:53:16.5808912Z 287 |     pub(crate) fn get_item<T: ReadTxn>(&self, txn: &T) -> Option<ItemPtr> {
2026-10-10T04:53:16.5809264Z     |                   ^^^^^^^^
2026-10-10T04:53:16.5809404Z 
2026-10-10T04:53:16.5815369Z warning: hiding a lifetime that's elided elsewhere is confusing
2026-10-10T04:53:16.5815990Z   --> vendor\yrs-0.28.0\src\event.rs:63:18
2026-10-10T04:53:16.5816432Z    |
2026-10-10T04:53:16.5817121Z 63 |     pub fn added(&self) -> SubdocsEventIter {
2026-10-10T04:53:16.5818022Z    |                  ^^^^^     ^^^^^^^^^^^^^^^^ the same lifetime is hidden here
2026-10-10T04:53:16.5818521Z    |                  |
2026-10-10T04:53:16.5818896Z    |                  the lifetime is elided here
2026-10-10T04:53:16.5819308Z    |
2026-10-10T04:53:16.5820081Z    = help: the same lifetime is referred to in inconsistent ways, making the signature confusing
2026-10-10T04:53:16.5820888Z    = note: `#[warn(mismatched_lifetime_syntaxes)]` on by default
2026-10-10T04:53:16.5821399Z help: use `'_` for type paths
2026-10-10T04:53:16.5821730Z    |
2026-10-10T04:53:16.5822056Z 63 |     pub fn added(&self) -> SubdocsEventIter<'_> {
2026-10-10T04:53:16.5822538Z    |                                            ++++
2026-10-10T04:53:16.5822855Z 
2026-10-10T04:53:16.5823119Z warning: hiding a lifetime that's elided elsewhere is confusing
2026-10-10T04:53:16.5823660Z   --> vendor\yrs-0.28.0\src\event.rs:69:20
2026-10-10T04:53:16.5824068Z    |
2026-10-10T04:53:16.5824372Z 69 |     pub fn removed(&self) -> SubdocsEventIter {
2026-10-10T04:53:16.5824905Z    |                    ^^^^^     ^^^^^^^^^^^^^^^^ the same lifetime is hidden here
2026-10-10T04:53:16.5825369Z    |                    |
2026-10-10T04:53:16.5825707Z    |                    the lifetime is elided here
2026-10-10T04:53:16.5826114Z    |
2026-10-10T04:53:16.5826638Z    = help: the same lifetime is referred to in inconsistent ways, making the signature confusing
2026-10-10T04:53:16.5827313Z help: use `'_` for type paths
2026-10-10T04:53:16.5827630Z    |
2026-10-10T04:53:16.5827954Z 69 |     pub fn removed(&self) -> SubdocsEventIter<'_> {
2026-10-10T04:53:16.5828447Z    |                                              ++++
2026-10-10T04:53:16.5828730Z 
2026-10-10T04:53:16.5828982Z warning: hiding a lifetime that's elided elsewhere is confusing
2026-10-10T04:53:16.5829525Z   --> vendor\yrs-0.28.0\src\event.rs:75:19
2026-10-10T04:53:16.5829891Z    |
2026-10-10T04:53:16.5830201Z 75 |     pub fn loaded(&self) -> SubdocsEventIter {
2026-10-10T04:53:16.5830726Z    |                   ^^^^^     ^^^^^^^^^^^^^^^^ the same lifetime is hidden here
2026-10-10T04:53:16.5831183Z    |                   |
2026-10-10T04:53:16.5831522Z    |                   the lifetime is elided here
2026-10-10T04:53:16.5831935Z    |
2026-10-10T04:53:16.5832447Z    = help: the same lifetime is referred to in inconsistent ways, making the signature confusing
2026-10-10T04:53:16.5833121Z help: use `'_` for type paths
2026-10-10T04:53:16.5833445Z    |
2026-10-10T04:53:16.5833751Z 75 |     pub fn loaded(&self) -> SubdocsEventIter<'_> {
2026-10-10T04:53:16.5834396Z    |                                             ++++
2026-10-10T04:53:16.5834728Z 
2026-10-10T04:53:16.5843279Z warning: hiding a lifetime that's elided elsewhere is confusing
2026-10-10T04:53:16.5844462Z    --> vendor\yrs-0.28.0\src\store.rs:358:20
2026-10-10T04:53:16.5845643Z     |
2026-10-10T04:53:16.5846018Z 358 |     pub fn subdocs(&self) -> SubdocsIter {
2026-10-10T04:53:16.5846573Z     |                    ^^^^^     ^^^^^^^^^^^ the same lifetime is hidden here
2026-10-10T04:53:16.5846879Z     |                    |
2026-10-10T04:53:16.5847109Z     |                    the lifetime is elided here
2026-10-10T04:53:16.5847360Z     |
2026-10-10T04:53:16.5847720Z     = help: the same lifetime is referred to in inconsistent ways, making the signature confusing
2026-10-10T04:53:16.5848972Z help: use `'_` for type paths
2026-10-10T04:53:16.5849441Z     |
2026-10-10T04:53:16.5850051Z 358 |     pub fn subdocs(&self) -> SubdocsIter<'_> {
2026-10-10T04:53:16.5850399Z     |                                         ++++
2026-10-10T04:53:16.5851126Z 
2026-10-10T04:53:16.5851838Z warning: hiding a lifetime that's elided elsewhere is confusing
2026-10-10T04:53:16.5852882Z    --> vendor\yrs-0.28.0\src\store.rs:364:25
2026-10-10T04:53:16.5853720Z     |
2026-10-10T04:53:16.5854108Z 364 |     pub fn subdoc_guids(&self) -> SubdocGuids {
2026-10-10T04:53:16.5855032Z     |                         ^^^^^     ^^^^^^^^^^^ the same lifetime is hidden here
2026-10-10T04:53:16.5855607Z     |                         |
2026-10-10T04:53:16.5856010Z     |                         the lifetime is elided here
2026-10-10T04:53:16.5856442Z     |
2026-10-10T04:53:16.5857761Z     = help: the same lifetime is referred to in inconsistent ways, making the signature confusing
2026-10-10T04:53:16.5859493Z help: use `'_` for type paths
2026-10-10T04:53:16.5859858Z     |
2026-10-10T04:53:16.5860212Z 364 |     pub fn subdoc_guids(&self) -> SubdocGuids<'_> {
2026-10-10T04:53:16.5860692Z     |                                              ++++
2026-10-10T04:53:16.5861065Z 
2026-10-10T04:53:16.5861333Z warning: hiding a lifetime that's elided elsewhere is confusing
2026-10-10T04:53:16.5861922Z    --> vendor\yrs-0.28.0\src\store.rs:444:28
2026-10-10T04:53:16.5862342Z     |
2026-10-10T04:53:16.5862751Z 444 |     pub(crate) fn try_read(&self) -> Option<RwLockReadGuard<Store>> {
2026-10-10T04:53:16.5863652Z     |                            ^^^^^            ^^^^^^^^^^^^^^^^^^^^^^ the same lifetime is hidden here
2026-10-10T04:53:16.5864242Z     |                            |
2026-10-10T04:53:16.5864665Z     |                            the lifetime is elided here
2026-10-10T04:53:16.5865124Z     |
2026-10-10T04:53:16.5865722Z     = help: the same lifetime is referred to in inconsistent ways, making the signature confusing
2026-10-10T04:53:16.5866935Z help: use `'_` for type paths
2026-10-10T04:53:16.5867608Z     |
2026-10-10T04:53:16.5868141Z 444 |     pub(crate) fn try_read(&self) -> Option<RwLockReadGuard<'_, Store>> {
2026-10-10T04:53:16.5868833Z     |                                                             +++
2026-10-10T04:53:16.5869205Z 
2026-10-10T04:53:16.5870333Z warning: hiding a lifetime that's elided elsewhere is confusing
2026-10-10T04:53:16.5870980Z    --> vendor\yrs-0.28.0\src\store.rs:449:33
2026-10-10T04:53:16.5871432Z     |
2026-10-10T04:53:16.5871880Z 449 |     pub(crate) fn read_blocking(&self) -> RwLockReadGuard<Store> {
2026-10-10T04:53:16.5872400Z     |                                 ^^^^^     ^^^^^^^^^^^^^^^^^^^^^^ the same lifetime is hidden here
2026-10-10T04:53:16.5872728Z     |                                 |
2026-10-10T04:53:16.5873003Z     |                                 the lifetime is elided here
2026-10-10T04:53:16.5873267Z     |
2026-10-10T04:53:16.5873601Z     = help: the same lifetime is referred to in inconsistent ways, making the signature confusing
2026-10-10T04:53:16.5874039Z help: use `'_` for type paths
2026-10-10T04:53:16.5874242Z     |
2026-10-10T04:53:16.5874638Z 449 |     pub(crate) fn read_blocking(&self) -> RwLockReadGuard<'_, Store> {
2026-10-10T04:53:16.5875028Z     |                                                           +++
2026-10-10T04:53:16.5875228Z 
2026-10-10T04:53:16.5875383Z warning: hiding a lifetime that's elided elsewhere is confusing
2026-10-10T04:53:16.5875737Z    --> vendor\yrs-0.28.0\src\store.rs:458:30
2026-10-10T04:53:16.5875983Z     |
2026-10-10T04:53:16.5876198Z 458 |     pub(crate) fn read_async(&self) -> Read<Store> {
2026-10-10T04:53:16.5876542Z     |                              ^^^^^     ^^^^^^^^^^^ the same lifetime is hidden here
2026-10-10T04:53:16.5876848Z     |                              |
2026-10-10T04:53:16.5877102Z     |                              the lifetime is elided here
2026-10-10T04:53:16.5877353Z     |
2026-10-10T04:53:16.5877682Z     = help: the same lifetime is referred to in inconsistent ways, making the signature confusing
2026-10-10T04:53:16.5878102Z help: use `'_` for type paths
2026-10-10T04:53:16.5878300Z     |
2026-10-10T04:53:16.5878512Z 458 |     pub(crate) fn read_async(&self) -> Read<'_, Store> {
2026-10-10T04:53:16.5878879Z     |                                             +++
2026-10-10T04:53:16.5879053Z 
2026-10-10T04:53:16.5879210Z warning: hiding a lifetime that's elided elsewhere is confusing
2026-10-10T04:53:16.5879540Z    --> vendor\yrs-0.28.0\src\store.rs:462:29
2026-10-10T04:53:16.5879771Z     |
2026-10-10T04:53:16.5880024Z 462 |     pub(crate) fn try_write(&self) -> Option<RwLockWriteGuard<Store>> {
2026-10-10T04:53:16.5880447Z     |                             ^^^^^            ^^^^^^^^^^^^^^^^^^^^^^^ the same lifetime is hidden here
2026-10-10T04:53:16.5880855Z     |                             |
2026-10-10T04:53:16.5881093Z     |                             the lifetime is elided here
2026-10-10T04:53:16.5881339Z     |
2026-10-10T04:53:16.5881659Z     = help: the same lifetime is referred to in inconsistent ways, making the signature confusing
2026-10-10T04:53:16.5882072Z help: use `'_` for type paths
2026-10-10T04:53:16.5882266Z     |
2026-10-10T04:53:16.5882530Z 462 |     pub(crate) fn try_write(&self) -> Option<RwLockWriteGuard<'_, Store>> {
2026-10-10T04:53:16.5882905Z     |                                                               +++
2026-10-10T04:53:16.5883106Z 
2026-10-10T04:53:16.5883254Z warning: hiding a lifetime that's elided elsewhere is confusing
2026-10-10T04:53:16.5883582Z    --> vendor\yrs-0.28.0\src\store.rs:467:34
2026-10-10T04:53:16.5883810Z     |
2026-10-10T04:53:16.5884052Z 467 |     pub(crate) fn write_blocking(&self) -> RwLockWriteGuard<Store> {
2026-10-10T04:53:16.5884469Z     |                                  ^^^^^     ^^^^^^^^^^^^^^^^^^^^^^^ the same lifetime is hidden here
2026-10-10T04:53:16.5884791Z     |                                  |
2026-10-10T04:53:16.5885047Z     |                                  the lifetime is elided here
2026-10-10T04:53:16.5885302Z     |
2026-10-10T04:53:16.5885623Z     = help: the same lifetime is referred to in inconsistent ways, making the signature confusing
2026-10-10T04:53:16.5886038Z help: use `'_` for type paths
2026-10-10T04:53:16.5886237Z     |
2026-10-10T04:53:16.5886492Z 467 |     pub(crate) fn write_blocking(&self) -> RwLockWriteGuard<'_, Store> {
2026-10-10T04:53:16.5886864Z     |                                                             +++
2026-10-10T04:53:16.5887063Z 
2026-10-10T04:53:16.5887218Z warning: hiding a lifetime that's elided elsewhere is confusing
2026-10-10T04:53:16.5887553Z    --> vendor\yrs-0.28.0\src\store.rs:476:31
2026-10-10T04:53:16.5887784Z     |
2026-10-10T04:53:16.5887995Z 476 |     pub(crate) fn write_async(&self) -> Write<Store> {
2026-10-10T04:53:16.5888348Z     |                               ^^^^^     ^^^^^^^^^^^^ the same lifetime is hidden here
2026-10-10T04:53:16.5888651Z     |                               |
2026-10-10T04:53:16.5888900Z     |                               the lifetime is elided here
2026-10-10T04:53:16.5889155Z     |
2026-10-10T04:53:16.5890128Z     = help: the same lifetime is referred to in inconsistent ways, making the signature confusing
2026-10-10T04:53:16.5890604Z help: use `'_` for type paths
2026-10-10T04:53:16.5890803Z     |
2026-10-10T04:53:16.5891024Z 476 |     pub(crate) fn write_async(&self) -> Write<'_, Store> {
2026-10-10T04:53:16.5891330Z     |                                               +++
2026-10-10T04:53:16.5891503Z 
2026-10-10T04:53:16.5891659Z warning: hiding a lifetime that's elided elsewhere is confusing
2026-10-10T04:53:16.5892004Z    --> vendor\yrs-0.28.0\src\transaction.rs:168:18
2026-10-10T04:53:16.5892257Z     |
2026-10-10T04:53:16.5892427Z 168 |     fn root_refs(&self) -> RootRefs {
2026-10-10T04:53:16.5892718Z     |                  ^^^^^     ^^^^^^^^ the same lifetime is hidden here
2026-10-10T04:53:16.5892998Z     |                  |
2026-10-10T04:53:16.5893205Z     |                  the lifetime is elided here
2026-10-10T04:53:16.5893436Z     |
2026-10-10T04:53:16.5893751Z     = help: the same lifetime is referred to in inconsistent ways, making the signature confusing
2026-10-10T04:53:16.5894163Z help: use `'_` for type paths
2026-10-10T04:53:16.5894474Z     |
2026-10-10T04:53:16.5894799Z 168 |     fn root_refs(&self) -> RootRefs<'_> {
2026-10-10T04:53:16.5895621Z     |                                    ++++
2026-10-10T04:53:16.5896480Z 
2026-10-10T04:53:16.5896774Z warning: hiding a lifetime that's elided elsewhere is confusing
2026-10-10T04:53:16.5897378Z    --> vendor\yrs-0.28.0\src\transaction.rs:175:21
2026-10-10T04:53:16.5897799Z     |
2026-10-10T04:53:16.5898094Z 175 |     fn subdoc_guids(&self) -> SubdocGuids {
2026-10-10T04:53:16.5898838Z     |                     ^^^^^     ^^^^^^^^^^^ the same lifetime is hidden here
2026-10-10T04:53:16.5899298Z     |                     |
2026-10-10T04:53:16.5899641Z     |                     the lifetime is elided here
2026-10-10T04:53:16.5900033Z     |
2026-10-10T04:53:16.5900593Z     = help: the same lifetime is referred to in inconsistent ways, making the signature confusing
2026-10-10T04:53:16.5901288Z help: use `'_` for type paths
2026-10-10T04:53:16.5901605Z     |
2026-10-10T04:53:16.5901919Z 175 |     fn subdoc_guids(&self) -> SubdocGuids<'_> {
2026-10-10T04:53:16.5902369Z     |                                          ++++
2026-10-10T04:53:16.5902663Z 
2026-10-10T04:53:16.5902929Z warning: hiding a lifetime that's elided elsewhere is confusing
2026-10-10T04:53:16.5903498Z    --> vendor\yrs-0.28.0\src\transaction.rs:181:16
2026-10-10T04:53:16.5903890Z     |
2026-10-10T04:53:16.5904176Z 181 |     fn subdocs(&self) -> SubdocsIter {
2026-10-10T04:53:16.5904690Z     |                ^^^^^     ^^^^^^^^^^^ the same lifetime is hidden here
2026-10-10T04:53:16.5905161Z     |                |
2026-10-10T04:53:16.5905483Z     |                the lifetime is elided here
2026-10-10T04:53:16.5905862Z     |
2026-10-10T04:53:16.5906387Z     = help: the same lifetime is referred to in inconsistent ways, making the signature confusing
2026-10-10T04:53:16.5907105Z help: use `'_` for type paths
2026-10-10T04:53:16.5907418Z     |
2026-10-10T04:53:16.5907694Z 181 |     fn subdocs(&self) -> SubdocsIter<'_> {
2026-10-10T04:53:16.5908121Z     |                                     ++++
2026-10-10T04:53:16.5908387Z 
2026-10-10T04:53:16.5908648Z warning: hiding a lifetime that's elided elsewhere is confusing
2026-10-10T04:53:16.5909207Z    --> vendor\yrs-0.28.0\src\types\mod.rs:911:17
2026-10-10T04:53:16.5909603Z     |
2026-10-10T04:53:16.5909894Z 911 |     pub fn iter(&self) -> EventsIter {
2026-10-10T04:53:16.5910371Z     |                 ^^^^^     ^^^^^^^^^^ the same lifetime is hidden here
2026-10-10T04:53:16.5910840Z     |                 |
2026-10-10T04:53:16.5911168Z     |                 the lifetime is elided here
2026-10-10T04:53:16.5911561Z     |
2026-10-10T04:53:16.5912088Z     = help: the same lifetime is referred to in inconsistent ways, making the signature confusing
2026-10-10T04:53:16.5912757Z help: use `'_` for type paths
2026-10-10T04:53:16.5913252Z     |
2026-10-10T04:53:16.5913544Z 911 |     pub fn iter(&self) -> EventsIter<'_> {
2026-10-10T04:53:16.5913963Z     |                                     ++++
2026-10-10T04:53:16.5914233Z 
2026-10-10T04:53:16.6027767Z warning: hiding a lifetime that's elided elsewhere is confusing
2026-10-10T04:53:16.6028477Z   --> vendor\yrs-0.28.0\src\state_vector.rs:93:17
2026-10-10T04:53:16.6028846Z    |
2026-10-10T04:53:16.6029173Z 93 |     pub fn iter(&self) -> std::collections::hash_map::Iter<ClientID, u32> {
2026-10-10T04:53:16.6029652Z    |                 ^^^^^     ^^^^^^^^^^^^^^^^^^^^^^^^^^^^^^^^^^^^^^^^^^^^^^^ the same lifetime is hidden here
2026-10-10T04:53:16.6030012Z    |                 |
2026-10-10T04:53:16.6030234Z    |                 the lifetime is elided here
2026-10-10T04:53:16.6030479Z    |
2026-10-10T04:53:16.6030816Z    = help: the same lifetime is referred to in inconsistent ways, making the signature confusing
2026-10-10T04:53:16.6031254Z help: use `'_` for type paths
2026-10-10T04:53:16.6031473Z    |
2026-10-10T04:53:16.6031780Z 93 |     pub fn iter(&self) -> std::collections::hash_map::Iter<'_, ClientID, u32> {
2026-10-10T04:53:16.6032184Z    |                                                            +++
2026-10-10T04:53:16.6032384Z 
2026-10-10T04:53:16.6041338Z warning: hiding a lifetime that's elided elsewhere is confusing
2026-10-10T04:53:16.6041979Z    --> vendor\yrs-0.28.0\src\sync\awareness.rs:141:17
2026-10-10T04:53:16.6042428Z     |
2026-10-10T04:53:16.6042725Z 141 |     pub fn iter(&self) -> AwarenessIter {
2026-10-10T04:53:16.6043254Z     |                 ^^^^^     ^^^^^^^^^^^^^ the same lifetime is hidden here
2026-10-10T04:53:16.6044766Z     |                 |
2026-10-10T04:53:16.6045101Z     |                 the lifetime is elided here
2026-10-10T04:53:16.6045488Z     |
2026-10-10T04:53:16.6046034Z     = help: the same lifetime is referred to in inconsistent ways, making the signature confusing
2026-10-10T04:53:16.6046721Z help: use `'_` for type paths
2026-10-10T04:53:16.6047049Z     |
2026-10-10T04:53:16.6047351Z 141 |     pub fn iter(&self) -> AwarenessIter<'_> {
2026-10-10T04:53:16.6047816Z     |                                        ++++
2026-10-10T04:53:16.6048108Z 
2026-10-10T04:53:27.0036012Z warning: `yrs` (lib) generated 58 warnings (run `cargo fix --lib -p yrs` to apply 27 suggestions)
2026-10-10T04:53:27.0037084Z    Compiling tandemlog-text v0.0.0 (D:\a\tandemlog\tandemlog\native\text_engine)
2026-10-10T04:53:46.1798254Z     Finished `release` profile [optimized] target(s) in 43.77s
2026-10-10T04:53:46.3035928Z Required production native ABI loaded: D:\a\_temp\native-unit\tandemlog_text.dll
2026-10-10T04:53:46.3285386Z ##[group]Run flutter test --reporter expanded --file-reporter json:windows-unit-tests.json
2026-10-10T04:53:46.3286120Z [36;1mflutter test --reporter expanded --file-reporter json:windows-unit-tests.json[0m
2026-10-10T04:53:46.3325605Z shell: C:\Program Files\PowerShell\7\pwsh.EXE -command ". '{0}'"
2026-10-10T04:53:46.3325946Z env:
2026-10-10T04:53:46.3326244Z   CARGO_HOME: D:\a\_temp\tandemlog-rust-bootstrap\cargo
2026-10-10T04:53:46.3326603Z   RUSTUP_HOME: D:\a\_temp\tandemlog-rust-bootstrap\rustup
2026-10-10T04:53:46.3326995Z   RUSTUP_UPDATE_ROOT: https://static.rust-lang.org/rustup
2026-10-10T04:53:46.3327354Z   RUSTUP_DIST_SERVER: https://static.rust-lang.org
2026-10-10T04:53:46.3327652Z   RUSTUP_AUTO_INSTALL: 0
2026-10-10T04:53:46.3327966Z   TANDEMLOG_TEXT_TARGET_DIR: D:\a\_temp\tandemlog-rust-bootstrap\target
2026-10-10T04:53:46.3328413Z   TANDEMLOG_TEXT_LIBRARY: D:\a\_temp\native-unit\tandemlog_text.dll
2026-10-10T04:53:46.3328751Z ##[endgroup]
2026-10-10T04:53:47.3311390Z Resolving dependencies...
2026-10-10T04:53:47.4164304Z Downloading packages...
2026-10-10T04:53:47.5459913Z   code_assets 1.2.1 (2.1.0 available)
2026-10-10T04:53:47.5460468Z   cross_file 0.3.5+5 (0.4.0 available)
2026-10-10T04:53:47.5460834Z   jni 1.0.3 (1.1.0 available)
2026-10-10T04:53:47.5461292Z   jni_flutter 1.0.3 (1.0.4+1 available)
2026-10-10T04:53:47.5461797Z   material_color_utilities 0.13.0 (0.13.1 available)
2026-10-10T04:53:47.5462325Z   native_toolchain_c 0.19.3 (0.19.5 available)
2026-10-10T04:53:47.5462652Z   objective_c 9.5.0 (9.6.2 available)
2026-10-10T04:53:47.5462907Z   test_api 0.7.12 (0.7.15 available)
2026-10-10T04:53:47.5463160Z   url_launcher 6.3.2 (6.3.3 available)
2026-10-10T04:53:47.5463417Z   vector_math 2.4.0 (2.4.3 available)
2026-10-10T04:53:47.5463777Z Got dependencies!
2026-10-10T04:53:47.5464296Z 10 packages have newer versions incompatible with dependency constraints.
2026-10-10T04:53:47.5464778Z Try `flutter pub outdated` for more information.
2026-10-10T04:53:51.9103185Z 00:00 +0: loading D:/a/tandemlog/tandemlog/test/android_log_folder_test.dart
2026-10-10T04:53:59.9357563Z 00:00 +0: D:/a/tandemlog/tandemlog/test/android_log_folder_test.dart: range bridge returns suffix and exposes nonseekable fallback explicitly
2026-10-10T04:53:59.9731822Z 00:00 +1: D:/a/tandemlog/tandemlog/test/android_log_folder_test.dart: range truncation/provider errors remain failures rather than fallback
2026-10-10T04:53:59.9779989Z 00:00 +2: D:/a/tandemlog/tandemlog/test/android_log_folder_test.dart: unsupported watch retains 15-second foreground fallback and retries
2026-10-10T04:53:59.9921007Z 00:00 +3: D:/a/tandemlog/tandemlog/test/android_log_folder_test.dart: metadata remains optional observations and never creates trusted stamps
2026-10-10T04:53:59.9978443Z 00:00 +4: D:/a/tandemlog/tandemlog/test/android_log_folder_test.dart: list rejects duplicate tandemlog-space.json before returning observations (same identity: false)
2026-10-10T04:54:00.0071129Z 00:00 +5: D:/a/tandemlog/tandemlog/test/android_log_folder_test.dart: list rejects duplicate tandemlog-space.json before returning observations (same identity: true)
2026-10-10T04:54:00.0110690Z 00:00 +6: D:/a/tandemlog/tandemlog/test/android_log_folder_test.dart: list rejects duplicate writer.jsonl before returning observations (same identity: false)
2026-10-10T04:54:00.0148858Z 00:00 +7: D:/a/tandemlog/tandemlog/test/android_log_folder_test.dart: list rejects duplicate writer.jsonl before returning observations (same identity: true)
2026-10-10T04:54:00.0184976Z 00:00 +8: D:/a/tandemlog/tandemlog/test/android_log_folder_test.dart: unrelated duplicate names do not reject the folder
2026-10-10T04:54:00.0225136Z 00:00 +9: D:/a/tandemlog/tandemlog/test/android_log_folder_test.dart: list preserves native duplicate-name diagnostics and fails closed
2026-10-10T04:54:00.0267877Z 00:00 +10: D:/a/tandemlog/tandemlog/test/android_log_folder_test.dart: read preserves native duplicate-name diagnostics and fails closed
2026-10-10T04:54:00.0303743Z 00:00 +11: D:/a/tandemlog/tandemlog/test/android_log_folder_test.dart: readFrom preserves native duplicate-name diagnostics and fails closed
2026-10-10T04:54:00.0331585Z 00:00 +12: D:/a/tandemlog/tandemlog/test/android_log_folder_test.dart: append preserves native duplicate-name diagnostics and fails closed
2026-10-10T04:54:00.0364614Z 00:00 +13: D:/a/tandemlog/tandemlog/test/android_log_folder_test.dart: create preserves native duplicate-name diagnostics and fails closed
2026-10-10T04:54:00.0396767Z 00:00 +14: D:/a/tandemlog/tandemlog/test/android_log_folder_test.dart: watch cancellation and old callbacks cannot trigger the new folder
2026-10-10T04:54:00.0466324Z 00:00 +15: D:/a/tandemlog/tandemlog/test/android_log_folder_test.dart: unsupported watch activation becomes a stream error for polling fallback
2026-10-10T04:54:00.0504427Z 00:00 +16: D:/a/tandemlog/tandemlog/test/android_log_folder_test.dart: observer error is delivered and a resumed watch uses fresh token
2026-10-10T04:54:00.0555679Z 00:00 +17: D:/a/tandemlog/tandemlog/test/android_log_folder_test.dart: successful folder calls preserve bytes, names and forced revalidation
2026-10-10T04:54:00.0596044Z 00:00 +18: D:/a/tandemlog/tandemlog/test/android_log_folder_test.dart: missing manifest gives restoration guidance without blaming permission
2026-10-10T04:54:00.0630876Z 00:00 +19: D:/a/tandemlog/tandemlog/test/android_log_folder_test.dart: list generic IO failure stays honest and omits provider internals
2026-10-10T04:54:00.0666728Z 00:00 +20: D:/a/tandemlog/tandemlog/test/android_log_folder_test.dart: read generic IO failure stays honest and omits provider internals
2026-10-10T04:54:00.0697019Z 00:00 +21: D:/a/tandemlog/tandemlog/test/android_log_folder_test.dart: append generic IO failure stays honest and omits provider internals
2026-10-10T04:54:00.0726580Z 00:00 +22: D:/a/tandemlog/tandemlog/test/android_log_folder_test.dart: create generic IO failure stays honest and omits provider internals
2026-10-10T04:54:00.0755589Z 00:00 +23: D:/a/tandemlog/tandemlog/test/android_log_folder_test.dart: actual denied access and picker failures have specific recovery
2026-10-10T04:54:00.0807871Z 00:00 +24: D:/a/tandemlog/tandemlog/test/android_log_folder_test.dart: presentation retains partial progress and canonical validation messages
2026-10-10T04:54:00.0842659Z 00:00 +25: D:/a/tandemlog/tandemlog/test/android_log_folder_test.dart: food duplicates remain visible for module-scoped admission
2026-10-10T04:54:00.0883069Z 00:00 +26: D:/a/tandemlog/tandemlog/test/android_log_folder_test.dart: bounded food reads send the limit to the provider
2026-10-10T04:54:00.6160016Z 00:00 +27: D:/a/tandemlog/tandemlog/test/android_recovery_harness_test.dart: populated shared folder is rejected before native initialization
2026-10-10T04:54:00.6781236Z 00:00 +28: D:/a/tandemlog/tandemlog/test/android_recovery_harness_test.dart: bounded recovery harness passes all six synthetic cases
2026-10-10T04:54:03.1046508Z 00:03 +29: D:/a/tandemlog/tandemlog/test/android_recovery_harness_test.dart: bounded recovery harness passes all six synthetic cases
2026-10-10T04:54:05.7097474Z 00:05 +30: D:/a/tandemlog/tandemlog/test/batch_storage_test.dart: 30-task create/edit/tag/move/delete/Undo use one durable append/cache transaction
2026-10-10T04:54:05.9533497Z 00:06 +31: D:/a/tandemlog/tandemlog/test/batch_storage_test.dart: 100-task create/edit/tag/move/delete/Undo use one durable append/cache transaction
2026-10-10T04:54:10.1124898Z 00:10 +32: D:/a/tandemlog/tandemlog/test/batch_storage_test.dart: 100-task create/edit/tag/move/delete/Undo use one durable append/cache transaction
2026-10-10T04:54:10.7198369Z 00:10 +33: D:/a/tandemlog/tandemlog/test/bulk_apply_semantics_test.dart: bulk apply names and accessible actions isolate fields at (390.0, 2.0)
2026-10-10T04:54:11.1179209Z 00:11 +34: D:/a/tandemlog/tandemlog/test/bulk_apply_semantics_test.dart: bulk apply names and accessible actions isolate fields at (390.0, 2.0)
2026-10-10T04:54:11.3876249Z 00:11 +35: D:/a/tandemlog/tandemlog/test/batch_storage_test.dart: capture prefix write reconciles exact records and never discards incomplete tail
2026-10-10T04:54:11.5129277Z 00:11 +36: D:/a/tandemlog/tandemlog/test/bulk_apply_semantics_test.dart: keyboard applies only Due time; tag operations stay distinct
2026-10-10T04:54:11.9906922Z 00:12 +37: D:/a/tandemlog/tandemlog/test/bulk_apply_semantics_test.dart: keyboard applies only Due time; tag operations stay distinct
2026-10-10T04:54:12.1466910Z 00:12 +38: D:/a/tandemlog/tandemlog/test/batch_storage_test.dart: capture after write reconciles exact records and never discards incomplete tail
2026-10-10T04:54:12.3334065Z 00:12 +39: D:/a/tandemlog/tandemlog/test/bulk_apply_semantics_test.dart: saving retains field names but disables all apply actions
2026-10-10T04:54:12.5918689Z 00:12 +40: D:/a/tandemlog/tandemlog/test/batch_storage_test.dart: capture cache write reconciles exact records and never discards incomplete tail
2026-10-10T04:54:12.7013226Z 00:12 +41: D:/a/tandemlog/tandemlog/test/batch_storage_test.dart: invalid deferred reference to second batch event rejects all before append
2026-10-10T04:54:13.1424418Z 00:13 +42: D:/a/tandemlog/tandemlog/test/batch_storage_test.dart: deferred tag reference to second prepared event rejects the complete batch
2026-10-10T04:54:13.9318360Z 00:13 +43: D:/a/tandemlog/tandemlog/test/bulk_failure_visibility_test.dart: bulk failure remains visible after bottom scroll (height: 820.0, keyboard: 0.0, message: Selected tasks changed. Close this editor and review them before retrying., scale: 1.0, width: 390.0)
2026-10-10T04:54:16.3128997Z 00:16 +44: D:/a/tandemlog/tandemlog/test/checklist_architecture_gate_test.dart: genuine offline item activity arriving after cancellation restores its task
2026-10-10T04:54:16.3935928Z 00:16 +45: D:/a/tandemlog/tandemlog/test/bulk_failure_visibility_test.dart: bulk failure remains visible after bottom scroll (height: 820.0, keyboard: 280.0, message: Selected tasks changed. Close this editor and review them before retrying., scale: 2.0, width: 390.0)
2026-10-10T04:54:16.8856836Z 00:16 +46: D:/a/tandemlog/tandemlog/test/checklist_architecture_gate_test.dart: local item create cannot resurrect a canceled successor
2026-10-10T04:54:17.2399620Z 00:17 +47: D:/a/tandemlog/tandemlog/test/bulk_failure_visibility_test.dart: bulk failure remains visible after bottom scroll (height: 640.0, keyboard: 280.0, message: Selected tasks changed. Close this editor and review them before retrying., scale: 2.0, width: 360.0)
2026-10-10T04:54:17.3928021Z 00:17 +48: D:/a/tandemlog/tandemlog/test/checklist_architecture_gate_test.dart: local item check cannot resurrect a canceled successor
2026-10-10T04:54:17.8627601Z 00:17 +49: D:/a/tandemlog/tandemlog/test/checklist_architecture_gate_test.dart: local item check cannot resurrect a canceled successor
2026-10-10T04:54:18.0657562Z 00:18 +50: D:/a/tandemlog/tandemlog/test/bulk_failure_visibility_test.dart: single modal and bulk panel keep existing failure location false
2026-10-10T04:54:18.1439607Z 00:18 +51: D:/a/tandemlog/tandemlog/test/checklist_architecture_gate_test.dart: local item move cannot resurrect a canceled successor
2026-10-10T04:54:18.4177802Z 00:18 +52: D:/a/tandemlog/tandemlog/test/checklist_architecture_gate_test.dart: local item move cannot resurrect a canceled successor
2026-10-10T04:54:18.8926557Z 00:18 +53: D:/a/tandemlog/tandemlog/test/checklist_architecture_gate_test.dart: local item delete cannot resurrect a canceled successor
2026-10-10T04:54:19.7389019Z 00:19 +54: D:/a/tandemlog/tandemlog/test/checklist_baseline_selection_test.dart: shared baseline preserves earliest scalar successor protected by checked copied-item history
2026-10-10T04:54:20.8282057Z 00:20 +55: D:/a/tandemlog/tandemlog/test/checklist_baseline_selection_test.dart: shared baseline preserves earliest scalar successor protected by checked copied-item history
2026-10-10T04:54:21.9115845Z 00:21 +56: D:/a/tandemlog/tandemlog/test/checklist_baseline_selection_test.dart: shared baseline preserves earliest scalar successor protected by checked copied-item history
2026-10-10T04:54:22.4289372Z 00:22 +57: D:/a/tandemlog/tandemlog/test/checklist_baseline_selection_test.dart: shared baseline preserves earliest scalar successor protected by undone and deleted copied-item history
2026-10-10T04:54:24.7497857Z 00:24 +58: D:/a/tandemlog/tandemlog/test/checklist_completion_command_test.dart: all checked items complete without warning and prepare exactly one receipt
2026-10-10T04:54:24.9718143Z 00:25 +59: D:/a/tandemlog/tandemlog/test/checklist_baseline_selection_test.dart: later copied-item activity preserves the declared scalar baseline through native capture and cold replay
2026-10-10T04:54:26.2408161Z 00:26 +60: D:/a/tandemlog/tandemlog/test/checklist_baseline_selection_test.dart: later copied-item activity preserves the declared scalar baseline through native capture and cold replay
2026-10-10T04:54:27.3011788Z 00:27 +61: D:/a/tandemlog/tandemlog/test/checklist_completion_command_test.dart: warning observes whole current checklist including checked items notes and order
2026-10-10T04:54:27.8828820Z 00:27 +62: D:/a/tandemlog/tandemlog/test/checklist_completion_command_test.dart: incoming new unchecked item during warning requires fresh confirmation before receipt
2026-10-10T04:54:29.2830337Z 00:29 +63: D:/a/tandemlog/tandemlog/test/checklist_delivery_test.dart: remote item waits for missing task parent then attaches once without appearing as a task
2026-10-10T04:54:29.3593051Z 00:29 +64: D:/a/tandemlog/tandemlog/test/checklist_completion_command_test.dart: incoming completion state during warning requires fresh confirmation before receipt
2026-10-10T04:54:30.0759625Z 00:30 +65: D:/a/tandemlog/tandemlog/test/checklist_completion_command_test.dart: incoming completion state during warning requires fresh confirmation before receipt
2026-10-10T04:54:30.6996080Z 00:30 +66: D:/a/tandemlog/tandemlog/test/checklist_completion_command_test.dart: incoming completion state during warning requires fresh confirmation before receipt
2026-10-10T04:54:31.0479681Z 00:31 +67: D:/a/tandemlog/tandemlog/test/checklist_delivery_test.dart: late same-parent creation anchor settles item order and duplicates do not add items
2026-10-10T04:54:31.4287914Z 00:31 +68: D:/a/tandemlog/tandemlog/test/checklist_completion_command_test.dart: incoming title during warning requires fresh confirmation before receipt
2026-10-10T04:54:32.3572949Z 00:32 +69: D:/a/tandemlog/tandemlog/test/checklist_completion_command_test.dart: incoming title during warning requires fresh confirmation before receipt
2026-10-10T04:54:33.0042058Z 00:33 +70: D:/a/tandemlog/tandemlog/test/checklist_delivery_test.dart: late user creation anchor rejects with transactional rollback
2026-10-10T04:54:33.0546515Z 00:33 +71: D:/a/tandemlog/tandemlog/test/checklist_completion_command_test.dart: incoming notes during warning requires fresh confirmation before receipt
2026-10-10T04:54:33.7163186Z 00:33 +72: D:/a/tandemlog/tandemlog/test/checklist_completion_command_test.dart: incoming notes during warning requires fresh confirmation before receipt
2026-10-10T04:54:34.7488988Z 00:34 +73: D:/a/tandemlog/tandemlog/test/checklist_delivery_test.dart: copy contribution waits for its source frontier then reconstructs unchecked native item exactly
2026-10-10T04:54:34.9577221Z 00:35 +74: D:/a/tandemlog/tandemlog/test/checklist_completion_command_test.dart: incoming order during warning requires fresh confirmation before receipt
2026-10-10T04:54:36.1249807Z 00:36 +75: D:/a/tandemlog/tandemlog/test/checklist_completion_command_test.dart: incoming order during warning requires fresh confirmation before receipt
2026-10-10T04:54:36.3398039Z 00:36 +76: D:/a/tandemlog/tandemlog/test/checklist_delivery_test.dart: forged order copy rejects before receipt and leaves canonical history untouched
2026-10-10T04:54:37.1325724Z 00:37 +77: D:/a/tandemlog/tandemlog/test/checklist_completion_command_test.dart: cancel renewed warning keeps peer changes but writes no local completion
2026-10-10T04:54:37.9481134Z 00:38 +78: D:/a/tandemlog/tandemlog/test/checklist_delivery_test.dart: forged visible text copy rejects before receipt and leaves canonical history untouched
2026-10-10T04:54:38.2938530Z 00:38 +79: D:/a/tandemlog/tandemlog/test/checklist_completion_command_test.dart: incoming checks clearing all unfinished work need no second warning
2026-10-10T04:54:39.3464365Z 00:39 +80: D:/a/tandemlog/tandemlog/test/checklist_completion_command_test.dart: incoming checks clearing all unfinished work need no second warning
2026-10-10T04:54:39.7627034Z 00:39 +81: D:/a/tandemlog/tandemlog/test/checklist_delivery_test.dart: forged source parent copy rejects before receipt and leaves canonical history untouched
2026-10-10T04:54:40.7005565Z 00:40 +82: D:/a/tandemlog/tandemlog/test/checklist_completion_command_test.dart: task deleted while warning is open stops without preparing duplicate completion
2026-10-10T04:54:41.1566254Z 00:41 +83: D:/a/tandemlog/tandemlog/test/checklist_delivery_test.dart: copied ID collision with independent task rejects before receipt
2026-10-10T04:54:41.5406698Z 00:41 +84: D:/a/tandemlog/tandemlog/test/checklist_completion_command_test.dart: task completed while warning is open stops without preparing duplicate completion
2026-10-10T04:54:42.5013656Z 00:42 +85: D:/a/tandemlog/tandemlog/test/checklist_completion_command_test.dart: task completed while warning is open stops without preparing duplicate completion
2026-10-10T04:54:42.7101414Z 00:42 +86: D:/a/tandemlog/tandemlog/test/checklist_delivery_test.dart: late duplicate copy contribution preserves child-owned ordering and check state
2026-10-10T04:54:43.9772991Z 00:44 +87: D:/a/tandemlog/tandemlog/test/checklist_completion_command_test.dart: already completed task returns null without warning or duplicate receipt
2026-10-10T04:54:44.1956877Z 00:44 +88: D:/a/tandemlog/tandemlog/test/checklist_delivery_test.dart: parent recurrence preserves live item private draft and later source Save does not flow into copied notes
2026-10-10T04:54:45.3388970Z 00:45 +89: D:/a/tandemlog/tandemlog/test/checklist_completion_command_test.dart: native incoming notes renew warning while another private item draft stays unpublished
2026-10-10T04:54:45.9840184Z 00:46 +90: D:/a/tandemlog/tandemlog/test/checklist_delivery_test.dart: item private drafts, pre-append Save cancellation and scoped Undo preserve another item
2026-10-10T04:54:46.5780300Z 00:46 +91: D:/a/tandemlog/tandemlog/test/checklist_completion_command_test.dart: incoming unchecked item at native preparation boundary retries confirmation before any receipt
2026-10-10T04:54:47.8335391Z 00:47 +92: D:/a/tandemlog/tandemlog/test/checklist_expansion_store_test.dart: sparse local expansion preserves other metadata and normal reopen
2026-10-10T04:54:47.8864545Z 00:47 +93: D:/a/tandemlog/tandemlog/test/checklist_expansion_store_test.dart: cache reset defaults collapsed and invalid local values are ignored
2026-10-10T04:54:47.8908427Z 00:47 +94: D:/a/tandemlog/tandemlog/test/checklist_expansion_store_test.dart: bad IDs and an active canonical transaction cannot cause partial UI writes
2026-10-10T04:54:48.4986439Z 00:48 +95: D:/a/tandemlog/tandemlog/test/checklist_item_native_editor_test.dart: remote deleted parent rejects private native Save without receipt and permits Discard
2026-10-10T04:54:49.9671048Z 00:50 +96: D:/a/tandemlog/tandemlog/test/checklist_item_native_editor_test.dart: remote deleted parent rejects private native Save without receipt and permits Discard
2026-10-10T04:54:50.1054579Z 00:50 +97: D:/a/tandemlog/tandemlog/test/checklist_item_native_editor_test.dart: remote deleted parent rejects private native Save without receipt and permits Discard
2026-10-10T04:54:50.1942372Z 00:50 +98: D:/a/tandemlog/tandemlog/test/checklist_item_native_editor_test.dart: remote deleted parent rejects private native Save without receipt and permits Discard
2026-10-10T04:54:50.2702919Z 00:50 +99: D:/a/tandemlog/tandemlog/test/checklist_item_native_editor_test.dart: remote deleted parent rejects private native Save without receipt and permits Discard
2026-10-10T04:54:50.2749834Z 00:50 +100: D:/a/tandemlog/tandemlog/test/checklist_item_native_editor_test.dart: remote deleted parent rejects private native Save without receipt and permits Discard
2026-10-10T04:54:50.3894918Z 00:50 +101: D:/a/tandemlog/tandemlog/test/checklist_item_native_editor_test.dart: remote deleted parent rejects private native Save without receipt and permits Discard
2026-10-10T04:54:50.4373249Z 00:50 +102: D:/a/tandemlog/tandemlog/test/checklist_item_native_editor_test.dart: remote deleted parent rejects private native Save without receipt and permits Discard
2026-10-10T04:54:50.6048337Z 00:50 +103: D:/a/tandemlog/tandemlog/test/checklist_item_native_editor_test.dart: remote deleted parent rejects private native Save without receipt and permits Discard
2026-10-10T04:54:50.7282430Z 00:50 +104: D:/a/tandemlog/tandemlog/test/checklist_item_native_editor_test.dart: remote deleted parent rejects private native Save without receipt and permits Discard
2026-10-10T04:54:50.8783084Z 00:50 +105: D:/a/tandemlog/tandemlog/test/checklist_item_native_editor_test.dart: remote deleted parent rejects private native Save without receipt and permits Discard
2026-10-10T04:54:51.0598328Z 00:51 +106: D:/a/tandemlog/tandemlog/test/checklist_presentation_test.dart: drop rejects wrong scope stale snapshot and disabled late acceptance
2026-10-10T04:54:51.0723055Z 00:51 +107: D:/a/tandemlog/tandemlog/test/checklist_item_native_editor_test.dart: native caret-only edits stay clean; composition propagates; committed merged text renews before close
2026-10-10T04:54:51.2363151Z 00:51 +108: D:/a/tandemlog/tandemlog/test/checklist_item_native_editor_test.dart: native caret-only edits stay clean; composition propagates; committed merged text renews before close
2026-10-10T04:54:51.2649484Z 00:51 +109: D:/a/tandemlog/tandemlog/test/checklist_presentation_test.dart: new item saves normalized title and multiline notes independently
2026-10-10T04:54:51.6035943Z 00:51 +110: D:/a/tandemlog/tandemlog/test/checklist_presentation_test.dart: dirty close can be cancelled, dismissed and asked repeatedly without popping
2026-10-10T04:54:51.9368333Z 00:52 +111: D:/a/tandemlog/tandemlog/test/checklist_presentation_test.dart: save through close guard renews dirty baseline; reopening starts clean
2026-10-10T04:54:52.1363680Z 00:52 +112: D:/a/tandemlog/tandemlog/test/checklist_presentation_test.dart: failed save retains draft; pending receipt freezes fields and close but permits exact retry
2026-10-10T04:54:52.3046954Z 00:52 +113: D:/a/tandemlog/tandemlog/test/checklist_security_review_test.dart: admissible large checklist copy has bounded decode work and preserves canonical bytes
2026-10-10T04:54:52.5601584Z 00:52 +114: D:/a/tandemlog/tandemlog/test/checklist_security_review_test.dart: admissible large checklist copy has bounded decode work and preserves canonical bytes
2026-10-10T04:54:52.6585710Z 00:52 +115: D:/a/tandemlog/tandemlog/test/checklist_security_review_test.dart: admissible large checklist copy has bounded decode work and preserves canonical bytes
2026-10-10T04:54:52.7735543Z 00:52 +116: D:/a/tandemlog/tandemlog/test/checklist_security_review_test.dart: admissible large checklist copy has bounded decode work and preserves canonical bytes
2026-10-10T04:54:53.0248796Z 00:53 +117: D:/a/tandemlog/tandemlog/test/checklist_presentation_test.dart: Cancel and route back resolve dirty item before closing host
2026-10-10T04:54:53.0473516Z 00:53 +118: D:/a/tandemlog/tandemlog/test/checklist_security_review_test.dart: scalar checklist historical recompletion preserves protected child without shared-text initialization
2026-10-10T04:54:53.1920176Z 00:53 +119: D:/a/tandemlog/tandemlog/test/checklist_security_review_test.dart: scalar checklist historical recompletion preserves protected child without shared-text initialization
2026-10-10T04:54:54.6745682Z 00:54 +120: D:/a/tandemlog/tandemlog/test/checklist_storage_test.dart: stale inline reorder stops before receipt after peer refresh
2026-10-10T04:54:56.0012393Z 00:56 +121: D:/a/tandemlog/tandemlog/test/checklist_suppressed_capture_test.dart: canceled untouched checklist successor cannot open a private native editor or become visible through capture
2026-10-10T04:54:57.3524241Z 00:57 +122: D:/a/tandemlog/tandemlog/test/checklist_storage_test.dart: one-level items have native title/notes, completion, order and targeted Undo
2026-10-10T04:54:58.0082359Z 00:58 +123: D:/a/tandemlog/tandemlog/test/checklist_storage_test.dart: nested, non-task parents and cross-parent move anchors append nothing
2026-10-10T04:54:59.0336391Z 00:59 +124: D:/a/tandemlog/tandemlog/test/checklist_suppressed_item_capture_test.dart: copied item under canceled successor cannot open a private native editor
2026-10-10T04:55:00.0511561Z 01:00 +125: D:/a/tandemlog/tandemlog/test/checklist_storage_test.dart: recurrence copies fresh unchecked items preserving order and native field identities
2026-10-10T04:55:01.1717922Z 01:01 +126: D:/a/tandemlog/tandemlog/test/closed_runtime_actor_test.dart: pending then valid resolution cannot publish inherited actor proof into a different runtime
2026-10-10T04:55:01.3163074Z 01:01 +127: D:/a/tandemlog/tandemlog/test/checklist_storage_test.dart: offline completions union item text and membership while preserving successor edits
2026-10-10T04:55:03.5242874Z 01:03 +128: D:/a/tandemlog/tandemlog/test/checklist_storage_test.dart: offline completions union item text and membership while preserving successor edits
2026-10-10T04:55:04.0694513Z 01:04 +129: D:/a/tandemlog/tandemlog/test/checklist_storage_test.dart: offline completions union item text and membership while preserving successor edits
2026-10-10T04:55:04.0832434Z 01:04 +130: D:/a/tandemlog/tandemlog/test/command_acknowledgement_test.dart: create batch reports 0 confirmed records after suffix replacement
2026-10-10T04:55:04.7921363Z 01:04 +131: D:/a/tandemlog/tandemlog/test/checklist_storage_test.dart: scalar parent can recur with native checklist without a forced parent text baseline
2026-10-10T04:55:05.4785211Z 01:05 +132: D:/a/tandemlog/tandemlog/test/command_acknowledgement_test.dart: edit batch reports 0 confirmed records after suffix replacement
2026-10-10T04:55:05.7025518Z 01:05 +133: D:/a/tandemlog/tandemlog/test/checklist_storage_test.dart: historical recompletion leaves the independently initialized child checklist untouched
2026-10-10T04:55:06.5516615Z 01:06 +134: D:/a/tandemlog/tandemlog/test/checklist_storage_test.dart: historical recompletion leaves the independently initialized child checklist untouched
2026-10-10T04:55:07.4370487Z 01:07 +135: D:/a/tandemlog/tandemlog/test/checklist_storage_test.dart: historical recompletion leaves the independently initialized child checklist untouched
2026-10-10T04:55:07.5257055Z 01:07 +136: D:/a/tandemlog/tandemlog/test/command_acknowledgement_test.dart: Undo reports only confirmed retractions and preserves retry (0 prefix)
2026-10-10T04:55:08.4518082Z 01:08 +137: D:/a/tandemlog/tandemlog/test/checklist_storage_test.dart: saved item completion/move/delete protects successor from completion Undo
2026-10-10T04:55:09.1203246Z 01:09 +138: D:/a/tandemlog/tandemlog/test/checklist_storage_test.dart: saved item completion/move/delete protects successor from completion Undo
2026-10-10T04:55:09.6393859Z 01:09 +139: D:/a/tandemlog/tandemlog/test/command_acknowledgement_test.dart: edit batch reports 1 confirmed records after suffix replacement
2026-10-10T04:55:09.8840647Z 01:09 +140: D:/a/tandemlog/tandemlog/test/checklist_storage_test.dart: late offline copy cannot overwrite a saved child order or checked state
2026-10-10T04:55:10.8266956Z 01:10 +141: D:/a/tandemlog/tandemlog/test/checklist_storage_test.dart: late offline copy cannot overwrite a saved child order or checked state
2026-10-10T04:55:11.7620826Z 01:11 +142: D:/a/tandemlog/tandemlog/test/checklist_storage_test.dart: late offline copy cannot overwrite a saved child order or checked state
2026-10-10T04:55:12.3907096Z 01:12 +143: D:/a/tandemlog/tandemlog/test/command_acknowledgement_test.dart: Undo reports only confirmed retractions and preserves retry (1 prefix)
2026-10-10T04:55:12.6606053Z 01:12 +144: D:/a/tandemlog/tandemlog/test/checklist_storage_test.dart: scalar-mode checklist history also preserves initialized child on historical recompletion
2026-10-10T04:55:13.1188110Z 01:13 +145: D:/a/tandemlog/tandemlog/test/checklist_storage_test.dart: scalar-mode checklist history also preserves initialized child on historical recompletion
2026-10-10T04:55:14.3622882Z 01:14 +146: D:/a/tandemlog/tandemlog/test/compact_selection_actions_test.dart: selection commands wrap without losing touch targets
2026-10-10T04:55:15.2508686Z 01:15 +147: D:/a/tandemlog/tandemlog/test/checklist_storage_test.dart: copied-item native proofs work through three generations and exact membership cannot be forged
2026-10-10T04:55:15.9830720Z 01:16 +148: D:/a/tandemlog/tandemlog/test/checklist_storage_test.dart: untouched copied items follow successor suppression and identical cold/warm cache replay
2026-10-10T04:55:17.2185990Z 01:17 +149: D:/a/tandemlog/tandemlog/test/date_time_layout_test.dart: populated rows fit at measured boundary and retain composing drafts
2026-10-10T04:55:18.3073102Z 01:18 +150: D:/a/tandemlog/tandemlog/test/date_time_layout_test.dart: populated rows fit at measured boundary and retain composing drafts
2026-10-10T04:55:18.3229200Z 01:18 +151: D:/a/tandemlog/tandemlog/test/date_time_layout_test.dart: populated rows fit at measured boundary and retain composing drafts
2026-10-10T04:55:18.3415400Z 01:18 +152: D:/a/tandemlog/tandemlog/test/date_time_layout_test.dart: populated rows fit at measured boundary and retain composing drafts
2026-10-10T04:55:18.3520836Z 01:18 +153: D:/a/tandemlog/tandemlog/test/date_time_layout_test.dart: populated rows fit at measured boundary and retain composing drafts
2026-10-10T04:55:18.4011893Z 01:18 +154: D:/a/tandemlog/tandemlog/test/date_time_layout_test.dart: populated rows fit at measured boundary and retain composing drafts
2026-10-10T04:55:19.3818347Z 01:19 +155: D:/a/tandemlog/tandemlog/test/date_time_layout_test.dart: populated rows fit at measured boundary and retain composing drafts
2026-10-10T04:55:19.3923284Z 01:19 +156: D:/a/tandemlog/tandemlog/test/date_time_layout_test.dart: populated rows fit at measured boundary and retain composing drafts
2026-10-10T04:55:19.4033503Z 01:19 +157: D:/a/tandemlog/tandemlog/test/date_time_layout_test.dart: populated rows fit at measured boundary and retain composing drafts
2026-10-10T04:55:19.4081078Z 01:19 +158: D:/a/tandemlog/tandemlog/test/date_time_layout_test.dart: populated rows fit at measured boundary and retain composing drafts
2026-10-10T04:55:19.4258591Z 01:19 +159: D:/a/tandemlog/tandemlog/test/date_time_layout_test.dart: populated rows fit at measured boundary and retain composing drafts
2026-10-10T04:55:19.4313996Z 01:19 +160: D:/a/tandemlog/tandemlog/test/date_time_layout_test.dart: populated rows fit at measured boundary and retain composing drafts
2026-10-10T04:55:19.4393947Z 01:19 +161: D:/a/tandemlog/tandemlog/test/date_time_layout_test.dart: populated rows fit at measured boundary and retain composing drafts
2026-10-10T04:55:19.4441885Z 01:19 +162: D:/a/tandemlog/tandemlog/test/date_time_layout_test.dart: populated rows fit at measured boundary and retain composing drafts
2026-10-10T04:55:19.4543389Z 01:19 +163: D:/a/tandemlog/tandemlog/test/date_time_layout_test.dart: populated rows fit at measured boundary and retain composing drafts
2026-10-10T04:55:19.5141571Z 01:19 +164: D:/a/tandemlog/tandemlog/test/date_time_layout_test.dart: populated rows fit at measured boundary and retain composing drafts
2026-10-10T04:55:19.5147074Z 01:19 +165: D:/a/tandemlog/tandemlog/test/date_time_layout_test.dart: populated rows fit at measured boundary and retain composing drafts
2026-10-10T04:55:20.4492259Z 01:20 +166: D:/a/tandemlog/tandemlog/test/date_time_layout_test.dart: populated rows fit at measured boundary and retain composing drafts
2026-10-10T04:55:20.4707670Z 01:20 +167: D:/a/tandemlog/tandemlog/test/date_time_layout_test.dart: populated rows fit at measured boundary and retain composing drafts
2026-10-10T04:55:20.4813169Z 01:20 +168: D:/a/tandemlog/tandemlog/test/date_time_layout_test.dart: populated rows fit at measured boundary and retain composing drafts
2026-10-10T04:55:20.5099529Z 01:20 +169: D:/a/tandemlog/tandemlog/test/date_time_layout_test.dart: populated rows fit at measured boundary and retain composing drafts
2026-10-10T04:55:23.4016355Z 01:23 +170: D:/a/tandemlog/tandemlog/test/date_time_layout_test.dart: populated rows fit at measured boundary and retain composing drafts
2026-10-10T04:55:23.5565598Z LAYOUT bulk=false scale=1.0 rowBoundary=392.0
2026-10-10T04:55:23.5601533Z LAYOUT bulk=false scale=1.3 rowBoundary=457.0
2026-10-10T04:55:23.5607271Z LAYOUT bulk=false scale=2.0 rowBoundary=628.0
2026-10-10T04:55:23.5614443Z LAYOUT bulk=true scale=1.0 rowBoundary=488.0
2026-10-10T04:55:23.5627281Z LAYOUT bulk=true scale=1.3 rowBoundary=553.0
2026-10-10T04:55:23.5635779Z LAYOUT bulk=true scale=2.0 rowBoundary=724.0
2026-10-10T04:55:23.5647281Z 01:23 +171: D:/a/tandemlog/tandemlog/test/food_collapsed_inspect_guard_test.dart: latest Full conflict retains warning and Inspect dark 2.0x
2026-10-10T04:55:23.6854237Z 01:23 +172: D:/a/tandemlog/tandemlog/test/food_collapsed_inspect_guard_test.dart: latest Full conflict retains warning and Inspect light 1.0x
2026-10-10T04:55:23.8809029Z 01:23 +173: D:/a/tandemlog/tandemlog/test/food_collapsed_inspect_guard_test.dart: latest Full conflict retains warning and Inspect light 2.0x
2026-10-10T04:55:24.4872856Z 01:24 +174: D:/a/tandemlog/tandemlog/test/food_durable_editor_test.dart: a failed durable Add retains editor and exact visible draft
2026-10-10T04:55:25.0299008Z 01:25 +175: D:/a/tandemlog/tandemlog/test/food_durable_editor_test.dart: a failed durable Add retains editor and exact visible draft
2026-10-10T04:55:26.0726913Z 01:26 +176: D:/a/tandemlog/tandemlog/test/food_durable_editor_test.dart: pending receipt prevents opening a different Add editor
2026-10-10T04:55:26.1469361Z 01:26 +177: D:/a/tandemlog/tandemlog/test/food_import_test.dart: strict v1 contract canonical fractions stable identities and invalid inputs
2026-10-10T04:55:26.5926898Z 01:26 +178: D:/a/tandemlog/tandemlog/test/food_import_test.dart: strict v1 contract canonical fractions stable identities and invalid inputs
2026-10-10T04:55:26.7076095Z 01:26 +179: D:/a/tandemlog/tandemlog/test/food_durable_editor_test.dart: repeated captured discard decision cannot pop another route
2026-10-10T04:55:26.8800825Z 01:26 +180: D:/a/tandemlog/tandemlog/test/food_import_test.dart: dry run stages nothing and explicit commit preserves physical and unknown data
2026-10-10T04:55:27.0931239Z 01:27 +181: D:/a/tandemlog/tandemlog/test/food_import_test.dart: dry run stages nothing and explicit commit preserves physical and unknown data
2026-10-10T04:55:27.1152541Z 01:27 +182: D:/a/tandemlog/tandemlog/test/food_import_test.dart: cold retry after later edit and deletion uses original admission not projection
2026-10-10T04:55:27.7866351Z 01:27 +183: D:/a/tandemlog/tandemlog/test/food_import_test.dart: partial append cold retry recovers exact reserved bytes without fresh IDs
2026-10-10T04:55:28.3667142Z 01:28 +184: D:/a/tandemlog/tandemlog/test/food_intents_test.dart: reservation and exact bytes commit or roll back together
2026-10-10T04:55:28.4534475Z 01:28 +185: D:/a/tandemlog/tandemlog/test/food_import_test.dart: uncertain full append cold retry admits originals without second append
2026-10-10T04:55:28.6593981Z 01:28 +186: D:/a/tandemlog/tandemlog/test/food_import_test.dart: uncertain full append cold retry admits originals without second append
2026-10-10T04:55:28.9927931Z 01:29 +187: D:/a/tandemlog/tandemlog/test/food_import_test.dart: changed count source payload and namespace refuse after attempt
2026-10-10T04:55:29.5415765Z 01:29 +188: D:/a/tandemlog/tandemlog/test/food_import_test.dart: atomic ledger staging failure preserves canonical guard and intents
2026-10-10T04:55:29.8678896Z 01:29 +189: D:/a/tandemlog/tandemlog/test/food_inventory_test.dart: legacy date certainty stays unknown unless evidence establishes it
2026-10-10T04:55:29.8806560Z 01:29 +190: D:/a/tandemlog/tandemlog/test/food_import_test.dart: missing attempt or source witness fails closed
2026-10-10T04:55:29.9034316Z 01:29 +191: D:/a/tandemlog/tandemlog/test/food_import_test.dart: missing attempt or source witness fails closed
2026-10-10T04:55:29.9068704Z 01:29 +192: D:/a/tandemlog/tandemlog/test/food_import_test.dart: missing attempt or source witness fails closed
2026-10-10T04:55:29.9137971Z 01:29 +193: D:/a/tandemlog/tandemlog/test/food_import_test.dart: missing attempt or source witness fails closed
2026-10-10T04:55:29.9184097Z 01:29 +194: D:/a/tandemlog/tandemlog/test/food_import_test.dart: missing attempt or source witness fails closed
2026-10-10T04:55:29.9226576Z 01:29 +195: D:/a/tandemlog/tandemlog/test/food_import_test.dart: missing attempt or source witness fails closed
2026-10-10T04:55:29.9265764Z 01:29 +196: D:/a/tandemlog/tandemlog/test/food_import_test.dart: missing attempt or source witness fails closed
2026-10-10T04:55:29.9306171Z 01:29 +197: D:/a/tandemlog/tandemlog/test/food_import_test.dart: missing attempt or source witness fails closed
2026-10-10T04:55:29.9363326Z 01:30 +198: D:/a/tandemlog/tandemlog/test/food_import_test.dart: missing attempt or source witness fails closed
2026-10-10T04:55:29.9401880Z 01:30 +199: D:/a/tandemlog/tandemlog/test/food_import_test.dart: missing attempt or source witness fails closed
2026-10-10T04:55:29.9440054Z 01:30 +200: D:/a/tandemlog/tandemlog/test/food_import_test.dart: missing attempt or source witness fails closed
2026-10-10T04:55:29.9475767Z 01:30 +201: D:/a/tandemlog/tandemlog/test/food_import_test.dart: missing attempt or source witness fails closed
2026-10-10T04:55:29.9569707Z 01:30 +202: D:/a/tandemlog/tandemlog/test/food_import_test.dart: missing attempt or source witness fails closed
2026-10-10T04:55:29.9609826Z 01:30 +203: D:/a/tandemlog/tandemlog/test/food_import_test.dart: missing attempt or source witness fails closed
2026-10-10T04:55:29.9644469Z 01:30 +204: D:/a/tandemlog/tandemlog/test/food_import_test.dart: missing attempt or source witness fails closed
2026-10-10T04:55:29.9702350Z 01:30 +205: D:/a/tandemlog/tandemlog/test/food_import_test.dart: missing attempt or source witness fails closed
2026-10-10T04:55:29.9748446Z 01:30 +206: D:/a/tandemlog/tandemlog/test/food_import_test.dart: missing attempt or source witness fails closed
2026-10-10T04:55:30.2370256Z 01:30 +207: D:/a/tandemlog/tandemlog/test/food_import_test.dart: unrelated pending receipt is not recovered as import
2026-10-10T04:55:30.7595420Z 01:30 +208: D:/a/tandemlog/tandemlog/test/food_import_test.dart: wrong workspace refuses without reserving or appending
2026-10-10T04:55:31.0187275Z 01:31 +209: D:/a/tandemlog/tandemlog/test/food_import_test.dart: missing index with retained attempt refuses a new source namespace
2026-10-10T04:55:31.3233231Z 01:31 +210: D:/a/tandemlog/tandemlog/test/food_preview_test.dart: collapsed summary preserves single known full
2026-10-10T04:55:31.6319282Z 01:31 +211: D:/a/tandemlog/tandemlog/test/food_preview_test.dart: collapsed summary preserves single known full
2026-10-10T04:55:31.9070032Z 01:31 +212: D:/a/tandemlog/tandemlog/test/food_preview_test.dart: collapsed summary preserves single known full
2026-10-10T04:55:32.2304689Z 01:32 +213: D:/a/tandemlog/tandemlog/test/food_preview_test.dart: collapsed summary preserves single known full
2026-10-10T04:55:32.5652553Z 01:32 +214: D:/a/tandemlog/tandemlog/test/food_import_test.dart: fully staged maximum batch preserves all 1000 physical identities
2026-10-10T04:55:32.6690245Z 01:32 +215: D:/a/tandemlog/tandemlog/test/food_import_test.dart: fully staged maximum batch preserves all 1000 physical identities
2026-10-10T04:55:32.7486288Z 01:32 +216: D:/a/tandemlog/tandemlog/test/food_import_test.dart: fully staged maximum batch preserves all 1000 physical identities
2026-10-10T04:55:32.8307117Z 01:32 +217: D:/a/tandemlog/tandemlog/test/food_import_test.dart: fully staged maximum batch preserves all 1000 physical identities
2026-10-10T04:55:32.9143409Z 01:32 +218: D:/a/tandemlog/tandemlog/test/food_import_test.dart: fully staged maximum batch preserves all 1000 physical identities
2026-10-10T04:55:33.3735286Z 01:33 +219: D:/a/tandemlog/tandemlog/test/food_import_test.dart: fully staged maximum batch preserves all 1000 physical identities
2026-10-10T04:55:33.7859620Z 01:33 +220: D:/a/tandemlog/tandemlog/test/food_import_test.dart: fully staged maximum batch preserves all 1000 physical identities
2026-10-10T04:55:34.0783006Z 01:34 +221: D:/a/tandemlog/tandemlog/test/food_import_test.dart: fully staged maximum batch preserves all 1000 physical identities
2026-10-10T04:55:34.2071838Z 01:34 +222: D:/a/tandemlog/tandemlog/test/food_import_test.dart: fully staged maximum batch preserves all 1000 physical identities
2026-10-10T04:55:35.6989775Z 01:35 +223: D:/a/tandemlog/tandemlog/test/food_import_test.dart: fully staged maximum batch preserves all 1000 physical identities
2026-10-10T04:55:36.1842778Z 01:36 +224: D:/a/tandemlog/tandemlog/test/food_import_test.dart: fully staged maximum batch preserves all 1000 physical identities
2026-10-10T04:55:36.6419249Z 01:36 +225: D:/a/tandemlog/tandemlog/test/food_import_test.dart: fully staged maximum batch preserves all 1000 physical identities
2026-10-10T04:55:37.6283510Z 01:37 +226: D:/a/tandemlog/tandemlog/test/food_import_test.dart: fully staged maximum batch preserves all 1000 physical identities
2026-10-10T04:55:37.6501659Z 01:37 +227: D:/a/tandemlog/tandemlog/test/food_import_test.dart: fully staged maximum batch preserves all 1000 physical identities
2026-10-10T04:55:37.6534688Z 01:37 +228: D:/a/tandemlog/tandemlog/test/food_import_test.dart: fully staged maximum batch preserves all 1000 physical identities
2026-10-10T04:55:37.6605061Z 01:37 +229: D:/a/tandemlog/tandemlog/test/food_import_test.dart: fully staged maximum batch preserves all 1000 physical identities
2026-10-10T04:55:37.6684155Z 01:37 +230: D:/a/tandemlog/tandemlog/test/food_import_test.dart: fully staged maximum batch preserves all 1000 physical identities
2026-10-10T04:55:37.6778073Z 01:37 +231: D:/a/tandemlog/tandemlog/test/food_import_test.dart: fully staged maximum batch preserves all 1000 physical identities
2026-10-10T04:55:38.0432857Z 01:38 +232: D:/a/tandemlog/tandemlog/test/food_import_test.dart: shared manifest change remains hard and leaves import unstaged
2026-10-10T04:55:38.3626232Z 01:38 +233: D:/a/tandemlog/tandemlog/test/food_import_test.dart: import cannot select a writer different from protected settings
2026-10-10T04:55:38.6173881Z 01:38 +234: D:/a/tandemlog/tandemlog/test/food_import_test.dart: oversized local import metadata is refused before ledger materialization
2026-10-10T04:55:39.1122647Z 01:39 +235: D:/a/tandemlog/tandemlog/test/food_replay_budget_test.dart: wide-target thousand-reference history has a bounded replay budget
2026-10-10T04:55:39.4340750Z 01:39 +236: D:/a/tandemlog/tandemlog/test/food_replay_budget_test.dart: wide-target thousand-reference history has a bounded replay budget
2026-10-10T04:55:39.7572399Z 01:39 +237: D:/a/tandemlog/tandemlog/test/food_replay_budget_test.dart: wide-target thousand-reference history has a bounded replay budget
2026-10-10T04:55:40.0126514Z 01:40 +238: D:/a/tandemlog/tandemlog/test/food_replay_budget_test.dart: wide-target thousand-reference history has a bounded replay budget
2026-10-10T04:55:40.2912224Z 01:40 +239: D:/a/tandemlog/tandemlog/test/food_replay_budget_test.dart: wide-target thousand-reference history has a bounded replay budget
2026-10-10T04:55:40.5872174Z 01:40 +240: D:/a/tandemlog/tandemlog/test/food_replay_budget_test.dart: wide-target thousand-reference history has a bounded replay budget
2026-10-10T04:55:43.6478796Z 01:43 +241: D:/a/tandemlog/tandemlog/test/food_replay_budget_test.dart: wide-target thousand-reference history has a bounded replay budget
2026-10-10T04:55:44.9262838Z FOOD_REPLAY_BUDGET bytes=12418562 records=1002 targets=100 refs=1000 elapsed_ms=3382
2026-10-10T04:55:44.9264069Z 01:44 +242: D:/a/tandemlog/tandemlog/test/food_review_regression_test.dart: 101-container group removal and Undo use bounded captured batches
2026-10-10T04:55:45.9036561Z 01:45 +243: D:/a/tandemlog/tandemlog/test/food_review_regression_test.dart: known wrong-kind edit reference fails even while target creation missing
2026-10-10T04:55:45.9109357Z 01:45 +244: D:/a/tandemlog/tandemlog/test/food_review_regression_test.dart: typed retention reason survives direct Add
2026-10-10T04:55:46.3806475Z 01:46 +245: D:/a/tandemlog/tandemlog/test/food_review_regression_test.dart: typed retention reason survives direct Add
2026-10-10T04:55:46.6105971Z 01:46 +246: D:/a/tandemlog/tandemlog/test/food_review_regression_test.dart: typed retention reason survives direct Add
2026-10-10T04:55:46.8026372Z 01:46 +247: D:/a/tandemlog/tandemlog/test/food_review_regression_test.dart: typed retention reason survives direct Add
2026-10-10T04:55:46.9887792Z 01:47 +248: D:/a/tandemlog/tandemlog/test/food_store_test.dart: malformed protected Food head is shared integrity, not history
2026-10-10T04:55:47.0229125Z 01:47 +249: D:/a/tandemlog/tandemlog/test/food_review_regression_test.dart: repeated dialog Cancel callback cannot pop food page
2026-10-10T04:55:47.2299454Z 01:47 +250: D:/a/tandemlog/tandemlog/test/food_review_regression_test.dart: repeated dialog Cancel callback cannot pop food page
2026-10-10T04:55:47.2578839Z 01:47 +251: D:/a/tandemlog/tandemlog/test/food_store_test.dart: recognized Food conflict stays module-scoped: food-00000000-0000-4000-8000-000000000001.foodlog.sync-conflict-synthetic
2026-10-10T04:55:47.2615243Z 01:47 +252: D:/a/tandemlog/tandemlog/test/food_store_test.dart: recognized Food conflict stays module-scoped: food-00000000-0000-4000-8000-000000000001.foodlog.sync-conflict-synthetic
2026-10-10T04:55:47.4788364Z 01:47 +253: D:/a/tandemlog/tandemlog/test/food_review_regression_test.dart: active retention composition is not staged by submit
2026-10-10T04:55:47.4936453Z 01:47 +254: D:/a/tandemlog/tandemlog/test/food_store_test.dart: unclassified conflict preserves released Task fail-closed policy
2026-10-10T04:55:47.7462746Z 01:47 +255: D:/a/tandemlog/tandemlog/test/food_store_test.dart: disabled Food retains exact prepared bytes for explicit recovery
2026-10-10T04:55:48.2678894Z 01:48 +256: D:/a/tandemlog/tandemlog/test/food_store_test.dart: food physical count and durable Deleted survive restart without changing task v3 bytes
2026-10-10T04:55:48.6430531Z 01:48 +257: D:/a/tandemlog/tandemlog/test/food_store_test.dart: partial first record is resumed exactly from protected bytes across restart
2026-10-10T04:55:48.6971227Z 01:48 +258: D:/a/tandemlog/tandemlog/test/food_store_test.dart: partial first record is resumed exactly from protected bytes across restart
2026-10-10T04:55:48.7003229Z 01:48 +259: D:/a/tandemlog/tandemlog/test/food_store_test.dart: partial first record is resumed exactly from protected bytes across restart
2026-10-10T04:55:48.7060272Z 01:48 +260: D:/a/tandemlog/tandemlog/test/food_store_test.dart: partial first record is resumed exactly from protected bytes across restart
2026-10-10T04:55:48.9265026Z 01:48 +261: D:/a/tandemlog/tandemlog/test/food_store_test.dart: uncertain successful append admits once and retires exact receipt
2026-10-10T04:55:49.4450748Z 01:49 +262: D:/a/tandemlog/tandemlog/test/food_store_test.dart: acknowledged missing stream fails closed and retains last view
2026-10-10T04:55:49.7106138Z 01:49 +263: D:/a/tandemlog/tandemlog/test/food_store_test.dart: food refresh SQL fault preserves state and receipts together
2026-10-10T04:55:49.9630255Z 01:50 +264: D:/a/tandemlog/tandemlog/test/food_store_test.dart: missing own reservation after initialization cannot reuse a sequence
2026-10-10T04:55:50.0000587Z 01:50 +265: D:/a/tandemlog/tandemlog/test/food_store_test.dart: missing own reservation after initialization cannot reuse a sequence
2026-10-10T04:55:50.0075159Z 01:50 +266: D:/a/tandemlog/tandemlog/test/food_store_test.dart: missing own reservation after initialization cannot reuse a sequence
2026-10-10T04:55:50.0164633Z 01:50 +267: D:/a/tandemlog/tandemlog/test/food_store_test.dart: missing own reservation after initialization cannot reuse a sequence
2026-10-10T04:55:50.2742232Z 01:50 +268: D:/a/tandemlog/tandemlog/test/food_store_test.dart: food handle releases its lease when the profile owner is poisoned
2026-10-10T04:55:53.7703707Z 01:53 +269: D:/a/tandemlog/tandemlog/test/food_store_test.dart: food handle releases its lease when the profile owner is poisoned
2026-10-10T04:55:54.8781712Z 01:54 +270: D:/a/tandemlog/tandemlog/test/food_store_test.dart: food handle releases its lease when the profile owner is poisoned
2026-10-10T04:55:55.1950968Z 01:55 +271: D:/a/tandemlog/tandemlog/test/food_store_test.dart: food handle releases its lease when the profile owner is poisoned
2026-10-10T04:55:56.7078096Z 01:56 +272: D:/a/tandemlog/tandemlog/test/food_store_test.dart: food handle releases its lease when the profile owner is poisoned
2026-10-10T04:55:58.3210434Z 01:58 +273: D:/a/tandemlog/tandemlog/test/food_store_test.dart: food handle releases its lease when the profile owner is poisoned
2026-10-10T04:55:59.3889882Z 01:59 +274: D:/a/tandemlog/tandemlog/test/food_store_test.dart: food handle releases its lease when the profile owner is poisoned
2026-10-10T04:56:00.1613513Z 02:00 +275: D:/a/tandemlog/tandemlog/test/food_store_test.dart: food handle releases its lease when the profile owner is poisoned
2026-10-10T04:56:00.6250140Z 02:00 +276: D:/a/tandemlog/tandemlog/test/food_store_test.dart: food handle releases its lease when the profile owner is poisoned
2026-10-10T04:56:00.6295001Z 02:00 +277: D:/a/tandemlog/tandemlog/test/food_store_test.dart: food handle releases its lease when the profile owner is poisoned
2026-10-10T04:56:00.6445797Z 02:00 +278: D:/a/tandemlog/tandemlog/test/food_store_test.dart: food handle releases its lease when the profile owner is poisoned
2026-10-10T04:56:01.3554272Z 02:01 +279: D:/a/tandemlog/tandemlog/test/food_store_test.dart: food handle releases its lease when the profile owner is poisoned
2026-10-10T04:56:02.5808039Z 02:02 +280: D:/a/tandemlog/tandemlog/test/food_store_test.dart: food handle releases its lease when the profile owner is poisoned
2026-10-10T04:56:03.7241518Z 02:03 +281: D:/a/tandemlog/tandemlog/test/food_store_test.dart: food handle releases its lease when the profile owner is poisoned
2026-10-10T04:56:04.2917997Z 02:04 +282: D:/a/tandemlog/tandemlog/test/food_store_test.dart: food handle releases its lease when the profile owner is poisoned
2026-10-10T04:56:04.4956533Z 02:04 +283: D:/a/tandemlog/tandemlog/test/food_store_test.dart: food handle releases its lease when the profile owner is poisoned
2026-10-10T04:56:05.0248950Z 02:05 +284: D:/a/tandemlog/tandemlog/test/food_store_test.dart: food handle releases its lease when the profile owner is poisoned
2026-10-10T04:56:05.4413809Z 02:05 +285: D:/a/tandemlog/tandemlog/test/food_store_test.dart: food handle releases its lease when the profile owner is poisoned
2026-10-10T04:56:05.8848636Z 02:05 +286: D:/a/tandemlog/tandemlog/test/food_store_test.dart: food handle releases its lease when the profile owner is poisoned
2026-10-10T04:56:06.2765166Z 02:06 +287: D:/a/tandemlog/tandemlog/test/food_store_test.dart: food handle releases its lease when the profile owner is poisoned
2026-10-10T04:56:06.4324008Z 02:06 +288: D:/a/tandemlog/tandemlog/test/food_store_test.dart: food handle releases its lease when the profile owner is poisoned
2026-10-10T04:56:06.6871434Z 02:06 +289: D:/a/tandemlog/tandemlog/test/food_store_test.dart: food handle releases its lease when the profile owner is poisoned
2026-10-10T04:56:07.1561800Z 02:07 +290: D:/a/tandemlog/tandemlog/test/food_store_test.dart: food handle releases its lease when the profile owner is poisoned
2026-10-10T04:56:07.5379328Z 02:07 +291: D:/a/tandemlog/tandemlog/test/food_store_test.dart: food handle releases its lease when the profile owner is poisoned
2026-10-10T04:56:07.6323435Z 02:07 +292: D:/a/tandemlog/tandemlog/test/food_store_test.dart: food handle releases its lease when the profile owner is poisoned
2026-10-10T04:56:08.0528017Z 02:08 +293: D:/a/tandemlog/tandemlog/test/food_store_test.dart: food handle releases its lease when the profile owner is poisoned
2026-10-10T04:56:08.3958060Z 02:08 +294: D:/a/tandemlog/tandemlog/test/food_store_test.dart: food handle releases its lease when the profile owner is poisoned
2026-10-10T04:56:08.4885210Z 02:08 +295: D:/a/tandemlog/tandemlog/test/food_store_test.dart: food handle releases its lease when the profile owner is poisoned
2026-10-10T04:56:08.8991856Z 02:08 +296: D:/a/tandemlog/tandemlog/test/food_store_test.dart: food handle releases its lease when the profile owner is poisoned
2026-10-10T04:56:09.0849515Z 02:09 +297: D:/a/tandemlog/tandemlog/test/food_store_test.dart: food handle releases its lease when the profile owner is poisoned
2026-10-10T04:56:09.2612345Z 02:09 +298: D:/a/tandemlog/tandemlog/test/food_store_test.dart: food handle releases its lease when the profile owner is poisoned
2026-10-10T04:56:09.6988100Z 02:09 +299: D:/a/tandemlog/tandemlog/test/food_store_test.dart: food handle releases its lease when the profile owner is poisoned
2026-10-10T04:56:09.8362242Z 02:09 +300: D:/a/tandemlog/tandemlog/test/food_store_test.dart: food handle releases its lease when the profile owner is poisoned
2026-10-10T04:56:10.0886868Z 02:10 +301: D:/a/tandemlog/tandemlog/test/food_store_test.dart: food handle releases its lease when the profile owner is poisoned
2026-10-10T04:56:10.4579624Z 02:10 +302: D:/a/tandemlog/tandemlog/test/food_store_test.dart: food handle releases its lease when the profile owner is poisoned
2026-10-10T04:56:10.8722208Z 02:10 +303: D:/a/tandemlog/tandemlog/test/food_store_test.dart: food handle releases its lease when the profile owner is poisoned
2026-10-10T04:56:11.2507190Z 02:11 +304: D:/a/tandemlog/tandemlog/test/food_store_test.dart: food handle releases its lease when the profile owner is poisoned
2026-10-10T04:56:11.3130716Z 02:11 +305: D:/a/tandemlog/tandemlog/test/food_store_test.dart: food handle releases its lease when the profile owner is poisoned
2026-10-10T04:56:11.7381699Z 02:11 +306: D:/a/tandemlog/tandemlog/test/food_store_test.dart: food handle releases its lease when the profile owner is poisoned
2026-10-10T04:56:12.1902941Z 02:12 +307: D:/a/tandemlog/tandemlog/test/food_store_test.dart: food handle releases its lease when the profile owner is poisoned
2026-10-10T04:56:12.7092810Z 02:12 +308: D:/a/tandemlog/tandemlog/test/food_store_test.dart: food handle releases its lease when the profile owner is poisoned
2026-10-10T04:56:13.2512440Z 02:13 +309: D:/a/tandemlog/tandemlog/test/food_store_test.dart: food handle releases its lease when the profile owner is poisoned
2026-10-10T04:56:13.3139664Z 02:13 +310: D:/a/tandemlog/tandemlog/test/food_store_test.dart: food handle releases its lease when the profile owner is poisoned
2026-10-10T04:56:15.2759011Z 02:15 +311: D:/a/tandemlog/tandemlog/test/food_store_test.dart: food handle releases its lease when the profile owner is poisoned
2026-10-10T04:56:15.3215834Z 02:15 +312: D:/a/tandemlog/tandemlog/test/food_store_test.dart: food handle releases its lease when the profile owner is poisoned
2026-10-10T04:56:16.5657348Z 02:16 +313: D:/a/tandemlog/tandemlog/test/food_store_test.dart: food handle releases its lease when the profile owner is poisoned
2026-10-10T04:56:17.5028341Z 02:17 +314: D:/a/tandemlog/tandemlog/test/food_store_test.dart: food handle releases its lease when the profile owner is poisoned
2026-10-10T04:56:17.6551406Z 02:17 +315: D:/a/tandemlog/tandemlog/test/food_store_test.dart: food handle releases its lease when the profile owner is poisoned
2026-10-10T04:56:18.0962052Z 02:18 +316: D:/a/tandemlog/tandemlog/test/food_store_test.dart: food handle releases its lease when the profile owner is poisoned
2026-10-10T04:56:18.7185748Z 02:18 +317: D:/a/tandemlog/tandemlog/test/food_store_test.dart: food handle releases its lease when the profile owner is poisoned
2026-10-10T04:56:18.9403916Z 02:19 +318: D:/a/tandemlog/tandemlog/test/food_store_test.dart: food handle releases its lease when the profile owner is poisoned
2026-10-10T04:56:19.3872428Z 02:19 +319: D:/a/tandemlog/tandemlog/test/food_store_test.dart: food handle releases its lease when the profile owner is poisoned
2026-10-10T04:56:19.5893972Z 02:19 +320: D:/a/tandemlog/tandemlog/test/food_store_test.dart: food handle releases its lease when the profile owner is poisoned
2026-10-10T04:56:19.9582751Z 02:20 +321: D:/a/tandemlog/tandemlog/test/food_store_test.dart: food handle releases its lease when the profile owner is poisoned
2026-10-10T04:56:20.2590595Z 02:20 +322: D:/a/tandemlog/tandemlog/test/food_store_test.dart: food handle releases its lease when the profile owner is poisoned
2026-10-10T04:56:20.4615213Z 02:20 +323: D:/a/tandemlog/tandemlog/test/food_store_test.dart: food handle releases its lease when the profile owner is poisoned
2026-10-10T04:56:20.9876129Z 02:21 +324: D:/a/tandemlog/tandemlog/test/food_store_test.dart: food handle releases its lease when the profile owner is poisoned
2026-10-10T04:56:21.3981617Z 02:21 +325: D:/a/tandemlog/tandemlog/test/food_store_test.dart: food handle releases its lease when the profile owner is poisoned
2026-10-10T04:56:22.1152469Z 02:22 +326: D:/a/tandemlog/tandemlog/test/food_store_test.dart: food handle releases its lease when the profile owner is poisoned
2026-10-10T04:56:22.5150141Z 02:22 +327: D:/a/tandemlog/tandemlog/test/food_store_test.dart: food handle releases its lease when the profile owner is poisoned
2026-10-10T04:56:22.8580364Z 02:22 +328: D:/a/tandemlog/tandemlog/test/food_store_test.dart: food handle releases its lease when the profile owner is poisoned
2026-10-10T04:56:23.0505204Z 02:23 +329: D:/a/tandemlog/tandemlog/test/food_store_test.dart: food handle releases its lease when the profile owner is poisoned
2026-10-10T04:56:23.4880626Z 02:23 +330: D:/a/tandemlog/tandemlog/test/food_store_test.dart: food handle releases its lease when the profile owner is poisoned
2026-10-10T04:56:23.9088370Z 02:23 +331: D:/a/tandemlog/tandemlog/test/food_store_test.dart: food handle releases its lease when the profile owner is poisoned
2026-10-10T04:56:24.1603767Z 02:24 +332: D:/a/tandemlog/tandemlog/test/food_store_test.dart: food handle releases its lease when the profile owner is poisoned
2026-10-10T04:56:24.3460975Z 02:24 +333: D:/a/tandemlog/tandemlog/test/food_store_test.dart: food handle releases its lease when the profile owner is poisoned
2026-10-10T04:56:24.7827460Z 02:24 +334: D:/a/tandemlog/tandemlog/test/food_store_test.dart: food handle releases its lease when the profile owner is poisoned
2026-10-10T04:56:25.0050286Z 02:25 +335: D:/a/tandemlog/tandemlog/test/food_store_test.dart: food handle releases its lease when the profile owner is poisoned
2026-10-10T04:56:25.8277357Z 02:25 +336: D:/a/tandemlog/tandemlog/test/food_store_test.dart: food handle releases its lease when the profile owner is poisoned
2026-10-10T04:56:26.5864277Z 02:26 +337: D:/a/tandemlog/tandemlog/test/food_store_test.dart: food handle releases its lease when the profile owner is poisoned
2026-10-10T04:56:26.7591473Z 02:26 +338: D:/a/tandemlog/tandemlog/test/food_store_test.dart: food handle releases its lease when the profile owner is poisoned
2026-10-10T04:56:26.9422578Z 02:27 +339: D:/a/tandemlog/tandemlog/test/food_store_test.dart: food handle releases its lease when the profile owner is poisoned
2026-10-10T04:56:27.1061966Z 02:27 +340: D:/a/tandemlog/tandemlog/test/food_store_test.dart: food handle releases its lease when the profile owner is poisoned
2026-10-10T04:56:27.1972548Z 02:27 +341: D:/a/tandemlog/tandemlog/test/food_store_test.dart: food handle releases its lease when the profile owner is poisoned
2026-10-10T04:56:27.2066029Z 02:27 +342: D:/a/tandemlog/tandemlog/test/food_store_test.dart: food handle releases its lease when the profile owner is poisoned
2026-10-10T04:56:27.2151272Z 02:27 +343: D:/a/tandemlog/tandemlog/test/food_store_test.dart: food handle releases its lease when the profile owner is poisoned
2026-10-10T04:56:27.2189772Z 02:27 +344: D:/a/tandemlog/tandemlog/test/food_store_test.dart: food handle releases its lease when the profile owner is poisoned
2026-10-10T04:56:27.2227312Z 02:27 +345: D:/a/tandemlog/tandemlog/test/food_store_test.dart: food handle releases its lease when the profile owner is poisoned
2026-10-10T04:56:27.2301900Z 02:27 +346: D:/a/tandemlog/tandemlog/test/food_store_test.dart: food handle releases its lease when the profile owner is poisoned
2026-10-10T04:56:27.2534593Z 02:27 +347: D:/a/tandemlog/tandemlog/test/food_store_test.dart: food handle releases its lease when the profile owner is poisoned
2026-10-10T04:56:27.2625299Z 02:27 +348: D:/a/tandemlog/tandemlog/test/food_store_test.dart: food handle releases its lease when the profile owner is poisoned
2026-10-10T04:56:27.2696889Z 02:27 +349: D:/a/tandemlog/tandemlog/test/food_store_test.dart: food handle releases its lease when the profile owner is poisoned
2026-10-10T04:56:27.3503792Z 02:27 +350: D:/a/tandemlog/tandemlog/test/food_store_test.dart: food handle releases its lease when the profile owner is poisoned
2026-10-10T04:56:27.4379164Z 02:27 +351: D:/a/tandemlog/tandemlog/test/food_store_test.dart: food handle releases its lease when the profile owner is poisoned
2026-10-10T04:56:27.4645055Z 02:27 +352: D:/a/tandemlog/tandemlog/test/food_store_test.dart: food handle releases its lease when the profile owner is poisoned
2026-10-10T04:56:27.4973186Z 02:27 +353: D:/a/tandemlog/tandemlog/test/food_store_test.dart: food handle releases its lease when the profile owner is poisoned
2026-10-10T04:56:27.5740047Z 02:27 +354: D:/a/tandemlog/tandemlog/test/food_store_test.dart: food handle releases its lease when the profile owner is poisoned
2026-10-10T04:56:27.6442896Z 02:27 +355: D:/a/tandemlog/tandemlog/test/food_store_test.dart: food handle releases its lease when the profile owner is poisoned
2026-10-10T04:56:27.6456142Z 02:27 +355 ~1: D:/a/tandemlog/tandemlog/test/food_store_test.dart: food handle releases its lease when the profile owner is poisoned
2026-10-10T04:56:27.6862070Z 02:27 +356 ~1: D:/a/tandemlog/tandemlog/test/food_store_test.dart: food handle releases its lease when the profile owner is poisoned
2026-10-10T04:56:27.9387381Z 02:28 +357 ~1: D:/a/tandemlog/tandemlog/test/food_store_test.dart: food handle releases its lease when the profile owner is poisoned
2026-10-10T04:56:28.2459283Z 02:28 +358 ~1: D:/a/tandemlog/tandemlog/test/food_store_test.dart: food handle releases its lease when the profile owner is poisoned
2026-10-10T04:56:28.4818080Z 02:28 +359 ~1: D:/a/tandemlog/tandemlog/test/food_store_test.dart: food handle releases its lease when the profile owner is poisoned
2026-10-10T04:56:28.6425534Z 02:28 +360 ~1: D:/a/tandemlog/tandemlog/test/food_store_test.dart: food handle releases its lease when the profile owner is poisoned
2026-10-10T04:56:28.8456435Z 02:28 +361 ~1: D:/a/tandemlog/tandemlog/test/food_store_test.dart: food handle releases its lease when the profile owner is poisoned
2026-10-10T04:56:28.9934563Z 02:29 +362 ~1: D:/a/tandemlog/tandemlog/test/food_store_test.dart: food handle releases its lease when the profile owner is poisoned
2026-10-10T04:56:29.0389149Z 02:29 +363 ~1: D:/a/tandemlog/tandemlog/test/food_store_test.dart: food handle releases its lease when the profile owner is poisoned
2026-10-10T04:56:29.2337053Z 02:29 +364 ~1: D:/a/tandemlog/tandemlog/test/food_store_test.dart: food handle releases its lease when the profile owner is poisoned
2026-10-10T04:56:29.4120922Z 02:29 +365 ~1: D:/a/tandemlog/tandemlog/test/food_store_test.dart: food handle releases its lease when the profile owner is poisoned
2026-10-10T04:56:30.3644147Z 02:30 +366 ~1: D:/a/tandemlog/tandemlog/test/food_store_test.dart: food handle releases its lease when the profile owner is poisoned
2026-10-10T04:56:31.3689831Z 02:31 +367 ~1: D:/a/tandemlog/tandemlog/test/food_store_test.dart: food handle releases its lease when the profile owner is poisoned
2026-10-10T04:56:32.1425020Z 02:32 +368 ~1: D:/a/tandemlog/tandemlog/test/food_store_test.dart: food handle releases its lease when the profile owner is poisoned
2026-10-10T04:56:32.9095589Z 02:32 +369 ~1: D:/a/tandemlog/tandemlog/test/food_store_test.dart: food handle releases its lease when the profile owner is poisoned
2026-10-10T04:56:33.2705264Z 02:33 +370 ~1: D:/a/tandemlog/tandemlog/test/food_store_test.dart: food handle releases its lease when the profile owner is poisoned
2026-10-10T04:56:33.7342316Z 02:33 +371 ~1: D:/a/tandemlog/tandemlog/test/food_store_test.dart: food handle releases its lease when the profile owner is poisoned
2026-10-10T04:56:34.5747259Z 02:34 +372 ~1: D:/a/tandemlog/tandemlog/test/food_store_test.dart: food handle releases its lease when the profile owner is poisoned
2026-10-10T04:56:34.7814956Z 02:34 +373 ~1: D:/a/tandemlog/tandemlog/test/food_store_test.dart: food handle releases its lease when the profile owner is poisoned
2026-10-10T04:56:35.4071902Z 02:35 +374 ~1: D:/a/tandemlog/tandemlog/test/food_store_test.dart: food handle releases its lease when the profile owner is poisoned
2026-10-10T04:56:36.3082772Z 02:36 +375 ~1: D:/a/tandemlog/tandemlog/test/food_store_test.dart: food handle releases its lease when the profile owner is poisoned
2026-10-10T04:56:36.3580791Z 02:36 +376 ~1: D:/a/tandemlog/tandemlog/test/food_store_test.dart: food handle releases its lease when the profile owner is poisoned
2026-10-10T04:56:36.6119525Z 02:36 +377 ~1: D:/a/tandemlog/tandemlog/test/food_store_test.dart: food handle releases its lease when the profile owner is poisoned
2026-10-10T04:56:36.8004951Z 02:36 +378 ~1: D:/a/tandemlog/tandemlog/test/food_store_test.dart: food handle releases its lease when the profile owner is poisoned
2026-10-10T04:56:37.0558934Z 02:37 +379 ~1: D:/a/tandemlog/tandemlog/test/food_store_test.dart: food handle releases its lease when the profile owner is poisoned
2026-10-10T04:56:37.2575313Z 02:37 +380 ~1: D:/a/tandemlog/tandemlog/test/food_store_test.dart: food handle releases its lease when the profile owner is poisoned
2026-10-10T04:56:37.4915237Z 02:37 +381 ~1: D:/a/tandemlog/tandemlog/test/food_store_test.dart: food handle releases its lease when the profile owner is poisoned
2026-10-10T04:56:37.9420211Z 02:38 +382 ~1: D:/a/tandemlog/tandemlog/test/food_store_test.dart: food handle releases its lease when the profile owner is poisoned
2026-10-10T04:56:38.5554529Z 02:38 +383 ~1: D:/a/tandemlog/tandemlog/test/food_store_test.dart: food handle releases its lease when the profile owner is poisoned
2026-10-10T04:56:39.2165565Z 02:39 +384 ~1: D:/a/tandemlog/tandemlog/test/food_store_test.dart: food handle releases its lease when the profile owner is poisoned
2026-10-10T04:56:39.2244675Z 02:39 +385 ~1: D:/a/tandemlog/tandemlog/test/food_store_test.dart: food handle releases its lease when the profile owner is poisoned
2026-10-10T04:56:39.3055405Z 02:39 +386 ~1: D:/a/tandemlog/tandemlog/test/food_store_test.dart: food handle releases its lease when the profile owner is poisoned
2026-10-10T04:56:39.3131082Z 02:39 +387 ~1: D:/a/tandemlog/tandemlog/test/food_store_test.dart: food handle releases its lease when the profile owner is poisoned
2026-10-10T04:56:39.3229304Z 02:39 +388 ~1: D:/a/tandemlog/tandemlog/test/food_store_test.dart: food handle releases its lease when the profile owner is poisoned
2026-10-10T04:56:39.3277378Z 02:39 +389 ~1: D:/a/tandemlog/tandemlog/test/food_store_test.dart: food handle releases its lease when the profile owner is poisoned
2026-10-10T04:56:39.3360949Z 02:39 +390 ~1: D:/a/tandemlog/tandemlog/test/food_store_test.dart: food handle releases its lease when the profile owner is poisoned
2026-10-10T04:56:40.1227591Z 02:40 +391 ~1: D:/a/tandemlog/tandemlog/test/food_store_test.dart: food handle releases its lease when the profile owner is poisoned
2026-10-10T04:56:40.9282474Z 02:40 +392 ~1: D:/a/tandemlog/tandemlog/test/food_store_test.dart: food handle releases its lease when the profile owner is poisoned
2026-10-10T04:56:41.3548664Z 02:41 +393 ~1: D:/a/tandemlog/tandemlog/test/food_store_test.dart: food handle releases its lease when the profile owner is poisoned
2026-10-10T04:56:44.6050287Z 02:44 +393 ~1: D:/a/tandemlog/tandemlog/test/native_checklist_recompletion_test.dart: native offline checklist successor keeps its edited item after recompletion
2026-10-10T04:56:44.6052503Z HISTORICAL_RECOMPLETION recompletion: Native item Saved ChildItemA
2026-10-10T04:56:44.6408617Z 02:44 +394 ~1: D:/a/tandemlog/tandemlog/test/food_store_test.dart: food handle releases its lease when the profile owner is poisoned
2026-10-10T04:56:45.0546023Z 02:45 +395 ~1: D:/a/tandemlog/tandemlog/test/food_store_test.dart: food handle releases its lease when the profile owner is poisoned
2026-10-10T04:56:45.9589994Z 02:46 +396 ~1: D:/a/tandemlog/tandemlog/test/food_store_test.dart: food handle releases its lease when the profile owner is poisoned
2026-10-10T04:56:46.7453806Z 02:46 +397 ~1: D:/a/tandemlog/tandemlog/test/food_store_test.dart: food handle releases its lease when the profile owner is poisoned
2026-10-10T04:56:47.6420037Z 02:47 +398 ~1: D:/a/tandemlog/tandemlog/test/food_store_test.dart: food handle releases its lease when the profile owner is poisoned
2026-10-10T04:56:48.2652180Z 02:48 +399 ~1: D:/a/tandemlog/tandemlog/test/food_store_test.dart: food handle releases its lease when the profile owner is poisoned
2026-10-10T04:56:48.8943188Z 02:48 +400 ~1: D:/a/tandemlog/tandemlog/test/food_store_test.dart: food handle releases its lease when the profile owner is poisoned
2026-10-10T04:56:49.0360373Z 02:49 +400 ~1: D:/a/tandemlog/tandemlog/test/native_checklist_recompletion_test.dart: native offline checklist successor keeps its edited item after Undo
2026-10-10T04:56:49.0361189Z HISTORICAL_RECOMPLETION Undo: Native item Saved ChildItemA
2026-10-10T04:56:49.0743968Z 02:49 +401 ~1: D:/a/tandemlog/tandemlog/test/food_store_test.dart: food handle releases its lease when the profile owner is poisoned
2026-10-10T04:56:49.6245378Z 02:49 +402 ~1: D:/a/tandemlog/tandemlog/test/food_store_test.dart: food handle releases its lease when the profile owner is poisoned
2026-10-10T04:56:49.8677504Z 02:49 +403 ~1: D:/a/tandemlog/tandemlog/test/food_store_test.dart: food handle releases its lease when the profile owner is poisoned
2026-10-10T04:56:50.9325956Z 02:50 +404 ~1: D:/a/tandemlog/tandemlog/test/food_store_test.dart: food handle releases its lease when the profile owner is poisoned
2026-10-10T04:56:53.4963574Z 02:53 +404 ~1: D:/a/tandemlog/tandemlog/test/native_checklist_recompletion_test.dart: native offline checklist successor keeps its edited item after recompletion cold replay
2026-10-10T04:56:53.4965416Z HISTORICAL_RECOMPLETION recompletion cold replay: Native item Saved ChildItemA
2026-10-10T04:56:53.5289247Z 02:53 +405 ~1: D:/a/tandemlog/tandemlog/test/food_store_test.dart: food handle releases its lease when the profile owner is poisoned
2026-10-10T04:56:54.3287882Z 02:54 +406 ~1: D:/a/tandemlog/tandemlog/test/food_store_test.dart: food handle releases its lease when the profile owner is poisoned
2026-10-10T04:56:57.8665452Z 02:57 +406 ~1: D:/a/tandemlog/tandemlog/test/native_checklist_recompletion_test.dart: native offline checklist successor keeps its edited item after Undo cold replay
2026-10-10T04:56:57.8666480Z HISTORICAL_RECOMPLETION Undo cold replay: Native item Saved ChildItemA
2026-10-10T04:56:57.9100363Z 02:57 +407 ~1: D:/a/tandemlog/tandemlog/test/food_store_test.dart: food handle releases its lease when the profile owner is poisoned
2026-10-10T04:56:57.9176427Z 02:57 +408 ~1: D:/a/tandemlog/tandemlog/test/food_store_test.dart: food handle releases its lease when the profile owner is poisoned
2026-10-10T04:56:59.0631980Z 02:59 +409 ~1: D:/a/tandemlog/tandemlog/test/food_store_test.dart: food handle releases its lease when the profile owner is poisoned
2026-10-10T04:57:00.0965414Z 03:00 +410 ~1: D:/a/tandemlog/tandemlog/test/food_store_test.dart: food handle releases its lease when the profile owner is poisoned
2026-10-10T04:57:01.0838309Z 03:01 +411 ~1: D:/a/tandemlog/tandemlog/test/food_store_test.dart: food handle releases its lease when the profile owner is poisoned
2026-10-10T04:57:01.1090259Z 03:01 +412 ~1: D:/a/tandemlog/tandemlog/test/food_store_test.dart: food handle releases its lease when the profile owner is poisoned
2026-10-10T04:57:01.2048952Z 03:01 +413 ~1: D:/a/tandemlog/tandemlog/test/food_store_test.dart: food handle releases its lease when the profile owner is poisoned
2026-10-10T04:57:02.2652680Z 03:02 +414 ~1: D:/a/tandemlog/tandemlog/test/food_store_test.dart: food handle releases its lease when the profile owner is poisoned
2026-10-10T04:57:02.2838235Z 03:02 +415 ~1: D:/a/tandemlog/tandemlog/test/food_store_test.dart: food handle releases its lease when the profile owner is poisoned
2026-10-10T04:57:02.2929539Z 03:02 +416 ~1: D:/a/tandemlog/tandemlog/test/food_store_test.dart: food handle releases its lease when the profile owner is poisoned
2026-10-10T04:57:02.3029165Z 03:02 +417 ~1: D:/a/tandemlog/tandemlog/test/food_store_test.dart: food handle releases its lease when the profile owner is poisoned
2026-10-10T04:57:02.3235106Z 03:02 +418 ~1: D:/a/tandemlog/tandemlog/test/food_store_test.dart: food handle releases its lease when the profile owner is poisoned
2026-10-10T04:57:02.3252348Z 03:02 +419 ~1: D:/a/tandemlog/tandemlog/test/food_store_test.dart: food handle releases its lease when the profile owner is poisoned
2026-10-10T04:57:02.3320454Z 03:02 +420 ~1: D:/a/tandemlog/tandemlog/test/food_store_test.dart: food handle releases its lease when the profile owner is poisoned
2026-10-10T04:57:02.3357090Z 03:02 +421 ~1: D:/a/tandemlog/tandemlog/test/food_store_test.dart: food handle releases its lease when the profile owner is poisoned
2026-10-10T04:57:02.3445588Z 03:02 +422 ~1: D:/a/tandemlog/tandemlog/test/food_store_test.dart: food handle releases its lease when the profile owner is poisoned
2026-10-10T04:57:02.3479105Z 03:02 +423 ~1: D:/a/tandemlog/tandemlog/test/food_store_test.dart: food handle releases its lease when the profile owner is poisoned
2026-10-10T04:57:02.3580830Z 03:02 +424 ~1: D:/a/tandemlog/tandemlog/test/food_store_test.dart: food handle releases its lease when the profile owner is poisoned
2026-10-10T04:57:02.3624385Z 03:02 +425 ~1: D:/a/tandemlog/tandemlog/test/food_store_test.dart: food handle releases its lease when the profile owner is poisoned
2026-10-10T04:57:03.3756498Z 03:03 +426 ~1: D:/a/tandemlog/tandemlog/test/food_store_test.dart: food handle releases its lease when the profile owner is poisoned
2026-10-10T04:57:03.3789919Z 03:03 +427 ~1: D:/a/tandemlog/tandemlog/test/food_store_test.dart: food handle releases its lease when the profile owner is poisoned
2026-10-10T04:57:04.3215409Z 03:04 +428 ~1: D:/a/tandemlog/tandemlog/test/food_store_test.dart: food handle releases its lease when the profile owner is poisoned
2026-10-10T04:57:04.3323413Z 03:04 +429 ~1: D:/a/tandemlog/tandemlog/test/food_store_test.dart: food handle releases its lease when the profile owner is poisoned
2026-10-10T04:57:04.3693086Z 03:04 +430 ~1: D:/a/tandemlog/tandemlog/test/food_store_test.dart: food handle releases its lease when the profile owner is poisoned
2026-10-10T04:57:04.7950172Z 03:04 +431 ~1: D:/a/tandemlog/tandemlog/test/food_store_test.dart: food handle releases its lease when the profile owner is poisoned
2026-10-10T04:57:05.9607234Z 03:06 +432 ~1: D:/a/tandemlog/tandemlog/test/food_store_test.dart: food handle releases its lease when the profile owner is poisoned
2026-10-10T04:57:06.1050048Z 03:06 +433 ~1: D:/a/tandemlog/tandemlog/test/food_store_test.dart: food handle releases its lease when the profile owner is poisoned
2026-10-10T04:57:06.2070665Z 03:06 +434 ~1: D:/a/tandemlog/tandemlog/test/food_store_test.dart: food handle releases its lease when the profile owner is poisoned
2026-10-10T04:57:06.3279483Z 03:06 +435 ~1: D:/a/tandemlog/tandemlog/test/food_store_test.dart: food handle releases its lease when the profile owner is poisoned
2026-10-10T04:57:06.4228847Z 03:06 +436 ~1: D:/a/tandemlog/tandemlog/test/food_store_test.dart: food handle releases its lease when the profile owner is poisoned
2026-10-10T04:57:06.5933586Z 03:06 +437 ~1: D:/a/tandemlog/tandemlog/test/food_store_test.dart: food handle releases its lease when the profile owner is poisoned
2026-10-10T04:57:07.4001185Z 03:07 +438 ~1: D:/a/tandemlog/tandemlog/test/food_store_test.dart: food handle releases its lease when the profile owner is poisoned
2026-10-10T04:57:07.5544670Z 03:07 +439 ~1: D:/a/tandemlog/tandemlog/test/food_store_test.dart: food handle releases its lease when the profile owner is poisoned
2026-10-10T04:57:07.6290234Z 03:07 +440 ~1: D:/a/tandemlog/tandemlog/test/food_store_test.dart: food handle releases its lease when the profile owner is poisoned
2026-10-10T04:57:07.7434726Z 03:07 +441 ~1: D:/a/tandemlog/tandemlog/test/food_store_test.dart: food handle releases its lease when the profile owner is poisoned
2026-10-10T04:57:09.0434277Z 03:09 +442 ~1: D:/a/tandemlog/tandemlog/test/food_store_test.dart: food handle releases its lease when the profile owner is poisoned
2026-10-10T04:57:09.5505331Z 03:09 +443 ~1: D:/a/tandemlog/tandemlog/test/food_store_test.dart: food handle releases its lease when the profile owner is poisoned
2026-10-10T04:57:10.1828320Z 03:10 +444 ~1: D:/a/tandemlog/tandemlog/test/food_store_test.dart: food handle releases its lease when the profile owner is poisoned
2026-10-10T04:57:10.4328023Z 03:10 +445 ~1: D:/a/tandemlog/tandemlog/test/food_store_test.dart: food handle releases its lease when the profile owner is poisoned
2026-10-10T04:57:10.7433446Z 03:10 +446 ~1: D:/a/tandemlog/tandemlog/test/food_store_test.dart: food handle releases its lease when the profile owner is poisoned
2026-10-10T04:57:11.1515239Z 03:11 +447 ~1: D:/a/tandemlog/tandemlog/test/food_store_test.dart: food handle releases its lease when the profile owner is poisoned
2026-10-10T04:57:11.1596830Z 03:11 +448 ~1: D:/a/tandemlog/tandemlog/test/food_store_test.dart: food handle releases its lease when the profile owner is poisoned
2026-10-10T04:57:11.7132427Z 03:11 +449 ~1: D:/a/tandemlog/tandemlog/test/food_store_test.dart: food handle releases its lease when the profile owner is poisoned
2026-10-10T04:57:12.1875453Z 03:12 +450 ~1: D:/a/tandemlog/tandemlog/test/food_store_test.dart: food handle releases its lease when the profile owner is poisoned
2026-10-10T04:57:12.5635939Z 03:12 +451 ~1: D:/a/tandemlog/tandemlog/test/food_store_test.dart: food handle releases its lease when the profile owner is poisoned
2026-10-10T04:57:13.2512977Z 03:13 +452 ~1: D:/a/tandemlog/tandemlog/test/food_store_test.dart: food handle releases its lease when the profile owner is poisoned
2026-10-10T04:57:13.8500174Z 03:13 +453 ~1: D:/a/tandemlog/tandemlog/test/food_store_test.dart: food handle releases its lease when the profile owner is poisoned
2026-10-10T04:57:14.7908821Z 03:14 +454 ~1: D:/a/tandemlog/tandemlog/test/food_store_test.dart: food handle releases its lease when the profile owner is poisoned
2026-10-10T04:57:16.3214164Z 03:16 +455 ~1: D:/a/tandemlog/tandemlog/test/food_store_test.dart: food handle releases its lease when the profile owner is poisoned
2026-10-10T04:57:17.7651120Z 03:17 +456 ~1: D:/a/tandemlog/tandemlog/test/food_store_test.dart: food handle releases its lease when the profile owner is poisoned
2026-10-10T04:57:18.8009272Z 03:18 +457 ~1: D:/a/tandemlog/tandemlog/test/food_store_test.dart: food handle releases its lease when the profile owner is poisoned
2026-10-10T04:57:18.8348852Z 03:18 +458 ~1: D:/a/tandemlog/tandemlog/test/food_store_test.dart: food handle releases its lease when the profile owner is poisoned
2026-10-10T04:57:19.7887890Z 03:19 +459 ~1: D:/a/tandemlog/tandemlog/test/food_store_test.dart: food handle releases its lease when the profile owner is poisoned
2026-10-10T04:57:20.3414806Z 03:20 +460 ~1: D:/a/tandemlog/tandemlog/test/food_store_test.dart: food handle releases its lease when the profile owner is poisoned
2026-10-10T04:57:20.4018803Z 03:20 +461 ~1: D:/a/tandemlog/tandemlog/test/food_store_test.dart: food handle releases its lease when the profile owner is poisoned
2026-10-10T04:57:20.4464081Z 03:20 +462 ~1: D:/a/tandemlog/tandemlog/test/food_store_test.dart: food handle releases its lease when the profile owner is poisoned
2026-10-10T04:57:20.4672148Z 03:20 +463 ~1: D:/a/tandemlog/tandemlog/test/food_store_test.dart: food handle releases its lease when the profile owner is poisoned
2026-10-10T04:57:21.1060666Z 03:21 +464 ~1: D:/a/tandemlog/tandemlog/test/food_store_test.dart: food handle releases its lease when the profile owner is poisoned
2026-10-10T04:57:21.1390029Z 03:21 +465 ~1: D:/a/tandemlog/tandemlog/test/food_store_test.dart: food handle releases its lease when the profile owner is poisoned
2026-10-10T04:57:21.2130036Z 03:21 +466 ~1: D:/a/tandemlog/tandemlog/test/food_store_test.dart: food handle releases its lease when the profile owner is poisoned
2026-10-10T04:57:21.2274944Z 03:21 +467 ~1: D:/a/tandemlog/tandemlog/test/food_store_test.dart: food handle releases its lease when the profile owner is poisoned
2026-10-10T04:57:21.8723059Z 03:21 +468 ~1: D:/a/tandemlog/tandemlog/test/food_store_test.dart: food handle releases its lease when the profile owner is poisoned
2026-10-10T04:57:21.9144169Z 03:21 +469 ~1: D:/a/tandemlog/tandemlog/test/food_store_test.dart: food handle releases its lease when the profile owner is poisoned
2026-10-10T04:57:21.9312497Z 03:21 +470 ~1: D:/a/tandemlog/tandemlog/test/food_store_test.dart: food handle releases its lease when the profile owner is poisoned
2026-10-10T04:57:21.9546809Z 03:22 +471 ~1: D:/a/tandemlog/tandemlog/test/food_store_test.dart: food handle releases its lease when the profile owner is poisoned
2026-10-10T04:57:21.9607501Z 03:22 +472 ~1: D:/a/tandemlog/tandemlog/test/food_store_test.dart: food handle releases its lease when the profile owner is poisoned
2026-10-10T04:57:21.9674883Z 03:22 +473 ~1: D:/a/tandemlog/tandemlog/test/food_store_test.dart: food handle releases its lease when the profile owner is poisoned
2026-10-10T04:57:21.9759524Z 03:22 +474 ~1: D:/a/tandemlog/tandemlog/test/food_store_test.dart: food handle releases its lease when the profile owner is poisoned
2026-10-10T04:57:21.9892618Z 03:22 +475 ~1: D:/a/tandemlog/tandemlog/test/food_store_test.dart: food handle releases its lease when the profile owner is poisoned
2026-10-10T04:57:22.0176841Z 03:22 +476 ~1: D:/a/tandemlog/tandemlog/test/food_store_test.dart: food handle releases its lease when the profile owner is poisoned
2026-10-10T04:57:22.0382754Z 03:22 +477 ~1: D:/a/tandemlog/tandemlog/test/food_store_test.dart: food handle releases its lease when the profile owner is poisoned
2026-10-10T04:57:23.2182277Z 03:23 +478 ~1: D:/a/tandemlog/tandemlog/test/food_store_test.dart: food handle releases its lease when the profile owner is poisoned
2026-10-10T04:57:24.1795792Z 03:24 +479 ~1: D:/a/tandemlog/tandemlog/test/food_store_test.dart: food handle releases its lease when the profile owner is poisoned
2026-10-10T04:57:24.2679570Z 03:24 +480 ~1: D:/a/tandemlog/tandemlog/test/food_store_test.dart: food handle releases its lease when the profile owner is poisoned
2026-10-10T04:57:24.3422357Z 03:24 +481 ~1: D:/a/tandemlog/tandemlog/test/food_store_test.dart: food handle releases its lease when the profile owner is poisoned
2026-10-10T04:57:24.3850203Z 03:24 +482 ~1: D:/a/tandemlog/tandemlog/test/food_store_test.dart: food handle releases its lease when the profile owner is poisoned
2026-10-10T04:57:24.4696115Z 03:24 +483 ~1: D:/a/tandemlog/tandemlog/test/food_store_test.dart: food handle releases its lease when the profile owner is poisoned
2026-10-10T04:57:25.4381473Z 03:25 +484 ~1: D:/a/tandemlog/tandemlog/test/food_store_test.dart: food handle releases its lease when the profile owner is poisoned
2026-10-10T04:57:25.8598641Z 03:25 +485 ~1: D:/a/tandemlog/tandemlog/test/food_store_test.dart: food handle releases its lease when the profile owner is poisoned
2026-10-10T04:57:25.9158804Z 03:25 +486 ~1: D:/a/tandemlog/tandemlog/test/food_store_test.dart: food handle releases its lease when the profile owner is poisoned
2026-10-10T04:57:25.9265454Z 03:25 +487 ~1: D:/a/tandemlog/tandemlog/test/food_store_test.dart: food handle releases its lease when the profile owner is poisoned
2026-10-10T04:57:25.9297081Z 03:25 +488 ~1: D:/a/tandemlog/tandemlog/test/food_store_test.dart: food handle releases its lease when the profile owner is poisoned
2026-10-10T04:57:25.9342183Z 03:25 +489 ~1: D:/a/tandemlog/tandemlog/test/food_store_test.dart: food handle releases its lease when the profile owner is poisoned
2026-10-10T04:57:25.9382041Z 03:26 +490 ~1: D:/a/tandemlog/tandemlog/test/food_store_test.dart: food handle releases its lease when the profile owner is poisoned
2026-10-10T04:57:25.9427779Z 03:26 +491 ~1: D:/a/tandemlog/tandemlog/test/food_store_test.dart: food handle releases its lease when the profile owner is poisoned
2026-10-10T04:57:25.9459553Z 03:26 +492 ~1: D:/a/tandemlog/tandemlog/test/food_store_test.dart: food handle releases its lease when the profile owner is poisoned
2026-10-10T04:57:25.9493035Z 03:26 +493 ~1: D:/a/tandemlog/tandemlog/test/food_store_test.dart: food handle releases its lease when the profile owner is poisoned
2026-10-10T04:57:25.9526600Z 03:26 +494 ~1: D:/a/tandemlog/tandemlog/test/food_store_test.dart: food handle releases its lease when the profile owner is poisoned
2026-10-10T04:57:25.9552094Z 03:26 +495 ~1: D:/a/tandemlog/tandemlog/test/food_store_test.dart: food handle releases its lease when the profile owner is poisoned
2026-10-10T04:57:26.5446566Z 03:26 +496 ~1: D:/a/tandemlog/tandemlog/test/food_store_test.dart: food handle releases its lease when the profile owner is poisoned
2026-10-10T04:57:27.4273002Z 03:27 +497 ~1: D:/a/tandemlog/tandemlog/test/food_store_test.dart: food handle releases its lease when the profile owner is poisoned
2026-10-10T04:57:28.2903762Z 03:28 +498 ~1: D:/a/tandemlog/tandemlog/test/food_store_test.dart: food handle releases its lease when the profile owner is poisoned
2026-10-10T04:57:28.8858063Z 03:28 +499 ~1: D:/a/tandemlog/tandemlog/test/food_store_test.dart: food handle releases its lease when the profile owner is poisoned
2026-10-10T04:57:29.4234224Z 03:29 +500 ~1: D:/a/tandemlog/tandemlog/test/food_store_test.dart: food handle releases its lease when the profile owner is poisoned
2026-10-10T04:57:29.9923083Z 03:30 +501 ~1: D:/a/tandemlog/tandemlog/test/food_store_test.dart: food handle releases its lease when the profile owner is poisoned
2026-10-10T04:57:30.0977414Z 03:30 +502 ~1: D:/a/tandemlog/tandemlog/test/food_store_test.dart: food handle releases its lease when the profile owner is poisoned
2026-10-10T04:57:30.5295168Z 03:30 +503 ~1: D:/a/tandemlog/tandemlog/test/food_store_test.dart: food handle releases its lease when the profile owner is poisoned
2026-10-10T04:57:30.5664741Z 03:30 +504 ~1: D:/a/tandemlog/tandemlog/test/food_store_test.dart: food handle releases its lease when the profile owner is poisoned
2026-10-10T04:57:31.0893005Z 03:31 +505 ~1: D:/a/tandemlog/tandemlog/test/food_store_test.dart: food handle releases its lease when the profile owner is poisoned
2026-10-10T04:57:31.3954540Z 03:31 +506 ~1: D:/a/tandemlog/tandemlog/test/food_store_test.dart: food handle releases its lease when the profile owner is poisoned
2026-10-10T04:57:31.7099784Z 03:31 +507 ~1: D:/a/tandemlog/tandemlog/test/food_store_test.dart: food handle releases its lease when the profile owner is poisoned
2026-10-10T04:57:32.1115535Z 03:32 +508 ~1: D:/a/tandemlog/tandemlog/test/food_store_test.dart: food handle releases its lease when the profile owner is poisoned
2026-10-10T04:57:32.6761826Z 03:32 +509 ~1: D:/a/tandemlog/tandemlog/test/food_store_test.dart: food handle releases its lease when the profile owner is poisoned
2026-10-10T04:57:34.7939049Z 03:34 +510 ~1: D:/a/tandemlog/tandemlog/test/food_store_test.dart: food handle releases its lease when the profile owner is poisoned
2026-10-10T04:57:34.8025279Z 03:34 +511 ~1: D:/a/tandemlog/tandemlog/test/food_store_test.dart: food handle releases its lease when the profile owner is poisoned
2026-10-10T04:57:34.8108450Z 03:34 +512 ~1: D:/a/tandemlog/tandemlog/test/food_store_test.dart: food handle releases its lease when the profile owner is poisoned
2026-10-10T04:57:34.9221804Z 03:34 +513 ~1: D:/a/tandemlog/tandemlog/test/food_store_test.dart: food handle releases its lease when the profile owner is poisoned
2026-10-10T04:57:34.9288660Z 03:34 +514 ~1: D:/a/tandemlog/tandemlog/test/food_store_test.dart: food handle releases its lease when the profile owner is poisoned
2026-10-10T04:57:34.9351471Z 03:34 +515 ~1: D:/a/tandemlog/tandemlog/test/food_store_test.dart: food handle releases its lease when the profile owner is poisoned
2026-10-10T04:57:34.9396920Z 03:35 +516 ~1: D:/a/tandemlog/tandemlog/test/food_store_test.dart: food handle releases its lease when the profile owner is poisoned
2026-10-10T04:57:34.9458196Z 03:35 +517 ~1: D:/a/tandemlog/tandemlog/test/food_store_test.dart: food handle releases its lease when the profile owner is poisoned
2026-10-10T04:57:35.0292861Z 03:35 +518 ~1: D:/a/tandemlog/tandemlog/test/food_store_test.dart: food handle releases its lease when the profile owner is poisoned
2026-10-10T04:57:35.0936737Z 03:35 +519 ~1: D:/a/tandemlog/tandemlog/test/food_store_test.dart: food handle releases its lease when the profile owner is poisoned
2026-10-10T04:57:35.0999260Z 03:35 +520 ~1: D:/a/tandemlog/tandemlog/test/food_store_test.dart: food handle releases its lease when the profile owner is poisoned
2026-10-10T04:57:36.4710346Z 03:36 +521 ~1: D:/a/tandemlog/tandemlog/test/food_store_test.dart: food handle releases its lease when the profile owner is poisoned
2026-10-10T04:57:37.4962570Z 03:37 +522 ~1: D:/a/tandemlog/tandemlog/test/food_store_test.dart: food handle releases its lease when the profile owner is poisoned
2026-10-10T04:57:38.5013290Z 03:38 +523 ~1: D:/a/tandemlog/tandemlog/test/food_store_test.dart: food handle releases its lease when the profile owner is poisoned
2026-10-10T04:57:38.7307464Z 03:38 +524 ~1: D:/a/tandemlog/tandemlog/test/food_store_test.dart: food handle releases its lease when the profile owner is poisoned
2026-10-10T04:57:39.1814073Z 03:39 +525 ~1: D:/a/tandemlog/tandemlog/test/food_store_test.dart: food handle releases its lease when the profile owner is poisoned
2026-10-10T04:57:40.6576926Z 03:40 +526 ~1: D:/a/tandemlog/tandemlog/test/food_store_test.dart: food handle releases its lease when the profile owner is poisoned
2026-10-10T04:57:40.7569701Z 03:40 +527 ~1: D:/a/tandemlog/tandemlog/test/food_store_test.dart: food handle releases its lease when the profile owner is poisoned
2026-10-10T04:57:40.7925762Z 03:40 +528 ~1: D:/a/tandemlog/tandemlog/test/food_store_test.dart: food handle releases its lease when the profile owner is poisoned
2026-10-10T04:57:41.0784557Z 03:41 +529 ~1: D:/a/tandemlog/tandemlog/test/food_store_test.dart: food handle releases its lease when the profile owner is poisoned
2026-10-10T04:57:41.6882593Z 03:41 +530 ~1: D:/a/tandemlog/tandemlog/test/food_store_test.dart: food handle releases its lease when the profile owner is poisoned
2026-10-10T04:57:42.5477686Z 03:42 +531 ~1: D:/a/tandemlog/tandemlog/test/food_store_test.dart: food handle releases its lease when the profile owner is poisoned
2026-10-10T04:57:43.3883399Z 03:43 +532 ~1: D:/a/tandemlog/tandemlog/test/food_store_test.dart: food handle releases its lease when the profile owner is poisoned
2026-10-10T04:57:43.5196264Z 03:43 +533 ~1: D:/a/tandemlog/tandemlog/test/food_store_test.dart: food handle releases its lease when the profile owner is poisoned
2026-10-10T04:57:43.7226683Z 03:43 +534 ~1: D:/a/tandemlog/tandemlog/test/food_store_test.dart: food handle releases its lease when the profile owner is poisoned
2026-10-10T04:57:43.9211860Z 03:43 +535 ~1: D:/a/tandemlog/tandemlog/test/food_store_test.dart: food handle releases its lease when the profile owner is poisoned
2026-10-10T04:57:44.0951372Z 03:44 +536 ~1: D:/a/tandemlog/tandemlog/test/food_store_test.dart: food handle releases its lease when the profile owner is poisoned
2026-10-10T04:57:44.1840251Z 03:44 +537 ~1: D:/a/tandemlog/tandemlog/test/food_store_test.dart: food handle releases its lease when the profile owner is poisoned
2026-10-10T04:57:44.3506547Z 03:44 +538 ~1: D:/a/tandemlog/tandemlog/test/food_store_test.dart: food handle releases its lease when the profile owner is poisoned
2026-10-10T04:57:44.5280626Z 03:44 +539 ~1: D:/a/tandemlog/tandemlog/test/food_store_test.dart: food handle releases its lease when the profile owner is poisoned
2026-10-10T04:57:44.8828696Z 03:44 +540 ~1: D:/a/tandemlog/tandemlog/test/food_store_test.dart: food handle releases its lease when the profile owner is poisoned
2026-10-10T04:57:45.0612972Z 03:45 +541 ~1: D:/a/tandemlog/tandemlog/test/food_store_test.dart: food handle releases its lease when the profile owner is poisoned
2026-10-10T04:57:45.9605813Z 03:46 +542 ~1: D:/a/tandemlog/tandemlog/test/food_store_test.dart: food handle releases its lease when the profile owner is poisoned
2026-10-10T04:57:46.9521174Z 03:47 +543 ~1: D:/a/tandemlog/tandemlog/test/food_store_test.dart: food handle releases its lease when the profile owner is poisoned
2026-10-10T04:57:47.5289947Z 03:47 +544 ~1: D:/a/tandemlog/tandemlog/test/food_store_test.dart: food handle releases its lease when the profile owner is poisoned
2026-10-10T04:57:47.9755150Z 03:48 +545 ~1: D:/a/tandemlog/tandemlog/test/food_store_test.dart: food handle releases its lease when the profile owner is poisoned
2026-10-10T04:57:48.8236517Z 03:48 +546 ~1: D:/a/tandemlog/tandemlog/test/food_store_test.dart: food handle releases its lease when the profile owner is poisoned
2026-10-10T04:57:49.8510534Z 03:49 +547 ~1: D:/a/tandemlog/tandemlog/test/food_store_test.dart: food handle releases its lease when the profile owner is poisoned
2026-10-10T04:57:50.4440737Z 03:50 +548 ~1: D:/a/tandemlog/tandemlog/test/food_store_test.dart: food handle releases its lease when the profile owner is poisoned
2026-10-10T04:57:50.5709798Z 03:50 +549 ~1: D:/a/tandemlog/tandemlog/test/food_store_test.dart: food handle releases its lease when the profile owner is poisoned
2026-10-10T04:57:50.5761314Z 03:50 +550 ~1: D:/a/tandemlog/tandemlog/test/food_store_test.dart: food handle releases its lease when the profile owner is poisoned
2026-10-10T04:57:50.7901344Z 03:50 +551 ~1: D:/a/tandemlog/tandemlog/test/food_store_test.dart: food handle releases its lease when the profile owner is poisoned
2026-10-10T04:57:50.9497078Z 03:51 +552 ~1: D:/a/tandemlog/tandemlog/test/food_store_test.dart: food handle releases its lease when the profile owner is poisoned
2026-10-10T04:57:51.0883457Z 03:51 +553 ~1: D:/a/tandemlog/tandemlog/test/food_store_test.dart: food handle releases its lease when the profile owner is poisoned
2026-10-10T04:57:51.1159259Z 03:51 +554 ~1: D:/a/tandemlog/tandemlog/test/food_store_test.dart: food handle releases its lease when the profile owner is poisoned
2026-10-10T04:57:51.1438197Z 03:51 +555 ~1: D:/a/tandemlog/tandemlog/test/food_store_test.dart: food handle releases its lease when the profile owner is poisoned
2026-10-10T04:57:51.1963867Z 03:51 +556 ~1: D:/a/tandemlog/tandemlog/test/food_store_test.dart: food handle releases its lease when the profile owner is poisoned
2026-10-10T04:57:52.2745509Z 03:52 +557 ~1: D:/a/tandemlog/tandemlog/test/food_store_test.dart: food handle releases its lease when the profile owner is poisoned
2026-10-10T04:57:52.6315915Z 03:52 +558 ~1: D:/a/tandemlog/tandemlog/test/food_store_test.dart: food handle releases its lease when the profile owner is poisoned
2026-10-10T04:57:52.6363312Z 03:52 +559 ~1: D:/a/tandemlog/tandemlog/test/food_store_test.dart: food handle releases its lease when the profile owner is poisoned
2026-10-10T04:57:53.5393554Z 03:53 +560 ~1: D:/a/tandemlog/tandemlog/test/food_store_test.dart: food handle releases its lease when the profile owner is poisoned
2026-10-10T04:57:54.2486321Z 03:54 +561 ~1: D:/a/tandemlog/tandemlog/test/food_store_test.dart: food handle releases its lease when the profile owner is poisoned
2026-10-10T04:57:54.6300786Z 03:54 +562 ~1: D:/a/tandemlog/tandemlog/test/food_store_test.dart: food handle releases its lease when the profile owner is poisoned
2026-10-10T04:57:54.8395372Z 03:54 +563 ~1: D:/a/tandemlog/tandemlog/test/food_store_test.dart: food handle releases its lease when the profile owner is poisoned
2026-10-10T04:57:54.8785212Z 03:54 +564 ~1: D:/a/tandemlog/tandemlog/test/food_store_test.dart: food handle releases its lease when the profile owner is poisoned
2026-10-10T04:57:54.9372273Z 03:55 +565 ~1: D:/a/tandemlog/tandemlog/test/food_store_test.dart: food handle releases its lease when the profile owner is poisoned
2026-10-10T04:57:54.9632074Z 03:55 +566 ~1: D:/a/tandemlog/tandemlog/test/food_store_test.dart: food handle releases its lease when the profile owner is poisoned
2026-10-10T04:57:55.7657467Z 03:55 +567 ~1: D:/a/tandemlog/tandemlog/test/food_store_test.dart: food handle releases its lease when the profile owner is poisoned
2026-10-10T04:57:56.3864787Z 03:56 +568 ~1: D:/a/tandemlog/tandemlog/test/food_store_test.dart: food handle releases its lease when the profile owner is poisoned
2026-10-10T04:57:56.9947763Z 03:57 +569 ~1: D:/a/tandemlog/tandemlog/test/food_store_test.dart: food handle releases its lease when the profile owner is poisoned
2026-10-10T04:57:57.6821470Z 03:57 +570 ~1: D:/a/tandemlog/tandemlog/test/food_store_test.dart: food handle releases its lease when the profile owner is poisoned
2026-10-10T04:57:58.0863965Z 03:58 +571 ~1: D:/a/tandemlog/tandemlog/test/food_store_test.dart: food handle releases its lease when the profile owner is poisoned
2026-10-10T04:57:58.1348724Z 03:58 +572 ~1: D:/a/tandemlog/tandemlog/test/food_store_test.dart: food handle releases its lease when the profile owner is poisoned
2026-10-10T04:57:58.6309659Z 03:58 +573 ~1: D:/a/tandemlog/tandemlog/test/food_store_test.dart: food handle releases its lease when the profile owner is poisoned
2026-10-10T04:57:58.7225438Z 03:58 +574 ~1: D:/a/tandemlog/tandemlog/test/food_store_test.dart: food handle releases its lease when the profile owner is poisoned
2026-10-10T04:57:59.0324409Z 03:59 +575 ~1: D:/a/tandemlog/tandemlog/test/food_store_test.dart: food handle releases its lease when the profile owner is poisoned
2026-10-10T04:57:59.1775127Z 03:59 +576 ~1: D:/a/tandemlog/tandemlog/test/food_store_test.dart: food handle releases its lease when the profile owner is poisoned
2026-10-10T04:57:59.4961373Z 03:59 +577 ~1: D:/a/tandemlog/tandemlog/test/food_store_test.dart: food handle releases its lease when the profile owner is poisoned
2026-10-10T04:57:59.5575085Z 03:59 +578 ~1: D:/a/tandemlog/tandemlog/test/food_store_test.dart: food handle releases its lease when the profile owner is poisoned
2026-10-10T04:57:59.7362541Z 03:59 +579 ~1: D:/a/tandemlog/tandemlog/test/food_store_test.dart: food handle releases its lease when the profile owner is poisoned
2026-10-10T04:57:59.9854477Z 04:00 +580 ~1: D:/a/tandemlog/tandemlog/test/food_store_test.dart: food handle releases its lease when the profile owner is poisoned
2026-10-10T04:58:00.0226599Z 04:00 +581 ~1: D:/a/tandemlog/tandemlog/test/food_store_test.dart: food handle releases its lease when the profile owner is poisoned
2026-10-10T04:58:00.2368893Z 04:00 +582 ~1: D:/a/tandemlog/tandemlog/test/food_store_test.dart: food handle releases its lease when the profile owner is poisoned
2026-10-10T04:58:00.5153293Z 04:00 +583 ~1: D:/a/tandemlog/tandemlog/test/food_store_test.dart: food handle releases its lease when the profile owner is poisoned
2026-10-10T04:58:00.6245079Z 04:00 +584 ~1: D:/a/tandemlog/tandemlog/test/food_store_test.dart: food handle releases its lease when the profile owner is poisoned
2026-10-10T04:58:00.8865028Z 04:00 +585 ~1: D:/a/tandemlog/tandemlog/test/food_store_test.dart: food handle releases its lease when the profile owner is poisoned
2026-10-10T04:58:01.1212763Z 04:01 +586 ~1: D:/a/tandemlog/tandemlog/test/food_store_test.dart: food handle releases its lease when the profile owner is poisoned
2026-10-10T04:58:02.0998056Z 04:02 +587 ~1: D:/a/tandemlog/tandemlog/test/food_store_test.dart: food handle releases its lease when the profile owner is poisoned
2026-10-10T04:58:02.8144383Z 04:02 +588 ~1: D:/a/tandemlog/tandemlog/test/food_store_test.dart: food handle releases its lease when the profile owner is poisoned
2026-10-10T04:58:03.3817555Z 04:03 +589 ~1: D:/a/tandemlog/tandemlog/test/food_store_test.dart: food handle releases its lease when the profile owner is poisoned
2026-10-10T04:58:03.5442880Z 04:03 +590 ~1: D:/a/tandemlog/tandemlog/test/food_store_test.dart: food handle releases its lease when the profile owner is poisoned
2026-10-10T04:58:03.7284701Z 04:03 +591 ~1: D:/a/tandemlog/tandemlog/test/food_store_test.dart: food handle releases its lease when the profile owner is poisoned
2026-10-10T04:58:03.8931866Z 04:03 +592 ~1: D:/a/tandemlog/tandemlog/test/food_store_test.dart: food handle releases its lease when the profile owner is poisoned
2026-10-10T04:58:03.8947382Z 04:03 +593 ~1: D:/a/tandemlog/tandemlog/test/food_store_test.dart: food handle releases its lease when the profile owner is poisoned
2026-10-10T04:58:04.3818906Z 04:04 +594 ~1: D:/a/tandemlog/tandemlog/test/food_store_test.dart: food handle releases its lease when the profile owner is poisoned
2026-10-10T04:58:04.4645008Z 04:04 +595 ~1: D:/a/tandemlog/tandemlog/test/food_store_test.dart: food handle releases its lease when the profile owner is poisoned
2026-10-10T04:58:04.9101021Z 04:04 +596 ~1: D:/a/tandemlog/tandemlog/test/food_store_test.dart: food handle releases its lease when the profile owner is poisoned
2026-10-10T04:58:05.4392410Z 04:05 +597 ~1: D:/a/tandemlog/tandemlog/test/food_store_test.dart: food handle releases its lease when the profile owner is poisoned
2026-10-10T04:58:05.5185205Z 04:05 +598 ~1: D:/a/tandemlog/tandemlog/test/food_store_test.dart: food handle releases its lease when the profile owner is poisoned
2026-10-10T04:58:05.8438377Z 04:05 +599 ~1: D:/a/tandemlog/tandemlog/test/food_store_test.dart: food handle releases its lease when the profile owner is poisoned
2026-10-10T04:58:06.0451909Z 04:06 +600 ~1: D:/a/tandemlog/tandemlog/test/food_store_test.dart: food handle releases its lease when the profile owner is poisoned
2026-10-10T04:58:06.2956460Z 04:06 +601 ~1: D:/a/tandemlog/tandemlog/test/food_store_test.dart: food handle releases its lease when the profile owner is poisoned
2026-10-10T04:58:06.5939107Z 04:06 +602 ~1: D:/a/tandemlog/tandemlog/test/food_store_test.dart: food handle releases its lease when the profile owner is poisoned
2026-10-10T04:58:06.7154115Z 04:06 +603 ~1: D:/a/tandemlog/tandemlog/test/food_store_test.dart: food handle releases its lease when the profile owner is poisoned
2026-10-10T04:58:07.2721447Z 04:07 +604 ~1: D:/a/tandemlog/tandemlog/test/food_store_test.dart: food handle releases its lease when the profile owner is poisoned
2026-10-10T04:58:07.2983892Z 04:07 +605 ~1: D:/a/tandemlog/tandemlog/test/food_store_test.dart: food handle releases its lease when the profile owner is poisoned
2026-10-10T04:58:07.8285035Z 04:07 +606 ~1: D:/a/tandemlog/tandemlog/test/food_store_test.dart: food handle releases its lease when the profile owner is poisoned
2026-10-10T04:58:08.0682454Z 04:08 +607 ~1: D:/a/tandemlog/tandemlog/test/food_store_test.dart: food handle releases its lease when the profile owner is poisoned
2026-10-10T04:58:08.4621572Z 04:08 +608 ~1: D:/a/tandemlog/tandemlog/test/food_store_test.dart: food handle releases its lease when the profile owner is poisoned
2026-10-10T04:58:08.7165110Z 04:08 +609 ~1: D:/a/tandemlog/tandemlog/test/food_store_test.dart: food handle releases its lease when the profile owner is poisoned
2026-10-10T04:58:09.0374618Z 04:09 +610 ~1: D:/a/tandemlog/tandemlog/test/food_store_test.dart: food handle releases its lease when the profile owner is poisoned
2026-10-10T04:58:09.0446683Z 04:09 +611 ~1: D:/a/tandemlog/tandemlog/test/food_store_test.dart: food handle releases its lease when the profile owner is poisoned
2026-10-10T04:58:09.3147346Z 04:09 +612 ~1: D:/a/tandemlog/tandemlog/test/food_store_test.dart: food handle releases its lease when the profile owner is poisoned
2026-10-10T04:58:09.5341397Z 04:09 +613 ~1: D:/a/tandemlog/tandemlog/test/food_store_test.dart: food handle releases its lease when the profile owner is poisoned
2026-10-10T04:58:09.7375336Z 04:09 +614 ~1: D:/a/tandemlog/tandemlog/test/food_store_test.dart: food handle releases its lease when the profile owner is poisoned
2026-10-10T04:58:09.8748187Z 04:09 +615 ~1: D:/a/tandemlog/tandemlog/test/food_store_test.dart: food handle releases its lease when the profile owner is poisoned
2026-10-10T04:58:10.1192644Z 04:10 +616 ~1: D:/a/tandemlog/tandemlog/test/food_store_test.dart: food handle releases its lease when the profile owner is poisoned
2026-10-10T04:58:10.3698708Z 04:10 +617 ~1: D:/a/tandemlog/tandemlog/test/food_store_test.dart: food handle releases its lease when the profile owner is poisoned
2026-10-10T04:58:10.5617272Z 04:10 +618 ~1: D:/a/tandemlog/tandemlog/test/food_store_test.dart: food handle releases its lease when the profile owner is poisoned
2026-10-10T04:58:10.8271789Z 04:10 +619 ~1: D:/a/tandemlog/tandemlog/test/food_store_test.dart: food handle releases its lease when the profile owner is poisoned
2026-10-10T04:58:11.3484682Z 04:11 +620 ~1: D:/a/tandemlog/tandemlog/test/food_store_test.dart: food handle releases its lease when the profile owner is poisoned
2026-10-10T04:58:11.5363852Z 04:11 +621 ~1: D:/a/tandemlog/tandemlog/test/food_store_test.dart: food handle releases its lease when the profile owner is poisoned
2026-10-10T04:58:11.6643707Z 04:11 +622 ~1: D:/a/tandemlog/tandemlog/test/food_store_test.dart: food handle releases its lease when the profile owner is poisoned
2026-10-10T04:58:11.8541774Z 04:11 +623 ~1: D:/a/tandemlog/tandemlog/test/food_store_test.dart: food handle releases its lease when the profile owner is poisoned
2026-10-10T04:58:12.0294037Z 04:12 +624 ~1: D:/a/tandemlog/tandemlog/test/food_store_test.dart: food handle releases its lease when the profile owner is poisoned
2026-10-10T04:58:12.1049609Z 04:12 +625 ~1: D:/a/tandemlog/tandemlog/test/food_store_test.dart: food handle releases its lease when the profile owner is poisoned
2026-10-10T04:58:12.6447098Z 04:12 +626 ~1: D:/a/tandemlog/tandemlog/test/food_store_test.dart: food handle releases its lease when the profile owner is poisoned
2026-10-10T04:58:12.9294750Z 04:12 +627 ~1: D:/a/tandemlog/tandemlog/test/food_store_test.dart: food handle releases its lease when the profile owner is poisoned
2026-10-10T04:58:12.9598248Z 04:13 +628 ~1: D:/a/tandemlog/tandemlog/test/food_store_test.dart: food handle releases its lease when the profile owner is poisoned
2026-10-10T04:58:13.1935991Z 04:13 +629 ~1: D:/a/tandemlog/tandemlog/test/food_store_test.dart: food handle releases its lease when the profile owner is poisoned
2026-10-10T04:58:13.6158951Z 04:13 +630 ~1: D:/a/tandemlog/tandemlog/test/food_store_test.dart: food handle releases its lease when the profile owner is poisoned
2026-10-10T04:58:13.6892164Z 04:13 +631 ~1: D:/a/tandemlog/tandemlog/test/food_store_test.dart: food handle releases its lease when the profile owner is poisoned
2026-10-10T04:58:13.7674935Z 04:13 +632 ~1: D:/a/tandemlog/tandemlog/test/food_store_test.dart: food handle releases its lease when the profile owner is poisoned
2026-10-10T04:58:14.0065398Z 04:14 +633 ~1: D:/a/tandemlog/tandemlog/test/food_store_test.dart: food handle releases its lease when the profile owner is poisoned
2026-10-10T04:58:14.2014849Z 04:14 +634 ~1: D:/a/tandemlog/tandemlog/test/food_store_test.dart: food handle releases its lease when the profile owner is poisoned
2026-10-10T04:58:14.3950437Z 04:14 +635 ~1: D:/a/tandemlog/tandemlog/test/food_store_test.dart: food handle releases its lease when the profile owner is poisoned
2026-10-10T04:58:14.4487051Z 04:14 +636 ~1: D:/a/tandemlog/tandemlog/test/food_store_test.dart: food handle releases its lease when the profile owner is poisoned
2026-10-10T04:58:14.8173695Z 04:14 +637 ~1: D:/a/tandemlog/tandemlog/test/food_store_test.dart: food handle releases its lease when the profile owner is poisoned
2026-10-10T04:58:15.0357242Z 04:15 +638 ~1: D:/a/tandemlog/tandemlog/test/food_store_test.dart: food handle releases its lease when the profile owner is poisoned
2026-10-10T04:58:15.0830798Z 04:15 +639 ~1: D:/a/tandemlog/tandemlog/test/food_store_test.dart: food handle releases its lease when the profile owner is poisoned
2026-10-10T04:58:15.1178579Z 04:15 +640 ~1: D:/a/tandemlog/tandemlog/test/food_store_test.dart: food handle releases its lease when the profile owner is poisoned
2026-10-10T04:58:15.3950193Z 04:15 +641 ~1: D:/a/tandemlog/tandemlog/test/food_store_test.dart: food handle releases its lease when the profile owner is poisoned
2026-10-10T04:58:15.9685195Z 04:16 +642 ~1: D:/a/tandemlog/tandemlog/test/food_store_test.dart: food handle releases its lease when the profile owner is poisoned
2026-10-10T04:58:16.5843411Z 04:16 +643 ~1: D:/a/tandemlog/tandemlog/test/food_store_test.dart: food handle releases its lease when the profile owner is poisoned
2026-10-10T04:58:18.8724162Z 04:18 +644 ~1: D:/a/tandemlog/tandemlog/test/food_store_test.dart: food handle releases its lease when the profile owner is poisoned
2026-10-10T04:58:19.2691180Z 04:19 +645 ~1: D:/a/tandemlog/tandemlog/test/food_store_test.dart: food handle releases its lease when the profile owner is poisoned
2026-10-10T04:58:20.2178861Z 04:20 +646 ~1: D:/a/tandemlog/tandemlog/test/food_store_test.dart: food handle releases its lease when the profile owner is poisoned
2026-10-10T04:58:20.2213042Z 04:20 +647 ~1: D:/a/tandemlog/tandemlog/test/food_store_test.dart: food handle releases its lease when the profile owner is poisoned
2026-10-10T04:58:20.2239333Z 04:20 +648 ~1: D:/a/tandemlog/tandemlog/test/food_store_test.dart: food handle releases its lease when the profile owner is poisoned
2026-10-10T04:58:20.2266441Z 04:20 +649 ~1: D:/a/tandemlog/tandemlog/test/food_store_test.dart: food handle releases its lease when the profile owner is poisoned
2026-10-10T04:58:20.2290457Z 04:20 +650 ~1: D:/a/tandemlog/tandemlog/test/food_store_test.dart: food handle releases its lease when the profile owner is poisoned
2026-10-10T04:58:20.2326589Z 04:20 +651 ~1: D:/a/tandemlog/tandemlog/test/food_store_test.dart: food handle releases its lease when the profile owner is poisoned
2026-10-10T04:58:20.2352482Z 04:20 +652 ~1: D:/a/tandemlog/tandemlog/test/food_store_test.dart: food handle releases its lease when the profile owner is poisoned
2026-10-10T04:58:20.2385409Z 04:20 +653 ~1: D:/a/tandemlog/tandemlog/test/food_store_test.dart: food handle releases its lease when the profile owner is poisoned
2026-10-10T04:58:20.2400534Z 04:20 +654 ~1: D:/a/tandemlog/tandemlog/test/food_store_test.dart: food handle releases its lease when the profile owner is poisoned
2026-10-10T04:58:20.2415805Z 04:20 +655 ~1: D:/a/tandemlog/tandemlog/test/food_store_test.dart: food handle releases its lease when the profile owner is poisoned
2026-10-10T04:58:20.2458092Z 04:20 +656 ~1: D:/a/tandemlog/tandemlog/test/food_store_test.dart: food handle releases its lease when the profile owner is poisoned
2026-10-10T04:58:20.2480046Z 04:20 +657 ~1: D:/a/tandemlog/tandemlog/test/food_store_test.dart: food handle releases its lease when the profile owner is poisoned
2026-10-10T04:58:21.2226603Z 04:21 +658 ~1: D:/a/tandemlog/tandemlog/test/food_store_test.dart: food handle releases its lease when the profile owner is poisoned
2026-10-10T04:58:21.7159583Z 04:21 +659 ~1: D:/a/tandemlog/tandemlog/test/food_store_test.dart: food handle releases its lease when the profile owner is poisoned
2026-10-10T04:58:21.7336135Z 04:21 +660 ~1: D:/a/tandemlog/tandemlog/test/food_store_test.dart: food handle releases its lease when the profile owner is poisoned
2026-10-10T04:58:22.4135941Z 04:22 +661 ~1: D:/a/tandemlog/tandemlog/test/food_store_test.dart: food handle releases its lease when the profile owner is poisoned
2026-10-10T04:58:23.5723957Z 04:23 +662 ~1: D:/a/tandemlog/tandemlog/test/food_store_test.dart: food handle releases its lease when the profile owner is poisoned
2026-10-10T04:58:23.7179656Z 04:23 +663 ~1: D:/a/tandemlog/tandemlog/test/food_store_test.dart: food handle releases its lease when the profile owner is poisoned
2026-10-10T04:58:23.7316965Z 04:23 +664 ~1: D:/a/tandemlog/tandemlog/test/food_store_test.dart: food handle releases its lease when the profile owner is poisoned
2026-10-10T04:58:24.4991070Z 04:24 +665 ~1: D:/a/tandemlog/tandemlog/test/food_store_test.dart: food handle releases its lease when the profile owner is poisoned
2026-10-10T04:58:25.3885879Z 04:25 +666 ~1: D:/a/tandemlog/tandemlog/test/food_store_test.dart: food handle releases its lease when the profile owner is poisoned
2026-10-10T04:58:26.6720551Z 04:26 +667 ~1: D:/a/tandemlog/tandemlog/test/food_store_test.dart: food handle releases its lease when the profile owner is poisoned
2026-10-10T04:58:26.6764453Z 04:26 +668 ~1: D:/a/tandemlog/tandemlog/test/food_store_test.dart: food handle releases its lease when the profile owner is poisoned
2026-10-10T04:58:26.7225662Z 04:26 +669 ~1: D:/a/tandemlog/tandemlog/test/food_store_test.dart: food handle releases its lease when the profile owner is poisoned
2026-10-10T04:58:26.7291145Z 04:26 +670 ~1: D:/a/tandemlog/tandemlog/test/food_store_test.dart: food handle releases its lease when the profile owner is poisoned
2026-10-10T04:58:26.7385044Z 04:26 +671 ~1: D:/a/tandemlog/tandemlog/test/food_store_test.dart: food handle releases its lease when the profile owner is poisoned
2026-10-10T04:58:26.7424125Z 04:26 +672 ~1: D:/a/tandemlog/tandemlog/test/food_store_test.dart: food handle releases its lease when the profile owner is poisoned
2026-10-10T04:58:26.7499601Z 04:26 +673 ~1: D:/a/tandemlog/tandemlog/test/food_store_test.dart: food handle releases its lease when the profile owner is poisoned
2026-10-10T04:58:26.7538187Z 04:26 +674 ~1: D:/a/tandemlog/tandemlog/test/food_store_test.dart: food handle releases its lease when the profile owner is poisoned
2026-10-10T04:58:26.7573452Z 04:26 +675 ~1: D:/a/tandemlog/tandemlog/test/food_store_test.dart: food handle releases its lease when the profile owner is poisoned
2026-10-10T04:58:26.7629253Z 04:26 +676 ~1: D:/a/tandemlog/tandemlog/test/food_store_test.dart: food handle releases its lease when the profile owner is poisoned
2026-10-10T04:58:26.7663779Z 04:26 +677 ~1: D:/a/tandemlog/tandemlog/test/food_store_test.dart: food handle releases its lease when the profile owner is poisoned
2026-10-10T04:58:26.7706741Z 04:26 +678 ~1: D:/a/tandemlog/tandemlog/test/food_store_test.dart: food handle releases its lease when the profile owner is poisoned
2026-10-10T04:58:26.7744902Z 04:26 +679 ~1: D:/a/tandemlog/tandemlog/test/food_store_test.dart: food handle releases its lease when the profile owner is poisoned
2026-10-10T04:58:26.7779614Z 04:26 +680 ~1: D:/a/tandemlog/tandemlog/test/food_store_test.dart: food handle releases its lease when the profile owner is poisoned
2026-10-10T04:58:26.7824247Z 04:26 +681 ~1: D:/a/tandemlog/tandemlog/test/food_store_test.dart: food handle releases its lease when the profile owner is poisoned
2026-10-10T04:58:26.7861586Z 04:26 +682 ~1: D:/a/tandemlog/tandemlog/test/food_store_test.dart: food handle releases its lease when the profile owner is poisoned
2026-10-10T04:58:26.7890328Z 04:26 +683 ~1: D:/a/tandemlog/tandemlog/test/food_store_test.dart: food handle releases its lease when the profile owner is poisoned
2026-10-10T04:58:26.7936636Z 04:26 +684 ~1: D:/a/tandemlog/tandemlog/test/food_store_test.dart: food handle releases its lease when the profile owner is poisoned
2026-10-10T04:58:26.7955948Z 04:26 +685 ~1: D:/a/tandemlog/tandemlog/test/food_store_test.dart: food handle releases its lease when the profile owner is poisoned
2026-10-10T04:58:26.7985683Z 04:26 +686 ~1: D:/a/tandemlog/tandemlog/test/food_store_test.dart: food handle releases its lease when the profile owner is poisoned
2026-10-10T04:58:26.8025411Z 04:26 +687 ~1: D:/a/tandemlog/tandemlog/test/food_store_test.dart: food handle releases its lease when the profile owner is poisoned
2026-10-10T04:58:26.8075266Z 04:26 +688 ~1: D:/a/tandemlog/tandemlog/test/food_store_test.dart: food handle releases its lease when the profile owner is poisoned
2026-10-10T04:58:27.1702056Z 04:27 +689 ~1: D:/a/tandemlog/tandemlog/test/food_store_test.dart: food handle releases its lease when the profile owner is poisoned
2026-10-10T04:58:27.3581990Z 04:27 +690 ~1: D:/a/tandemlog/tandemlog/test/food_store_test.dart: food handle releases its lease when the profile owner is poisoned
2026-10-10T04:58:27.7804657Z 04:27 +691 ~1: D:/a/tandemlog/tandemlog/test/food_store_test.dart: food handle releases its lease when the profile owner is poisoned
2026-10-10T04:58:27.7875447Z 04:27 +692 ~1: D:/a/tandemlog/tandemlog/test/food_store_test.dart: food handle releases its lease when the profile owner is poisoned
2026-10-10T04:58:27.7927150Z 04:27 +693 ~1: D:/a/tandemlog/tandemlog/test/food_store_test.dart: food handle releases its lease when the profile owner is poisoned
2026-10-10T04:58:27.7958462Z 04:27 +694 ~1: D:/a/tandemlog/tandemlog/test/food_store_test.dart: food handle releases its lease when the profile owner is poisoned
2026-10-10T04:58:27.8008120Z 04:27 +695 ~1: D:/a/tandemlog/tandemlog/test/food_store_test.dart: food handle releases its lease when the profile owner is poisoned
2026-10-10T04:58:27.8048148Z 04:27 +696 ~1: D:/a/tandemlog/tandemlog/test/food_store_test.dart: food handle releases its lease when the profile owner is poisoned
2026-10-10T04:58:27.8081415Z 04:27 +697 ~1: D:/a/tandemlog/tandemlog/test/food_store_test.dart: food handle releases its lease when the profile owner is poisoned
2026-10-10T04:58:27.8116016Z 04:27 +698 ~1: D:/a/tandemlog/tandemlog/test/food_store_test.dart: food handle releases its lease when the profile owner is poisoned
2026-10-10T04:58:27.8148906Z 04:27 +699 ~1: D:/a/tandemlog/tandemlog/test/food_store_test.dart: food handle releases its lease when the profile owner is poisoned
2026-10-10T04:58:27.8193436Z 04:27 +700 ~1: D:/a/tandemlog/tandemlog/test/food_store_test.dart: food handle releases its lease when the profile owner is poisoned
2026-10-10T04:58:28.4016005Z 04:28 +701 ~1: D:/a/tandemlog/tandemlog/test/food_store_test.dart: food handle releases its lease when the profile owner is poisoned
2026-10-10T04:58:28.7062796Z 04:28 +702 ~1: D:/a/tandemlog/tandemlog/test/food_store_test.dart: food handle releases its lease when the profile owner is poisoned
2026-10-10T04:58:28.7133736Z 04:28 +703 ~1: D:/a/tandemlog/tandemlog/test/food_store_test.dart: food handle releases its lease when the profile owner is poisoned
2026-10-10T04:58:28.7174276Z 04:28 +704 ~1: D:/a/tandemlog/tandemlog/test/food_store_test.dart: food handle releases its lease when the profile owner is poisoned
2026-10-10T04:58:28.7244562Z 04:28 +705 ~1: D:/a/tandemlog/tandemlog/test/food_store_test.dart: food handle releases its lease when the profile owner is poisoned
2026-10-10T04:58:28.7300037Z 04:28 +706 ~1: D:/a/tandemlog/tandemlog/test/food_store_test.dart: food handle releases its lease when the profile owner is poisoned
2026-10-10T04:58:28.7329920Z 04:28 +707 ~1: D:/a/tandemlog/tandemlog/test/food_store_test.dart: food handle releases its lease when the profile owner is poisoned
2026-10-10T04:58:29.2630427Z 04:29 +708 ~1: D:/a/tandemlog/tandemlog/test/food_store_test.dart: food handle releases its lease when the profile owner is poisoned
2026-10-10T04:58:29.2890575Z 04:29 +709 ~1: D:/a/tandemlog/tandemlog/test/food_store_test.dart: food handle releases its lease when the profile owner is poisoned
2026-10-10T04:58:29.3006832Z 04:29 +710 ~1: D:/a/tandemlog/tandemlog/test/food_store_test.dart: food handle releases its lease when the profile owner is poisoned
2026-10-10T04:58:29.3108396Z 04:29 +711 ~1: D:/a/tandemlog/tandemlog/test/food_store_test.dart: food handle releases its lease when the profile owner is poisoned
2026-10-10T04:58:29.3148194Z 04:29 +712 ~1: D:/a/tandemlog/tandemlog/test/food_store_test.dart: food handle releases its lease when the profile owner is poisoned
2026-10-10T04:58:29.3243156Z 04:29 +713 ~1: D:/a/tandemlog/tandemlog/test/food_store_test.dart: food handle releases its lease when the profile owner is poisoned
2026-10-10T04:58:29.7337628Z 04:29 +714 ~1: D:/a/tandemlog/tandemlog/test/food_store_test.dart: food handle releases its lease when the profile owner is poisoned
2026-10-10T04:58:29.7388747Z 04:29 +715 ~1: D:/a/tandemlog/tandemlog/test/food_store_test.dart: food handle releases its lease when the profile owner is poisoned
2026-10-10T04:58:29.7429245Z 04:29 +716 ~1: D:/a/tandemlog/tandemlog/test/food_store_test.dart: food handle releases its lease when the profile owner is poisoned
2026-10-10T04:58:29.7496059Z 04:29 +717 ~1: D:/a/tandemlog/tandemlog/test/food_store_test.dart: food handle releases its lease when the profile owner is poisoned
2026-10-10T04:58:29.7551330Z 04:29 +718 ~1: D:/a/tandemlog/tandemlog/test/food_store_test.dart: food handle releases its lease when the profile owner is poisoned
2026-10-10T04:58:31.2982085Z 04:31 +719 ~1: D:/a/tandemlog/tandemlog/test/food_store_test.dart: food handle releases its lease when the profile owner is poisoned
2026-10-10T04:58:32.0737937Z 04:32 +720 ~1: D:/a/tandemlog/tandemlog/test/food_store_test.dart: food handle releases its lease when the profile owner is poisoned
2026-10-10T04:58:32.8140985Z 04:32 +721 ~1: D:/a/tandemlog/tandemlog/test/food_store_test.dart: food handle releases its lease when the profile owner is poisoned
2026-10-10T04:58:34.0506149Z 04:34 +722 ~1: D:/a/tandemlog/tandemlog/test/food_store_test.dart: food handle releases its lease when the profile owner is poisoned
2026-10-10T04:58:34.6886072Z 04:34 +723 ~1: D:/a/tandemlog/tandemlog/test/food_store_test.dart: food handle releases its lease when the profile owner is poisoned
2026-10-10T04:58:35.4122722Z 04:35 +724 ~1: D:/a/tandemlog/tandemlog/test/food_store_test.dart: food handle releases its lease when the profile owner is poisoned
2026-10-10T04:58:35.6286214Z 04:35 +725 ~1: D:/a/tandemlog/tandemlog/test/food_store_test.dart: food handle releases its lease when the profile owner is poisoned
2026-10-10T04:58:36.8876208Z 04:36 +726 ~1: D:/a/tandemlog/tandemlog/test/food_store_test.dart: food handle releases its lease when the profile owner is poisoned
2026-10-10T04:58:36.8985440Z 04:36 +727 ~1: D:/a/tandemlog/tandemlog/test/food_store_test.dart: food handle releases its lease when the profile owner is poisoned
2026-10-10T04:58:37.8796824Z 04:37 +728 ~1: D:/a/tandemlog/tandemlog/test/food_store_test.dart: food handle releases its lease when the profile owner is poisoned
2026-10-10T04:58:38.4567754Z 04:38 +729 ~1: D:/a/tandemlog/tandemlog/test/food_store_test.dart: food handle releases its lease when the profile owner is poisoned
2026-10-10T04:58:38.7191259Z 04:38 +730 ~1: D:/a/tandemlog/tandemlog/test/food_store_test.dart: food handle releases its lease when the profile owner is poisoned
2026-10-10T04:58:39.4257687Z 04:39 +731 ~1: D:/a/tandemlog/tandemlog/test/food_store_test.dart: food handle releases its lease when the profile owner is poisoned
2026-10-10T04:58:39.4632022Z 04:39 +732 ~1: D:/a/tandemlog/tandemlog/test/food_store_test.dart: food handle releases its lease when the profile owner is poisoned
2026-10-10T04:58:40.1825715Z 04:40 +733 ~1: D:/a/tandemlog/tandemlog/test/food_store_test.dart: food handle releases its lease when the profile owner is poisoned
2026-10-10T04:58:40.5674027Z 04:40 +734 ~1: D:/a/tandemlog/tandemlog/test/food_store_test.dart: food handle releases its lease when the profile owner is poisoned
2026-10-10T04:58:41.5411572Z 04:41 +735 ~1: D:/a/tandemlog/tandemlog/test/food_store_test.dart: food handle releases its lease when the profile owner is poisoned
2026-10-10T04:58:41.5519458Z 04:41 +736 ~1: D:/a/tandemlog/tandemlog/test/food_store_test.dart: food handle releases its lease when the profile owner is poisoned
2026-10-10T04:58:41.5616262Z 04:41 +737 ~1: D:/a/tandemlog/tandemlog/test/food_store_test.dart: food handle releases its lease when the profile owner is poisoned
2026-10-10T04:58:42.5670022Z 04:42 +738 ~1: D:/a/tandemlog/tandemlog/test/food_store_test.dart: food handle releases its lease when the profile owner is poisoned
2026-10-10T04:58:43.2774599Z 04:43 +739 ~1: D:/a/tandemlog/tandemlog/test/food_store_test.dart: food handle releases its lease when the profile owner is poisoned
2026-10-10T04:58:43.7478287Z 04:43 +740 ~1: D:/a/tandemlog/tandemlog/test/food_store_test.dart: food handle releases its lease when the profile owner is poisoned
2026-10-10T04:58:44.7649111Z 04:44 +741 ~1: D:/a/tandemlog/tandemlog/test/food_store_test.dart: food handle releases its lease when the profile owner is poisoned
2026-10-10T04:58:44.8290433Z 04:44 +742 ~1: D:/a/tandemlog/tandemlog/test/food_store_test.dart: food handle releases its lease when the profile owner is poisoned
2026-10-10T04:58:44.8387460Z 04:44 +743 ~1: D:/a/tandemlog/tandemlog/test/food_store_test.dart: food handle releases its lease when the profile owner is poisoned
2026-10-10T04:58:45.5386358Z 04:45 +744 ~1: D:/a/tandemlog/tandemlog/test/food_store_test.dart: food handle releases its lease when the profile owner is poisoned
2026-10-10T04:58:46.5150606Z 04:46 +745 ~1: D:/a/tandemlog/tandemlog/test/food_store_test.dart: food handle releases its lease when the profile owner is poisoned
2026-10-10T04:58:47.4715196Z 04:47 +746 ~1: D:/a/tandemlog/tandemlog/test/food_store_test.dart: food handle releases its lease when the profile owner is poisoned
2026-10-10T04:58:48.1695760Z 04:48 +747 ~1: D:/a/tandemlog/tandemlog/test/food_store_test.dart: food handle releases its lease when the profile owner is poisoned
2026-10-10T04:58:48.7625904Z 04:48 +748 ~1: D:/a/tandemlog/tandemlog/test/food_store_test.dart: food handle releases its lease when the profile owner is poisoned
2026-10-10T04:58:50.0036037Z 04:50 +749 ~1: D:/a/tandemlog/tandemlog/test/food_store_test.dart: food handle releases its lease when the profile owner is poisoned
2026-10-10T04:58:50.6854257Z 04:50 +750 ~1: D:/a/tandemlog/tandemlog/test/food_store_test.dart: food handle releases its lease when the profile owner is poisoned
2026-10-10T04:58:51.0290389Z 04:51 +751 ~1: D:/a/tandemlog/tandemlog/test/food_store_test.dart: food handle releases its lease when the profile owner is poisoned
2026-10-10T04:58:51.7934463Z 04:51 +752 ~1: D:/a/tandemlog/tandemlog/test/food_store_test.dart: food handle releases its lease when the profile owner is poisoned
2026-10-10T04:58:52.8327814Z 04:52 +753 ~1: D:/a/tandemlog/tandemlog/test/food_store_test.dart: food handle releases its lease when the profile owner is poisoned
2026-10-10T04:58:53.0292653Z 04:53 +754 ~1: D:/a/tandemlog/tandemlog/test/food_store_test.dart: food handle releases its lease when the profile owner is poisoned
2026-10-10T04:58:54.3509287Z 04:54 +755 ~1: D:/a/tandemlog/tandemlog/test/food_store_test.dart: food handle releases its lease when the profile owner is poisoned
2026-10-10T04:58:55.0293135Z 04:55 +756 ~1: D:/a/tandemlog/tandemlog/test/food_store_test.dart: food handle releases its lease when the profile owner is poisoned
2026-10-10T04:58:55.6923495Z 04:55 +757 ~1: D:/a/tandemlog/tandemlog/test/food_store_test.dart: food handle releases its lease when the profile owner is poisoned
2026-10-10T04:58:56.7470955Z 04:56 +758 ~1: D:/a/tandemlog/tandemlog/test/food_store_test.dart: food handle releases its lease when the profile owner is poisoned
2026-10-10T04:58:56.9572670Z 04:57 +759 ~1: D:/a/tandemlog/tandemlog/test/food_store_test.dart: food handle releases its lease when the profile owner is poisoned
2026-10-10T04:58:57.8643204Z 04:57 +760 ~1: D:/a/tandemlog/tandemlog/test/food_store_test.dart: food handle releases its lease when the profile owner is poisoned
2026-10-10T04:58:58.1633653Z 04:58 +761 ~1: D:/a/tandemlog/tandemlog/test/food_store_test.dart: food handle releases its lease when the profile owner is poisoned
2026-10-10T04:58:58.5189560Z 04:58 +762 ~1: D:/a/tandemlog/tandemlog/test/food_store_test.dart: food handle releases its lease when the profile owner is poisoned
2026-10-10T04:58:59.1555010Z 04:59 +763 ~1: D:/a/tandemlog/tandemlog/test/food_store_test.dart: food handle releases its lease when the profile owner is poisoned
2026-10-10T04:58:59.4479467Z 04:59 +764 ~1: D:/a/tandemlog/tandemlog/test/food_store_test.dart: food handle releases its lease when the profile owner is poisoned
2026-10-10T04:58:59.4509211Z 04:59 +765 ~1: D:/a/tandemlog/tandemlog/test/food_store_test.dart: food handle releases its lease when the profile owner is poisoned
2026-10-10T04:58:59.4542972Z 04:59 +766 ~1: D:/a/tandemlog/tandemlog/test/food_store_test.dart: food handle releases its lease when the profile owner is poisoned
2026-10-10T04:58:59.4577916Z 04:59 +767 ~1: D:/a/tandemlog/tandemlog/test/food_store_test.dart: food handle releases its lease when the profile owner is poisoned
2026-10-10T04:58:59.4605375Z 04:59 +768 ~1: D:/a/tandemlog/tandemlog/test/food_store_test.dart: food handle releases its lease when the profile owner is poisoned
2026-10-10T04:58:59.4651874Z 04:59 +769 ~1: D:/a/tandemlog/tandemlog/test/food_store_test.dart: food handle releases its lease when the profile owner is poisoned
2026-10-10T04:58:59.5377861Z 04:59 +770 ~1: D:/a/tandemlog/tandemlog/test/food_store_test.dart: food handle releases its lease when the profile owner is poisoned
2026-10-10T04:58:59.5716222Z 04:59 +771 ~1: D:/a/tandemlog/tandemlog/test/food_store_test.dart: food handle releases its lease when the profile owner is poisoned
2026-10-10T04:58:59.5732270Z 04:59 +772 ~1: D:/a/tandemlog/tandemlog/test/food_store_test.dart: food handle releases its lease when the profile owner is poisoned
2026-10-10T04:59:00.2932899Z 05:00 +773 ~1: D:/a/tandemlog/tandemlog/test/food_store_test.dart: food handle releases its lease when the profile owner is poisoned
2026-10-10T04:59:00.6640038Z 05:00 +774 ~1: D:/a/tandemlog/tandemlog/test/food_store_test.dart: food handle releases its lease when the profile owner is poisoned
2026-10-10T04:59:01.0228659Z 05:01 +775 ~1: D:/a/tandemlog/tandemlog/test/food_store_test.dart: food handle releases its lease when the profile owner is poisoned
2026-10-10T04:59:01.1338388Z 05:01 +776 ~1: D:/a/tandemlog/tandemlog/test/food_store_test.dart: food handle releases its lease when the profile owner is poisoned
2026-10-10T04:59:01.1507988Z 05:01 +777 ~1: D:/a/tandemlog/tandemlog/test/food_store_test.dart: food handle releases its lease when the profile owner is poisoned
2026-10-10T04:59:01.1711370Z 05:01 +778 ~1: D:/a/tandemlog/tandemlog/test/food_store_test.dart: food handle releases its lease when the profile owner is poisoned
2026-10-10T04:59:01.1762607Z 05:01 +779 ~1: D:/a/tandemlog/tandemlog/test/food_store_test.dart: food handle releases its lease when the profile owner is poisoned
2026-10-10T04:59:01.1802240Z 05:01 +780 ~1: D:/a/tandemlog/tandemlog/test/food_store_test.dart: food handle releases its lease when the profile owner is poisoned
2026-10-10T04:59:01.1806550Z 05:01 +780 ~2: D:/a/tandemlog/tandemlog/test/food_store_test.dart: food handle releases its lease when the profile owner is poisoned
2026-10-10T04:59:01.3593997Z 05:01 +781 ~2: D:/a/tandemlog/tandemlog/test/food_store_test.dart: food handle releases its lease when the profile owner is poisoned
2026-10-10T04:59:02.1429918Z 05:02 +782 ~2: D:/a/tandemlog/tandemlog/test/food_store_test.dart: food handle releases its lease when the profile owner is poisoned
2026-10-10T04:59:02.1437319Z 05:02 +783 ~2: D:/a/tandemlog/tandemlog/test/food_store_test.dart: food handle releases its lease when the profile owner is poisoned
2026-10-10T04:59:02.1469356Z 05:02 +784 ~2: D:/a/tandemlog/tandemlog/test/food_store_test.dart: food handle releases its lease when the profile owner is poisoned
2026-10-10T04:59:03.2486412Z 05:03 +785 ~2: D:/a/tandemlog/tandemlog/test/food_store_test.dart: food handle releases its lease when the profile owner is poisoned
2026-10-10T04:59:03.3829795Z 05:03 +786 ~2: D:/a/tandemlog/tandemlog/test/food_store_test.dart: food handle releases its lease when the profile owner is poisoned
2026-10-10T04:59:03.5078306Z 05:03 +787 ~2: D:/a/tandemlog/tandemlog/test/food_store_test.dart: food handle releases its lease when the profile owner is poisoned
2026-10-10T04:59:03.5609657Z 05:03 +788 ~2: D:/a/tandemlog/tandemlog/test/food_store_test.dart: food handle releases its lease when the profile owner is poisoned
2026-10-10T04:59:03.6327867Z 05:03 +789 ~2: D:/a/tandemlog/tandemlog/test/food_store_test.dart: food handle releases its lease when the profile owner is poisoned
2026-10-10T04:59:03.6602504Z 05:03 +790 ~2: D:/a/tandemlog/tandemlog/test/food_store_test.dart: food handle releases its lease when the profile owner is poisoned
2026-10-10T04:59:04.1128097Z 05:04 +791 ~2: D:/a/tandemlog/tandemlog/test/food_store_test.dart: food handle releases its lease when the profile owner is poisoned
2026-10-10T04:59:04.5608647Z 05:04 +792 ~2: D:/a/tandemlog/tandemlog/test/food_store_test.dart: food handle releases its lease when the profile owner is poisoned
2026-10-10T04:59:05.0910574Z 05:05 +793 ~2: D:/a/tandemlog/tandemlog/test/food_store_test.dart: food handle releases its lease when the profile owner is poisoned
2026-10-10T04:59:05.1170573Z 05:05 +794 ~2: D:/a/tandemlog/tandemlog/test/food_store_test.dart: food handle releases its lease when the profile owner is poisoned
2026-10-10T04:59:05.1257780Z 05:05 +795 ~2: D:/a/tandemlog/tandemlog/test/food_store_test.dart: food handle releases its lease when the profile owner is poisoned
2026-10-10T04:59:05.2325096Z 05:05 +796 ~2: D:/a/tandemlog/tandemlog/test/food_store_test.dart: food handle releases its lease when the profile owner is poisoned
2026-10-10T04:59:05.5584011Z 05:05 +797 ~2: D:/a/tandemlog/tandemlog/test/food_store_test.dart: food handle releases its lease when the profile owner is poisoned
2026-10-10T04:59:06.4644692Z 05:06 +798 ~2: D:/a/tandemlog/tandemlog/test/food_store_test.dart: food handle releases its lease when the profile owner is poisoned
2026-10-10T04:59:06.5129998Z 05:06 +799 ~2: D:/a/tandemlog/tandemlog/test/food_store_test.dart: food handle releases its lease when the profile owner is poisoned
2026-10-10T04:59:07.2238685Z 05:07 +800 ~2: D:/a/tandemlog/tandemlog/test/food_store_test.dart: food handle releases its lease when the profile owner is poisoned
2026-10-10T04:59:07.3253433Z 05:07 +801 ~2: D:/a/tandemlog/tandemlog/test/food_store_test.dart: food handle releases its lease when the profile owner is poisoned
2026-10-10T04:59:07.9637122Z 05:08 +802 ~2: D:/a/tandemlog/tandemlog/test/food_store_test.dart: food handle releases its lease when the profile owner is poisoned
2026-10-10T04:59:08.3799406Z 05:08 +803 ~2: D:/a/tandemlog/tandemlog/test/food_store_test.dart: food handle releases its lease when the profile owner is poisoned
2026-10-10T04:59:08.9820328Z 05:09 +804 ~2: D:/a/tandemlog/tandemlog/test/food_store_test.dart: food handle releases its lease when the profile owner is poisoned
2026-10-10T04:59:09.5696157Z 05:09 +805 ~2: D:/a/tandemlog/tandemlog/test/food_store_test.dart: food handle releases its lease when the profile owner is poisoned
2026-10-10T04:59:10.0085885Z 05:10 +806 ~2: D:/a/tandemlog/tandemlog/test/food_store_test.dart: food handle releases its lease when the profile owner is poisoned
2026-10-10T04:59:10.5761071Z 05:10 +807 ~2: D:/a/tandemlog/tandemlog/test/food_store_test.dart: food handle releases its lease when the profile owner is poisoned
2026-10-10T04:59:11.0418638Z 05:11 +808 ~2: D:/a/tandemlog/tandemlog/test/food_store_test.dart: food handle releases its lease when the profile owner is poisoned
2026-10-10T04:59:11.4994468Z 05:11 +809 ~2: D:/a/tandemlog/tandemlog/test/food_store_test.dart: food handle releases its lease when the profile owner is poisoned
2026-10-10T04:59:11.9697495Z 05:12 +810 ~2: D:/a/tandemlog/tandemlog/test/food_store_test.dart: food handle releases its lease when the profile owner is poisoned
2026-10-10T04:59:12.5307959Z 05:12 +811 ~2: D:/a/tandemlog/tandemlog/test/food_store_test.dart: food handle releases its lease when the profile owner is poisoned
2026-10-10T04:59:12.9834596Z 05:13 +812 ~2: D:/a/tandemlog/tandemlog/test/food_store_test.dart: food handle releases its lease when the profile owner is poisoned
2026-10-10T04:59:13.5110824Z 05:13 +813 ~2: D:/a/tandemlog/tandemlog/test/food_store_test.dart: food handle releases its lease when the profile owner is poisoned
2026-10-10T04:59:13.9350936Z 05:13 +814 ~2: D:/a/tandemlog/tandemlog/test/food_store_test.dart: food handle releases its lease when the profile owner is poisoned
2026-10-10T04:59:14.5685856Z 05:14 +815 ~2: D:/a/tandemlog/tandemlog/test/food_store_test.dart: food handle releases its lease when the profile owner is poisoned
2026-10-10T04:59:14.8455750Z 05:14 +816 ~2: D:/a/tandemlog/tandemlog/test/food_store_test.dart: food handle releases its lease when the profile owner is poisoned
2026-10-10T04:59:15.1361441Z 05:15 +817 ~2: D:/a/tandemlog/tandemlog/test/food_store_test.dart: food handle releases its lease when the profile owner is poisoned
2026-10-10T04:59:15.5422027Z 05:15 +818 ~2: D:/a/tandemlog/tandemlog/test/food_store_test.dart: food handle releases its lease when the profile owner is poisoned
2026-10-10T04:59:15.5602302Z 05:15 +818 ~2: D:/a/tandemlog/tandemlog/test/food_store_test.dart: food handle releases its lease when the profile owner is poisoned - did not complete [E]
2026-10-10T04:59:15.5603359Z 05:15 +818 ~2: Some tests failed.
2026-10-10T04:59:15.5610129Z 
2026-10-10T04:59:15.5610326Z Failing tests:
2026-10-10T04:59:15.5612509Z   D:/a/tandemlog/tandemlog/test/food_store_test.dart: food handle releases its lease when the profile owner is poisoned (did not complete)
2026-10-10T04:59:15.7212824Z ##[error]Process completed with exit code 1.
2026-10-10T04:59:15.7393555Z ##[group]Run actions/upload-artifact@043fb46d1a93c77aae656e7c1c64a875d1fc6a0a
2026-10-10T04:59:15.7394019Z with:
2026-10-10T04:59:15.7394201Z   name: windows-unit-tests
2026-10-10T04:59:15.7394455Z   path: windows-unit-tests.json
2026-10-10T04:59:15.7394688Z   retention-days: 5
2026-10-10T04:59:15.7394876Z   if-no-files-found: warn
2026-10-10T04:59:15.7395102Z   compression-level: 6
2026-10-10T04:59:15.7395297Z   overwrite: false
2026-10-10T04:59:15.7395492Z   include-hidden-files: false
2026-10-10T04:59:15.7395700Z   archive: true
2026-10-10T04:59:15.7395862Z env:
2026-10-10T04:59:15.7396079Z   CARGO_HOME: D:\a\_temp\tandemlog-rust-bootstrap\cargo
2026-10-10T04:59:15.7396434Z   RUSTUP_HOME: D:\a\_temp\tandemlog-rust-bootstrap\rustup
2026-10-10T04:59:15.7396840Z   RUSTUP_UPDATE_ROOT: https://static.rust-lang.org/rustup
2026-10-10T04:59:15.7397192Z   RUSTUP_DIST_SERVER: https://static.rust-lang.org
2026-10-10T04:59:15.7397479Z   RUSTUP_AUTO_INSTALL: 0
2026-10-10T04:59:15.7397819Z   TANDEMLOG_TEXT_TARGET_DIR: D:\a\_temp\tandemlog-rust-bootstrap\target
2026-10-10T04:59:15.7398256Z   TANDEMLOG_TEXT_LIBRARY: D:\a\_temp\native-unit\tandemlog_text.dll
2026-10-10T04:59:15.7398761Z ##[endgroup]
2026-10-10T04:59:15.9020950Z With the provided path, there will be 1 file uploaded
2026-10-10T04:59:15.9026114Z Artifact name is valid!
2026-10-10T04:59:15.9027882Z Root directory input is valid!
2026-10-10T04:59:16.1564977Z Uploading artifact: windows-unit-tests.zip
2026-10-10T04:59:16.1614756Z Beginning upload of artifact content to blob storage
2026-10-10T04:59:16.3701865Z Uploaded bytes 47128
2026-10-10T04:59:16.4073206Z Finished uploading artifact content to blob storage!
2026-10-10T04:59:16.4074562Z SHA256 digest of uploaded artifact is df0c28ab3ee00d0a10499fd549334af9f01d4d893ae1c9dcecef77c92c396223
2026-10-10T04:59:16.4075563Z Finalizing artifact upload
2026-10-10T04:59:16.6996954Z Artifact windows-unit-tests successfully finalized. Artifact ID 11660004690
2026-10-10T04:59:16.6998179Z Artifact windows-unit-tests has been successfully uploaded! Final size is 47128 bytes. Artifact ID is 11660004690
2026-10-10T04:59:16.7004246Z Artifact download URL: https://github.com/reddraggone9/tandemlog/actions/runs/38025500431/artifacts/11660004690
2026-10-10T04:59:16.7395034Z Post job cleanup.
2026-10-10T04:59:16.9881921Z [command]"C:\Program Files\Git\bin\git.exe" version
2026-10-10T04:59:17.0177596Z git version 2.56.0.windows.1
2026-10-10T04:59:17.0240671Z Temporarily overriding HOME='D:\a\_temp\3e9686ff-7360-45ad-88b0-73e8802ce685' before making global git config changes
2026-10-10T04:59:17.0242041Z Adding repository directory to the temporary git global config as a safe directory
2026-10-10T04:59:17.0252904Z [command]"C:\Program Files\Git\bin\git.exe" config --global --add safe.directory D:\a\tandemlog\tandemlog
2026-10-10T04:59:17.0555909Z Removing SSH command configuration
2026-10-10T04:59:17.0569781Z [command]"C:\Program Files\Git\bin\git.exe" config --local --name-only --get-regexp core\.sshCommand
2026-10-10T04:59:17.0875467Z [command]"C:\Program Files\Git\bin\git.exe" submodule foreach --recursive "sh -c \"git config --local --name-only --get-regexp 'core\.sshCommand' && git config --local --unset-all 'core.sshCommand' || :\""
2026-10-10T04:59:17.5675348Z Removing HTTP extra header
2026-10-10T04:59:17.5685372Z [command]"C:\Program Files\Git\bin\git.exe" config --local --name-only --get-regexp http\.https\:\/\/github\.com\/\.extraheader
2026-10-10T04:59:17.6025134Z [command]"C:\Program Files\Git\bin\git.exe" submodule foreach --recursive "sh -c \"git config --local --name-only --get-regexp 'http\.https\:\/\/github\.com\/\.extraheader' && git config --local --unset-all 'http.https://github.com/.extraheader' || :\""
2026-10-10T04:59:18.0639279Z Removing includeIf entries pointing to credentials config files
2026-10-10T04:59:18.0655988Z [command]"C:\Program Files\Git\bin\git.exe" config --local --name-only --get-regexp ^includeIf\.gitdir:
2026-10-10T04:59:18.0920798Z includeif.gitdir:D:/a/tandemlog/tandemlog/.git.path
2026-10-10T04:59:18.0921553Z includeif.gitdir:D:/a/tandemlog/tandemlog/.git/worktrees/*.path
2026-10-10T04:59:18.0922242Z includeif.gitdir:/github/workspace/.git.path
2026-10-10T04:59:18.0923021Z includeif.gitdir:/github/workspace/.git/worktrees/*.path
2026-10-10T04:59:18.0953601Z [command]"C:\Program Files\Git\bin\git.exe" config --local --get-all includeif.gitdir:D:/a/tandemlog/tandemlog/.git.path
2026-10-10T04:59:18.1220577Z D:\a\_temp\git-credentials-8afdaf97-88ae-4037-9e13-36e44301fa83.config
2026-10-10T04:59:18.1262327Z [command]"C:\Program Files\Git\bin\git.exe" config --local --unset includeif.gitdir:D:/a/tandemlog/tandemlog/.git.path D\:\\a\\_temp\\git\-credentials\-8afdaf97\-88ae\-4037\-9e13\-36e44301fa83\.config
2026-10-10T04:59:18.1670841Z [command]"C:\Program Files\Git\bin\git.exe" config --local --get-all includeif.gitdir:D:/a/tandemlog/tandemlog/.git/worktrees/*.path
2026-10-10T04:59:18.1968458Z D:\a\_temp\git-credentials-8afdaf97-88ae-4037-9e13-36e44301fa83.config
2026-10-10T04:59:18.2007394Z [command]"C:\Program Files\Git\bin\git.exe" config --local --unset includeif.gitdir:D:/a/tandemlog/tandemlog/.git/worktrees/*.path D\:\\a\\_temp\\git\-credentials\-8afdaf97\-88ae\-4037\-9e13\-36e44301fa83\.config
2026-10-10T04:59:18.2307916Z [command]"C:\Program Files\Git\bin\git.exe" config --local --get-all includeif.gitdir:/github/workspace/.git.path
2026-10-10T04:59:18.2565689Z /github/runner_temp/git-credentials-8afdaf97-88ae-4037-9e13-36e44301fa83.config
2026-10-10T04:59:18.2600351Z [command]"C:\Program Files\Git\bin\git.exe" config --local --unset includeif.gitdir:/github/workspace/.git.path \/github\/runner_temp\/git\-credentials\-8afdaf97\-88ae\-4037\-9e13\-36e44301fa83\.config
2026-10-10T04:59:18.2940922Z [command]"C:\Program Files\Git\bin\git.exe" config --local --get-all includeif.gitdir:/github/workspace/.git/worktrees/*.path
2026-10-10T04:59:18.3269014Z /github/runner_temp/git-credentials-8afdaf97-88ae-4037-9e13-36e44301fa83.config
2026-10-10T04:59:18.3308661Z [command]"C:\Program Files\Git\bin\git.exe" config --local --unset includeif.gitdir:/github/workspace/.git/worktrees/*.path \/github\/runner_temp\/git\-credentials\-8afdaf97\-88ae\-4037\-9e13\-36e44301fa83\.config
2026-10-10T04:59:18.3653827Z [command]"C:\Program Files\Git\bin\git.exe" submodule foreach --recursive "git config --local --show-origin --name-only --get-regexp remote.origin.url"
2026-10-10T04:59:18.8440446Z Removing credentials config 'D:\a\_temp\git-credentials-8afdaf97-88ae-4037-9e13-36e44301fa83.config'
2026-10-10T04:59:18.8650256Z Cleaning up orphan processes
2026-10-10T04:59:18.8923899Z Terminate orphan process: pid (7084) (vctip)
