2026-10-10T04:36:38.7740504Z Current runner version: '2.337.0'
2026-10-10T04:36:38.7761720Z ##[group]Runner Image Provisioner
2026-10-10T04:36:38.7762467Z Hosted Compute Agent
2026-10-10T04:36:38.7762950Z Version: 20261002.596
2026-10-10T04:36:38.7763537Z Commit: c3d12f3313a95f25162a1503be624f3b0617f8c0
2026-10-10T04:36:38.7764146Z Build Date: 2026-10-02T22:28:27Z
2026-10-10T04:36:38.7764777Z Worker ID: {b7584f93-1d65-4a9b-b152-c80a3478c528}
2026-10-10T04:36:38.7765416Z Region: westus3
2026-10-10T04:36:38.7765863Z Cloud: Azure
2026-10-10T04:36:38.7766361Z ##[endgroup]
2026-10-10T04:36:38.7767819Z ##[group]Operating System
2026-10-10T04:36:38.7768396Z Ubuntu
2026-10-10T04:36:38.7768865Z 24.04.5
2026-10-10T04:36:38.7769307Z LTS
2026-10-10T04:36:38.7769792Z ##[endgroup]
2026-10-10T04:36:38.7770433Z ##[group]Runner Image
2026-10-10T04:36:38.7770936Z Image: ubuntu-24.04
2026-10-10T04:36:38.7771515Z Version: 20261004.327.1
2026-10-10T04:36:38.7772562Z Included Software: https://github.com/actions/runner-images/blob/ubuntu24/20261004.327/images/ubuntu/Ubuntu2404-Readme.md
2026-10-10T04:36:38.7773925Z Image Release: https://github.com/actions/runner-images/releases/tag/ubuntu24%2F20261004.327
2026-10-10T04:36:38.7774800Z ##[endgroup]
2026-10-10T04:36:38.7775706Z ##[group]GITHUB_TOKEN Permissions
2026-10-10T04:36:38.7777871Z Contents: read
2026-10-10T04:36:38.7778429Z Metadata: read
2026-10-10T04:36:38.7778902Z ##[endgroup]
2026-10-10T04:36:38.7780963Z Secret source: Actions
2026-10-10T04:36:38.7781763Z Cache mode: write
2026-10-10T04:36:38.7782403Z Prepare workflow directory
2026-10-10T04:36:38.8055007Z Prepare all required actions
2026-10-10T04:36:38.8095033Z Getting action download info
2026-10-10T04:36:39.1043351Z Download action repository 'actions/checkout@3d3c42e5aac5ba805825da76410c181273ba90b1' (SHA:3d3c42e5aac5ba805825da76410c181273ba90b1)
2026-10-10T04:36:39.3076720Z Download action repository 'actions/upload-artifact@043fb46d1a93c77aae656e7c1c64a875d1fc6a0a' (SHA:043fb46d1a93c77aae656e7c1c64a875d1fc6a0a)
2026-10-10T04:36:39.5665631Z Uses: reddraggone9/tandemlog/.github/workflows/validate.yml@refs/heads/main (2ecfbd620bc92ab23d08fb3f7df2b67b355f62da)
2026-10-10T04:36:39.5669521Z Complete job name: checks / linux
2026-10-10T04:36:39.6332032Z ##[group]Run actions/checkout@3d3c42e5aac5ba805825da76410c181273ba90b1
2026-10-10T04:36:39.6332853Z with:
2026-10-10T04:36:39.6333208Z   repository: reddraggone9/tandemlog
2026-10-10T04:36:39.6336353Z   token: ***
2026-10-10T04:36:39.6336701Z   ssh-strict: true
2026-10-10T04:36:39.6337046Z   ssh-user: git
2026-10-10T04:36:39.6337398Z   persist-credentials: true
2026-10-10T04:36:39.6337779Z   clean: true
2026-10-10T04:36:39.6338133Z   sparse-checkout-cone-mode: true
2026-10-10T04:36:39.6338537Z   fetch-depth: 1
2026-10-10T04:36:39.6338872Z   fetch-tags: false
2026-10-10T04:36:39.6339221Z   show-progress: true
2026-10-10T04:36:39.6339579Z   lfs: false
2026-10-10T04:36:39.6340093Z   submodules: false
2026-10-10T04:36:39.6340451Z   set-safe-directory: true
2026-10-10T04:36:39.6340840Z   allow-unsafe-pr-checkout: false
2026-10-10T04:36:39.6341434Z ##[endgroup]
2026-10-10T04:36:39.7162497Z Syncing repository: reddraggone9/tandemlog
2026-10-10T04:36:39.7164203Z ##[group]Getting Git version info
2026-10-10T04:36:39.7164798Z Working directory is '/home/runner/work/tandemlog/tandemlog'
2026-10-10T04:36:39.7165681Z [command]/usr/bin/git version
2026-10-10T04:36:39.7999606Z git version 2.55.0
2026-10-10T04:36:39.8015695Z ##[endgroup]
2026-10-10T04:36:39.8025397Z Temporarily overriding HOME='/home/runner/work/_temp/45087a2e-2851-4e9e-a134-bb125eb8e283' before making global git config changes
2026-10-10T04:36:39.8027106Z Adding repository directory to the temporary git global config as a safe directory
2026-10-10T04:36:39.8030967Z [command]/usr/bin/git config --global --add safe.directory /home/runner/work/tandemlog/tandemlog
2026-10-10T04:36:39.8069077Z Deleting the contents of '/home/runner/work/tandemlog/tandemlog'
2026-10-10T04:36:39.8071823Z ##[group]Determining repository object format
2026-10-10T04:36:39.8073063Z ##[endgroup]
2026-10-10T04:36:39.8073883Z ##[group]Initializing the repository
2026-10-10T04:36:39.8076220Z [command]/usr/bin/git init /home/runner/work/tandemlog/tandemlog
2026-10-10T04:36:39.9011776Z hint: Using 'master' as the name for the initial branch. This default branch name
2026-10-10T04:36:39.9012781Z hint: will change to "main" in Git 3.0. To configure the initial branch name
2026-10-10T04:36:39.9013516Z hint: to use in all of your new repositories, which will suppress this warning,
2026-10-10T04:36:39.9014226Z hint: call:
2026-10-10T04:36:39.9014648Z hint:
2026-10-10T04:36:39.9015101Z hint: 	git config --global init.defaultBranch <name>
2026-10-10T04:36:39.9015599Z hint:
2026-10-10T04:36:39.9016052Z hint: Names commonly chosen instead of 'master' are 'main', 'trunk' and
2026-10-10T04:36:39.9016762Z hint: 'development'. The just-created branch can be renamed via this command:
2026-10-10T04:36:39.9017327Z hint:
2026-10-10T04:36:39.9017655Z hint: 	git branch -m <name>
2026-10-10T04:36:39.9018025Z hint:
2026-10-10T04:36:39.9018613Z hint: Disable this message with "git config set advice.defaultBranchName false"
2026-10-10T04:36:39.9019722Z Initialized empty Git repository in /home/runner/work/tandemlog/tandemlog/.git/
2026-10-10T04:36:39.9021366Z [command]/usr/bin/git remote add origin https://github.com/reddraggone9/tandemlog
2026-10-10T04:36:39.9060336Z ##[endgroup]
2026-10-10T04:36:39.9061280Z ##[group]Disabling automatic garbage collection
2026-10-10T04:36:39.9063539Z [command]/usr/bin/git config --local gc.auto 0
2026-10-10T04:36:39.9090846Z ##[endgroup]
2026-10-10T04:36:39.9091682Z ##[group]Setting up auth
2026-10-10T04:36:39.9092354Z Removing SSH command configuration
2026-10-10T04:36:39.9096303Z [command]/usr/bin/git config --local --name-only --get-regexp core\.sshCommand
2026-10-10T04:36:39.9122397Z [command]/usr/bin/git submodule foreach --recursive sh -c "git config --local --name-only --get-regexp 'core\.sshCommand' && git config --local --unset-all 'core.sshCommand' || :"
2026-10-10T04:36:40.0240323Z Removing HTTP extra header
2026-10-10T04:36:40.0248350Z [command]/usr/bin/git config --local --name-only --get-regexp http\.https\:\/\/github\.com\/\.extraheader
2026-10-10T04:36:40.0294069Z [command]/usr/bin/git submodule foreach --recursive sh -c "git config --local --name-only --get-regexp 'http\.https\:\/\/github\.com\/\.extraheader' && git config --local --unset-all 'http.https://github.com/.extraheader' || :"
2026-10-10T04:36:40.0474065Z Removing includeIf entries pointing to credentials config files
2026-10-10T04:36:40.0478302Z [command]/usr/bin/git config --local --name-only --get-regexp ^includeIf\.gitdir:
2026-10-10T04:36:40.0513446Z [command]/usr/bin/git submodule foreach --recursive git config --local --show-origin --name-only --get-regexp remote.origin.url
2026-10-10T04:36:40.0707960Z [command]/usr/bin/git config --file /home/runner/work/_temp/git-credentials-db5ff833-89d1-44ee-82b4-be96e96413c4.config http.https://github.com/.extraheader AUTHORIZATION: basic ***
2026-10-10T04:36:40.0738877Z [command]/usr/bin/git config --local includeIf.gitdir:/home/runner/work/tandemlog/tandemlog/.git.path /home/runner/work/_temp/git-credentials-db5ff833-89d1-44ee-82b4-be96e96413c4.config
2026-10-10T04:36:40.0767526Z [command]/usr/bin/git config --local includeIf.gitdir:/home/runner/work/tandemlog/tandemlog/.git/worktrees/*.path /home/runner/work/_temp/git-credentials-db5ff833-89d1-44ee-82b4-be96e96413c4.config
2026-10-10T04:36:40.0797056Z [command]/usr/bin/git config --local includeIf.gitdir:/github/workspace/.git.path /github/runner_temp/git-credentials-db5ff833-89d1-44ee-82b4-be96e96413c4.config
2026-10-10T04:36:40.1233011Z [command]/usr/bin/git config --local includeIf.gitdir:/github/workspace/.git/worktrees/*.path /github/runner_temp/git-credentials-db5ff833-89d1-44ee-82b4-be96e96413c4.config
2026-10-10T04:36:40.1261058Z ##[endgroup]
2026-10-10T04:36:40.1261673Z ##[group]Fetching the repository
2026-10-10T04:36:40.1268152Z [command]/usr/bin/git -c protocol.version=2 fetch --no-tags --prune --no-recurse-submodules --depth=1 origin +2ecfbd620bc92ab23d08fb3f7df2b67b355f62da:refs/remotes/origin/main
2026-10-10T04:36:43.1097145Z From https://github.com/reddraggone9/tandemlog
2026-10-10T04:36:43.1098870Z  * [new ref]         2ecfbd620bc92ab23d08fb3f7df2b67b355f62da -> origin/main
2026-10-10T04:36:43.1103718Z [command]/usr/bin/git branch --list --remote origin/main
2026-10-10T04:36:43.1126393Z   origin/main
2026-10-10T04:36:43.1132731Z [command]/usr/bin/git rev-parse refs/remotes/origin/main
2026-10-10T04:36:43.1152843Z 2ecfbd620bc92ab23d08fb3f7df2b67b355f62da
2026-10-10T04:36:43.1156777Z ##[endgroup]
2026-10-10T04:36:43.1157767Z ##[group]Determining the checkout info
2026-10-10T04:36:43.1158847Z ##[endgroup]
2026-10-10T04:36:43.1160353Z [command]/usr/bin/git sparse-checkout disable
2026-10-10T04:36:43.1203799Z [command]/usr/bin/git config --local --unset-all extensions.worktreeConfig
2026-10-10T04:36:43.1233181Z ##[group]Checking out the ref
2026-10-10T04:36:43.1234442Z [command]/usr/bin/git checkout --progress --force -B main refs/remotes/origin/main
2026-10-10T04:36:43.3509269Z Switched to a new branch 'main'
2026-10-10T04:36:43.3511406Z branch 'main' set up to track 'origin/main'.
2026-10-10T04:36:43.3526078Z ##[endgroup]
2026-10-10T04:36:43.3565786Z [command]/usr/bin/git log -1 --format=%H
2026-10-10T04:36:43.3588321Z 2ecfbd620bc92ab23d08fb3f7df2b67b355f62da
2026-10-10T04:36:43.3775822Z ##[group]Run sudo apt-get update && sudo apt-get install -y clang cmake ninja-build pkg-config libgtk-3-dev xvfb dbus-x11 flatpak librsvg2-common
2026-10-10T04:36:43.3776723Z [36;1msudo apt-get update && sudo apt-get install -y clang cmake ninja-build pkg-config libgtk-3-dev xvfb dbus-x11 flatpak librsvg2-common[0m
2026-10-10T04:36:43.3972001Z shell: /usr/bin/bash -e {0}
2026-10-10T04:36:43.3972344Z ##[endgroup]
2026-10-10T04:36:43.4741639Z Get:1 file:/etc/apt/apt-mirrors.txt Mirrorlist [144 B]
2026-10-10T04:36:43.4969071Z Get:6 https://packages.microsoft.com/ubuntu/24.04/prod noble InRelease [3600 B]
2026-10-10T04:36:43.5097201Z Hit:2 http://azure.archive.ubuntu.com/ubuntu noble InRelease
2026-10-10T04:36:43.5110126Z Get:3 http://azure.archive.ubuntu.com/ubuntu noble-updates InRelease [126 kB]
2026-10-10T04:36:43.5161819Z Get:4 http://azure.archive.ubuntu.com/ubuntu noble-backports InRelease [126 kB]
2026-10-10T04:36:43.5902552Z Get:5 http://azure.archive.ubuntu.com/ubuntu noble-security InRelease [126 kB]
2026-10-10T04:36:43.6098428Z Get:7 https://packages.microsoft.com/ubuntu/24.04/prod noble/main armhf Packages [12.3 kB]
2026-10-10T04:36:43.6191873Z Get:8 https://packages.microsoft.com/ubuntu/24.04/prod noble/main arm64 Packages [492 kB]
2026-10-10T04:36:43.6245817Z Get:9 https://packages.microsoft.com/ubuntu/24.04/prod noble/main all Packages [640 B]
2026-10-10T04:36:43.6325547Z Get:10 https://packages.microsoft.com/ubuntu/24.04/prod noble/main amd64 Packages [548 kB]
2026-10-10T04:36:43.7108268Z Get:11 http://azure.archive.ubuntu.com/ubuntu noble-updates/main amd64 Packages [1375 kB]
2026-10-10T04:36:43.7221726Z Get:12 http://azure.archive.ubuntu.com/ubuntu noble-updates/main Translation-en [306 kB]
2026-10-10T04:36:43.7223564Z Get:13 http://azure.archive.ubuntu.com/ubuntu noble-updates/universe amd64 Packages [1702 kB]
2026-10-10T04:36:43.7310374Z Get:14 http://azure.archive.ubuntu.com/ubuntu noble-updates/universe Translation-en [342 kB]
2026-10-10T04:36:43.7341299Z Get:15 http://azure.archive.ubuntu.com/ubuntu noble-updates/restricted amd64 Packages [1761 kB]
2026-10-10T04:36:43.7431612Z Get:16 http://azure.archive.ubuntu.com/ubuntu noble-updates/restricted Translation-en [401 kB]
2026-10-10T04:36:43.7451635Z Get:17 http://azure.archive.ubuntu.com/ubuntu noble-updates/multiverse amd64 Packages [55.0 kB]
2026-10-10T04:36:43.7482520Z Get:18 http://azure.archive.ubuntu.com/ubuntu noble-updates/multiverse Translation-en [14.3 kB]
2026-10-10T04:36:43.8206148Z Get:19 http://azure.archive.ubuntu.com/ubuntu noble-security/main amd64 Packages [1121 kB]
2026-10-10T04:36:43.8257568Z Get:20 http://azure.archive.ubuntu.com/ubuntu noble-security/main Translation-en [228 kB]
2026-10-10T04:36:43.8714627Z Get:21 http://azure.archive.ubuntu.com/ubuntu noble-security/universe amd64 Packages [1220 kB]
2026-10-10T04:36:43.8766010Z Get:22 http://azure.archive.ubuntu.com/ubuntu noble-security/universe Translation-en [245 kB]
2026-10-10T04:36:43.8785130Z Get:23 http://azure.archive.ubuntu.com/ubuntu noble-security/restricted amd64 Packages [1669 kB]
2026-10-10T04:36:43.8898675Z Get:24 http://azure.archive.ubuntu.com/ubuntu noble-security/restricted Translation-en [383 kB]
2026-10-10T04:36:43.8919559Z Get:25 http://azure.archive.ubuntu.com/ubuntu noble-security/multiverse amd64 Packages [49.8 kB]
2026-10-10T04:36:43.8929816Z Get:26 http://azure.archive.ubuntu.com/ubuntu noble-security/multiverse Translation-en [12.4 kB]
2026-10-10T04:36:50.7477433Z Fetched 12.3 MB in 1s (11.1 MB/s)
2026-10-10T04:36:51.4803934Z Reading package lists...
2026-10-10T04:36:51.5066623Z Reading package lists...
2026-10-10T04:36:51.7267104Z Building dependency tree...
2026-10-10T04:36:51.7273923Z Reading state information...
2026-10-10T04:36:51.9132706Z pkg-config is already the newest version (1.8.1-2build1).
2026-10-10T04:36:51.9133269Z xvfb is already the newest version (2:21.1.12-1ubuntu1.8).
2026-10-10T04:36:51.9133884Z The following additional packages will be installed:
2026-10-10T04:36:51.9134933Z   bubblewrap bzip2-doc cmake-data desktop-file-utils gir1.2-atk-1.0
2026-10-10T04:36:51.9135715Z   gir1.2-atspi-2.0 gir1.2-freedesktop gir1.2-freedesktop-dev
2026-10-10T04:36:51.9136616Z   gir1.2-gdkpixbuf-2.0 gir1.2-glib-2.0-dev gir1.2-gtk-3.0 gir1.2-harfbuzz-0.0
2026-10-10T04:36:51.9137549Z   gir1.2-pango-1.0 gsettings-desktop-schemas libatk-bridge2.0-dev
2026-10-10T04:36:51.9138238Z   libatk1.0-dev libatspi2.0-dev libavahi-glib1 libblkid-dev libbrotli-dev
2026-10-10T04:36:51.9138962Z   libbz2-dev libcairo-script-interpreter2 libcairo2-dev libdatrie-dev
2026-10-10T04:36:51.9139503Z   libdbus-1-dev libdeflate-dev libegl-dev libegl-mesa0 libegl1
2026-10-10T04:36:51.9140274Z   libegl1-mesa-dev libepoxy-dev libfontconfig-dev libfreetype-dev libfreetype6
2026-10-10T04:36:51.9140881Z   libfribidi-dev libgdk-pixbuf-2.0-dev libgdk-pixbuf2.0-bin
2026-10-10T04:36:51.9142338Z   libgirepository-2.0-0 libgl-dev libgles-dev libgles1 libgles2 libglib2.0-dev
2026-10-10T04:36:51.9142905Z   libglib2.0-dev-bin libglvnd-core-dev libglvnd-dev libglx-dev
2026-10-10T04:36:51.9143451Z   libgraphite2-dev libharfbuzz-cairo0 libharfbuzz-dev libharfbuzz-gobject0
2026-10-10T04:36:51.9144042Z   libharfbuzz-icu0 libharfbuzz-subset0 libice-dev libjbig-dev libjpeg-dev
2026-10-10T04:36:51.9144629Z   libjpeg-turbo8-dev libjpeg8-dev libjsoncpp25 liblerc-dev liblzma-dev
2026-10-10T04:36:51.9145193Z   libmalcontent-0-0 libmount-dev libopengl-dev libopengl0 libostree-1-1
2026-10-10T04:36:51.9145715Z   libpango1.0-dev libpangoxft-1.0-0 libpipewire-0.3-0t64
2026-10-10T04:36:51.9146235Z   libpipewire-0.3-common libpixman-1-dev libpng-dev libpng-tools
2026-10-10T04:36:51.9146844Z   libpng16-16t64 libpthread-stubs0-dev librhash0 librsvg2-2 libselinux1-dev
2026-10-10T04:36:51.9147498Z   libsepol-dev libsharpyuv-dev libsm-dev libspa-0.2-modules libthai-dev
2026-10-10T04:36:51.9148067Z   libtiff-dev libtiffxx6 libwayland-bin libwayland-dev libwayland-server0
2026-10-10T04:36:51.9148666Z   libwebp-dev libwebpdecoder3 libwebrtc-audio-processing1 libx11-dev
2026-10-10T04:36:51.9149285Z   libxau-dev libxcb-render0-dev libxcb-shm0-dev libxcb1-dev libxcomposite-dev
2026-10-10T04:36:51.9150151Z   libxcursor-dev libxdamage-dev libxdmcp-dev libxext-dev libxfixes-dev
2026-10-10T04:36:51.9150711Z   libxft-dev libxi-dev libxinerama-dev libxkbcommon-dev libxrandr-dev
2026-10-10T04:36:51.9151280Z   libxrender-dev libxtst-dev pango1.0-tools session-migration uuid-dev
2026-10-10T04:36:51.9151781Z   wayland-protocols x11proto-dev xdg-dbus-proxy xdg-desktop-portal
2026-10-10T04:36:51.9152234Z   xdg-desktop-portal-gtk xorg-sgml-doctools xtrans-dev
2026-10-10T04:36:51.9152546Z Suggested packages:
2026-10-10T04:36:51.9152841Z   cmake-doc cmake-format elpa-cmake-mode avahi-daemon malcontent-gui
2026-10-10T04:36:51.9153453Z   libcairo2-doc libdatrie-doc freetype2-doc libglib2.0-doc libxml2-utils
2026-10-10T04:36:51.9153872Z   libgraphite2-utils libgtk-3-doc libice-doc liblzma-doc libpango1.0-doc
2026-10-10T04:36:51.9154366Z   pipewire librsvg2-bin libsm-doc libthai-doc libwayland-doc libx11-doc
2026-10-10T04:36:51.9154720Z   libxcb-doc libxext-doc graphicsmagick accountsservice evince
2026-10-10T04:36:51.9155002Z   xdg-desktop-portal-gnome
2026-10-10T04:36:51.9721854Z The following NEW packages will be installed:
2026-10-10T04:36:51.9722543Z   bubblewrap bzip2-doc clang cmake cmake-data dbus-x11 desktop-file-utils
2026-10-10T04:36:51.9723187Z   flatpak gir1.2-atk-1.0 gir1.2-atspi-2.0 gir1.2-freedesktop
2026-10-10T04:36:51.9723758Z   gir1.2-freedesktop-dev gir1.2-gdkpixbuf-2.0 gir1.2-glib-2.0-dev
2026-10-10T04:36:51.9724299Z   gir1.2-gtk-3.0 gir1.2-harfbuzz-0.0 gir1.2-pango-1.0
2026-10-10T04:36:51.9725036Z   gsettings-desktop-schemas libatk-bridge2.0-dev libatk1.0-dev libatspi2.0-dev
2026-10-10T04:36:51.9725718Z   libavahi-glib1 libblkid-dev libbrotli-dev libbz2-dev
2026-10-10T04:36:51.9726339Z   libcairo-script-interpreter2 libcairo2-dev libdatrie-dev libdbus-1-dev
2026-10-10T04:36:51.9727089Z   libdeflate-dev libegl-dev libegl-mesa0 libegl1 libegl1-mesa-dev libepoxy-dev
2026-10-10T04:36:51.9728370Z   libfontconfig-dev libfreetype-dev libfribidi-dev libgdk-pixbuf-2.0-dev
2026-10-10T04:36:51.9729103Z   libgdk-pixbuf2.0-bin libgirepository-2.0-0 libgl-dev libgles-dev libgles1
2026-10-10T04:36:51.9730012Z   libgles2 libglib2.0-dev libglib2.0-dev-bin libglvnd-core-dev libglvnd-dev
2026-10-10T04:36:51.9730777Z   libglx-dev libgraphite2-dev libgtk-3-dev libharfbuzz-cairo0 libharfbuzz-dev
2026-10-10T04:36:51.9731530Z   libharfbuzz-gobject0 libharfbuzz-icu0 libharfbuzz-subset0 libice-dev
2026-10-10T04:36:51.9732233Z   libjbig-dev libjpeg-dev libjpeg-turbo8-dev libjpeg8-dev libjsoncpp25
2026-10-10T04:36:51.9732908Z   liblerc-dev liblzma-dev libmalcontent-0-0 libmount-dev libopengl-dev
2026-10-10T04:36:51.9733545Z   libopengl0 libostree-1-1 libpango1.0-dev libpangoxft-1.0-0
2026-10-10T04:36:51.9734167Z   libpipewire-0.3-0t64 libpipewire-0.3-common libpixman-1-dev libpng-dev
2026-10-10T04:36:51.9734854Z   libpng-tools libpthread-stubs0-dev librhash0 librsvg2-2 librsvg2-common
2026-10-10T04:36:51.9735418Z   libselinux1-dev libsepol-dev libsharpyuv-dev libsm-dev libspa-0.2-modules
2026-10-10T04:36:51.9735944Z   libthai-dev libtiff-dev libtiffxx6 libwayland-bin libwayland-dev
2026-10-10T04:36:51.9736501Z   libwayland-server0 libwebp-dev libwebpdecoder3 libwebrtc-audio-processing1
2026-10-10T04:36:51.9737082Z   libx11-dev libxau-dev libxcb-render0-dev libxcb-shm0-dev libxcb1-dev
2026-10-10T04:36:51.9737645Z   libxcomposite-dev libxcursor-dev libxdamage-dev libxdmcp-dev libxext-dev
2026-10-10T04:36:51.9738258Z   libxfixes-dev libxft-dev libxi-dev libxinerama-dev libxkbcommon-dev
2026-10-10T04:36:51.9738816Z   libxrandr-dev libxrender-dev libxtst-dev ninja-build pango1.0-tools
2026-10-10T04:36:51.9739377Z   session-migration uuid-dev wayland-protocols x11proto-dev xdg-dbus-proxy
2026-10-10T04:36:51.9740092Z   xdg-desktop-portal xdg-desktop-portal-gtk xorg-sgml-doctools xtrans-dev
2026-10-10T04:36:51.9744081Z The following packages will be upgraded:
2026-10-10T04:36:51.9750908Z   libfreetype6 libpng16-16t64
2026-10-10T04:36:51.9961128Z 2 upgraded, 124 newly installed, 0 to remove and 21 not upgraded.
2026-10-10T04:36:51.9961619Z Need to get 33.5 MB of archives.
2026-10-10T04:36:51.9962020Z After this operation, 151 MB of additional disk space will be used.
2026-10-10T04:36:51.9962510Z Get:1 file:/etc/apt/apt-mirrors.txt Mirrorlist [144 B]
2026-10-10T04:36:52.0752338Z Get:2 http://azure.archive.ubuntu.com/ubuntu noble-updates/main amd64 libpng16-16t64 amd64 1.6.43-5ubuntu0.7 [189 kB]
2026-10-10T04:36:52.1414196Z Get:3 http://azure.archive.ubuntu.com/ubuntu noble-updates/main amd64 bubblewrap amd64 0.9.0-1ubuntu0.3 [50.4 kB]
2026-10-10T04:36:52.2056188Z Get:4 http://azure.archive.ubuntu.com/ubuntu noble-updates/main amd64 bzip2-doc all 1.0.8-5.1ubuntu0.1 [499 kB]
2026-10-10T04:36:52.2783768Z Get:5 http://azure.archive.ubuntu.com/ubuntu noble/universe amd64 clang amd64 1:18.0-59~exp2 [5846 B]
2026-10-10T04:36:52.3417026Z Get:6 http://azure.archive.ubuntu.com/ubuntu noble/main amd64 libjsoncpp25 amd64 1.9.5-6build1 [82.8 kB]
2026-10-10T04:36:52.4057647Z Get:7 http://azure.archive.ubuntu.com/ubuntu noble/main amd64 librhash0 amd64 1.4.3-3build1 [129 kB]
2026-10-10T04:36:52.4735329Z Get:8 http://azure.archive.ubuntu.com/ubuntu noble/main amd64 cmake-data all 3.28.3-1build7 [2155 kB]
2026-10-10T04:36:52.5788785Z Get:9 http://azure.archive.ubuntu.com/ubuntu noble/main amd64 cmake amd64 3.28.3-1build7 [11.2 MB]
2026-10-10T04:36:52.8685451Z Get:10 http://azure.archive.ubuntu.com/ubuntu noble-updates/main amd64 dbus-x11 amd64 1.14.10-4ubuntu4.1 [23.3 kB]
2026-10-10T04:36:52.9318704Z Get:11 http://azure.archive.ubuntu.com/ubuntu noble/main amd64 desktop-file-utils amd64 0.27-2build1 [53.8 kB]
2026-10-10T04:36:52.9955737Z Get:12 http://azure.archive.ubuntu.com/ubuntu noble-updates/main amd64 xdg-dbus-proxy amd64 0.1.5-1ubuntu0.2 [26.4 kB]
2026-10-10T04:36:53.0613823Z Get:13 http://azure.archive.ubuntu.com/ubuntu noble-updates/main amd64 libmalcontent-0-0 amd64 0.11.1-1ubuntu1.3 [22.3 kB]
2026-10-10T04:36:53.1252678Z Get:14 http://azure.archive.ubuntu.com/ubuntu noble-updates/main amd64 libavahi-glib1 amd64 0.8-13ubuntu6.2 [8186 B]
2026-10-10T04:36:53.2066228Z Get:15 http://azure.archive.ubuntu.com/ubuntu noble/universe amd64 libostree-1-1 amd64 2024.5-1build2 [373 kB]
2026-10-10T04:36:53.2729173Z Get:16 http://azure.archive.ubuntu.com/ubuntu noble-updates/universe amd64 flatpak amd64 1.14.6-1ubuntu0.1 [1350 kB]
2026-10-10T04:36:53.3794985Z Get:17 http://azure.archive.ubuntu.com/ubuntu noble/main amd64 gir1.2-atk-1.0 amd64 2.52.0-1build1 [23.1 kB]
2026-10-10T04:36:53.4454944Z Get:18 http://azure.archive.ubuntu.com/ubuntu noble/main amd64 gir1.2-freedesktop amd64 1.80.1-1 [49.7 kB]
2026-10-10T04:36:53.6500852Z Get:19 http://azure.archive.ubuntu.com/ubuntu noble/main amd64 gir1.2-atspi-2.0 amd64 2.52.0-1build1 [19.8 kB]
2026-10-10T04:36:53.7922366Z Get:20 http://azure.archive.ubuntu.com/ubuntu noble-updates/main amd64 gir1.2-glib-2.0-dev amd64 2.80.0-6ubuntu3.9 [848 kB]
2026-10-10T04:36:54.1896289Z Get:21 http://azure.archive.ubuntu.com/ubuntu noble/main amd64 gir1.2-freedesktop-dev amd64 1.80.1-1 [28.8 kB]
2026-10-10T04:36:54.2589755Z Get:22 http://azure.archive.ubuntu.com/ubuntu noble-updates/main amd64 gir1.2-gdkpixbuf-2.0 amd64 2.42.10+dfsg-3ubuntu3.3 [9482 B]
2026-10-10T04:36:54.3249186Z Get:23 http://azure.archive.ubuntu.com/ubuntu noble/main amd64 libharfbuzz-gobject0 amd64 8.3.0-2build2 [34.3 kB]
2026-10-10T04:36:54.4460546Z Get:24 http://azure.archive.ubuntu.com/ubuntu noble/main amd64 gir1.2-harfbuzz-0.0 amd64 8.3.0-2build2 [44.5 kB]
2026-10-10T04:36:54.5644130Z Get:25 http://azure.archive.ubuntu.com/ubuntu noble/main amd64 libpangoxft-1.0-0 amd64 1.52.1+ds-1build1 [20.3 kB]
2026-10-10T04:36:54.6823139Z Get:26 http://azure.archive.ubuntu.com/ubuntu noble/main amd64 gir1.2-pango-1.0 amd64 1.52.1+ds-1build1 [34.8 kB]
2026-10-10T04:36:54.7936479Z Get:27 http://azure.archive.ubuntu.com/ubuntu noble-updates/main amd64 gir1.2-gtk-3.0 amd64 3.24.41-4ubuntu1.3 [245 kB]
2026-10-10T04:36:54.8839301Z Get:28 http://azure.archive.ubuntu.com/ubuntu noble/main amd64 session-migration amd64 0.3.9build1 [9034 B]
2026-10-10T04:36:54.9599311Z Get:29 http://azure.archive.ubuntu.com/ubuntu noble-updates/main amd64 gsettings-desktop-schemas all 46.1-0ubuntu1 [35.6 kB]
2026-10-10T04:36:55.0989709Z Get:30 http://azure.archive.ubuntu.com/ubuntu noble-updates/main amd64 libglib2.0-dev-bin amd64 2.80.0-6ubuntu3.9 [138 kB]
2026-10-10T04:36:55.1842729Z Get:31 http://azure.archive.ubuntu.com/ubuntu noble-updates/main amd64 uuid-dev amd64 2.39.3-9ubuntu6.6 [33.5 kB]
2026-10-10T04:36:55.2498691Z Get:32 http://azure.archive.ubuntu.com/ubuntu noble-updates/main amd64 libblkid-dev amd64 2.39.3-9ubuntu6.6 [205 kB]
2026-10-10T04:36:55.3217997Z Get:33 http://azure.archive.ubuntu.com/ubuntu noble/main amd64 libsepol-dev amd64 3.5-2build1 [384 kB]
2026-10-10T04:36:55.4019036Z Get:34 http://azure.archive.ubuntu.com/ubuntu noble-updates/main amd64 libselinux1-dev amd64 3.5-2ubuntu2.1 [164 kB]
2026-10-10T04:36:55.5165912Z Get:35 http://azure.archive.ubuntu.com/ubuntu noble-updates/main amd64 libmount-dev amd64 2.39.3-9ubuntu6.6 [14.9 kB]
2026-10-10T04:36:55.6333938Z Get:36 http://azure.archive.ubuntu.com/ubuntu noble-updates/main amd64 libgirepository-2.0-0 amd64 2.80.0-6ubuntu3.9 [73.5 kB]
2026-10-10T04:36:55.7505292Z Get:37 http://azure.archive.ubuntu.com/ubuntu noble-updates/main amd64 libglib2.0-dev amd64 2.80.0-6ubuntu3.9 [1860 kB]
2026-10-10T04:36:55.8684941Z Get:38 http://azure.archive.ubuntu.com/ubuntu noble/main amd64 libatk1.0-dev amd64 2.52.0-1build1 [100 kB]
2026-10-10T04:36:55.9928021Z Get:39 http://azure.archive.ubuntu.com/ubuntu noble-updates/main amd64 libdbus-1-dev amd64 1.14.10-4ubuntu4.1 [190 kB]
2026-10-10T04:36:56.1140604Z Get:40 http://azure.archive.ubuntu.com/ubuntu noble/main amd64 xorg-sgml-doctools all 1:1.11-1.1 [10.9 kB]
2026-10-10T04:36:56.2342431Z Get:41 http://azure.archive.ubuntu.com/ubuntu noble/main amd64 x11proto-dev all 2023.2-1 [602 kB]
2026-10-10T04:36:56.3578879Z Get:42 http://azure.archive.ubuntu.com/ubuntu noble/main amd64 libxau-dev amd64 1:1.0.9-1build6 [9570 B]
2026-10-10T04:36:56.4776488Z Get:43 http://azure.archive.ubuntu.com/ubuntu noble/main amd64 libxdmcp-dev amd64 1:1.1.3-0ubuntu6 [26.5 kB]
2026-10-10T04:36:56.5891725Z Get:44 http://azure.archive.ubuntu.com/ubuntu noble/main amd64 xtrans-dev all 1.4.0-1 [68.9 kB]
2026-10-10T04:36:56.7095667Z Get:45 http://azure.archive.ubuntu.com/ubuntu noble/main amd64 libpthread-stubs0-dev amd64 0.4-1build3 [4746 B]
2026-10-10T04:36:56.8314854Z Get:46 http://azure.archive.ubuntu.com/ubuntu noble/main amd64 libxcb1-dev amd64 1.15-1ubuntu2 [85.8 kB]
2026-10-10T04:36:56.8952059Z Get:47 http://azure.archive.ubuntu.com/ubuntu noble/main amd64 libx11-dev amd64 2:1.8.7-1build1 [732 kB]
2026-10-10T04:36:56.9629099Z Get:48 http://azure.archive.ubuntu.com/ubuntu noble/main amd64 libxext-dev amd64 2:1.3.4-1build2 [83.5 kB]
2026-10-10T04:36:57.0267251Z Get:49 http://azure.archive.ubuntu.com/ubuntu noble/main amd64 libxfixes-dev amd64 1:6.0.0-2build1 [12.1 kB]
2026-10-10T04:36:57.0958452Z Get:50 http://azure.archive.ubuntu.com/ubuntu noble/main amd64 libxi-dev amd64 2:1.8.1-1build1 [194 kB]
2026-10-10T04:36:57.1603130Z Get:51 http://azure.archive.ubuntu.com/ubuntu noble/main amd64 libxtst-dev amd64 2:1.2.3-1.1build1 [15.9 kB]
2026-10-10T04:36:57.2276180Z Get:52 http://azure.archive.ubuntu.com/ubuntu noble/main amd64 libatspi2.0-dev amd64 2.52.0-1build1 [76.2 kB]
2026-10-10T04:36:57.2912549Z Get:53 http://azure.archive.ubuntu.com/ubuntu noble/main amd64 libatk-bridge2.0-dev amd64 2.52.0-1build1 [4284 B]
2026-10-10T04:36:57.3546566Z Get:54 http://azure.archive.ubuntu.com/ubuntu noble/main amd64 libbrotli-dev amd64 1.1.0-2build2 [353 kB]
2026-10-10T04:36:57.4197426Z Get:55 http://azure.archive.ubuntu.com/ubuntu noble-updates/main amd64 libbz2-dev amd64 1.0.8-5.1ubuntu0.1 [33.6 kB]
2026-10-10T04:36:57.4835340Z Get:56 http://azure.archive.ubuntu.com/ubuntu noble-updates/main amd64 libfreetype6 amd64 2.13.2+dfsg-1ubuntu0.2 [403 kB]
2026-10-10T04:36:57.5496126Z Get:57 http://azure.archive.ubuntu.com/ubuntu noble/main amd64 libcairo-script-interpreter2 amd64 1.18.0-3build1 [60.3 kB]
2026-10-10T04:36:57.6132365Z Get:58 http://azure.archive.ubuntu.com/ubuntu noble-updates/main amd64 libpng-dev amd64 1.6.43-5ubuntu0.7 [265 kB]
2026-10-10T04:36:57.6778276Z Get:59 http://azure.archive.ubuntu.com/ubuntu noble-updates/main amd64 libfreetype-dev amd64 2.13.2+dfsg-1ubuntu0.2 [574 kB]
2026-10-10T04:36:57.7447383Z Get:60 http://azure.archive.ubuntu.com/ubuntu noble/main amd64 libfontconfig-dev amd64 2.15.0-1.1ubuntu2 [161 kB]
2026-10-10T04:36:57.8084623Z Get:61 http://azure.archive.ubuntu.com/ubuntu noble/main amd64 libpixman-1-dev amd64 0.42.2-1build1 [296 kB]
2026-10-10T04:36:57.8735192Z Get:62 http://azure.archive.ubuntu.com/ubuntu noble/main amd64 libice-dev amd64 2:1.0.10-1build3 [51.0 kB]
2026-10-10T04:36:57.9371667Z Get:63 http://azure.archive.ubuntu.com/ubuntu noble/main amd64 libsm-dev amd64 2:1.2.3-1build3 [17.8 kB]
2026-10-10T04:36:58.0005382Z Get:64 http://azure.archive.ubuntu.com/ubuntu noble/main amd64 libxcb-render0-dev amd64 1.15-1ubuntu2 [19.6 kB]
2026-10-10T04:36:58.0637104Z Get:65 http://azure.archive.ubuntu.com/ubuntu noble/main amd64 libxcb-shm0-dev amd64 1.15-1ubuntu2 [8246 B]
2026-10-10T04:36:58.1270704Z Get:66 http://azure.archive.ubuntu.com/ubuntu noble/main amd64 libxrender-dev amd64 1:0.9.10-1.1build1 [26.3 kB]
2026-10-10T04:36:58.1906350Z Get:67 http://azure.archive.ubuntu.com/ubuntu noble/main amd64 libcairo2-dev amd64 1.18.0-3build1 [41.1 kB]
2026-10-10T04:36:58.2635914Z Get:68 http://azure.archive.ubuntu.com/ubuntu noble/main amd64 libdatrie-dev amd64 0.2.13-3build1 [19.4 kB]
2026-10-10T04:36:58.3269556Z Get:69 http://azure.archive.ubuntu.com/ubuntu noble-updates/main amd64 libdeflate-dev amd64 1.19-1build1.1 [50.9 kB]
2026-10-10T04:36:58.3908131Z Get:70 http://azure.archive.ubuntu.com/ubuntu noble-updates/main amd64 libegl-mesa0 amd64 25.2.8-0ubuntu0.24.04.4 [117 kB]
2026-10-10T04:36:58.4546150Z Get:71 http://azure.archive.ubuntu.com/ubuntu noble/main amd64 libegl1 amd64 1.7.0-1build1 [28.7 kB]
2026-10-10T04:36:58.5180836Z Get:72 http://azure.archive.ubuntu.com/ubuntu noble/main amd64 libglx-dev amd64 1.7.0-1build1 [14.2 kB]
2026-10-10T04:36:58.5813482Z Get:73 http://azure.archive.ubuntu.com/ubuntu noble/main amd64 libgl-dev amd64 1.7.0-1build1 [102 kB]
2026-10-10T04:36:58.6452454Z Get:74 http://azure.archive.ubuntu.com/ubuntu noble/main amd64 libegl-dev amd64 1.7.0-1build1 [18.2 kB]
2026-10-10T04:36:58.7088685Z Get:75 http://azure.archive.ubuntu.com/ubuntu noble/main amd64 libglvnd-core-dev amd64 1.7.0-1build1 [13.6 kB]
2026-10-10T04:36:58.7728925Z Get:76 http://azure.archive.ubuntu.com/ubuntu noble/main amd64 libgles1 amd64 1.7.0-1build1 [11.6 kB]
2026-10-10T04:36:58.8361666Z Get:77 http://azure.archive.ubuntu.com/ubuntu noble/main amd64 libgles2 amd64 1.7.0-1build1 [17.1 kB]
2026-10-10T04:36:58.8994530Z Get:78 http://azure.archive.ubuntu.com/ubuntu noble/main amd64 libgles-dev amd64 1.7.0-1build1 [50.5 kB]
2026-10-10T04:36:58.9629200Z Get:79 http://azure.archive.ubuntu.com/ubuntu noble/main amd64 libopengl0 amd64 1.7.0-1build1 [32.8 kB]
2026-10-10T04:36:59.0264750Z Get:80 http://azure.archive.ubuntu.com/ubuntu noble/main amd64 libopengl-dev amd64 1.7.0-1build1 [3454 B]
2026-10-10T04:36:59.0897615Z Get:81 http://azure.archive.ubuntu.com/ubuntu noble/main amd64 libglvnd-dev amd64 1.7.0-1build1 [3198 B]
2026-10-10T04:36:59.1532330Z Get:82 http://azure.archive.ubuntu.com/ubuntu noble-updates/main amd64 libegl1-mesa-dev amd64 25.2.8-0ubuntu0.24.04.4 [26.8 kB]
2026-10-10T04:36:59.2166405Z Get:83 http://azure.archive.ubuntu.com/ubuntu noble/main amd64 libepoxy-dev amd64 1.5.10-1build1 [132 kB]
2026-10-10T04:36:59.2806863Z Get:84 http://azure.archive.ubuntu.com/ubuntu noble/main amd64 libfribidi-dev amd64 1.0.13-3build1 [64.8 kB]
2026-10-10T04:36:59.3443616Z Get:85 http://azure.archive.ubuntu.com/ubuntu noble-updates/main amd64 libgdk-pixbuf2.0-bin amd64 2.42.10+dfsg-3ubuntu3.3 [13.9 kB]
2026-10-10T04:36:59.4076446Z Get:86 http://azure.archive.ubuntu.com/ubuntu noble/main amd64 libjpeg-turbo8-dev amd64 2.1.5-2ubuntu2 [295 kB]
2026-10-10T04:36:59.4730161Z Get:87 http://azure.archive.ubuntu.com/ubuntu noble/main amd64 libjpeg8-dev amd64 8c-2ubuntu11 [1484 B]
2026-10-10T04:36:59.5362872Z Get:88 http://azure.archive.ubuntu.com/ubuntu noble/main amd64 libjpeg-dev amd64 8c-2ubuntu11 [1482 B]
2026-10-10T04:36:59.5994792Z Get:89 http://azure.archive.ubuntu.com/ubuntu noble/main amd64 libjbig-dev amd64 2.1-6.1ubuntu2 [27.9 kB]
2026-10-10T04:36:59.6629174Z Get:90 http://azure.archive.ubuntu.com/ubuntu noble-updates/main amd64 liblzma-dev amd64 5.6.1+really5.4.5-1ubuntu0.3 [176 kB]
2026-10-10T04:36:59.7271393Z Get:91 http://azure.archive.ubuntu.com/ubuntu noble/main amd64 libwebpdecoder3 amd64 1.3.2-0.4build3 [114 kB]
2026-10-10T04:36:59.7917371Z Get:92 http://azure.archive.ubuntu.com/ubuntu noble/main amd64 libsharpyuv-dev amd64 1.3.2-0.4build3 [16.0 kB]
2026-10-10T04:36:59.8553300Z Get:93 http://azure.archive.ubuntu.com/ubuntu noble/main amd64 libwebp-dev amd64 1.3.2-0.4build3 [367 kB]
2026-10-10T04:36:59.9204889Z Get:94 http://azure.archive.ubuntu.com/ubuntu noble-updates/main amd64 libtiffxx6 amd64 4.5.1+git230720-4ubuntu2.5 [5642 B]
2026-10-10T04:36:59.9844031Z Get:95 http://azure.archive.ubuntu.com/ubuntu noble/main amd64 liblerc-dev amd64 4.0.0+ds-4ubuntu2 [182 kB]
2026-10-10T04:37:00.0485863Z Get:96 http://azure.archive.ubuntu.com/ubuntu noble-updates/main amd64 libtiff-dev amd64 4.5.1+git230720-4ubuntu2.5 [338 kB]
2026-10-10T04:37:00.1136596Z Get:97 http://azure.archive.ubuntu.com/ubuntu noble-updates/main amd64 libgdk-pixbuf-2.0-dev amd64 2.42.10+dfsg-3ubuntu3.3 [47.9 kB]
2026-10-10T04:37:00.1790954Z Get:98 http://azure.archive.ubuntu.com/ubuntu noble-updates/main amd64 libgraphite2-dev amd64 1.3.14-2ubuntu0.24.04.1 [14.7 kB]
2026-10-10T04:37:00.2446773Z Get:99 http://azure.archive.ubuntu.com/ubuntu noble/main amd64 libharfbuzz-icu0 amd64 8.3.0-2build2 [13.3 kB]
2026-10-10T04:37:00.3081214Z Get:100 http://azure.archive.ubuntu.com/ubuntu noble/main amd64 libharfbuzz-subset0 amd64 8.3.0-2build2 [448 kB]
2026-10-10T04:37:00.3746491Z Get:101 http://azure.archive.ubuntu.com/ubuntu noble/main amd64 libharfbuzz-cairo0 amd64 8.3.0-2build2 [26.2 kB]
2026-10-10T04:37:00.4380963Z Get:102 http://azure.archive.ubuntu.com/ubuntu noble/main amd64 libharfbuzz-dev amd64 8.3.0-2build2 [142 kB]
2026-10-10T04:37:00.5078562Z Get:103 http://azure.archive.ubuntu.com/ubuntu noble/main amd64 libthai-dev amd64 0.1.29-2build1 [26.6 kB]
2026-10-10T04:37:00.5721688Z Get:104 http://azure.archive.ubuntu.com/ubuntu noble/main amd64 libxft-dev amd64 2.3.6-1build1 [64.3 kB]
2026-10-10T04:37:00.6363599Z Get:105 http://azure.archive.ubuntu.com/ubuntu noble/main amd64 pango1.0-tools amd64 1.52.1+ds-1build1 [36.7 kB]
2026-10-10T04:37:00.7025692Z Get:106 http://azure.archive.ubuntu.com/ubuntu noble/main amd64 libpango1.0-dev amd64 1.52.1+ds-1build1 [147 kB]
2026-10-10T04:37:00.8104948Z Get:107 http://azure.archive.ubuntu.com/ubuntu noble/main amd64 libwayland-server0 amd64 1.22.0-2.1build1 [33.9 kB]
2026-10-10T04:37:00.9207432Z Get:108 http://azure.archive.ubuntu.com/ubuntu noble/main amd64 libwayland-bin amd64 1.22.0-2.1build1 [20.6 kB]
2026-10-10T04:37:01.0369469Z Get:109 http://azure.archive.ubuntu.com/ubuntu noble/main amd64 libwayland-dev amd64 1.22.0-2.1build1 [71.3 kB]
2026-10-10T04:37:01.1585903Z Get:110 http://azure.archive.ubuntu.com/ubuntu noble/main amd64 libxcomposite-dev amd64 1:0.4.5-1build3 [9374 B]
2026-10-10T04:37:01.2786696Z Get:111 http://azure.archive.ubuntu.com/ubuntu noble/main amd64 libxcursor-dev amd64 1:1.2.1-1build1 [31.8 kB]
2026-10-10T04:37:01.3431216Z Get:112 http://azure.archive.ubuntu.com/ubuntu noble/main amd64 libxdamage-dev amd64 1:1.1.6-1build1 [5270 B]
2026-10-10T04:37:01.4075291Z Get:113 http://azure.archive.ubuntu.com/ubuntu noble/main amd64 libxinerama-dev amd64 2:1.1.4-3build1 [7988 B]
2026-10-10T04:37:01.4719763Z Get:114 http://azure.archive.ubuntu.com/ubuntu noble/main amd64 libxkbcommon-dev amd64 1.6.0-1build1 [56.3 kB]
2026-10-10T04:37:01.5365807Z Get:115 http://azure.archive.ubuntu.com/ubuntu noble/main amd64 libxrandr-dev amd64 2:1.5.2-2build1 [26.4 kB]
2026-10-10T04:37:01.6011012Z Get:116 http://azure.archive.ubuntu.com/ubuntu noble-updates/main amd64 wayland-protocols all 1.45-1~ubuntu0.24.04.2 [114 kB]
2026-10-10T04:37:01.6665469Z Get:117 http://azure.archive.ubuntu.com/ubuntu noble-updates/main amd64 libgtk-3-dev amd64 3.24.41-4ubuntu1.3 [1096 kB]
2026-10-10T04:37:01.7516507Z Get:118 http://azure.archive.ubuntu.com/ubuntu noble/main amd64 libwebrtc-audio-processing1 amd64 0.3.1-0ubuntu6 [290 kB]
2026-10-10T04:37:01.8207311Z Get:119 http://azure.archive.ubuntu.com/ubuntu noble-updates/main amd64 libspa-0.2-modules amd64 1.0.5-1ubuntu3.3 [628 kB]
2026-10-10T04:37:01.8994227Z Get:120 http://azure.archive.ubuntu.com/ubuntu noble-updates/main amd64 libpipewire-0.3-0t64 amd64 1.0.5-1ubuntu3.3 [252 kB]
2026-10-10T04:37:01.9675092Z Get:121 http://azure.archive.ubuntu.com/ubuntu noble-updates/main amd64 libpipewire-0.3-common all 1.0.5-1ubuntu3.3 [19.5 kB]
2026-10-10T04:37:02.0320389Z Get:122 http://azure.archive.ubuntu.com/ubuntu noble-updates/main amd64 libpng-tools amd64 1.6.43-5ubuntu0.7 [28.5 kB]
2026-10-10T04:37:02.0966438Z Get:123 http://azure.archive.ubuntu.com/ubuntu noble-updates/main amd64 librsvg2-2 amd64 2.58.0+dfsg-1ubuntu0.1 [2141 kB]
2026-10-10T04:37:02.2035277Z Get:124 http://azure.archive.ubuntu.com/ubuntu noble-updates/main amd64 librsvg2-common amd64 2.58.0+dfsg-1ubuntu0.1 [11.8 kB]
2026-10-10T04:37:02.3194295Z Get:125 http://azure.archive.ubuntu.com/ubuntu noble/universe amd64 ninja-build amd64 1.11.1-2 [129 kB]
2026-10-10T04:37:02.4312304Z Get:126 http://azure.archive.ubuntu.com/ubuntu noble-updates/main amd64 xdg-desktop-portal amd64 1.18.4-1ubuntu2.24.04.3 [307 kB]
2026-10-10T04:37:02.5487522Z Get:127 http://azure.archive.ubuntu.com/ubuntu noble/main amd64 xdg-desktop-portal-gtk amd64 1.15.1-1build2 [80.3 kB]
2026-10-10T04:37:02.9198211Z Fetched 33.5 MB in 11s (3158 kB/s)
2026-10-10T04:37:02.9796387Z (Reading database ... 
2026-10-10T04:37:02.9796737Z (Reading database ... 5%
2026-10-10T04:37:02.9796996Z (Reading database ... 10%
2026-10-10T04:37:02.9797439Z (Reading database ... 15%
2026-10-10T04:37:02.9797624Z (Reading database ... 20%
2026-10-10T04:37:02.9797801Z (Reading database ... 25%
2026-10-10T04:37:02.9798684Z (Reading database ... 30%
2026-10-10T04:37:02.9798955Z (Reading database ... 35%
2026-10-10T04:37:02.9799213Z (Reading database ... 40%
2026-10-10T04:37:02.9799480Z (Reading database ... 45%
2026-10-10T04:37:02.9799658Z (Reading database ... 50%
2026-10-10T04:37:02.9832495Z (Reading database ... 55%
2026-10-10T04:37:03.0713869Z (Reading database ... 60%
2026-10-10T04:37:03.2439197Z (Reading database ... 65%
2026-10-10T04:37:03.5894196Z (Reading database ... 70%
2026-10-10T04:37:03.7955028Z (Reading database ... 75%
2026-10-10T04:37:03.9523504Z (Reading database ... 80%
2026-10-10T04:37:04.1426003Z (Reading database ... 85%
2026-10-10T04:37:04.3507634Z (Reading database ... 90%
2026-10-10T04:37:04.5030912Z (Reading database ... 95%
2026-10-10T04:37:04.5031301Z (Reading database ... 100%
2026-10-10T04:37:04.5031734Z (Reading database ... 203191 files and directories currently installed.)
2026-10-10T04:37:04.5075376Z Preparing to unpack .../000-libpng16-16t64_1.6.43-5ubuntu0.7_amd64.deb ...
2026-10-10T04:37:04.5197662Z Unpacking libpng16-16t64:amd64 (1.6.43-5ubuntu0.7) over (1.6.43-5ubuntu0.6) ...
2026-10-10T04:37:04.5656943Z Selecting previously unselected package bubblewrap.
2026-10-10T04:37:04.5773605Z Preparing to unpack .../001-bubblewrap_0.9.0-1ubuntu0.3_amd64.deb ...
2026-10-10T04:37:04.5781130Z Unpacking bubblewrap (0.9.0-1ubuntu0.3) ...
2026-10-10T04:37:04.6035190Z Selecting previously unselected package bzip2-doc.
2026-10-10T04:37:04.6147084Z Preparing to unpack .../002-bzip2-doc_1.0.8-5.1ubuntu0.1_all.deb ...
2026-10-10T04:37:04.6155079Z Unpacking bzip2-doc (1.0.8-5.1ubuntu0.1) ...
2026-10-10T04:37:04.6367792Z Selecting previously unselected package clang.
2026-10-10T04:37:04.6479075Z Preparing to unpack .../003-clang_1%3a18.0-59~exp2_amd64.deb ...
2026-10-10T04:37:04.6486825Z Unpacking clang (1:18.0-59~exp2) ...
2026-10-10T04:37:04.6666576Z Selecting previously unselected package libjsoncpp25:amd64.
2026-10-10T04:37:04.6777828Z Preparing to unpack .../004-libjsoncpp25_1.9.5-6build1_amd64.deb ...
2026-10-10T04:37:04.6865836Z Unpacking libjsoncpp25:amd64 (1.9.5-6build1) ...
2026-10-10T04:37:04.7063770Z Selecting previously unselected package librhash0:amd64.
2026-10-10T04:37:04.7176517Z Preparing to unpack .../005-librhash0_1.4.3-3build1_amd64.deb ...
2026-10-10T04:37:04.7183294Z Unpacking librhash0:amd64 (1.4.3-3build1) ...
2026-10-10T04:37:04.7386622Z Selecting previously unselected package cmake-data.
2026-10-10T04:37:04.7500785Z Preparing to unpack .../006-cmake-data_3.28.3-1build7_all.deb ...
2026-10-10T04:37:04.7562921Z Unpacking cmake-data (3.28.3-1build7) ...
2026-10-10T04:37:05.1897361Z Selecting previously unselected package cmake.
2026-10-10T04:37:05.2025184Z Preparing to unpack .../007-cmake_3.28.3-1build7_amd64.deb ...
2026-10-10T04:37:05.2032444Z Unpacking cmake (3.28.3-1build7) ...
2026-10-10T04:37:05.4201494Z Selecting previously unselected package dbus-x11.
2026-10-10T04:37:05.4316066Z Preparing to unpack .../008-dbus-x11_1.14.10-4ubuntu4.1_amd64.deb ...
2026-10-10T04:37:05.4405693Z Unpacking dbus-x11 (1.14.10-4ubuntu4.1) ...
2026-10-10T04:37:05.4725182Z Selecting previously unselected package desktop-file-utils.
2026-10-10T04:37:05.4841112Z Preparing to unpack .../009-desktop-file-utils_0.27-2build1_amd64.deb ...
2026-10-10T04:37:05.4849092Z Unpacking desktop-file-utils (0.27-2build1) ...
2026-10-10T04:37:05.5102612Z Selecting previously unselected package xdg-dbus-proxy.
2026-10-10T04:37:05.5215433Z Preparing to unpack .../010-xdg-dbus-proxy_0.1.5-1ubuntu0.2_amd64.deb ...
2026-10-10T04:37:05.5224588Z Unpacking xdg-dbus-proxy (0.1.5-1ubuntu0.2) ...
2026-10-10T04:37:05.5401594Z Selecting previously unselected package libmalcontent-0-0:amd64.
2026-10-10T04:37:05.5516311Z Preparing to unpack .../011-libmalcontent-0-0_0.11.1-1ubuntu1.3_amd64.deb ...
2026-10-10T04:37:05.5524423Z Unpacking libmalcontent-0-0:amd64 (0.11.1-1ubuntu1.3) ...
2026-10-10T04:37:05.5704959Z Selecting previously unselected package libavahi-glib1:amd64.
2026-10-10T04:37:05.5841326Z Preparing to unpack .../012-libavahi-glib1_0.8-13ubuntu6.2_amd64.deb ...
2026-10-10T04:37:05.5848654Z Unpacking libavahi-glib1:amd64 (0.8-13ubuntu6.2) ...
2026-10-10T04:37:05.6025602Z Selecting previously unselected package libostree-1-1:amd64.
2026-10-10T04:37:05.6140628Z Preparing to unpack .../013-libostree-1-1_2024.5-1build2_amd64.deb ...
2026-10-10T04:37:05.6147232Z Unpacking libostree-1-1:amd64 (2024.5-1build2) ...
2026-10-10T04:37:05.6492163Z Selecting previously unselected package flatpak.
2026-10-10T04:37:05.6608267Z Preparing to unpack .../014-flatpak_1.14.6-1ubuntu0.1_amd64.deb ...
2026-10-10T04:37:05.6667716Z Unpacking flatpak (1.14.6-1ubuntu0.1) ...
2026-10-10T04:37:05.7739722Z Selecting previously unselected package gir1.2-atk-1.0:amd64.
2026-10-10T04:37:05.7853680Z Preparing to unpack .../015-gir1.2-atk-1.0_2.52.0-1build1_amd64.deb ...
2026-10-10T04:37:05.7868877Z Unpacking gir1.2-atk-1.0:amd64 (2.52.0-1build1) ...
2026-10-10T04:37:05.8242397Z Selecting previously unselected package gir1.2-freedesktop:amd64.
2026-10-10T04:37:05.8358807Z Preparing to unpack .../016-gir1.2-freedesktop_1.80.1-1_amd64.deb ...
2026-10-10T04:37:05.8365114Z Unpacking gir1.2-freedesktop:amd64 (1.80.1-1) ...
2026-10-10T04:37:05.8546153Z Selecting previously unselected package gir1.2-atspi-2.0:amd64.
2026-10-10T04:37:05.8666148Z Preparing to unpack .../017-gir1.2-atspi-2.0_2.52.0-1build1_amd64.deb ...
2026-10-10T04:37:05.8672033Z Unpacking gir1.2-atspi-2.0:amd64 (2.52.0-1build1) ...
2026-10-10T04:37:05.8839431Z Selecting previously unselected package gir1.2-glib-2.0-dev:amd64.
2026-10-10T04:37:05.8954589Z Preparing to unpack .../018-gir1.2-glib-2.0-dev_2.80.0-6ubuntu3.9_amd64.deb ...
2026-10-10T04:37:05.8961626Z Unpacking gir1.2-glib-2.0-dev:amd64 (2.80.0-6ubuntu3.9) ...
2026-10-10T04:37:05.9962631Z Selecting previously unselected package gir1.2-freedesktop-dev:amd64.
2026-10-10T04:37:06.0076362Z Preparing to unpack .../019-gir1.2-freedesktop-dev_1.80.1-1_amd64.deb ...
2026-10-10T04:37:06.0081572Z Unpacking gir1.2-freedesktop-dev:amd64 (1.80.1-1) ...
2026-10-10T04:37:06.0341340Z Selecting previously unselected package gir1.2-gdkpixbuf-2.0:amd64.
2026-10-10T04:37:06.0456341Z Preparing to unpack .../020-gir1.2-gdkpixbuf-2.0_2.42.10+dfsg-3ubuntu3.3_amd64.deb ...
2026-10-10T04:37:06.0462867Z Unpacking gir1.2-gdkpixbuf-2.0:amd64 (2.42.10+dfsg-3ubuntu3.3) ...
2026-10-10T04:37:06.0639077Z Selecting previously unselected package libharfbuzz-gobject0:amd64.
2026-10-10T04:37:06.0757226Z Preparing to unpack .../021-libharfbuzz-gobject0_8.3.0-2build2_amd64.deb ...
2026-10-10T04:37:06.0994459Z Unpacking libharfbuzz-gobject0:amd64 (8.3.0-2build2) ...
2026-10-10T04:37:06.1168068Z Selecting previously unselected package gir1.2-harfbuzz-0.0:amd64.
2026-10-10T04:37:06.1283762Z Preparing to unpack .../022-gir1.2-harfbuzz-0.0_8.3.0-2build2_amd64.deb ...
2026-10-10T04:37:06.1289460Z Unpacking gir1.2-harfbuzz-0.0:amd64 (8.3.0-2build2) ...
2026-10-10T04:37:06.1471203Z Selecting previously unselected package libpangoxft-1.0-0:amd64.
2026-10-10T04:37:06.1587169Z Preparing to unpack .../023-libpangoxft-1.0-0_1.52.1+ds-1build1_amd64.deb ...
2026-10-10T04:37:06.1752221Z Unpacking libpangoxft-1.0-0:amd64 (1.52.1+ds-1build1) ...
2026-10-10T04:37:06.1918116Z Selecting previously unselected package gir1.2-pango-1.0:amd64.
2026-10-10T04:37:06.2033621Z Preparing to unpack .../024-gir1.2-pango-1.0_1.52.1+ds-1build1_amd64.deb ...
2026-10-10T04:37:06.2040105Z Unpacking gir1.2-pango-1.0:amd64 (1.52.1+ds-1build1) ...
2026-10-10T04:37:06.2375378Z Selecting previously unselected package gir1.2-gtk-3.0:amd64.
2026-10-10T04:37:06.2491397Z Preparing to unpack .../025-gir1.2-gtk-3.0_3.24.41-4ubuntu1.3_amd64.deb ...
2026-10-10T04:37:06.2497559Z Unpacking gir1.2-gtk-3.0:amd64 (3.24.41-4ubuntu1.3) ...
2026-10-10T04:37:06.2729976Z Selecting previously unselected package session-migration.
2026-10-10T04:37:06.2845215Z Preparing to unpack .../026-session-migration_0.3.9build1_amd64.deb ...
2026-10-10T04:37:06.2851019Z Unpacking session-migration (0.3.9build1) ...
2026-10-10T04:37:06.3026089Z Selecting previously unselected package gsettings-desktop-schemas.
2026-10-10T04:37:06.3142363Z Preparing to unpack .../027-gsettings-desktop-schemas_46.1-0ubuntu1_all.deb ...
2026-10-10T04:37:06.3147662Z Unpacking gsettings-desktop-schemas (46.1-0ubuntu1) ...
2026-10-10T04:37:06.3472045Z Selecting previously unselected package libglib2.0-dev-bin.
2026-10-10T04:37:06.3587839Z Preparing to unpack .../028-libglib2.0-dev-bin_2.80.0-6ubuntu3.9_amd64.deb ...
2026-10-10T04:37:06.3594944Z Unpacking libglib2.0-dev-bin (2.80.0-6ubuntu3.9) ...
2026-10-10T04:37:06.3913772Z Selecting previously unselected package uuid-dev:amd64.
2026-10-10T04:37:06.4028504Z Preparing to unpack .../029-uuid-dev_2.39.3-9ubuntu6.6_amd64.deb ...
2026-10-10T04:37:06.4041260Z Unpacking uuid-dev:amd64 (2.39.3-9ubuntu6.6) ...
2026-10-10T04:37:06.4252417Z Selecting previously unselected package libblkid-dev:amd64.
2026-10-10T04:37:06.4367836Z Preparing to unpack .../030-libblkid-dev_2.39.3-9ubuntu6.6_amd64.deb ...
2026-10-10T04:37:06.4374333Z Unpacking libblkid-dev:amd64 (2.39.3-9ubuntu6.6) ...
2026-10-10T04:37:06.4602833Z Selecting previously unselected package libsepol-dev:amd64.
2026-10-10T04:37:06.4717560Z Preparing to unpack .../031-libsepol-dev_3.5-2build1_amd64.deb ...
2026-10-10T04:37:06.4731869Z Unpacking libsepol-dev:amd64 (3.5-2build1) ...
2026-10-10T04:37:06.5032946Z Selecting previously unselected package libselinux1-dev:amd64.
2026-10-10T04:37:06.5148526Z Preparing to unpack .../032-libselinux1-dev_3.5-2ubuntu2.1_amd64.deb ...
2026-10-10T04:37:06.5154491Z Unpacking libselinux1-dev:amd64 (3.5-2ubuntu2.1) ...
2026-10-10T04:37:06.5668148Z Selecting previously unselected package libmount-dev:amd64.
2026-10-10T04:37:06.5785995Z Preparing to unpack .../033-libmount-dev_2.39.3-9ubuntu6.6_amd64.deb ...
2026-10-10T04:37:06.5792038Z Unpacking libmount-dev:amd64 (2.39.3-9ubuntu6.6) ...
2026-10-10T04:37:06.6037206Z Selecting previously unselected package libgirepository-2.0-0:amd64.
2026-10-10T04:37:06.6153037Z Preparing to unpack .../034-libgirepository-2.0-0_2.80.0-6ubuntu3.9_amd64.deb ...
2026-10-10T04:37:06.6159208Z Unpacking libgirepository-2.0-0:amd64 (2.80.0-6ubuntu3.9) ...
2026-10-10T04:37:06.6341642Z Selecting previously unselected package libglib2.0-dev:amd64.
2026-10-10T04:37:06.6458465Z Preparing to unpack .../035-libglib2.0-dev_2.80.0-6ubuntu3.9_amd64.deb ...
2026-10-10T04:37:06.6496782Z Unpacking libglib2.0-dev:amd64 (2.80.0-6ubuntu3.9) ...
2026-10-10T04:37:06.7554897Z Selecting previously unselected package libatk1.0-dev:amd64.
2026-10-10T04:37:06.7670800Z Preparing to unpack .../036-libatk1.0-dev_2.52.0-1build1_amd64.deb ...
2026-10-10T04:37:06.7676378Z Unpacking libatk1.0-dev:amd64 (2.52.0-1build1) ...
2026-10-10T04:37:06.7950456Z Selecting previously unselected package libdbus-1-dev:amd64.
2026-10-10T04:37:06.8064380Z Preparing to unpack .../037-libdbus-1-dev_1.14.10-4ubuntu4.1_amd64.deb ...
2026-10-10T04:37:06.8071508Z Unpacking libdbus-1-dev:amd64 (1.14.10-4ubuntu4.1) ...
2026-10-10T04:37:06.9251551Z Selecting previously unselected package xorg-sgml-doctools.
2026-10-10T04:37:06.9369518Z Preparing to unpack .../038-xorg-sgml-doctools_1%3a1.11-1.1_all.deb ...
2026-10-10T04:37:06.9375422Z Unpacking xorg-sgml-doctools (1:1.11-1.1) ...
2026-10-10T04:37:06.9610502Z Selecting previously unselected package x11proto-dev.
2026-10-10T04:37:06.9726146Z Preparing to unpack .../039-x11proto-dev_2023.2-1_all.deb ...
2026-10-10T04:37:06.9733315Z Unpacking x11proto-dev (2023.2-1) ...
2026-10-10T04:37:07.0619261Z Selecting previously unselected package libxau-dev:amd64.
2026-10-10T04:37:07.0738704Z Preparing to unpack .../040-libxau-dev_1%3a1.0.9-1build6_amd64.deb ...
2026-10-10T04:37:07.0746658Z Unpacking libxau-dev:amd64 (1:1.0.9-1build6) ...
2026-10-10T04:37:07.0932422Z Selecting previously unselected package libxdmcp-dev:amd64.
2026-10-10T04:37:07.1047944Z Preparing to unpack .../041-libxdmcp-dev_1%3a1.1.3-0ubuntu6_amd64.deb ...
2026-10-10T04:37:07.1054595Z Unpacking libxdmcp-dev:amd64 (1:1.1.3-0ubuntu6) ...
2026-10-10T04:37:07.1227711Z Selecting previously unselected package xtrans-dev.
2026-10-10T04:37:07.1345533Z Preparing to unpack .../042-xtrans-dev_1.4.0-1_all.deb ...
2026-10-10T04:37:07.1351629Z Unpacking xtrans-dev (1.4.0-1) ...
2026-10-10T04:37:07.1562143Z Selecting previously unselected package libpthread-stubs0-dev:amd64.
2026-10-10T04:37:07.1680343Z Preparing to unpack .../043-libpthread-stubs0-dev_0.4-1build3_amd64.deb ...
2026-10-10T04:37:07.1686267Z Unpacking libpthread-stubs0-dev:amd64 (0.4-1build3) ...
2026-10-10T04:37:07.2559289Z Selecting previously unselected package libxcb1-dev:amd64.
2026-10-10T04:37:07.2676439Z Preparing to unpack .../044-libxcb1-dev_1.15-1ubuntu2_amd64.deb ...
2026-10-10T04:37:07.2683027Z Unpacking libxcb1-dev:amd64 (1.15-1ubuntu2) ...
2026-10-10T04:37:07.3732043Z Selecting previously unselected package libx11-dev:amd64.
2026-10-10T04:37:07.3849220Z Preparing to unpack .../045-libx11-dev_2%3a1.8.7-1build1_amd64.deb ...
2026-10-10T04:37:07.4362407Z Unpacking libx11-dev:amd64 (2:1.8.7-1build1) ...
2026-10-10T04:37:07.5106043Z Selecting previously unselected package libxext-dev:amd64.
2026-10-10T04:37:07.5224060Z Preparing to unpack .../046-libxext-dev_2%3a1.3.4-1build2_amd64.deb ...
2026-10-10T04:37:07.5229818Z Unpacking libxext-dev:amd64 (2:1.3.4-1build2) ...
2026-10-10T04:37:07.5474467Z Selecting previously unselected package libxfixes-dev:amd64.
2026-10-10T04:37:07.5590732Z Preparing to unpack .../047-libxfixes-dev_1%3a6.0.0-2build1_amd64.deb ...
2026-10-10T04:37:07.5596778Z Unpacking libxfixes-dev:amd64 (1:6.0.0-2build1) ...
2026-10-10T04:37:07.5771194Z Selecting previously unselected package libxi-dev:amd64.
2026-10-10T04:37:07.5888045Z Preparing to unpack .../048-libxi-dev_2%3a1.8.1-1build1_amd64.deb ...
2026-10-10T04:37:07.5894695Z Unpacking libxi-dev:amd64 (2:1.8.1-1build1) ...
2026-10-10T04:37:07.6650321Z Selecting previously unselected package libxtst-dev:amd64.
2026-10-10T04:37:07.6768588Z Preparing to unpack .../049-libxtst-dev_2%3a1.2.3-1.1build1_amd64.deb ...
2026-10-10T04:37:07.7373543Z Unpacking libxtst-dev:amd64 (2:1.2.3-1.1build1) ...
2026-10-10T04:37:07.7561525Z Selecting previously unselected package libatspi2.0-dev:amd64.
2026-10-10T04:37:07.7680432Z Preparing to unpack .../050-libatspi2.0-dev_2.52.0-1build1_amd64.deb ...
2026-10-10T04:37:07.7686398Z Unpacking libatspi2.0-dev:amd64 (2.52.0-1build1) ...
2026-10-10T04:37:07.8529668Z Selecting previously unselected package libatk-bridge2.0-dev:amd64.
2026-10-10T04:37:07.8651036Z Preparing to unpack .../051-libatk-bridge2.0-dev_2.52.0-1build1_amd64.deb ...
2026-10-10T04:37:07.8657244Z Unpacking libatk-bridge2.0-dev:amd64 (2.52.0-1build1) ...
2026-10-10T04:37:07.9757160Z Selecting previously unselected package libbrotli-dev:amd64.
2026-10-10T04:37:07.9873686Z Preparing to unpack .../052-libbrotli-dev_1.1.0-2build2_amd64.deb ...
2026-10-10T04:37:08.0585267Z Unpacking libbrotli-dev:amd64 (1.1.0-2build2) ...
2026-10-10T04:37:08.1067026Z Selecting previously unselected package libbz2-dev:amd64.
2026-10-10T04:37:08.1184754Z Preparing to unpack .../053-libbz2-dev_1.0.8-5.1ubuntu0.1_amd64.deb ...
2026-10-10T04:37:08.1726644Z Unpacking libbz2-dev:amd64 (1.0.8-5.1ubuntu0.1) ...
2026-10-10T04:37:08.2031357Z Preparing to unpack .../054-libfreetype6_2.13.2+dfsg-1ubuntu0.2_amd64.deb ...
2026-10-10T04:37:08.2423606Z Unpacking libfreetype6:amd64 (2.13.2+dfsg-1ubuntu0.2) over (2.13.2+dfsg-1ubuntu0.1) ...
2026-10-10T04:37:08.3260852Z Selecting previously unselected package libcairo-script-interpreter2:amd64.
2026-10-10T04:37:08.3379500Z Preparing to unpack .../055-libcairo-script-interpreter2_1.18.0-3build1_amd64.deb ...
2026-10-10T04:37:08.3386436Z Unpacking libcairo-script-interpreter2:amd64 (1.18.0-3build1) ...
2026-10-10T04:37:08.4462965Z Selecting previously unselected package libpng-dev:amd64.
2026-10-10T04:37:08.4580924Z Preparing to unpack .../056-libpng-dev_1.6.43-5ubuntu0.7_amd64.deb ...
2026-10-10T04:37:08.4708470Z Unpacking libpng-dev:amd64 (1.6.43-5ubuntu0.7) ...
2026-10-10T04:37:08.5614997Z Selecting previously unselected package libfreetype-dev:amd64.
2026-10-10T04:37:08.5736074Z Preparing to unpack .../057-libfreetype-dev_2.13.2+dfsg-1ubuntu0.2_amd64.deb ...
2026-10-10T04:37:08.5742180Z Unpacking libfreetype-dev:amd64 (2.13.2+dfsg-1ubuntu0.2) ...
2026-10-10T04:37:08.6787152Z Selecting previously unselected package libfontconfig-dev:amd64.
2026-10-10T04:37:08.6908712Z Preparing to unpack .../058-libfontconfig-dev_2.15.0-1.1ubuntu2_amd64.deb ...
2026-10-10T04:37:08.6916616Z Unpacking libfontconfig-dev:amd64 (2.15.0-1.1ubuntu2) ...
2026-10-10T04:37:08.9167815Z Selecting previously unselected package libpixman-1-dev:amd64.
2026-10-10T04:37:08.9285668Z Preparing to unpack .../059-libpixman-1-dev_0.42.2-1build1_amd64.deb ...
2026-10-10T04:37:08.9292099Z Unpacking libpixman-1-dev:amd64 (0.42.2-1build1) ...
2026-10-10T04:37:08.9786472Z Selecting previously unselected package libice-dev:amd64.
2026-10-10T04:37:08.9902842Z Preparing to unpack .../060-libice-dev_2%3a1.0.10-1build3_amd64.deb ...
2026-10-10T04:37:08.9909087Z Unpacking libice-dev:amd64 (2:1.0.10-1build3) ...
2026-10-10T04:37:09.0192955Z Selecting previously unselected package libsm-dev:amd64.
2026-10-10T04:37:09.0313235Z Preparing to unpack .../061-libsm-dev_2%3a1.2.3-1build3_amd64.deb ...
2026-10-10T04:37:09.0321001Z Unpacking libsm-dev:amd64 (2:1.2.3-1build3) ...
2026-10-10T04:37:09.1406413Z Selecting previously unselected package libxcb-render0-dev:amd64.
2026-10-10T04:37:09.1524249Z Preparing to unpack .../062-libxcb-render0-dev_1.15-1ubuntu2_amd64.deb ...
2026-10-10T04:37:09.1530128Z Unpacking libxcb-render0-dev:amd64 (1.15-1ubuntu2) ...
2026-10-10T04:37:09.2227284Z Selecting previously unselected package libxcb-shm0-dev:amd64.
2026-10-10T04:37:09.2346527Z Preparing to unpack .../063-libxcb-shm0-dev_1.15-1ubuntu2_amd64.deb ...
2026-10-10T04:37:09.2608594Z Unpacking libxcb-shm0-dev:amd64 (1.15-1ubuntu2) ...
2026-10-10T04:37:09.3973588Z Selecting previously unselected package libxrender-dev:amd64.
2026-10-10T04:37:09.4123569Z Preparing to unpack .../064-libxrender-dev_1%3a0.9.10-1.1build1_amd64.deb ...
2026-10-10T04:37:09.4130168Z Unpacking libxrender-dev:amd64 (1:0.9.10-1.1build1) ...
2026-10-10T04:37:09.4894585Z Selecting previously unselected package libcairo2-dev:amd64.
2026-10-10T04:37:09.5016618Z Preparing to unpack .../065-libcairo2-dev_1.18.0-3build1_amd64.deb ...
2026-10-10T04:37:09.5022878Z Unpacking libcairo2-dev:amd64 (1.18.0-3build1) ...
2026-10-10T04:37:09.5224364Z Selecting previously unselected package libdatrie-dev:amd64.
2026-10-10T04:37:09.5345237Z Preparing to unpack .../066-libdatrie-dev_0.2.13-3build1_amd64.deb ...
2026-10-10T04:37:09.5963646Z Unpacking libdatrie-dev:amd64 (0.2.13-3build1) ...
2026-10-10T04:37:09.6141270Z Selecting previously unselected package libdeflate-dev:amd64.
2026-10-10T04:37:09.6264804Z Preparing to unpack .../067-libdeflate-dev_1.19-1build1.1_amd64.deb ...
2026-10-10T04:37:09.6271215Z Unpacking libdeflate-dev:amd64 (1.19-1build1.1) ...
2026-10-10T04:37:09.8485631Z Selecting previously unselected package libegl-mesa0:amd64.
2026-10-10T04:37:09.8602878Z Preparing to unpack .../068-libegl-mesa0_25.2.8-0ubuntu0.24.04.4_amd64.deb ...
2026-10-10T04:37:09.8610119Z Unpacking libegl-mesa0:amd64 (25.2.8-0ubuntu0.24.04.4) ...
2026-10-10T04:37:09.9741815Z Selecting previously unselected package libegl1:amd64.
2026-10-10T04:37:09.9859801Z Preparing to unpack .../069-libegl1_1.7.0-1build1_amd64.deb ...
2026-10-10T04:37:09.9865905Z Unpacking libegl1:amd64 (1.7.0-1build1) ...
2026-10-10T04:37:10.0170135Z Selecting previously unselected package libglx-dev:amd64.
2026-10-10T04:37:10.0288443Z Preparing to unpack .../070-libglx-dev_1.7.0-1build1_amd64.deb ...
2026-10-10T04:37:10.0294660Z Unpacking libglx-dev:amd64 (1.7.0-1build1) ...
2026-10-10T04:37:10.0469777Z Selecting previously unselected package libgl-dev:amd64.
2026-10-10T04:37:10.0588508Z Preparing to unpack .../071-libgl-dev_1.7.0-1build1_amd64.deb ...
2026-10-10T04:37:10.0595851Z Unpacking libgl-dev:amd64 (1.7.0-1build1) ...
2026-10-10T04:37:10.0834978Z Selecting previously unselected package libegl-dev:amd64.
2026-10-10T04:37:10.0952780Z Preparing to unpack .../072-libegl-dev_1.7.0-1build1_amd64.deb ...
2026-10-10T04:37:10.0959790Z Unpacking libegl-dev:amd64 (1.7.0-1build1) ...
2026-10-10T04:37:10.1157957Z Selecting previously unselected package libglvnd-core-dev:amd64.
2026-10-10T04:37:10.1274804Z Preparing to unpack .../073-libglvnd-core-dev_1.7.0-1build1_amd64.deb ...
2026-10-10T04:37:10.1281350Z Unpacking libglvnd-core-dev:amd64 (1.7.0-1build1) ...
2026-10-10T04:37:10.1462963Z Selecting previously unselected package libgles1:amd64.
2026-10-10T04:37:10.1580181Z Preparing to unpack .../074-libgles1_1.7.0-1build1_amd64.deb ...
2026-10-10T04:37:10.1587611Z Unpacking libgles1:amd64 (1.7.0-1build1) ...
2026-10-10T04:37:10.1783796Z Selecting previously unselected package libgles2:amd64.
2026-10-10T04:37:10.1901555Z Preparing to unpack .../075-libgles2_1.7.0-1build1_amd64.deb ...
2026-10-10T04:37:10.1908404Z Unpacking libgles2:amd64 (1.7.0-1build1) ...
2026-10-10T04:37:10.2086354Z Selecting previously unselected package libgles-dev:amd64.
2026-10-10T04:37:10.2204490Z Preparing to unpack .../076-libgles-dev_1.7.0-1build1_amd64.deb ...
2026-10-10T04:37:10.2211624Z Unpacking libgles-dev:amd64 (1.7.0-1build1) ...
2026-10-10T04:37:10.2446634Z Selecting previously unselected package libopengl0:amd64.
2026-10-10T04:37:10.2565025Z Preparing to unpack .../077-libopengl0_1.7.0-1build1_amd64.deb ...
2026-10-10T04:37:10.2573185Z Unpacking libopengl0:amd64 (1.7.0-1build1) ...
2026-10-10T04:37:10.3302298Z Selecting previously unselected package libopengl-dev:amd64.
2026-10-10T04:37:10.3420732Z Preparing to unpack .../078-libopengl-dev_1.7.0-1build1_amd64.deb ...
2026-10-10T04:37:10.3426567Z Unpacking libopengl-dev:amd64 (1.7.0-1build1) ...
2026-10-10T04:37:10.3608786Z Selecting previously unselected package libglvnd-dev:amd64.
2026-10-10T04:37:10.3726770Z Preparing to unpack .../079-libglvnd-dev_1.7.0-1build1_amd64.deb ...
2026-10-10T04:37:10.3808605Z Unpacking libglvnd-dev:amd64 (1.7.0-1build1) ...
2026-10-10T04:37:10.3978854Z Selecting previously unselected package libegl1-mesa-dev:amd64.
2026-10-10T04:37:10.4095632Z Preparing to unpack .../080-libegl1-mesa-dev_25.2.8-0ubuntu0.24.04.4_amd64.deb ...
2026-10-10T04:37:10.4101457Z Unpacking libegl1-mesa-dev:amd64 (25.2.8-0ubuntu0.24.04.4) ...
2026-10-10T04:37:10.4370842Z Selecting previously unselected package libepoxy-dev:amd64.
2026-10-10T04:37:10.4489637Z Preparing to unpack .../081-libepoxy-dev_1.5.10-1build1_amd64.deb ...
2026-10-10T04:37:10.4495241Z Unpacking libepoxy-dev:amd64 (1.5.10-1build1) ...
2026-10-10T04:37:10.4780460Z Selecting previously unselected package libfribidi-dev:amd64.
2026-10-10T04:37:10.4903085Z Preparing to unpack .../082-libfribidi-dev_1.0.13-3build1_amd64.deb ...
2026-10-10T04:37:10.4909382Z Unpacking libfribidi-dev:amd64 (1.0.13-3build1) ...
2026-10-10T04:37:10.5153240Z Selecting previously unselected package libgdk-pixbuf2.0-bin.
2026-10-10T04:37:10.5269803Z Preparing to unpack .../083-libgdk-pixbuf2.0-bin_2.42.10+dfsg-3ubuntu3.3_amd64.deb ...
2026-10-10T04:37:10.5277285Z Unpacking libgdk-pixbuf2.0-bin (2.42.10+dfsg-3ubuntu3.3) ...
2026-10-10T04:37:10.5457628Z Selecting previously unselected package libjpeg-turbo8-dev:amd64.
2026-10-10T04:37:10.5575083Z Preparing to unpack .../084-libjpeg-turbo8-dev_2.1.5-2ubuntu2_amd64.deb ...
2026-10-10T04:37:10.5581992Z Unpacking libjpeg-turbo8-dev:amd64 (2.1.5-2ubuntu2) ...
2026-10-10T04:37:10.6821534Z Selecting previously unselected package libjpeg8-dev:amd64.
2026-10-10T04:37:10.6950300Z Preparing to unpack .../085-libjpeg8-dev_8c-2ubuntu11_amd64.deb ...
2026-10-10T04:37:10.6956216Z Unpacking libjpeg8-dev:amd64 (8c-2ubuntu11) ...
2026-10-10T04:37:10.7135726Z Selecting previously unselected package libjpeg-dev:amd64.
2026-10-10T04:37:10.7256946Z Preparing to unpack .../086-libjpeg-dev_8c-2ubuntu11_amd64.deb ...
2026-10-10T04:37:10.7265486Z Unpacking libjpeg-dev:amd64 (8c-2ubuntu11) ...
2026-10-10T04:37:10.7610634Z Selecting previously unselected package libjbig-dev:amd64.
2026-10-10T04:37:10.7727010Z Preparing to unpack .../087-libjbig-dev_2.1-6.1ubuntu2_amd64.deb ...
2026-10-10T04:37:10.7733731Z Unpacking libjbig-dev:amd64 (2.1-6.1ubuntu2) ...
2026-10-10T04:37:10.7912265Z Selecting previously unselected package liblzma-dev:amd64.
2026-10-10T04:37:10.8028538Z Preparing to unpack .../088-liblzma-dev_5.6.1+really5.4.5-1ubuntu0.3_amd64.deb ...
2026-10-10T04:37:10.8035469Z Unpacking liblzma-dev:amd64 (5.6.1+really5.4.5-1ubuntu0.3) ...
2026-10-10T04:37:10.8268082Z Selecting previously unselected package libwebpdecoder3:amd64.
2026-10-10T04:37:10.8384421Z Preparing to unpack .../089-libwebpdecoder3_1.3.2-0.4build3_amd64.deb ...
2026-10-10T04:37:10.8391596Z Unpacking libwebpdecoder3:amd64 (1.3.2-0.4build3) ...
2026-10-10T04:37:10.9153244Z Selecting previously unselected package libsharpyuv-dev:amd64.
2026-10-10T04:37:10.9270251Z Preparing to unpack .../090-libsharpyuv-dev_1.3.2-0.4build3_amd64.deb ...
2026-10-10T04:37:10.9276129Z Unpacking libsharpyuv-dev:amd64 (1.3.2-0.4build3) ...
2026-10-10T04:37:10.9528985Z Selecting previously unselected package libwebp-dev:amd64.
2026-10-10T04:37:10.9643943Z Preparing to unpack .../091-libwebp-dev_1.3.2-0.4build3_amd64.deb ...
2026-10-10T04:37:10.9650184Z Unpacking libwebp-dev:amd64 (1.3.2-0.4build3) ...
2026-10-10T04:37:10.9961689Z Selecting previously unselected package libtiffxx6:amd64.
2026-10-10T04:37:11.0077567Z Preparing to unpack .../092-libtiffxx6_4.5.1+git230720-4ubuntu2.5_amd64.deb ...
2026-10-10T04:37:11.0086918Z Unpacking libtiffxx6:amd64 (4.5.1+git230720-4ubuntu2.5) ...
2026-10-10T04:37:11.0252925Z Selecting previously unselected package liblerc-dev:amd64.
2026-10-10T04:37:11.0369036Z Preparing to unpack .../093-liblerc-dev_4.0.0+ds-4ubuntu2_amd64.deb ...
2026-10-10T04:37:11.0443632Z Unpacking liblerc-dev:amd64 (4.0.0+ds-4ubuntu2) ...
2026-10-10T04:37:11.0672598Z Selecting previously unselected package libtiff-dev:amd64.
2026-10-10T04:37:11.0787834Z Preparing to unpack .../094-libtiff-dev_4.5.1+git230720-4ubuntu2.5_amd64.deb ...
2026-10-10T04:37:11.0793697Z Unpacking libtiff-dev:amd64 (4.5.1+git230720-4ubuntu2.5) ...
2026-10-10T04:37:11.1320834Z Selecting previously unselected package libgdk-pixbuf-2.0-dev:amd64.
2026-10-10T04:37:11.1436687Z Preparing to unpack .../095-libgdk-pixbuf-2.0-dev_2.42.10+dfsg-3ubuntu3.3_amd64.deb ...
2026-10-10T04:37:11.1526113Z Unpacking libgdk-pixbuf-2.0-dev:amd64 (2.42.10+dfsg-3ubuntu3.3) ...
2026-10-10T04:37:11.2304083Z Selecting previously unselected package libgraphite2-dev:amd64.
2026-10-10T04:37:11.2418435Z Preparing to unpack .../096-libgraphite2-dev_1.3.14-2ubuntu0.24.04.1_amd64.deb ...
2026-10-10T04:37:11.2424990Z Unpacking libgraphite2-dev:amd64 (1.3.14-2ubuntu0.24.04.1) ...
2026-10-10T04:37:11.2599783Z Selecting previously unselected package libharfbuzz-icu0:amd64.
2026-10-10T04:37:11.2715184Z Preparing to unpack .../097-libharfbuzz-icu0_8.3.0-2build2_amd64.deb ...
2026-10-10T04:37:11.2721729Z Unpacking libharfbuzz-icu0:amd64 (8.3.0-2build2) ...
2026-10-10T04:37:11.2897706Z Selecting previously unselected package libharfbuzz-subset0:amd64.
2026-10-10T04:37:11.3013001Z Preparing to unpack .../098-libharfbuzz-subset0_8.3.0-2build2_amd64.deb ...
2026-10-10T04:37:11.3028684Z Unpacking libharfbuzz-subset0:amd64 (8.3.0-2build2) ...
2026-10-10T04:37:11.3273529Z Selecting previously unselected package libharfbuzz-cairo0:amd64.
2026-10-10T04:37:11.3389239Z Preparing to unpack .../099-libharfbuzz-cairo0_8.3.0-2build2_amd64.deb ...
2026-10-10T04:37:11.3395894Z Unpacking libharfbuzz-cairo0:amd64 (8.3.0-2build2) ...
2026-10-10T04:37:11.3571438Z Selecting previously unselected package libharfbuzz-dev:amd64.
2026-10-10T04:37:11.3688724Z Preparing to unpack .../100-libharfbuzz-dev_8.3.0-2build2_amd64.deb ...
2026-10-10T04:37:11.3700022Z Unpacking libharfbuzz-dev:amd64 (8.3.0-2build2) ...
2026-10-10T04:37:11.4168280Z Selecting previously unselected package libthai-dev:amd64.
2026-10-10T04:37:11.4285844Z Preparing to unpack .../101-libthai-dev_0.1.29-2build1_amd64.deb ...
2026-10-10T04:37:11.4292190Z Unpacking libthai-dev:amd64 (0.1.29-2build1) ...
2026-10-10T04:37:11.4476773Z Selecting previously unselected package libxft-dev:amd64.
2026-10-10T04:37:11.4593678Z Preparing to unpack .../102-libxft-dev_2.3.6-1build1_amd64.deb ...
2026-10-10T04:37:11.4600286Z Unpacking libxft-dev:amd64 (2.3.6-1build1) ...
2026-10-10T04:37:11.5161332Z Selecting previously unselected package pango1.0-tools.
2026-10-10T04:37:11.5279508Z Preparing to unpack .../103-pango1.0-tools_1.52.1+ds-1build1_amd64.deb ...
2026-10-10T04:37:11.5288840Z Unpacking pango1.0-tools (1.52.1+ds-1build1) ...
2026-10-10T04:37:11.5465920Z Selecting previously unselected package libpango1.0-dev:amd64.
2026-10-10T04:37:11.5583373Z Preparing to unpack .../104-libpango1.0-dev_1.52.1+ds-1build1_amd64.deb ...
2026-10-10T04:37:11.5591258Z Unpacking libpango1.0-dev:amd64 (1.52.1+ds-1build1) ...
2026-10-10T04:37:11.5868384Z Selecting previously unselected package libwayland-server0:amd64.
2026-10-10T04:37:11.5983761Z Preparing to unpack .../105-libwayland-server0_1.22.0-2.1build1_amd64.deb ...
2026-10-10T04:37:11.5990355Z Unpacking libwayland-server0:amd64 (1.22.0-2.1build1) ...
2026-10-10T04:37:11.6168468Z Selecting previously unselected package libwayland-bin.
2026-10-10T04:37:11.6287392Z Preparing to unpack .../106-libwayland-bin_1.22.0-2.1build1_amd64.deb ...
2026-10-10T04:37:11.6293678Z Unpacking libwayland-bin (1.22.0-2.1build1) ...
2026-10-10T04:37:11.6475701Z Selecting previously unselected package libwayland-dev:amd64.
2026-10-10T04:37:11.6592995Z Preparing to unpack .../107-libwayland-dev_1.22.0-2.1build1_amd64.deb ...
2026-10-10T04:37:11.6675031Z Unpacking libwayland-dev:amd64 (1.22.0-2.1build1) ...
2026-10-10T04:37:11.6935448Z Selecting previously unselected package libxcomposite-dev:amd64.
2026-10-10T04:37:11.7052328Z Preparing to unpack .../108-libxcomposite-dev_1%3a0.4.5-1build3_amd64.deb ...
2026-10-10T04:37:11.7065143Z Unpacking libxcomposite-dev:amd64 (1:0.4.5-1build3) ...
2026-10-10T04:37:11.7253283Z Selecting previously unselected package libxcursor-dev:amd64.
2026-10-10T04:37:11.7372092Z Preparing to unpack .../109-libxcursor-dev_1%3a1.2.1-1build1_amd64.deb ...
2026-10-10T04:37:11.7378292Z Unpacking libxcursor-dev:amd64 (1:1.2.1-1build1) ...
2026-10-10T04:37:11.7600471Z Selecting previously unselected package libxdamage-dev:amd64.
2026-10-10T04:37:11.7718690Z Preparing to unpack .../110-libxdamage-dev_1%3a1.1.6-1build1_amd64.deb ...
2026-10-10T04:37:11.7725408Z Unpacking libxdamage-dev:amd64 (1:1.1.6-1build1) ...
2026-10-10T04:37:11.7931294Z Selecting previously unselected package libxinerama-dev:amd64.
2026-10-10T04:37:11.8050375Z Preparing to unpack .../111-libxinerama-dev_2%3a1.1.4-3build1_amd64.deb ...
2026-10-10T04:37:11.8056983Z Unpacking libxinerama-dev:amd64 (2:1.1.4-3build1) ...
2026-10-10T04:37:11.8248086Z Selecting previously unselected package libxkbcommon-dev:amd64.
2026-10-10T04:37:11.8365992Z Preparing to unpack .../112-libxkbcommon-dev_1.6.0-1build1_amd64.deb ...
2026-10-10T04:37:11.8372715Z Unpacking libxkbcommon-dev:amd64 (1.6.0-1build1) ...
2026-10-10T04:37:11.8754597Z Selecting previously unselected package libxrandr-dev:amd64.
2026-10-10T04:37:11.8871745Z Preparing to unpack .../113-libxrandr-dev_2%3a1.5.2-2build1_amd64.deb ...
2026-10-10T04:37:11.8878539Z Unpacking libxrandr-dev:amd64 (2:1.5.2-2build1) ...
2026-10-10T04:37:11.9070525Z Selecting previously unselected package wayland-protocols.
2026-10-10T04:37:11.9186800Z Preparing to unpack .../114-wayland-protocols_1.45-1~ubuntu0.24.04.2_all.deb ...
2026-10-10T04:37:11.9192629Z Unpacking wayland-protocols (1.45-1~ubuntu0.24.04.2) ...
2026-10-10T04:37:11.9498355Z Selecting previously unselected package libgtk-3-dev:amd64.
2026-10-10T04:37:11.9615407Z Preparing to unpack .../115-libgtk-3-dev_3.24.41-4ubuntu1.3_amd64.deb ...
2026-10-10T04:37:11.9641112Z Unpacking libgtk-3-dev:amd64 (3.24.41-4ubuntu1.3) ...
2026-10-10T04:37:12.1194586Z Selecting previously unselected package libwebrtc-audio-processing1:amd64.
2026-10-10T04:37:12.1313595Z Preparing to unpack .../116-libwebrtc-audio-processing1_0.3.1-0ubuntu6_amd64.deb ...
2026-10-10T04:37:12.1320528Z Unpacking libwebrtc-audio-processing1:amd64 (0.3.1-0ubuntu6) ...
2026-10-10T04:37:12.1517061Z Selecting previously unselected package libspa-0.2-modules:amd64.
2026-10-10T04:37:12.1632906Z Preparing to unpack .../117-libspa-0.2-modules_1.0.5-1ubuntu3.3_amd64.deb ...
2026-10-10T04:37:12.1640122Z Unpacking libspa-0.2-modules:amd64 (1.0.5-1ubuntu3.3) ...
2026-10-10T04:37:12.1971435Z Selecting previously unselected package libpipewire-0.3-0t64:amd64.
2026-10-10T04:37:12.2088437Z Preparing to unpack .../118-libpipewire-0.3-0t64_1.0.5-1ubuntu3.3_amd64.deb ...
2026-10-10T04:37:12.2094074Z Unpacking libpipewire-0.3-0t64:amd64 (1.0.5-1ubuntu3.3) ...
2026-10-10T04:37:12.2495790Z Selecting previously unselected package libpipewire-0.3-common.
2026-10-10T04:37:12.2612606Z Preparing to unpack .../119-libpipewire-0.3-common_1.0.5-1ubuntu3.3_all.deb ...
2026-10-10T04:37:12.2621846Z Unpacking libpipewire-0.3-common (1.0.5-1ubuntu3.3) ...
2026-10-10T04:37:12.2812404Z Selecting previously unselected package libpng-tools.
2026-10-10T04:37:12.2929265Z Preparing to unpack .../120-libpng-tools_1.6.43-5ubuntu0.7_amd64.deb ...
2026-10-10T04:37:12.2934447Z Unpacking libpng-tools (1.6.43-5ubuntu0.7) ...
2026-10-10T04:37:12.3337553Z Selecting previously unselected package librsvg2-2:amd64.
2026-10-10T04:37:12.3453792Z Preparing to unpack .../121-librsvg2-2_2.58.0+dfsg-1ubuntu0.1_amd64.deb ...
2026-10-10T04:37:12.3473095Z Unpacking librsvg2-2:amd64 (2.58.0+dfsg-1ubuntu0.1) ...
2026-10-10T04:37:12.4214749Z Selecting previously unselected package librsvg2-common:amd64.
2026-10-10T04:37:12.4331155Z Preparing to unpack .../122-librsvg2-common_2.58.0+dfsg-1ubuntu0.1_amd64.deb ...
2026-10-10T04:37:12.4337234Z Unpacking librsvg2-common:amd64 (2.58.0+dfsg-1ubuntu0.1) ...
2026-10-10T04:37:12.4605326Z Selecting previously unselected package ninja-build.
2026-10-10T04:37:12.4721007Z Preparing to unpack .../123-ninja-build_1.11.1-2_amd64.deb ...
2026-10-10T04:37:12.4742249Z Unpacking ninja-build (1.11.1-2) ...
2026-10-10T04:37:12.5013306Z Selecting previously unselected package xdg-desktop-portal.
2026-10-10T04:37:12.5132261Z Preparing to unpack .../124-xdg-desktop-portal_1.18.4-1ubuntu2.24.04.3_amd64.deb ...
2026-10-10T04:37:12.5145104Z Unpacking xdg-desktop-portal (1.18.4-1ubuntu2.24.04.3) ...
2026-10-10T04:37:12.6178104Z Selecting previously unselected package xdg-desktop-portal-gtk.
2026-10-10T04:37:12.6294728Z Preparing to unpack .../125-xdg-desktop-portal-gtk_1.15.1-1build2_amd64.deb ...
2026-10-10T04:37:12.6300232Z Unpacking xdg-desktop-portal-gtk (1.15.1-1build2) ...
2026-10-10T04:37:12.7046789Z Setting up libpipewire-0.3-common (1.0.5-1ubuntu3.3) ...
2026-10-10T04:37:12.7065343Z Setting up bubblewrap (0.9.0-1ubuntu0.3) ...
2026-10-10T04:37:12.7104129Z Setting up libglib2.0-dev-bin (2.80.0-6ubuntu3.9) ...
2026-10-10T04:37:13.0002222Z Setting up bzip2-doc (1.0.8-5.1ubuntu0.1) ...
2026-10-10T04:37:13.0021101Z Setting up libwayland-server0:amd64 (1.22.0-2.1build1) ...
2026-10-10T04:37:13.0034747Z Setting up session-migration (0.3.9build1) ...
2026-10-10T04:37:13.1058543Z Created symlink /etc/systemd/user/graphical-session-pre.target.wants/session-migration.service → /usr/lib/systemd/user/session-migration.service.
2026-10-10T04:37:13.1059307Z 
2026-10-10T04:37:13.1085306Z Setting up libjpeg-turbo8-dev:amd64 (2.1.5-2ubuntu2) ...
2026-10-10T04:37:13.1103126Z Setting up gir1.2-freedesktop:amd64 (1.80.1-1) ...
2026-10-10T04:37:13.1118892Z Setting up libharfbuzz-icu0:amd64 (8.3.0-2build2) ...
2026-10-10T04:37:13.1133972Z Setting up libpixman-1-dev:amd64 (0.42.2-1build1) ...
2026-10-10T04:37:13.1149428Z Setting up desktop-file-utils (0.27-2build1) ...
2026-10-10T04:37:13.1467216Z Setting up libpangoxft-1.0-0:amd64 (1.52.1+ds-1build1) ...
2026-10-10T04:37:13.1481723Z Setting up libglvnd-core-dev:amd64 (1.7.0-1build1) ...
2026-10-10T04:37:13.1494016Z Setting up gir1.2-gdkpixbuf-2.0:amd64 (2.42.10+dfsg-3ubuntu3.3) ...
2026-10-10T04:37:13.1509107Z Setting up libgirepository-2.0-0:amd64 (2.80.0-6ubuntu3.9) ...
2026-10-10T04:37:13.1522047Z Setting up gir1.2-atk-1.0:amd64 (2.52.0-1build1) ...
2026-10-10T04:37:13.1536511Z Setting up libfribidi-dev:amd64 (1.0.13-3build1) ...
2026-10-10T04:37:13.1549602Z Setting up libxkbcommon-dev:amd64 (1.6.0-1build1) ...
2026-10-10T04:37:13.1565088Z Setting up pango1.0-tools (1.52.1+ds-1build1) ...
2026-10-10T04:37:13.1578068Z Setting up libjbig-dev:amd64 (2.1-6.1ubuntu2) ...
2026-10-10T04:37:13.1593311Z Setting up libwebrtc-audio-processing1:amd64 (0.3.1-0ubuntu6) ...
2026-10-10T04:37:13.1606270Z Setting up libwebpdecoder3:amd64 (1.3.2-0.4build3) ...
2026-10-10T04:37:13.1620715Z Setting up libharfbuzz-gobject0:amd64 (8.3.0-2build2) ...
2026-10-10T04:37:13.1635309Z Setting up gir1.2-atspi-2.0:amd64 (2.52.0-1build1) ...
2026-10-10T04:37:13.1650716Z Setting up gir1.2-harfbuzz-0.0:amd64 (8.3.0-2build2) ...
2026-10-10T04:37:13.1665144Z Setting up libpthread-stubs0-dev:amd64 (0.4-1build3) ...
2026-10-10T04:37:13.1677863Z Setting up libopengl0:amd64 (1.7.0-1build1) ...
2026-10-10T04:37:13.1691557Z Setting up ninja-build (1.11.1-2) ...
2026-10-10T04:37:13.1709402Z Setting up librsvg2-2:amd64 (2.58.0+dfsg-1ubuntu0.1) ...
2026-10-10T04:37:13.1967978Z Setting up xtrans-dev (1.4.0-1) ...
2026-10-10T04:37:13.1988956Z Setting up libwayland-bin (1.22.0-2.1build1) ...
2026-10-10T04:37:13.2004652Z Setting up libgraphite2-dev:amd64 (1.3.14-2ubuntu0.24.04.1) ...
2026-10-10T04:37:13.2023211Z Setting up gir1.2-pango-1.0:amd64 (1.52.1+ds-1build1) ...
2026-10-10T04:37:13.2037724Z Setting up libegl-mesa0:amd64 (25.2.8-0ubuntu0.24.04.4) ...
2026-10-10T04:37:13.2052891Z Setting up libgles2:amd64 (1.7.0-1build1) ...
2026-10-10T04:37:13.2068444Z Setting up libharfbuzz-cairo0:amd64 (8.3.0-2build2) ...
2026-10-10T04:37:13.2083922Z Setting up libdbus-1-dev:amd64 (1.14.10-4ubuntu4.1) ...
2026-10-10T04:37:13.3450119Z Setting up libspa-0.2-modules:amd64 (1.0.5-1ubuntu3.3) ...
2026-10-10T04:37:13.3463332Z Setting up uuid-dev:amd64 (2.39.3-9ubuntu6.6) ...
2026-10-10T04:37:13.3476833Z Setting up clang (1:18.0-59~exp2) ...
2026-10-10T04:37:13.3655743Z Setting up libgles1:amd64 (1.7.0-1build1) ...
2026-10-10T04:37:13.3670744Z Setting up libpng16-16t64:amd64 (1.6.43-5ubuntu0.7) ...
2026-10-10T04:37:13.3684814Z Setting up libjsoncpp25:amd64 (1.9.5-6build1) ...
2026-10-10T04:37:13.3701441Z Setting up libsepol-dev:amd64 (3.5-2build1) ...
2026-10-10T04:37:13.3715075Z Setting up liblerc-dev:amd64 (4.0.0+ds-4ubuntu2) ...
2026-10-10T04:37:13.3731530Z Setting up librsvg2-common:amd64 (2.58.0+dfsg-1ubuntu0.1) ...
2026-10-10T04:37:13.3828522Z Setting up liblzma-dev:amd64 (5.6.1+really5.4.5-1ubuntu0.3) ...
2026-10-10T04:37:13.3843081Z Setting up xdg-dbus-proxy (0.1.5-1ubuntu0.2) ...
2026-10-10T04:37:13.3856269Z Setting up wayland-protocols (1.45-1~ubuntu0.24.04.2) ...
2026-10-10T04:37:13.3870484Z Setting up libdatrie-dev:amd64 (0.2.13-3build1) ...
2026-10-10T04:37:13.3888924Z Setting up gir1.2-glib-2.0-dev:amd64 (2.80.0-6ubuntu3.9) ...
2026-10-10T04:37:13.3905042Z Setting up libgdk-pixbuf2.0-bin (2.42.10+dfsg-3ubuntu3.3) ...
2026-10-10T04:37:13.3920515Z Setting up dbus-x11 (1.14.10-4ubuntu4.1) ...
2026-10-10T04:37:13.3945372Z Setting up librhash0:amd64 (1.4.3-3build1) ...
2026-10-10T04:37:13.3980566Z Setting up libegl1:amd64 (1.7.0-1build1) ...
2026-10-10T04:37:13.3995462Z Setting up libharfbuzz-subset0:amd64 (8.3.0-2build2) ...
2026-10-10T04:37:13.4011296Z Setting up xorg-sgml-doctools (1:1.11-1.1) ...
2026-10-10T04:37:13.4025253Z Setting up libavahi-glib1:amd64 (0.8-13ubuntu6.2) ...
2026-10-10T04:37:13.4039534Z Setting up cmake-data (3.28.3-1build7) ...
2026-10-10T04:37:13.4097014Z Setting up libopengl-dev:amd64 (1.7.0-1build1) ...
2026-10-10T04:37:13.4111182Z Setting up libjpeg8-dev:amd64 (8c-2ubuntu11) ...
2026-10-10T04:37:13.4126625Z Setting up libsharpyuv-dev:amd64 (1.3.2-0.4build3) ...
2026-10-10T04:37:13.4139697Z Setting up libtiffxx6:amd64 (4.5.1+git230720-4ubuntu2.5) ...
2026-10-10T04:37:13.4154175Z Setting up libdeflate-dev:amd64 (1.19-1build1.1) ...
2026-10-10T04:37:13.4169645Z Setting up libpipewire-0.3-0t64:amd64 (1.0.5-1ubuntu3.3) ...
2026-10-10T04:37:13.4184079Z Setting up libbrotli-dev:amd64 (1.1.0-2build2) ...
2026-10-10T04:37:13.4200298Z Setting up libmalcontent-0-0:amd64 (0.11.1-1ubuntu1.3) ...
2026-10-10T04:37:13.4214415Z Setting up libbz2-dev:amd64 (1.0.8-5.1ubuntu0.1) ...
2026-10-10T04:37:13.4229397Z Setting up gsettings-desktop-schemas (46.1-0ubuntu1) ...
2026-10-10T04:37:13.4243840Z Setting up libblkid-dev:amd64 (2.39.3-9ubuntu6.6) ...
2026-10-10T04:37:13.4258469Z Setting up xdg-desktop-portal (1.18.4-1ubuntu2.24.04.3) ...
2026-10-10T04:37:13.5090871Z Created symlink /etc/systemd/user/graphical-session-pre.target.wants/xdg-desktop-portal-rewrite-launchers.service → /usr/lib/systemd/user/xdg-desktop-portal-rewrite-launchers.service.
2026-10-10T04:37:13.5091731Z 
2026-10-10T04:37:13.5116918Z Setting up libpng-tools (1.6.43-5ubuntu0.7) ...
2026-10-10T04:37:13.5134073Z Setting up libselinux1-dev:amd64 (3.5-2ubuntu2.1) ...
2026-10-10T04:37:13.5148760Z Setting up libpng-dev:amd64 (1.6.43-5ubuntu0.7) ...
2026-10-10T04:37:13.5162950Z Setting up libostree-1-1:amd64 (2024.5-1build2) ...
2026-10-10T04:37:13.5179560Z Setting up gir1.2-gtk-3.0:amd64 (3.24.41-4ubuntu1.3) ...
2026-10-10T04:37:13.5193871Z Setting up libjpeg-dev:amd64 (8c-2ubuntu11) ...
2026-10-10T04:37:13.5212044Z Setting up libwayland-dev:amd64 (1.22.0-2.1build1) ...
2026-10-10T04:37:13.5226083Z Setting up libwebp-dev:amd64 (1.3.2-0.4build3) ...
2026-10-10T04:37:13.5239816Z Setting up libfreetype6:amd64 (2.13.2+dfsg-1ubuntu0.2) ...
2026-10-10T04:37:13.5255750Z Setting up libtiff-dev:amd64 (4.5.1+git230720-4ubuntu2.5) ...
2026-10-10T04:37:13.5270456Z Setting up gir1.2-freedesktop-dev:amd64 (1.80.1-1) ...
2026-10-10T04:37:13.5285267Z Setting up flatpak (1.14.6-1ubuntu0.1) ...
2026-10-10T04:37:13.7104539Z Setting up libthai-dev:amd64 (0.1.29-2build1) ...
2026-10-10T04:37:13.7119135Z Setting up cmake (3.28.3-1build7) ...
2026-10-10T04:37:13.7133743Z Setting up libmount-dev:amd64 (2.39.3-9ubuntu6.6) ...
2026-10-10T04:37:13.7149224Z Setting up libcairo-script-interpreter2:amd64 (1.18.0-3build1) ...
2026-10-10T04:37:13.7166657Z Setting up libfreetype-dev:amd64 (2.13.2+dfsg-1ubuntu0.2) ...
2026-10-10T04:37:13.7184155Z Setting up libglib2.0-dev:amd64 (2.80.0-6ubuntu3.9) ...
2026-10-10T04:37:13.7198356Z Setting up libfontconfig-dev:amd64 (2.15.0-1.1ubuntu2) ...
2026-10-10T04:37:13.7573676Z Processing triggers for libc-bin (2.39-0ubuntu8.9) ...
2026-10-10T04:37:13.9652159Z Processing triggers for man-db (2.12.0-4build2) ...
2026-10-10T04:37:13.9671435Z Not building database; man-db/auto-update is not 'true'.
2026-10-10T04:37:13.9686430Z Processing triggers for libglib2.0-0t64:amd64 (2.80.0-6ubuntu3.9) ...
2026-10-10T04:37:13.9890021Z Processing triggers for dbus (1.14.10-4ubuntu4.1) ...
2026-10-10T04:37:14.0016094Z Processing triggers for libgdk-pixbuf-2.0-0:amd64 (2.42.10+dfsg-3ubuntu3.3) ...
2026-10-10T04:37:14.0572475Z Processing triggers for sgml-base (1.31) ...
2026-10-10T04:37:14.0823534Z Processing triggers for install-info (7.1-3build2) ...
2026-10-10T04:37:14.2931184Z Setting up libatk1.0-dev:amd64 (2.52.0-1build1) ...
2026-10-10T04:37:14.2955778Z Setting up x11proto-dev (2023.2-1) ...
2026-10-10T04:37:14.2975574Z Setting up libgdk-pixbuf-2.0-dev:amd64 (2.42.10+dfsg-3ubuntu3.3) ...
2026-10-10T04:37:14.3002836Z Setting up xdg-desktop-portal-gtk (1.15.1-1build2) ...
2026-10-10T04:37:14.3038552Z Setting up libharfbuzz-dev:amd64 (8.3.0-2build2) ...
2026-10-10T04:37:14.3054783Z Setting up libxau-dev:amd64 (1:1.0.9-1build6) ...
2026-10-10T04:37:14.3070884Z Setting up libice-dev:amd64 (2:1.0.10-1build3) ...
2026-10-10T04:37:14.3090145Z Setting up libsm-dev:amd64 (2:1.2.3-1build3) ...
2026-10-10T04:37:14.3128392Z Setting up libxdmcp-dev:amd64 (1:1.1.3-0ubuntu6) ...
2026-10-10T04:37:14.3197377Z Setting up libxcb1-dev:amd64 (1.15-1ubuntu2) ...
2026-10-10T04:37:14.3225474Z Setting up libx11-dev:amd64 (2:1.8.7-1build1) ...
2026-10-10T04:37:14.3253294Z Setting up libxfixes-dev:amd64 (1:6.0.0-2build1) ...
2026-10-10T04:37:14.3267839Z Setting up libxcb-shm0-dev:amd64 (1.15-1ubuntu2) ...
2026-10-10T04:37:14.3291163Z Setting up libxcb-render0-dev:amd64 (1.15-1ubuntu2) ...
2026-10-10T04:37:14.3307797Z Setting up libxext-dev:amd64 (2:1.3.4-1build2) ...
2026-10-10T04:37:14.3326650Z Setting up libglx-dev:amd64 (1.7.0-1build1) ...
2026-10-10T04:37:14.3352101Z Setting up libxi-dev:amd64 (2:1.8.1-1build1) ...
2026-10-10T04:37:14.3368516Z Setting up libxrender-dev:amd64 (1:0.9.10-1.1build1) ...
2026-10-10T04:37:14.3388240Z Setting up libgl-dev:amd64 (1.7.0-1build1) ...
2026-10-10T04:37:14.3403851Z Setting up libxft-dev:amd64 (2.3.6-1build1) ...
2026-10-10T04:37:14.3420934Z Setting up libxtst-dev:amd64 (2:1.2.3-1.1build1) ...
2026-10-10T04:37:14.3440647Z Setting up libxdamage-dev:amd64 (1:1.1.6-1build1) ...
2026-10-10T04:37:14.3465145Z Setting up libatspi2.0-dev:amd64 (2.52.0-1build1) ...
2026-10-10T04:37:14.3495824Z Setting up libegl-dev:amd64 (1.7.0-1build1) ...
2026-10-10T04:37:14.3511405Z Setting up libxcomposite-dev:amd64 (1:0.4.5-1build3) ...
2026-10-10T04:37:14.3530539Z Setting up libxcursor-dev:amd64 (1:1.2.1-1build1) ...
2026-10-10T04:37:14.3550144Z Setting up libepoxy-dev:amd64 (1.5.10-1build1) ...
2026-10-10T04:37:14.3573932Z Setting up libatk-bridge2.0-dev:amd64 (2.52.0-1build1) ...
2026-10-10T04:37:14.3588981Z Setting up libxrandr-dev:amd64 (2:1.5.2-2build1) ...
2026-10-10T04:37:14.3614682Z Setting up libxinerama-dev:amd64 (2:1.1.4-3build1) ...
2026-10-10T04:37:14.3634702Z Setting up libcairo2-dev:amd64 (1.18.0-3build1) ...
2026-10-10T04:37:14.3654039Z Setting up libgles-dev:amd64 (1.7.0-1build1) ...
2026-10-10T04:37:14.3687908Z Setting up libglvnd-dev:amd64 (1.7.0-1build1) ...
2026-10-10T04:37:14.3708730Z Setting up libpango1.0-dev:amd64 (1.52.1+ds-1build1) ...
2026-10-10T04:37:14.3726464Z Setting up libegl1-mesa-dev:amd64 (25.2.8-0ubuntu0.24.04.4) ...
2026-10-10T04:37:14.3754983Z Setting up libgtk-3-dev:amd64 (3.24.41-4ubuntu1.3) ...
2026-10-10T04:37:14.8893690Z 
2026-10-10T04:37:14.8894250Z Running kernel seems to be up-to-date.
2026-10-10T04:37:14.8894545Z 
2026-10-10T04:37:14.8896814Z Restarting services...
2026-10-10T04:37:14.8960581Z  systemctl restart php8.3-fpm.service
2026-10-10T04:37:15.0071008Z 
2026-10-10T04:37:15.0090766Z No containers need to be restarted.
2026-10-10T04:37:15.0091062Z 
2026-10-10T04:37:15.0091227Z No user sessions are running outdated binaries.
2026-10-10T04:37:15.0091422Z 
2026-10-10T04:37:15.0091596Z No VM guests are running outdated hypervisor (qemu) binaries on this host.
2026-10-10T04:37:16.0902795Z Prepare all required actions
2026-10-10T04:37:16.0934335Z ##[group]Run ./.github/actions/setup-flutter
2026-10-10T04:37:16.0934584Z ##[endgroup]
2026-10-10T04:37:16.0985430Z ##[start-action display=Run git clone --depth 1 --branch 3.47.5 https://github.com/flutter/flutter.git "$RUNNER_TEMP/flutter";id=__self.__run]
2026-10-10T04:37:16.1008854Z ##[group]Run git clone --depth 1 --branch 3.47.5 https://github.com/flutter/flutter.git "$RUNNER_TEMP/flutter"
2026-10-10T04:37:16.1009451Z [36;1mgit clone --depth 1 --branch 3.47.5 https://github.com/flutter/flutter.git "$RUNNER_TEMP/flutter"[0m
2026-10-10T04:37:16.1010173Z [36;1mtest "$(git -C "$RUNNER_TEMP/flutter" rev-parse HEAD)" = 6a19cca56475dbfba1478ee68d7bd0c2ef891da1[0m
2026-10-10T04:37:16.1010581Z [36;1mecho "$RUNNER_TEMP/flutter/bin" >> "$GITHUB_PATH"[0m
2026-10-10T04:37:16.1069783Z shell: /usr/bin/bash --noprofile --norc -e -o pipefail {0}
2026-10-10T04:37:16.1070250Z ##[endgroup]
2026-10-10T04:37:16.1153224Z Cloning into '/home/runner/work/_temp/flutter'...
2026-10-10T04:37:22.3719210Z Note: switching to '6a19cca56475dbfba1478ee68d7bd0c2ef891da1'.
2026-10-10T04:37:22.3719477Z 
2026-10-10T04:37:22.3719661Z You are in 'detached HEAD' state. You can look around, make experimental
2026-10-10T04:37:22.3720237Z changes and commit them, and you can discard any commits you make in this
2026-10-10T04:37:22.3720606Z state without impacting any branches by switching back to a branch.
2026-10-10T04:37:22.3720819Z 
2026-10-10T04:37:22.3720962Z If you want to create a new branch to retain commits you create, you may
2026-10-10T04:37:22.3721309Z do so (now or later) by using -c with the switch command. Example:
2026-10-10T04:37:22.3721506Z 
2026-10-10T04:37:22.3721596Z   git switch -c <new-branch-name>
2026-10-10T04:37:22.3721726Z 
2026-10-10T04:37:22.3721813Z Or undo this operation with:
2026-10-10T04:37:22.3721931Z 
2026-10-10T04:37:22.3722002Z   git switch -
2026-10-10T04:37:22.3722098Z 
2026-10-10T04:37:22.3722291Z Turn off this advice by setting config variable advice.detachedHead to false
2026-10-10T04:37:22.3722537Z 
2026-10-10T04:37:23.2526957Z ##[end-action id=__self.__run;outcome=success;conclusion=success;duration_ms=7154]
2026-10-10T04:37:23.2530349Z ##[start-action display=Run flutter config --no-analytics;id=__self.__run_2]
2026-10-10T04:37:23.2547092Z ##[group]Run flutter config --no-analytics
2026-10-10T04:37:23.2547376Z [36;1mflutter config --no-analytics[0m
2026-10-10T04:37:23.2547605Z [36;1mflutter --version[0m
2026-10-10T04:37:23.2604342Z shell: /usr/bin/bash --noprofile --norc -e -o pipefail {0}
2026-10-10T04:37:23.2604623Z ##[endgroup]
2026-10-10T04:37:23.3005049Z Downloading Linux x64 Dart SDK from Flutter engine af7e796e161ae0bb1ff0758c71a7105418bd9ded...
2026-10-10T04:37:23.3087362Z   % Total    % Received % Xferd  Average Speed   Time    Time     Time  Current
2026-10-10T04:37:23.3087897Z                                  Dload  Upload   Total   Spent    Left  Speed
2026-10-10T04:37:23.3088185Z 
2026-10-10T04:37:23.9670360Z   0     0    0     0    0     0      0      0 --:--:-- --:--:-- --:--:--     0
2026-10-10T04:37:24.7715276Z  30  227M   30 70.0M    0     0   106M      0  0:00:02 --:--:--  0:00:02  106M
2026-10-10T04:37:24.7715773Z 100  227M  100  227M    0     0   155M      0  0:00:01  0:00:01 --:--:--  155M
2026-10-10T04:37:28.8693437Z Building flutter tool...
2026-10-10T04:37:28.8844104Z Resolving dependencies...
2026-10-10T04:37:29.1954469Z Downloading packages...
2026-10-10T04:37:31.5366365Z + _fe_analyzer_shared 95.0.0 (109.0.0 available)
2026-10-10T04:37:31.5366803Z + analyzer 10.1.0 (14.5.0 available)
2026-10-10T04:37:31.5367157Z + archive 3.6.1 (4.4.0 available)
2026-10-10T04:37:31.5367460Z + args 2.7.0
2026-10-10T04:37:31.5367682Z + async 2.13.1
2026-10-10T04:37:31.5367920Z + boolean_selector 2.1.2
2026-10-10T04:37:31.5368211Z + browser_launcher 1.1.3 (1.2.0 available)
2026-10-10T04:37:31.5368547Z + built_collection 5.1.1 (5.1.2 available)
2026-10-10T04:37:31.5369204Z + built_value 8.12.6 (8.13.0 available)
2026-10-10T04:37:31.5369517Z + checked_yaml 2.0.4
2026-10-10T04:37:31.5369763Z + cli_config 0.2.0
2026-10-10T04:37:31.5370178Z + clock 1.1.2 (1.1.3 available)
2026-10-10T04:37:31.5370474Z + code_assets 1.2.1 (2.1.0 available)
2026-10-10T04:37:31.5370990Z + code_builder 4.11.1 (4.12.0 available)
2026-10-10T04:37:31.5371310Z + collection 1.19.1
2026-10-10T04:37:31.5371556Z + completion 1.0.2
2026-10-10T04:37:31.5371752Z + convert 3.1.2
2026-10-10T04:37:31.5371917Z + coverage 1.15.1
2026-10-10T04:37:31.5372076Z + crypto 3.0.7
2026-10-10T04:37:31.5372233Z + csslib 1.0.2
2026-10-10T04:37:31.5372384Z + dap 1.4.0
2026-10-10T04:37:31.5372552Z + dart_service_protocol_shared 0.0.3
2026-10-10T04:37:31.5372774Z + dart_style 3.1.7 (3.1.13 available)
2026-10-10T04:37:31.5372977Z + data_assets 0.20.0
2026-10-10T04:37:31.5373148Z + dds 5.4.0
2026-10-10T04:37:31.5373311Z + dds_service_extensions 2.1.0
2026-10-10T04:37:31.5373528Z + devtools_shared 13.1.0 (14.0.0 available)
2026-10-10T04:37:31.5373737Z + dtd 4.0.0
2026-10-10T04:37:31.5373910Z + dwds 27.1.2 (27.1.4 available)
2026-10-10T04:37:31.5374111Z + extension_discovery 2.1.0
2026-10-10T04:37:31.5374297Z + fake_async 1.3.3
2026-10-10T04:37:31.5374454Z + ffi 2.2.0
2026-10-10T04:37:31.5374602Z + file 7.0.1
2026-10-10T04:37:31.5374763Z + file_testing 3.0.2 (3.1.0 available)
2026-10-10T04:37:31.5374965Z + fixnum 1.1.1
2026-10-10T04:37:31.5375144Z + flutter_template_images 5.0.0 (5.0.1 available)
2026-10-10T04:37:31.5375395Z + frontend_server_client 4.0.0 (4.1.0 available)
2026-10-10T04:37:31.5375632Z + glob 2.1.3 (2.2.0 available)
2026-10-10T04:37:31.5375814Z + graphs 2.3.2
2026-10-10T04:37:31.5375974Z + hooks 2.0.2 (2.2.0 available)
2026-10-10T04:37:31.5376167Z + hooks_runner 1.5.0 (1.6.4 available)
2026-10-10T04:37:31.5376373Z + html 0.15.6 (0.15.7 available)
2026-10-10T04:37:31.5376561Z + http 1.6.0
2026-10-10T04:37:31.5376722Z + http_multi_server 3.2.2
2026-10-10T04:37:31.5376904Z + http_parser 4.1.2
2026-10-10T04:37:31.5377066Z + intl 0.20.3
2026-10-10T04:37:31.5377227Z + io 1.0.5 (1.1.0 available)
2026-10-10T04:37:31.5377414Z + js 0.7.2 (discontinued)
2026-10-10T04:37:31.5377594Z + json_annotation 4.12.0
2026-10-10T04:37:31.5377775Z + json_rpc_2 4.1.0
2026-10-10T04:37:31.5377937Z + logging 1.3.0
2026-10-10T04:37:31.5378092Z + matcher 0.12.20
2026-10-10T04:37:31.5378259Z + meta 1.18.3 (1.19.0 available)
2026-10-10T04:37:31.5378444Z + mime 2.0.0 (2.1.0 available)
2026-10-10T04:37:31.5378625Z + multicast_dns 0.3.3+1
2026-10-10T04:37:31.5378813Z + mustache_template 2.0.5 (2.0.6 available)
2026-10-10T04:37:31.5379043Z + native_stack_traces 0.6.1 (0.7.0 available)
2026-10-10T04:37:31.5379262Z + node_preamble 2.0.2
2026-10-10T04:37:31.5379446Z + package_config 2.2.0 (3.0.0 available)
2026-10-10T04:37:31.5379654Z + path 1.9.1
2026-10-10T04:37:31.5379968Z + petitparser 7.0.2 (7.1.0 available)
2026-10-10T04:37:31.5380240Z + platform 3.1.6 (3.2.0 available)
2026-10-10T04:37:31.5380526Z + pool 1.5.2 (1.5.3 available)
2026-10-10T04:37:31.5380808Z + process 5.0.5 (5.0.6 available)
2026-10-10T04:37:31.5381114Z + pub_semver 2.2.0 (2.2.1 available)
2026-10-10T04:37:31.5381367Z + pubspec_parse 1.5.0 (1.6.0 available)
2026-10-10T04:37:31.5381571Z + record_use 0.6.0 (1.1.1 available)
2026-10-10T04:37:31.5381763Z + shelf 1.4.2
2026-10-10T04:37:31.5381933Z + shelf_packages_handler 3.0.2
2026-10-10T04:37:31.5382120Z + shelf_proxy 1.0.5
2026-10-10T04:37:31.5382287Z + shelf_static 1.1.3
2026-10-10T04:37:31.5382464Z + shelf_web_socket 3.0.0
2026-10-10T04:37:31.5382643Z + source_map_stack_trace 2.1.2
2026-10-10T04:37:31.5382838Z + source_maps 0.10.13 (0.10.14 available)
2026-10-10T04:37:31.5383043Z + source_span 1.10.2
2026-10-10T04:37:31.5383203Z + sprintf 7.0.0
2026-10-10T04:37:31.5383378Z + sse 4.2.0
2026-10-10T04:37:31.5383539Z + stack_trace 1.12.1 (1.12.2 available)
2026-10-10T04:37:31.5383748Z + standard_message_codec 0.0.1+5
2026-10-10T04:37:31.5383938Z + stream_channel 2.1.4
2026-10-10T04:37:31.5384112Z + string_scanner 1.4.1
2026-10-10T04:37:31.5384283Z + sync_http 0.3.1
2026-10-10T04:37:31.5384603Z + term_glyph 1.2.2
2026-10-10T04:37:31.5384765Z + test 1.31.1 (1.33.0 available)
2026-10-10T04:37:31.5384952Z + test_api 0.7.12 (0.7.15 available)
2026-10-10T04:37:31.5385155Z + test_core 0.6.18 (0.6.21 available)
2026-10-10T04:37:31.5385483Z + typed_data 1.4.0
2026-10-10T04:37:31.5385663Z + unified_analytics 8.0.15 (8.0.18 available)
2026-10-10T04:37:31.5385882Z + uuid 4.5.3 (4.6.0 available)
2026-10-10T04:37:31.5386070Z + vm_service 15.2.0 (15.3.0 available)
2026-10-10T04:37:31.5386273Z + vm_service_interface 2.0.1
2026-10-10T04:37:31.5386462Z + vm_snapshot_analysis 0.7.6
2026-10-10T04:37:31.5386644Z + watcher 1.2.1
2026-10-10T04:37:31.5386797Z + web 1.1.1
2026-10-10T04:37:31.5386945Z + web_socket 1.0.1
2026-10-10T04:37:31.5387108Z + web_socket_channel 3.0.3
2026-10-10T04:37:31.5387298Z + webdriver 3.1.0 (3.2.0 available)
2026-10-10T04:37:31.5387508Z + webkit_inspection_protocol 1.2.1
2026-10-10T04:37:31.5387707Z + xml 6.6.1 (7.1.0 available)
2026-10-10T04:37:31.5387888Z + yaml 3.1.3 (3.1.4 available)
2026-10-10T04:37:31.5388071Z + yaml_edit 2.2.4
2026-10-10T04:37:31.5388278Z Changed 101 dependencies!
2026-10-10T04:37:31.5388477Z 1 package is discontinued.
2026-10-10T04:37:31.5388749Z 43 packages have newer versions incompatible with dependency constraints.
2026-10-10T04:37:31.5389089Z Try `dart pub outdated` for more information.
2026-10-10T04:37:45.9311328Z Analytics reporting disabled.
2026-10-10T04:37:45.9312236Z 
2026-10-10T04:37:45.9312517Z You may need to restart any open editors for them to read new settings.
2026-10-10T04:37:45.9986340Z Flutter 3.47.5 • channel [user-branch] • https://github.com/flutter/flutter.git
2026-10-10T04:37:45.9987161Z Framework • revision 6a19cca564 (3 weeks ago) • 2026-09-17 14:13:22 -0400
2026-10-10T04:37:45.9987793Z Engine • hash ab598368592da0064197e2bc15c7f5b0a2c6bb1f (revision af7e796e16) (23 days ago) • 2026-09-16 18:35:09.000Z
2026-10-10T04:37:45.9988261Z Tools • Dart 3.13.4 • DevTools 2.60.0
2026-10-10T04:37:46.0022365Z ##[end-action id=__self.__run_2;outcome=success;conclusion=success;duration_ms=22749]
2026-10-10T04:37:46.0082332Z Prepare all required actions
2026-10-10T04:37:46.0132849Z ##[group]Run ./.github/actions/setup-text-engine
2026-10-10T04:37:46.0133099Z with:
2026-10-10T04:37:46.0133284Z   platform: linux
2026-10-10T04:37:46.0133453Z ##[endgroup]
2026-10-10T04:37:46.0137160Z ##[start-action display=Select preinstalled Windows Python 3.11;id=__self_2.__run]
2026-10-10T04:37:46.0152766Z ##[end-action id=__self_2.__run;outcome=skipped;conclusion=skipped;duration_ms=0]
2026-10-10T04:37:46.0159215Z ##[start-action display=Bootstrap reviewed official Rust inputs outside app builds;id=__self_2.__run_2]
2026-10-10T04:37:46.0174768Z ##[group]Run python tool/bootstrap_text_engine.py --platform "$TEXT_PLATFORM"
2026-10-10T04:37:46.0175195Z [36;1mpython tool/bootstrap_text_engine.py --platform "$TEXT_PLATFORM"[0m
2026-10-10T04:37:46.0232106Z shell: /usr/bin/bash --noprofile --norc -e -o pipefail {0}
2026-10-10T04:37:46.0232377Z env:
2026-10-10T04:37:46.0232560Z   TEXT_PLATFORM: linux
2026-10-10T04:37:46.0232812Z ##[endgroup]
2026-10-10T04:37:46.2455595Z info: profile set to minimal
2026-10-10T04:37:46.2455900Z 
2026-10-10T04:37:46.2455996Z 
2026-10-10T04:37:46.2456118Z Rust is installed now. Great!
2026-10-10T04:37:46.2456377Z 
2026-10-10T04:37:46.2456596Z To get started you need Cargo's bin directory (/home/runner/work/_
2026-10-10T04:37:46.2457268Z temp/tandemlog-rust-bootstrap/cargo/bin) in your PATH
2026-10-10T04:37:46.2457858Z environment variable. This has not been done automatically.
2026-10-10T04:37:46.2458217Z 
2026-10-10T04:37:46.2458680Z info: default host tuple is x86_64-unknown-linux-gnu
2026-10-10T04:37:46.2459104Z To configure your current shell, you need to source
2026-10-10T04:37:46.2459537Z the corresponding env file under /home/runner/work/_
2026-10-10T04:37:46.2460177Z temp/tandemlog-rust-bootstrap/cargo.
2026-10-10T04:37:46.2460541Z 
2026-10-10T04:37:46.2460806Z Consider running the right command for your shell (note the leading DOT):
2026-10-10T04:37:46.2461529Z . "/home/runner/work/_temp/tandemlog-rust-bootstrap/cargo/env"     # For 
2026-10-10T04:37:46.2462097Z sh/ash/dash/pdksh/bash
2026-10-10T04:37:46.2462643Z . "/home/runner/work/_temp/tandemlog-rust-bootstrap/cargo/env.ps1" # For pwsh
2026-10-10T04:37:46.2463590Z cargo:rerun-if-env-changed=CC_x86_64-unknown-linux-gnu
2026-10-10T04:37:46.2464063Z CC_x86_64-unknown-linux-gnu = None
2026-10-10T04:37:46.2464502Z cargo:rerun-if-env-changed=CC_x86_64_unknown_linux_gnu
2026-10-10T04:37:46.2464980Z CC_x86_64_unknown_linux_gnu = None
2026-10-10T04:37:46.2465369Z cargo:rerun-if-env-changed=HOST_CC
2026-10-10T04:37:46.2465740Z HOST_CC = None
2026-10-10T04:37:46.2466069Z cargo:rerun-if-env-changed=CC
2026-10-10T04:37:46.2466427Z CC = None
2026-10-10T04:37:46.2466717Z cargo:rerun-if-env-changed=CC_ENABLE_DEBUG_OUTPUT
2026-10-10T04:37:46.2469215Z info: skipping toolchain installation
2026-10-10T04:37:46.2661208Z cargo:rerun-if-env-changed=CRATE_CC_NO_DEFAULTS
2026-10-10T04:37:46.2661533Z CRATE_CC_NO_DEFAULTS = None
2026-10-10T04:37:46.2661948Z cargo:rerun-if-env-changed=CFLAGS
2026-10-10T04:37:46.2662315Z CFLAGS = None
2026-10-10T04:37:46.2662584Z cargo:rerun-if-env-changed=HOST_CFLAGS
2026-10-10T04:37:46.2662929Z HOST_CFLAGS = None
2026-10-10T04:37:46.2663357Z cargo:rerun-if-env-changed=CFLAGS_x86_64_unknown_linux_gnu
2026-10-10T04:37:46.2663777Z CFLAGS_x86_64_unknown_linux_gnu = None
2026-10-10T04:37:46.2664224Z cargo:rerun-if-env-changed=CFLAGS_x86_64-unknown-linux-gnu
2026-10-10T04:37:46.2664637Z CFLAGS_x86_64-unknown-linux-gnu = None
2026-10-10T04:37:46.2722725Z info: auto-self-update mode set to disable
2026-10-10T04:37:46.2723051Z warn: no toolchain installed and no default toolchain set
2026-10-10T04:37:46.2723535Z help: run 'rustup default stable' to download the latest stable release of Rust and set it as your default toolchain.
2026-10-10T04:37:46.2770555Z info: syncing channel updates for 1.99.0-x86_64-unknown-linux-gnu
2026-10-10T04:37:46.3561228Z info: latest update on 2026-10-01 for version 1.99.0 (b940084d7 2026-09-28)
2026-10-10T04:37:46.3562007Z info: downloading 3 components
2026-10-10T04:37:53.1981524Z 
2026-10-10T04:37:53.2041311Z   1.99.0-x86_64-unknown-linux-gnu installed - rustc 1.99.0 (b940084d7 2026-09-28)
2026-10-10T04:37:53.2041713Z 
2026-10-10T04:37:53.2045800Z info: default toolchain set to 1.99.0-x86_64-unknown-linux-gnu
2026-10-10T04:37:53.2487609Z info: component rust-std is up to date
2026-10-10T04:37:53.2645060Z     Updating crates.io index
2026-10-10T04:37:53.4668466Z  Downloading crates ...
2026-10-10T04:37:53.5275573Z   Downloaded thiserror v2.0.21
2026-10-10T04:37:53.5338876Z   Downloaded thiserror-impl v2.0.21
2026-10-10T04:37:53.5351976Z   Downloaded quote v1.0.47
2026-10-10T04:37:53.5376619Z   Downloaded smallvec v1.16.2
2026-10-10T04:37:53.5388514Z   Downloaded unicode-ident v1.0.26
2026-10-10T04:37:53.5413686Z   Downloaded proc-macro2 v1.0.107
2026-10-10T04:37:53.5440862Z   Downloaded parking v2.2.1
2026-10-10T04:37:53.5449748Z   Downloaded windows-link v0.2.1
2026-10-10T04:37:53.5456629Z   Downloaded smallstr v0.3.1
2026-10-10T04:37:53.5510052Z   Downloaded event-listener-strategy v0.5.4
2026-10-10T04:37:53.5524195Z   Downloaded cfg-if v1.0.5
2026-10-10T04:37:53.5562360Z   Downloaded itoa v1.0.18
2026-10-10T04:37:53.5574894Z   Downloaded scopeguard v1.2.0
2026-10-10T04:37:53.5585620Z   Downloaded wasm-bindgen-shared v0.2.129
2026-10-10T04:37:53.5595784Z   Downloaded wasm-bindgen-macro v0.2.129
2026-10-10T04:37:53.5603872Z   Downloaded fastrand v2.5.0
2026-10-10T04:37:53.5616525Z   Downloaded redox_syscall v0.5.18
2026-10-10T04:37:53.5639382Z   Downloaded zmij v1.0.23
2026-10-10T04:37:53.5655556Z   Downloaded rustversion v1.0.23
2026-10-10T04:37:53.5681294Z   Downloaded lock_api v0.4.14
2026-10-10T04:37:53.5692227Z   Downloaded async-trait v0.1.92
2026-10-10T04:37:53.5726751Z   Downloaded dashmap v6.2.1
2026-10-10T04:37:53.5749764Z   Downloaded pin-project-lite v0.2.17
2026-10-10T04:37:53.5804712Z   Downloaded event-listener v5.4.2
2026-10-10T04:37:53.5820165Z   Downloaded once_cell v1.21.4
2026-10-10T04:37:53.5843037Z   Downloaded r-efi v6.0.0
2026-10-10T04:37:53.5889238Z   Downloaded async-lock v3.4.2
2026-10-10T04:37:53.5908220Z   Downloaded serde_derive v1.0.229
2026-10-10T04:37:53.5935467Z   Downloaded parking_lot_core v0.9.12
2026-10-10T04:37:53.5954190Z   Downloaded bitflags v2.13.2
2026-10-10T04:37:53.5994910Z   Downloaded getrandom v0.4.3
2026-10-10T04:37:53.6029461Z   Downloaded crossbeam-utils v0.8.23
2026-10-10T04:37:53.6054330Z   Downloaded base64 v0.22.1
2026-10-10T04:37:53.6088497Z   Downloaded wasm-bindgen v0.2.129
2026-10-10T04:37:53.6113475Z   Downloaded arc-swap v1.9.2
2026-10-10T04:37:53.6149367Z   Downloaded serde_core v1.0.229
2026-10-10T04:37:53.6173587Z   Downloaded serde v1.0.229
2026-10-10T04:37:53.6204134Z   Downloaded memchr v2.8.3
2026-10-10T04:37:53.6253841Z   Downloaded bumpalo v3.20.3
2026-10-10T04:37:53.6276629Z   Downloaded wasm-bindgen-macro-support v0.2.129
2026-10-10T04:37:53.6298088Z   Downloaded js-sys v0.3.106
2026-10-10T04:37:53.6324619Z   Downloaded serde_json v1.0.151
2026-10-10T04:37:53.6392152Z   Downloaded hashbrown v0.14.5
2026-10-10T04:37:53.6434736Z   Downloaded syn v3.0.6
2026-10-10T04:37:53.6528987Z   Downloaded libc v0.2.190
2026-10-10T04:37:53.7272594Z ##[end-action id=__self_2.__run_2;outcome=success;conclusion=success;duration_ms=7711]
2026-10-10T04:37:53.7274857Z ##[start-action display=Install exact approved NDK outside app builds;id=__self_2.__run_3]
2026-10-10T04:37:53.7279133Z ##[end-action id=__self_2.__run_3;outcome=skipped;conclusion=skipped;duration_ms=0]
2026-10-10T04:37:53.7302491Z ##[group]Run flutter pub get --enforce-lockfile
2026-10-10T04:37:53.7302785Z [36;1mflutter pub get --enforce-lockfile[0m
2026-10-10T04:37:53.7356885Z shell: /usr/bin/bash -e {0}
2026-10-10T04:37:53.7357090Z env:
2026-10-10T04:37:53.7357336Z   CARGO_HOME: /home/runner/work/_temp/tandemlog-rust-bootstrap/cargo
2026-10-10T04:37:53.7357699Z   RUSTUP_HOME: /home/runner/work/_temp/tandemlog-rust-bootstrap/rustup
2026-10-10T04:37:53.7358056Z   RUSTUP_UPDATE_ROOT: https://static.rust-lang.org/rustup
2026-10-10T04:37:53.7358368Z   RUSTUP_DIST_SERVER: https://static.rust-lang.org
2026-10-10T04:37:53.7358617Z   RUSTUP_AUTO_INSTALL: 0
2026-10-10T04:37:53.7358926Z   TANDEMLOG_TEXT_TARGET_DIR: /home/runner/work/_temp/tandemlog-rust-bootstrap/target
2026-10-10T04:37:53.7359248Z ##[endgroup]
2026-10-10T04:37:54.0406139Z [1/10] Material Fonts                                              209ms
2026-10-10T04:37:54.0980409Z [2/10] Gradle Wrapper                                               15ms
2026-10-10T04:37:54.1073752Z [3/10] Flutter SDK
2026-10-10T04:37:54.1994046Z   ├─ [1/5] sky_engine                                               85ms
2026-10-10T04:37:54.2735355Z   ├─ [2/5] flutter_gpu                                              16ms
2026-10-10T04:37:54.4859967Z   ├─ [3/5] flutter_patched_sdk                                     200ms
2026-10-10T04:37:54.7582335Z   ├─ [4/5] flutter_patched_sdk_product                             186ms
2026-10-10T04:37:55.5149393Z   └─ [5/5] linux-x64                                               674ms
2026-10-10T04:37:56.1059698Z [10/10] linux-x64/font-subset                                       57ms
2026-10-10T04:37:56.2114265Z Resolving dependencies...
2026-10-10T04:37:56.8642094Z Downloading packages...
2026-10-10T04:37:58.2198991Z   code_assets 1.2.1 (2.1.0 available)
2026-10-10T04:37:58.2199405Z   cross_file 0.3.5+5 (0.4.0 available)
2026-10-10T04:37:58.2199758Z   jni 1.0.3 (1.1.0 available)
2026-10-10T04:37:58.2200197Z   jni_flutter 1.0.3 (1.0.4+1 available)
2026-10-10T04:37:58.2200439Z   material_color_utilities 0.13.0 (0.13.1 available)
2026-10-10T04:37:58.2200723Z   native_toolchain_c 0.19.3 (0.19.5 available)
2026-10-10T04:37:58.2200965Z   objective_c 9.5.0 (9.6.2 available)
2026-10-10T04:37:58.2201185Z   test_api 0.7.12 (0.7.15 available)
2026-10-10T04:37:58.2201395Z   url_launcher 6.3.2 (6.3.3 available)
2026-10-10T04:37:58.2201724Z   vector_math 2.4.0 (2.4.3 available)
2026-10-10T04:37:58.2202020Z Got dependencies!
2026-10-10T04:37:58.2202282Z 10 packages have newer versions incompatible with dependency constraints.
2026-10-10T04:37:58.2202639Z Try `flutter pub outdated` for more information.
2026-10-10T04:37:58.7376977Z ##[group]Run dart format --output=none --set-exit-if-changed lib test integration_test tool
2026-10-10T04:37:58.7377774Z [36;1mdart format --output=none --set-exit-if-changed lib test integration_test tool[0m
2026-10-10T04:37:58.7434115Z shell: /usr/bin/bash -e {0}
2026-10-10T04:37:58.7434330Z env:
2026-10-10T04:37:58.7434584Z   CARGO_HOME: /home/runner/work/_temp/tandemlog-rust-bootstrap/cargo
2026-10-10T04:37:58.7434956Z   RUSTUP_HOME: /home/runner/work/_temp/tandemlog-rust-bootstrap/rustup
2026-10-10T04:37:58.7435326Z   RUSTUP_UPDATE_ROOT: https://static.rust-lang.org/rustup
2026-10-10T04:37:58.7435621Z   RUSTUP_DIST_SERVER: https://static.rust-lang.org
2026-10-10T04:37:58.7435866Z   RUSTUP_AUTO_INSTALL: 0
2026-10-10T04:37:58.7436178Z   TANDEMLOG_TEXT_TARGET_DIR: /home/runner/work/_temp/tandemlog-rust-bootstrap/target
2026-10-10T04:37:58.7436507Z ##[endgroup]
2026-10-10T04:38:00.3111282Z Formatted 208 files (0 changed) in 1.20 seconds.
2026-10-10T04:38:00.3203297Z ##[group]Run flutter analyze
2026-10-10T04:38:00.3203562Z [36;1mflutter analyze[0m
2026-10-10T04:38:00.3259319Z shell: /usr/bin/bash -e {0}
2026-10-10T04:38:00.3259538Z env:
2026-10-10T04:38:00.3259793Z   CARGO_HOME: /home/runner/work/_temp/tandemlog-rust-bootstrap/cargo
2026-10-10T04:38:00.3260337Z   RUSTUP_HOME: /home/runner/work/_temp/tandemlog-rust-bootstrap/rustup
2026-10-10T04:38:00.3260694Z   RUSTUP_UPDATE_ROOT: https://static.rust-lang.org/rustup
2026-10-10T04:38:00.3260994Z   RUSTUP_DIST_SERVER: https://static.rust-lang.org
2026-10-10T04:38:00.3261236Z   RUSTUP_AUTO_INSTALL: 0
2026-10-10T04:38:00.3261532Z   TANDEMLOG_TEXT_TARGET_DIR: /home/runner/work/_temp/tandemlog-rust-bootstrap/target
2026-10-10T04:38:00.3261857Z ##[endgroup]
2026-10-10T04:38:00.4468908Z Resolving dependencies...
2026-10-10T04:38:00.5165534Z Downloading packages...
2026-10-10T04:38:00.5388652Z   code_assets 1.2.1 (2.1.0 available)
2026-10-10T04:38:00.5389065Z   cross_file 0.3.5+5 (0.4.0 available)
2026-10-10T04:38:00.5389502Z   jni 1.0.3 (1.1.0 available)
2026-10-10T04:38:00.5389814Z   jni_flutter 1.0.3 (1.0.4+1 available)
2026-10-10T04:38:00.5390288Z   material_color_utilities 0.13.0 (0.13.1 available)
2026-10-10T04:38:00.5390675Z   native_toolchain_c 0.19.3 (0.19.5 available)
2026-10-10T04:38:00.5391027Z   objective_c 9.5.0 (9.6.2 available)
2026-10-10T04:38:00.5391340Z   test_api 0.7.12 (0.7.15 available)
2026-10-10T04:38:00.5391658Z   url_launcher 6.3.2 (6.3.3 available)
2026-10-10T04:38:00.5391970Z   vector_math 2.4.0 (2.4.3 available)
2026-10-10T04:38:00.5392266Z Got dependencies!
2026-10-10T04:38:00.5392666Z 10 packages have newer versions incompatible with dependency constraints.
2026-10-10T04:38:00.5393171Z Try `flutter pub outdated` for more information.
2026-10-10T04:38:09.9738395Z Analyzing tandemlog...                                          
2026-10-10T04:38:09.9749280Z No issues found! (ran in 9.0s)
2026-10-10T04:38:09.9850287Z ##[group]Run python tool/build_text_engine.py --platform linux --output-dir "$RUNNER_TEMP/native-unit"
2026-10-10T04:38:09.9851121Z [36;1mpython tool/build_text_engine.py --platform linux --output-dir "$RUNNER_TEMP/native-unit"[0m
2026-10-10T04:38:09.9851559Z [36;1mnative_library="$RUNNER_TEMP/native-unit/libtandemlog_text.so"[0m
2026-10-10T04:38:09.9851969Z [36;1mif [[ "$RUNNER_OS" == Windows ]]; then native_library="$(cygpath -w "$native_library")"; fi[0m
2026-10-10T04:38:09.9852387Z [36;1mpython tool/native_build_gates.py verify_library "$native_library"[0m
2026-10-10T04:38:09.9852752Z [36;1mecho "TANDEMLOG_TEXT_LIBRARY=$native_library" >> "$GITHUB_ENV"[0m
2026-10-10T04:38:09.9909099Z shell: /usr/bin/bash --noprofile --norc -e -o pipefail {0}
2026-10-10T04:38:09.9909385Z env:
2026-10-10T04:38:09.9909633Z   CARGO_HOME: /home/runner/work/_temp/tandemlog-rust-bootstrap/cargo
2026-10-10T04:38:09.9910241Z   RUSTUP_HOME: /home/runner/work/_temp/tandemlog-rust-bootstrap/rustup
2026-10-10T04:38:09.9910598Z   RUSTUP_UPDATE_ROOT: https://static.rust-lang.org/rustup
2026-10-10T04:38:09.9910894Z   RUSTUP_DIST_SERVER: https://static.rust-lang.org
2026-10-10T04:38:09.9911320Z   RUSTUP_AUTO_INSTALL: 0
2026-10-10T04:38:09.9911621Z   TANDEMLOG_TEXT_TARGET_DIR: /home/runner/work/_temp/tandemlog-rust-bootstrap/target
2026-10-10T04:38:09.9911935Z ##[endgroup]
2026-10-10T04:38:10.1197794Z    Compiling proc-macro2 v1.0.107
2026-10-10T04:38:10.1198304Z    Compiling quote v1.0.47
2026-10-10T04:38:10.1198630Z    Compiling unicode-ident v1.0.26
2026-10-10T04:38:10.1198944Z    Compiling serde_core v1.0.229
2026-10-10T04:38:10.1624156Z    Compiling libc v0.2.190
2026-10-10T04:38:10.2301916Z    Compiling zmij v1.0.23
2026-10-10T04:38:10.2371838Z    Compiling pin-project-lite v0.2.17
2026-10-10T04:38:10.2661191Z    Compiling parking_lot_core v0.9.12
2026-10-10T04:38:10.3212976Z    Compiling parking v2.2.1
2026-10-10T04:38:10.3457169Z    Compiling smallvec v1.16.2
2026-10-10T04:38:10.3760921Z    Compiling rustversion v1.0.23
2026-10-10T04:38:10.3810045Z    Compiling crossbeam-utils v0.8.23
2026-10-10T04:38:10.5000547Z    Compiling event-listener v5.4.2
2026-10-10T04:38:10.7510993Z    Compiling serde v1.0.229
2026-10-10T04:38:10.7987046Z    Compiling syn v3.0.6
2026-10-10T04:38:10.8605729Z    Compiling cfg-if v1.0.5
2026-10-10T04:38:10.8820952Z    Compiling scopeguard v1.2.0
2026-10-10T04:38:10.9172313Z    Compiling thiserror v2.0.21
2026-10-10T04:38:11.0510918Z    Compiling serde_json v1.0.151
2026-10-10T04:38:11.1401212Z    Compiling lock_api v0.4.14
2026-10-10T04:38:11.2942063Z    Compiling event-listener-strategy v0.5.4
2026-10-10T04:38:11.8011120Z    Compiling hashbrown v0.14.5
2026-10-10T04:38:12.0023538Z    Compiling once_cell v1.21.4
2026-10-10T04:38:12.1170982Z    Compiling memchr v2.8.3
2026-10-10T04:38:12.3347465Z    Compiling itoa v1.0.18
2026-10-10T04:38:12.4291005Z    Compiling dashmap v6.2.1
2026-10-10T04:38:12.4301283Z    Compiling arc-swap v1.9.2
2026-10-10T04:38:12.7602576Z    Compiling async-lock v3.4.2
2026-10-10T04:38:12.7641562Z    Compiling smallstr v0.3.1
2026-10-10T04:38:12.8522934Z    Compiling fastrand v2.5.0
2026-10-10T04:38:13.0072790Z    Compiling base64 v0.22.1
2026-10-10T04:38:13.4596985Z    Compiling serde_derive v1.0.229
2026-10-10T04:38:13.4604028Z    Compiling thiserror-impl v2.0.21
2026-10-10T04:38:13.4604701Z    Compiling async-trait v0.1.92
2026-10-10T04:38:15.0812908Z    Compiling yrs v0.28.0 (/home/runner/work/tandemlog/tandemlog/native/text_engine/vendor/yrs-0.28.0)
2026-10-10T04:38:15.2197979Z warning: unused imports: `BlockRange` and `Block`
2026-10-10T04:38:15.2198479Z  --> vendor/yrs-0.28.0/src/transaction.rs:1:20
2026-10-10T04:38:15.2198822Z   |
2026-10-10T04:38:15.2206884Z 1 | use crate::block::{Block, BlockRange, Item, ItemContent, ItemPosition, ItemPtr, Prelim, ID};
2026-10-10T04:38:15.2207460Z   |                    ^^^^^  ^^^^^^^^^^
2026-10-10T04:38:15.2207770Z   |
2026-10-10T04:38:15.2208489Z   = note: `#[warn(unused_imports)]` (part of `#[warn(unused)]`) on by default
2026-10-10T04:38:15.2208839Z 
2026-10-10T04:38:15.2213675Z warning: unused import: `Block`
2026-10-10T04:38:15.2213984Z  --> vendor/yrs-0.28.0/src/block_iter.rs:1:20
2026-10-10T04:38:15.2214240Z   |
2026-10-10T04:38:15.2214488Z 1 | use crate::block::{Block, Item, ItemContent, ItemPtr, Prelim};
2026-10-10T04:38:15.2214778Z   |                    ^^^^^
2026-10-10T04:38:15.2214905Z 
2026-10-10T04:38:15.2223304Z warning: unused import: `ItemContent`
2026-10-10T04:38:15.2223681Z  --> vendor/yrs-0.28.0/src/iter.rs:1:20
2026-10-10T04:38:15.2223993Z   |
2026-10-10T04:38:15.2224267Z 1 | use crate::block::{ItemContent, ItemPtr};
2026-10-10T04:38:15.2224603Z   |                    ^^^^^^^^^^^
2026-10-10T04:38:15.2224805Z 
2026-10-10T04:38:15.2224950Z warning: unused imports: `SmallVec` and `smallvec`
2026-10-10T04:38:15.2225316Z  --> vendor/yrs-0.28.0/src/iter.rs:4:16
2026-10-10T04:38:15.2225602Z   |
2026-10-10T04:38:15.2225832Z 4 | use smallvec::{smallvec, SmallVec};
2026-10-10T04:38:15.2226153Z   |                ^^^^^^^^  ^^^^^^^^
2026-10-10T04:38:15.2226334Z 
2026-10-10T04:38:15.7077640Z warning: unused import: `crate::utils::OptionExt`
2026-10-10T04:38:15.7078276Z   --> vendor/yrs-0.28.0/src/doc.rs:10:5
2026-10-10T04:38:15.7078494Z    |
2026-10-10T04:38:15.7078671Z 10 | use crate::utils::OptionExt;
2026-10-10T04:38:15.7078887Z    |     ^^^^^^^^^^^^^^^^^^^^^^^
2026-10-10T04:38:15.7079020Z 
2026-10-10T04:38:15.7265671Z warning: value assigned to `left` is never read
2026-10-10T04:38:15.7266102Z    --> vendor/yrs-0.28.0/src/block.rs:494:24
2026-10-10T04:38:15.7266336Z     |
2026-10-10T04:38:15.7266497Z 494 |         let mut left = None;
2026-10-10T04:38:15.7266769Z     |                        ^^^^ this value is reassigned later and never used
2026-10-10T04:38:15.7267029Z ...
2026-10-10T04:38:15.7267230Z 540 |                 left = parent_branch.map.get(sub).cloned();
2026-10-10T04:38:15.7267867Z     |                 ------------------------------------------ `left` is overwritten here before the previous value is read
2026-10-10T04:38:15.7268347Z     |
2026-10-10T04:38:15.7268667Z     = note: `#[warn(unused_assignments)]` (part of `#[warn(unused)]`) on by default
2026-10-10T04:38:15.7269014Z 
2026-10-10T04:38:15.7327528Z warning: unused variable: `ptr`
2026-10-10T04:38:15.7327930Z    --> vendor/yrs-0.28.0/src/block.rs:886:21
2026-10-10T04:38:15.7328176Z     |
2026-10-10T04:38:15.7328578Z 886 |                 let ptr = BranchPtr::from(branch);
2026-10-10T04:38:15.7329070Z     |                     ^^^ help: if this is intentional, prefix it with an underscore: `_ptr`
2026-10-10T04:38:15.7329486Z     |
2026-10-10T04:38:15.7329808Z     = note: `#[warn(unused_variables)]` (part of `#[warn(unused)]`) on by default
2026-10-10T04:38:15.7330348Z 
2026-10-10T04:38:15.8449808Z warning: unused variable: `ptr`
2026-10-10T04:38:15.8450417Z    --> vendor/yrs-0.28.0/src/transaction.rs:778:13
2026-10-10T04:38:15.8450679Z     |
2026-10-10T04:38:15.8450847Z 778 |         let ptr = item.clone();
2026-10-10T04:38:15.8451192Z     |             ^^^ help: if this is intentional, prefix it with an underscore: `_ptr`
2026-10-10T04:38:15.8451459Z 
2026-10-10T04:38:15.8479722Z warning: variable does not need to be mutable
2026-10-10T04:38:15.8480240Z    --> vendor/yrs-0.28.0/src/transaction.rs:958:13
2026-10-10T04:38:15.8480582Z     |
2026-10-10T04:38:15.8480813Z 958 |         let mut block = Item::new(
2026-10-10T04:38:15.8481040Z     |             ----^^^^^
2026-10-10T04:38:15.8481220Z     |             |
2026-10-10T04:38:15.8481391Z     |             help: remove this `mut`
2026-10-10T04:38:15.8481594Z     |
2026-10-10T04:38:15.8481816Z     = note: `#[warn(unused_mut)]` (part of `#[warn(unused)]`) on by default
2026-10-10T04:38:15.8482025Z 
2026-10-10T04:38:16.2533041Z warning: variable does not need to be mutable
2026-10-10T04:38:16.2533518Z    --> vendor/yrs-0.28.0/src/undo.rs:133:13
2026-10-10T04:38:16.2533751Z     |
2026-10-10T04:38:16.2533995Z 133 |         let mut state = Arc::new(Inner {
2026-10-10T04:38:16.2534535Z     |             ----^^^^^
2026-10-10T04:38:16.2534727Z     |             |
2026-10-10T04:38:16.2534906Z     |             help: remove this `mut`
2026-10-10T04:38:16.2535086Z 
2026-10-10T04:38:16.2630073Z warning: unused variable: `clear_undo`
2026-10-10T04:38:16.2630545Z    --> vendor/yrs-0.28.0/src/undo.rs:379:34
2026-10-10T04:38:16.2630779Z     |
2026-10-10T04:38:16.2631031Z 379 |     fn clear_internal(&mut self, clear_undo: bool, clear_redo: bool) {
2026-10-10T04:38:16.2631470Z     |                                  ^^^^^^^^^^ help: if this is intentional, prefix it with an underscore: `_clear_undo`
2026-10-10T04:38:16.2631746Z 
2026-10-10T04:38:16.2631830Z warning: unused variable: `clear_redo`
2026-10-10T04:38:16.2632063Z    --> vendor/yrs-0.28.0/src/undo.rs:379:52
2026-10-10T04:38:16.2632279Z     |
2026-10-10T04:38:16.2632507Z 379 |     fn clear_internal(&mut self, clear_undo: bool, clear_redo: bool) {
2026-10-10T04:38:16.2632967Z     |                                                    ^^^^^^^^^^ help: if this is intentional, prefix it with an underscore: `_clear_redo`
2026-10-10T04:38:16.2633253Z 
2026-10-10T04:38:16.2982656Z warning: method `as_item` is never used
2026-10-10T04:38:16.2983721Z    --> vendor/yrs-0.28.0/src/block.rs:198:12
2026-10-10T04:38:16.2984311Z     |
2026-10-10T04:38:16.2984645Z 183 | impl<'a> BlockRef<'a> {
2026-10-10T04:38:16.2985013Z     | --------------------- method in this implementation
2026-10-10T04:38:16.2985337Z ...
2026-10-10T04:38:16.2985629Z 198 |     pub fn as_item(&self) -> Option<&'a Item> {
2026-10-10T04:38:16.2985992Z     |            ^^^^^^^
2026-10-10T04:38:16.2986254Z     |
2026-10-10T04:38:16.2986578Z     = note: `#[warn(dead_code)]` (part of `#[warn(unused)]`) on by default
2026-10-10T04:38:16.2986909Z 
2026-10-10T04:38:16.2987156Z warning: methods `last_id`, `is_item`, and `is_gc` are never used
2026-10-10T04:38:16.2987609Z    --> vendor/yrs-0.28.0/src/block.rs:264:12
2026-10-10T04:38:16.2987937Z     |
2026-10-10T04:38:16.2988093Z 221 | impl Block {
2026-10-10T04:38:16.2988431Z     | ---------- methods in this implementation
2026-10-10T04:38:16.2988766Z ...
2026-10-10T04:38:16.2989004Z 264 |     pub fn last_id(&self) -> ID {
2026-10-10T04:38:16.2989332Z     |            ^^^^^^^
2026-10-10T04:38:16.2989575Z ...
2026-10-10T04:38:16.2989813Z 281 |     pub fn is_item(&self) -> bool {
2026-10-10T04:38:16.2990274Z     |            ^^^^^^^
2026-10-10T04:38:16.2990524Z ...
2026-10-10T04:38:16.2990767Z 291 |     pub fn is_gc(&self) -> bool {
2026-10-10T04:38:16.2991074Z     |            ^^^^^
2026-10-10T04:38:16.2991225Z 
2026-10-10T04:38:16.2991380Z warning: method `delete_as_cleanup` is never used
2026-10-10T04:38:16.2991772Z    --> vendor/yrs-0.28.0/src/block.rs:632:19
2026-10-10T04:38:16.2992088Z     |
2026-10-10T04:38:16.2992309Z 444 | impl ItemPtr {
2026-10-10T04:38:16.2992598Z     | ------------ method in this implementation
2026-10-10T04:38:16.2992929Z ...
2026-10-10T04:38:16.2993328Z 632 |     pub(crate) fn delete_as_cleanup(&self, txn: &mut TransactionMut, is_local: bool) {
2026-10-10T04:38:16.2993868Z     |                   ^^^^^^^^^^^^^^^^^
2026-10-10T04:38:16.2994074Z 
2026-10-10T04:38:16.2994206Z warning: method `integrate` is never used
2026-10-10T04:38:16.2994573Z     --> vendor/yrs-0.28.0/src/block.rs:1415:19
2026-10-10T04:38:16.2994890Z      |
2026-10-10T04:38:16.2995117Z 1354 | impl BlockRange {
2026-10-10T04:38:16.2995433Z      | --------------- method in this implementation
2026-10-10T04:38:16.2995768Z ...
2026-10-10T04:38:16.2996077Z 1415 |     pub(crate) fn integrate(&mut self, pivot: u32) -> bool {
2026-10-10T04:38:16.2996482Z      |                   ^^^^^^^^^
2026-10-10T04:38:16.2996679Z 
2026-10-10T04:38:16.2996801Z warning: method `contains` is never used
2026-10-10T04:38:16.2997169Z    --> vendor/yrs-0.28.0/src/block_store.rs:300:12
2026-10-10T04:38:16.2997503Z     |
2026-10-10T04:38:16.2997722Z 289 | impl BlockStore {
2026-10-10T04:38:16.2998018Z     | --------------- method in this implementation
2026-10-10T04:38:16.2998370Z ...
2026-10-10T04:38:16.2998796Z 300 |     pub fn contains(&self, id: &ID) -> bool {
2026-10-10T04:38:16.2999016Z     |            ^^^^^^^^
2026-10-10T04:38:16.2999119Z 
2026-10-10T04:38:16.2999235Z warning: constant `WEAK_REF_FLAGS_QUOTE` is never used
2026-10-10T04:38:16.2999494Z    --> vendor/yrs-0.28.0/src/types/mod.rs:230:7
2026-10-10T04:38:16.2999723Z     |
2026-10-10T04:38:16.3000055Z 230 | const WEAK_REF_FLAGS_QUOTE: u8 = 0b0000_0001;
2026-10-10T04:38:16.3000302Z     |       ^^^^^^^^^^^^^^^^^^^^
2026-10-10T04:38:16.3000427Z 
2026-10-10T04:38:16.3000548Z warning: constant `WEAK_REF_FLAGS_START_ASSOC` is never used
2026-10-10T04:38:16.3000828Z    --> vendor/yrs-0.28.0/src/types/mod.rs:232:7
2026-10-10T04:38:16.3001041Z     |
2026-10-10T04:38:16.3001226Z 232 | const WEAK_REF_FLAGS_START_ASSOC: u8 = 0b0000_0010;
2026-10-10T04:38:16.3001466Z     |       ^^^^^^^^^^^^^^^^^^^^^^^^^^
2026-10-10T04:38:16.3001591Z 
2026-10-10T04:38:16.3001706Z warning: constant `WEAK_REF_FLAGS_END_ASSOC` is never used
2026-10-10T04:38:16.3001973Z    --> vendor/yrs-0.28.0/src/types/mod.rs:234:7
2026-10-10T04:38:16.3002177Z     |
2026-10-10T04:38:16.3002351Z 234 | const WEAK_REF_FLAGS_END_ASSOC: u8 = 0b0000_0100;
2026-10-10T04:38:16.3002717Z     |       ^^^^^^^^^^^^^^^^^^^^^^^^
2026-10-10T04:38:16.3002848Z 
2026-10-10T04:38:16.3002975Z warning: constant `WEAK_REF_FLAGS_START_UNBOUNDED` is never used
2026-10-10T04:38:16.3003265Z    --> vendor/yrs-0.28.0/src/types/mod.rs:236:7
2026-10-10T04:38:16.3003476Z     |
2026-10-10T04:38:16.3003667Z 236 | const WEAK_REF_FLAGS_START_UNBOUNDED: u8 = 0b0000_1000;
2026-10-10T04:38:16.3003917Z     |       ^^^^^^^^^^^^^^^^^^^^^^^^^^^^^^
2026-10-10T04:38:16.3004047Z 
2026-10-10T04:38:16.3004176Z warning: constant `WEAK_REF_FLAGS_END_UNBOUNDED` is never used
2026-10-10T04:38:16.3004446Z    --> vendor/yrs-0.28.0/src/types/mod.rs:238:7
2026-10-10T04:38:16.3004668Z     |
2026-10-10T04:38:16.3004861Z 238 | const WEAK_REF_FLAGS_END_UNBOUNDED: u8 = 0b0001_0000;
2026-10-10T04:38:16.3005105Z     |       ^^^^^^^^^^^^^^^^^^^^^^^^^^^^
2026-10-10T04:38:16.3005246Z 
2026-10-10T04:38:16.3005373Z warning: constant `WEAK_REF_FLAGS_PARENT_ROOT` is never used
2026-10-10T04:38:16.3005640Z    --> vendor/yrs-0.28.0/src/types/mod.rs:240:7
2026-10-10T04:38:16.3005848Z     |
2026-10-10T04:38:16.3006026Z 240 | const WEAK_REF_FLAGS_PARENT_ROOT: u8 = 0b0010_0000;
2026-10-10T04:38:16.3006267Z     |       ^^^^^^^^^^^^^^^^^^^^^^^^^^
2026-10-10T04:38:16.3006399Z 
2026-10-10T04:38:16.3006476Z warning: field `txn` is never read
2026-10-10T04:38:16.3006685Z    --> vendor/yrs-0.28.0/src/types/mod.rs:538:5
2026-10-10T04:38:16.3006886Z     |
2026-10-10T04:38:16.3007042Z 536 | pub(crate) struct Entries<'a, B, T> {
2026-10-10T04:38:16.3007276Z     |                   ------- field in this struct
2026-10-10T04:38:16.3007620Z 537 |     iter: std::collections::hash_map::Iter<'a, Arc<str>, ItemPtr>,
2026-10-10T04:38:16.3007883Z 538 |     txn: B,
2026-10-10T04:38:16.3008038Z     |     ^^^
2026-10-10T04:38:16.3008181Z     |
2026-10-10T04:38:16.3008527Z     = note: `Entries` has a derived impl for the trait `Debug`, but this is intentionally ignored during dead code analysis
2026-10-10T04:38:16.3008857Z 
2026-10-10T04:38:16.3008940Z warning: method `as_id_set` is never used
2026-10-10T04:38:16.3009168Z   --> vendor/yrs-0.28.0/src/update.rs:48:12
2026-10-10T04:38:16.3009370Z    |
2026-10-10T04:38:16.3009515Z 28 | impl BlockSet {
2026-10-10T04:38:16.3009715Z    | ------------- method in this implementation
2026-10-10T04:38:16.3015610Z ...
2026-10-10T04:38:16.3015808Z 48 |     pub fn as_id_set(&self) -> IdSet {
2026-10-10T04:38:16.3016047Z    |            ^^^^^^^^^
2026-10-10T04:38:16.3016163Z 
2026-10-10T04:38:16.3016374Z warning: associated functions `next_target` and `return_stack` are never used
2026-10-10T04:38:16.3016712Z    --> vendor/yrs-0.28.0/src/update.rs:503:8
2026-10-10T04:38:16.3016928Z     |
2026-10-10T04:38:16.3017075Z 169 | impl Update {
2026-10-10T04:38:16.3017290Z     | ----------- associated functions in this implementation
2026-10-10T04:38:16.3017543Z ...
2026-10-10T04:38:16.3017882Z 503 |     fn next_target<'a, 'b>(
2026-10-10T04:38:16.3018083Z     |        ^^^^^^^^^^^
2026-10-10T04:38:16.3018253Z ...
2026-10-10T04:38:16.3018532Z 526 |     fn return_stack(stack: Vec<Block>, refs: &mut BlockSet, remaining: &mut BlockSet) {
2026-10-10T04:38:16.3018865Z     |        ^^^^^^^^^^^^
2026-10-10T04:38:16.3018982Z 
2026-10-10T04:38:16.3019124Z warning: methods `forward`, `backward`, and `values` are never used
2026-10-10T04:38:16.3019417Z    --> vendor/yrs-0.28.0/src/block_iter.rs:76:12
2026-10-10T04:38:16.3019630Z     |
2026-10-10T04:38:16.3019776Z  18 | impl BlockIter {
2026-10-10T04:38:16.3020101Z     | -------------- methods in this implementation
2026-10-10T04:38:16.3020392Z ...
2026-10-10T04:38:16.3020610Z  76 |     pub fn forward<T: ReadTxn>(&mut self, txn: &T, len: u32) {
2026-10-10T04:38:16.3020866Z     |            ^^^^^^^
2026-10-10T04:38:16.3021030Z ...
2026-10-10T04:38:16.3021250Z 130 |     pub fn backward<T: ReadTxn>(&mut self, txn: &mut T, mut len: u32) {
2026-10-10T04:38:16.3021539Z     |            ^^^^^^^^
2026-10-10T04:38:16.3021708Z ...
2026-10-10T04:38:16.3021867Z 369 |     pub fn values<'a, 'txn, T: ReadTxn>(
2026-10-10T04:38:16.3022196Z     |            ^^^^^^
2026-10-10T04:38:16.3022555Z 
2026-10-10T04:38:16.3022711Z warning: struct `Values` is never constructed
2026-10-10T04:38:16.3023142Z    --> vendor/yrs-0.28.0/src/block_iter.rs:377:12
2026-10-10T04:38:16.3023477Z     |
2026-10-10T04:38:16.3023712Z 377 | pub struct Values<'a, 'txn> {
2026-10-10T04:38:16.3024012Z     |            ^^^^^^
2026-10-10T04:38:16.3024165Z 
2026-10-10T04:38:16.3024316Z warning: associated function `new` is never used
2026-10-10T04:38:16.3024674Z    --> vendor/yrs-0.28.0/src/block_iter.rs:383:8
2026-10-10T04:38:16.3024883Z     |
2026-10-10T04:38:16.3025035Z 382 | impl<'a, 'txn> Values<'a, 'txn> {
2026-10-10T04:38:16.3025312Z     | ------------------------------- associated function in this implementation
2026-10-10T04:38:16.3025701Z 383 |     fn new(iter: &'a mut BlockIter, txn: &'txn mut TransactionMut<'txn>) -> Self {
2026-10-10T04:38:16.3026002Z     |        ^^^
2026-10-10T04:38:16.3026091Z 
2026-10-10T04:38:16.3026178Z warning: method `remove_at` is never used
2026-10-10T04:38:16.3026411Z    --> vendor/yrs-0.28.0/src/branch.rs:398:19
2026-10-10T04:38:16.3026613Z     |
2026-10-10T04:38:16.3026757Z 222 | impl Branch {
2026-10-10T04:38:16.3026938Z     | ----------- method in this implementation
2026-10-10T04:38:16.3027141Z ...
2026-10-10T04:38:16.3027407Z 398 |     pub(crate) fn remove_at(&self, txn: &mut TransactionMut, index: u32, len: u32) -> u32 {
2026-10-10T04:38:16.3027726Z     |                   ^^^^^^^^^
2026-10-10T04:38:16.3027856Z 
2026-10-10T04:38:16.3027946Z warning: method `inner_mut` is never used
2026-10-10T04:38:16.3028166Z    --> vendor/yrs-0.28.0/src/ids.rs:548:19
2026-10-10T04:38:16.3028363Z     |
2026-10-10T04:38:16.3028514Z  58 | impl<T: Merge> IdRanges<T> {
2026-10-10T04:38:16.3028749Z     | -------------------------- method in this implementation
2026-10-10T04:38:16.3028991Z ...
2026-10-10T04:38:16.3029218Z 548 |     pub(crate) fn inner_mut(&mut self) -> &mut SmallVec<[(Range<u32>, T); 1]> {
2026-10-10T04:38:16.3029508Z     |                   ^^^^^^^^^
2026-10-10T04:38:16.3029628Z 
2026-10-10T04:38:16.3029715Z warning: trait `BlockIterator` is never used
2026-10-10T04:38:16.3030168Z  --> vendor/yrs-0.28.0/src/iter.rs:7:18
2026-10-10T04:38:16.3030374Z   |
2026-10-10T04:38:16.3030583Z 7 | pub(crate) trait BlockIterator: Iterator<Item = ItemPtr> + Sized {
2026-10-10T04:38:16.3030857Z   |                  ^^^^^^^^^^^^^
2026-10-10T04:38:16.3030971Z 
2026-10-10T04:38:16.3031072Z warning: trait `BlockSliceIterator` is never used
2026-10-10T04:38:16.3031313Z   --> vendor/yrs-0.28.0/src/iter.rs:16:18
2026-10-10T04:38:16.3031507Z    |
2026-10-10T04:38:16.3031736Z 16 | pub(crate) trait BlockSliceIterator: Iterator<Item = ItemSlice> + Sized {
2026-10-10T04:38:16.3032035Z    |                  ^^^^^^^^^^^^^^^^^^
2026-10-10T04:38:16.3032170Z 
2026-10-10T04:38:16.3032431Z warning: struct `RangeIter` is never constructed
2026-10-10T04:38:16.3032676Z    --> vendor/yrs-0.28.0/src/iter.rs:106:19
2026-10-10T04:38:16.3032902Z     |
2026-10-10T04:38:16.3033066Z 106 | pub(crate) struct RangeIter<I> {
2026-10-10T04:38:16.3033265Z     |                   ^^^^^^^^^
2026-10-10T04:38:16.3033377Z 
2026-10-10T04:38:16.3033498Z warning: associated items `new` and `begin` are never used
2026-10-10T04:38:16.3033757Z    --> vendor/yrs-0.28.0/src/iter.rs:117:8
2026-10-10T04:38:16.3033949Z     |
2026-10-10T04:38:16.3034093Z 113 | / impl<I> RangeIter<I>
2026-10-10T04:38:16.3034273Z 114 | | where
2026-10-10T04:38:16.3034431Z 115 | |     I: Iterator<Item = ItemPtr>,
2026-10-10T04:38:16.3034693Z     | |________________________________- associated items in this implementation
2026-10-10T04:38:16.3034969Z 116 |   {
2026-10-10T04:38:16.3035179Z 117 |       fn new(iter: I, start: StickyIndex, end: StickyIndex) -> Self {
2026-10-10T04:38:16.3035487Z     |          ^^^
2026-10-10T04:38:16.3035641Z ...
2026-10-10T04:38:16.3035858Z 126 |       fn begin(&mut self, start_offset: &mut u32) -> Option<ItemPtr> {
2026-10-10T04:38:16.3036129Z     |          ^^^^^
2026-10-10T04:38:16.3036423Z 
2026-10-10T04:38:16.3036554Z warning: enum `RangeIterState` is never used
2026-10-10T04:38:16.3036897Z    --> vendor/yrs-0.28.0/src/iter.rs:234:6
2026-10-10T04:38:16.3037210Z     |
2026-10-10T04:38:16.3037446Z 234 | enum RangeIterState {
2026-10-10T04:38:16.3037729Z     |      ^^^^^^^^^^^^^^
2026-10-10T04:38:16.3037836Z 
2026-10-10T04:38:16.3037930Z warning: struct `Values` is never constructed
2026-10-10T04:38:16.3038181Z    --> vendor/yrs-0.28.0/src/iter.rs:245:19
2026-10-10T04:38:16.3038383Z     |
2026-10-10T04:38:16.3038564Z 245 | pub(crate) struct Values<I> {
2026-10-10T04:38:16.3038765Z     |                   ^^^^^^
2026-10-10T04:38:16.3038883Z 
2026-10-10T04:38:16.3038972Z warning: associated function `new` is never used
2026-10-10T04:38:16.3039209Z    --> vendor/yrs-0.28.0/src/iter.rs:251:8
2026-10-10T04:38:16.3039410Z     |
2026-10-10T04:38:16.3039565Z 250 | impl<I> Values<I> {
2026-10-10T04:38:16.3039792Z     | ----------------- associated function in this implementation
2026-10-10T04:38:16.3040242Z 251 |     fn new(iter: I) -> Self {
2026-10-10T04:38:16.3040430Z     |        ^^^
2026-10-10T04:38:16.3040514Z 
2026-10-10T04:38:16.3040610Z warning: field `txn` is never read
2026-10-10T04:38:16.3040814Z    --> vendor/yrs-0.28.0/src/iter.rs:287:5
2026-10-10T04:38:16.3041004Z     |
2026-10-10T04:38:16.3041152Z 286 | pub struct AsIter<'a, T, I> {
2026-10-10T04:38:16.3041351Z     |            ------ field in this struct
2026-10-10T04:38:16.3041554Z 287 |     txn: &'a T,
2026-10-10T04:38:16.3041717Z     |     ^^^
2026-10-10T04:38:16.3041856Z     |
2026-10-10T04:38:16.3042175Z     = note: `AsIter` has a derived impl for the trait `Debug`, but this is intentionally ignored during dead code analysis
2026-10-10T04:38:16.3042494Z 
2026-10-10T04:38:16.3042659Z warning: methods `adjacent`, `contains_id`, `right`, and `left` are never used
2026-10-10T04:38:16.3042971Z    --> vendor/yrs-0.28.0/src/slice.rs:164:12
2026-10-10T04:38:16.3043161Z     |
2026-10-10T04:38:16.3043306Z 105 | impl ItemSlice {
2026-10-10T04:38:16.3043511Z     | -------------- methods in this implementation
2026-10-10T04:38:16.3043723Z ...
2026-10-10T04:38:16.3043873Z 164 |     pub fn adjacent(&self) -> bool {
2026-10-10T04:38:16.3044069Z     |            ^^^^^^^^
2026-10-10T04:38:16.3044225Z ...
2026-10-10T04:38:16.3044398Z 179 |     pub fn contains_id(&self, id: &ID) -> bool {
2026-10-10T04:38:16.3044627Z     |            ^^^^^^^^^^^
2026-10-10T04:38:16.3044804Z ...
2026-10-10T04:38:16.3044979Z 249 |     pub fn right(&self) -> Option<ItemSlice> {
2026-10-10T04:38:16.3045195Z     |            ^^^^^
2026-10-10T04:38:16.3045349Z ...
2026-10-10T04:38:16.3045509Z 269 |     pub fn left(&self) -> Option<ItemSlice> {
2026-10-10T04:38:16.3045717Z     |            ^^^^
2026-10-10T04:38:16.3045815Z 
2026-10-10T04:38:16.3045936Z warning: methods `within_range` and `get_item` are never used
2026-10-10T04:38:16.3046331Z    --> vendor/yrs-0.28.0/src/sticky_index.rs:272:19
2026-10-10T04:38:16.3046554Z     |
2026-10-10T04:38:16.3046707Z  51 | impl StickyIndex {
2026-10-10T04:38:16.3046915Z     | ---------------- methods in this implementation
2026-10-10T04:38:16.3047132Z ...
2026-10-10T04:38:16.3047338Z 272 |     pub(crate) fn within_range(&self, ptr: Option<ItemPtr>) -> bool {
2026-10-10T04:38:16.3047610Z     |                   ^^^^^^^^^^^^
2026-10-10T04:38:16.3047793Z ...
2026-10-10T04:38:16.3048014Z 287 |     pub(crate) fn get_item<T: ReadTxn>(&self, txn: &T) -> Option<ItemPtr> {
2026-10-10T04:38:16.3048293Z     |                   ^^^^^^^^
2026-10-10T04:38:16.3048412Z 
2026-10-10T04:38:16.3048559Z warning: hiding a lifetime that's elided elsewhere is confusing
2026-10-10T04:38:16.3048839Z   --> vendor/yrs-0.28.0/src/event.rs:63:18
2026-10-10T04:38:16.3049038Z    |
2026-10-10T04:38:16.3049209Z 63 |     pub fn added(&self) -> SubdocsEventIter {
2026-10-10T04:38:16.3049466Z    |                  ^^^^^     ^^^^^^^^^^^^^^^^ the same lifetime is hidden here
2026-10-10T04:38:16.3049702Z    |                  |
2026-10-10T04:38:16.3049971Z    |                  the lifetime is elided here
2026-10-10T04:38:16.3050345Z    |
2026-10-10T04:38:16.3050640Z    = help: the same lifetime is referred to in inconsistent ways, making the signature confusing
2026-10-10T04:38:16.3051024Z    = note: `#[warn(mismatched_lifetime_syntaxes)]` on by default
2026-10-10T04:38:16.3051281Z help: use `'_` for type paths
2026-10-10T04:38:16.3051464Z    |
2026-10-10T04:38:16.3051642Z 63 |     pub fn added(&self) -> SubdocsEventIter<'_> {
2026-10-10T04:38:16.3051878Z    |                                            ++++
2026-10-10T04:38:16.3052015Z 
2026-10-10T04:38:16.3052148Z warning: hiding a lifetime that's elided elsewhere is confusing
2026-10-10T04:38:16.3052415Z   --> vendor/yrs-0.28.0/src/event.rs:69:20
2026-10-10T04:38:16.3052610Z    |
2026-10-10T04:38:16.3052772Z 69 |     pub fn removed(&self) -> SubdocsEventIter {
2026-10-10T04:38:16.3053031Z    |                    ^^^^^     ^^^^^^^^^^^^^^^^ the same lifetime is hidden here
2026-10-10T04:38:16.3053275Z    |                    |
2026-10-10T04:38:16.3053463Z    |                    the lifetime is elided here
2026-10-10T04:38:16.3053666Z    |
2026-10-10T04:38:16.3053921Z    = help: the same lifetime is referred to in inconsistent ways, making the signature confusing
2026-10-10T04:38:16.3054251Z help: use `'_` for type paths
2026-10-10T04:38:16.3054422Z    |
2026-10-10T04:38:16.3054602Z 69 |     pub fn removed(&self) -> SubdocsEventIter<'_> {
2026-10-10T04:38:16.3054845Z    |                                              ++++
2026-10-10T04:38:16.3054989Z 
2026-10-10T04:38:16.3055107Z warning: hiding a lifetime that's elided elsewhere is confusing
2026-10-10T04:38:16.3055368Z   --> vendor/yrs-0.28.0/src/event.rs:75:19
2026-10-10T04:38:16.3055557Z    |
2026-10-10T04:38:16.3055727Z 75 |     pub fn loaded(&self) -> SubdocsEventIter {
2026-10-10T04:38:16.3056135Z    |                   ^^^^^     ^^^^^^^^^^^^^^^^ the same lifetime is hidden here
2026-10-10T04:38:16.3056502Z    |                   |
2026-10-10T04:38:16.3056787Z    |                   the lifetime is elided here
2026-10-10T04:38:16.3057024Z    |
2026-10-10T04:38:16.3057290Z    = help: the same lifetime is referred to in inconsistent ways, making the signature confusing
2026-10-10T04:38:16.3057624Z help: use `'_` for type paths
2026-10-10T04:38:16.3057801Z    |
2026-10-10T04:38:16.3057984Z 75 |     pub fn loaded(&self) -> SubdocsEventIter<'_> {
2026-10-10T04:38:16.3058390Z    |                                             ++++
2026-10-10T04:38:16.3058647Z 
2026-10-10T04:38:16.3058846Z warning: hiding a lifetime that's elided elsewhere is confusing
2026-10-10T04:38:16.3059244Z    --> vendor/yrs-0.28.0/src/store.rs:358:20
2026-10-10T04:38:16.3059563Z     |
2026-10-10T04:38:16.3059819Z 358 |     pub fn subdocs(&self) -> SubdocsIter {
2026-10-10T04:38:16.3060417Z     |                    ^^^^^     ^^^^^^^^^^^ the same lifetime is hidden here
2026-10-10T04:38:16.3060798Z     |                    |
2026-10-10T04:38:16.3061096Z     |                    the lifetime is elided here
2026-10-10T04:38:16.3061428Z     |
2026-10-10T04:38:16.3061845Z     = help: the same lifetime is referred to in inconsistent ways, making the signature confusing
2026-10-10T04:38:16.3062391Z help: use `'_` for type paths
2026-10-10T04:38:16.3062665Z     |
2026-10-10T04:38:16.3062925Z 358 |     pub fn subdocs(&self) -> SubdocsIter<'_> {
2026-10-10T04:38:16.3063287Z     |                                         ++++
2026-10-10T04:38:16.3063505Z 
2026-10-10T04:38:16.3063709Z warning: hiding a lifetime that's elided elsewhere is confusing
2026-10-10T04:38:16.3064135Z    --> vendor/yrs-0.28.0/src/store.rs:364:25
2026-10-10T04:38:16.3064471Z     |
2026-10-10T04:38:16.3064765Z 364 |     pub fn subdoc_guids(&self) -> SubdocGuids {
2026-10-10T04:38:16.3065173Z     |                         ^^^^^     ^^^^^^^^^^^ the same lifetime is hidden here
2026-10-10T04:38:16.3065574Z     |                         |
2026-10-10T04:38:16.3065882Z     |                         the lifetime is elided here
2026-10-10T04:38:16.3066211Z     |
2026-10-10T04:38:16.3066764Z     = help: the same lifetime is referred to in inconsistent ways, making the signature confusing
2026-10-10T04:38:16.3067292Z help: use `'_` for type paths
2026-10-10T04:38:16.3067562Z     |
2026-10-10T04:38:16.3067833Z 364 |     pub fn subdoc_guids(&self) -> SubdocGuids<'_> {
2026-10-10T04:38:16.3068223Z     |                                              ++++
2026-10-10T04:38:16.3068452Z 
2026-10-10T04:38:16.3068671Z warning: hiding a lifetime that's elided elsewhere is confusing
2026-10-10T04:38:16.3069096Z    --> vendor/yrs-0.28.0/src/store.rs:444:28
2026-10-10T04:38:16.3069408Z     |
2026-10-10T04:38:16.3069737Z 444 |     pub(crate) fn try_read(&self) -> Option<RwLockReadGuard<Store>> {
2026-10-10T04:38:16.3070385Z     |                            ^^^^^            ^^^^^^^^^^^^^^^^^^^^^^ the same lifetime is hidden here
2026-10-10T04:38:16.3070811Z     |                            |
2026-10-10T04:38:16.3071143Z     |                            the lifetime is elided here
2026-10-10T04:38:16.3071481Z     |
2026-10-10T04:38:16.3071908Z     = help: the same lifetime is referred to in inconsistent ways, making the signature confusing
2026-10-10T04:38:16.3072429Z help: use `'_` for type paths
2026-10-10T04:38:16.3072700Z     |
2026-10-10T04:38:16.3073036Z 444 |     pub(crate) fn try_read(&self) -> Option<RwLockReadGuard<'_, Store>> {
2026-10-10T04:38:16.3073502Z     |                                                             +++
2026-10-10T04:38:16.3073752Z 
2026-10-10T04:38:16.3073945Z warning: hiding a lifetime that's elided elsewhere is confusing
2026-10-10T04:38:16.3074372Z    --> vendor/yrs-0.28.0/src/store.rs:449:33
2026-10-10T04:38:16.3074683Z     |
2026-10-10T04:38:16.3075001Z 449 |     pub(crate) fn read_blocking(&self) -> RwLockReadGuard<Store> {
2026-10-10T04:38:16.3075521Z     |                                 ^^^^^     ^^^^^^^^^^^^^^^^^^^^^^ the same lifetime is hidden here
2026-10-10T04:38:16.3075935Z     |                                 |
2026-10-10T04:38:16.3076275Z     |                                 the lifetime is elided here
2026-10-10T04:38:16.3076622Z     |
2026-10-10T04:38:16.3077031Z     = help: the same lifetime is referred to in inconsistent ways, making the signature confusing
2026-10-10T04:38:16.3077549Z help: use `'_` for type paths
2026-10-10T04:38:16.3077826Z     |
2026-10-10T04:38:16.3078156Z 449 |     pub(crate) fn read_blocking(&self) -> RwLockReadGuard<'_, Store> {
2026-10-10T04:38:16.3078615Z     |                                                           +++
2026-10-10T04:38:16.3078868Z 
2026-10-10T04:38:16.3079072Z warning: hiding a lifetime that's elided elsewhere is confusing
2026-10-10T04:38:16.3079500Z    --> vendor/yrs-0.28.0/src/store.rs:458:30
2026-10-10T04:38:16.3079809Z     |
2026-10-10T04:38:16.3080189Z 458 |     pub(crate) fn read_async(&self) -> Read<Store> {
2026-10-10T04:38:16.3080757Z     |                              ^^^^^     ^^^^^^^^^^^ the same lifetime is hidden here
2026-10-10T04:38:16.3081150Z     |                              |
2026-10-10T04:38:16.3081488Z     |                              the lifetime is elided here
2026-10-10T04:38:16.3081821Z     |
2026-10-10T04:38:16.3082230Z     = help: the same lifetime is referred to in inconsistent ways, making the signature confusing
2026-10-10T04:38:16.3082778Z help: use `'_` for type paths
2026-10-10T04:38:16.3083049Z     |
2026-10-10T04:38:16.3083249Z 458 |     pub(crate) fn read_async(&self) -> Read<'_, Store> {
2026-10-10T04:38:16.3083495Z     |                                             +++
2026-10-10T04:38:16.3083634Z 
2026-10-10T04:38:16.3083760Z warning: hiding a lifetime that's elided elsewhere is confusing
2026-10-10T04:38:16.3084022Z    --> vendor/yrs-0.28.0/src/store.rs:462:29
2026-10-10T04:38:16.3084247Z     |
2026-10-10T04:38:16.3084458Z 462 |     pub(crate) fn try_write(&self) -> Option<RwLockWriteGuard<Store>> {
2026-10-10T04:38:16.3084811Z     |                             ^^^^^            ^^^^^^^^^^^^^^^^^^^^^^^ the same lifetime is hidden here
2026-10-10T04:38:16.3085203Z     |                             |
2026-10-10T04:38:16.3085408Z     |                             the lifetime is elided here
2026-10-10T04:38:16.3085618Z     |
2026-10-10T04:38:16.3085875Z     = help: the same lifetime is referred to in inconsistent ways, making the signature confusing
2026-10-10T04:38:16.3086210Z help: use `'_` for type paths
2026-10-10T04:38:16.3086391Z     |
2026-10-10T04:38:16.3086618Z 462 |     pub(crate) fn try_write(&self) -> Option<RwLockWriteGuard<'_, Store>> {
2026-10-10T04:38:16.3086918Z     |                                                               +++
2026-10-10T04:38:16.3087081Z 
2026-10-10T04:38:16.3087201Z warning: hiding a lifetime that's elided elsewhere is confusing
2026-10-10T04:38:16.3087477Z    --> vendor/yrs-0.28.0/src/store.rs:467:34
2026-10-10T04:38:16.3087688Z     |
2026-10-10T04:38:16.3087903Z 467 |     pub(crate) fn write_blocking(&self) -> RwLockWriteGuard<Store> {
2026-10-10T04:38:16.3088232Z     |                                  ^^^^^     ^^^^^^^^^^^^^^^^^^^^^^^ the same lifetime is hidden here
2026-10-10T04:38:16.3088502Z     |                                  |
2026-10-10T04:38:16.3088724Z     |                                  the lifetime is elided here
2026-10-10T04:38:16.3088941Z     |
2026-10-10T04:38:16.3089212Z     = help: the same lifetime is referred to in inconsistent ways, making the signature confusing
2026-10-10T04:38:16.3089541Z help: use `'_` for type paths
2026-10-10T04:38:16.3089720Z     |
2026-10-10T04:38:16.3090160Z 467 |     pub(crate) fn write_blocking(&self) -> RwLockWriteGuard<'_, Store> {
2026-10-10T04:38:16.3090465Z     |                                                             +++
2026-10-10T04:38:16.3090621Z 
2026-10-10T04:38:16.3090752Z warning: hiding a lifetime that's elided elsewhere is confusing
2026-10-10T04:38:16.3091027Z    --> vendor/yrs-0.28.0/src/store.rs:476:31
2026-10-10T04:38:16.3091230Z     |
2026-10-10T04:38:16.3091412Z 476 |     pub(crate) fn write_async(&self) -> Write<Store> {
2026-10-10T04:38:16.3091705Z     |                               ^^^^^     ^^^^^^^^^^^^ the same lifetime is hidden here
2026-10-10T04:38:16.3091967Z     |                               |
2026-10-10T04:38:16.3092224Z     |                               the lifetime is elided here
2026-10-10T04:38:16.3092436Z     |
2026-10-10T04:38:16.3092730Z     = help: the same lifetime is referred to in inconsistent ways, making the signature confusing
2026-10-10T04:38:16.3093258Z help: use `'_` for type paths
2026-10-10T04:38:16.3093554Z     |
2026-10-10T04:38:16.3093840Z 476 |     pub(crate) fn write_async(&self) -> Write<'_, Store> {
2026-10-10T04:38:16.3094198Z     |                                               +++
2026-10-10T04:38:16.3094404Z 
2026-10-10T04:38:16.3094584Z warning: hiding a lifetime that's elided elsewhere is confusing
2026-10-10T04:38:16.3095062Z    --> vendor/yrs-0.28.0/src/transaction.rs:168:18
2026-10-10T04:38:16.3095286Z     |
2026-10-10T04:38:16.3095494Z 168 |     fn root_refs(&self) -> RootRefs {
2026-10-10T04:38:16.3095861Z     |                  ^^^^^     ^^^^^^^^ the same lifetime is hidden here
2026-10-10T04:38:16.3096202Z     |                  |
2026-10-10T04:38:16.3096498Z     |                  the lifetime is elided here
2026-10-10T04:38:16.3096788Z     |
2026-10-10T04:38:16.3097211Z     = help: the same lifetime is referred to in inconsistent ways, making the signature confusing
2026-10-10T04:38:16.3097743Z help: use `'_` for type paths
2026-10-10T04:38:16.3098017Z     |
2026-10-10T04:38:16.3098282Z 168 |     fn root_refs(&self) -> RootRefs<'_> {
2026-10-10T04:38:16.3098629Z     |                                    ++++
2026-10-10T04:38:16.3098838Z 
2026-10-10T04:38:16.3099040Z warning: hiding a lifetime that's elided elsewhere is confusing
2026-10-10T04:38:16.3099484Z    --> vendor/yrs-0.28.0/src/transaction.rs:175:21
2026-10-10T04:38:16.3099776Z     |
2026-10-10T04:38:16.3100129Z 175 |     fn subdoc_guids(&self) -> SubdocGuids {
2026-10-10T04:38:16.3100396Z     |                     ^^^^^     ^^^^^^^^^^^ the same lifetime is hidden here
2026-10-10T04:38:16.3100778Z     |                     |
2026-10-10T04:38:16.3100977Z     |                     the lifetime is elided here
2026-10-10T04:38:16.3101186Z     |
2026-10-10T04:38:16.3101454Z     = help: the same lifetime is referred to in inconsistent ways, making the signature confusing
2026-10-10T04:38:16.3101781Z help: use `'_` for type paths
2026-10-10T04:38:16.3101982Z     |
2026-10-10T04:38:16.3102176Z 175 |     fn subdoc_guids(&self) -> SubdocGuids<'_> {
2026-10-10T04:38:16.3102407Z     |                                          ++++
2026-10-10T04:38:16.3102552Z 
2026-10-10T04:38:16.3102674Z warning: hiding a lifetime that's elided elsewhere is confusing
2026-10-10T04:38:16.3102955Z    --> vendor/yrs-0.28.0/src/transaction.rs:181:16
2026-10-10T04:38:16.3103169Z     |
2026-10-10T04:38:16.3103341Z 181 |     fn subdocs(&self) -> SubdocsIter {
2026-10-10T04:38:16.3103591Z     |                ^^^^^     ^^^^^^^^^^^ the same lifetime is hidden here
2026-10-10T04:38:16.3103830Z     |                |
2026-10-10T04:38:16.3104008Z     |                the lifetime is elided here
2026-10-10T04:38:16.3104210Z     |
2026-10-10T04:38:16.3104469Z     = help: the same lifetime is referred to in inconsistent ways, making the signature confusing
2026-10-10T04:38:16.3104794Z help: use `'_` for type paths
2026-10-10T04:38:16.3104967Z     |
2026-10-10T04:38:16.3105123Z 181 |     fn subdocs(&self) -> SubdocsIter<'_> {
2026-10-10T04:38:16.3105344Z     |                                     ++++
2026-10-10T04:38:16.3105488Z 
2026-10-10T04:38:16.3105625Z warning: hiding a lifetime that's elided elsewhere is confusing
2026-10-10T04:38:16.3105893Z    --> vendor/yrs-0.28.0/src/types/mod.rs:911:17
2026-10-10T04:38:16.3106096Z     |
2026-10-10T04:38:16.3106253Z 911 |     pub fn iter(&self) -> EventsIter {
2026-10-10T04:38:16.3106491Z     |                 ^^^^^     ^^^^^^^^^^ the same lifetime is hidden here
2026-10-10T04:38:16.3106715Z     |                 |
2026-10-10T04:38:16.3106894Z     |                 the lifetime is elided here
2026-10-10T04:38:16.3107102Z     |
2026-10-10T04:38:16.3107354Z     = help: the same lifetime is referred to in inconsistent ways, making the signature confusing
2026-10-10T04:38:16.3107692Z help: use `'_` for type paths
2026-10-10T04:38:16.3107867Z     |
2026-10-10T04:38:16.3108025Z 911 |     pub fn iter(&self) -> EventsIter<'_> {
2026-10-10T04:38:16.3108237Z     |                                     ++++
2026-10-10T04:38:16.3108364Z 
2026-10-10T04:38:16.3213583Z warning: hiding a lifetime that's elided elsewhere is confusing
2026-10-10T04:38:16.3214014Z   --> vendor/yrs-0.28.0/src/state_vector.rs:93:17
2026-10-10T04:38:16.3214243Z    |
2026-10-10T04:38:16.3214545Z 93 |     pub fn iter(&self) -> std::collections::hash_map::Iter<ClientID, u32> {
2026-10-10T04:38:16.3215121Z    |                 ^^^^^     ^^^^^^^^^^^^^^^^^^^^^^^^^^^^^^^^^^^^^^^^^^^^^^^ the same lifetime is hidden here
2026-10-10T04:38:16.3215405Z    |                 |
2026-10-10T04:38:16.3215604Z    |                 the lifetime is elided here
2026-10-10T04:38:16.3215824Z    |
2026-10-10T04:38:16.3216100Z    = help: the same lifetime is referred to in inconsistent ways, making the signature confusing
2026-10-10T04:38:16.3216439Z help: use `'_` for type paths
2026-10-10T04:38:16.3216628Z    |
2026-10-10T04:38:16.3216878Z 93 |     pub fn iter(&self) -> std::collections::hash_map::Iter<'_, ClientID, u32> {
2026-10-10T04:38:16.3217194Z    |                                                            +++
2026-10-10T04:38:16.3217363Z 
2026-10-10T04:38:16.3223606Z warning: hiding a lifetime that's elided elsewhere is confusing
2026-10-10T04:38:16.3224093Z    --> vendor/yrs-0.28.0/src/sync/awareness.rs:141:17
2026-10-10T04:38:16.3224361Z     |
2026-10-10T04:38:16.3224548Z 141 |     pub fn iter(&self) -> AwarenessIter {
2026-10-10T04:38:16.3224815Z     |                 ^^^^^     ^^^^^^^^^^^^^ the same lifetime is hidden here
2026-10-10T04:38:16.3225064Z     |                 |
2026-10-10T04:38:16.3225253Z     |                 the lifetime is elided here
2026-10-10T04:38:16.3225603Z     |
2026-10-10T04:38:16.3225880Z     = help: the same lifetime is referred to in inconsistent ways, making the signature confusing
2026-10-10T04:38:16.3226215Z help: use `'_` for type paths
2026-10-10T04:38:16.3226397Z     |
2026-10-10T04:38:16.3226578Z 141 |     pub fn iter(&self) -> AwarenessIter<'_> {
2026-10-10T04:38:16.3226811Z     |                                        ++++
2026-10-10T04:38:16.3226950Z 
2026-10-10T04:38:21.5948036Z warning: `yrs` (lib) generated 58 warnings (run `cargo fix --lib -p yrs` to apply 27 suggestions)
2026-10-10T04:38:21.5948640Z    Compiling tandemlog-text v0.0.0 (/home/runner/work/tandemlog/tandemlog/native/text_engine)
2026-10-10T04:38:32.0581967Z     Finished `release` profile [optimized] target(s) in 21.98s
2026-10-10T04:38:39.5911273Z Required production native ABI loaded: /home/runner/work/_temp/native-unit/libtandemlog_text.so
2026-10-10T04:38:39.6011534Z ##[group]Run flutter test
2026-10-10T04:38:39.6011891Z [36;1mflutter test[0m
2026-10-10T04:38:39.6070073Z shell: /usr/bin/bash -e {0}
2026-10-10T04:38:39.6070288Z env:
2026-10-10T04:38:39.6070585Z   CARGO_HOME: /home/runner/work/_temp/tandemlog-rust-bootstrap/cargo
2026-10-10T04:38:39.6070966Z   RUSTUP_HOME: /home/runner/work/_temp/tandemlog-rust-bootstrap/rustup
2026-10-10T04:38:39.6071340Z   RUSTUP_UPDATE_ROOT: https://static.rust-lang.org/rustup
2026-10-10T04:38:39.6071643Z   RUSTUP_DIST_SERVER: https://static.rust-lang.org
2026-10-10T04:38:39.6071891Z   RUSTUP_AUTO_INSTALL: 0
2026-10-10T04:38:39.6072183Z   TANDEMLOG_TEXT_TARGET_DIR: /home/runner/work/_temp/tandemlog-rust-bootstrap/target
2026-10-10T04:38:39.6072607Z   TANDEMLOG_TEXT_LIBRARY: /home/runner/work/_temp/native-unit/libtandemlog_text.so
2026-10-10T04:38:39.6072924Z ##[endgroup]
2026-10-10T04:38:39.7918388Z Resolving dependencies...
2026-10-10T04:38:39.8602751Z Downloading packages...
2026-10-10T04:38:39.8823944Z   code_assets 1.2.1 (2.1.0 available)
2026-10-10T04:38:39.8824373Z   cross_file 0.3.5+5 (0.4.0 available)
2026-10-10T04:38:39.8824750Z   jni 1.0.3 (1.1.0 available)
2026-10-10T04:38:39.8825063Z   jni_flutter 1.0.3 (1.0.4+1 available)
2026-10-10T04:38:39.8825441Z   material_color_utilities 0.13.0 (0.13.1 available)
2026-10-10T04:38:39.8825847Z   native_toolchain_c 0.19.3 (0.19.5 available)
2026-10-10T04:38:39.8826198Z   objective_c 9.5.0 (9.6.2 available)
2026-10-10T04:38:39.8826503Z   test_api 0.7.12 (0.7.15 available)
2026-10-10T04:38:39.8826819Z   url_launcher 6.3.2 (6.3.3 available)
2026-10-10T04:38:39.8827140Z   vector_math 2.4.0 (2.4.3 available)
2026-10-10T04:38:39.8827454Z Got dependencies!
2026-10-10T04:38:39.8827863Z 10 packages have newer versions incompatible with dependency constraints.
2026-10-10T04:38:39.8828371Z Try `flutter pub outdated` for more information.
2026-10-10T04:38:42.5428243Z 
2026-10-10T04:38:49.8450719Z ##[group]✅ Passing tests
2026-10-10T04:38:49.8452143Z ✅ /home/runner/work/tandemlog/tandemlog/test/view_time_source_test.dart: same-offset zone changes notify; unchanged fallback stays quiet
2026-10-10T04:38:49.8565685Z ✅ /home/runner/work/tandemlog/tandemlog/test/view_time_source_test.dart: late requests and disposed callbacks cannot replace current zone
2026-10-10T04:38:49.8647825Z ✅ /home/runner/work/tandemlog/tandemlog/test/view_time_source_test.dart: unknown local zone is explicit, and recovers without UTC guessing
2026-10-10T04:38:49.8709165Z ✅ /home/runner/work/tandemlog/tandemlog/test/view_time_source_test.dart: local mapping refuses disabled-DST or inconsistent OS offsets
2026-10-10T04:38:49.8750175Z ✅ /home/runner/work/tandemlog/tandemlog/test/view_time_source_test.dart: explicit Linux TZ identity does not need filesystem access
2026-10-10T04:38:49.9016695Z ✅ /home/runner/work/tandemlog/tandemlog/test/view_time_source_test.dart: Linux zone files honor localtime symlink and copied-file identity
2026-10-10T04:38:50.0387803Z ✅ /home/runner/work/tandemlog/tandemlog/test/event_chain_test.dart: independent Python SHA256 golden JSONL is byte-exact on re-encode
2026-10-10T04:38:50.0447203Z ✅ /home/runner/work/tandemlog/tandemlog/test/event_chain_test.dart: new records require an explicit predecessor beyond genesis
2026-10-10T04:38:50.0541520Z ✅ /home/runner/work/tandemlog/tandemlog/test/event_chain_test.dart: canonical bytes reject alternate spellings and duplicate fields
2026-10-10T04:38:50.0568732Z ✅ /home/runner/work/tandemlog/tandemlog/test/event_chain_test.dart: data key order is recursive and array order remains significant
2026-10-10T04:38:50.0666773Z ✅ /home/runner/work/tandemlog/tandemlog/test/event_chain_test.dart: altering any envelope field or content breaks the retained hash
2026-10-10T04:38:50.0714358Z ✅ /home/runner/work/tandemlog/tandemlog/test/event_chain_test.dart: hash fields must be full lowercase hex and are mandatory
2026-10-10T04:38:50.0761025Z ✅ /home/runner/work/tandemlog/tandemlog/test/event_chain_test.dart: literal Unicode survives, malformed surrogates never become replacements
2026-10-10T04:38:50.0793614Z ✅ /home/runner/work/tandemlog/tandemlog/test/event_chain_test.dart: canonical numeric grammar is plain safe integers, never floats
2026-10-10T04:38:50.0861357Z ✅ /home/runner/work/tandemlog/tandemlog/test/event_chain_test.dart: obsolete separate tag events are rejected rather than reinterpreted
2026-10-10T04:38:50.1207160Z ✅ /home/runner/work/tandemlog/tandemlog/test/event_chain_test.dart: event size admission counts UTF-8 bytes with an inclusive 1 MiB limit
2026-10-10T04:38:50.1240768Z ✅ /home/runner/work/tandemlog/tandemlog/test/event_chain_test.dart: v1 and v2 prerelease histories remain explicit preserved failures
2026-10-10T04:38:52.0428111Z ✅ /home/runner/work/tandemlog/tandemlog/test/initial_task_rank_test.dart: scalar capture retains top rank after Inbox triage and replay
2026-10-10T04:38:52.4004438Z ✅ /home/runner/work/tandemlog/tandemlog/test/initial_task_rank_test.dart: native capture retains top rank after Inbox triage and replay
2026-10-10T04:38:52.5056951Z ✅ /home/runner/work/tandemlog/tandemlog/test/initial_task_rank_test.dart: legacy creations and retries retain their released append order
2026-10-10T04:38:52.6264881Z ✅ /home/runner/work/tandemlog/tandemlog/test/initial_task_rank_test.dart: complete-prefix capture waits for initial position and retries exact suffix
2026-10-10T04:38:52.7424065Z ✅ /home/runner/work/tandemlog/tandemlog/test/initial_task_rank_test.dart: native capture never exposes creation intent before placement reservation
2026-10-10T04:38:52.8451184Z ✅ /home/runner/work/tandemlog/tandemlog/test/initial_task_rank_test.dart: native staging failure retains complete creation and placement reservation
2026-10-10T04:38:52.8577164Z ##[endgroup]
2026-10-10T04:38:52.8578624Z ##[group]✅ /home/runner/work/tandemlog/tandemlog/test/native_checklist_recompletion_test.dart: native offline checklist successor keeps its edited item after recompletion
2026-10-10T04:38:52.8579606Z HISTORICAL_RECOMPLETION recompletion: Native item Saved ChildItemA
2026-10-10T04:38:52.8580497Z ##[endgroup]
2026-10-10T04:38:53.0349573Z ##[group]✅ Passing tests
2026-10-10T04:38:53.0351145Z ✅ /home/runner/work/tandemlog/tandemlog/test/initial_task_rank_test.dart: global first rank covers completed and other-assignee hidden tasks
2026-10-10T04:38:53.3244292Z ✅ /home/runner/work/tandemlog/tandemlog/test/initial_task_rank_test.dart: multiline 1-record prefix retains exact placements through peer arrival and retry
2026-10-10T04:38:53.4658909Z ✅ /home/runner/work/tandemlog/tandemlog/test/initial_task_rank_test.dart: multiline 2-record prefix retains exact placements through peer arrival and retry
2026-10-10T04:38:53.6838073Z ✅ /home/runner/work/tandemlog/tandemlog/test/initial_task_rank_test.dart: multiline 3-record prefix retains exact placements through peer arrival and retry
2026-10-10T04:38:54.5031504Z ##[endgroup]
2026-10-10T04:38:54.5033059Z ##[group]✅ /home/runner/work/tandemlog/tandemlog/test/native_checklist_recompletion_test.dart: native offline checklist successor keeps its edited item after Undo
2026-10-10T04:38:54.5034015Z HISTORICAL_RECOMPLETION Undo: Native item Saved ChildItemA
2026-10-10T04:38:54.5034914Z ##[endgroup]
2026-10-10T04:38:55.9428656Z ##[group]✅ /home/runner/work/tandemlog/tandemlog/test/native_checklist_recompletion_test.dart: native offline checklist successor keeps its edited item after recompletion cold replay
2026-10-10T04:38:55.9430248Z HISTORICAL_RECOMPLETION recompletion cold replay: Native item Saved ChildItemA
2026-10-10T04:38:55.9431092Z ##[endgroup]
2026-10-10T04:38:56.3185211Z ##[group]✅ Passing tests
2026-10-10T04:38:56.3186677Z ✅ /home/runner/work/tandemlog/tandemlog/test/task_editor_tags_test.dart: removing a chip retains unrelated query, caret, and active composition
2026-10-10T04:38:56.8896892Z ✅ /home/runner/work/tandemlog/tandemlog/test/task_editor_tags_test.dart: Enter uses existing match idempotently and Save resolves opaque pending inventory tag
2026-10-10T04:38:57.2082660Z ##[endgroup]
2026-10-10T04:38:57.2084973Z ##[group]✅ /home/runner/work/tandemlog/tandemlog/test/native_checklist_recompletion_test.dart: native offline checklist successor keeps its edited item after Undo cold replay
2026-10-10T04:38:57.2086223Z HISTORICAL_RECOMPLETION Undo cold replay: Native item Saved ChildItemA
2026-10-10T04:38:57.2087057Z ##[endgroup]
2026-10-10T04:38:57.3056793Z ##[group]✅ Passing tests
2026-10-10T04:38:57.3057746Z ✅ /home/runner/work/tandemlog/tandemlog/test/task_editor_tags_test.dart: touch creation adds all new tokens and invalid query never enables it
2026-10-10T04:38:57.3935735Z ✅ /home/runner/work/tandemlog/tandemlog/test/native_checklist_recompletion_test.dart: native recurrence without checklist reinitializes untouched child
2026-10-10T04:38:57.5928072Z ✅ /home/runner/work/tandemlog/tandemlog/test/task_editor_tags_test.dart: opaque original tags survive pending Save with exact case and spaces
2026-10-10T04:38:57.6026146Z ✅ /home/runner/work/tandemlog/tandemlog/test/native_checklist_recompletion_test.dart: native recurrence without checklist retains edited child
2026-10-10T04:38:57.7920537Z ✅ /home/runner/work/tandemlog/tandemlog/test/task_editor_tags_test.dart: failed Save retains selected chips and exact pending query
2026-10-10T04:38:57.9963971Z ✅ /home/runner/work/tandemlog/tandemlog/test/task_editor_tags_test.dart: active tag composition blocks Save and canClose Save
2026-10-10T04:38:58.1976691Z ✅ /home/runner/work/tandemlog/tandemlog/test/task_editor_tags_test.dart: single Save adds pending query without replacing selected tags
2026-10-10T04:38:58.5605605Z ✅ /home/runner/work/tandemlog/tandemlog/test/task_editor_tags_test.dart: pending query participates in canClose; Cancel retains it, Save commits it
2026-10-10T04:38:58.7608626Z ✅ /home/runner/work/tandemlog/tandemlog/test/checklist_storage_test.dart: stale inline reorder stops before receipt after peer refresh
2026-10-10T04:38:58.8153748Z ✅ /home/runner/work/tandemlog/tandemlog/test/task_editor_tags_test.dart: bulk Remove cannot create an unknown tag from an unfinished query
2026-10-10T04:38:59.4439199Z ✅ /home/runner/work/tandemlog/tandemlog/test/checklist_storage_test.dart: one-level items have native title/notes, completion, order and targeted Undo
2026-10-10T04:38:59.5848332Z ✅ /home/runner/work/tandemlog/tandemlog/test/recurring_text_test.dart: failed native admission discards rejected replay authority and recovers, cancellation fault=false
2026-10-10T04:38:59.6308506Z ✅ /home/runner/work/tandemlog/tandemlog/test/recurring_text_test.dart: failed native admission discards rejected replay authority and recovers, cancellation fault=true
2026-10-10T04:38:59.6540913Z ✅ /home/runner/work/tandemlog/tandemlog/test/checklist_storage_test.dart: nested, non-task parents and cross-parent move anchors append nothing
2026-10-10T04:38:59.6915307Z ✅ /home/runner/work/tandemlog/tandemlog/test/recurring_text_test.dart: actual native recurring inherited text new reference proofs preserve old exact-state proofs and reject substitution
2026-10-10T04:39:00.1737035Z ✅ /home/runner/work/tandemlog/tandemlog/test/recurring_text_test.dart: actual native recurring inherited text resolver shares recurrence references and advances native history once
2026-10-10T04:39:00.1985593Z ✅ /home/runner/work/tandemlog/tandemlog/test/recurring_text_test.dart: actual native recurring inherited text memo preserves union and rejects sparse closed prefixes after a hit
2026-10-10T04:39:00.2489020Z ✅ /home/runner/work/tandemlog/tandemlog/test/checklist_storage_test.dart: recurrence copies fresh unchecked items preserving order and native field identities
2026-10-10T04:39:00.2662101Z ✅ /home/runner/work/tandemlog/tandemlog/test/recurring_text_test.dart: actual native recurring inherited text memo budgets evict without changing replay or requiring native checkpoints
2026-10-10T04:39:00.7597255Z ✅ /home/runner/work/tandemlog/tandemlog/test/recurring_text_test.dart: actual native recurring inherited text shared originals remain bounded without evicting the latest edited proof
2026-10-10T04:39:00.7901247Z ✅ /home/runner/work/tandemlog/tandemlog/test/recurring_text_test.dart: actual native recurring inherited text offline title and notes union preserves acknowledged child prefix and duplicates
2026-10-10T04:39:00.8014863Z ✅ /home/runner/work/tandemlog/tandemlog/test/recurring_text_test.dart: actual native recurring inherited text later parent edits flow only through another completion and Undo retains contributions
2026-10-10T04:39:00.8203402Z ✅ /home/runner/work/tandemlog/tandemlog/test/recurring_text_test.dart: actual native recurring inherited text missing proof is pending; known wrong context or state hash is invalid
2026-10-10T04:39:00.8256606Z ✅ /home/runner/work/tandemlog/tandemlog/test/recurring_text_test.dart: actual native recurring inherited text actual foreign struct author is rejected
2026-10-10T04:39:00.8314678Z ✅ /home/runner/work/tandemlog/tandemlog/test/recurring_text_test.dart: actual native recurring inherited text reusing another writer’s actor claim is rejected
2026-10-10T04:39:00.8480235Z ✅ /home/runner/work/tandemlog/tandemlog/test/recurring_text_test.dart: actual native recurring inherited text grandchild prefix excludes a late ancestor completion
2026-10-10T04:39:00.8711961Z ✅ /home/runner/work/tandemlog/tandemlog/test/recurring_text_test.dart: actual native recurring inherited text missing current grant waits but a closed incomplete proof rejects
2026-10-10T04:39:00.8881673Z ✅ /home/runner/work/tandemlog/tandemlog/test/recurring_text_test.dart: actual native recurring inherited text union visible overflow rejects without modifying canonical inputs
2026-10-10T04:39:01.3946296Z ✅ /home/runner/work/tandemlog/tandemlog/test/checklist_storage_test.dart: offline completions union item text and membership while preserving successor edits
2026-10-10T04:39:01.5872397Z ✅ /home/runner/work/tandemlog/tandemlog/test/checklist_storage_test.dart: scalar parent can recur with native checklist without a forced parent text baseline
2026-10-10T04:39:01.7997149Z ✅ /home/runner/work/tandemlog/tandemlog/test/local_profile_migration_test.dart: fresh profile creates one DB and stable settings identity without lock files
2026-10-10T04:39:01.9290490Z ✅ /home/runner/work/tandemlog/tandemlog/test/checklist_storage_test.dart: historical recompletion leaves the independently initialized child checklist untouched
2026-10-10T04:39:02.2276918Z ✅ /home/runner/work/tandemlog/tandemlog/test/local_profile_migration_test.dart: verified full import cleans known originals, preserves unknown/canonical data and identity
2026-10-10T04:39:02.3110564Z ✅ /home/runner/work/tandemlog/tandemlog/test/checklist_storage_test.dart: saved item completion/move/delete protects successor from completion Undo
2026-10-10T04:39:02.4566686Z ✅ /home/runner/work/tandemlog/tandemlog/test/local_profile_migration_test.dart: restart resumes without identity change at import.started
2026-10-10T04:39:02.7143603Z ✅ /home/runner/work/tandemlog/tandemlog/test/local_profile_migration_test.dart: restart resumes without identity change at files.imported
2026-10-10T04:39:02.9144394Z ✅ /home/runner/work/tandemlog/tandemlog/test/local_profile_migration_test.dart: restart resumes without identity change at caches.imported
2026-10-10T04:39:03.0038925Z ✅ /home/runner/work/tandemlog/tandemlog/test/checklist_storage_test.dart: late offline copy cannot overwrite a saved child order or checked state
2026-10-10T04:39:03.1706425Z ✅ /home/runner/work/tandemlog/tandemlog/test/local_profile_migration_test.dart: restart resumes without identity change at cleanup.planned
2026-10-10T04:39:03.5420405Z ✅ /home/runner/work/tandemlog/tandemlog/test/local_profile_migration_test.dart: restart resumes without identity change at sources.verified
2026-10-10T04:39:03.6688596Z ✅ /home/runner/work/tandemlog/tandemlog/test/checklist_storage_test.dart: scalar-mode checklist history also preserves initialized child on historical recompletion
2026-10-10T04:39:04.0517727Z ✅ /home/runner/work/tandemlog/tandemlog/test/local_profile_migration_test.dart: restart resumes without identity change at activation.before
2026-10-10T04:39:04.2033163Z ✅ /home/runner/work/tandemlog/tandemlog/test/local_profile_migration_test.dart: restart resumes without identity change at activation.committed
2026-10-10T04:39:04.3707410Z ✅ /home/runner/work/tandemlog/tandemlog/test/local_profile_migration_test.dart: restart resumes without identity change at cleanup.marked
2026-10-10T04:39:04.4088110Z ✅ /home/runner/work/tandemlog/tandemlog/test/checklist_storage_test.dart: copied-item native proofs work through three generations and exact membership cannot be forged
2026-10-10T04:39:04.5390551Z ✅ /home/runner/work/tandemlog/tandemlog/test/local_profile_migration_test.dart: restart resumes without identity change at cleanup.deleted
2026-10-10T04:39:04.6716584Z ✅ /home/runner/work/tandemlog/tandemlog/test/local_profile_migration_test.dart: restart resumes without identity change at cleanup.committed
2026-10-10T04:39:04.9020359Z ✅ /home/runner/work/tandemlog/tandemlog/test/checklist_storage_test.dart: untouched copied items follow successor suppression and identical cold/warm cache replay
2026-10-10T04:39:05.1799972Z ✅ /home/runner/work/tandemlog/tandemlog/test/local_profile_migration_test.dart: restart resumes without identity change at cleanup.finished
2026-10-10T04:39:05.5485385Z ✅ /home/runner/work/tandemlog/tandemlog/test/stable_v3_compatibility_test.dart: first stable v3 bytes, identities, clocks and event meanings stay frozen
2026-10-10T04:39:05.6311124Z ✅ /home/runner/work/tandemlog/tandemlog/test/local_profile_migration_test.dart: activated private intent cannot disappear without atomic retirement proof
2026-10-10T04:39:06.0423194Z ✅ /home/runner/work/tandemlog/tandemlog/test/stable_v3_compatibility_test.dart: frozen history converges after arrival [22222222-2222-4222-8222-222222222222, 33333333-3333-4333-8333-333333333333] and cache rebuild
2026-10-10T04:39:06.2701683Z ✅ /home/runner/work/tandemlog/tandemlog/test/stable_v3_compatibility_test.dart: frozen history converges after arrival [33333333-3333-4333-8333-333333333333, 22222222-2222-4222-8222-222222222222] and cache rebuild
2026-10-10T04:39:06.4047789Z ✅ /home/runner/work/tandemlog/tandemlog/test/stable_v3_compatibility_test.dart: new writer extends frozen v3 without rewriting prior history
2026-10-10T04:39:07.2599462Z ✅ /home/runner/work/tandemlog/tandemlog/test/text_cache_inheritance_test.dart: resolved inherited cache preserves original claims and rebuilds corrupt disposable state
2026-10-10T04:39:08.0175627Z ✅ /home/runner/work/tandemlog/tandemlog/test/local_profile_migration_test.dart: actual crash-retained legacy WAL and SHM import and cleanup
2026-10-10T04:39:08.1041910Z ✅ /home/runner/work/tandemlog/tandemlog/test/local_profile_migration_test.dart: cleanup boundary rechecks target before deleting the source
2026-10-10T04:39:08.1993859Z ✅ /home/runner/work/tandemlog/tandemlog/test/local_profile_migration_test.dart: valid guard regression after activation retains original authority
2026-10-10T04:39:08.3312114Z ✅ /home/runner/work/tandemlog/tandemlog/test/local_profile_migration_test.dart: changed cleanup source fails closed and resumes only after exact restoration
2026-10-10T04:39:08.4118739Z ✅ /home/runner/work/tandemlog/tandemlog/test/local_profile_migration_test.dart: missing protected_settings at final activation gate retains originals
2026-10-10T04:39:08.4937862Z ✅ /home/runner/work/tandemlog/tandemlog/test/local_profile_migration_test.dart: missing protected_writer_guards at final activation gate retains originals
2026-10-10T04:39:08.5814798Z ✅ /home/runner/work/tandemlog/tandemlog/test/local_profile_migration_test.dart: missing protected_cache_imports at final activation gate retains originals
2026-10-10T04:39:08.6157655Z ✅ /home/runner/work/tandemlog/tandemlog/test/local_profile_migration_test.dart: sole exact private intent lost at final activation gate retains its file
2026-10-10T04:39:08.7731122Z ✅ /home/runner/work/tandemlog/tandemlog/test/local_profile_migration_test.dart: orphan temporary authority and linked cleanup sources remain untouched
2026-10-10T04:39:10.0279809Z ✅ /home/runner/work/tandemlog/tandemlog/test/task_entry_area_test.dart: selection swaps preserve slot geometry, draft and semantics
2026-10-10T04:39:10.6852682Z ✅ /home/runner/work/tandemlog/tandemlog/test/android_recovery_harness_test.dart: populated shared folder is rejected before native initialization
2026-10-10T04:39:11.1029344Z ✅ /home/runner/work/tandemlog/tandemlog/test/local_profile_migration_test.dart: SIGKILL recovery retains identity and canonical bytes at files.imported
2026-10-10T04:39:11.6992050Z ✅ /home/runner/work/tandemlog/tandemlog/test/android_recovery_harness_test.dart: bounded recovery harness passes all six synthetic cases
2026-10-10T04:39:12.6289803Z ✅ /home/runner/work/tandemlog/tandemlog/test/checklist_delivery_test.dart: remote item waits for missing task parent then attaches once without appearing as a task
2026-10-10T04:39:12.7411814Z ✅ /home/runner/work/tandemlog/tandemlog/test/checklist_delivery_test.dart: late user parent invalidates retained item transactionally
2026-10-10T04:39:12.8694182Z ✅ /home/runner/work/tandemlog/tandemlog/test/checklist_delivery_test.dart: late item parent invalidates retained item transactionally
2026-10-10T04:39:12.9751458Z ✅ /home/runner/work/tandemlog/tandemlog/test/checklist_delivery_test.dart: late same-parent creation anchor settles item order and duplicates do not add items
2026-10-10T04:39:13.1277535Z ✅ /home/runner/work/tandemlog/tandemlog/test/checklist_delivery_test.dart: late cross-parent move anchor rolls back arrival without changing the pending source item
2026-10-10T04:39:13.2055224Z ✅ /home/runner/work/tandemlog/tandemlog/test/checklist_delivery_test.dart: late user creation anchor rejects with transactional rollback
2026-10-10T04:39:13.3217132Z ✅ /home/runner/work/tandemlog/tandemlog/test/checklist_delivery_test.dart: late task creation anchor rejects with transactional rollback
2026-10-10T04:39:13.5387491Z ✅ /home/runner/work/tandemlog/tandemlog/test/checklist_delivery_test.dart: copy contribution waits for its source frontier then reconstructs unchecked native item exactly
2026-10-10T04:39:13.5500624Z ✅ /home/runner/work/tandemlog/tandemlog/test/local_profile_migration_test.dart: SIGKILL recovery retains identity and canonical bytes at cleanup.planned
2026-10-10T04:39:13.7317786Z ✅ /home/runner/work/tandemlog/tandemlog/test/checklist_delivery_test.dart: forged membership copy rejects before receipt and leaves canonical history untouched
2026-10-10T04:39:13.9765603Z ✅ /home/runner/work/tandemlog/tandemlog/test/checklist_delivery_test.dart: forged order copy rejects before receipt and leaves canonical history untouched
2026-10-10T04:39:14.1771829Z ✅ /home/runner/work/tandemlog/tandemlog/test/checklist_delivery_test.dart: forged visible text copy rejects before receipt and leaves canonical history untouched
2026-10-10T04:39:14.3658365Z ✅ /home/runner/work/tandemlog/tandemlog/test/checklist_delivery_test.dart: forged history proof copy rejects before receipt and leaves canonical history untouched
2026-10-10T04:39:14.5827259Z ✅ /home/runner/work/tandemlog/tandemlog/test/checklist_delivery_test.dart: forged source parent copy rejects before receipt and leaves canonical history untouched
2026-10-10T04:39:14.6942409Z ✅ /home/runner/work/tandemlog/tandemlog/test/checklist_delivery_test.dart: copied ID collision with independent task rejects before receipt
2026-10-10T04:39:14.8113596Z ✅ /home/runner/work/tandemlog/tandemlog/test/checklist_delivery_test.dart: copied ID collision with independent item rejects before receipt
2026-10-10T04:39:15.1411873Z ✅ /home/runner/work/tandemlog/tandemlog/test/checklist_delivery_test.dart: late duplicate copy contribution preserves child-owned ordering and check state
2026-10-10T04:39:15.3683563Z ✅ /home/runner/work/tandemlog/tandemlog/test/checklist_delivery_test.dart: parent recurrence preserves live item private draft and later source Save does not flow into copied notes
2026-10-10T04:39:15.5773796Z ✅ /home/runner/work/tandemlog/tandemlog/test/checklist_delivery_test.dart: item private drafts, pre-append Save cancellation and scoped Undo preserve another item
2026-10-10T04:39:16.2640461Z ✅ /home/runner/work/tandemlog/tandemlog/test/local_profile_migration_test.dart: SIGKILL recovery retains identity and canonical bytes at activation.committed
2026-10-10T04:39:18.5299368Z ✅ /home/runner/work/tandemlog/tandemlog/test/text_store_test.dart: actual native TaskStore successive closed-editor replacements Undo without duplicating restored identities
2026-10-10T04:39:18.8360873Z ✅ /home/runner/work/tandemlog/tandemlog/test/text_store_test.dart: actual native TaskStore acknowledged unregistered Save blocks stale native Undo without appending
2026-10-10T04:39:18.8435901Z ✅ /home/runner/work/tandemlog/tandemlog/test/local_profile_migration_test.dart: SIGKILL recovery retains identity and canonical bytes at cleanup.marked
2026-10-10T04:39:19.1575364Z ✅ /home/runner/work/tandemlog/tandemlog/test/text_store_test.dart: actual native TaskStore mixed native ordering survives warm reopen and canonical rebuild
2026-10-10T04:39:19.4670764Z ✅ /home/runner/work/tandemlog/tandemlog/test/text_store_test.dart: actual native TaskStore native recurring completion proves its immutable inheritance (native creation: true)
2026-10-10T04:39:19.7006137Z ✅ /home/runner/work/tandemlog/tandemlog/test/text_store_test.dart: actual native TaskStore native recurring completion proves its immutable inheritance (native creation: false)
2026-10-10T04:39:20.0410881Z ✅ /home/runner/work/tandemlog/tandemlog/test/text_store_test.dart: actual native TaskStore causal peer reuse retains original character ownership through selective Undo
2026-10-10T04:39:20.1937085Z ✅ /home/runner/work/tandemlog/tandemlog/test/text_store_test.dart: actual native TaskStore explicit mixed historical inheritance refuses without changing history
2026-10-10T04:39:20.7789442Z ✅ /home/runner/work/tandemlog/tandemlog/test/text_store_test.dart: actual native TaskStore repeated cancelled editors release source documents while saved scoped Undo survives
2026-10-10T04:39:20.8994486Z ✅ /home/runner/work/tandemlog/tandemlog/test/text_store_test.dart: actual native TaskStore native guard ignores remote text while preserving metadata and creation tags
2026-10-10T04:39:21.1493334Z ✅ /home/runner/work/tandemlog/tandemlog/test/text_store_test.dart: actual native TaskStore Undo naming remote-deleted latest Save never consumes an older Save
2026-10-10T04:39:21.3706241Z ✅ /home/runner/work/tandemlog/tandemlog/test/text_store_test.dart: actual native TaskStore unknown native Undo preserves exact compensation retry restart=false
2026-10-10T04:39:21.4767488Z ✅ /home/runner/work/tandemlog/tandemlog/test/local_profile_migration_test.dart: SIGKILL recovery retains identity and canonical bytes at cleanup.deleted
2026-10-10T04:39:21.5024678Z ✅ /home/runner/work/tandemlog/tandemlog/test/text_store_test.dart: actual native TaskStore unknown native Undo preserves exact compensation retry restart=true
2026-10-10T04:39:21.6562663Z ✅ /home/runner/work/tandemlog/tandemlog/test/text_store_test.dart: actual native TaskStore session Undo survives editor close and touches only canonical changed fields
2026-10-10T04:39:21.7522206Z ✅ /home/runner/work/tandemlog/tandemlog/test/text_store_test.dart: actual native TaskStore bulk capture with native engine creates independently editable native tasks
2026-10-10T04:39:21.8972406Z ✅ /home/runner/work/tandemlog/tandemlog/test/text_store_test.dart: actual native TaskStore native compensation restores deletion and retracts only original nontext effects
2026-10-10T04:39:22.0110558Z ✅ /home/runner/work/tandemlog/tandemlog/test/text_store_test.dart: actual native TaskStore buffered native dependency survives full SQLite cache loss and settles on late parent
2026-10-10T04:39:22.3031323Z ✅ /home/runner/work/tandemlog/tandemlog/test/text_store_test.dart: actual native TaskStore missing baseline prefixes stay pending and competing roots block only legacy text
2026-10-10T04:39:22.5652249Z ✅ /home/runner/work/tandemlog/tandemlog/test/text_store_test.dart: actual native TaskStore offline peers merge owned packets and preserve atomic metadata after cache loss
2026-10-10T04:39:22.6651039Z ✅ /home/runner/work/tandemlog/tandemlog/test/text_store_test.dart: actual native TaskStore one legacy baseline excludes late scalar text and preserves nontext changes
2026-10-10T04:39:22.7346436Z ✅ /home/runner/work/tandemlog/tandemlog/test/text_store_test.dart: actual native TaskStore unknown append exact receipt after restart cacheLoss=false afterAppend=false
2026-10-10T04:39:22.8101259Z ✅ /home/runner/work/tandemlog/tandemlog/test/text_store_test.dart: actual native TaskStore unknown append exact receipt after restart cacheLoss=true afterAppend=false
2026-10-10T04:39:22.8881787Z ✅ /home/runner/work/tandemlog/tandemlog/test/text_store_test.dart: actual native TaskStore unknown append exact receipt after restart cacheLoss=false afterAppend=true
2026-10-10T04:39:22.9573178Z ✅ /home/runner/work/tandemlog/tandemlog/test/text_store_test.dart: actual native TaskStore unknown append exact receipt after restart cacheLoss=true afterAppend=true
2026-10-10T04:39:23.0073901Z ✅ /home/runner/work/tandemlog/tandemlog/test/text_store_test.dart: actual native TaskStore misnamed private native intent rejects recovery before append and retains evidence
2026-10-10T04:39:23.0726645Z ✅ /home/runner/work/tandemlog/tandemlog/test/text_store_test.dart: actual native TaskStore new native creation verifies actor1 seed and persists full native state
2026-10-10T04:39:23.1661720Z ✅ /home/runner/work/tandemlog/tandemlog/test/text_store_test.dart: actual native TaskStore native storage extends cache13 without replaying frozen v3 logs
2026-10-10T04:39:23.8251822Z ✅ /home/runner/work/tandemlog/tandemlog/test/local_profile_migration_test.dart: SIGKILL recovery retains identity and canonical bytes at cleanup.committed
2026-10-10T04:39:23.8461670Z ✅ /home/runner/work/tandemlog/tandemlog/test/legacy_protected_files_import_test.dart: imports exact identity, reservations and pending bytes; deletes nothing
2026-10-10T04:39:23.8906566Z ✅ /home/runner/work/tandemlog/tandemlog/test/legacy_protected_files_import_test.dart: import interruption before commit rolls back every protected file
2026-10-10T04:39:24.1474245Z ✅ /home/runner/work/tandemlog/tandemlog/test/legacy_protected_files_import_test.dart: repeat import preserves subsequent acknowledged guard state
2026-10-10T04:39:24.1886744Z ✅ /home/runner/work/tandemlog/tandemlog/test/legacy_protected_files_import_test.dart: changed legacy authority after import is retained and rejected
2026-10-10T04:39:24.2044507Z ✅ /home/runner/work/tandemlog/tandemlog/test/legacy_protected_files_import_test.dart: legacy profile lease prevents concurrent migration
2026-10-10T04:39:24.2274743Z ✅ /home/runner/work/tandemlog/tandemlog/test/legacy_protected_files_import_test.dart: guard conflicts fail without overwriting either authority
2026-10-10T04:39:24.2610148Z ✅ /home/runner/work/tandemlog/tandemlog/test/legacy_protected_files_import_test.dart: bad indexed intent binding cannot verify first import
2026-10-10T04:39:24.2945640Z ✅ /home/runner/work/tandemlog/tandemlog/test/legacy_protected_files_import_test.dart: bad indexed intent binding cannot verify repeat import
2026-10-10T04:39:24.3285000Z ✅ /home/runner/work/tandemlog/tandemlog/test/legacy_protected_files_import_test.dart: repeat import rejects lost previously imported reservations
2026-10-10T04:39:24.3604954Z ✅ /home/runner/work/tandemlog/tandemlog/test/legacy_protected_files_import_test.dart: repeat import rejects changed previously imported reservations
2026-10-10T04:39:24.4214321Z ✅ /home/runner/work/tandemlog/tandemlog/test/legacy_protected_files_import_test.dart: missing previously imported guard source is rejected
2026-10-10T04:39:24.4547804Z ✅ /home/runner/work/tandemlog/tandemlog/test/legacy_protected_files_import_test.dart: settings index must agree with preserved raw installation UUID
2026-10-10T04:39:24.4817635Z ✅ /home/runner/work/tandemlog/tandemlog/test/legacy_protected_files_import_test.dart: source replacement after commit cannot mark import verified
2026-10-10T04:39:24.5112369Z ✅ /home/runner/work/tandemlog/tandemlog/test/legacy_protected_files_import_test.dart: recognized symlink source is rejected without following it
2026-10-10T04:39:25.2044770Z ✅ /home/runner/work/tandemlog/tandemlog/test/recurring_completion_undo_test.dart: true Undo suppresses untouched successor, preserves bytes, and survives rebuild
2026-10-10T04:39:25.4175479Z ✅ /home/runner/work/tandemlog/tandemlog/test/recurring_completion_undo_test.dart: ordinary Reopen retains successor and generic recurring Undo rejects
2026-10-10T04:39:25.5812394Z ✅ /home/runner/work/tandemlog/tandemlog/test/recurring_completion_undo_test.dart: edit protects successor from cleanup
2026-10-10T04:39:25.7371641Z ✅ /home/runner/work/tandemlog/tandemlog/test/recurring_completion_undo_test.dart: tags protects successor from cleanup
2026-10-10T04:39:25.8831635Z ✅ /home/runner/work/tandemlog/tandemlog/test/recurring_completion_undo_test.dart: move protects successor from cleanup
2026-10-10T04:39:26.0542022Z ✅ /home/runner/work/tandemlog/tandemlog/test/recurring_completion_undo_test.dart: complete protects successor from cleanup
2026-10-10T04:39:26.1957240Z ✅ /home/runner/work/tandemlog/tandemlog/test/recurring_completion_undo_test.dart: delete protects successor from cleanup
2026-10-10T04:39:26.3451143Z ✅ /home/runner/work/tandemlog/tandemlog/test/recurring_completion_undo_test.dart: anchor protects successor from cleanup
2026-10-10T04:39:26.4972077Z ✅ /home/runner/work/tandemlog/tandemlog/test/recurring_completion_undo_test.dart: undoneEdit protects successor from cleanup
2026-10-10T04:39:26.6949684Z ✅ /home/runner/work/tandemlog/tandemlog/test/recurring_completion_undo_test.dart: late remote edit restores protected successor and converges after rebuild
2026-10-10T04:39:26.8991140Z ✅ /home/runner/work/tandemlog/tandemlog/test/recurring_completion_undo_test.dart: late remote completion restores protected successor and converges after rebuild
2026-10-10T04:39:27.0686914Z ✅ /home/runner/work/tandemlog/tandemlog/test/recurring_completion_undo_test.dart: late remote anchor restores protected successor and converges after rebuild
2026-10-10T04:39:27.2803444Z ✅ /home/runner/work/tandemlog/tandemlog/test/recurring_completion_undo_test.dart: untouched recompletion uses surviving snapshot and current parent position
2026-10-10T04:39:27.4758207Z ✅ /home/runner/work/tandemlog/tandemlog/test/recurring_completion_undo_test.dart: mixed Undo confirms only prefix and retries cleanup (0 retained)
2026-10-10T04:39:27.6359695Z ✅ /home/runner/work/tandemlog/tandemlog/test/recurring_completion_undo_test.dart: mixed Undo confirms only prefix and retries cleanup (1 retained)
2026-10-10T04:39:27.7457842Z ✅ /home/runner/work/tandemlog/tandemlog/test/recurring_completion_undo_test.dart: new cleanup rejects nonrecurring and wrong-task targets before append
2026-10-10T04:39:27.8523349Z ✅ /home/runner/work/tandemlog/tandemlog/test/recurring_completion_undo_test.dart: delayed valid cleanup suppresses successor once its target arrives
2026-10-10T04:39:27.9441692Z ✅ /home/runner/work/tandemlog/tandemlog/test/recurring_completion_undo_test.dart: delayed nonrecurring and forward cleanup targets fail transactionally
2026-10-10T04:39:28.0334185Z ✅ /home/runner/work/tandemlog/tandemlog/test/recurring_completion_undo_test.dart: generic recurring Undo rejects transactionally when completion arrives late
2026-10-10T04:39:28.1495465Z ✅ /home/runner/work/tandemlog/tandemlog/test/recurring_completion_undo_test.dart: new cleanup wire schema rejects extra fields and malformed references
2026-10-10T04:39:28.2860285Z ✅ /home/runner/work/tandemlog/tandemlog/test/recurring_completion_undo_test.dart: pure seed selection is independent of arrival order and preserves historical Undo
2026-10-10T04:39:30.7033576Z ✅ /home/runner/work/tandemlog/tandemlog/test/checklist_item_native_editor_test.dart: remote deleted parent rejects private native Save without receipt and permits Discard
2026-10-10T04:39:30.8890891Z ✅ /home/runner/work/tandemlog/tandemlog/test/checklist_item_native_editor_test.dart: native caret-only edits stay clean; composition propagates; committed merged text renews before close
2026-10-10T04:39:31.5185320Z ✅ /home/runner/work/tandemlog/tandemlog/test/undo_history_test.dart: failed receipt ID reuse confirms only exact successful retry bytes
2026-10-10T04:39:31.5274632Z ✅ /home/runner/work/tandemlog/tandemlog/test/undo_history_test.dart: grouped partial retry and independent actions step through bounded history
2026-10-10T04:39:31.6753633Z ##[endgroup]
2026-10-10T04:39:31.6758332Z ##[group]✅ /home/runner/work/tandemlog/tandemlog/test/date_time_layout_test.dart: populated rows fit at measured boundary and retain composing drafts
2026-10-10T04:39:31.6759399Z LAYOUT bulk=false scale=1.0 rowBoundary=392.0
2026-10-10T04:39:31.6761525Z LAYOUT bulk=false scale=1.3 rowBoundary=456.0
2026-10-10T04:39:31.6762140Z LAYOUT bulk=false scale=2.0 rowBoundary=628.0
2026-10-10T04:39:31.6762778Z LAYOUT bulk=true scale=1.0 rowBoundary=488.0
2026-10-10T04:39:31.6763239Z LAYOUT bulk=true scale=1.3 rowBoundary=552.0
2026-10-10T04:39:31.6763757Z LAYOUT bulk=true scale=2.0 rowBoundary=724.0
2026-10-10T04:39:31.6764404Z ##[endgroup]
2026-10-10T04:39:32.0580789Z ##[group]✅ Passing tests
2026-10-10T04:39:32.0581712Z ✅ /home/runner/work/tandemlog/tandemlog/test/view_clock_test.dart: exact boundary updates without edits; watchdog avoids projection
2026-10-10T04:39:32.0614049Z ✅ /home/runner/work/tandemlog/tandemlog/test/view_clock_test.dart: resume samples current time after skipped boundaries without replay
2026-10-10T04:39:32.0642355Z ✅ /home/runner/work/tandemlog/tandemlog/test/view_clock_test.dart: native invalidation immediate; fallback detects clock and zone changes
2026-10-10T04:39:32.0712837Z ✅ /home/runner/work/tandemlog/tandemlog/test/view_clock_test.dart: delayed wake uses current instant and input invalidation rearms
2026-10-10T04:39:32.0736329Z ✅ /home/runner/work/tandemlog/tandemlog/test/view_clock_test.dart: cancelled workspace timer cannot publish and callback can dispose
2026-10-10T04:39:32.0763594Z ✅ /home/runner/work/tandemlog/tandemlog/test/view_clock_test.dart: callback disposal and invalid boundary cannot produce timer loops
2026-10-10T04:39:32.1251998Z ✅ /home/runner/work/tandemlog/tandemlog/test/view_clock_test.dart: injected calendar boundary crosses DST day 2027-03-14
2026-10-10T04:39:32.1488883Z ✅ /home/runner/work/tandemlog/tandemlog/test/view_clock_test.dart: injected calendar boundary crosses DST day 2027-11-07
2026-10-10T04:39:32.6239360Z ✅ /home/runner/work/tandemlog/tandemlog/test/storage_test.dart: local task deletion targeting user rejects before canonical append
2026-10-10T04:39:32.7011869Z ✅ /home/runner/work/tandemlog/tandemlog/test/storage_test.dart: delayed remote user creation resolves pending task deletion as transactional error
2026-10-10T04:39:32.9081476Z ✅ /home/runner/work/tandemlog/tandemlog/test/storage_test.dart: bulk edit reconciles durable append after refresh failure before retry
2026-10-10T04:39:33.1736528Z ✅ /home/runner/work/tandemlog/tandemlog/test/incremental_history_test.dart: cache reopen and repeated unchanged refresh read zero log bytes at 10240 bytes
2026-10-10T04:39:33.2830632Z ✅ /home/runner/work/tandemlog/tandemlog/test/storage_test.dart: bulk delete reconciles durable append after refresh failure before retry
2026-10-10T04:39:33.6378806Z ✅ /home/runner/work/tandemlog/tandemlog/test/storage_test.dart: bulk move reconciles durable append after refresh failure before retry
2026-10-10T04:39:33.6942909Z ✅ /home/runner/work/tandemlog/tandemlog/test/incremental_history_test.dart: cache reopen and repeated unchanged refresh read zero log bytes at 1048576 bytes
2026-10-10T04:39:33.7570406Z ✅ /home/runner/work/tandemlog/tandemlog/test/incremental_history_test.dart: same-length historical rewrite stays cached until explicit verification; fresh cache rejects invalid selfhash
2026-10-10T04:39:33.7654826Z ✅ /home/runner/work/tandemlog/tandemlog/test/storage_test.dart: bulk patch preserves mixed fields and observed tags; invalid patch writes nothing
2026-10-10T04:39:33.8154725Z ✅ /home/runner/work/tandemlog/tandemlog/test/incremental_history_test.dart: explicit verification checks newly observed ranges after append and reopen
2026-10-10T04:39:33.8691337Z ✅ /home/runner/work/tandemlog/tandemlog/test/incremental_history_test.dart: successful explicit verification compacts checked ranges into a new whole-prefix baseline
2026-10-10T04:39:33.9407328Z ✅ /home/runner/work/tandemlog/tandemlog/test/incremental_history_test.dart: missing admitted log fails on resume and cold reopen without content reads
2026-10-10T04:39:33.9549125Z ✅ /home/runner/work/tandemlog/tandemlog/test/storage_test.dart: bulk guard rechecks before the batch append; retry block uses global order
2026-10-10T04:39:33.9871752Z ✅ /home/runner/work/tandemlog/tandemlog/test/incremental_history_test.dart: truncated admitted log fails on resume and cold reopen without content reads
2026-10-10T04:39:34.0553096Z ✅ /home/runner/work/tandemlog/tandemlog/test/incremental_history_test.dart: truncation between size observation and fresh seek fails without advancing cache
2026-10-10T04:39:34.0947325Z ✅ /home/runner/work/tandemlog/tandemlog/test/incremental_history_test.dart: atomic replacement with growth reads only new suffix and audits changed old prefix explicitly
2026-10-10T04:39:34.1342432Z ✅ /home/runner/work/tandemlog/tandemlog/test/incremental_history_test.dart: partial remote tail advances only complete records, then admits completed tail exactly once
2026-10-10T04:39:34.2206757Z ✅ /home/runner/work/tandemlog/tandemlog/test/incremental_history_test.dart: new records remain strict and a failed batch leaves ranges and offset unchanged
2026-10-10T04:39:34.2796115Z ✅ /home/runner/work/tandemlog/tandemlog/test/incremental_history_test.dart: seeked new space rejects transactionally without advancing admitted bytes
2026-10-10T04:39:34.2797753Z ✅ /home/runner/work/tandemlog/tandemlog/test/storage_test.dart: offline edits and completions cannot resurrect deletion; successor survives restart
2026-10-10T04:39:34.3307991Z ✅ /home/runner/work/tandemlog/tandemlog/test/incremental_history_test.dart: seeked new writer rejects transactionally without advancing admitted bytes
2026-10-10T04:39:34.3626584Z ✅ /home/runner/work/tandemlog/tandemlog/test/incremental_history_test.dart: seeked new sequence rejects transactionally without advancing admitted bytes
2026-10-10T04:39:34.4690475Z ✅ /home/runner/work/tandemlog/tandemlog/test/storage_test.dart: stale bulk and invalid selections fail before any durable command
2026-10-10T04:39:34.4791951Z ✅ /home/runner/work/tandemlog/tandemlog/test/incremental_history_test.dart: seeked new clock rejects transactionally without advancing admitted bytes
2026-10-10T04:39:34.5936718Z ✅ /home/runner/work/tandemlog/tandemlog/test/incremental_history_test.dart: seeked new blank rejects transactionally without advancing admitted bytes
2026-10-10T04:39:34.6244176Z ✅ /home/runner/work/tandemlog/tandemlog/test/incremental_history_test.dart: seeked new undo reference rejects transactionally without advancing admitted bytes
2026-10-10T04:39:34.6820521Z ✅ /home/runner/work/tandemlog/tandemlog/test/incremental_history_test.dart: seeked new tag reference rejects transactionally without advancing admitted bytes
2026-10-10T04:39:34.7210887Z ✅ /home/runner/work/tandemlog/tandemlog/test/incremental_history_test.dart: seeked new move reference rejects transactionally without advancing admitted bytes
2026-10-10T04:39:34.7607636Z ✅ /home/runner/work/tandemlog/tandemlog/test/incremental_history_test.dart: oversized remote incomplete tail fails before admission
2026-10-10T04:39:34.7990856Z ✅ /home/runner/work/tandemlog/tandemlog/test/incremental_history_test.dart: explicit verification fails visibly when cached range coverage is incomplete
2026-10-10T04:39:34.8119465Z ✅ /home/runner/work/tandemlog/tandemlog/test/storage_test.dart: guarded move rejects changes arriving inside its refresh without append
2026-10-10T04:39:34.8335000Z ✅ /home/runner/work/tandemlog/tandemlog/test/incremental_history_test.dart: unknown size provider honestly full-reads and verifies every refresh
2026-10-10T04:39:34.8694503Z ✅ /home/runner/work/tandemlog/tandemlog/test/incremental_history_test.dart: unseekable provider honestly full-reads and verifies every refresh
2026-10-10T04:39:34.9752841Z ✅ /home/runner/work/tandemlog/tandemlog/test/storage_test.dart: typed due bounds are atomic across offline edits and rebuild
2026-10-10T04:39:35.1000689Z ✅ /home/runner/work/tandemlog/tandemlog/test/storage_test.dart: failed obsolete-cache replay preserves identity and prior stream guards on retry
2026-10-10T04:39:35.1708767Z ✅ /home/runner/work/tandemlog/tandemlog/test/storage_test.dart: future caches and v1 canonical protocol are retained and not auto-converted
2026-10-10T04:39:35.2782715Z ✅ /home/runner/work/tandemlog/tandemlog/test/storage_test.dart: known obsolete cache rebuilds canonical state and retains backup
2026-10-10T04:39:35.4363816Z ✅ /home/runner/work/tandemlog/tandemlog/test/incremental_history_test.dart: cache 10 upgrade replays once with retained baseline and then reads no historical bytes
2026-10-10T04:39:35.4682934Z ✅ /home/runner/work/tandemlog/tandemlog/test/storage_test.dart: reopen targets observed completions, is idempotent and survives restart
2026-10-10T04:39:35.4980342Z ✅ /home/runner/work/tandemlog/tandemlog/test/incremental_history_test.dart: obsolete-cache replay preserves baseline guards through failed migration and retry
2026-10-10T04:39:35.5616948Z ✅ /home/runner/work/tandemlog/tandemlog/test/incremental_history_test.dart: owned incomplete append is visible after cold reopen and cannot confirm receipt
2026-10-10T04:39:35.5872122Z ✅ /home/runner/work/tandemlog/tandemlog/test/storage_test.dart: reopen refresh does not expand the observed target set
2026-10-10T04:39:35.6069414Z ✅ /home/runner/work/tandemlog/tandemlog/test/incremental_history_test.dart: new raw receipt cannot confirm a transport rewrite with equivalent JSON meaning
2026-10-10T04:39:35.6947232Z ✅ /home/runner/work/tandemlog/tandemlog/test/incremental_history_test.dart: seeked command receipts reject changed new raw bytes and durable retry is idempotent
2026-10-10T04:39:35.6961076Z ✅ /home/runner/work/tandemlog/tandemlog/test/storage_test.dart: partial reopen retries without duplicating a committed undo
2026-10-10T04:39:35.7251807Z ✅ /home/runner/work/tandemlog/tandemlog/test/incremental_history_test.dart: new suffix selfhash has exact diagnostic and never advances cache
2026-10-10T04:39:35.7738708Z ✅ /home/runner/work/tandemlog/tandemlog/test/incremental_history_test.dart: new suffix previousHash has exact diagnostic and never advances cache
2026-10-10T04:39:35.7793176Z ✅ /home/runner/work/tandemlog/tandemlog/test/storage_test.dart: restart retains state and unchanged files avoid parsing/replay
2026-10-10T04:39:35.7951744Z ✅ /home/runner/work/tandemlog/tandemlog/test/incremental_history_test.dart: fresh replay checks genesis even when every selfhash is valid
2026-10-10T04:39:35.8233980Z ✅ /home/runner/work/tandemlog/tandemlog/test/incremental_history_test.dart: full verification reports exact changed record with UTF8 byte offset
2026-10-10T04:39:35.8603468Z ✅ /home/runner/work/tandemlog/tandemlog/test/incremental_history_test.dart: successful full verification counts records and bytes without appending an event
2026-10-10T04:39:35.8664812Z ✅ /home/runner/work/tandemlog/tandemlog/test/storage_test.dart: cache deletion rebuilds exact projection and writer stays stable
2026-10-10T04:39:35.9074884Z ✅ /home/runner/work/tandemlog/tandemlog/test/incremental_history_test.dart: retained baseline detects recomputed chain while a fresh cache cannot authenticate it
2026-10-10T04:39:35.9769068Z ✅ /home/runner/work/tandemlog/tandemlog/test/incremental_history_test.dart: known final-record removal fails verification while fresh valid prefix remains admissible
2026-10-10T04:39:35.9825819Z ✅ /home/runner/work/tandemlog/tandemlog/test/storage_test.dart: offline independent fields, duplicate transport and atomic replacement converge
2026-10-10T04:39:36.0197594Z ✅ /home/runner/work/tandemlog/tandemlog/test/incremental_history_test.dart: old v2 canonical history and cache are retained without migration
2026-10-10T04:39:36.0484501Z ✅ /home/runner/work/tandemlog/tandemlog/test/incremental_history_test.dart: full verification retains and rejects inconsistent cached chain_head
2026-10-10T04:39:36.0821527Z ✅ /home/runner/work/tandemlog/tandemlog/test/incremental_history_test.dart: full verification retains and rejects inconsistent cached last_seq
2026-10-10T04:39:36.1209093Z ✅ /home/runner/work/tandemlog/tandemlog/test/storage_test.dart: concurrent completion survives targeted undo from another user
2026-10-10T04:39:36.1344091Z ✅ /home/runner/work/tandemlog/tandemlog/test/incremental_history_test.dart: full verification retains and rejects inconsistent cached last_clock
2026-10-10T04:39:36.1911118Z ✅ /home/runner/work/tandemlog/tandemlog/test/storage_test.dart: unknown version blocks import without checkpoint advancement
2026-10-10T04:39:36.2049128Z ✅ /home/runner/work/tandemlog/tandemlog/test/incremental_history_test.dart: oversized partial suffix identifies exact absolute record and offset
2026-10-10T04:39:36.2313006Z ✅ /home/runner/work/tandemlog/tandemlog/test/incremental_history_test.dart: semantic failure identifies invalid move before later unrelated event
2026-10-10T04:39:36.2558119Z ✅ /home/runner/work/tandemlog/tandemlog/test/storage_test.dart: malformed complete records are preserved and block writes
2026-10-10T04:39:36.2980349Z ✅ /home/runner/work/tandemlog/tandemlog/test/storage_test.dart: incomplete remote tail is retried after completion
2026-10-10T04:39:36.6091965Z ✅ /home/runner/work/tandemlog/tandemlog/test/storage_test.dart: explicit integrity check rejects changed same-length committed prefix
2026-10-10T04:39:36.6658024Z ✅ /home/runner/work/tandemlog/tandemlog/test/storage_test.dart: missing previously seen stream blocks writes
2026-10-10T04:39:36.7221050Z ✅ /home/runner/work/tandemlog/tandemlog/test/storage_test.dart: owned incomplete tail is not silently truncated
2026-10-10T04:39:36.7892765Z ✅ /home/runner/work/tandemlog/tandemlog/test/storage_test.dart: durable append before cache failure recovers once after restart
2026-10-10T04:39:36.8883063Z ✅ /home/runner/work/tandemlog/tandemlog/test/storage_test.dart: out-of-order entity dependency is retained and projected later
2026-10-10T04:39:36.9387947Z ✅ /home/runner/work/tandemlog/tandemlog/test/native_text_engine_test.dart: missing native library is an explicit failure
2026-10-10T04:39:36.9601263Z ✅ /home/runner/work/tandemlog/tandemlog/test/native_text_engine_test.dart: operation bytes require exact canonical Base64 and bounded size
2026-10-10T04:39:37.0322235Z ✅ /home/runner/work/tandemlog/tandemlog/test/storage_test.dart: concurrent commands and refreshes serialize without duplicate sequence
2026-10-10T04:39:37.1536573Z ✅ /home/runner/work/tandemlog/tandemlog/test/storage_test.dart: invalid local commands leave canonical bytes unchanged
2026-10-10T04:39:37.2457236Z ✅ /home/runner/work/tandemlog/tandemlog/test/storage_test.dart: manifest deletion, replacement and future format block commands
2026-10-10T04:39:37.3350298Z ✅ /home/runner/work/tandemlog/tandemlog/test/storage_test.dart: local undo requires an earlier completion of the same entity
2026-10-10T04:39:37.4072241Z ✅ /home/runner/work/tandemlog/tandemlog/test/storage_test.dart: remote undo arriving before completion is revalidated when target arrives
2026-10-10T04:39:37.4729732Z ✅ /home/runner/work/tandemlog/tandemlog/test/storage_test.dart: remote undo cannot suppress a future-clock completion
2026-10-10T04:39:37.5617503Z ✅ /home/runner/work/tandemlog/tandemlog/test/storage_test.dart: close drains accepted work, rejects new work and is idempotent
2026-10-10T04:39:37.6950934Z ✅ /home/runner/work/tandemlog/tandemlog/test/storage_test.dart: pending undo is validated before its local target is appended
2026-10-10T04:39:37.7770816Z ✅ /home/runner/work/tandemlog/tandemlog/test/storage_test.dart: missing canonical folder contents do not initialize a new manifest
2026-10-10T04:39:37.8948184Z ✅ /home/runner/work/tandemlog/tandemlog/test/native_text_engine_test.dart: actual production FFI inspection reuse is immutable budget-specific and bounded
2026-10-10T04:39:37.8970147Z ✅ /home/runner/work/tandemlog/tandemlog/test/storage_test.dart: offline tag removal preserves unseen same-name additions and atomic edits
2026-10-10T04:39:37.9068505Z ✅ /home/runner/work/tandemlog/tandemlog/test/native_text_engine_test.dart: actual production FFI pending named Undo rejects a different operation and keeps exact retry
2026-10-10T04:39:37.9131370Z ✅ /home/runner/work/tandemlog/tandemlog/test/native_text_engine_test.dart: actual production FFI dedicated receipt owner never undoes an older Save after remote cancellation
2026-10-10T04:39:37.9192662Z ✅ /home/runner/work/tandemlog/tandemlog/test/native_text_engine_test.dart: actual production FFI captured Unicode edit survives remote arrival and receipt-gated Save
2026-10-10T04:39:37.9234932Z ✅ /home/runner/work/tandemlog/tandemlog/test/native_text_engine_test.dart: actual production FFI IME and wrong-source preparation preserve the captured draft
2026-10-10T04:39:37.9286202Z ✅ /home/runner/work/tandemlog/tandemlog/test/native_text_engine_test.dart: actual production FFI rejected receipt preserves live state, draft and prior Undo
2026-10-10T04:39:37.9324901Z ✅ /home/runner/work/tandemlog/tandemlog/test/native_text_engine_test.dart: actual production FFI prepared Undo keeps remote text and cancellation retains prior stack
2026-10-10T04:39:37.9360218Z ✅ /home/runner/work/tandemlog/tandemlog/test/native_text_engine_test.dart: actual production FFI invalid update, field limit and split surrogate rejection are atomic
2026-10-10T04:39:37.9397144Z ✅ /home/runner/work/tandemlog/tandemlog/test/native_text_engine_test.dart: actual production FFI native remote limit rejection preserves source and captured draft
2026-10-10T04:39:37.9424479Z ✅ /home/runner/work/tandemlog/tandemlog/test/native_text_engine_test.dart: actual production FFI inspection reports struct authors rather than delivery owner
2026-10-10T04:39:37.9463552Z ✅ /home/runner/work/tandemlog/tandemlog/test/native_text_engine_test.dart: actual production FFI checkpoint includes pending operations and restores with a fresh GUID
2026-10-10T04:39:37.9491035Z ✅ /home/runner/work/tandemlog/tandemlog/test/native_text_engine_test.dart: actual production FFI foreign handles, disposed generations and actor collisions fail explicitly
2026-10-10T04:39:38.2962398Z ✅ /home/runner/work/tandemlog/tandemlog/test/storage_test.dart: concurrent relative moves converge and survive cache rebuild
2026-10-10T04:39:38.4625830Z ✅ /home/runner/work/tandemlog/tandemlog/test/storage_test.dart: unchanged repeating completion rejects before append and refreshes remote schedule
2026-10-10T04:39:38.4672002Z ✅ /home/runner/work/tandemlog/tandemlog/test/order_projection_test.dart: moving a legacy task below a native task uses both creation actions
2026-10-10T04:39:38.4695106Z ✅ /home/runner/work/tandemlog/tandemlog/test/order_projection_test.dart: native creation after a move keeps chronological manual ordering
2026-10-10T04:39:38.7236922Z ✅ /home/runner/work/tandemlog/tandemlog/test/storage_test.dart: accepted historic unchanged recurrence is replayed without retroactive rejection
2026-10-10T04:39:38.9543189Z ✅ /home/runner/work/tandemlog/tandemlog/test/storage_test.dart: concurrent recurrence completion has one durable successor and history reopen retains edits
2026-10-10T04:39:38.9962838Z ✅ /home/runner/work/tandemlog/tandemlog/test/storage_test.dart: protocol v1 remains untouched and explicitly rejected
2026-10-10T04:39:39.1696907Z ✅ /home/runner/work/tandemlog/tandemlog/test/storage_test.dart: late winning recurrence seed cannot resurrect removed successor tags
2026-10-10T04:39:39.2750507Z ✅ /home/runner/work/tandemlog/tandemlog/test/storage_test.dart: successor collision and invalid tag/move references fail before append
2026-10-10T04:39:39.3767951Z ✅ /home/runner/work/tandemlog/tandemlog/test/storage_test.dart: offline schedule edits converge atomically without mixing precise date-times
2026-10-10T04:39:39.4765329Z ✅ /home/runner/work/tandemlog/tandemlog/test/storage_test.dart: completion reconciles changed timezone before selecting civil day
2026-10-10T04:39:39.5944681Z ✅ /home/runner/work/tandemlog/tandemlog/test/storage_test.dart: completion durable append failure recovers parent and sole successor together
2026-10-10T04:39:39.6552023Z ✅ /home/runner/work/tandemlog/tandemlog/test/storage_test.dart: pending future tag removal cannot poison next local append
2026-10-10T04:39:40.0946171Z ✅ /home/runner/work/tandemlog/tandemlog/test/tag_input_test.dart: hardware Enter propagates active IME composition
2026-10-10T04:39:40.2024370Z ✅ /home/runner/work/tandemlog/tandemlog/test/storage_test.dart: offline older high sequence loses to a later wall-clock edit
2026-10-10T04:39:40.2150713Z ✅ /home/runner/work/tandemlog/tandemlog/test/tag_input_test.dart: hardware Numpad Enter propagates active IME composition
2026-10-10T04:39:40.3269337Z ✅ /home/runner/work/tandemlog/tandemlog/test/storage_test.dart: observed clocks precede local writes across rollback and restart
2026-10-10T04:39:40.4113542Z ✅ /home/runner/work/tandemlog/tandemlog/test/tag_input_test.dart: hardware ArrowDown then Enter selects existing option
2026-10-10T04:39:40.4794742Z ✅ /home/runner/work/tandemlog/tandemlog/test/storage_test.dart: future records remain immutable and readable while warning permits writes
2026-10-10T04:39:40.5682097Z ✅ /home/runner/work/tandemlog/tandemlog/test/tag_input_test.dart: hardware ArrowDown then Numpad Enter selects existing option
2026-10-10T04:39:40.5849980Z ✅ /home/runner/work/tandemlog/tandemlog/test/storage_test.dart: large clock rollback warns without blocking and warning clears when caught up
2026-10-10T04:39:40.6916714Z ✅ /home/runner/work/tandemlog/tandemlog/test/tag_input_test.dart: opaque __create inventory tag and creation row keep separate identities
2026-10-10T04:39:40.7421731Z ✅ /home/runner/work/tandemlog/tandemlog/test/tag_input_test.dart: shared B layout keeps chips above full-width query at 390.0
2026-10-10T04:39:40.7451605Z ✅ /home/runner/work/tandemlog/tandemlog/test/storage_test.dart: SQLite and canonical clock retain exact signed-64-bit nanoseconds
2026-10-10T04:39:40.7917108Z ✅ /home/runner/work/tandemlog/tandemlog/test/tag_input_test.dart: shared B layout keeps chips above full-width query at 1000.0
2026-10-10T04:39:41.2027523Z ✅ /home/runner/work/tandemlog/tandemlog/test/storage_test.dart: recurrence inserts at current parent position and later moves stay independent
2026-10-10T04:39:41.3541743Z ✅ /home/runner/work/tandemlog/tandemlog/test/storage_test.dart: later creation stays after an earlier move to end
2026-10-10T04:39:41.7482773Z ✅ /home/runner/work/tandemlog/tandemlog/test/storage_test.dart: late pre-completion move converges and old order cache rebuilds without log writes
2026-10-10T04:39:42.0499781Z ✅ /home/runner/work/tandemlog/tandemlog/test/sticky_task_group_test.dart: native heading pins and pushes off at 1.0x text
2026-10-10T04:39:42.1300595Z ✅ /home/runner/work/tandemlog/tandemlog/test/sticky_task_group_test.dart: native heading pins and pushes off at 2.0x text
2026-10-10T04:39:42.1631745Z ✅ /home/runner/work/tandemlog/tandemlog/test/sticky_task_group_test.dart: heading wraps to its measured extent and has one header node
2026-10-10T04:39:42.3174677Z ✅ /home/runner/work/tandemlog/tandemlog/test/text_context_test.dart: context hashes the precise canonical domain descriptor
2026-10-10T04:39:42.3232209Z ✅ /home/runner/work/tandemlog/tandemlog/test/text_context_test.dart: canonical nested values reuse scalar ordering and exact escaping
2026-10-10T04:39:42.3264112Z ✅ /home/runner/work/tandemlog/tandemlog/test/text_context_test.dart: invalid identity, basis, field, kind and digest fail closed
2026-10-10T04:39:42.3364046Z ✅ /home/runner/work/tandemlog/tandemlog/test/text_context_test.dart: native creation context uses its canonical creation and seed hashes
2026-10-10T04:39:42.3418107Z ✅ /home/runner/work/tandemlog/tandemlog/test/text_context_test.dart: baseline digest is independent of object insertion order
2026-10-10T04:39:42.3441280Z ✅ /home/runner/work/tandemlog/tandemlog/test/text_context_test.dart: baseline digest rejects incomplete or arbitrary fields
2026-10-10T04:39:42.9135899Z ✅ /home/runner/work/tandemlog/tandemlog/test/foreground_importer_test.dart: coalesces repeated notifications and retains bounded fallback
2026-10-10T04:39:42.9158280Z ✅ /home/runner/work/tandemlog/tandemlog/test/foreground_importer_test.dart: pause and workspace disposal cancel debounce and fallback; resume reconciles
2026-10-10T04:39:42.9195369Z ✅ /home/runner/work/tandemlog/tandemlog/test/foreground_importer_test.dart: watcher failure recovers on fallback and overlapping work is serialized
2026-10-10T04:39:43.3634970Z ✅ /home/runner/work/tandemlog/tandemlog/test/compact_selection_actions_test.dart: selection commands wrap without losing touch targets
2026-10-10T04:39:43.9503294Z ✅ /home/runner/work/tandemlog/tandemlog/test/text_undo_event_test.dart: native Undo preserves compensation bytes and names original command
2026-10-10T04:39:43.9591864Z ✅ /home/runner/work/tandemlog/tandemlog/test/text_undo_event_test.dart: Undo nontext effects remains possible when native compensation is empty
2026-10-10T04:39:43.9674881Z ✅ /home/runner/work/tandemlog/tandemlog/test/text_undo_event_test.dart: Undo retracts only the original nontext effects in pure projection
2026-10-10T04:39:44.5984614Z ✅ /home/runner/work/tandemlog/tandemlog/test/historical_completion_event_test.dart: historical completion is required, separate and hash-bound to earlier scalar initialization
2026-10-10T04:39:44.6046309Z ✅ /home/runner/work/tandemlog/tandemlog/test/historical_completion_event_test.dart: forward/self reference, extra retained metadata and wrong child identities fail wire admission
2026-10-10T04:39:44.6171935Z ✅ /home/runner/work/tandemlog/tandemlog/test/historical_completion_event_test.dart: known equal or later source clocks remain invalid after delayed arrival
2026-10-10T04:39:45.1148189Z ✅ /home/runner/work/tandemlog/tandemlog/test/task_toolbar_test.dart: identity fits actual name/scale and retains accessible full name at narrow widths
2026-10-10T04:39:45.2465108Z ✅ /home/runner/work/tandemlog/tandemlog/test/task_toolbar_test.dart: status changes reserve count and control geometry
2026-10-10T04:39:45.7442854Z ✅ /home/runner/work/tandemlog/tandemlog/test/schedule_test.dart: completion guard compares actual occurrence dates, not rendered bounds
2026-10-10T04:39:45.7936691Z ✅ /home/runner/work/tandemlog/tandemlog/test/schedule_test.dart: all 37 observed expressions match pinned upstream oracle
2026-10-10T04:39:45.8030105Z ✅ /home/runner/work/tandemlog/tandemlog/test/schedule_test.dart: civil dates and schedule reject normalization and unknown fields
2026-10-10T04:39:45.8049540Z ✅ /home/runner/work/tandemlog/tandemlog/test/schedule_test.dart: reference precedence, missing dates and configured scheduled removal
2026-10-10T04:39:45.8077888Z ✅ /home/runner/work/tandemlog/tandemlog/test/schedule_test.dart: start bounds reject invalid edits without inventing dates
2026-10-10T04:39:45.8103081Z ✅ /home/runner/work/tandemlog/tandemlog/test/schedule_test.dart: named-zone gap and fold obey end-of-due-day bounds
2026-10-10T04:39:45.8128694Z ✅ /home/runner/work/tandemlog/tandemlog/test/schedule_test.dart: exact due bounds are inclusive; date-only due covers whole day
2026-10-10T04:39:45.8146907Z ✅ /home/runner/work/tandemlog/tandemlog/test/schedule_test.dart: precise named-zone bounds compare resolved gap and fold instants
2026-10-10T04:39:45.8164998Z ✅ /home/runner/work/tandemlog/tandemlog/test/schedule_test.dart: recurrence preserves exact times and removes scheduled time with its date
2026-10-10T04:39:45.8182698Z ✅ /home/runner/work/tandemlog/tandemlog/test/schedule_test.dart: last supported due day accepts its internal next-year boundary
2026-10-10T04:39:45.8198172Z ✅ /home/runner/work/tandemlog/tandemlog/test/schedule_test.dart: clamping evolves while explicit last remains month end
2026-10-10T04:39:46.4872393Z ✅ /home/runner/work/tandemlog/tandemlog/test/profile_lock_test.dart: same process and canonical aliases contend until release
2026-10-10T04:39:46.4971932Z ✅ /home/runner/work/tandemlog/tandemlog/test/profile_lock_test.dart: failed acquisition releases the process guard for retry
2026-10-10T04:39:46.9554393Z ✅ /home/runner/work/tandemlog/tandemlog/test/profile_lock_test.dart: child process holds OS lock; killing it allows reacquisition
2026-10-10T04:39:47.1059464Z ✅ /home/runner/work/tandemlog/tandemlog/test/food_retention_draft_test.dart: removing newly created retention chip stays removed on Add
2026-10-10T04:39:48.5574067Z ✅ /home/runner/work/tandemlog/tandemlog/test/checklist_baseline_selection_test.dart: shared baseline preserves earliest scalar successor protected by checked copied-item history
2026-10-10T04:39:49.1054757Z ✅ /home/runner/work/tandemlog/tandemlog/test/food_review_regression_test.dart: 101-container group removal and Undo use bounded captured batches
2026-10-10T04:39:49.1087324Z ✅ /home/runner/work/tandemlog/tandemlog/test/food_review_regression_test.dart: known wrong-kind edit reference fails even while target creation missing
2026-10-10T04:39:49.1145945Z ✅ /home/runner/work/tandemlog/tandemlog/test/checklist_baseline_selection_test.dart: shared baseline preserves earliest scalar successor protected by undone and deleted copied-item history
2026-10-10T04:39:49.6446755Z ✅ /home/runner/work/tandemlog/tandemlog/test/checklist_baseline_selection_test.dart: later copied-item activity preserves the declared scalar baseline through native capture and cold replay
2026-10-10T04:39:50.1549649Z ✅ /home/runner/work/tandemlog/tandemlog/test/food_review_regression_test.dart: typed retention reason survives direct Add
2026-10-10T04:39:50.1883091Z ✅ /home/runner/work/tandemlog/tandemlog/test/event_clock_test.dart: new wall time wins despite many older borrowed nanoseconds
2026-10-10T04:39:50.2041491Z ✅ /home/runner/work/tandemlog/tandemlog/test/event_clock_test.dart: equal and backward wall time borrow exactly one nanosecond
2026-10-10T04:39:50.2108598Z ✅ /home/runner/work/tandemlog/tandemlog/test/event_clock_test.dart: canonical decimal clock round trips values beyond JSON number precision
2026-10-10T04:39:50.2321395Z ✅ /home/runner/work/tandemlog/tandemlog/test/event_clock_test.dart: numeric legacy and tuple draft event clocks are rejected explicitly
2026-10-10T04:39:50.3783334Z ✅ /home/runner/work/tandemlog/tandemlog/test/food_review_regression_test.dart: repeated dialog Cancel callback cannot pop food page
2026-10-10T04:39:50.3821205Z ✅ /home/runner/work/tandemlog/tandemlog/test/food_review_regression_test.dart: known removal before physical creation is rejected
2026-10-10T04:39:50.5768951Z ✅ /home/runner/work/tandemlog/tandemlog/test/food_review_regression_test.dart: active retention composition is not staged by submit
2026-10-10T04:39:51.2279600Z ✅ /home/runner/work/tandemlog/tandemlog/test/local_settings_test.dart: legacy folder/user settings remain selected and default to System
2026-10-10T04:39:51.2564689Z ✅ /home/runner/work/tandemlog/tandemlog/test/local_settings_test.dart: theme-only preferences never create a canonical workspace
2026-10-10T04:39:51.2624036Z ✅ /home/runner/work/tandemlog/tandemlog/test/local_settings_test.dart: new desktop default is shared-data without creating files
2026-10-10T04:39:51.2681280Z ✅ /home/runner/work/tandemlog/tandemlog/test/local_settings_test.dart: settings reset retains a populated legacy default
2026-10-10T04:39:51.2711047Z ✅ /home/runner/work/tandemlog/tandemlog/test/local_settings_test.dart: empty legacy folder does not override the clearer default
2026-10-10T04:39:51.2775605Z ✅ /home/runner/work/tandemlog/tandemlog/test/local_settings_test.dart: populated shared-data remains preferred without altering either folder
2026-10-10T04:39:52.5201722Z ✅ /home/runner/work/tandemlog/tandemlog/test/shared_text_storage_test.dart: shared recurrence cache stores references and survives warm/cold reconstruction
2026-10-10T04:39:53.3645485Z ✅ /home/runner/work/tandemlog/tandemlog/test/shared_text_history_test.dart: reordered originals bound disposable interning and retain old references
2026-10-10T04:39:53.3696397Z ✅ /home/runner/work/tandemlog/tandemlog/test/shared_text_history_test.dart: reshaped branches apply originals once, checkpoint restore=false
2026-10-10T04:39:53.3743758Z ✅ /home/runner/work/tandemlog/tandemlog/test/shared_text_history_test.dart: reshaped branches apply originals once, checkpoint restore=true
2026-10-10T04:39:53.4437426Z ✅ /home/runner/work/tandemlog/tandemlog/test/shared_text_history_test.dart: one original operation is retained across immutable recurrence references
2026-10-10T04:39:53.4486934Z ✅ /home/runner/work/tandemlog/tandemlog/test/shared_text_history_test.dart: union order and duplicate arrival retain one reference to each original
2026-10-10T04:39:53.4525553Z ✅ /home/runner/work/tandemlog/tandemlog/test/shared_text_history_test.dart: equal seed text cannot authorize independent roots or forged packet claims
2026-10-10T04:39:53.4551881Z ✅ /home/runner/work/tandemlog/tandemlog/test/shared_text_history_test.dart: canonical packet metadata is checked before retaining a reference
2026-10-10T04:39:53.4587520Z ✅ /home/runner/work/tandemlog/tandemlog/test/shared_text_history_test.dart: retained original packets are deeply immutable and privately owned
2026-10-10T04:39:53.4602098Z ✅ /home/runner/work/tandemlog/tandemlog/test/task_completion_checkbox_test.dart: disabled repeat perimeter has uniform opacity at overlapping tips
2026-10-10T04:39:53.5110826Z ✅ /home/runner/work/tandemlog/tandemlog/test/shared_text_history_test.dart: incremental native replay is linear and sparse checkpoints preserve historical state
2026-10-10T04:39:53.5551834Z ✅ /home/runner/work/tandemlog/tandemlog/test/shared_text_history_test.dart: reference summaries export full state only for sparse checkpoints or explicit proof
2026-10-10T04:39:53.5621674Z ✅ /home/runner/work/tandemlog/tandemlog/test/shared_text_history_test.dart: evicting native roots and closing a materializer does not change references
2026-10-10T04:39:53.6613900Z ✅ /home/runner/work/tandemlog/tandemlog/test/task_completion_checkbox_test.dart: repeat geometry retains padded touch and checked semantics
2026-10-10T04:39:53.6922622Z ✅ /home/runner/work/tandemlog/tandemlog/test/task_completion_checkbox_test.dart: disabled repeat target cannot complete at enlarged text
2026-10-10T04:39:53.7334857Z ✅ /home/runner/work/tandemlog/tandemlog/test/task_completion_checkbox_test.dart: completed controls share native appearance in both themes
2026-10-10T04:39:54.3987749Z ✅ /home/runner/work/tandemlog/tandemlog/test/text_inheritance_test.dart: strict descriptor rejects unknown keys, versions, fields and hashes
2026-10-10T04:39:54.4050919Z ✅ /home/runner/work/tandemlog/tandemlog/test/text_inheritance_test.dart: missing proof is pending while a known wrong hash is invalid
2026-10-10T04:39:54.4086235Z ✅ /home/runner/work/tandemlog/tandemlog/test/text_inheritance_test.dart: genesis is verified and does not require a record
2026-10-10T04:39:54.4132701Z ✅ /home/runner/work/tandemlog/tandemlog/test/text_inheritance_test.dart: forward clock and same writer references are rejected even missing
2026-10-10T04:39:54.4178586Z ✅ /home/runner/work/tandemlog/tandemlog/test/text_inheritance_test.dart: duplicate reordered arrival filters immutable observed prefix
2026-10-10T04:39:54.7560830Z ✅ /home/runner/work/tandemlog/tandemlog/test/writer_guard_test.dart: acknowledged head blocks old snapshot through other directory without sequence reuse
2026-10-10T04:39:54.8511922Z ✅ /home/runner/work/tandemlog/tandemlog/test/writer_guard_test.dart: acknowledged head blocks old snapshot through URI alias without sequence reuse
2026-10-10T04:39:54.9402866Z ✅ /home/runner/work/tandemlog/tandemlog/test/writer_guard_test.dart: acknowledged head blocks old snapshot through rebuilt cache without sequence reuse
2026-10-10T04:39:55.0020775Z ✅ /home/runner/work/tandemlog/tandemlog/test/writer_guard_test.dart: missing owned log is blocked even with a new cache and data directory
2026-10-10T04:39:55.0958615Z ✅ /home/runner/work/tandemlog/tandemlog/test/profile_safety_store_test.dart: writer reservation and partial acknowledgement survive reopening
2026-10-10T04:39:55.1128769Z ✅ /home/runner/work/tandemlog/tandemlog/test/writer_guard_test.dart: same sequence with a fully recomputed valid chain rejects against private head
2026-10-10T04:39:55.1288828Z ✅ /home/runner/work/tandemlog/tandemlog/test/profile_safety_store_test.dart: same writer and event sequence are scoped to separate workspaces
2026-10-10T04:39:55.1442103Z ✅ /home/runner/work/tandemlog/tandemlog/test/profile_safety_store_test.dart: pending canonical bytes are immutable and survive reopen
2026-10-10T04:39:55.1645022Z ✅ /home/runner/work/tandemlog/tandemlog/test/profile_safety_store_test.dart: rollback and projection deletion do not clear protected evidence
2026-10-10T04:39:55.1811424Z ✅ /home/runner/work/tandemlog/tandemlog/test/profile_safety_store_test.dart: a SQL disk-capacity failure preserves original error and pending rows
2026-10-10T04:39:55.1974890Z ✅ /home/runner/work/tandemlog/tandemlog/test/profile_safety_store_test.dart: copied writer IDs across profiles are outside profile exclusion
2026-10-10T04:39:55.2229595Z ✅ /home/runner/work/tandemlog/tandemlog/test/writer_guard_test.dart: an explicitly different writer can use a restored snapshot without changing original guard
2026-10-10T04:39:55.3185663Z ✅ /home/runner/work/tandemlog/tandemlog/test/writer_guard_test.dart: guard metadata is durable before append and normal reopen/refresh reads no old history
2026-10-10T04:39:55.3751421Z ✅ /home/runner/work/tandemlog/tandemlog/test/profile_safety_store_test.dart: distinct profile writers converge in one canonical workspace
2026-10-10T04:39:55.4040787Z ✅ /home/runner/work/tandemlog/tandemlog/test/profile_safety_store_test.dart: async and nested transactions cannot commit unrelated outer work
2026-10-10T04:39:55.4149200Z ✅ /home/runner/work/tandemlog/tandemlog/test/profile_safety_store_test.dart: pending reads reject corrupt bytes and mismatched indexed identity
2026-10-10T04:39:55.4851191Z ✅ /home/runner/work/tandemlog/tandemlog/test/writer_guard_test.dart: zero-record failed append reserves candidate across restart until exact late arrival
2026-10-10T04:39:55.8273058Z ✅ /home/runner/work/tandemlog/tandemlog/test/writer_guard_test.dart: lost append acknowledgment reconciles exact pending head after restart without duplicate sequence
2026-10-10T04:39:55.9078333Z ✅ /home/runner/work/tandemlog/tandemlog/test/writer_guard_test.dart: acknowledgment guard failure rolls cache back and blocks false confirmation until restart
2026-10-10T04:39:56.0153061Z ✅ /home/runner/work/tandemlog/tandemlog/test/writer_guard_test.dart: batch durable prefix reconciles across cache replacement
2026-10-10T04:39:56.0882160Z ✅ /home/runner/work/tandemlog/tandemlog/test/writer_guard_test.dart: batch durable prefix with partial tail blocks across cache replacement
2026-10-10T04:39:56.1852235Z ✅ /home/runner/work/tandemlog/tandemlog/test/writer_guard_test.dart: valid cache12 upgrades once without changing canonical bytes or writer guard
2026-10-10T04:39:56.2524207Z ✅ /home/runner/work/tandemlog/tandemlog/test/writer_guard_test.dart: cache10 retains old materialization and rejects separate tag event on upgrade
2026-10-10T04:39:56.3640021Z ✅ /home/runner/work/tandemlog/tandemlog/test/writer_guard_test.dart: cache10 retains old materialization and rejects generic recurring Undo on upgrade
2026-10-10T04:39:56.4350017Z ✅ /home/runner/work/tandemlog/tandemlog/test/writer_guard_test.dart: cache11 retains old materialization and rejects separate tag event on upgrade
2026-10-10T04:39:56.5418325Z ✅ /home/runner/work/tandemlog/tandemlog/test/writer_guard_test.dart: cache11 retains old materialization and rejects generic recurring Undo on upgrade
2026-10-10T04:39:56.5453579Z ✅ /home/runner/work/tandemlog/tandemlog/test/undo_storage_test.dart: bulk Undo restores mixed schedules/assignees/tags and retains newer synced registers
2026-10-10T04:39:56.6049984Z ✅ /home/runner/work/tandemlog/tandemlog/test/writer_guard_test.dart: cache12 retains old materialization and rejects separate tag event on upgrade
2026-10-10T04:39:56.7041771Z ✅ /home/runner/work/tandemlog/tandemlog/test/writer_guard_test.dart: cache12 retains old materialization and rejects generic recurring Undo on upgrade
2026-10-10T04:39:56.7532285Z ✅ /home/runner/work/tandemlog/tandemlog/test/writer_guard_test.dart: noninteger pending sequence is rejected without normalizing private metadata
2026-10-10T04:39:56.8096534Z ✅ /home/runner/work/tandemlog/tandemlog/test/writer_guard_test.dart: guard instances serialize candidate reservation for the same installation identity
2026-10-10T04:39:56.8875525Z ✅ /home/runner/work/tandemlog/tandemlog/test/writer_guard_test.dart: malformed private guard is preserved and never rebuilt from disposable cache
2026-10-10T04:39:57.2468278Z ✅ /home/runner/work/tandemlog/tandemlog/test/undo_storage_test.dart: completion and reopening Undo preserve successor work and independent completion/deletion
2026-10-10T04:39:57.4826201Z ✅ /home/runner/work/tandemlog/tandemlog/test/undo_storage_test.dart: move Undo retains later relative move and replays after known-cache upgrade
2026-10-10T04:39:57.6591968Z ✅ /home/runner/work/tandemlog/tandemlog/test/undo_storage_test.dart: Undo failure before append confirms only durable prefix and retry is idempotent
2026-10-10T04:39:57.8150113Z ✅ /home/runner/work/tandemlog/tandemlog/test/undo_storage_test.dart: Undo failure after append confirms only durable prefix and retry is idempotent
2026-10-10T04:39:57.9440999Z ✅ /home/runner/work/tandemlog/tandemlog/test/undo_storage_test.dart: unresolved write blocks new payload until exact delayed record appears
2026-10-10T04:39:58.0747275Z ✅ /home/runner/work/tandemlog/tandemlog/test/undo_storage_test.dart: delayed cross-entity Undo target fails transactionally with canonical bytes preserved
2026-10-10T04:39:59.3611203Z ✅ /home/runner/work/tandemlog/tandemlog/test/release_version_tile_test.dart: shows and copies only release version 2026.10.1
2026-10-10T04:39:59.4234677Z ✅ /home/runner/work/tandemlog/tandemlog/test/release_version_tile_test.dart: shows and copies only release version 2026.10.2-rc.1
2026-10-10T04:39:59.4736287Z ✅ /home/runner/work/tandemlog/tandemlog/test/release_version_tile_test.dart: missing metadata does not copy a guessed version
2026-10-10T04:39:59.5528573Z ✅ /home/runner/work/tandemlog/tandemlog/test/release_version_tile_test.dart: clipboard failure is contextual and can be retried
2026-10-10T04:39:59.9904372Z ✅ /home/runner/work/tandemlog/tandemlog/test/bulk_apply_semantics_test.dart: bulk apply names and accessible actions isolate fields at (900.0, 1.0)
2026-10-10T04:40:00.0842290Z ✅ /home/runner/work/tandemlog/tandemlog/test/domain_test.dart: deletion is a validated permanent tombstone in every arrival order
2026-10-10T04:40:00.1018099Z ✅ /home/runner/work/tandemlog/tandemlog/test/domain_test.dart: canonical UUID admission matches namespace validation and rejects aliases
2026-10-10T04:40:00.1141168Z ✅ /home/runner/work/tandemlog/tandemlog/test/domain_test.dart: all arrival permutations yield identical field conflict and undo state
2026-10-10T04:40:00.1225858Z ✅ /home/runner/work/tandemlog/tandemlog/test/domain_test.dart: unknown event/fields and counter overflow are rejected
2026-10-10T04:40:00.1820183Z ✅ /home/runner/work/tandemlog/tandemlog/test/domain_test.dart: historical v1 events and invalid new active fields fail explicitly
2026-10-10T04:40:01.0381647Z ✅ /home/runner/work/tandemlog/tandemlog/test/bulk_apply_semantics_test.dart: bulk apply names and accessible actions isolate fields at (390.0, 2.0)
2026-10-10T04:40:01.3843614Z ✅ /home/runner/work/tandemlog/tandemlog/test/food_store_test.dart: malformed Food disables only Food and existing Tasks remain writable
2026-10-10T04:40:01.4201960Z ✅ /home/runner/work/tandemlog/tandemlog/test/food_store_test.dart: Food-only provider failure preserves the typed module boundary
2026-10-10T04:40:01.4632356Z ✅ /home/runner/work/tandemlog/tandemlog/test/food_store_test.dart: moved manifest stays a shared fatal fault
2026-10-10T04:40:01.6441348Z ✅ /home/runner/work/tandemlog/tandemlog/test/food_store_test.dart: malformed protected Food head is shared integrity, not history
2026-10-10T04:40:01.6494927Z ✅ /home/runner/work/tandemlog/tandemlog/test/bulk_apply_semantics_test.dart: keyboard applies only Due time; tag operations stay distinct
2026-10-10T04:40:01.6732512Z ✅ /home/runner/work/tandemlog/tandemlog/test/food_store_test.dart: recognized Food conflict stays module-scoped: food-00000000-0000-4000-8000-000000000001.sync-conflict-synthetic.foodlog
2026-10-10T04:40:01.6999228Z ✅ /home/runner/work/tandemlog/tandemlog/test/food_store_test.dart: recognized Food conflict stays module-scoped: food-00000000-0000-4000-8000-000000000001.foodlog.sync-conflict-synthetic
2026-10-10T04:40:01.9315335Z ✅ /home/runner/work/tandemlog/tandemlog/test/food_store_test.dart: unclassified conflict preserves released Task fail-closed policy
2026-10-10T04:40:02.0058351Z ✅ /home/runner/work/tandemlog/tandemlog/test/bulk_apply_semantics_test.dart: saving retains field names but disables all apply actions
2026-10-10T04:40:02.3396121Z ✅ /home/runner/work/tandemlog/tandemlog/test/food_store_test.dart: disabled Food retains exact prepared bytes for explicit recovery
2026-10-10T04:40:02.6373395Z ✅ /home/runner/work/tandemlog/tandemlog/test/food_store_test.dart: food physical count and durable Deleted survive restart without changing task v3 bytes
2026-10-10T04:40:02.8103668Z ✅ /home/runner/work/tandemlog/tandemlog/test/food_store_test.dart: partial first record is resumed exactly from protected bytes across restart
2026-10-10T04:40:02.8478764Z ✅ /home/runner/work/tandemlog/tandemlog/test/food_store_test.dart: uncertain successful append admits once and retires exact receipt
2026-10-10T04:40:02.8934276Z ✅ /home/runner/work/tandemlog/tandemlog/test/food_store_test.dart: acknowledged missing stream fails closed and retains last view
2026-10-10T04:40:03.1302546Z ✅ /home/runner/work/tandemlog/tandemlog/test/food_store_test.dart: food refresh SQL fault preserves state and receipts together
2026-10-10T04:40:03.3397302Z ✅ /home/runner/work/tandemlog/tandemlog/test/food_store_test.dart: missing own reservation after initialization cannot reuse a sequence
2026-10-10T04:40:03.3644282Z ✅ /home/runner/work/tandemlog/tandemlog/test/food_store_test.dart: food handle releases its lease when the profile owner is poisoned
2026-10-10T04:40:03.8667409Z ✅ /home/runner/work/tandemlog/tandemlog/test/tag_input_geometry_test.dart: many selected chips keep query and results reachable with IME
2026-10-10T04:40:04.5030233Z ✅ /home/runner/work/tandemlog/tandemlog/test/food_record_test.dart: literal canonical food wire/hash and module writer fixture
2026-10-10T04:40:04.5158066Z ✅ /home/runner/work/tandemlog/tandemlog/test/food_record_test.dart: separate food hash domain and immutable envelope bindings
2026-10-10T04:40:04.5178117Z ✅ /home/runner/work/tandemlog/tandemlog/test/food_record_test.dart: food DTO identity and order cannot disagree with verified envelope
2026-10-10T04:40:04.5217965Z ✅ /home/runner/work/tandemlog/tandemlog/test/food_record_test.dart: noncreation records carry observed per-container creation basis
2026-10-10T04:40:04.5311400Z ✅ /home/runner/work/tandemlog/tandemlog/test/food_record_test.dart: unknown/noncanonical/oversized records are rejected
2026-10-10T04:40:04.5391437Z ✅ /home/runner/work/tandemlog/tandemlog/test/food_record_test.dart: exact signed64 clock roundtrip and bounds
2026-10-10T04:40:05.0274846Z ✅ /home/runner/work/tandemlog/tandemlog/test/tag_filter_picker_test.dart: query underline gap stays stable with chips at 260.0/1.0
2026-10-10T04:40:05.2039752Z ✅ /home/runner/work/tandemlog/tandemlog/test/tag_filter_picker_test.dart: query underline gap stays stable with chips at 260.0/2.0
2026-10-10T04:40:05.3973366Z ✅ /home/runner/work/tandemlog/tandemlog/test/tag_filter_picker_test.dart: query underline gap stays stable with chips at 390.0/1.0
2026-10-10T04:40:05.6312206Z ✅ /home/runner/work/tandemlog/tandemlog/test/tag_filter_picker_test.dart: query underline gap stays stable with chips at 390.0/2.0
2026-10-10T04:40:05.8487728Z ✅ /home/runner/work/tandemlog/tandemlog/test/checklist_architecture_gate_test.dart: genuine offline item activity arriving after cancellation restores its task
2026-10-10T04:40:05.8643365Z ✅ /home/runner/work/tandemlog/tandemlog/test/tag_filter_picker_test.dart: initial suggestions survive IME relayout at 1.0 text scale
2026-10-10T04:40:06.0360043Z ✅ /home/runner/work/tandemlog/tandemlog/test/tag_filter_picker_test.dart: initial suggestions survive IME relayout at 2.0 text scale
2026-10-10T04:40:06.1297436Z ✅ /home/runner/work/tandemlog/tandemlog/test/checklist_architecture_gate_test.dart: local item create cannot resurrect a canceled successor
2026-10-10T04:40:06.3753011Z ✅ /home/runner/work/tandemlog/tandemlog/test/checklist_architecture_gate_test.dart: local item check cannot resurrect a canceled successor
2026-10-10T04:40:06.5241083Z ✅ /home/runner/work/tandemlog/tandemlog/test/tag_filter_picker_test.dart: below-first dialog overlay uses content size and stays stable through queries and metrics
2026-10-10T04:40:06.5685718Z ✅ /home/runner/work/tandemlog/tandemlog/test/checklist_architecture_gate_test.dart: local item move cannot resurrect a canceled successor
2026-10-10T04:40:07.0315526Z ✅ /home/runner/work/tandemlog/tandemlog/test/checklist_architecture_gate_test.dart: local item delete cannot resurrect a canceled successor
2026-10-10T04:40:07.2465351Z ✅ /home/runner/work/tandemlog/tandemlog/test/checklist_architecture_gate_test.dart: local item native Save cannot resurrect a canceled successor
2026-10-10T04:40:07.4468142Z ✅ /home/runner/work/tandemlog/tandemlog/test/checklist_architecture_gate_test.dart: item Save returns its current merged item rather than a deleted row
2026-10-10T04:40:09.2274462Z ✅ /home/runner/work/tandemlog/tandemlog/test/food_collapsed_inspect_guard_test.dart: latest Full conflict retains warning and Inspect dark 1.0x
2026-10-10T04:40:09.4392080Z ✅ /home/runner/work/tandemlog/tandemlog/test/food_collapsed_inspect_guard_test.dart: latest Full conflict retains warning and Inspect dark 2.0x
2026-10-10T04:40:09.6259048Z ✅ /home/runner/work/tandemlog/tandemlog/test/food_collapsed_inspect_guard_test.dart: latest Full conflict retains warning and Inspect light 1.0x
2026-10-10T04:40:09.7870540Z ✅ /home/runner/work/tandemlog/tandemlog/test/food_collapsed_inspect_guard_test.dart: latest Full conflict retains warning and Inspect light 2.0x
2026-10-10T04:40:11.2051346Z ##[endgroup]
2026-10-10T04:40:11.2052711Z ##[group]✅ /home/runner/work/tandemlog/tandemlog/test/food_replay_budget_test.dart: wide-target thousand-reference history has a bounded replay budget
2026-10-10T04:40:11.2053695Z FOOD_REPLAY_BUDGET bytes=12418562 records=1002 targets=100 refs=1000 elapsed_ms=2200
2026-10-10T04:40:11.2054419Z ##[endgroup]
2026-10-10T04:40:11.8497055Z ##[group]✅ Passing tests
2026-10-10T04:40:11.8532696Z ✅ /home/runner/work/tandemlog/tandemlog/test/profile_task_store_test.dart: immutable names reject injected identifiers
2026-10-10T04:40:12.0118585Z ✅ /home/runner/work/tandemlog/tandemlog/test/profile_task_store_test.dart: shared checklist display state is scoped and uses owner rollback
2026-10-10T04:40:12.1423007Z ✅ /home/runner/work/tandemlog/tandemlog/test/profile_task_store_test.dart: two workspaces isolate identical entity and writer sequence IDs
2026-10-10T04:40:12.1750635Z ✅ /home/runner/work/tandemlog/tandemlog/test/profile_task_store_test.dart: same location rejects a duplicate handle until close
2026-10-10T04:40:12.2328013Z ✅ /home/runner/work/tandemlog/tandemlog/test/profile_task_store_test.dart: queued open prevents owner close before its handle is returned
2026-10-10T04:40:12.2600083Z ✅ /home/runner/work/tandemlog/tandemlog/test/profile_task_store_test.dart: shared namespace never invokes legacy global schema replay
2026-10-10T04:40:12.3977037Z ✅ /home/runner/work/tandemlog/tandemlog/test/profile_task_store_test.dart: protected native receipt survives alias confirmation/rebuild appended=false
2026-10-10T04:40:12.4947184Z ✅ /home/runner/work/tandemlog/tandemlog/test/profile_task_store_test.dart: protected native receipt survives alias confirmation/rebuild appended=true
2026-10-10T04:40:12.5774230Z ✅ /home/runner/work/tandemlog/tandemlog/test/profile_task_store_test.dart: failed shared acknowledgement retains exact intent and rolls back projections
2026-10-10T04:40:12.5951767Z ✅ /home/runner/work/tandemlog/tandemlog/test/shared_tag_semantics_test.dart: query clear and dropdown actions identify every editing context
2026-10-10T04:40:12.6306106Z ✅ /home/runner/work/tandemlog/tandemlog/test/profile_task_store_test.dart: overlapping workspace operations share one transaction owner
2026-10-10T04:40:13.0251981Z ✅ /home/runner/work/tandemlog/tandemlog/test/shared_tag_semantics_test.dart: editor exposes named query and removable selected tags
2026-10-10T04:40:13.2783251Z ✅ /home/runner/work/tandemlog/tandemlog/test/task_metadata_test.dart: future hints use projection availability and the observed local day
2026-10-10T04:40:13.2807621Z ✅ /home/runner/work/tandemlog/tandemlog/test/task_metadata_test.dart: passed start and history hints stay absent even with a retained instant
2026-10-10T04:40:13.2825488Z ✅ /home/runner/work/tandemlog/tandemlog/test/task_metadata_test.dart: same heading removes date-only details and empty separators
2026-10-10T04:40:13.2840939Z ✅ /home/runner/work/tandemlog/tandemlog/test/task_metadata_test.dart: same heading retains role and time
2026-10-10T04:40:13.2864754Z ✅ /home/runner/work/tandemlog/tandemlog/test/task_metadata_test.dart: day groups hide due dates and available starts
2026-10-10T04:40:13.2909720Z ✅ /home/runner/work/tandemlog/tandemlog/test/task_metadata_test.dart: day groups hide pinned dates even across local days
2026-10-10T04:40:13.2917560Z ✅ /home/runner/work/tandemlog/tandemlog/test/task_metadata_test.dart: repeat perimeter needs no redundant metadata line or verbose rule
2026-10-10T04:40:13.2940783Z ✅ /home/runner/work/tandemlog/tandemlog/test/task_metadata_test.dart: local zone changes alter only pinned presentation
2026-10-10T04:40:13.2958943Z ✅ /home/runner/work/tandemlog/tandemlog/test/task_metadata_test.dart: pinned DST gaps and folds share projection resolution
2026-10-10T04:40:13.2991489Z ✅ /home/runner/work/tandemlog/tandemlog/test/task_metadata_test.dart: local day headings and bounded task times share the observed zone
2026-10-10T04:40:13.3006130Z ✅ /home/runner/work/tandemlog/tandemlog/test/task_metadata_test.dart: date-only occurrence override suppresses timed base due
2026-10-10T04:40:13.7282217Z ✅ /home/runner/work/tandemlog/tandemlog/test/shared_tag_semantics_test.dart: bulk suggestions are readable and semantics activation is local
2026-10-10T04:40:14.1592015Z ✅ /home/runner/work/tandemlog/tandemlog/test/legacy_cache_import_test.dart: captures primary and historical observations, keeps originals and replays unchanged logs
2026-10-10T04:40:14.2520072Z ✅ /home/runner/work/tandemlog/tandemlog/test/legacy_cache_import_test.dart: cache import transaction interruption leaves no partial observations
2026-10-10T04:40:14.3597407Z ✅ /home/runner/work/tandemlog/tandemlog/test/legacy_cache_import_test.dart: warm namespace still validates protected snapshot bytes
2026-10-10T04:40:14.4584739Z ✅ /home/runner/work/tandemlog/tandemlog/test/shared_tag_semantics_test.dart: bulk chip actions preserve independent deltas and Apply state
2026-10-10T04:40:14.4618365Z ✅ /home/runner/work/tandemlog/tandemlog/test/legacy_cache_import_test.dart: interrupted legacy replay retains independent heads/ranges and backup
2026-10-10T04:40:14.5439004Z ✅ /home/runner/work/tandemlog/tandemlog/test/legacy_cache_import_test.dart: changed source or conflicting location binding rejects without replacement
2026-10-10T04:40:14.6920574Z ✅ /home/runner/work/tandemlog/tandemlog/test/legacy_cache_import_test.dart: cache-only exact native receipt imports and retries without private file
2026-10-10T04:40:14.9399234Z ✅ /home/runner/work/tandemlog/tandemlog/test/shared_tag_semantics_test.dart: Saving freezes tag editing and chip removal in both bulk contexts
2026-10-10T04:40:15.8731975Z ✅ /home/runner/work/tandemlog/tandemlog/test/unavailable_completion_test.dart: unavailable completion explains by tap and keyboard without completing
2026-10-10T04:40:16.1415155Z ✅ /home/runner/work/tandemlog/tandemlog/test/checklist_suppressed_capture_test.dart: canceled untouched checklist successor cannot open a private native editor or become visible through capture
2026-10-10T04:40:16.6898008Z ✅ /home/runner/work/tandemlog/tandemlog/test/local_durability_test.dart: exclusive create writes and flushes file before its parent
2026-10-10T04:40:16.6949788Z ✅ /home/runner/work/tandemlog/tandemlog/test/local_durability_test.dart: new append barriers and existing stream first-use barrier
2026-10-10T04:40:16.6982873Z ✅ /home/runner/work/tandemlog/tandemlog/test/local_durability_test.dart: interrupted writes and fsync retry; close never retries
2026-10-10T04:40:16.7008028Z ✅ /home/runner/work/tandemlog/tandemlog/test/local_durability_test.dart: file fsync failure closes descriptor and prevents directory barrier
2026-10-10T04:40:16.7036396Z ✅ /home/runner/work/tandemlog/tandemlog/test/local_durability_test.dart: failed directory open/fsync is visible and append retries barrier
2026-10-10T04:40:16.7079609Z ✅ /home/runner/work/tandemlog/tandemlog/test/local_durability_test.dart: mkdir chain flushes each new parent and confirmed directories skip barriers
2026-10-10T04:40:16.7126921Z ✅ /home/runner/work/tandemlog/tandemlog/test/local_durability_test.dart: first ensure confirms existing ancestry after interrupted earlier process
2026-10-10T04:40:16.7161389Z ✅ /home/runner/work/tandemlog/tandemlog/test/local_durability_test.dart: failed mkdir barrier retries even though the directory now exists
2026-10-10T04:40:16.7299440Z ✅ /home/runner/work/tandemlog/tandemlog/test/local_durability_test.dart: atomic replacement synchronizes parent after completed rename and preserves failures
2026-10-10T04:40:16.7416882Z ✅ /home/runner/work/tandemlog/tandemlog/test/local_durability_test.dart: profile lock creates its directory through durability before settings
2026-10-10T04:40:16.7503709Z ✅ /home/runner/work/tandemlog/tandemlog/test/local_durability_test.dart: failed settings replacement retains its saved identity on retry
2026-10-10T04:40:16.7574869Z ✅ /home/runner/work/tandemlog/tandemlog/test/local_durability_test.dart: marker rename sync failure is confirmed on the next settings load
2026-10-10T04:40:16.7647741Z ✅ /home/runner/work/tandemlog/tandemlog/test/local_durability_test.dart: other platforms retain file flushing without calling Linux APIs
2026-10-10T04:40:16.7800740Z ✅ /home/runner/work/tandemlog/tandemlog/test/local_durability_test.dart: real Linux FFI smoke: manifest creation, append, replacement and missing-directory error
2026-10-10T04:40:17.8935229Z ✅ /home/runner/work/tandemlog/tandemlog/test/checklist_completion_command_test.dart: all checked items complete without warning and prepare exactly one receipt
2026-10-10T04:40:17.9609575Z ✅ /home/runner/work/tandemlog/tandemlog/test/bulk_failure_visibility_test.dart: bulk failure remains visible after bottom scroll (height: 820.0, keyboard: 0.0, message: Selected tasks changed. Close this editor and review them before retrying., scale: 1.0, width: 390.0)
2026-10-10T04:40:18.0625871Z ✅ /home/runner/work/tandemlog/tandemlog/test/checklist_completion_command_test.dart: cancel unfinished warning prepares nothing and preserves exact canonical bytes
2026-10-10T04:40:18.4353946Z ✅ /home/runner/work/tandemlog/tandemlog/test/bulk_failure_visibility_test.dart: bulk failure remains visible after bottom scroll (height: 820.0, keyboard: 280.0, message: Selected tasks changed. Close this editor and review them before retrying., scale: 2.0, width: 390.0)
2026-10-10T04:40:18.4737739Z ✅ /home/runner/work/tandemlog/tandemlog/test/checklist_completion_command_test.dart: warning observes whole current checklist including checked items notes and order
2026-10-10T04:40:18.8491370Z ✅ /home/runner/work/tandemlog/tandemlog/test/checklist_completion_command_test.dart: incoming new unchecked item during warning requires fresh confirmation before receipt
2026-10-10T04:40:18.9325454Z ✅ /home/runner/work/tandemlog/tandemlog/test/bulk_failure_visibility_test.dart: bulk failure remains visible after bottom scroll (height: 640.0, keyboard: 280.0, message: Selected tasks changed. Close this editor and review them before retrying., scale: 2.0, width: 360.0)
2026-10-10T04:40:19.1071923Z ✅ /home/runner/work/tandemlog/tandemlog/test/checklist_completion_command_test.dart: incoming completion state during warning requires fresh confirmation before receipt
2026-10-10T04:40:19.3602982Z ✅ /home/runner/work/tandemlog/tandemlog/test/bulk_failure_visibility_test.dart: bulk failure remains visible after bottom scroll (height: 640.0, keyboard: 280.0, message: Folder save failed. Your draft is retained. The provider did not acknowledge the selected changes. Reconnect the folder and check its permissions before retrying. No successful save has been reported. A long provider explanation must remain readable without moving the form., scale: 2.0, width: 360.0)
2026-10-10T04:40:19.3885198Z ✅ /home/runner/work/tandemlog/tandemlog/test/checklist_completion_command_test.dart: incoming title during warning requires fresh confirmation before receipt
2026-10-10T04:40:19.6079398Z ✅ /home/runner/work/tandemlog/tandemlog/test/bulk_failure_visibility_test.dart: single modal and bulk panel keep existing failure location false
2026-10-10T04:40:19.6563738Z ✅ /home/runner/work/tandemlog/tandemlog/test/checklist_completion_command_test.dart: incoming notes during warning requires fresh confirmation before receipt
2026-10-10T04:40:19.8468543Z ✅ /home/runner/work/tandemlog/tandemlog/test/bulk_failure_visibility_test.dart: single modal and bulk panel keep existing failure location true
2026-10-10T04:40:19.8712535Z ✅ /home/runner/work/tandemlog/tandemlog/test/checklist_completion_command_test.dart: incoming order during warning requires fresh confirmation before receipt
2026-10-10T04:40:20.2865362Z ✅ /home/runner/work/tandemlog/tandemlog/test/checklist_completion_command_test.dart: cancel renewed warning keeps peer changes but writes no local completion
2026-10-10T04:40:20.5097630Z ✅ /home/runner/work/tandemlog/tandemlog/test/checklist_completion_command_test.dart: incoming checks clearing all unfinished work need no second warning
2026-10-10T04:40:20.6770996Z ✅ /home/runner/work/tandemlog/tandemlog/test/checklist_completion_command_test.dart: task deleted while warning is open stops without preparing duplicate completion
2026-10-10T04:40:20.8540323Z ✅ /home/runner/work/tandemlog/tandemlog/test/checklist_completion_command_test.dart: task completed while warning is open stops without preparing duplicate completion
2026-10-10T04:40:21.0379125Z ✅ /home/runner/work/tandemlog/tandemlog/test/checklist_completion_command_test.dart: already completed task returns null without warning or duplicate receipt
2026-10-10T04:40:21.2837103Z ✅ /home/runner/work/tandemlog/tandemlog/test/checklist_completion_command_test.dart: native incoming notes renew warning while another private item draft stays unpublished
2026-10-10T04:40:21.5086121Z ✅ /home/runner/work/tandemlog/tandemlog/test/recurring_store_test.dart: offline recurring peers retain child edits drafts Undo and exact cold replay
2026-10-10T04:40:21.5432982Z ✅ /home/runner/work/tandemlog/tandemlog/test/checklist_completion_command_test.dart: incoming unchecked item at native preparation boundary retries confirmation before any receipt
2026-10-10T04:40:22.0251607Z ✅ /home/runner/work/tandemlog/tandemlog/test/task_view_test.dart: exact times precede date-only on the same day without invented time
2026-10-10T04:40:22.0275773Z ✅ /home/runner/work/tandemlog/tandemlog/test/task_view_test.dart: scheduled override supplies both date and precision for sorting
2026-10-10T04:40:22.0531789Z ✅ /home/runner/work/tandemlog/tandemlog/test/task_view_test.dart: calendar bounds retain precision over viewer midnight and DST
2026-10-10T04:40:22.0573900Z ✅ /home/runner/work/tandemlog/tandemlog/test/task_view_test.dart: visible future hints refresh at viewer midnight before the start
2026-10-10T04:40:22.0634527Z ✅ /home/runner/work/tandemlog/tandemlog/test/task_view_test.dart: recurring completion eligibility changes at civil midnight and on zone changes
2026-10-10T04:40:22.0655912Z ✅ /home/runner/work/tandemlog/tandemlog/test/task_view_test.dart: completion boundary follows 23-hour and 25-hour named-zone days
2026-10-10T04:40:22.0687575Z ✅ /home/runner/work/tandemlog/tandemlog/test/task_view_test.dart: ordinary tag intersects assignee, upcoming and completed views
2026-10-10T04:40:22.0706221Z ✅ /home/runner/work/tandemlog/tandemlog/test/task_view_test.dart: upcoming is opt-in and does not change stored rows
2026-10-10T04:40:22.0723788Z ✅ /home/runner/work/tandemlog/tandemlog/test/task_view_test.dart: standalone timing evaluates hidden and completed rows without changing state
2026-10-10T04:40:22.0751332Z ✅ /home/runner/work/tandemlog/tandemlog/test/task_view_test.dart: bounds accept only nullable integers and preserve recurrence anchor
2026-10-10T04:40:22.0772065Z ✅ /home/runner/work/tandemlog/tandemlog/test/task_view_test.dart: availability includes exact boundary and completed history stays visible
2026-10-10T04:40:22.0808323Z ✅ /home/runner/work/tandemlog/tandemlog/test/task_view_test.dart: effective scheduled precedence, bounds, Someday and manual ties
2026-10-10T04:40:22.0828150Z ✅ /home/runner/work/tandemlog/tandemlog/test/task_view_test.dart: bounds clamp civil day while retaining exact time and manual tie order
2026-10-10T04:40:22.0845254Z ✅ /home/runner/work/tandemlog/tandemlog/test/task_view_test.dart: pinned exact dates convert to viewer calendar but date-only remains civil
2026-10-10T04:40:22.0871298Z ✅ /home/runner/work/tandemlog/tandemlog/test/task_view_test.dart: start midnight and DST gap/fold use calendar transitions
2026-10-10T04:40:22.0890770Z ✅ /home/runner/work/tandemlog/tandemlog/test/task_view_test.dart: date-only start midnight uses the shared pinned task zone
2026-10-10T04:40:22.0908061Z ✅ /home/runner/work/tandemlog/tandemlog/test/task_view_test.dart: supported bound horizon is admitted and renderable, larger values rejected
2026-10-10T04:40:22.0927922Z ✅ /home/runner/work/tandemlog/tandemlog/test/task_view_test.dart: derived bound groups may cross the persisted date year limit
2026-10-10T04:40:22.0946100Z ✅ /home/runner/work/tandemlog/tandemlog/test/task_view_test.dart: bounds midnight boundary follows 23 and 25 hour local days
2026-10-10T04:40:22.0964197Z ✅ /home/runner/work/tandemlog/tandemlog/test/task_view_test.dart: filter and hidden bounds select earliest relevant clock boundary
2026-10-10T04:40:22.0981683Z ✅ /home/runner/work/tandemlog/tandemlog/test/task_view_test.dart: search bypasses filters and availability without changing source
2026-10-10T04:40:22.1022357Z ✅ /home/runner/work/tandemlog/tandemlog/test/task_view_test.dart: multiple tags match any then combine with visibility and assignee
2026-10-10T04:40:22.7949477Z ✅ /home/runner/work/tandemlog/tandemlog/test/checklist_suppressed_item_capture_test.dart: copied item under canceled successor cannot open a private native editor
2026-10-10T04:40:23.3977891Z ✅ /home/runner/work/tandemlog/tandemlog/test/text_actor_registry_test.dart: TA01 durable actor derivation is exact, stable and context scoped
2026-10-10T04:40:23.4055223Z ✅ /home/runner/work/tandemlog/tandemlog/test/text_actor_registry_test.dart: TA02 reserved, unsafe, malformed and mismatched owners reject
2026-10-10T04:40:23.4095330Z ✅ /home/runner/work/tandemlog/tandemlog/test/text_actor_registry_test.dart: TA03 actual allocator collision retains first owner and rejects second
2026-10-10T04:40:23.4111716Z ✅ /home/runner/work/tandemlog/tandemlog/test/text_actor_registry_test.dart: TA04 multi-field admission is atomic when a later owner conflicts
2026-10-10T04:40:23.4141273Z ✅ /home/runner/work/tandemlog/tandemlog/test/text_actor_registry_test.dart: TA05 canonical-only ownership replay is duplicate/order independent
2026-10-10T04:40:23.4165353Z ✅ /home/runner/work/tandemlog/tandemlog/test/text_actor_registry_test.dart: TA06 operation struct authors must be the declared owner
2026-10-10T04:40:23.4184656Z ✅ /home/runner/work/tandemlog/tandemlog/test/text_actor_registry_test.dart: TA07 separate documents do not conflate equal actor numbers
2026-10-10T04:40:23.4202107Z ✅ /home/runner/work/tandemlog/tandemlog/test/text_actor_registry_test.dart: TA08 unknown ownership metadata fails explicitly
2026-10-10T04:40:23.4222980Z ✅ /home/runner/work/tandemlog/tandemlog/test/text_actor_registry_test.dart: a failed delta preserves every previously bound owner
2026-10-10T04:40:23.4242424Z ✅ /home/runner/work/tandemlog/tandemlog/test/text_actor_registry_test.dart: cached owner still rejects changed identity and unknown authors
2026-10-10T04:40:23.8901756Z ✅ /home/runner/work/tandemlog/tandemlog/test/historical_delivery_test.dart: review: historical source and marker arrive after cross-writer Undo
2026-10-10T04:40:24.4427445Z ✅ /home/runner/work/tandemlog/tandemlog/test/historical_delivery_test.dart: review: native historical source and marker arrive after cross-writer Undo
2026-10-10T04:40:24.7551680Z ✅ /home/runner/work/tandemlog/tandemlog/test/checklist_presentation_test.dart: holding child reorder handle never opens help popup
2026-10-10T04:40:24.8450439Z ✅ /home/runner/work/tandemlog/tandemlog/test/checklist_presentation_test.dart: child reorder drag still works after holding 0:00:00.000000
2026-10-10T04:40:24.9121200Z ✅ /home/runner/work/tandemlog/tandemlog/test/inbox_test.dart: Inbox means raw capture until first surviving saved edit
2026-10-10T04:40:24.9146733Z ✅ /home/runner/work/tandemlog/tandemlog/test/inbox_test.dart: derived successors are organized even if their snapshot is empty
2026-10-10T04:40:24.9188248Z ✅ /home/runner/work/tandemlog/tandemlog/test/checklist_presentation_test.dart: child reorder drag still works after holding 0:00:01.000000
2026-10-10T04:40:24.9266904Z ✅ /home/runner/work/tandemlog/tandemlog/test/inbox_test.dart: Inbox is first in manual order and separate from Someday/history
2026-10-10T04:40:24.9717268Z ✅ /home/runner/work/tandemlog/tandemlog/test/checklist_presentation_test.dart: child handle uses parent reorder icon and retains semantics
2026-10-10T04:40:24.9765126Z ✅ /home/runner/work/tandemlog/tandemlog/test/checklist_presentation_test.dart: title normalization respects composition and selection-only history
2026-10-10T04:40:25.0637213Z ✅ /home/runner/work/tandemlog/tandemlog/test/checklist_presentation_test.dart: panel exposes check/edit/add, relative moves and edge restrictions
2026-10-10T04:40:25.1016672Z ✅ /home/runner/work/tandemlog/tandemlog/test/checklist_presentation_test.dart: panel disabled controls and 200 percent narrow semantics
2026-10-10T04:40:25.2116904Z ✅ /home/runner/work/tandemlog/tandemlog/test/checklist_presentation_test.dart: busy checkbox keeps child focus and guards repeat Space
2026-10-10T04:40:25.3027419Z ✅ /home/runner/work/tandemlog/tandemlog/test/checklist_presentation_test.dart: late control callbacks cannot dispatch after panel becomes busy
2026-10-10T04:40:25.4016898Z ✅ /home/runner/work/tandemlog/tandemlog/test/checklist_presentation_test.dart: child handle supports scoped typed drag and relative movement
2026-10-10T04:40:25.5325473Z ✅ /home/runner/work/tandemlog/tandemlog/test/checklist_presentation_test.dart: drop rejects wrong scope stale snapshot and disabled late acceptance
2026-10-10T04:40:25.6373125Z ✅ /home/runner/work/tandemlog/tandemlog/test/checklist_presentation_test.dart: move semantics keyboard edges and Add focus hook stay child scoped
2026-10-10T04:40:25.9079133Z ✅ /home/runner/work/tandemlog/tandemlog/test/checklist_presentation_test.dart: new item saves normalized title and multiline notes independently
2026-10-10T04:40:26.1521562Z ✅ /home/runner/work/tandemlog/tandemlog/test/checklist_presentation_test.dart: dirty close can be cancelled, dismissed and asked repeatedly without popping
2026-10-10T04:40:26.2849243Z ✅ /home/runner/work/tandemlog/tandemlog/test/checklist_presentation_test.dart: save through close guard renews dirty baseline; reopening starts clean
2026-10-10T04:40:26.4027968Z ✅ /home/runner/work/tandemlog/tandemlog/test/checklist_presentation_test.dart: failed save retains draft; pending receipt freezes fields and close but permits exact retry
2026-10-10T04:40:26.5483799Z ✅ /home/runner/work/tandemlog/tandemlog/test/food_profile_upgrade_test.dart: released schema2 upgrades additively and retains all protected bytes
2026-10-10T04:40:26.5920870Z ✅ /home/runner/work/tandemlog/tandemlog/test/food_profile_upgrade_test.dart: weakened released authority prevents any schema3 creation
2026-10-10T04:40:26.6159125Z ✅ /home/runner/work/tandemlog/tandemlog/test/checklist_presentation_test.dart: IME composition cannot save; length errors retain fields
2026-10-10T04:40:26.6795904Z ✅ /home/runner/work/tandemlog/tandemlog/test/checklist_presentation_test.dart: narrow enlarged editor and keyboard keep multiline input and actions reachable
2026-10-10T04:40:26.7542934Z ✅ /home/runner/work/tandemlog/tandemlog/test/checklist_presentation_test.dart: busy Save admits one command and freezes draft until success
2026-10-10T04:40:26.9059992Z ✅ /home/runner/work/tandemlog/tandemlog/test/food_profile_upgrade_test.dart: halfway additive upgrade failure rolls back all new authority
2026-10-10T04:40:26.9710159Z ✅ /home/runner/work/tandemlog/tandemlog/test/checklist_presentation_test.dart: Cancel and route back resolve dirty item before closing host
2026-10-10T04:40:27.1078840Z ✅ /home/runner/work/tandemlog/tandemlog/test/checklist_presentation_test.dart: render dark desktop and narrow enlarged components
2026-10-10T04:40:29.5643199Z ✅ /home/runner/work/tandemlog/tandemlog/test/local_profile_database_test.dart: one DB after clean close, with exclusive durable WAL configured
2026-10-10T04:40:29.7159694Z ✅ /home/runner/work/tandemlog/tandemlog/test/local_profile_database_test.dart: same process and symlink aliases fail before opening another handle
2026-10-10T04:40:29.8099559Z ✅ /home/runner/work/tandemlog/tandemlog/test/local_profile_database_test.dart: failed open retains unsupported database and releases process guard
2026-10-10T04:40:30.1500258Z ✅ /home/runner/work/tandemlog/tandemlog/test/text_save_command_test.dart: production native Save coordinator canonical acknowledgement precedes commit and enables selective Undo
2026-10-10T04:40:30.5677451Z ✅ /home/runner/work/tandemlog/tandemlog/test/text_save_command_test.dart: production native Save coordinator unknown append retains exact packet and nontext intent afterWriting=false
2026-10-10T04:40:30.7133947Z ✅ /home/runner/work/tandemlog/tandemlog/test/text_save_command_test.dart: production native Save coordinator unknown append retains exact packet and nontext intent afterWriting=true
2026-10-10T04:40:30.9077154Z ✅ /home/runner/work/tandemlog/tandemlog/test/text_save_command_test.dart: production native Save coordinator bound retry completes frozen intent after remote metadata changes
2026-10-10T04:40:30.9955662Z ✅ /home/runner/work/tandemlog/tandemlog/test/text_save_command_test.dart: production native Save coordinator unchanged Save preserves captured lease and nontext-only Save uses ordinary edit
2026-10-10T04:40:31.2245768Z ✅ /home/runner/work/tandemlog/tandemlog/test/local_profile_database_test.dart: OS exclusion survives commit and process death
2026-10-10T04:40:31.3016298Z ✅ /home/runner/work/tandemlog/tandemlog/test/text_save_command_test.dart: production native Save coordinator nontext guard rejects before append without consuming private edits
2026-10-10T04:40:31.4996966Z ✅ /home/runner/work/tandemlog/tandemlog/test/text_save_command_test.dart: production native Save coordinator remote text merges into the returned row without rebasing private intent
2026-10-10T04:40:31.6448560Z ✅ /home/runner/work/tandemlog/tandemlog/test/text_save_command_test.dart: production native Save coordinator nontext-only native session permits remote text under the same guard
2026-10-10T04:40:31.7465982Z ✅ /home/runner/work/tandemlog/tandemlog/test/text_save_command_test.dart: production native Save coordinator Undo registration failure reports the already saved result
2026-10-10T04:40:31.8350391Z ✅ /home/runner/work/tandemlog/tandemlog/test/text_save_command_test.dart: production native Save coordinator postcommit draft allocation failure reports saved and can finish renewal
2026-10-10T04:40:31.8915446Z ✅ /home/runner/work/tandemlog/tandemlog/test/text_save_command_test.dart: production native Save coordinator native Save rejects whole-string fields
2026-10-10T04:40:32.4414109Z ✅ /home/runner/work/tandemlog/tandemlog/test/local_profile_database_test.dart: OS exclusion survives rollback and process death
2026-10-10T04:40:32.5689482Z ✅ /home/runner/work/tandemlog/tandemlog/test/android_log_folder_test.dart: range bridge returns suffix and exposes nonseekable fallback explicitly
2026-10-10T04:40:32.5727398Z ✅ /home/runner/work/tandemlog/tandemlog/test/android_log_folder_test.dart: range truncation/provider errors remain failures rather than fallback
2026-10-10T04:40:32.5816105Z ✅ /home/runner/work/tandemlog/tandemlog/test/android_log_folder_test.dart: unsupported watch retains 15-second foreground fallback and retries
2026-10-10T04:40:32.5864718Z ✅ /home/runner/work/tandemlog/tandemlog/test/android_log_folder_test.dart: metadata remains optional observations and never creates trusted stamps
2026-10-10T04:40:32.5922884Z ✅ /home/runner/work/tandemlog/tandemlog/test/android_log_folder_test.dart: list rejects duplicate tandemlog-space.json before returning observations (same identity: false)
2026-10-10T04:40:32.5942316Z ✅ /home/runner/work/tandemlog/tandemlog/test/android_log_folder_test.dart: list rejects duplicate tandemlog-space.json before returning observations (same identity: true)
2026-10-10T04:40:32.5960380Z ✅ /home/runner/work/tandemlog/tandemlog/test/android_log_folder_test.dart: list rejects duplicate writer.jsonl before returning observations (same identity: false)
2026-10-10T04:40:32.5993378Z ✅ /home/runner/work/tandemlog/tandemlog/test/android_log_folder_test.dart: list rejects duplicate writer.jsonl before returning observations (same identity: true)
2026-10-10T04:40:32.6055487Z ✅ /home/runner/work/tandemlog/tandemlog/test/android_log_folder_test.dart: unrelated duplicate names do not reject the folder
2026-10-10T04:40:32.6124785Z ✅ /home/runner/work/tandemlog/tandemlog/test/android_log_folder_test.dart: list preserves native duplicate-name diagnostics and fails closed
2026-10-10T04:40:32.6174743Z ✅ /home/runner/work/tandemlog/tandemlog/test/android_log_folder_test.dart: read preserves native duplicate-name diagnostics and fails closed
2026-10-10T04:40:32.6194931Z ✅ /home/runner/work/tandemlog/tandemlog/test/android_log_folder_test.dart: readFrom preserves native duplicate-name diagnostics and fails closed
2026-10-10T04:40:32.6213283Z ✅ /home/runner/work/tandemlog/tandemlog/test/android_log_folder_test.dart: append preserves native duplicate-name diagnostics and fails closed
2026-10-10T04:40:32.6231967Z ✅ /home/runner/work/tandemlog/tandemlog/test/android_log_folder_test.dart: create preserves native duplicate-name diagnostics and fails closed
2026-10-10T04:40:32.6278659Z ✅ /home/runner/work/tandemlog/tandemlog/test/android_log_folder_test.dart: watch cancellation and old callbacks cannot trigger the new folder
2026-10-10T04:40:32.6299345Z ✅ /home/runner/work/tandemlog/tandemlog/test/android_log_folder_test.dart: unsupported watch activation becomes a stream error for polling fallback
2026-10-10T04:40:32.6335322Z ✅ /home/runner/work/tandemlog/tandemlog/test/android_log_folder_test.dart: observer error is delivered and a resumed watch uses fresh token
2026-10-10T04:40:32.6366662Z ✅ /home/runner/work/tandemlog/tandemlog/test/android_log_folder_test.dart: successful folder calls preserve bytes, names and forced revalidation
2026-10-10T04:40:32.6399457Z ✅ /home/runner/work/tandemlog/tandemlog/test/android_log_folder_test.dart: missing manifest gives restoration guidance without blaming permission
2026-10-10T04:40:32.6422602Z ✅ /home/runner/work/tandemlog/tandemlog/test/android_log_folder_test.dart: list generic IO failure stays honest and omits provider internals
2026-10-10T04:40:32.6443282Z ✅ /home/runner/work/tandemlog/tandemlog/test/android_log_folder_test.dart: read generic IO failure stays honest and omits provider internals
2026-10-10T04:40:32.6462900Z ✅ /home/runner/work/tandemlog/tandemlog/test/android_log_folder_test.dart: append generic IO failure stays honest and omits provider internals
2026-10-10T04:40:32.6482892Z ✅ /home/runner/work/tandemlog/tandemlog/test/android_log_folder_test.dart: create generic IO failure stays honest and omits provider internals
2026-10-10T04:40:32.6512202Z ✅ /home/runner/work/tandemlog/tandemlog/test/android_log_folder_test.dart: actual denied access and picker failures have specific recovery
2026-10-10T04:40:32.6534519Z ✅ /home/runner/work/tandemlog/tandemlog/test/android_log_folder_test.dart: presentation retains partial progress and canonical validation messages
2026-10-10T04:40:32.6554874Z ✅ /home/runner/work/tandemlog/tandemlog/test/android_log_folder_test.dart: food duplicates remain visible for module-scoped admission
2026-10-10T04:40:32.6578331Z ✅ /home/runner/work/tandemlog/tandemlog/test/android_log_folder_test.dart: bounded food reads send the limit to the provider
2026-10-10T04:40:33.2811798Z ✅ /home/runner/work/tandemlog/tandemlog/test/text_event_test.dart: new text packets retain exact bytes and closed metadata
2026-10-10T04:40:33.2980864Z ✅ /home/runner/work/tandemlog/tandemlog/test/text_event_test.dart: text packet fields, ownership and canonical base64 fail closed
2026-10-10T04:40:33.3074721Z ✅ /home/runner/work/tandemlog/tandemlog/test/text_event_test.dart: one text command can carry atomic existing nontext edits
2026-10-10T04:40:33.3115743Z ✅ /home/runner/work/tandemlog/tandemlog/test/text_event_test.dart: pure projection applies nontext without leaking native packet metadata
2026-10-10T04:40:33.3158352Z ✅ /home/runner/work/tandemlog/tandemlog/test/text_event_test.dart: baseline root declares closed exact prefix and genesis frontiers
2026-10-10T04:40:33.3222542Z ✅ /home/runner/work/tandemlog/tandemlog/test/text_event_test.dart: baseline unknown versions and invalid scope or frontiers fail closed
2026-10-10T04:40:33.8462709Z ✅ /home/runner/work/tandemlog/tandemlog/test/local_profile_database_test.dart: OS exclusion survives uncommitted and process death
2026-10-10T04:40:33.8754341Z ✅ /home/runner/work/tandemlog/tandemlog/test/local_profile_database_test.dart: independent profiles can own DBs concurrently; this is not a workspace lease
2026-10-10T04:40:33.8844279Z ✅ /home/runner/work/tandemlog/tandemlog/test/local_profile_database_test.dart: missing protected_writer_guards fails closed instead of recreating safety authority
2026-10-10T04:40:33.8933564Z ✅ /home/runner/work/tandemlog/tandemlog/test/local_profile_database_test.dart: missing protected_text_intents fails closed instead of recreating safety authority
2026-10-10T04:40:33.9026532Z ✅ /home/runner/work/tandemlog/tandemlog/test/local_profile_database_test.dart: weakened protected schema fails closed despite matching columns
2026-10-10T04:40:33.9231108Z ✅ /home/runner/work/tandemlog/tandemlog/test/local_profile_database_test.dart: exact frozen unpublished v1 upgrades without resetting identity
2026-10-10T04:40:34.3890954Z ✅ /home/runner/work/tandemlog/tandemlog/test/wall_time_test.dart: Chicago spring gap moves forward by gap, fall fold uses earlier instant
2026-10-10T04:40:34.3912282Z ✅ /home/runner/work/tandemlog/tandemlog/test/wall_time_test.dart: pinned wall time follows DST while UTC has no transition
2026-10-10T04:40:34.3928803Z ✅ /home/runner/work/tandemlog/tandemlog/test/wall_time_test.dart: half-hour transitions are not hardcoded to an hour
2026-10-10T04:40:34.4053124Z ✅ /home/runner/work/tandemlog/tandemlog/test/command_acknowledgement_test.dart: single edit must fail when transport drops newly appended event
2026-10-10T04:40:34.6579449Z ✅ /home/runner/work/tandemlog/tandemlog/test/command_acknowledgement_test.dart: single command must not acknowledge different bytes with the same event ID
2026-10-10T04:40:34.7408784Z ✅ /home/runner/work/tandemlog/tandemlog/test/command_acknowledgement_test.dart: create batch reports 0 confirmed records after suffix replacement
2026-10-10T04:40:34.8689937Z ✅ /home/runner/work/tandemlog/tandemlog/test/command_acknowledgement_test.dart: edit batch reports 0 confirmed records after suffix replacement
2026-10-10T04:40:34.9744549Z ✅ /home/runner/work/tandemlog/tandemlog/test/command_acknowledgement_test.dart: delete batch reports 0 confirmed records after suffix replacement
2026-10-10T04:40:35.1077130Z ✅ /home/runner/work/tandemlog/tandemlog/test/food_intents_test.dart: reservation and exact bytes commit or roll back together
2026-10-10T04:40:35.1097049Z ✅ /home/runner/work/tandemlog/tandemlog/test/command_acknowledgement_test.dart: reopen must fail and retain unconfirmed completion targets (0 prefix)
2026-10-10T04:40:35.1443099Z ✅ /home/runner/work/tandemlog/tandemlog/test/food_intents_test.dart: receipt cannot be retired by different bytes or without transaction
2026-10-10T04:40:35.4151567Z ✅ /home/runner/work/tandemlog/tandemlog/test/command_acknowledgement_test.dart: Undo reports only confirmed retractions and preserves retry (0 prefix)
2026-10-10T04:40:35.5236962Z ✅ /home/runner/work/tandemlog/tandemlog/test/command_acknowledgement_test.dart: create batch reports 1 confirmed records after suffix replacement
2026-10-10T04:40:35.6841064Z ✅ /home/runner/work/tandemlog/tandemlog/test/command_acknowledgement_test.dart: edit batch reports 1 confirmed records after suffix replacement
2026-10-10T04:40:35.7268244Z ✅ /home/runner/work/tandemlog/tandemlog/test/food_inventory_test.dart: legacy date certainty stays unknown unless evidence establishes it
2026-10-10T04:40:35.7478637Z ✅ /home/runner/work/tandemlog/tandemlog/test/food_inventory_test.dart: Deleted sorts tied writers and uses latest still-active deletion
2026-10-10T04:40:35.7508928Z ✅ /home/runner/work/tandemlog/tandemlog/test/food_inventory_test.dart: Deleted sequence tie uses numeric sequence rather than lexical ID
2026-10-10T04:40:35.7588962Z ✅ /home/runner/work/tandemlog/tandemlog/test/food_inventory_test.dart: equivalent fractions do not conflict; real alternatives require review
2026-10-10T04:40:35.7628031Z ✅ /home/runner/work/tandemlog/tandemlog/test/food_inventory_test.dart: multiwriter tied clocks and delayed Restore replay deterministically
2026-10-10T04:40:35.7663528Z ✅ /home/runner/work/tandemlog/tandemlog/test/food_inventory_test.dart: independent field edits merge without overwriting the other field
2026-10-10T04:40:35.7691719Z ✅ /home/runner/work/tandemlog/tandemlog/test/food_inventory_test.dart: concurrent contents alternatives remain visible until observed resolution
2026-10-10T04:40:35.7735226Z ✅ /home/runner/work/tandemlog/tandemlog/test/food_inventory_test.dart: Add N creates physical containers; count is derived
2026-10-10T04:40:35.7823441Z ✅ /home/runner/work/tandemlog/tandemlog/test/food_inventory_test.dart: eight containers stay eight with seven full and one third remaining
2026-10-10T04:40:35.7848767Z ✅ /home/runner/work/tandemlog/tandemlog/test/food_inventory_test.dart: identical full containers have a deterministic quick target
2026-10-10T04:40:35.7874369Z ✅ /home/runner/work/tandemlog/tandemlog/test/food_inventory_test.dart: observed group deletion excludes concurrent new containers
2026-10-10T04:40:35.7888785Z ✅ /home/runner/work/tandemlog/tandemlog/test/command_acknowledgement_test.dart: delete batch reports 1 confirmed records after suffix replacement
2026-10-10T04:40:35.7911692Z ✅ /home/runner/work/tandemlog/tandemlog/test/food_inventory_test.dart: concurrent same-target remove counts once; unseen delete survives Restore
2026-10-10T04:40:35.7987117Z ✅ /home/runner/work/tandemlog/tandemlog/test/food_inventory_test.dart: duplicate and arbitrarily reordered delivery replay identically
2026-10-10T04:40:35.8009563Z ✅ /home/runner/work/tandemlog/tandemlog/test/food_inventory_test.dart: retention hides even preexpiry; undated stays Inbox; search ignores filters
2026-10-10T04:40:35.8028923Z ✅ /home/runner/work/tandemlog/tandemlog/test/food_inventory_test.dart: expiry order is global; different expiry or descriptive data stay separate
2026-10-10T04:40:35.8063700Z ✅ /home/runner/work/tandemlog/tandemlog/test/food_inventory_test.dart: Deleted is explicit, searchable, and durable with no age cutoff
2026-10-10T04:40:35.8091113Z ✅ /home/runner/work/tandemlog/tandemlog/test/food_inventory_test.dart: invalid counts, fractions, dates, paths and unknown fields fail closed
2026-10-10T04:40:36.1244272Z ✅ /home/runner/work/tandemlog/tandemlog/test/command_acknowledgement_test.dart: reopen must fail and retain unconfirmed completion targets (1 prefix)
2026-10-10T04:40:36.3272836Z ✅ /home/runner/work/tandemlog/tandemlog/test/command_acknowledgement_test.dart: Undo reports only confirmed retractions and preserves retry (1 prefix)
2026-10-10T04:40:36.3631449Z ✅ /home/runner/work/tandemlog/tandemlog/test/command_acknowledgement_test.dart: incomplete BulkTaskResult cannot report success without an error
2026-10-10T04:40:36.4037715Z ✅ /home/runner/work/tandemlog/tandemlog/test/food_import_contract_vector_test.dart: v1 import identity and plan hash match independent frozen vector
2026-10-10T04:40:36.9607606Z ✅ /home/runner/work/tandemlog/tandemlog/test/writer_identity_test.dart: migration prefers selected cache and preserves every legacy identity
2026-10-10T04:40:36.9706862Z ✅ /home/runner/work/tandemlog/tandemlog/test/writer_identity_test.dart: no selected cache chooses lexical first independent of listing order
2026-10-10T04:40:36.9849286Z ✅ /home/runner/work/tandemlog/tandemlog/test/writer_identity_test.dart: settings reset creates fresh writer without resurrecting legacy
2026-10-10T04:40:36.9914749Z ✅ /home/runner/work/tandemlog/tandemlog/test/writer_identity_test.dart: saved migration identity finishes marker after interruption
2026-10-10T04:40:37.0078550Z ✅ /home/runner/work/tandemlog/tandemlog/test/writer_identity_test.dart: marker write failure retains durable settings identity on retry
2026-10-10T04:40:37.0806956Z ✅ /home/runner/work/tandemlog/tandemlog/test/writer_identity_test.dart: store startup failures release the defensive workspace lease
2026-10-10T04:40:37.1480431Z ✅ /home/runner/work/tandemlog/tandemlog/test/checklist_expansion_store_test.dart: sparse local expansion preserves other metadata and normal reopen
2026-10-10T04:40:37.1512927Z ✅ /home/runner/work/tandemlog/tandemlog/test/checklist_expansion_store_test.dart: cache reset defaults collapsed and invalid local values are ignored
2026-10-10T04:40:37.1543215Z ✅ /home/runner/work/tandemlog/tandemlog/test/checklist_expansion_store_test.dart: bad IDs and an active canonical transaction cannot cause partial UI writes
2026-10-10T04:40:37.2146461Z ✅ /home/runner/work/tandemlog/tandemlog/test/writer_identity_test.dart: cache 9 replays Inbox classification without changing canonical bytes
2026-10-10T04:40:37.2221396Z ✅ /home/runner/work/tandemlog/tandemlog/test/writer_identity_test.dart: invalid legacy identity fails without overwriting settings or identity
2026-10-10T04:40:37.3746415Z ✅ /home/runner/work/tandemlog/tandemlog/test/writer_identity_test.dart: invalid settings writer and migration marker fail explicitly
2026-10-10T04:40:37.3854245Z ✅ /home/runner/work/tandemlog/tandemlog/test/writer_identity_test.dart: failed atomic settings replacement does not finalize migration
2026-10-10T04:40:37.4861450Z ✅ /home/runner/work/tandemlog/tandemlog/test/writer_identity_test.dart: two spaces share installation writer and resume each stream safely
2026-10-10T04:40:37.5468460Z ✅ /home/runner/work/tandemlog/tandemlog/test/writer_identity_test.dart: explicit identity preserves old stream and uses a fresh stream
2026-10-10T04:40:38.2700107Z ✅ /home/runner/work/tandemlog/tandemlog/test/checklist_security_review_test.dart: admissible large checklist copy has bounded decode work and preserves canonical bytes
2026-10-10T04:40:38.6972125Z ✅ /home/runner/work/tandemlog/tandemlog/test/food_import_test.dart: strict v1 contract canonical fractions stable identities and invalid inputs
2026-10-10T04:40:38.7390343Z ✅ /home/runner/work/tandemlog/tandemlog/test/checklist_security_review_test.dart: scalar checklist historical recompletion preserves protected child without shared-text initialization
2026-10-10T04:40:39.0537637Z ✅ /home/runner/work/tandemlog/tandemlog/test/food_import_test.dart: dry run stages nothing and explicit commit preserves physical and unknown data
2026-10-10T04:40:39.2083213Z ✅ /home/runner/work/tandemlog/tandemlog/test/food_import_test.dart: cold retry after later edit and deletion uses original admission not projection
2026-10-10T04:40:39.3789442Z ✅ /home/runner/work/tandemlog/tandemlog/test/food_import_test.dart: partial append cold retry recovers exact reserved bytes without fresh IDs
2026-10-10T04:40:39.4719005Z ✅ /home/runner/work/tandemlog/tandemlog/test/food_import_test.dart: uncertain full append cold retry admits originals without second append
2026-10-10T04:40:39.5625616Z ✅ /home/runner/work/tandemlog/tandemlog/test/closed_runtime_actor_test.dart: pending then valid resolution cannot publish inherited actor proof into a different runtime
2026-10-10T04:40:39.5787296Z ✅ /home/runner/work/tandemlog/tandemlog/test/food_import_test.dart: changed count source payload and namespace refuse after attempt
2026-10-10T04:40:39.8126155Z ✅ /home/runner/work/tandemlog/tandemlog/test/food_import_test.dart: atomic ledger staging failure preserves canonical guard and intents
2026-10-10T04:40:39.8890601Z ✅ /home/runner/work/tandemlog/tandemlog/test/food_import_test.dart: missing attempt or source witness fails closed
2026-10-10T04:40:39.9714582Z ✅ /home/runner/work/tandemlog/tandemlog/test/food_import_test.dart: unrelated pending receipt is not recovered as import
2026-10-10T04:40:40.0191495Z ✅ /home/runner/work/tandemlog/tandemlog/test/food_import_test.dart: wrong workspace refuses without reserving or appending
2026-10-10T04:40:40.0906726Z ✅ /home/runner/work/tandemlog/tandemlog/test/food_import_test.dart: missing index with retained attempt refuses a new source namespace
2026-10-10T04:40:40.1601013Z ✅ /home/runner/work/tandemlog/tandemlog/test/food_import_test.dart: pre-byte crash changed plan and missing ledger cannot restamp prepared receipts
2026-10-10T04:40:40.2068889Z ✅ /home/runner/work/tandemlog/tandemlog/test/food_import_test.dart: physical collision with remote birth without local ledger refuses
2026-10-10T04:40:40.2758485Z ✅ /home/runner/work/tandemlog/tandemlog/test/food_import_test.dart: concurrent identical commit callbacks serialize into one original batch
2026-10-10T04:40:40.8589407Z ✅ /home/runner/work/tandemlog/tandemlog/test/historical_recompletion_test.dart: offline historical recompletions converge without reseeding or suppressing the existing child
2026-10-10T04:40:41.1004227Z ✅ /home/runner/work/tandemlog/tandemlog/test/historical_recompletion_test.dart: known wrong historical initialization rejects before receipt preparation
2026-10-10T04:40:41.6542174Z ✅ /home/runner/work/tandemlog/tandemlog/test/historical_recompletion_test.dart: historical recompletion preserves independent child draft, context and scoped Undo
2026-10-10T04:40:42.0321176Z ✅ /home/runner/work/tandemlog/tandemlog/test/historical_recompletion_test.dart: historical recompletion leaves open child unchanged through warm and cold replay
2026-10-10T04:40:42.5758305Z ✅ /home/runner/work/tandemlog/tandemlog/test/historical_recompletion_test.dart: historical recompletion leaves completed child unchanged through warm and cold replay
2026-10-10T04:40:43.0039291Z ✅ /home/runner/work/tandemlog/tandemlog/test/historical_recompletion_test.dart: historical recompletion leaves deleted child unchanged through warm and cold replay
2026-10-10T04:40:43.9798189Z ✅ /home/runner/work/tandemlog/tandemlog/test/food_import_test.dart: fully staged maximum batch preserves all 1000 physical identities
2026-10-10T04:40:44.0225348Z ✅ /home/runner/work/tandemlog/tandemlog/test/food_import_test.dart: shared manifest change remains hard and leaves import unstaged
2026-10-10T04:40:44.1327363Z ✅ /home/runner/work/tandemlog/tandemlog/test/food_import_test.dart: import cannot select a writer different from protected settings
2026-10-10T04:40:44.3305167Z ✅ /home/runner/work/tandemlog/tandemlog/test/food_import_test.dart: oversized local import metadata is refused before ledger materialization
2026-10-10T04:40:44.4732088Z ✅ /home/runner/work/tandemlog/tandemlog/test/food_import_test.dart: all metadata ledger loss with surviving initialization refuses new namespace
2026-10-10T04:40:44.5239008Z ✅ /home/runner/work/tandemlog/tandemlog/test/food_import_test.dart: malformed Food cannot mask lost protected import evidence on refresh
2026-10-10T04:40:44.5500758Z ✅ /home/runner/work/tandemlog/tandemlog/test/batch_storage_test.dart: 1-task create/edit/tag/move/delete/Undo use one durable append/cache transaction
2026-10-10T04:40:44.5671137Z ✅ /home/runner/work/tandemlog/tandemlog/test/food_import_test.dart: malformed Food cannot mask protected settings binding on import
2026-10-10T04:40:44.6241737Z ✅ /home/runner/work/tandemlog/tandemlog/test/food_import_test.dart: zero-byte attempt all metadata loss refuses original and new namespace
2026-10-10T04:40:44.6979776Z ✅ /home/runner/work/tandemlog/tandemlog/test/food_import_test.dart: missing initialization witness with retained ledgers fails closed
2026-10-10T04:40:45.3790877Z ✅ /home/runner/work/tandemlog/tandemlog/test/task_clock_test.dart: Chicago completion day follows local midnight across DST
2026-10-10T04:40:45.3821128Z ✅ /home/runner/work/tandemlog/tandemlog/test/task_clock_test.dart: unknown timezone never silently falls back
2026-10-10T04:40:46.0762373Z ✅ /home/runner/work/tandemlog/tandemlog/test/batch_storage_test.dart: 30-task create/edit/tag/move/delete/Undo use one durable append/cache transaction
2026-10-10T04:40:47.0387336Z ✅ /home/runner/work/tandemlog/tandemlog/test/food_durable_editor_test.dart: a failed durable Add retains editor and exact visible draft
2026-10-10T04:40:47.0987272Z ✅ /home/runner/work/tandemlog/tandemlog/test/food_durable_editor_test.dart: pending receipt prevents opening a different Add editor
2026-10-10T04:40:47.4392225Z ✅ /home/runner/work/tandemlog/tandemlog/test/food_durable_editor_test.dart: failed prepared Save retries the frozen original draft
2026-10-10T04:40:47.6753136Z ✅ /home/runner/work/tandemlog/tandemlog/test/food_durable_editor_test.dart: repeated captured discard decision cannot pop another route
2026-10-10T04:40:47.8412169Z ✅ /home/runner/work/tandemlog/tandemlog/test/food_durable_editor_test.dart: a retained rendered removal callback keeps its workspace origin
2026-10-10T04:40:48.8243776Z ✅ /home/runner/work/tandemlog/tandemlog/test/batch_storage_test.dart: 100-task create/edit/tag/move/delete/Undo use one durable append/cache transaction
2026-10-10T04:40:48.8944314Z ✅ /home/runner/work/tandemlog/tandemlog/test/batch_storage_test.dart: capture before write reconciles exact records and never discards incomplete tail
2026-10-10T04:40:48.9752275Z ✅ /home/runner/work/tandemlog/tandemlog/test/batch_storage_test.dart: capture prefix write reconciles exact records and never discards incomplete tail
2026-10-10T04:40:49.0612785Z ✅ /home/runner/work/tandemlog/tandemlog/test/batch_storage_test.dart: capture tail write reconciles exact records and never discards incomplete tail
2026-10-10T04:40:49.1129401Z ✅ /home/runner/work/tandemlog/tandemlog/test/batch_storage_test.dart: capture after write reconciles exact records and never discards incomplete tail
2026-10-10T04:40:49.1650444Z ✅ /home/runner/work/tandemlog/tandemlog/test/batch_storage_test.dart: capture cache write reconciles exact records and never discards incomplete tail
2026-10-10T04:40:49.2113332Z ✅ /home/runner/work/tandemlog/tandemlog/test/batch_storage_test.dart: invalid deferred reference to second batch event rejects all before append
2026-10-10T04:40:49.2760386Z ✅ /home/runner/work/tandemlog/tandemlog/test/batch_storage_test.dart: deferred tag reference to second prepared event rejects the complete batch
2026-10-10T04:40:49.5160064Z ✅ /home/runner/work/tandemlog/tandemlog/test/food_preview_test.dart: collapsed summary preserves single known full
2026-10-10T04:40:49.5802072Z ✅ /home/runner/work/tandemlog/tandemlog/test/food_preview_test.dart: collapsed summary preserves single unknown
2026-10-10T04:40:49.6457540Z ✅ /home/runner/work/tandemlog/tandemlog/test/food_preview_test.dart: collapsed summary preserves single partial
2026-10-10T04:40:49.7095870Z ✅ /home/runner/work/tandemlog/tandemlog/test/food_preview_test.dart: collapsed summary preserves multiple full
2026-10-10T04:40:49.7725102Z ✅ /home/runner/work/tandemlog/tandemlog/test/food_preview_test.dart: collapsed summary preserves mixed full and partial
2026-10-10T04:40:50.0184140Z ✅ /home/runner/work/tandemlog/tandemlog/test/task_text_session_test.dart: private UTF16 edits survive remote arrival; composition blocks preparation; cancel retains live owner
2026-10-10T04:40:50.0895599Z ✅ /home/runner/work/tandemlog/tandemlog/test/food_preview_test.dart: retained reasons start collapsed; active search bypasses them
2026-10-10T04:40:50.4351714Z ✅ /home/runner/work/tandemlog/tandemlog/test/food_preview_test.dart: narrow and wide inventory render partial stock without overflow
2026-10-10T04:40:50.6683126Z ✅ /home/runner/work/tandemlog/tandemlog/test/food_preview_test.dart: quick remove, Deleted and Undo preserve physical identity
2026-10-10T04:40:50.7715453Z ✅ /home/runner/work/tandemlog/tandemlog/test/food_preview_test.dart: partial containers require inspection; search includes retained stock
2026-10-10T04:40:51.6362344Z ✅ /home/runner/work/tandemlog/tandemlog/test/task_text_session_test.dart: confirmed Save keeps an open editor editable with a fresh lease
2026-10-10T04:40:51.6458937Z ✅ /home/runner/work/tandemlog/tandemlog/test/task_text_session_test.dart: later-field preparation failure retains earlier packet for retry
2026-10-10T04:40:52.1928622Z ✅ /home/runner/work/tandemlog/tandemlog/test/task_editor_test.dart: sort bounds explanation clears floating Minimum days label at 1.0
2026-10-10T04:40:52.3212410Z ✅ /home/runner/work/tandemlog/tandemlog/test/task_editor_test.dart: sort bounds explanation clears floating Minimum days label at 2.0
2026-10-10T04:40:52.4293993Z ✅ /home/runner/work/tandemlog/tandemlog/test/task_editor_test.dart: blocked text instruction wraps with full semantics at narrow 200 percent
2026-10-10T04:40:52.8328249Z ✅ /home/runner/work/tandemlog/tandemlog/test/task_editor_test.dart: unactivated text stays visible and disabled while scheduling saves
2026-10-10T04:40:53.5785180Z ✅ /home/runner/work/tandemlog/tandemlog/test/task_editor_test.dart: blank Time focus preserves date precision and midnight is explicit
2026-10-10T04:40:53.7857673Z ✅ /home/runner/work/tandemlog/tandemlog/test/task_editor_test.dart: single and bulk editors put tags and assignee after scheduling
2026-10-10T04:40:54.1045736Z ✅ /home/runner/work/tandemlog/tandemlog/test/task_editor_test.dart: date and optional time share rows and clear time independently
2026-10-10T04:40:54.3157981Z ✅ /home/runner/work/tandemlog/tandemlog/test/task_editor_test.dart: date rows stack at narrow widths and enlarged text
2026-10-10T04:40:54.7968387Z ✅ /home/runner/work/tandemlog/tandemlog/test/task_editor_test.dart: title caret survives viewport and text scale changes without unrelated jumps
2026-10-10T04:40:55.2176439Z ✅ /home/runner/work/tandemlog/tandemlog/test/task_editor_test.dart: description caret survives viewport and text scale changes without unrelated jumps
2026-10-10T04:40:55.6702289Z ✅ /home/runner/work/tandemlog/tandemlog/test/task_editor_test.dart: changed composing title cannot save until normalized commit
2026-10-10T04:40:55.8509145Z ✅ /home/runner/work/tandemlog/tandemlog/test/task_editor_test.dart: title input normalizes paste selection after IME commits
2026-10-10T04:40:56.0845360Z ✅ /home/runner/work/tandemlog/tandemlog/test/task_editor_test.dart: historical multiline title opens clean and notes save preserves title
2026-10-10T04:40:56.2766828Z ✅ /home/runner/work/tandemlog/tandemlog/test/task_editor_test.dart: title grows from one to two lines and notes grow then scroll with caret
2026-10-10T04:40:56.4234471Z ✅ /home/runner/work/tandemlog/tandemlog/test/task_editor_test.dart: keyboard and large text bound notes and keep modal actions reachable
2026-10-10T04:40:56.5605523Z ✅ /home/runner/work/tandemlog/tandemlog/test/task_editor_test.dart: close guards dirty draft and preserves text after keep editing
2026-10-10T04:40:56.8466107Z ✅ /home/runner/work/tandemlog/tandemlog/test/task_editor_test.dart: live schedule validation and repeat conditional fields
2026-10-10T04:40:57.0466553Z ✅ /home/runner/work/tandemlog/tandemlog/test/task_editor_test.dart: nonrepeat override survives title edit and frozen original ignores incoming data
2026-10-10T04:40:57.3751042Z ✅ /home/runner/work/tandemlog/tandemlog/test/task_editor_test.dart: bulk caret and focus changes do not apply mixed fields
2026-10-10T04:40:57.7555449Z ✅ /home/runner/work/tandemlog/tandemlog/test/task_editor_test.dart: bulk blank untouched preserves mixed precision; explicit blank clears
2026-10-10T04:40:57.8830777Z ✅ /home/runner/work/tandemlog/tandemlog/test/task_editor_test.dart: bulk coupled validation checks every task
2026-10-10T04:40:58.1369580Z ✅ /home/runner/work/tandemlog/tandemlog/test/task_editor_test.dart: async save disables controls, rejects duplicate submit and keeps failed draft
2026-10-10T04:40:58.3369064Z ✅ /home/runner/work/tandemlog/tandemlog/test/task_editor_test.dart: deletion requires confirmation and delete failure preserves draft
2026-10-10T04:40:58.7304827Z ✅ /home/runner/work/tandemlog/tandemlog/test/task_editor_test.dart: invalid tags timezone recurrence and bounds block submission live
2026-10-10T04:40:58.9472586Z ✅ /home/runner/work/tandemlog/tandemlog/test/task_editor_test.dart: panel flag changes retain draft and public close guard
2026-10-10T04:40:59.1510268Z ✅ /home/runner/work/tandemlog/tandemlog/test/task_editor_test.dart: title and notes wire limits validate before save
2026-10-10T04:40:59.4547115Z ✅ /home/runner/work/tandemlog/tandemlog/test/task_editor_test.dart: draft occurrence remains accessible after removing repeat
2026-10-10T04:40:59.5647317Z ✅ /home/runner/work/tandemlog/tandemlog/test/task_editor_test.dart: override actions wrap with narrow viewport and large text
2026-10-10T04:40:59.7489171Z ✅ /home/runner/work/tandemlog/tandemlog/test/task_editor_test.dart: host owns Back and opens exactly one discard prompt
2026-10-10T04:40:59.8976808Z ✅ /home/runner/work/tandemlog/tandemlog/test/task_editor_test.dart: guard Save commits frozen single draft without closing
2026-10-10T04:41:00.0791754Z ✅ /home/runner/work/tandemlog/tandemlog/test/task_editor_test.dart: folder failure is readable and retains the draft for retry
2026-10-10T04:41:00.3380797Z ✅ /home/runner/work/tandemlog/tandemlog/test/task_editor_test.dart: guard Save validation and write failure retain draft and selection
2026-10-10T04:41:00.4967637Z ✅ /home/runner/work/tandemlog/tandemlog/test/task_editor_test.dart: bulk guard Save applies patch against frozen tasks without closing
2026-10-10T04:41:00.5560155Z ✅ /home/runner/work/tandemlog/tandemlog/test/task_editor_test.dart: selection header wraps at narrow large text
2026-10-10T04:41:00.7721040Z ✅ /home/runner/work/tandemlog/tandemlog/test/task_editor_test.dart: bulk header is compact, wraps accessibly, and Clear retains dirty guard
2026-10-10T04:41:00.8053073Z ##[endgroup]
2026-10-10T04:41:00.8053216Z 
2026-10-10T04:41:00.8058839Z 🎉 822 tests passed.
2026-10-10T04:41:00.8689283Z ##[group]Run cargo +1.99.0 test --locked --offline --manifest-path native/text_engine/Cargo.toml --target-dir "$TANDEMLOG_TEXT_TARGET_DIR"
2026-10-10T04:41:00.8690224Z [36;1mcargo +1.99.0 test --locked --offline --manifest-path native/text_engine/Cargo.toml --target-dir "$TANDEMLOG_TEXT_TARGET_DIR"[0m
2026-10-10T04:41:00.8690731Z [36;1mexport SPIKE_LIBRARY="$TANDEMLOG_TEXT_LIBRARY"[0m
2026-10-10T04:41:00.8691059Z [36;1mpython -m unittest discover -s experiments/yrs-spike/tests -v[0m
2026-10-10T04:41:00.8747040Z shell: /usr/bin/bash --noprofile --norc -e -o pipefail {0}
2026-10-10T04:41:00.8747315Z env:
2026-10-10T04:41:00.8747557Z   CARGO_HOME: /home/runner/work/_temp/tandemlog-rust-bootstrap/cargo
2026-10-10T04:41:00.8747916Z   RUSTUP_HOME: /home/runner/work/_temp/tandemlog-rust-bootstrap/rustup
2026-10-10T04:41:00.8748293Z   RUSTUP_UPDATE_ROOT: https://static.rust-lang.org/rustup
2026-10-10T04:41:00.8748605Z   RUSTUP_DIST_SERVER: https://static.rust-lang.org
2026-10-10T04:41:00.8748886Z   RUSTUP_AUTO_INSTALL: 0
2026-10-10T04:41:00.8749186Z   TANDEMLOG_TEXT_TARGET_DIR: /home/runner/work/_temp/tandemlog-rust-bootstrap/target
2026-10-10T04:41:00.8749639Z   TANDEMLOG_TEXT_LIBRARY: /home/runner/work/_temp/native-unit/libtandemlog_text.so
2026-10-10T04:41:00.8750144Z ##[endgroup]
2026-10-10T04:41:00.9114872Z    Compiling proc-macro2 v1.0.107
2026-10-10T04:41:00.9115294Z    Compiling unicode-ident v1.0.26
2026-10-10T04:41:00.9115621Z    Compiling quote v1.0.47
2026-10-10T04:41:00.9115921Z    Compiling serde_core v1.0.229
2026-10-10T04:41:00.9572769Z    Compiling libc v0.2.190
2026-10-10T04:41:01.0408389Z    Compiling pin-project-lite v0.2.17
2026-10-10T04:41:01.0451469Z    Compiling parking v2.2.1
2026-10-10T04:41:01.0726861Z    Compiling parking_lot_core v0.9.12
2026-10-10T04:41:01.1161103Z    Compiling zmij v1.0.23
2026-10-10T04:41:01.1720819Z    Compiling smallvec v1.16.2
2026-10-10T04:41:01.1873549Z    Compiling rustversion v1.0.23
2026-10-10T04:41:01.2141132Z    Compiling crossbeam-utils v0.8.23
2026-10-10T04:41:01.3310878Z    Compiling event-listener v5.4.2
2026-10-10T04:41:01.5296894Z    Compiling scopeguard v1.2.0
2026-10-10T04:41:01.5568067Z    Compiling cfg-if v1.0.5
2026-10-10T04:41:01.5820945Z    Compiling serde_json v1.0.151
2026-10-10T04:41:01.6270803Z    Compiling syn v3.0.6
2026-10-10T04:41:01.6642001Z    Compiling thiserror v2.0.21
2026-10-10T04:41:01.8151451Z    Compiling serde v1.0.229
2026-10-10T04:41:01.9871051Z    Compiling lock_api v0.4.14
2026-10-10T04:41:02.1301036Z    Compiling event-listener-strategy v0.5.4
2026-10-10T04:41:02.6051519Z    Compiling hashbrown v0.14.5
2026-10-10T04:41:02.7091010Z    Compiling memchr v2.8.3
2026-10-10T04:41:03.0311058Z    Compiling itoa v1.0.18
2026-10-10T04:41:03.1191032Z    Compiling once_cell v1.21.4
2026-10-10T04:41:03.2232014Z    Compiling dashmap v6.2.1
2026-10-10T04:41:03.2441328Z    Compiling arc-swap v1.9.2
2026-10-10T04:41:03.4001128Z    Compiling async-lock v3.4.2
2026-10-10T04:41:03.4930992Z    Compiling smallstr v0.3.1
2026-10-10T04:41:03.5661676Z    Compiling fastrand v2.5.0
2026-10-10T04:41:03.6930983Z    Compiling base64 v0.22.1
2026-10-10T04:41:04.1238047Z    Compiling serde_derive v1.0.229
2026-10-10T04:41:04.1238519Z    Compiling thiserror-impl v2.0.21
2026-10-10T04:41:04.1238874Z    Compiling async-trait v0.1.92
2026-10-10T04:41:05.6575160Z    Compiling yrs v0.28.0 (/home/runner/work/tandemlog/tandemlog/native/text_engine/vendor/yrs-0.28.0)
2026-10-10T04:41:05.7888131Z warning: unused imports: `BlockRange` and `Block`
2026-10-10T04:41:05.7888640Z  --> vendor/yrs-0.28.0/src/transaction.rs:1:20
2026-10-10T04:41:05.7888987Z   |
2026-10-10T04:41:05.7889650Z 1 | use crate::block::{Block, BlockRange, Item, ItemContent, ItemPosition, ItemPtr, Prelim, ID};
2026-10-10T04:41:05.7890448Z   |                    ^^^^^  ^^^^^^^^^^
2026-10-10T04:41:05.7890781Z   |
2026-10-10T04:41:05.7891125Z   = note: `#[warn(unused_imports)]` (part of `#[warn(unused)]`) on by default
2026-10-10T04:41:05.7891495Z 
2026-10-10T04:41:05.7901108Z warning: unused import: `Block`
2026-10-10T04:41:05.7901494Z  --> vendor/yrs-0.28.0/src/block_iter.rs:1:20
2026-10-10T04:41:05.7901834Z   |
2026-10-10T04:41:05.7902173Z 1 | use crate::block::{Block, Item, ItemContent, ItemPtr, Prelim};
2026-10-10T04:41:05.7902595Z   |                    ^^^^^
2026-10-10T04:41:05.7902779Z 
2026-10-10T04:41:05.7908593Z warning: unused import: `ItemContent`
2026-10-10T04:41:05.7909168Z  --> vendor/yrs-0.28.0/src/iter.rs:1:20
2026-10-10T04:41:05.7921651Z   |
2026-10-10T04:41:05.7921929Z 1 | use crate::block::{ItemContent, ItemPtr};
2026-10-10T04:41:05.7922284Z   |                    ^^^^^^^^^^^
2026-10-10T04:41:05.7922476Z 
2026-10-10T04:41:05.7922648Z warning: unused imports: `SmallVec` and `smallvec`
2026-10-10T04:41:05.7923032Z  --> vendor/yrs-0.28.0/src/iter.rs:4:16
2026-10-10T04:41:05.7923348Z   |
2026-10-10T04:41:05.7923580Z 4 | use smallvec::{smallvec, SmallVec};
2026-10-10T04:41:05.7923887Z   |                ^^^^^^^^  ^^^^^^^^
2026-10-10T04:41:05.7924076Z 
2026-10-10T04:41:06.2573148Z warning: unused import: `crate::utils::OptionExt`
2026-10-10T04:41:06.2573489Z   --> vendor/yrs-0.28.0/src/doc.rs:10:5
2026-10-10T04:41:06.2573695Z    |
2026-10-10T04:41:06.2573868Z 10 | use crate::utils::OptionExt;
2026-10-10T04:41:06.2574086Z    |     ^^^^^^^^^^^^^^^^^^^^^^^
2026-10-10T04:41:06.2574219Z 
2026-10-10T04:41:06.2761565Z warning: value assigned to `left` is never read
2026-10-10T04:41:06.2761917Z    --> vendor/yrs-0.28.0/src/block.rs:494:24
2026-10-10T04:41:06.2762149Z     |
2026-10-10T04:41:06.2762312Z 494 |         let mut left = None;
2026-10-10T04:41:06.2762572Z     |                        ^^^^ this value is reassigned later and never used
2026-10-10T04:41:06.2762825Z ...
2026-10-10T04:41:06.2763023Z 540 |                 left = parent_branch.map.get(sub).cloned();
2026-10-10T04:41:06.2763467Z     |                 ------------------------------------------ `left` is overwritten here before the previous value is read
2026-10-10T04:41:06.2763822Z     |
2026-10-10T04:41:06.2764074Z     = note: `#[warn(unused_assignments)]` (part of `#[warn(unused)]`) on by default
2026-10-10T04:41:06.2764313Z 
2026-10-10T04:41:06.2821137Z warning: unused variable: `ptr`
2026-10-10T04:41:06.2821497Z    --> vendor/yrs-0.28.0/src/block.rs:886:21
2026-10-10T04:41:06.2821734Z     |
2026-10-10T04:41:06.2821961Z 886 |                 let ptr = BranchPtr::from(branch);
2026-10-10T04:41:06.2822294Z     |                     ^^^ help: if this is intentional, prefix it with an underscore: `_ptr`
2026-10-10T04:41:06.2822596Z     |
2026-10-10T04:41:06.2822839Z     = note: `#[warn(unused_variables)]` (part of `#[warn(unused)]`) on by default
2026-10-10T04:41:06.2823072Z 
2026-10-10T04:41:06.3933252Z warning: unused variable: `ptr`
2026-10-10T04:41:06.3933712Z    --> vendor/yrs-0.28.0/src/transaction.rs:778:13
2026-10-10T04:41:06.3934442Z     |
2026-10-10T04:41:06.3934661Z 778 |         let ptr = item.clone();
2026-10-10T04:41:06.3935128Z     |             ^^^ help: if this is intentional, prefix it with an underscore: `_ptr`
2026-10-10T04:41:06.3935496Z 
2026-10-10T04:41:06.3965479Z warning: variable does not need to be mutable
2026-10-10T04:41:06.3965805Z    --> vendor/yrs-0.28.0/src/transaction.rs:958:13
2026-10-10T04:41:06.3966050Z     |
2026-10-10T04:41:06.3966249Z 958 |         let mut block = Item::new(
2026-10-10T04:41:06.3966463Z     |             ----^^^^^
2026-10-10T04:41:06.3966641Z     |             |
2026-10-10T04:41:06.3966817Z     |             help: remove this `mut`
2026-10-10T04:41:06.3967019Z     |
2026-10-10T04:41:06.3967242Z     = note: `#[warn(unused_mut)]` (part of `#[warn(unused)]`) on by default
2026-10-10T04:41:06.3967456Z 
2026-10-10T04:41:06.7977910Z warning: variable does not need to be mutable
2026-10-10T04:41:06.7978382Z    --> vendor/yrs-0.28.0/src/undo.rs:133:13
2026-10-10T04:41:06.7978708Z     |
2026-10-10T04:41:06.7979026Z 133 |         let mut state = Arc::new(Inner {
2026-10-10T04:41:06.7979368Z     |             ----^^^^^
2026-10-10T04:41:06.7979640Z     |             |
2026-10-10T04:41:06.7982659Z     |             help: remove this `mut`
2026-10-10T04:41:06.7982954Z 
2026-10-10T04:41:06.8077660Z warning: unused variable: `clear_undo`
2026-10-10T04:41:06.8077970Z    --> vendor/yrs-0.28.0/src/undo.rs:379:34
2026-10-10T04:41:06.8078195Z     |
2026-10-10T04:41:06.8078431Z 379 |     fn clear_internal(&mut self, clear_undo: bool, clear_redo: bool) {
2026-10-10T04:41:06.8078867Z     |                                  ^^^^^^^^^^ help: if this is intentional, prefix it with an underscore: `_clear_undo`
2026-10-10T04:41:06.8079151Z 
2026-10-10T04:41:06.8079237Z warning: unused variable: `clear_redo`
2026-10-10T04:41:06.8079489Z    --> vendor/yrs-0.28.0/src/undo.rs:379:52
2026-10-10T04:41:06.8079699Z     |
2026-10-10T04:41:06.8080152Z 379 |     fn clear_internal(&mut self, clear_undo: bool, clear_redo: bool) {
2026-10-10T04:41:06.8080613Z     |                                                    ^^^^^^^^^^ help: if this is intentional, prefix it with an underscore: `_clear_redo`
2026-10-10T04:41:06.8080967Z 
2026-10-10T04:41:06.8422718Z warning: method `as_item` is never used
2026-10-10T04:41:06.8423174Z    --> vendor/yrs-0.28.0/src/block.rs:198:12
2026-10-10T04:41:06.8423503Z     |
2026-10-10T04:41:06.8423731Z 183 | impl<'a> BlockRef<'a> {
2026-10-10T04:41:06.8424072Z     | --------------------- method in this implementation
2026-10-10T04:41:06.8424426Z ...
2026-10-10T04:41:06.8424697Z 198 |     pub fn as_item(&self) -> Option<&'a Item> {
2026-10-10T04:41:06.8425043Z     |            ^^^^^^^
2026-10-10T04:41:06.8425282Z     |
2026-10-10T04:41:06.8425594Z     = note: `#[warn(dead_code)]` (part of `#[warn(unused)]`) on by default
2026-10-10T04:41:06.8425905Z 
2026-10-10T04:41:06.8426048Z warning: methods `last_id`, `is_item`, and `is_gc` are never used
2026-10-10T04:41:06.8426337Z    --> vendor/yrs-0.28.0/src/block.rs:264:12
2026-10-10T04:41:06.8426584Z     |
2026-10-10T04:41:06.8426730Z 221 | impl Block {
2026-10-10T04:41:06.8426922Z     | ---------- methods in this implementation
2026-10-10T04:41:06.8427155Z ...
2026-10-10T04:41:06.8427320Z 264 |     pub fn last_id(&self) -> ID {
2026-10-10T04:41:06.8427530Z     |            ^^^^^^^
2026-10-10T04:41:06.8427694Z ...
2026-10-10T04:41:06.8427844Z 281 |     pub fn is_item(&self) -> bool {
2026-10-10T04:41:06.8428048Z     |            ^^^^^^^
2026-10-10T04:41:06.8428206Z ...
2026-10-10T04:41:06.8428350Z 291 |     pub fn is_gc(&self) -> bool {
2026-10-10T04:41:06.8428540Z     |            ^^^^^
2026-10-10T04:41:06.8428643Z 
2026-10-10T04:41:06.8428737Z warning: method `delete_as_cleanup` is never used
2026-10-10T04:41:06.8428987Z    --> vendor/yrs-0.28.0/src/block.rs:632:19
2026-10-10T04:41:06.8429189Z     |
2026-10-10T04:41:06.8429341Z 444 | impl ItemPtr {
2026-10-10T04:41:06.8429525Z     | ------------ method in this implementation
2026-10-10T04:41:06.8429731Z ...
2026-10-10T04:41:06.8430373Z 632 |     pub(crate) fn delete_as_cleanup(&self, txn: &mut TransactionMut, is_local: bool) {
2026-10-10T04:41:06.8430695Z     |                   ^^^^^^^^^^^^^^^^^
2026-10-10T04:41:06.8430913Z 
2026-10-10T04:41:06.8431043Z warning: method `integrate` is never used
2026-10-10T04:41:06.8431393Z     --> vendor/yrs-0.28.0/src/block.rs:1415:19
2026-10-10T04:41:06.8431713Z      |
2026-10-10T04:41:06.8431934Z 1354 | impl BlockRange {
2026-10-10T04:41:06.8432230Z      | --------------- method in this implementation
2026-10-10T04:41:06.8432557Z ...
2026-10-10T04:41:06.8432847Z 1415 |     pub(crate) fn integrate(&mut self, pivot: u32) -> bool {
2026-10-10T04:41:06.8433236Z      |                   ^^^^^^^^^
2026-10-10T04:41:06.8433429Z 
2026-10-10T04:41:06.8433565Z warning: method `contains` is never used
2026-10-10T04:41:06.8433919Z    --> vendor/yrs-0.28.0/src/block_store.rs:300:12
2026-10-10T04:41:06.8434247Z     |
2026-10-10T04:41:06.8434458Z 289 | impl BlockStore {
2026-10-10T04:41:06.8434747Z     | --------------- method in this implementation
2026-10-10T04:41:06.8435068Z ...
2026-10-10T04:41:06.8435303Z 300 |     pub fn contains(&self, id: &ID) -> bool {
2026-10-10T04:41:06.8435800Z     |            ^^^^^^^^
2026-10-10T04:41:06.8435961Z 
2026-10-10T04:41:06.8436119Z warning: constant `WEAK_REF_FLAGS_QUOTE` is never used
2026-10-10T04:41:06.8436508Z    --> vendor/yrs-0.28.0/src/types/mod.rs:230:7
2026-10-10T04:41:06.8436823Z     |
2026-10-10T04:41:06.8437066Z 230 | const WEAK_REF_FLAGS_QUOTE: u8 = 0b0000_0001;
2026-10-10T04:41:06.8437402Z     |       ^^^^^^^^^^^^^^^^^^^^
2026-10-10T04:41:06.8437573Z 
2026-10-10T04:41:06.8437757Z warning: constant `WEAK_REF_FLAGS_START_ASSOC` is never used
2026-10-10T04:41:06.8438162Z    --> vendor/yrs-0.28.0/src/types/mod.rs:232:7
2026-10-10T04:41:06.8438471Z     |
2026-10-10T04:41:06.8438727Z 232 | const WEAK_REF_FLAGS_START_ASSOC: u8 = 0b0000_0010;
2026-10-10T04:41:06.8439081Z     |       ^^^^^^^^^^^^^^^^^^^^^^^^^^
2026-10-10T04:41:06.8439276Z 
2026-10-10T04:41:06.8439450Z warning: constant `WEAK_REF_FLAGS_END_ASSOC` is never used
2026-10-10T04:41:06.8439943Z    --> vendor/yrs-0.28.0/src/types/mod.rs:234:7
2026-10-10T04:41:06.8440254Z     |
2026-10-10T04:41:06.8440517Z 234 | const WEAK_REF_FLAGS_END_ASSOC: u8 = 0b0000_0100;
2026-10-10T04:41:06.8440857Z     |       ^^^^^^^^^^^^^^^^^^^^^^^^
2026-10-10T04:41:06.8441040Z 
2026-10-10T04:41:06.8441234Z warning: constant `WEAK_REF_FLAGS_START_UNBOUNDED` is never used
2026-10-10T04:41:06.8441654Z    --> vendor/yrs-0.28.0/src/types/mod.rs:236:7
2026-10-10T04:41:06.8441958Z     |
2026-10-10T04:41:06.8442229Z 236 | const WEAK_REF_FLAGS_START_UNBOUNDED: u8 = 0b0000_1000;
2026-10-10T04:41:06.8442598Z     |       ^^^^^^^^^^^^^^^^^^^^^^^^^^^^^^
2026-10-10T04:41:06.8442801Z 
2026-10-10T04:41:06.8442981Z warning: constant `WEAK_REF_FLAGS_END_UNBOUNDED` is never used
2026-10-10T04:41:06.8443390Z    --> vendor/yrs-0.28.0/src/types/mod.rs:238:7
2026-10-10T04:41:06.8443703Z     |
2026-10-10T04:41:06.8443985Z 238 | const WEAK_REF_FLAGS_END_UNBOUNDED: u8 = 0b0001_0000;
2026-10-10T04:41:06.8444350Z     |       ^^^^^^^^^^^^^^^^^^^^^^^^^^^^
2026-10-10T04:41:06.8444552Z 
2026-10-10T04:41:06.8444729Z warning: constant `WEAK_REF_FLAGS_PARENT_ROOT` is never used
2026-10-10T04:41:06.8445133Z    --> vendor/yrs-0.28.0/src/types/mod.rs:240:7
2026-10-10T04:41:06.8445435Z     |
2026-10-10T04:41:06.8445689Z 240 | const WEAK_REF_FLAGS_PARENT_ROOT: u8 = 0b0010_0000;
2026-10-10T04:41:06.8446040Z     |       ^^^^^^^^^^^^^^^^^^^^^^^^^^
2026-10-10T04:41:06.8446232Z 
2026-10-10T04:41:06.8446344Z warning: field `txn` is never read
2026-10-10T04:41:06.8446656Z    --> vendor/yrs-0.28.0/src/types/mod.rs:538:5
2026-10-10T04:41:06.8446962Z     |
2026-10-10T04:41:06.8447187Z 536 | pub(crate) struct Entries<'a, B, T> {
2026-10-10T04:41:06.8447526Z     |                   ------- field in this struct
2026-10-10T04:41:06.8447983Z 537 |     iter: std::collections::hash_map::Iter<'a, Arc<str>, ItemPtr>,
2026-10-10T04:41:06.8448382Z 538 |     txn: B,
2026-10-10T04:41:06.8448755Z     |     ^^^
2026-10-10T04:41:06.8448962Z     |
2026-10-10T04:41:06.8449472Z     = note: `Entries` has a derived impl for the trait `Debug`, but this is intentionally ignored during dead code analysis
2026-10-10T04:41:06.8450081Z 
2026-10-10T04:41:06.8450208Z warning: method `as_id_set` is never used
2026-10-10T04:41:06.8450541Z   --> vendor/yrs-0.28.0/src/update.rs:48:12
2026-10-10T04:41:06.8450843Z    |
2026-10-10T04:41:06.8451048Z 28 | impl BlockSet {
2026-10-10T04:41:06.8451320Z    | ------------- method in this implementation
2026-10-10T04:41:06.8451633Z ...
2026-10-10T04:41:06.8451855Z 48 |     pub fn as_id_set(&self) -> IdSet {
2026-10-10T04:41:06.8452159Z    |            ^^^^^^^^^
2026-10-10T04:41:06.8452318Z 
2026-10-10T04:41:06.8452565Z warning: associated functions `next_target` and `return_stack` are never used
2026-10-10T04:41:06.8453067Z    --> vendor/yrs-0.28.0/src/update.rs:503:8
2026-10-10T04:41:06.8453368Z     |
2026-10-10T04:41:06.8453573Z 169 | impl Update {
2026-10-10T04:41:06.8453881Z     | ----------- associated functions in this implementation
2026-10-10T04:41:06.8454229Z ...
2026-10-10T04:41:06.8454438Z 503 |     fn next_target<'a, 'b>(
2026-10-10T04:41:06.8454843Z     |        ^^^^^^^^^^^
2026-10-10T04:41:06.8455041Z ...
2026-10-10T04:41:06.8455291Z 526 |     fn return_stack(stack: Vec<Block>, refs: &mut BlockSet, remaining: &mut BlockSet) {
2026-10-10T04:41:06.8455600Z     |        ^^^^^^^^^^^^
2026-10-10T04:41:06.8455709Z 
2026-10-10T04:41:06.8455838Z warning: methods `forward`, `backward`, and `values` are never used
2026-10-10T04:41:06.8456121Z    --> vendor/yrs-0.28.0/src/block_iter.rs:76:12
2026-10-10T04:41:06.8456324Z     |
2026-10-10T04:41:06.8456463Z  18 | impl BlockIter {
2026-10-10T04:41:06.8456672Z     | -------------- methods in this implementation
2026-10-10T04:41:06.8456887Z ...
2026-10-10T04:41:06.8457076Z  76 |     pub fn forward<T: ReadTxn>(&mut self, txn: &T, len: u32) {
2026-10-10T04:41:06.8457317Z     |            ^^^^^^^
2026-10-10T04:41:06.8457471Z ...
2026-10-10T04:41:06.8457684Z 130 |     pub fn backward<T: ReadTxn>(&mut self, txn: &mut T, mut len: u32) {
2026-10-10T04:41:06.8457962Z     |            ^^^^^^^^
2026-10-10T04:41:06.8458134Z ...
2026-10-10T04:41:06.8458299Z 369 |     pub fn values<'a, 'txn, T: ReadTxn>(
2026-10-10T04:41:06.8458509Z     |            ^^^^^^
2026-10-10T04:41:06.8458613Z 
2026-10-10T04:41:06.8458700Z warning: struct `Values` is never constructed
2026-10-10T04:41:06.8458938Z    --> vendor/yrs-0.28.0/src/block_iter.rs:377:12
2026-10-10T04:41:06.8459153Z     |
2026-10-10T04:41:06.8459304Z 377 | pub struct Values<'a, 'txn> {
2026-10-10T04:41:06.8459493Z     |            ^^^^^^
2026-10-10T04:41:06.8459586Z 
2026-10-10T04:41:06.8459680Z warning: associated function `new` is never used
2026-10-10T04:41:06.8460303Z    --> vendor/yrs-0.28.0/src/block_iter.rs:383:8
2026-10-10T04:41:06.8460533Z     |
2026-10-10T04:41:06.8460686Z 382 | impl<'a, 'txn> Values<'a, 'txn> {
2026-10-10T04:41:06.8460958Z     | ------------------------------- associated function in this implementation
2026-10-10T04:41:06.8461343Z 383 |     fn new(iter: &'a mut BlockIter, txn: &'txn mut TransactionMut<'txn>) -> Self {
2026-10-10T04:41:06.8461655Z     |        ^^^
2026-10-10T04:41:06.8461744Z 
2026-10-10T04:41:06.8461828Z warning: method `remove_at` is never used
2026-10-10T04:41:06.8462053Z    --> vendor/yrs-0.28.0/src/branch.rs:398:19
2026-10-10T04:41:06.8462249Z     |
2026-10-10T04:41:06.8462385Z 222 | impl Branch {
2026-10-10T04:41:06.8462561Z     | ----------- method in this implementation
2026-10-10T04:41:06.8462762Z ...
2026-10-10T04:41:06.8463027Z 398 |     pub(crate) fn remove_at(&self, txn: &mut TransactionMut, index: u32, len: u32) -> u32 {
2026-10-10T04:41:06.8463346Z     |                   ^^^^^^^^^
2026-10-10T04:41:06.8463472Z 
2026-10-10T04:41:06.8463552Z warning: method `inner_mut` is never used
2026-10-10T04:41:06.8463779Z    --> vendor/yrs-0.28.0/src/ids.rs:548:19
2026-10-10T04:41:06.8463974Z     |
2026-10-10T04:41:06.8464119Z  58 | impl<T: Merge> IdRanges<T> {
2026-10-10T04:41:06.8464505Z     | -------------------------- method in this implementation
2026-10-10T04:41:06.8464732Z ...
2026-10-10T04:41:06.8464965Z 548 |     pub(crate) fn inner_mut(&mut self) -> &mut SmallVec<[(Range<u32>, T); 1]> {
2026-10-10T04:41:06.8465253Z     |                   ^^^^^^^^^
2026-10-10T04:41:06.8465372Z 
2026-10-10T04:41:06.8465458Z warning: trait `BlockIterator` is never used
2026-10-10T04:41:06.8465683Z  --> vendor/yrs-0.28.0/src/iter.rs:7:18
2026-10-10T04:41:06.8465870Z   |
2026-10-10T04:41:06.8466076Z 7 | pub(crate) trait BlockIterator: Iterator<Item = ItemPtr> + Sized {
2026-10-10T04:41:06.8466343Z   |                  ^^^^^^^^^^^^^
2026-10-10T04:41:06.8466455Z 
2026-10-10T04:41:06.8466552Z warning: trait `BlockSliceIterator` is never used
2026-10-10T04:41:06.8466788Z   --> vendor/yrs-0.28.0/src/iter.rs:16:18
2026-10-10T04:41:06.8466982Z    |
2026-10-10T04:41:06.8467207Z 16 | pub(crate) trait BlockSliceIterator: Iterator<Item = ItemSlice> + Sized {
2026-10-10T04:41:06.8467499Z    |                  ^^^^^^^^^^^^^^^^^^
2026-10-10T04:41:06.8467629Z 
2026-10-10T04:41:06.8467717Z warning: struct `RangeIter` is never constructed
2026-10-10T04:41:06.8468045Z    --> vendor/yrs-0.28.0/src/iter.rs:106:19
2026-10-10T04:41:06.8468250Z     |
2026-10-10T04:41:06.8468400Z 106 | pub(crate) struct RangeIter<I> {
2026-10-10T04:41:06.8468593Z     |                   ^^^^^^^^^
2026-10-10T04:41:06.8468703Z 
2026-10-10T04:41:06.8468822Z warning: associated items `new` and `begin` are never used
2026-10-10T04:41:06.8469076Z    --> vendor/yrs-0.28.0/src/iter.rs:117:8
2026-10-10T04:41:06.8469267Z     |
2026-10-10T04:41:06.8469407Z 113 | / impl<I> RangeIter<I>
2026-10-10T04:41:06.8469577Z 114 | | where
2026-10-10T04:41:06.8469733Z 115 | |     I: Iterator<Item = ItemPtr>,
2026-10-10T04:41:06.8470172Z     | |________________________________- associated items in this implementation
2026-10-10T04:41:06.8470434Z 116 |   {
2026-10-10T04:41:06.8470638Z 117 |       fn new(iter: I, start: StickyIndex, end: StickyIndex) -> Self {
2026-10-10T04:41:06.8470902Z     |          ^^^
2026-10-10T04:41:06.8471046Z ...
2026-10-10T04:41:06.8471259Z 126 |       fn begin(&mut self, start_offset: &mut u32) -> Option<ItemPtr> {
2026-10-10T04:41:06.8471522Z     |          ^^^^^
2026-10-10T04:41:06.8471614Z 
2026-10-10T04:41:06.8471703Z warning: enum `RangeIterState` is never used
2026-10-10T04:41:06.8471923Z    --> vendor/yrs-0.28.0/src/iter.rs:234:6
2026-10-10T04:41:06.8472110Z     |
2026-10-10T04:41:06.8472250Z 234 | enum RangeIterState {
2026-10-10T04:41:06.8472435Z     |      ^^^^^^^^^^^^^^
2026-10-10T04:41:06.8472543Z 
2026-10-10T04:41:06.8472630Z warning: struct `Values` is never constructed
2026-10-10T04:41:06.8472856Z    --> vendor/yrs-0.28.0/src/iter.rs:245:19
2026-10-10T04:41:06.8473048Z     |
2026-10-10T04:41:06.8473197Z 245 | pub(crate) struct Values<I> {
2026-10-10T04:41:06.8473392Z     |                   ^^^^^^
2026-10-10T04:41:06.8473500Z 
2026-10-10T04:41:06.8473594Z warning: associated function `new` is never used
2026-10-10T04:41:06.8473825Z    --> vendor/yrs-0.28.0/src/iter.rs:251:8
2026-10-10T04:41:06.8474012Z     |
2026-10-10T04:41:06.8474151Z 250 | impl<I> Values<I> {
2026-10-10T04:41:06.8474374Z     | ----------------- associated function in this implementation
2026-10-10T04:41:06.8474627Z 251 |     fn new(iter: I) -> Self {
2026-10-10T04:41:06.8474806Z     |        ^^^
2026-10-10T04:41:06.8474897Z 
2026-10-10T04:41:06.8474971Z warning: field `txn` is never read
2026-10-10T04:41:06.8475170Z    --> vendor/yrs-0.28.0/src/iter.rs:287:5
2026-10-10T04:41:06.8475362Z     |
2026-10-10T04:41:06.8475500Z 286 | pub struct AsIter<'a, T, I> {
2026-10-10T04:41:06.8475697Z     |            ------ field in this struct
2026-10-10T04:41:06.8475897Z 287 |     txn: &'a T,
2026-10-10T04:41:06.8476052Z     |     ^^^
2026-10-10T04:41:06.8476193Z     |
2026-10-10T04:41:06.8476512Z     = note: `AsIter` has a derived impl for the trait `Debug`, but this is intentionally ignored during dead code analysis
2026-10-10T04:41:06.8476826Z 
2026-10-10T04:41:06.8477121Z warning: methods `adjacent`, `contains_id`, `right`, and `left` are never used
2026-10-10T04:41:06.8477432Z    --> vendor/yrs-0.28.0/src/slice.rs:164:12
2026-10-10T04:41:06.8477635Z     |
2026-10-10T04:41:06.8477779Z 105 | impl ItemSlice {
2026-10-10T04:41:06.8477974Z     | -------------- methods in this implementation
2026-10-10T04:41:06.8478184Z ...
2026-10-10T04:41:06.8478332Z 164 |     pub fn adjacent(&self) -> bool {
2026-10-10T04:41:06.8478530Z     |            ^^^^^^^^
2026-10-10T04:41:06.8478686Z ...
2026-10-10T04:41:06.8478847Z 179 |     pub fn contains_id(&self, id: &ID) -> bool {
2026-10-10T04:41:06.8479064Z     |            ^^^^^^^^^^^
2026-10-10T04:41:06.8479225Z ...
2026-10-10T04:41:06.8479384Z 249 |     pub fn right(&self) -> Option<ItemSlice> {
2026-10-10T04:41:06.8479597Z     |            ^^^^^
2026-10-10T04:41:06.8479748Z ...
2026-10-10T04:41:06.8480087Z 269 |     pub fn left(&self) -> Option<ItemSlice> {
2026-10-10T04:41:06.8480431Z     |            ^^^^
2026-10-10T04:41:06.8480578Z 
2026-10-10T04:41:06.8480771Z warning: methods `within_range` and `get_item` are never used
2026-10-10T04:41:06.8481346Z    --> vendor/yrs-0.28.0/src/sticky_index.rs:272:19
2026-10-10T04:41:06.8481681Z     |
2026-10-10T04:41:06.8481897Z  51 | impl StickyIndex {
2026-10-10T04:41:06.8482171Z     | ---------------- methods in this implementation
2026-10-10T04:41:06.8482477Z ...
2026-10-10T04:41:06.8482776Z 272 |     pub(crate) fn within_range(&self, ptr: Option<ItemPtr>) -> bool {
2026-10-10T04:41:06.8483177Z     |                   ^^^^^^^^^^^^
2026-10-10T04:41:06.8483452Z ...
2026-10-10T04:41:06.8483798Z 287 |     pub(crate) fn get_item<T: ReadTxn>(&self, txn: &T) -> Option<ItemPtr> {
2026-10-10T04:41:06.8484224Z     |                   ^^^^^^^^
2026-10-10T04:41:06.8484429Z 
2026-10-10T04:41:06.8484645Z warning: hiding a lifetime that's elided elsewhere is confusing
2026-10-10T04:41:06.8485075Z   --> vendor/yrs-0.28.0/src/event.rs:63:18
2026-10-10T04:41:06.8485376Z    |
2026-10-10T04:41:06.8485643Z 63 |     pub fn added(&self) -> SubdocsEventIter {
2026-10-10T04:41:06.8486055Z    |                  ^^^^^     ^^^^^^^^^^^^^^^^ the same lifetime is hidden here
2026-10-10T04:41:06.8486440Z    |                  |
2026-10-10T04:41:06.8486724Z    |                  the lifetime is elided here
2026-10-10T04:41:06.8487030Z    |
2026-10-10T04:41:06.8487442Z    = help: the same lifetime is referred to in inconsistent ways, making the signature confusing
2026-10-10T04:41:06.8488034Z    = note: `#[warn(mismatched_lifetime_syntaxes)]` on by default
2026-10-10T04:41:06.8488425Z help: use `'_` for type paths
2026-10-10T04:41:06.8488640Z    |
2026-10-10T04:41:06.8488817Z 63 |     pub fn added(&self) -> SubdocsEventIter<'_> {
2026-10-10T04:41:06.8489055Z    |                                            ++++
2026-10-10T04:41:06.8489200Z 
2026-10-10T04:41:06.8489330Z warning: hiding a lifetime that's elided elsewhere is confusing
2026-10-10T04:41:06.8489602Z   --> vendor/yrs-0.28.0/src/event.rs:69:20
2026-10-10T04:41:06.8489804Z    |
2026-10-10T04:41:06.8490205Z 69 |     pub fn removed(&self) -> SubdocsEventIter {
2026-10-10T04:41:06.8490595Z    |                    ^^^^^     ^^^^^^^^^^^^^^^^ the same lifetime is hidden here
2026-10-10T04:41:06.8490971Z    |                    |
2026-10-10T04:41:06.8491253Z    |                    the lifetime is elided here
2026-10-10T04:41:06.8491563Z    |
2026-10-10T04:41:06.8491970Z    = help: the same lifetime is referred to in inconsistent ways, making the signature confusing
2026-10-10T04:41:06.8492319Z help: use `'_` for type paths
2026-10-10T04:41:06.8492492Z    |
2026-10-10T04:41:06.8492671Z 69 |     pub fn removed(&self) -> SubdocsEventIter<'_> {
2026-10-10T04:41:06.8492917Z    |                                              ++++
2026-10-10T04:41:06.8493060Z 
2026-10-10T04:41:06.8493201Z warning: hiding a lifetime that's elided elsewhere is confusing
2026-10-10T04:41:06.8493478Z   --> vendor/yrs-0.28.0/src/event.rs:75:19
2026-10-10T04:41:06.8493692Z    |
2026-10-10T04:41:06.8494019Z 75 |     pub fn loaded(&self) -> SubdocsEventIter {
2026-10-10T04:41:06.8494280Z    |                   ^^^^^     ^^^^^^^^^^^^^^^^ the same lifetime is hidden here
2026-10-10T04:41:06.8494537Z    |                   |
2026-10-10T04:41:06.8494727Z    |                   the lifetime is elided here
2026-10-10T04:41:06.8494921Z    |
2026-10-10T04:41:06.8495184Z    = help: the same lifetime is referred to in inconsistent ways, making the signature confusing
2026-10-10T04:41:06.8495514Z help: use `'_` for type paths
2026-10-10T04:41:06.8495686Z    |
2026-10-10T04:41:06.8495858Z 75 |     pub fn loaded(&self) -> SubdocsEventIter<'_> {
2026-10-10T04:41:06.8496094Z    |                                             ++++
2026-10-10T04:41:06.8496235Z 
2026-10-10T04:41:06.8501866Z warning: hiding a lifetime that's elided elsewhere is confusing
2026-10-10T04:41:06.8502312Z    --> vendor/yrs-0.28.0/src/store.rs:358:20
2026-10-10T04:41:06.8502640Z     |
2026-10-10T04:41:06.8502909Z 358 |     pub fn subdocs(&self) -> SubdocsIter {
2026-10-10T04:41:06.8503333Z     |                    ^^^^^     ^^^^^^^^^^^ the same lifetime is hidden here
2026-10-10T04:41:06.8503729Z     |                    |
2026-10-10T04:41:06.8504181Z     |                    the lifetime is elided here
2026-10-10T04:41:06.8504525Z     |
2026-10-10T04:41:06.8504953Z     = help: the same lifetime is referred to in inconsistent ways, making the signature confusing
2026-10-10T04:41:06.8505497Z help: use `'_` for type paths
2026-10-10T04:41:06.8505782Z     |
2026-10-10T04:41:06.8506048Z 358 |     pub fn subdocs(&self) -> SubdocsIter<'_> {
2026-10-10T04:41:06.8506418Z     |                                         ++++
2026-10-10T04:41:06.8506638Z 
2026-10-10T04:41:06.8506837Z warning: hiding a lifetime that's elided elsewhere is confusing
2026-10-10T04:41:06.8507229Z    --> vendor/yrs-0.28.0/src/store.rs:364:25
2026-10-10T04:41:06.8507523Z     |
2026-10-10T04:41:06.8507768Z 364 |     pub fn subdoc_guids(&self) -> SubdocGuids {
2026-10-10T04:41:06.8508155Z     |                         ^^^^^     ^^^^^^^^^^^ the same lifetime is hidden here
2026-10-10T04:41:06.8508501Z     |                         |
2026-10-10T04:41:06.8508799Z     |                         the lifetime is elided here
2026-10-10T04:41:06.8509114Z     |
2026-10-10T04:41:06.8509577Z     = help: the same lifetime is referred to in inconsistent ways, making the signature confusing
2026-10-10T04:41:06.8510192Z help: use `'_` for type paths
2026-10-10T04:41:06.8510438Z     |
2026-10-10T04:41:06.8510706Z 364 |     pub fn subdoc_guids(&self) -> SubdocGuids<'_> {
2026-10-10T04:41:06.8511097Z     |                                              ++++
2026-10-10T04:41:06.8511320Z 
2026-10-10T04:41:06.8511516Z warning: hiding a lifetime that's elided elsewhere is confusing
2026-10-10T04:41:06.8511966Z    --> vendor/yrs-0.28.0/src/store.rs:444:28
2026-10-10T04:41:06.8512289Z     |
2026-10-10T04:41:06.8512628Z 444 |     pub(crate) fn try_read(&self) -> Option<RwLockReadGuard<Store>> {
2026-10-10T04:41:06.8513106Z     |                            ^^^^^            ^^^^^^^^^^^^^^^^^^^^^^ the same lifetime is hidden here
2026-10-10T04:41:06.8513480Z     |                            |
2026-10-10T04:41:06.8513775Z     |                            the lifetime is elided here
2026-10-10T04:41:06.8514074Z     |
2026-10-10T04:41:06.8514441Z     = help: the same lifetime is referred to in inconsistent ways, making the signature confusing
2026-10-10T04:41:06.8514906Z help: use `'_` for type paths
2026-10-10T04:41:06.8515141Z     |
2026-10-10T04:41:06.8515436Z 444 |     pub(crate) fn try_read(&self) -> Option<RwLockReadGuard<'_, Store>> {
2026-10-10T04:41:06.8515853Z     |                                                             +++
2026-10-10T04:41:06.8516074Z 
2026-10-10T04:41:06.8516249Z warning: hiding a lifetime that's elided elsewhere is confusing
2026-10-10T04:41:06.8516645Z    --> vendor/yrs-0.28.0/src/store.rs:449:33
2026-10-10T04:41:06.8516923Z     |
2026-10-10T04:41:06.8517204Z 449 |     pub(crate) fn read_blocking(&self) -> RwLockReadGuard<Store> {
2026-10-10T04:41:06.8517838Z     |                                 ^^^^^     ^^^^^^^^^^^^^^^^^^^^^^ the same lifetime is hidden here
2026-10-10T04:41:06.8518217Z     |                                 |
2026-10-10T04:41:06.8518517Z     |                                 the lifetime is elided here
2026-10-10T04:41:06.8518824Z     |
2026-10-10T04:41:06.8519194Z     = help: the same lifetime is referred to in inconsistent ways, making the signature confusing
2026-10-10T04:41:06.8519655Z help: use `'_` for type paths
2026-10-10T04:41:06.8520047Z     |
2026-10-10T04:41:06.8520391Z 449 |     pub(crate) fn read_blocking(&self) -> RwLockReadGuard<'_, Store> {
2026-10-10T04:41:06.8520864Z     |                                                           +++
2026-10-10T04:41:06.8521121Z 
2026-10-10T04:41:06.8521316Z warning: hiding a lifetime that's elided elsewhere is confusing
2026-10-10T04:41:06.8521742Z    --> vendor/yrs-0.28.0/src/store.rs:458:30
2026-10-10T04:41:06.8522020Z     |
2026-10-10T04:41:06.8522271Z 458 |     pub(crate) fn read_async(&self) -> Read<Store> {
2026-10-10T04:41:06.8522951Z     |                              ^^^^^     ^^^^^^^^^^^ the same lifetime is hidden here
2026-10-10T04:41:06.8523308Z     |                              |
2026-10-10T04:41:06.8523605Z     |                              the lifetime is elided here
2026-10-10T04:41:06.8523905Z     |
2026-10-10T04:41:06.8524274Z     = help: the same lifetime is referred to in inconsistent ways, making the signature confusing
2026-10-10T04:41:06.8524731Z help: use `'_` for type paths
2026-10-10T04:41:06.8524964Z     |
2026-10-10T04:41:06.8525205Z 458 |     pub(crate) fn read_async(&self) -> Read<'_, Store> {
2026-10-10T04:41:06.8525552Z     |                                             +++
2026-10-10T04:41:06.8525763Z 
2026-10-10T04:41:06.8525967Z warning: hiding a lifetime that's elided elsewhere is confusing
2026-10-10T04:41:06.8526340Z    --> vendor/yrs-0.28.0/src/store.rs:462:29
2026-10-10T04:41:06.8526613Z     |
2026-10-10T04:41:06.8526909Z 462 |     pub(crate) fn try_write(&self) -> Option<RwLockWriteGuard<Store>> {
2026-10-10T04:41:06.8527388Z     |                             ^^^^^            ^^^^^^^^^^^^^^^^^^^^^^^ the same lifetime is hidden here
2026-10-10T04:41:06.8527759Z     |                             |
2026-10-10T04:41:06.8528062Z     |                             the lifetime is elided here
2026-10-10T04:41:06.8528358Z     |
2026-10-10T04:41:06.8528731Z     = help: the same lifetime is referred to in inconsistent ways, making the signature confusing
2026-10-10T04:41:06.8529205Z help: use `'_` for type paths
2026-10-10T04:41:06.8529438Z     |
2026-10-10T04:41:06.8529746Z 462 |     pub(crate) fn try_write(&self) -> Option<RwLockWriteGuard<'_, Store>> {
2026-10-10T04:41:06.8530321Z     |                                                               +++
2026-10-10T04:41:06.8530561Z 
2026-10-10T04:41:06.8530746Z warning: hiding a lifetime that's elided elsewhere is confusing
2026-10-10T04:41:06.8531183Z    --> vendor/yrs-0.28.0/src/store.rs:467:34
2026-10-10T04:41:06.8531479Z     |
2026-10-10T04:41:06.8531787Z 467 |     pub(crate) fn write_blocking(&self) -> RwLockWriteGuard<Store> {
2026-10-10T04:41:06.8532283Z     |                                  ^^^^^     ^^^^^^^^^^^^^^^^^^^^^^^ the same lifetime is hidden here
2026-10-10T04:41:06.8532689Z     |                                  |
2026-10-10T04:41:06.8532993Z     |                                  the lifetime is elided here
2026-10-10T04:41:06.8533286Z     |
2026-10-10T04:41:06.8533652Z     = help: the same lifetime is referred to in inconsistent ways, making the signature confusing
2026-10-10T04:41:06.8534139Z help: use `'_` for type paths
2026-10-10T04:41:06.8534388Z     |
2026-10-10T04:41:06.8534697Z 467 |     pub(crate) fn write_blocking(&self) -> RwLockWriteGuard<'_, Store> {
2026-10-10T04:41:06.8535134Z     |                                                             +++
2026-10-10T04:41:06.8535358Z 
2026-10-10T04:41:06.8535543Z warning: hiding a lifetime that's elided elsewhere is confusing
2026-10-10T04:41:06.8536109Z    --> vendor/yrs-0.28.0/src/store.rs:476:31
2026-10-10T04:41:06.8536382Z     |
2026-10-10T04:41:06.8536636Z 476 |     pub(crate) fn write_async(&self) -> Write<Store> {
2026-10-10T04:41:06.8537033Z     |                               ^^^^^     ^^^^^^^^^^^^ the same lifetime is hidden here
2026-10-10T04:41:06.8537394Z     |                               |
2026-10-10T04:41:06.8537680Z     |                               the lifetime is elided here
2026-10-10T04:41:06.8537985Z     |
2026-10-10T04:41:06.8538354Z     = help: the same lifetime is referred to in inconsistent ways, making the signature confusing
2026-10-10T04:41:06.8538824Z help: use `'_` for type paths
2026-10-10T04:41:06.8539063Z     |
2026-10-10T04:41:06.8539316Z 476 |     pub(crate) fn write_async(&self) -> Write<'_, Store> {
2026-10-10T04:41:06.8539676Z     |                                               +++
2026-10-10T04:41:06.8540045Z 
2026-10-10T04:41:06.8540236Z warning: hiding a lifetime that's elided elsewhere is confusing
2026-10-10T04:41:06.8540700Z    --> vendor/yrs-0.28.0/src/transaction.rs:168:18
2026-10-10T04:41:06.8541020Z     |
2026-10-10T04:41:06.8541391Z 168 |     fn root_refs(&self) -> RootRefs {
2026-10-10T04:41:06.8541734Z     |                  ^^^^^     ^^^^^^^^ the same lifetime is hidden here
2026-10-10T04:41:06.8542057Z     |                  |
2026-10-10T04:41:06.8542307Z     |                  the lifetime is elided here
2026-10-10T04:41:06.8542600Z     |
2026-10-10T04:41:06.8542999Z     = help: the same lifetime is referred to in inconsistent ways, making the signature confusing
2026-10-10T04:41:06.8543464Z help: use `'_` for type paths
2026-10-10T04:41:06.8543700Z     |
2026-10-10T04:41:06.8543907Z 168 |     fn root_refs(&self) -> RootRefs<'_> {
2026-10-10T04:41:06.8544211Z     |                                    ++++
2026-10-10T04:41:06.8544411Z 
2026-10-10T04:41:06.8544624Z warning: hiding a lifetime that's elided elsewhere is confusing
2026-10-10T04:41:06.8545018Z    --> vendor/yrs-0.28.0/src/transaction.rs:175:21
2026-10-10T04:41:06.8545305Z     |
2026-10-10T04:41:06.8545519Z 175 |     fn subdoc_guids(&self) -> SubdocGuids {
2026-10-10T04:41:06.8545876Z     |                     ^^^^^     ^^^^^^^^^^^ the same lifetime is hidden here
2026-10-10T04:41:06.8546215Z     |                     |
2026-10-10T04:41:06.8546471Z     |                     the lifetime is elided here
2026-10-10T04:41:06.8546751Z     |
2026-10-10T04:41:06.8547114Z     = help: the same lifetime is referred to in inconsistent ways, making the signature confusing
2026-10-10T04:41:06.8547578Z help: use `'_` for type paths
2026-10-10T04:41:06.8547812Z     |
2026-10-10T04:41:06.8548051Z 175 |     fn subdoc_guids(&self) -> SubdocGuids<'_> {
2026-10-10T04:41:06.8548394Z     |                                          ++++
2026-10-10T04:41:06.8548585Z 
2026-10-10T04:41:06.8548760Z warning: hiding a lifetime that's elided elsewhere is confusing
2026-10-10T04:41:06.8549151Z    --> vendor/yrs-0.28.0/src/transaction.rs:181:16
2026-10-10T04:41:06.8549484Z     |
2026-10-10T04:41:06.8549726Z 181 |     fn subdocs(&self) -> SubdocsIter {
2026-10-10T04:41:06.8550304Z     |                ^^^^^     ^^^^^^^^^^^ the same lifetime is hidden here
2026-10-10T04:41:06.8550635Z     |                |
2026-10-10T04:41:06.8550873Z     |                the lifetime is elided here
2026-10-10T04:41:06.8551150Z     |
2026-10-10T04:41:06.8551515Z     = help: the same lifetime is referred to in inconsistent ways, making the signature confusing
2026-10-10T04:41:06.8551977Z help: use `'_` for type paths
2026-10-10T04:41:06.8552215Z     |
2026-10-10T04:41:06.8552422Z 181 |     fn subdocs(&self) -> SubdocsIter<'_> {
2026-10-10T04:41:06.8552713Z     |                                     ++++
2026-10-10T04:41:06.8552912Z 
2026-10-10T04:41:06.8553093Z warning: hiding a lifetime that's elided elsewhere is confusing
2026-10-10T04:41:06.8553480Z    --> vendor/yrs-0.28.0/src/types/mod.rs:911:17
2026-10-10T04:41:06.8553755Z     |
2026-10-10T04:41:06.8554144Z 911 |     pub fn iter(&self) -> EventsIter {
2026-10-10T04:41:06.8554483Z     |                 ^^^^^     ^^^^^^^^^^ the same lifetime is hidden here
2026-10-10T04:41:06.8554820Z     |                 |
2026-10-10T04:41:06.8555055Z     |                 the lifetime is elided here
2026-10-10T04:41:06.8555335Z     |
2026-10-10T04:41:06.8555714Z     = help: the same lifetime is referred to in inconsistent ways, making the signature confusing
2026-10-10T04:41:06.8556219Z help: use `'_` for type paths
2026-10-10T04:41:06.8556454Z     |
2026-10-10T04:41:06.8556670Z 911 |     pub fn iter(&self) -> EventsIter<'_> {
2026-10-10T04:41:06.8556973Z     |                                     ++++
2026-10-10T04:41:06.8557164Z 
2026-10-10T04:41:06.8659315Z warning: hiding a lifetime that's elided elsewhere is confusing
2026-10-10T04:41:06.8659794Z   --> vendor/yrs-0.28.0/src/state_vector.rs:93:17
2026-10-10T04:41:06.8660242Z    |
2026-10-10T04:41:06.8660610Z 93 |     pub fn iter(&self) -> std::collections::hash_map::Iter<ClientID, u32> {
2026-10-10T04:41:06.8661156Z    |                 ^^^^^     ^^^^^^^^^^^^^^^^^^^^^^^^^^^^^^^^^^^^^^^^^^^^^^^ the same lifetime is hidden here
2026-10-10T04:41:06.8661941Z    |                 |
2026-10-10T04:41:06.8662200Z    |                 the lifetime is elided here
2026-10-10T04:41:06.8662481Z    |
2026-10-10T04:41:06.8662881Z    = help: the same lifetime is referred to in inconsistent ways, making the signature confusing
2026-10-10T04:41:06.8663380Z help: use `'_` for type paths
2026-10-10T04:41:06.8663640Z    |
2026-10-10T04:41:06.8663971Z 93 |     pub fn iter(&self) -> std::collections::hash_map::Iter<'_, ClientID, u32> {
2026-10-10T04:41:06.8664406Z    |                                                            +++
2026-10-10T04:41:06.8664641Z 
2026-10-10T04:41:06.8670510Z warning: hiding a lifetime that's elided elsewhere is confusing
2026-10-10T04:41:06.8671141Z    --> vendor/yrs-0.28.0/src/sync/awareness.rs:141:17
2026-10-10T04:41:06.8671603Z     |
2026-10-10T04:41:06.8671844Z 141 |     pub fn iter(&self) -> AwarenessIter {
2026-10-10T04:41:06.8672124Z     |                 ^^^^^     ^^^^^^^^^^^^^ the same lifetime is hidden here
2026-10-10T04:41:06.8672384Z     |                 |
2026-10-10T04:41:06.8672574Z     |                 the lifetime is elided here
2026-10-10T04:41:06.8672783Z     |
2026-10-10T04:41:06.8673061Z     = help: the same lifetime is referred to in inconsistent ways, making the signature confusing
2026-10-10T04:41:06.8673406Z help: use `'_` for type paths
2026-10-10T04:41:06.8673588Z     |
2026-10-10T04:41:06.8673800Z 141 |     pub fn iter(&self) -> AwarenessIter<'_> {
2026-10-10T04:41:06.8674155Z     |                                        ++++
2026-10-10T04:41:06.8674309Z 
2026-10-10T04:41:08.1222309Z warning: `yrs` (lib) generated 58 warnings (run `cargo fix --lib -p yrs` to apply 27 suggestions)
2026-10-10T04:41:08.1223113Z    Compiling tandemlog-text v0.0.0 (/home/runner/work/tandemlog/tandemlog/native/text_engine)
2026-10-10T04:41:08.8847411Z     Finished `test` profile [unoptimized + debuginfo] target(s) in 7.99s
2026-10-10T04:41:08.8863271Z      Running unittests src/lib.rs (/home/runner/work/_temp/tandemlog-rust-bootstrap/target/debug/deps/tandemlog_text-11651a1d89e2bb30)
2026-10-10T04:41:08.8874278Z 
2026-10-10T04:41:08.8874381Z running 4 tests
2026-10-10T04:41:08.8892517Z test worker_failure_tests::disconnected_worker_is_explicit_unknown_outcome ... ok
2026-10-10T04:41:08.8910472Z test worker_failure_tests::worker_panic_quarantines_without_implicit_reset ... ok
2026-10-10T04:41:08.8957452Z test owned_undo_tests::requested_ineffective_item_never_consumes_older_owned_save ... ok
2026-10-10T04:41:08.8990940Z test owned_undo_tests::successive_owned_replacements_follow_restored_identity_and_preserve_peer ... ok
2026-10-10T04:41:08.8991462Z 
2026-10-10T04:41:08.8991719Z test result: ok. 4 passed; 0 failed; 0 ignored; 0 measured; 0 filtered out; finished in 0.01s
2026-10-10T04:41:08.8992032Z 
2026-10-10T04:41:09.0065857Z test_R01_foreign_root_apply_is_atomic (test_admission.Admission.test_R01_foreign_root_apply_is_atomic) ... ok
2026-10-10T04:41:09.0067128Z test_R02_foreign_root_cannot_enter_new (test_admission.Admission.test_R02_foreign_root_cannot_enter_new) ... ok
2026-10-10T04:41:09.0069157Z test_R03_foreign_root_cannot_enter_restore (test_admission.Admission.test_R03_foreign_root_cannot_enter_restore) ... ok
2026-10-10T04:41:09.0072785Z test_R04_embed_rejected_even_when_get_string_hides_it (test_admission.Admission.test_R04_embed_rejected_even_when_get_string_hides_it) ... ok
2026-10-10T04:41:09.0075936Z test_R05_format_rejected (test_admission.Admission.test_R05_format_rejected) ... ok
2026-10-10T04:41:09.0079433Z test_R06_nested_shared_type_rejected (test_admission.Admission.test_R06_nested_shared_type_rejected) ... ok
2026-10-10T04:41:09.0082722Z test_R07_map_slot_rejected (test_admission.Admission.test_R07_map_slot_rejected) ... ok
2026-10-10T04:41:09.0086433Z test_R08_missing_nested_parent_rejected_before_pending_storage (test_admission.Admission.test_R08_missing_nested_parent_rejected_before_pending_storage) ... ok
2026-10-10T04:41:09.0090350Z test_R09_conflicting_reserved_seed_rejected (test_admission.Admission.test_R09_conflicting_reserved_seed_rejected) ... ok
2026-10-10T04:41:09.0094802Z test_R10_deleted_seed_identity_survives_checkpoint (test_admission.Admission.test_R10_deleted_seed_identity_survives_checkpoint) ... ok
2026-10-10T04:41:09.0099479Z test_R11_duplicate_full_state_with_split_seed_is_allowed (test_admission.Admission.test_R11_duplicate_full_state_with_split_seed_is_allowed) ... ok
2026-10-10T04:41:09.0103056Z test_R12_conflicting_nonseed_actor_overlap_rejected (test_admission.Admission.test_R12_conflicting_nonseed_actor_overlap_rejected) ... ok
2026-10-10T04:41:09.0106418Z test_R13_trailing_bytes_rejected_without_mutation (test_admission.Admission.test_R13_trailing_bytes_rejected_without_mutation) ... ok
2026-10-10T04:41:09.0110160Z test_R14_reserved_seed_cannot_extend_its_original_identity (test_admission.Admission.test_R14_reserved_seed_cannot_extend_its_original_identity) ... ok
2026-10-10T04:41:09.0122327Z test_U01_large_plaintext_inspect_rejected_preflight (test_admission_units.Units.test_U01_large_plaintext_inspect_rejected_preflight) ... ok
2026-10-10T04:41:09.0123968Z test_U02_explicit_inspector_units (test_admission_units.Units.test_U02_explicit_inspector_units) ... ok
2026-10-10T04:41:09.0128867Z test_U03_retained_deleted_identity_budget_preserves_undo (test_admission_units.Units.test_U03_retained_deleted_identity_budget_preserves_undo) ... ok
2026-10-10T04:41:09.0132112Z test_U04_remote_combined_budget_atomic (test_admission_units.Units.test_U04_remote_combined_budget_atomic) ... ok
2026-10-10T04:41:09.0133607Z test_U05_skips_and_delete_ranges_have_work_budget (test_admission_units.Units.test_U05_skips_and_delete_ranges_have_work_budget) ... ok
2026-10-10T04:41:09.0138383Z test_U06_restore_draft_inherit_and_validation (test_admission_units.Units.test_U06_restore_draft_inherit_and_validation) ... ok
2026-10-10T04:41:09.0143075Z test_C01_shared_seed_does_not_duplicate_historical_text (test_contract.Contract.test_C01_shared_seed_does_not_duplicate_historical_text) ... ok
2026-10-10T04:41:09.0147677Z test_C02_save_publishes_only_draft_changes (test_contract.Contract.test_C02_save_publishes_only_draft_changes) ... ok
2026-10-10T04:41:09.0151139Z test_C03_cancel_has_no_published_change (test_contract.Contract.test_C03_cancel_has_no_published_change) ... ok
2026-10-10T04:41:09.0155838Z test_C04_save_captured_baseline_preserves_remote_insert (test_contract.Contract.test_C04_save_captured_baseline_preserves_remote_insert) ... ok
2026-10-10T04:41:09.0161014Z test_C05_draft_delete_does_not_delete_concurrent_insert (test_contract.Contract.test_C05_draft_delete_does_not_delete_concurrent_insert) ... ok
2026-10-10T04:41:09.0165544Z test_C06_offline_disjoint_insertions_merge (test_contract.Contract.test_C06_offline_disjoint_insertions_merge) ... ok
2026-10-10T04:41:09.0171260Z test_C07_same_location_insertions_converge_without_lost_text (test_contract.Contract.test_C07_same_location_insertions_converge_without_lost_text) ... ok
2026-10-10T04:41:09.0175601Z test_C08_concurrent_overlapping_deletes_converge (test_contract.Contract.test_C08_concurrent_overlapping_deletes_converge) ... ok
2026-10-10T04:41:09.0187218Z test_C09_duplicate_delivery_is_idempotent (test_contract.Contract.test_C09_duplicate_delivery_is_idempotent) ... ok
2026-10-10T04:41:09.0192105Z test_C10_out_of_order_missing_dependency_eventually_integrates (test_contract.Contract.test_C10_out_of_order_missing_dependency_eventually_integrates) ... ok
2026-10-10T04:41:09.0200147Z test_C11_pending_dependency_survives_checkpoint_restart (test_contract.Contract.test_C11_pending_dependency_survives_checkpoint_restart) ... ok
2026-10-10T04:41:09.0214391Z test_C12_all_delivery_permutations_converge (test_contract.Contract.test_C12_all_delivery_permutations_converge) ... ok
2026-10-10T04:41:09.3558354Z test_C13_random_duplicate_out_of_order_delivery (test_contract.Contract.test_C13_random_duplicate_out_of_order_delivery) ... ok
2026-10-10T04:41:09.3565140Z test_C14_independent_fields_remain_independent (test_contract.Contract.test_C14_independent_fields_remain_independent) ... ok
2026-10-10T04:41:09.3569319Z test_C15_recurrence_successor_text_is_independent (test_contract.Contract.test_C15_recurrence_successor_text_is_independent) ... ok
2026-10-10T04:41:09.3574502Z test_C16_unicode_utf16_offsets_and_emoji (test_contract.Contract.test_C16_unicode_utf16_offsets_and_emoji) ... ok
2026-10-10T04:41:09.3579945Z test_C17_split_surrogate_offsets_rejected_without_mutation (test_contract.Contract.test_C17_split_surrogate_offsets_rejected_without_mutation) ... ok
2026-10-10T04:41:09.3584397Z test_C18_combining_zwj_and_markdown_remain_source_text (test_contract.Contract.test_C18_combining_zwj_and_markdown_remain_source_text) ... ok
2026-10-10T04:41:09.3590021Z test_C19_composition_blocks_save_and_cancel_discards (test_contract.Contract.test_C19_composition_blocks_save_and_cancel_discards) ... ok
2026-10-10T04:41:09.3597681Z test_C20_composition_commit_publishes_final_text_once (test_contract.Contract.test_C20_composition_commit_publishes_final_text_once) ... ok
2026-10-10T04:41:09.3602129Z test_C21_sticky_selection_moves_with_remote_prefix (test_contract.Contract.test_C21_sticky_selection_moves_with_remote_prefix) ... ok
2026-10-10T04:41:09.3608771Z test_C22_selective_undo_preserves_remote_insert (test_contract.Contract.test_C22_selective_undo_preserves_remote_insert) ... ok
2026-10-10T04:41:09.3615668Z test_C23_selective_undo_save_batch_retains_remote (test_contract.Contract.test_C23_selective_undo_save_batch_retains_remote) ... ok
2026-10-10T04:41:09.3621988Z test_C24_redo_is_compensation_not_history_removal (test_contract.Contract.test_C24_redo_is_compensation_not_history_removal) ... ok
2026-10-10T04:41:09.3627531Z test_C25_undo_after_remote_delete_does_not_resurrect_remote_work (test_contract.Contract.test_C25_undo_after_remote_delete_does_not_resurrect_remote_work) ... ok
2026-10-10T04:41:09.3633221Z test_C26_invalid_binary_rejected_atomically (test_contract.Contract.test_C26_invalid_binary_rejected_atomically) ... ok
2026-10-10T04:41:09.3642536Z test_C27_oversized_update_rejected_before_decode (test_contract.Contract.test_C27_oversized_update_rejected_before_decode) ... ok
2026-10-10T04:41:09.3646863Z test_C28_out_of_range_edit_and_invalid_base64_are_atomic (test_contract.Contract.test_C28_out_of_range_edit_and_invalid_base64_are_atomic) ... ok
2026-10-10T04:41:09.3649528Z test_C29_actor_collision_rejected (test_contract.Contract.test_C29_actor_collision_rejected) ... ok
2026-10-10T04:41:09.3656212Z test_C30_text_limit_rejected_without_partial_commit (test_contract.Contract.test_C30_text_limit_rejected_without_partial_commit) ... ok
2026-10-10T04:41:09.3668556Z test_C31_exact_update_bytes_survive_json_roundtrip_and_replay (test_contract.Contract.test_C31_exact_update_bytes_survive_json_roundtrip_and_replay) ... ok
2026-10-10T04:41:09.3794184Z test_C32_full_checkpoint_and_tail_equal_full_replay (test_contract.Contract.test_C32_full_checkpoint_and_tail_equal_full_replay) ... ok
2026-10-10T04:41:09.4128696Z test_C33_bridge_utf8_memory_cycles (test_contract.Contract.test_C33_bridge_utf8_memory_cycles) ... ok
2026-10-10T04:41:12.4195361Z test_C34_performance_and_storage_measurements (test_contract.Contract.test_C34_performance_and_storage_measurements) ... ok
2026-10-10T04:41:12.4203315Z test_O01_draft_cannot_save_to_different_source (test_ownership.Ownership.test_O01_draft_cannot_save_to_different_source) ... ok
2026-10-10T04:41:12.4209234Z test_O02_incoming_update_cannot_be_attributed_to_draft (test_ownership.Ownership.test_O02_incoming_update_cannot_be_attributed_to_draft) ... ok
2026-10-10T04:41:12.4213552Z test_O03_successful_save_consumes_draft_once (test_ownership.Ownership.test_O03_successful_save_consumes_draft_once) ... ok
2026-10-10T04:41:12.4218544Z test_O04_failed_save_preserves_prior_undo_and_draft (test_ownership.Ownership.test_O04_failed_save_preserves_prior_undo_and_draft) ... ok
2026-10-10T04:41:12.4224834Z test_U01_prepare_is_nonmutating_and_repeated_bytes_are_immutable (test_prepared_undo.PreparedUndo.test_U01_prepare_is_nonmutating_and_repeated_bytes_are_immutable) ... ok
2026-10-10T04:41:12.4233578Z test_U02_missing_wrong_receipt_does_not_change_live_or_consume_undo (test_prepared_undo.PreparedUndo.test_U02_missing_wrong_receipt_does_not_change_live_or_consume_undo) ... ok
2026-10-10T04:41:12.4241063Z test_U03_remote_arrival_after_prepare_preserves_exact_compensation (test_prepared_undo.PreparedUndo.test_U03_remote_arrival_after_prepare_preserves_exact_compensation) ... ok
2026-10-10T04:41:12.4247154Z test_U04_unknown_receipt_retry_is_idempotent_and_keeps_prior_undo (test_prepared_undo.PreparedUndo.test_U04_unknown_receipt_retry_is_idempotent_and_keeps_prior_undo) ... ok
2026-10-10T04:41:12.4253226Z test_U05_cancel_and_rejection_preserve_prior_selective_undo (test_prepared_undo.PreparedUndo.test_U05_cancel_and_rejection_preserve_prior_selective_undo) ... ok
2026-10-10T04:41:12.4262126Z test_U06_pending_blocks_local_changes_but_accepts_remote (test_prepared_undo.PreparedUndo.test_U06_pending_blocks_local_changes_but_accepts_remote) ... ok
2026-10-10T04:41:12.4267453Z test_U07_token_bound_to_owner_and_not_reused_name (test_prepared_undo.PreparedUndo.test_U07_token_bound_to_owner_and_not_reused_name) ... ok
2026-10-10T04:41:12.4274353Z test_U08_captured_draft_identity_survives_clone_commit_and_remote (test_prepared_undo.PreparedUndo.test_U08_captured_draft_identity_survives_clone_commit_and_remote) ... ok
2026-10-10T04:41:12.4282810Z test_U09_saved_draft_batch_undo_and_redo_ownership_are_preserved (test_prepared_undo.PreparedUndo.test_U09_saved_draft_batch_undo_and_redo_ownership_are_preserved) ... ok
2026-10-10T04:41:12.4288559Z test_U10_immutable_compensation_replays_after_native_reset (test_prepared_undo.PreparedUndo.test_U10_immutable_compensation_replays_after_native_reset) ... ok
2026-10-10T04:41:12.4294487Z test_U11_no_undo_rejection_and_anchor_lifetime (test_prepared_undo.PreparedUndo.test_U11_no_undo_rejection_and_anchor_lifetime) ... ok
2026-10-10T04:41:12.4299300Z test_U12_failed_prepare_draft_keeps_target_and_private_undo (test_prepared_undo.PreparedUndo.test_U12_failed_prepare_draft_keeps_target_and_private_undo) ... ok
2026-10-10T04:41:12.4305190Z test_A01_receipt_history_budget_rejection_keeps_preparation_and_live_undo (test_resource_atomic.AtomicBudgetReceipt.test_A01_receipt_history_budget_rejection_keeps_preparation_and_live_undo) ... ok
2026-10-10T04:41:12.4311507Z test_A02_queued_remote_budget_rejection_preserves_live_and_frozen_packet (test_resource_atomic.AtomicBudgetReceipt.test_A02_queued_remote_budget_rejection_preserves_live_and_frozen_packet) ... ok
2026-10-10T04:41:12.4316420Z test_B01_struct_actor_inspection_is_sorted_unique_and_readonly (test_resource_limits.NativeBudgets.test_B01_struct_actor_inspection_is_sorted_unique_and_readonly) ... ok
2026-10-10T04:41:12.4319624Z test_B02_delete_references_and_skip_holes_are_not_struct_authors (test_resource_limits.NativeBudgets.test_B02_delete_references_and_skip_holes_are_not_struct_authors) ... ok
2026-10-10T04:41:12.4325100Z test_B03_inspector_validates_binary_base64_and_plaintext_before_metadata (test_resource_limits.NativeBudgets.test_B03_inspector_validates_binary_base64_and_plaintext_before_metadata) ... ok
2026-10-10T04:41:12.4329176Z test_B04_visible_utf16_limit_rejects_atomically_with_prior_undo (test_resource_limits.NativeBudgets.test_B04_visible_utf16_limit_rejects_atomically_with_prior_undo) ... ok
2026-10-10T04:41:12.4333112Z test_B05_generated_update_budget_is_distinct_from_visible_and_state (test_resource_limits.NativeBudgets.test_B05_generated_update_budget_is_distinct_from_visible_and_state) ... ok
2026-10-10T04:41:12.4366091Z test_B06_large_checkpoint_and_existing_history_do_not_use_operation_limit (test_resource_limits.NativeBudgets.test_B06_large_checkpoint_and_existing_history_do_not_use_operation_limit) ... ok
2026-10-10T04:41:12.4377490Z test_B07_state_limit_growth_rejection_retains_exact_live_state (test_resource_limits.NativeBudgets.test_B07_state_limit_growth_rejection_retains_exact_live_state) ... ok
2026-10-10T04:41:12.4384916Z test_B08_session_replay_limit_is_explicit_and_rejection_keeps_undo (test_resource_limits.NativeBudgets.test_B08_session_replay_limit_is_explicit_and_rejection_keeps_undo) ... ok
2026-10-10T04:41:12.4388848Z test_B09_prepared_clone_budget_rejection_keeps_original_session_undo (test_resource_limits.NativeBudgets.test_B09_prepared_clone_budget_rejection_keeps_original_session_undo) ... ok
2026-10-10T04:41:12.4391727Z test_B10_usage_documents_serialized_weights_and_actual_owner_guid (test_resource_limits.NativeBudgets.test_B10_usage_documents_serialized_weights_and_actual_owner_guid) ... ok
2026-10-10T04:41:12.4400251Z test_B11_retained_receipt_history_is_bounded_without_pruning (test_resource_limits.NativeBudgets.test_B11_retained_receipt_history_is_bounded_without_pruning) ... ok
2026-10-10T04:41:12.4403959Z test_B12_restore_limit_failure_does_not_replace_existing_owner (test_resource_limits.NativeBudgets.test_B12_restore_limit_failure_does_not_replace_existing_owner) ... ok
2026-10-10T04:41:12.4408736Z test_B13_private_draft_inherits_limits_and_rejection_preserves_draft (test_resource_limits.NativeBudgets.test_B13_private_draft_inherits_limits_and_rejection_preserves_draft) ... ok
2026-10-10T04:41:12.4416061Z test_B14_limit_configuration_rejects_unknown_zero_boolean_and_overflow (test_resource_limits.NativeBudgets.test_B14_limit_configuration_rejects_unknown_zero_boolean_and_overflow) ... ok
2026-10-10T04:41:12.6070311Z test_B15_large_bounded_checkpoint_frame_and_input_allocator (test_resource_limits.NativeBudgets.test_B15_large_bounded_checkpoint_frame_and_input_allocator) ... ok
2026-10-10T04:41:12.6077595Z test_H01_original_packets_duplicates_and_concurrent_delivery_match_owned_state (test_shared_history_materializer.SharedHistoryMaterializer.test_H01_original_packets_duplicates_and_concurrent_delivery_match_owned_state) ... ok
2026-10-10T04:41:12.6083473Z test_H02_missing_causal_dependency_survives_checkpoint_and_later_arrival (test_shared_history_materializer.SharedHistoryMaterializer.test_H02_missing_causal_dependency_survives_checkpoint_and_later_arrival) ... ok
2026-10-10T04:41:12.6089053Z test_H03_rejection_quarantines_disposable_state_and_preserves_other_owners (test_shared_history_materializer.SharedHistoryMaterializer.test_H03_rejection_quarantines_disposable_state_and_preserves_other_owners) ... ok
2026-10-10T04:41:12.6092444Z test_H04_materializer_and_session_handles_cannot_alias (test_shared_history_materializer.SharedHistoryMaterializer.test_H04_materializer_and_session_handles_cannot_alias) ... ok
2026-10-10T04:41:12.6132144Z test_H05_incremental_history_has_no_session_undo_replay_budget (test_shared_history_materializer.SharedHistoryMaterializer.test_H05_incremental_history_has_no_session_undo_replay_budget) ... ok
2026-10-10T04:41:12.6260931Z test_H06_private_save_packets_do_not_repeat_prior_generations_delete_sets (test_shared_history_materializer.SharedHistoryMaterializer.test_H06_private_save_packets_do_not_repeat_prior_generations_delete_sets) ... ok
2026-10-10T04:41:12.6265007Z test_H07_foreign_root_and_conflicting_seed_quarantine_materializers (test_shared_history_materializer.SharedHistoryMaterializer.test_H07_foreign_root_and_conflicting_seed_quarantine_materializers) ... ok
2026-10-10T04:41:12.6270166Z test_H08_visible_and_retained_budgets_fail_without_touching_editor (test_shared_history_materializer.SharedHistoryMaterializer.test_H08_visible_and_retained_budgets_fail_without_touching_editor) ... ok
2026-10-10T04:41:12.6272213Z test_H09_rejected_seed_does_not_reserve_handle (test_shared_history_materializer.SharedHistoryMaterializer.test_H09_rejected_seed_does_not_reserve_handle) ... ok
2026-10-10T04:41:12.6309645Z test_W01_same_handle_is_shared_across_different_caller_threads (test_worker_ownership.WorkerOwnership.test_W01_same_handle_is_shared_across_different_caller_threads) ... ok
2026-10-10T04:41:12.6315217Z test_W02_production_and_spike_json_aliases_share_exact_owner (test_worker_ownership.WorkerOwnership.test_W02_production_and_spike_json_aliases_share_exact_owner) ... ok
2026-10-10T04:41:12.6331826Z test_W03_concurrent_remote_prepare_and_receipt_commit_converge (test_worker_ownership.WorkerOwnership.test_W03_concurrent_remote_prepare_and_receipt_commit_converge) ... ok
2026-10-10T04:41:12.6353862Z test_W04_simultaneous_prepare_returns_one_immutable_owner_token (test_worker_ownership.WorkerOwnership.test_W04_simultaneous_prepare_returns_one_immutable_owner_token) ... ok
2026-10-10T04:41:12.6365050Z test_W05_wrong_receipt_and_cross_thread_cancel_preserve_prior_undo (test_worker_ownership.WorkerOwnership.test_W05_wrong_receipt_and_cross_thread_cancel_preserve_prior_undo) ... ok
2026-10-10T04:41:12.6460640Z test_W06_response_callback_buffer_can_be_read_and_freed_elsewhere (test_worker_ownership.WorkerOwnership.test_W06_response_callback_buffer_can_be_read_and_freed_elsewhere) ... ok
2026-10-10T04:41:12.6472045Z test_W07_late_cross_thread_receipt_cannot_attach_to_recreated_name (test_worker_ownership.WorkerOwnership.test_W07_late_cross_thread_receipt_cannot_attach_to_recreated_name) ... ok
2026-10-10T04:41:12.6485388Z test_W08_invalid_request_error_does_not_reset_or_reseed_owner (test_worker_ownership.WorkerOwnership.test_W08_invalid_request_error_does_not_reset_or_reseed_owner) ... ok
2026-10-10T04:41:12.6486772Z test_W09_private_draft_preparation_has_specific_ownership_rejection (test_worker_ownership.WorkerOwnership.test_W09_private_draft_preparation_has_specific_ownership_rejection) ... ok
2026-10-10T04:41:12.6496297Z test_W10_captured_draft_guid_survives_cross_thread_receipt_commit (test_worker_ownership.WorkerOwnership.test_W10_captured_draft_guid_survives_cross_thread_receipt_commit) ... ok
2026-10-10T04:41:12.6508438Z test_W11_input_allocation_and_release_aliases_share_allocator (test_worker_ownership.WorkerOwnership.test_W11_input_allocation_and_release_aliases_share_allocator) ... ok
2026-10-10T04:41:12.6509004Z 
2026-10-10T04:41:12.6509136Z ----------------------------------------------------------------------
2026-10-10T04:41:12.6509430Z Ran 107 tests in 3.645s
2026-10-10T04:41:12.6509544Z 
2026-10-10T04:41:12.6509615Z OK
2026-10-10T04:41:12.6638462Z ##[group]Run python3 -m unittest discover -s tool -p 'test_*.py'
2026-10-10T04:41:12.6638936Z [36;1mpython3 -m unittest discover -s tool -p 'test_*.py'[0m
2026-10-10T04:41:12.6695381Z shell: /usr/bin/bash -e {0}
2026-10-10T04:41:12.6695628Z env:
2026-10-10T04:41:12.6695939Z   CARGO_HOME: /home/runner/work/_temp/tandemlog-rust-bootstrap/cargo
2026-10-10T04:41:12.6696417Z   RUSTUP_HOME: /home/runner/work/_temp/tandemlog-rust-bootstrap/rustup
2026-10-10T04:41:12.6696876Z   RUSTUP_UPDATE_ROOT: https://static.rust-lang.org/rustup
2026-10-10T04:41:12.6697285Z   RUSTUP_DIST_SERVER: https://static.rust-lang.org
2026-10-10T04:41:12.6697607Z   RUSTUP_AUTO_INSTALL: 0
2026-10-10T04:41:12.6697995Z   TANDEMLOG_TEXT_TARGET_DIR: /home/runner/work/_temp/tandemlog-rust-bootstrap/target
2026-10-10T04:41:12.6698555Z   TANDEMLOG_TEXT_LIBRARY: /home/runner/work/_temp/native-unit/libtandemlog_text.so
2026-10-10T04:41:12.6699132Z ##[endgroup]
2026-10-10T04:41:13.7569093Z .........................................................
2026-10-10T04:41:13.7569457Z ----------------------------------------------------------------------
2026-10-10T04:41:13.7569738Z Ran 57 tests in 0.983s
2026-10-10T04:41:13.7569958Z 
2026-10-10T04:41:13.7570022Z OK
2026-10-10T04:41:13.7571235Z {"executable_sha256": "0370190d81a1bc1e156676eb83f3adb83bb65e765fd5b7b74719004b77345310", "github_run_id": "123", "native_library_sha256": "7bc2fcce9d2525bcb6a722a6cc144de4fd8946c0047d7de73788e37d1f2d42d8", "portable_archive": "tandemlog-windows-x64-unsigned-portable.zip", "portable_sha256": "e8f2067fa41ef7a33104b865012110e670f1995846b162bad535140784fc111d", "source_revision": "aaaaaaaaaaaaaaaaaaaaaaaaaaaaaaaaaaaaaaaa"}
2026-10-10T04:41:13.7749099Z ##[group]Run xvfb-run -a dbus-run-session -- flutter test integration_test/task_flow_test.dart -d linux
2026-10-10T04:41:13.7750124Z [36;1mxvfb-run -a dbus-run-session -- flutter test integration_test/task_flow_test.dart -d linux[0m
2026-10-10T04:41:13.7812739Z shell: /usr/bin/bash -e {0}
2026-10-10T04:41:13.7812960Z env:
2026-10-10T04:41:13.7813221Z   CARGO_HOME: /home/runner/work/_temp/tandemlog-rust-bootstrap/cargo
2026-10-10T04:41:13.7813607Z   RUSTUP_HOME: /home/runner/work/_temp/tandemlog-rust-bootstrap/rustup
2026-10-10T04:41:13.7813975Z   RUSTUP_UPDATE_ROOT: https://static.rust-lang.org/rustup
2026-10-10T04:41:13.7814274Z   RUSTUP_DIST_SERVER: https://static.rust-lang.org
2026-10-10T04:41:13.7814521Z   RUSTUP_AUTO_INSTALL: 0
2026-10-10T04:41:13.7814822Z   TANDEMLOG_TEXT_TARGET_DIR: /home/runner/work/_temp/tandemlog-rust-bootstrap/target
2026-10-10T04:41:13.7815239Z   TANDEMLOG_TEXT_LIBRARY: /home/runner/work/_temp/native-unit/libtandemlog_text.so
2026-10-10T04:41:13.7815587Z ##[endgroup]
2026-10-10T04:41:16.4549307Z [1/3] Linux SDK
2026-10-10T04:41:17.3386012Z   ├─ [1/3] linux-x64-debug/linux-x64-flutter-gtk                   882ms
2026-10-10T04:41:17.9453830Z   ├─ [2/3] linux-x64-profile/linux-x64-flutter-gtk                 271ms
2026-10-10T04:41:18.2838224Z   └─ [3/3] linux-x64-release/linux-x64-flutter-gtk                 165ms
2026-10-10T04:41:18.4777810Z Resolving dependencies...
2026-10-10T04:41:18.5465452Z Downloading packages...
2026-10-10T04:41:18.5690982Z   code_assets 1.2.1 (2.1.0 available)
2026-10-10T04:41:18.5691373Z   cross_file 0.3.5+5 (0.4.0 available)
2026-10-10T04:41:18.5691671Z   jni 1.0.3 (1.1.0 available)
2026-10-10T04:41:18.5691886Z   jni_flutter 1.0.3 (1.0.4+1 available)
2026-10-10T04:41:18.5692125Z   material_color_utilities 0.13.0 (0.13.1 available)
2026-10-10T04:41:18.5692380Z   native_toolchain_c 0.19.3 (0.19.5 available)
2026-10-10T04:41:18.5692601Z   objective_c 9.5.0 (9.6.2 available)
2026-10-10T04:41:18.5692869Z   test_api 0.7.12 (0.7.15 available)
2026-10-10T04:41:18.5693176Z   url_launcher 6.3.2 (6.3.3 available)
2026-10-10T04:41:18.5693484Z   vector_math 2.4.0 (2.4.3 available)
2026-10-10T04:41:18.5693795Z Got dependencies!
2026-10-10T04:41:18.5694181Z 10 packages have newer versions incompatible with dependency constraints.
2026-10-10T04:41:18.5694677Z Try `flutter pub outdated` for more information.
2026-10-10T04:41:18.8314706Z 
2026-10-10T04:41:23.6880247Z Building Linux application...                                   
2026-10-10T04:41:23.6910650Z warning: unused imports: `BlockRange` and `Block`
2026-10-10T04:41:23.6940529Z warning: unused import: `Block`
2026-10-10T04:41:23.6941216Z warning: unused import: `ItemContent`
2026-10-10T04:41:23.6970650Z warning: unused imports: `SmallVec` and `smallvec`
2026-10-10T04:41:23.6990519Z warning: unused import: `crate::utils::OptionExt`
2026-10-10T04:41:23.7020447Z warning: value assigned to `left` is never read
2026-10-10T04:41:23.7030674Z warning: unused variable: `ptr`
2026-10-10T04:41:23.7060555Z warning: unused variable: `ptr`
2026-10-10T04:41:23.7080925Z warning: variable does not need to be mutable
2026-10-10T04:41:23.7090594Z warning: variable does not need to be mutable
2026-10-10T04:41:23.7120351Z warning: unused variable: `clear_undo`
2026-10-10T04:41:23.7121560Z warning: unused variable: `clear_redo`
2026-10-10T04:41:23.7160515Z warning: method `as_item` is never used
2026-10-10T04:41:23.7169355Z warning: methods `last_id`, `is_item`, and `is_gc` are never used
2026-10-10T04:41:23.7170153Z warning: method `delete_as_cleanup` is never used
2026-10-10T04:41:23.7170830Z warning: method `integrate` is never used
2026-10-10T04:41:23.7171399Z warning: method `contains` is never used
2026-10-10T04:41:23.7171941Z warning: constant `WEAK_REF_FLAGS_QUOTE` is never used
2026-10-10T04:41:23.7172560Z warning: constant `WEAK_REF_FLAGS_START_ASSOC` is never used
2026-10-10T04:41:23.7173208Z warning: constant `WEAK_REF_FLAGS_END_ASSOC` is never used
2026-10-10T04:41:23.7174348Z warning: constant `WEAK_REF_FLAGS_START_UNBOUNDED` is never used
2026-10-10T04:41:23.7175038Z warning: constant `WEAK_REF_FLAGS_END_UNBOUNDED` is never used
2026-10-10T04:41:23.7175684Z warning: constant `WEAK_REF_FLAGS_PARENT_ROOT` is never used
2026-10-10T04:41:23.7176263Z warning: field `txn` is never read
2026-10-10T04:41:23.7176742Z warning: method `as_id_set` is never used
2026-10-10T04:41:23.7177382Z warning: associated functions `next_target` and `return_stack` are never used
2026-10-10T04:41:23.7178122Z warning: methods `forward`, `backward`, and `values` are never used
2026-10-10T04:41:23.7178748Z warning: struct `Values` is never constructed
2026-10-10T04:41:23.7179286Z warning: associated function `new` is never used
2026-10-10T04:41:23.7179809Z warning: method `remove_at` is never used
2026-10-10T04:41:23.7180459Z warning: method `inner_mut` is never used
2026-10-10T04:41:23.7180971Z warning: trait `BlockIterator` is never used
2026-10-10T04:41:23.7181507Z warning: trait `BlockSliceIterator` is never used
2026-10-10T04:41:23.7182073Z warning: struct `RangeIter` is never constructed
2026-10-10T04:41:23.7182668Z warning: associated items `new` and `begin` are never used
2026-10-10T04:41:23.7183258Z warning: enum `RangeIterState` is never used
2026-10-10T04:41:23.7183788Z warning: struct `Values` is never constructed
2026-10-10T04:41:23.7184336Z warning: associated function `new` is never used
2026-10-10T04:41:23.7184928Z warning: field `txn` is never read
2026-10-10T04:41:23.7185543Z warning: methods `adjacent`, `contains_id`, `right`, and `left` are never used
2026-10-10T04:41:23.7186254Z warning: methods `within_range` and `get_item` are never used
2026-10-10T04:41:23.7186909Z warning: hiding a lifetime that's elided elsewhere is confusing
2026-10-10T04:41:23.7187685Z warning: hiding a lifetime that's elided elsewhere is confusing
2026-10-10T04:41:23.7188424Z warning: hiding a lifetime that's elided elsewhere is confusing
2026-10-10T04:41:23.7189177Z warning: hiding a lifetime that's elided elsewhere is confusing
2026-10-10T04:41:23.7190121Z warning: hiding a lifetime that's elided elsewhere is confusing
2026-10-10T04:41:23.7190883Z warning: hiding a lifetime that's elided elsewhere is confusing
2026-10-10T04:41:23.7191598Z warning: hiding a lifetime that's elided elsewhere is confusing
2026-10-10T04:41:23.7192145Z warning: hiding a lifetime that's elided elsewhere is confusing
2026-10-10T04:41:23.7192760Z warning: hiding a lifetime that's elided elsewhere is confusing
2026-10-10T04:41:23.7193346Z warning: hiding a lifetime that's elided elsewhere is confusing
2026-10-10T04:41:23.7193969Z warning: hiding a lifetime that's elided elsewhere is confusing
2026-10-10T04:41:23.7194603Z warning: hiding a lifetime that's elided elsewhere is confusing
2026-10-10T04:41:23.7195238Z warning: hiding a lifetime that's elided elsewhere is confusing
2026-10-10T04:41:23.7195879Z warning: hiding a lifetime that's elided elsewhere is confusing
2026-10-10T04:41:23.7196554Z warning: hiding a lifetime that's elided elsewhere is confusing
2026-10-10T04:41:23.7197263Z warning: hiding a lifetime that's elided elsewhere is confusing
2026-10-10T04:41:23.7197921Z warning: hiding a lifetime that's elided elsewhere is confusing
2026-10-10T04:41:23.7199017Z warning: `yrs` (lib) generated 58 warnings (run `cargo fix --lib -p yrs` to apply 27 suggestions)
2026-10-10T04:41:38.0184950Z ✓ Built build/linux/x64/debug/bundle/tandemlog
2026-10-10T04:41:38.4106513Z dbus-daemon[7061]: [session uid=1001 pid=7061] Activating service name='org.freedesktop.portal.Desktop' requested by ':1.0' (uid=1001 pid=7449 comm="/home/runner/work/tandemlog/tandemlog/build/linux/" label="unconfined")
2026-10-10T04:41:38.4160571Z dbus-daemon[7061]: [session uid=1001 pid=7061] Activating service name='org.freedesktop.portal.Documents' requested by ':1.2' (uid=1001 pid=7454 comm="/usr/libexec/xdg-desktop-portal" label="unconfined")
2026-10-10T04:41:38.4200494Z dbus-daemon[7061]: [session uid=1001 pid=7061] Activating service name='org.freedesktop.impl.portal.PermissionStore' requested by ':1.3' (uid=1001 pid=7460 comm="/usr/libexec/xdg-document-portal" label="unconfined")
2026-10-10T04:41:38.4230901Z dbus-daemon[7061]: [session uid=1001 pid=7061] Successfully activated service 'org.freedesktop.impl.portal.PermissionStore'
2026-10-10T04:41:38.4239639Z dbus-daemon[7061]: [session uid=1001 pid=7061] Successfully activated service 'org.freedesktop.portal.Documents'
2026-10-10T04:41:38.4282901Z Ignoring invalid max threads value 4294967295 > max (100000).
2026-10-10T04:41:38.4297794Z 
2026-10-10T04:41:38.4298596Z (/usr/libexec/xdg-desktop-portal:7454): xdg-desktop-portal-WARNING **: 04:41:38.429: Choosing gtk.portal for org.freedesktop.impl.portal.Lockdown as a last-resort fallback
2026-10-10T04:41:38.4299267Z 
2026-10-10T04:41:38.4299785Z (/usr/libexec/xdg-desktop-portal:7454): xdg-desktop-portal-WARNING **: 04:41:38.429: The preferred method to match portal implementations to desktop environments is to use the portals.conf(5) configuration file
2026-10-10T04:41:38.4306594Z dbus-daemon[7061]: [session uid=1001 pid=7061] Activating service name='org.freedesktop.impl.portal.desktop.gtk' requested by ':1.2' (uid=1001 pid=7454 comm="/usr/libexec/xdg-desktop-portal" label="unconfined")
2026-10-10T04:41:38.4416525Z 
2026-10-10T04:41:38.4417208Z (xdg-desktop-portal-gtk:7477): dbind-WARNING **: 04:41:38.441: AT-SPI: Error retrieving accessibility bus address: org.freedesktop.DBus.Error.ServiceUnknown: The name org.a11y.Bus was not provided by any .service files
2026-10-10T04:41:38.4694171Z dbus-daemon[7061]: [session uid=1001 pid=7061] Successfully activated service 'org.freedesktop.impl.portal.desktop.gtk'
2026-10-10T04:41:38.4722323Z 
2026-10-10T04:41:38.4723274Z (/usr/libexec/xdg-desktop-portal:7454): xdg-desktop-portal-WARNING **: 04:41:38.472: Failed to load RealtimeKit property: GDBus.Error:org.freedesktop.DBus.Error.ServiceUnknown: The name org.freedesktop.RealtimeKit1 was not provided by any .service files
2026-10-10T04:41:38.4724327Z 
2026-10-10T04:41:38.4725364Z (/usr/libexec/xdg-desktop-portal:7454): xdg-desktop-portal-WARNING **: 04:41:38.472: Failed to load RealtimeKit property: GDBus.Error:org.freedesktop.DBus.Error.ServiceUnknown: The name org.freedesktop.RealtimeKit1 was not provided by any .service files
2026-10-10T04:41:38.4726574Z 
2026-10-10T04:41:38.4727576Z (/usr/libexec/xdg-desktop-portal:7454): xdg-desktop-portal-WARNING **: 04:41:38.472: Failed to load RealtimeKit property: GDBus.Error:org.freedesktop.DBus.Error.ServiceUnknown: The name org.freedesktop.RealtimeKit1 was not provided by any .service files
2026-10-10T04:41:38.4728678Z 
2026-10-10T04:41:38.4729053Z (/usr/libexec/xdg-desktop-portal:7454): xdg-desktop-portal-WARNING **: 04:41:38.472: No skeleton to export
2026-10-10T04:41:38.4729550Z 
2026-10-10T04:41:38.4730242Z (/usr/libexec/xdg-desktop-portal:7454): xdg-desktop-portal-WARNING **: 04:41:38.472: Choosing gtk.portal for org.freedesktop.impl.portal.FileChooser as a last-resort fallback
2026-10-10T04:41:38.4734360Z 
2026-10-10T04:41:38.4735071Z (/usr/libexec/xdg-desktop-portal:7454): xdg-desktop-portal-WARNING **: 04:41:38.473: Choosing gtk.portal for org.freedesktop.impl.portal.AppChooser as a last-resort fallback
2026-10-10T04:41:38.4740989Z 
2026-10-10T04:41:38.4741670Z (/usr/libexec/xdg-desktop-portal:7454): xdg-desktop-portal-WARNING **: 04:41:38.474: Choosing gtk.portal for org.freedesktop.impl.portal.Print as a last-resort fallback
2026-10-10T04:41:38.4747202Z 
2026-10-10T04:41:38.4747910Z (/usr/libexec/xdg-desktop-portal:7454): xdg-desktop-portal-WARNING **: 04:41:38.474: Choosing gtk.portal for org.freedesktop.impl.portal.Notification as a last-resort fallback
2026-10-10T04:41:38.4754140Z 
2026-10-10T04:41:38.4754960Z (/usr/libexec/xdg-desktop-portal:7454): xdg-desktop-portal-WARNING **: 04:41:38.475: Choosing gtk.portal for org.freedesktop.impl.portal.Inhibit as a last-resort fallback
2026-10-10T04:41:38.4760698Z 
2026-10-10T04:41:38.4761654Z (/usr/libexec/xdg-desktop-portal:7454): xdg-desktop-portal-WARNING **: 04:41:38.476: Choosing gtk.portal for org.freedesktop.impl.portal.Access as a last-resort fallback
2026-10-10T04:41:38.4780219Z [W][00328.529962] pw.conf      | [          conf.c: 1031 try_load_conf()] can't load config client.conf: No such file or directory
2026-10-10T04:41:38.4781316Z [E][00328.530023] pw.conf      | [          conf.c: 1060 pw_conf_load_conf_for_context()] can't load config client.conf: No such file or directory
2026-10-10T04:41:38.4782006Z 
2026-10-10T04:41:38.4782734Z (/usr/libexec/xdg-desktop-portal:7454): xdg-desktop-portal-WARNING **: 04:41:38.478: Failed connect to PipeWire: Couldn't create PipeWire context
2026-10-10T04:41:38.4783468Z 
2026-10-10T04:41:38.4784642Z (/usr/libexec/xdg-desktop-portal:7454): xdg-desktop-portal-WARNING **: 04:41:38.478: Choosing gtk.portal for org.freedesktop.impl.portal.Account as a last-resort fallback
2026-10-10T04:41:38.4792079Z 
2026-10-10T04:41:38.4792830Z (/usr/libexec/xdg-desktop-portal:7454): xdg-desktop-portal-WARNING **: 04:41:38.479: Choosing gtk.portal for org.freedesktop.impl.portal.Email as a last-resort fallback
2026-10-10T04:41:38.4798719Z 
2026-10-10T04:41:38.4799594Z (/usr/libexec/xdg-desktop-portal:7454): xdg-desktop-portal-WARNING **: 04:41:38.479: Choosing gtk.portal for org.freedesktop.impl.portal.DynamicLauncher as a last-resort fallback
2026-10-10T04:41:38.4807290Z dbus-daemon[7061]: [session uid=1001 pid=7061] Successfully activated service 'org.freedesktop.portal.Desktop'
2026-10-10T04:42:06.8935179Z ##[group]✅ sticky date groups retain drafts, selection and safe edge drops
2026-10-10T04:42:06.8935656Z TANDEMLOG_FIRST_FRAME_MS=243
2026-10-10T04:42:06.8935918Z TANDEMLOG_PHASE identity_lock=0
2026-10-10T04:42:06.8936196Z TANDEMLOG_PHASE sqlite_open_schema=14
2026-10-10T04:42:06.8936482Z TANDEMLOG_PHASE manifest=11
2026-10-10T04:42:06.8936747Z TANDEMLOG_PHASE ingest=133
2026-10-10T04:42:06.8937049Z TANDEMLOG_ROWS {"query_ms":0,"decode_ms":0,"sort_ms":0}
2026-10-10T04:42:06.8937404Z TANDEMLOG_READY_MS=1704 FILES_READ=1
2026-10-10T04:42:06.8940184Z ##[endgroup]
2026-10-10T04:42:07.9630435Z TANDEMLOG_FIRST_FRAME_MS=14
2026-10-10T04:42:08.4469579Z TANDEMLOG_PHASE identity_lock=0
2026-10-10T04:42:08.4643087Z TANDEMLOG_PHASE sqlite_open_schema=17
2026-10-10T04:42:08.4752697Z TANDEMLOG_PHASE manifest=10
2026-10-10T04:42:08.5050878Z TANDEMLOG_PHASE ingest=29
2026-10-10T04:42:08.5402545Z TANDEMLOG_ROWS {"query_ms":0,"decode_ms":0,"sort_ms":0}
2026-10-10T04:42:08.5943904Z TANDEMLOG_READY_MS=645 FILES_READ=1
2026-10-10T04:42:20.6828287Z ##[group]✅ Passing tests
2026-10-10T04:42:20.6828657Z ✅ future start hints update idle, search and resumed local time
2026-10-10T04:42:25.3739369Z ✅ legacy v3 provider replacement blocks retry until exact pending history recovery
2026-10-10T04:42:27.2576239Z ✅ native provider replacement freezes draft and retries the exact canonical receipt
2026-10-10T04:42:27.7991460Z ##[endgroup]
2026-10-10T04:42:27.7991901Z TANDEMLOG_FIRST_FRAME_MS=16
2026-10-10T04:42:28.0627072Z TANDEMLOG_PHASE identity_lock=0
2026-10-10T04:42:28.0773753Z TANDEMLOG_PHASE sqlite_open_schema=14
2026-10-10T04:42:28.0941554Z TANDEMLOG_PHASE manifest=16
2026-10-10T04:42:28.1157142Z TANDEMLOG_PHASE ingest=21
2026-10-10T04:42:28.1429238Z TANDEMLOG_ROWS {"query_ms":0,"decode_ms":0,"sort_ms":0}
2026-10-10T04:42:28.2054684Z TANDEMLOG_READY_MS=422 FILES_READ=1
2026-10-10T04:42:38.8037355Z ##[group]❌ historical v3 recurrence compatibility: checked completion, failed reopen and Undo (failed)
2026-10-10T04:42:38.8038542Z ══╡ EXCEPTION CAUGHT BY FLUTTER TEST FRAMEWORK ╞════════════════════════════════════════════════════
2026-10-10T04:42:38.8039286Z The following TestFailure was thrown running a test:
2026-10-10T04:42:38.8040379Z Expected: null
2026-10-10T04:42:38.8040930Z   Actual: FlutterError:<A RenderFlex overflowed by 26 pixels on the bottom.>
2026-10-10T04:42:38.8041410Z 
2026-10-10T04:42:38.8041677Z When the exception was thrown, this was the stack:
2026-10-10T04:42:38.8043128Z #4      registerCompletionActionTests.<anonymous closure> (file:///home/runner/work/tandemlog/tandemlog/integration_test/completion_actions_test.dart:186:9)
2026-10-10T04:42:38.8044051Z <asynchronous suspension>
2026-10-10T04:42:38.8044710Z #5      testWidgets.<anonymous closure>.<anonymous closure> (package:flutter_test/src/widget_tester.dart:192:15)
2026-10-10T04:42:38.8045439Z <asynchronous suspension>
2026-10-10T04:42:38.8046026Z #6      TestWidgetsFlutterBinding._runTestBody (package:flutter_test/src/binding.dart:1953:5)
2026-10-10T04:42:38.8046656Z <asynchronous suspension>
2026-10-10T04:42:38.8047032Z <asynchronous suspension>
2026-10-10T04:42:38.8047428Z (elided one frame from package:stack_trace)
2026-10-10T04:42:38.8047781Z 
2026-10-10T04:42:38.8048089Z This was caught by the test expectation on the following line:
2026-10-10T04:42:38.8048819Z   file:///home/runner/work/tandemlog/tandemlog/integration_test/completion_actions_test.dart line 186
2026-10-10T04:42:38.8049474Z The test description was:
2026-10-10T04:42:38.8050145Z   historical v3 recurrence compatibility: checked completion, failed reopen and Undo
2026-10-10T04:42:38.8051100Z ════════════════════════════════════════════════════════════════════════════════════════════════════
2026-10-10T04:42:38.8051664Z Test failed. See exception logs above.
2026-10-10T04:42:38.8052356Z The test description was: historical v3 recurrence compatibility: checked completion, failed reopen and Undo
2026-10-10T04:42:38.8052934Z 
2026-10-10T04:42:38.8053521Z ##[endgroup]
2026-10-10T04:42:39.1115042Z TANDEMLOG_FIRST_FRAME_MS=13
2026-10-10T04:42:39.3611934Z TANDEMLOG_PHASE identity_lock=0
2026-10-10T04:42:39.3747947Z TANDEMLOG_PHASE sqlite_open_schema=13
2026-10-10T04:42:39.3854540Z TANDEMLOG_PHASE manifest=10
2026-10-10T04:42:39.4066452Z TANDEMLOG_PHASE ingest=20
2026-10-10T04:42:39.4345941Z TANDEMLOG_ROWS {"query_ms":0,"decode_ms":0,"sort_ms":0}
2026-10-10T04:42:39.5058027Z TANDEMLOG_READY_MS=407 FILES_READ=1
2026-10-10T04:42:44.8502049Z ##[group]✅ Passing tests
2026-10-10T04:42:44.8502412Z ✅ checkbox focus light 1200.0 x1.0: offline native task
2026-10-10T04:42:45.1783394Z ##[endgroup]
2026-10-10T04:42:45.1783656Z TANDEMLOG_FIRST_FRAME_MS=13
2026-10-10T04:42:45.5864334Z TANDEMLOG_PHASE identity_lock=0
2026-10-10T04:42:45.5996570Z TANDEMLOG_PHASE sqlite_open_schema=13
2026-10-10T04:42:45.6103894Z TANDEMLOG_PHASE manifest=10
2026-10-10T04:42:45.6314468Z TANDEMLOG_PHASE ingest=20
2026-10-10T04:42:45.6587097Z TANDEMLOG_ROWS {"query_ms":0,"decode_ms":0,"sort_ms":0}
2026-10-10T04:42:45.7212711Z TANDEMLOG_READY_MS=556 FILES_READ=1
2026-10-10T04:42:51.3157009Z ##[group]✅ Passing tests
2026-10-10T04:42:51.3157366Z ✅ checkbox focus dark 390.0 x1.0: offline native task
2026-10-10T04:42:51.5965416Z ##[endgroup]
2026-10-10T04:42:51.5965667Z TANDEMLOG_FIRST_FRAME_MS=11
2026-10-10T04:42:51.8476012Z TANDEMLOG_PHASE identity_lock=0
2026-10-10T04:42:51.8758689Z TANDEMLOG_PHASE sqlite_open_schema=27
2026-10-10T04:42:51.8861998Z TANDEMLOG_PHASE manifest=10
2026-10-10T04:42:51.9056325Z TANDEMLOG_PHASE ingest=19
2026-10-10T04:42:51.9326378Z TANDEMLOG_ROWS {"query_ms":0,"decode_ms":0,"sort_ms":0}
2026-10-10T04:42:52.0019211Z TANDEMLOG_READY_MS=417 FILES_READ=1
2026-10-10T04:42:58.8999713Z ##[group]✅ Passing tests
2026-10-10T04:42:58.9000336Z ✅ checkbox focus dark 390.0 x2.0: historical v3 recurrence compatibility
2026-10-10T04:43:00.3243966Z ##[endgroup]
2026-10-10T04:43:00.3244254Z TANDEMLOG_FIRST_FRAME_MS=11
2026-10-10T04:43:00.5851075Z TANDEMLOG_PHASE identity_lock=0
2026-10-10T04:43:00.6104084Z TANDEMLOG_PHASE sqlite_open_schema=25
2026-10-10T04:43:00.6196911Z TANDEMLOG_PHASE manifest=10
2026-10-10T04:43:00.6571856Z TANDEMLOG_PHASE ingest=37
2026-10-10T04:43:00.6888770Z TANDEMLOG_ROWS {"query_ms":0,"decode_ms":0,"sort_ms":0}
2026-10-10T04:43:00.8242244Z TANDEMLOG_READY_MS=511 FILES_READ=2
2026-10-10T04:43:04.0134464Z ##[group]✅ Passing tests
2026-10-10T04:43:04.0134900Z ✅ completion consent progress and admission: cancel
2026-10-10T04:43:05.2934795Z ##[endgroup]
2026-10-10T04:43:05.2935043Z TANDEMLOG_FIRST_FRAME_MS=12
2026-10-10T04:43:05.6424580Z TANDEMLOG_PHASE identity_lock=0
2026-10-10T04:43:05.6559280Z TANDEMLOG_PHASE sqlite_open_schema=13
2026-10-10T04:43:05.6669350Z TANDEMLOG_PHASE manifest=10
2026-10-10T04:43:05.7024181Z TANDEMLOG_PHASE ingest=35
2026-10-10T04:43:05.7222444Z TANDEMLOG_ROWS {"query_ms":0,"decode_ms":0,"sort_ms":0}
2026-10-10T04:43:05.7638721Z TANDEMLOG_READY_MS=483 FILES_READ=1
2026-10-10T04:43:08.8130039Z ##[group]✅ Passing tests
2026-10-10T04:43:08.8130396Z ✅ completion consent progress and admission: barrier
2026-10-10T04:43:09.9270303Z ##[endgroup]
2026-10-10T04:43:09.9270594Z TANDEMLOG_FIRST_FRAME_MS=13
2026-10-10T04:43:10.1902985Z TANDEMLOG_PHASE identity_lock=0
2026-10-10T04:43:10.2175349Z TANDEMLOG_PHASE sqlite_open_schema=26
2026-10-10T04:43:10.2284001Z TANDEMLOG_PHASE manifest=10
2026-10-10T04:43:10.3453937Z TANDEMLOG_PHASE ingest=116
2026-10-10T04:43:10.3826308Z TANDEMLOG_ROWS {"query_ms":0,"decode_ms":0,"sort_ms":0}
2026-10-10T04:43:10.5002544Z TANDEMLOG_READY_MS=586 FILES_READ=2
2026-10-10T04:43:13.6807376Z ##[group]✅ Passing tests
2026-10-10T04:43:13.6807735Z ✅ completion consent progress and admission: escape
2026-10-10T04:43:15.0238728Z ##[endgroup]
2026-10-10T04:43:15.0239036Z TANDEMLOG_FIRST_FRAME_MS=11
2026-10-10T04:43:15.4263727Z TANDEMLOG_PHASE identity_lock=0
2026-10-10T04:43:15.4401593Z TANDEMLOG_PHASE sqlite_open_schema=13
2026-10-10T04:43:15.4511986Z TANDEMLOG_PHASE manifest=10
2026-10-10T04:43:15.4875111Z TANDEMLOG_PHASE ingest=36
2026-10-10T04:43:15.5194280Z TANDEMLOG_ROWS {"query_ms":0,"decode_ms":0,"sort_ms":0}
2026-10-10T04:43:15.6531543Z TANDEMLOG_READY_MS=640 FILES_READ=2
2026-10-10T04:43:19.3973374Z ##[group]✅ Passing tests
2026-10-10T04:43:19.3973814Z ✅ completion consent progress and admission: confirm
2026-10-10T04:43:21.1411619Z ##[endgroup]
2026-10-10T04:43:21.1411909Z TANDEMLOG_FIRST_FRAME_MS=11
2026-10-10T04:43:21.5766386Z TANDEMLOG_PHASE identity_lock=0
2026-10-10T04:43:21.6038375Z TANDEMLOG_PHASE sqlite_open_schema=26
2026-10-10T04:43:21.6148055Z TANDEMLOG_PHASE manifest=11
2026-10-10T04:43:21.6507882Z TANDEMLOG_PHASE ingest=35
2026-10-10T04:43:21.7832145Z TANDEMLOG_ROWS {"query_ms":0,"decode_ms":0,"sort_ms":0}
2026-10-10T04:43:21.8201948Z TANDEMLOG_READY_MS=690 FILES_READ=1
2026-10-10T04:43:25.5976893Z ##[group]✅ Passing tests
2026-10-10T04:43:25.5977697Z ✅ completion consent progress and admission: failure
2026-10-10T04:43:35.2746908Z ##[endgroup]
2026-10-10T04:43:35.2747124Z TANDEMLOG_FIRST_FRAME_MS=11
2026-10-10T04:43:35.8875895Z TANDEMLOG_PHASE identity_lock=0
2026-10-10T04:43:35.9034182Z TANDEMLOG_PHASE sqlite_open_schema=15
2026-10-10T04:43:35.9143775Z TANDEMLOG_PHASE manifest=10
2026-10-10T04:43:36.0602643Z TANDEMLOG_PHASE ingest=145
2026-10-10T04:43:36.1023586Z TANDEMLOG_ROWS {"query_ms":0,"decode_ms":0,"sort_ms":0}
2026-10-10T04:43:36.3136826Z TANDEMLOG_READY_MS=1050 FILES_READ=1
2026-10-10T04:43:48.2195153Z ##[group]✅ combined header and stationary selection 390.0 x1.0
2026-10-10T04:43:48.2195947Z HEADER_SELECTION_SEEK {"width":390.0,"text_scale":1.0,"steps":6,"viewport_height":578.0,"offset":1763.0,"max_extent":3585.7837837837833,"row_height":58.0}
2026-10-10T04:43:48.2196841Z ##[endgroup]
2026-10-10T04:43:57.1576996Z TANDEMLOG_FIRST_FRAME_MS=11
2026-10-10T04:43:57.3960664Z TANDEMLOG_PHASE identity_lock=0
2026-10-10T04:43:57.4103352Z TANDEMLOG_PHASE sqlite_open_schema=14
2026-10-10T04:43:57.4368300Z TANDEMLOG_PHASE manifest=26
2026-10-10T04:43:57.5446513Z TANDEMLOG_PHASE ingest=107
2026-10-10T04:43:57.6073741Z TANDEMLOG_ROWS {"query_ms":0,"decode_ms":0,"sort_ms":0}
2026-10-10T04:43:57.7307805Z TANDEMLOG_READY_MS=584 FILES_READ=1
2026-10-10T04:44:13.3679986Z ##[group]✅ combined header and stationary selection 320.0 x2.0
2026-10-10T04:44:13.3680582Z HEADER_SELECTION_SEEK {"width":320.0,"text_scale":2.0,"steps":21,"viewport_height":474.0,"offset":5231.0,"max_extent":10647.538461538461,"row_height":150.0}
2026-10-10T04:44:13.3681193Z ##[endgroup]
2026-10-10T04:44:14.4589639Z TANDEMLOG_FIRST_FRAME_MS=13
2026-10-10T04:44:14.6959516Z TANDEMLOG_PHASE identity_lock=0
2026-10-10T04:44:14.7098361Z TANDEMLOG_PHASE sqlite_open_schema=13
2026-10-10T04:44:14.7338468Z TANDEMLOG_PHASE manifest=23
2026-10-10T04:44:14.7687772Z TANDEMLOG_PHASE ingest=34
2026-10-10T04:44:14.7989344Z TANDEMLOG_ROWS {"query_ms":0,"decode_ms":0,"sort_ms":0}
2026-10-10T04:44:14.8711000Z TANDEMLOG_READY_MS=425 FILES_READ=1
2026-10-10T04:44:35.4163965Z ##[group]✅ Passing tests
2026-10-10T04:44:35.4164362Z ✅ native historical checklist recompletion and Undo keep child text
2026-10-10T04:44:35.7926233Z ##[endgroup]
2026-10-10T04:44:35.7926467Z TANDEMLOG_FIRST_FRAME_MS=13
2026-10-10T04:44:36.4087822Z TANDEMLOG_PHASE identity_lock=0
2026-10-10T04:44:36.4221215Z TANDEMLOG_PHASE sqlite_open_schema=13
2026-10-10T04:44:36.4405720Z TANDEMLOG_PHASE manifest=18
2026-10-10T04:44:36.4625814Z TANDEMLOG_PHASE ingest=21
2026-10-10T04:44:36.4922154Z TANDEMLOG_ROWS {"query_ms":0,"decode_ms":0,"sort_ms":0}
2026-10-10T04:44:36.6208983Z TANDEMLOG_READY_MS=841 FILES_READ=1
2026-10-10T04:44:41.2633568Z ##[group]✅ Passing tests
2026-10-10T04:44:41.2633932Z ✅ native stale bulk failure stays visible desktop-dark
2026-10-10T04:44:41.6575391Z ##[endgroup]
2026-10-10T04:44:41.6575616Z TANDEMLOG_FIRST_FRAME_MS=11
2026-10-10T04:44:41.8937082Z TANDEMLOG_PHASE identity_lock=0
2026-10-10T04:44:41.9075913Z TANDEMLOG_PHASE sqlite_open_schema=13
2026-10-10T04:44:41.9205794Z TANDEMLOG_PHASE manifest=12
2026-10-10T04:44:41.9422135Z TANDEMLOG_PHASE ingest=21
2026-10-10T04:44:41.9695191Z TANDEMLOG_ROWS {"query_ms":0,"decode_ms":0,"sort_ms":0}
2026-10-10T04:44:42.0538474Z TANDEMLOG_READY_MS=407 FILES_READ=1
2026-10-10T04:44:46.1108789Z ##[group]✅ Passing tests
2026-10-10T04:44:46.1109130Z ✅ native stale bulk failure stays visible narrow-dark
2026-10-10T04:44:46.4398967Z ##[endgroup]
2026-10-10T04:44:46.4399280Z TANDEMLOG_FIRST_FRAME_MS=11
2026-10-10T04:44:46.8287860Z TANDEMLOG_PHASE identity_lock=0
2026-10-10T04:44:46.8398749Z TANDEMLOG_PHASE sqlite_open_schema=10
2026-10-10T04:44:46.8475257Z TANDEMLOG_PHASE manifest=7
2026-10-10T04:44:46.8608335Z TANDEMLOG_PHASE ingest=13
2026-10-10T04:44:46.8821591Z TANDEMLOG_ROWS {"query_ms":0,"decode_ms":0,"sort_ms":0}
2026-10-10T04:44:46.9810635Z TANDEMLOG_READY_MS=552 FILES_READ=1
2026-10-10T04:44:51.1632767Z ##[group]✅ Passing tests
2026-10-10T04:44:51.1633308Z ✅ native stale bulk failure stays visible narrow-light-200-ime
2026-10-10T04:44:51.5739185Z ##[endgroup]
2026-10-10T04:44:51.5739413Z TANDEMLOG_FIRST_FRAME_MS=11
2026-10-10T04:44:51.8283636Z TANDEMLOG_PHASE identity_lock=0
2026-10-10T04:44:51.8427840Z TANDEMLOG_PHASE sqlite_open_schema=14
2026-10-10T04:44:51.8537100Z TANDEMLOG_PHASE manifest=10
2026-10-10T04:44:51.8754714Z TANDEMLOG_PHASE ingest=21
2026-10-10T04:44:51.9030128Z TANDEMLOG_ROWS {"query_ms":0,"decode_ms":0,"sort_ms":0}
2026-10-10T04:44:51.9704742Z TANDEMLOG_READY_MS=407 FILES_READ=1
2026-10-10T04:44:56.1630116Z ##[group]✅ Passing tests
2026-10-10T04:44:56.1630648Z ✅ native stale bulk failure stays visible small-dark-200-ime
2026-10-10T04:44:56.8922731Z ##[endgroup]
2026-10-10T04:44:56.8922953Z TANDEMLOG_FIRST_FRAME_MS=12
2026-10-10T04:44:57.1330661Z TANDEMLOG_PHASE identity_lock=0
2026-10-10T04:44:57.1573534Z TANDEMLOG_PHASE sqlite_open_schema=23
2026-10-10T04:44:57.1675892Z TANDEMLOG_PHASE manifest=10
2026-10-10T04:44:57.1909424Z TANDEMLOG_PHASE ingest=23
2026-10-10T04:44:57.2177794Z TANDEMLOG_ROWS {"query_ms":0,"decode_ms":0,"sort_ms":0}
2026-10-10T04:44:57.2948912Z TANDEMLOG_READY_MS=415 FILES_READ=1
2026-10-10T04:44:58.7360365Z ##[group]✅ Passing tests
2026-10-10T04:44:58.7360720Z ✅ Search keeps Undo and text alignment 1200.0 x1.0
2026-10-10T04:44:59.1580512Z ##[endgroup]
2026-10-10T04:44:59.1580818Z TANDEMLOG_FIRST_FRAME_MS=12
2026-10-10T04:44:59.4042774Z TANDEMLOG_PHASE identity_lock=0
2026-10-10T04:44:59.4280019Z TANDEMLOG_PHASE sqlite_open_schema=23
2026-10-10T04:44:59.4382852Z TANDEMLOG_PHASE manifest=10
2026-10-10T04:44:59.4612166Z TANDEMLOG_PHASE ingest=22
2026-10-10T04:44:59.4875255Z TANDEMLOG_ROWS {"query_ms":0,"decode_ms":0,"sort_ms":0}
2026-10-10T04:44:59.5609820Z TANDEMLOG_READY_MS=414 FILES_READ=1
2026-10-10T04:45:01.2362630Z ##[group]✅ Passing tests
2026-10-10T04:45:01.2363513Z ✅ Search keeps Undo and text alignment 1200.0 x2.0
2026-10-10T04:45:01.8060765Z ##[endgroup]
2026-10-10T04:45:01.8060982Z TANDEMLOG_FIRST_FRAME_MS=11
2026-10-10T04:45:02.0583869Z TANDEMLOG_PHASE identity_lock=0
2026-10-10T04:45:02.0837735Z TANDEMLOG_PHASE sqlite_open_schema=25
2026-10-10T04:45:02.0941038Z TANDEMLOG_PHASE manifest=10
2026-10-10T04:45:02.1181640Z TANDEMLOG_PHASE ingest=23
2026-10-10T04:45:02.1453198Z TANDEMLOG_ROWS {"query_ms":0,"decode_ms":0,"sort_ms":0}
2026-10-10T04:45:02.2099759Z TANDEMLOG_READY_MS=415 FILES_READ=1
2026-10-10T04:45:03.8868917Z ##[group]✅ Passing tests
2026-10-10T04:45:03.8869277Z ✅ Search keeps Undo and text alignment 390.0 x1.0
2026-10-10T04:45:04.2237755Z ##[endgroup]
2026-10-10T04:45:04.2237973Z TANDEMLOG_FIRST_FRAME_MS=11
2026-10-10T04:45:04.5271894Z TANDEMLOG_PHASE identity_lock=0
2026-10-10T04:45:04.5405672Z TANDEMLOG_PHASE sqlite_open_schema=13
2026-10-10T04:45:04.5511161Z TANDEMLOG_PHASE manifest=10
2026-10-10T04:45:04.5745070Z TANDEMLOG_PHASE ingest=23
2026-10-10T04:45:04.6012107Z TANDEMLOG_ROWS {"query_ms":0,"decode_ms":0,"sort_ms":0}
2026-10-10T04:45:04.6605807Z TANDEMLOG_READY_MS=448 FILES_READ=1
2026-10-10T04:45:06.1202661Z ##[group]✅ Passing tests
2026-10-10T04:45:06.1203047Z ✅ Search keeps Undo and text alignment 320.0 x2.0
2026-10-10T04:45:06.1741700Z ##[endgroup]
2026-10-10T04:45:06.1742013Z TANDEMLOG_FIRST_FRAME_MS=10
2026-10-10T04:45:06.6055263Z TANDEMLOG_ONBOARDING_READY_MS=442 FILES_READ=0
2026-10-10T04:45:07.0567653Z ##[group]✅ Passing tests
2026-10-10T04:45:07.0568122Z ✅ second instance does not read or write preferences and Retry acquires released lease
2026-10-10T04:45:07.0886434Z ##[endgroup]
2026-10-10T04:45:07.0886801Z TANDEMLOG_FIRST_FRAME_MS=9
2026-10-10T04:45:07.3559238Z ##[group]✅ Passing tests
2026-10-10T04:45:07.3559631Z ✅ interrupted startup releases installation lease after pending work
2026-10-10T04:45:07.7384553Z ##[endgroup]
2026-10-10T04:45:07.7384780Z TANDEMLOG_FIRST_FRAME_MS=9
2026-10-10T04:45:08.0908944Z TANDEMLOG_PHASE identity_lock=0
2026-10-10T04:45:08.1042384Z TANDEMLOG_PHASE sqlite_open_schema=13
2026-10-10T04:45:08.1148318Z TANDEMLOG_PHASE manifest=10
2026-10-10T04:45:08.1363123Z TANDEMLOG_PHASE ingest=21
2026-10-10T04:45:08.1646223Z TANDEMLOG_ROWS {"query_ms":0,"decode_ms":0,"sort_ms":0}
2026-10-10T04:45:08.2988068Z TANDEMLOG_READY_MS=570 FILES_READ=1
2026-10-10T04:45:15.4466696Z ##[group]✅ Passing tests
2026-10-10T04:45:15.4467087Z ✅ Inbox capture cancel edit Undo and history remain coherent
2026-10-10T04:45:15.7394558Z ##[endgroup]
2026-10-10T04:45:15.7394794Z TANDEMLOG_FIRST_FRAME_MS=10
2026-10-10T04:45:16.0090864Z TANDEMLOG_PHASE identity_lock=0
2026-10-10T04:45:16.0225460Z TANDEMLOG_PHASE sqlite_open_schema=13
2026-10-10T04:45:16.0331504Z TANDEMLOG_PHASE manifest=10
2026-10-10T04:45:16.0533280Z TANDEMLOG_PHASE ingest=19
2026-10-10T04:45:16.0708684Z TANDEMLOG_ROWS {"query_ms":0,"decode_ms":0,"sort_ms":0}
2026-10-10T04:45:16.1266584Z TANDEMLOG_READY_MS=397 FILES_READ=1
2026-10-10T04:45:17.4599557Z ##[group]✅ Passing tests
2026-10-10T04:45:17.4600337Z ✅ creation-only prefix keeps immutable capture through background reconciliation
2026-10-10T04:45:17.4884407Z ##[endgroup]
2026-10-10T04:45:17.4884801Z TANDEMLOG_FIRST_FRAME_MS=9
2026-10-10T04:45:17.6286214Z TANDEMLOG_ONBOARDING_READY_MS=150 FILES_READ=0
2026-10-10T04:45:18.4682302Z ##[group]✅ Passing tests
2026-10-10T04:45:18.4682608Z ✅ integrity action requires an open store
2026-10-10T04:45:18.7582665Z ##[endgroup]
2026-10-10T04:45:18.7582886Z TANDEMLOG_FIRST_FRAME_MS=11
2026-10-10T04:45:18.9870645Z TANDEMLOG_PHASE identity_lock=0
2026-10-10T04:45:19.0961354Z TANDEMLOG_PHASE sqlite_open_schema=108
2026-10-10T04:45:19.1084279Z TANDEMLOG_PHASE manifest=12
2026-10-10T04:45:19.1281061Z TANDEMLOG_PHASE ingest=19
2026-10-10T04:45:19.1544485Z TANDEMLOG_ROWS {"query_ms":0,"decode_ms":0,"sort_ms":0}
2026-10-10T04:45:19.2301730Z TANDEMLOG_READY_MS=483 FILES_READ=1
2026-10-10T04:45:29.2800469Z ##[group]✅ Passing tests
2026-10-10T04:45:29.2801341Z ✅ manual integrity preserves drafts Search selection and Undo, imports valid growth, and copies diagnostics
2026-10-10T04:45:30.3048102Z ##[endgroup]
2026-10-10T04:45:30.3048328Z TANDEMLOG_FIRST_FRAME_MS=9
2026-10-10T04:45:30.7299818Z TANDEMLOG_PHASE identity_lock=0
2026-10-10T04:45:30.7444190Z TANDEMLOG_PHASE sqlite_open_schema=14
2026-10-10T04:45:30.7550198Z TANDEMLOG_PHASE manifest=10
2026-10-10T04:45:30.7835387Z TANDEMLOG_PHASE ingest=27
2026-10-10T04:45:30.8174295Z TANDEMLOG_ROWS {"query_ms":0,"decode_ms":0,"sort_ms":0}
2026-10-10T04:45:30.8930360Z TANDEMLOG_READY_MS=597 FILES_READ=1
2026-10-10T04:45:33.0155573Z ##[group]✅ Passing tests
2026-10-10T04:45:33.0156022Z ✅ same-day precision sorts, constrains dragging and retains historical title
2026-10-10T04:45:33.5228655Z ##[endgroup]
2026-10-10T04:45:33.5228960Z TANDEMLOG_FIRST_FRAME_MS=10
2026-10-10T04:45:33.8807946Z TANDEMLOG_PHASE identity_lock=0
2026-10-10T04:45:33.8941814Z TANDEMLOG_PHASE sqlite_open_schema=13
2026-10-10T04:45:33.9047069Z TANDEMLOG_PHASE manifest=10
2026-10-10T04:45:33.9247735Z TANDEMLOG_PHASE ingest=19
2026-10-10T04:45:33.9639030Z TANDEMLOG_ROWS {"query_ms":0,"decode_ms":0,"sort_ms":0}
2026-10-10T04:45:34.0795750Z TANDEMLOG_READY_MS=565 FILES_READ=1
2026-10-10T04:45:44.6330697Z ##[group]✅ Passing tests
2026-10-10T04:45:44.6331098Z ✅ Settings copies the running release name without changing tasks
2026-10-10T04:45:44.9389213Z ##[endgroup]
2026-10-10T04:45:44.9389513Z TANDEMLOG_FIRST_FRAME_MS=10
2026-10-10T04:45:45.2610317Z TANDEMLOG_PHASE identity_lock=0
2026-10-10T04:45:45.2739540Z TANDEMLOG_PHASE sqlite_open_schema=13
2026-10-10T04:45:45.2843673Z TANDEMLOG_PHASE manifest=10
2026-10-10T04:45:45.3043432Z TANDEMLOG_PHASE ingest=19
2026-10-10T04:45:45.3370187Z TANDEMLOG_ROWS {"query_ms":0,"decode_ms":0,"sort_ms":0}
2026-10-10T04:45:45.3734132Z TANDEMLOG_READY_MS=443 FILES_READ=1
2026-10-10T04:46:00.6654329Z ##[group]✅ Passing tests
2026-10-10T04:46:00.6654775Z ✅ optional time rows preserve precision, zone and drafts
2026-10-10T04:46:01.0057690Z ##[endgroup]
2026-10-10T04:46:01.0057950Z TANDEMLOG_FIRST_FRAME_MS=10
2026-10-10T04:46:01.2383003Z TANDEMLOG_PHASE identity_lock=0
2026-10-10T04:46:01.2526573Z TANDEMLOG_PHASE sqlite_open_schema=14
2026-10-10T04:46:01.2653655Z TANDEMLOG_PHASE manifest=12
2026-10-10T04:46:01.2847842Z TANDEMLOG_PHASE ingest=19
2026-10-10T04:46:01.3121331Z TANDEMLOG_ROWS {"query_ms":0,"decode_ms":0,"sort_ms":0}
2026-10-10T04:46:01.3960481Z TANDEMLOG_READY_MS=401 FILES_READ=1
2026-10-10T04:46:08.2721241Z TANDEMLOG_FIRST_FRAME_MS=10
2026-10-10T04:46:08.2801953Z TANDEMLOG_PHASE identity_lock=0
2026-10-10T04:46:08.3047909Z TANDEMLOG_PHASE sqlite_open_schema=24
2026-10-10T04:46:08.3170143Z TANDEMLOG_PHASE manifest=12
2026-10-10T04:46:08.3299675Z TANDEMLOG_PHASE ingest=12
2026-10-10T04:46:08.3585448Z TANDEMLOG_ROWS {"query_ms":0,"decode_ms":0,"sort_ms":0}
2026-10-10T04:46:08.4300057Z TANDEMLOG_READY_MS=168 FILES_READ=0
2026-10-10T04:46:08.6796073Z ##[group]✅ Passing tests
2026-10-10T04:46:08.6796450Z ✅ offline new text, remote draft Save, Undo and explicit legacy setup
2026-10-10T04:46:09.5725701Z ##[endgroup]
2026-10-10T04:46:09.5725970Z TANDEMLOG_FIRST_FRAME_MS=10
2026-10-10T04:46:09.9784313Z TANDEMLOG_PHASE identity_lock=0
2026-10-10T04:46:09.9915346Z TANDEMLOG_PHASE sqlite_open_schema=13
2026-10-10T04:46:10.0021896Z TANDEMLOG_PHASE manifest=10
2026-10-10T04:46:10.0278008Z TANDEMLOG_PHASE ingest=25
2026-10-10T04:46:10.0690586Z TANDEMLOG_ROWS {"query_ms":0,"decode_ms":0,"sort_ms":0}
2026-10-10T04:46:10.2052691Z TANDEMLOG_READY_MS=643 FILES_READ=1
2026-10-10T04:46:11.4577027Z ##[group]✅ Passing tests
2026-10-10T04:46:11.4577582Z ✅ historical successor recompletion completes parent and keeps independent child
2026-10-10T04:46:11.7710188Z ##[endgroup]
2026-10-10T04:46:11.7710411Z TANDEMLOG_FIRST_FRAME_MS=8
2026-10-10T04:46:12.1502784Z TANDEMLOG_PHASE identity_lock=0
2026-10-10T04:46:12.1642765Z TANDEMLOG_PHASE sqlite_open_schema=13
2026-10-10T04:46:12.1748216Z TANDEMLOG_PHASE manifest=10
2026-10-10T04:46:12.1945056Z TANDEMLOG_PHASE ingest=19
2026-10-10T04:46:12.2211039Z TANDEMLOG_ROWS {"query_ms":0,"decode_ms":0,"sort_ms":0}
2026-10-10T04:46:12.2623874Z TANDEMLOG_READY_MS=500 FILES_READ=1
2026-10-10T04:46:14.8771395Z ##[group]✅ Passing tests
2026-10-10T04:46:14.8771880Z ✅ native recurring completion creates one editable inherited successor with receipt Undo
2026-10-10T04:46:15.6369277Z ##[endgroup]
2026-10-10T04:46:15.6369494Z TANDEMLOG_FIRST_FRAME_MS=9
2026-10-10T04:46:15.9399311Z TANDEMLOG_PHASE identity_lock=0
2026-10-10T04:46:15.9748483Z TANDEMLOG_PHASE sqlite_open_schema=34
2026-10-10T04:46:15.9852527Z TANDEMLOG_PHASE manifest=10
2026-10-10T04:46:16.0105859Z TANDEMLOG_PHASE ingest=25
2026-10-10T04:46:16.0530702Z TANDEMLOG_ROWS {"query_ms":0,"decode_ms":0,"sort_ms":0}
2026-10-10T04:46:16.1630151Z TANDEMLOG_READY_MS=535 FILES_READ=1
2026-10-10T04:46:38.0725122Z ##[group]✅ Passing tests
2026-10-10T04:46:38.0725924Z ✅ native checklist desktop dark repeated editors and refreshed completion warning
2026-10-10T04:46:38.7237206Z ##[endgroup]
2026-10-10T04:46:38.7237427Z TANDEMLOG_FIRST_FRAME_MS=11
2026-10-10T04:46:39.2575469Z TANDEMLOG_PHASE identity_lock=0
2026-10-10T04:46:39.2797369Z TANDEMLOG_PHASE sqlite_open_schema=22
2026-10-10T04:46:39.2902313Z TANDEMLOG_PHASE manifest=10
2026-10-10T04:46:39.3159164Z TANDEMLOG_PHASE ingest=25
2026-10-10T04:46:39.3426883Z TANDEMLOG_ROWS {"query_ms":0,"decode_ms":0,"sort_ms":0}
2026-10-10T04:46:39.3971653Z TANDEMLOG_READY_MS=684 FILES_READ=1
2026-10-10T04:47:04.7129642Z ##[group]✅ Passing tests
2026-10-10T04:47:05.3888835Z ✅ native checklist narrow enlarged light repeated editors and refreshed completion warning
2026-10-10T04:47:05.3889636Z ##[endgroup]
2026-10-10T04:47:05.3889817Z TANDEMLOG_FIRST_FRAME_MS=10
2026-10-10T04:47:05.7517974Z TANDEMLOG_PHASE identity_lock=0
2026-10-10T04:47:05.8567959Z TANDEMLOG_PHASE sqlite_open_schema=104
2026-10-10T04:47:05.8752679Z TANDEMLOG_PHASE manifest=18
2026-10-10T04:47:05.9094256Z TANDEMLOG_PHASE ingest=33
2026-10-10T04:47:05.9448318Z TANDEMLOG_ROWS {"query_ms":0,"decode_ms":0,"sort_ms":0}
2026-10-10T04:47:06.0190350Z TANDEMLOG_READY_MS=640 FILES_READ=1
2026-10-10T04:47:15.3798236Z ##[group]✅ Passing tests
2026-10-10T04:47:15.3798810Z ✅ checklist toggle acts directly on shown parents and follows live state
2026-10-10T04:47:16.3240946Z ##[endgroup]
2026-10-10T04:47:16.3241161Z TANDEMLOG_FIRST_FRAME_MS=12
2026-10-10T04:47:16.5522156Z TANDEMLOG_PHASE identity_lock=0
2026-10-10T04:47:16.5899459Z TANDEMLOG_PHASE sqlite_open_schema=37
2026-10-10T04:47:16.6011311Z TANDEMLOG_PHASE manifest=11
2026-10-10T04:47:16.6303325Z TANDEMLOG_PHASE ingest=28
2026-10-10T04:47:16.6574010Z TANDEMLOG_ROWS {"query_ms":0,"decode_ms":0,"sort_ms":0}
2026-10-10T04:47:16.7001235Z TANDEMLOG_READY_MS=388 FILES_READ=1
2026-10-10T04:47:25.0632850Z ##[group]✅ task row inset follows available width including desktop resize
2026-10-10T04:47:25.0633964Z CHECKLIST_DISCLOSURE_GEOMETRY width=599.0 scale=1.0 secondary=true body=Rect.fromLTRB(52.0, 238.0, 499.0, 314.0) target=Rect.fromLTRB(52.0, 314.0, 100.0, 342.0) count=Rect.fromLTRB(65.0, 316.0, 87.8, 336.0) textBottom=314.0
2026-10-10T04:47:25.0635607Z CHECKLIST_DISCLOSURE_GEOMETRY width=599.0 scale=1.0 secondary=false body=Rect.fromLTRB(52.0, 487.0, 499.0, 541.0) target=Rect.fromLTRB(52.0, 541.0, 100.0, 569.0) count=Rect.fromLTRB(65.0, 543.0, 87.8, 563.0) textBottom=541.0
2026-10-10T04:47:25.0637136Z CHECKLIST_DISCLOSURE_GEOMETRY width=1200.0 scale=1.0 secondary=true body=Rect.fromLTRB(68.0, 238.0, 819.4, 286.0) target=Rect.fromLTRB(68.0, 286.0, 116.0, 314.0) count=Rect.fromLTRB(81.0, 288.0, 103.8, 308.0) textBottom=286.0
2026-10-10T04:47:25.0638115Z CHECKLIST_DISCLOSURE_GEOMETRY width=1200.0 scale=1.0 secondary=false body=Rect.fromLTRB(68.0, 459.0, 754.9, 507.0) target=Rect.fromLTRB(68.0, 507.0, 116.0, 535.0) count=Rect.fromLTRB(81.0, 509.0, 103.8, 529.0) textBottom=507.0
2026-10-10T04:47:25.0639325Z CHECKLIST_DISCLOSURE_GEOMETRY width=600.0 scale=1.0 secondary=true body=Rect.fromLTRB(68.0, 238.0, 484.0, 314.0) target=Rect.fromLTRB(68.0, 314.0, 116.0, 342.0) count=Rect.fromLTRB(81.0, 316.0, 103.8, 336.0) textBottom=314.0
2026-10-10T04:47:25.0640866Z CHECKLIST_DISCLOSURE_GEOMETRY width=600.0 scale=1.0 secondary=false body=Rect.fromLTRB(68.0, 487.0, 484.0, 541.0) target=Rect.fromLTRB(68.0, 541.0, 116.0, 569.0) count=Rect.fromLTRB(81.0, 543.0, 103.8, 563.0) textBottom=541.0
2026-10-10T04:47:25.0641881Z CHECKLIST_DISCLOSURE_GEOMETRY width=390.0 scale=1.0 secondary=true body=Rect.fromLTRB(52.0, 238.0, 290.0, 362.0) target=Rect.fromLTRB(52.0, 362.0, 100.0, 390.0) count=Rect.fromLTRB(65.0, 364.0, 87.8, 384.0) textBottom=362.0
2026-10-10T04:47:25.0642846Z CHECKLIST_DISCLOSURE_GEOMETRY width=390.0 scale=1.0 secondary=false body=Rect.fromLTRB(52.0, 575.0, 290.0, 677.0) target=Rect.fromLTRB(52.0, 677.0, 100.0, 705.0) count=Rect.fromLTRB(65.0, 679.0, 87.8, 699.0) textBottom=677.0
2026-10-10T04:47:25.0643799Z CHECKLIST_DISCLOSURE_GEOMETRY width=360.0 scale=2.0 secondary=true body=Rect.fromLTRB(52.0, 286.0, 260.0, 766.0) target=Rect.fromLTRB(52.0, 766.0, 110.4, 814.0) count=Rect.fromLTRB(65.0, 768.0, 110.4, 808.0) textBottom=766.0
2026-10-10T04:47:25.0644775Z CHECKLIST_DISCLOSURE_GEOMETRY width=360.0 scale=2.0 secondary=false body=Rect.fromLTRB(52.0, 505.0, 260.0, 943.0) target=Rect.fromLTRB(52.0, 943.0, 110.4, 991.0) count=Rect.fromLTRB(65.0, 945.0, 110.4, 985.0) textBottom=943.0
2026-10-10T04:47:25.0645752Z CHECKLIST_DISCLOSURE_GEOMETRY width=390.0 scale=2.0 secondary=true body=Rect.fromLTRB(52.0, 238.0, 290.0, 670.0) target=Rect.fromLTRB(52.0, 670.0, 110.4, 718.0) count=Rect.fromLTRB(65.0, 672.0, 110.4, 712.0) textBottom=670.0
2026-10-10T04:47:25.0646696Z CHECKLIST_DISCLOSURE_GEOMETRY width=390.0 scale=2.0 secondary=false body=Rect.fromLTRB(52.0, 553.0, 290.0, 943.0) target=Rect.fromLTRB(52.0, 943.0, 110.4, 991.0) count=Rect.fromLTRB(65.0, 945.0, 110.4, 985.0) textBottom=943.0
2026-10-10T04:47:25.0647640Z CHECKLIST_DISCLOSURE_GEOMETRY width=620.0 scale=1.0 secondary=true body=Rect.fromLTRB(64.0, 238.0, 500.0, 314.0) target=Rect.fromLTRB(64.0, 314.0, 112.0, 342.0) count=Rect.fromLTRB(77.0, 316.0, 99.8, 336.0) textBottom=314.0
2026-10-10T04:47:25.0648585Z CHECKLIST_DISCLOSURE_GEOMETRY width=620.0 scale=1.0 secondary=false body=Rect.fromLTRB(64.0, 487.0, 500.0, 541.0) target=Rect.fromLTRB(64.0, 541.0, 112.0, 569.0) count=Rect.fromLTRB(77.0, 543.0, 99.8, 563.0) textBottom=541.0
2026-10-10T04:47:25.0649678Z CHECKLIST_DISCLOSURE_GEOMETRY width=390.0 scale=1.0 secondary=true body=Rect.fromLTRB(64.0, 238.0, 270.0, 362.0) target=Rect.fromLTRB(64.0, 362.0, 112.0, 390.0) count=Rect.fromLTRB(77.0, 364.0, 99.8, 384.0) textBottom=362.0
2026-10-10T04:47:25.0650804Z CHECKLIST_DISCLOSURE_GEOMETRY width=390.0 scale=1.0 secondary=false body=Rect.fromLTRB(64.0, 575.0, 270.0, 677.0) target=Rect.fromLTRB(64.0, 677.0, 112.0, 705.0) count=Rect.fromLTRB(77.0, 679.0, 99.8, 699.0) textBottom=677.0
2026-10-10T04:47:25.0651534Z ##[endgroup]
2026-10-10T04:47:25.3382352Z TANDEMLOG_FIRST_FRAME_MS=10
2026-10-10T04:47:25.5815235Z TANDEMLOG_PHASE identity_lock=0
2026-10-10T04:47:25.5948793Z TANDEMLOG_PHASE sqlite_open_schema=13
2026-10-10T04:47:25.6056322Z TANDEMLOG_PHASE manifest=10
2026-10-10T04:47:25.6252681Z TANDEMLOG_PHASE ingest=19
2026-10-10T04:47:25.6518463Z TANDEMLOG_ROWS {"query_ms":0,"decode_ms":0,"sort_ms":0}
2026-10-10T04:47:25.7153026Z TANDEMLOG_READY_MS=387 FILES_READ=1
2026-10-10T04:47:41.7470219Z ##[group]✅ Passing tests
2026-10-10T04:47:41.7470750Z ✅ task menu follows live item counts for mouse and keyboard
2026-10-10T04:47:42.1233687Z ##[endgroup]
2026-10-10T04:47:42.1233977Z TANDEMLOG_FIRST_FRAME_MS=10
2026-10-10T04:47:42.3712768Z TANDEMLOG_PHASE identity_lock=0
2026-10-10T04:47:42.3848208Z TANDEMLOG_PHASE sqlite_open_schema=13
2026-10-10T04:47:42.3955380Z TANDEMLOG_PHASE manifest=10
2026-10-10T04:47:42.4143712Z TANDEMLOG_PHASE ingest=18
2026-10-10T04:47:42.4324323Z TANDEMLOG_ROWS {"query_ms":0,"decode_ms":0,"sort_ms":0}
2026-10-10T04:47:42.5003290Z TANDEMLOG_READY_MS=387 FILES_READ=2
2026-10-10T04:47:52.6971763Z ##[group]✅ Passing tests
2026-10-10T04:47:52.6972170Z ✅ task menu refresh failure, keyboard, right click, selected-row Delete and Undo
2026-10-10T04:47:53.3226284Z ##[endgroup]
2026-10-10T04:47:53.5871846Z TANDEMLOG_FIRST_FRAME_MS=9
2026-10-10T04:47:53.5872130Z TANDEMLOG_PHASE identity_lock=0
2026-10-10T04:47:53.6121741Z TANDEMLOG_PHASE sqlite_open_schema=24
2026-10-10T04:47:53.6226298Z TANDEMLOG_PHASE manifest=10
2026-10-10T04:47:53.6489799Z TANDEMLOG_PHASE ingest=26
2026-10-10T04:47:53.6859633Z TANDEMLOG_ROWS {"query_ms":0,"decode_ms":0,"sort_ms":0}
2026-10-10T04:47:53.8192014Z TANDEMLOG_READY_MS=506 FILES_READ=1
2026-10-10T04:47:55.0040762Z TANDEMLOG_FIRST_FRAME_MS=8
2026-10-10T04:47:55.0131874Z TANDEMLOG_PHASE identity_lock=0
2026-10-10T04:47:55.0231218Z TANDEMLOG_PHASE sqlite_open_schema=9
2026-10-10T04:47:55.0334690Z TANDEMLOG_PHASE manifest=10
2026-10-10T04:47:55.0436574Z TANDEMLOG_PHASE ingest=10
2026-10-10T04:47:55.0703022Z TANDEMLOG_ROWS {"query_ms":0,"decode_ms":0,"sort_ms":0}
2026-10-10T04:47:55.1589329Z TANDEMLOG_READY_MS=163 FILES_READ=0
2026-10-10T04:48:04.0466194Z ##[group]✅ inline checklist desktop menu and item ownership
2026-10-10T04:48:04.0467002Z CHECKLIST_TRAILING_GEOMETRY narrow=false menu=Rect.fromLTRB(1088.0, 252.0, 1136.0, 300.0) parent=Rect.fromLTRB(1136.0, 252.0, 1184.0, 300.0) child=Rect.fromLTRB(1136.0, 314.0, 1184.0, 362.0) delete=Rect.fromLTRB(1088.0, 314.0, 1136.0, 362.0)
2026-10-10T04:48:04.0467808Z ##[endgroup]
2026-10-10T04:48:04.8044095Z TANDEMLOG_FIRST_FRAME_MS=9
2026-10-10T04:48:05.0350363Z TANDEMLOG_PHASE identity_lock=0
2026-10-10T04:48:05.0607878Z TANDEMLOG_PHASE sqlite_open_schema=25
2026-10-10T04:48:05.0716782Z TANDEMLOG_PHASE manifest=10
2026-10-10T04:48:05.0981672Z TANDEMLOG_PHASE ingest=26
2026-10-10T04:48:05.1252689Z TANDEMLOG_ROWS {"query_ms":0,"decode_ms":0,"sort_ms":0}
2026-10-10T04:48:05.1810656Z TANDEMLOG_READY_MS=385 FILES_READ=1
2026-10-10T04:48:06.3540659Z TANDEMLOG_FIRST_FRAME_MS=8
2026-10-10T04:48:06.3625506Z TANDEMLOG_PHASE identity_lock=0
2026-10-10T04:48:06.3723614Z TANDEMLOG_PHASE sqlite_open_schema=9
2026-10-10T04:48:06.3827819Z TANDEMLOG_PHASE manifest=10
2026-10-10T04:48:06.3929394Z TANDEMLOG_PHASE ingest=10
2026-10-10T04:48:06.4194999Z TANDEMLOG_ROWS {"query_ms":0,"decode_ms":0,"sort_ms":0}
2026-10-10T04:48:06.4892242Z TANDEMLOG_READY_MS=143 FILES_READ=0
2026-10-10T04:48:16.1297236Z ##[group]✅ inline checklist phone enlarged menu and item ownership
2026-10-10T04:48:16.1298028Z CHECKLIST_TRAILING_GEOMETRY narrow=true menu=Rect.fromLTRB(294.0, 357.0, 342.0, 405.0) parent=Rect.fromLTRB(342.0, 357.0, 390.0, 405.0) child=Rect.fromLTRB(342.0, 456.0, 390.0, 504.0) delete=Rect.fromLTRB(294.0, 456.0, 342.0, 504.0)
2026-10-10T04:48:16.1298780Z ##[endgroup]
2026-10-10T04:48:18.6878873Z TANDEMLOG_FIRST_FRAME_MS=10
2026-10-10T04:48:18.9156886Z TANDEMLOG_PHASE identity_lock=0
2026-10-10T04:48:18.9290226Z TANDEMLOG_PHASE sqlite_open_schema=13
2026-10-10T04:48:18.9398080Z TANDEMLOG_PHASE manifest=10
2026-10-10T04:48:18.9915646Z TANDEMLOG_PHASE ingest=51
2026-10-10T04:48:19.0207152Z TANDEMLOG_ROWS {"query_ms":0,"decode_ms":0,"sort_ms":0}
2026-10-10T04:48:19.0599642Z TANDEMLOG_READY_MS=382 FILES_READ=1
2026-10-10T04:48:32.9325966Z ##[group]❌ disclosure bottom spacing and ink retain compact row geometry (failed)
2026-10-10T04:48:32.9327162Z DISCLOSURE_LAYOUT width=1200.0 scale=1.0 secondary=true ordinaryBottom=6.0 disclosureBottom=6.0 body=Rect.fromLTRB(68.0, 355.0, 348.3, 405.0) target=Rect.fromLTRB(68.0, 405.0, 116.0, 433.0) count=Rect.fromLTRB(81.0, 407.0, 103.8, 427.0) shape=ChecklistDisclosureInkBorder()
2026-10-10T04:48:32.9328438Z DISCLOSURE_LAYOUT width=1200.0 scale=1.0 secondary=false ordinaryBottom=6.0 disclosureBottom=6.0 body=Rect.fromLTRB(68.0, 238.0, 283.9, 286.0) target=Rect.fromLTRB(68.0, 286.0, 116.0, 314.0) count=Rect.fromLTRB(81.0, 288.0, 103.8, 308.0) shape=ChecklistDisclosureInkBorder()
2026-10-10T04:48:32.9329687Z DISCLOSURE_LAYOUT width=1200.0 scale=2.0 secondary=true ordinaryBottom=6.0 disclosureBottom=6.0 body=Rect.fromLTRB(68.0, 477.0, 604.1, 571.0) target=Rect.fromLTRB(68.0, 571.0, 126.4, 619.0) count=Rect.fromLTRB(81.0, 573.0, 126.4, 613.0) shape=ChecklistDisclosureInkBorder()
2026-10-10T04:48:32.9331900Z DISCLOSURE_LAYOUT width=1200.0 scale=2.0 secondary=false ordinaryBottom=6.0 disclosureBottom=6.0 body=Rect.fromLTRB(68.0, 314.0, 488.8, 368.0) target=Rect.fromLTRB(68.0, 368.0, 126.4, 416.0) count=Rect.fromLTRB(81.0, 370.0, 126.4, 410.0) shape=ChecklistDisclosureInkBorder()
2026-10-10T04:48:32.9333408Z DISCLOSURE_LAYOUT width=390.0 scale=1.0 secondary=true ordinaryBottom=6.0 disclosureBottom=6.0 body=Rect.fromLTRB(52.0, 355.0, 267.9, 427.0) target=Rect.fromLTRB(52.0, 427.0, 100.0, 455.0) count=Rect.fromLTRB(65.0, 429.0, 87.8, 449.0) shape=ChecklistDisclosureInkBorder()
2026-10-10T04:48:32.9334616Z DISCLOSURE_LAYOUT width=390.0 scale=1.0 secondary=false ordinaryBottom=6.0 disclosureBottom=6.0 body=Rect.fromLTRB(52.0, 238.0, 267.9, 286.0) target=Rect.fromLTRB(52.0, 286.0, 100.0, 314.0) count=Rect.fromLTRB(65.0, 288.0, 87.8, 308.0) shape=ChecklistDisclosureInkBorder()
2026-10-10T04:48:32.9335835Z DISCLOSURE_LAYOUT width=390.0 scale=2.0 secondary=true ordinaryBottom=6.0 disclosureBottom=6.0 body=Rect.fromLTRB(52.0, 363.0, 290.0, 595.0) target=Rect.fromLTRB(52.0, 595.0, 110.4, 643.0) count=Rect.fromLTRB(65.0, 597.0, 110.4, 637.0) shape=ChecklistDisclosureInkBorder()
2026-10-10T04:48:32.9336968Z ══╡ EXCEPTION CAUGHT BY FLUTTER TEST FRAMEWORK ╞════════════════════════════════════════════════════
2026-10-10T04:48:32.9337357Z The following StateError was thrown running a test:
2026-10-10T04:48:32.9337609Z Bad state: No element
2026-10-10T04:48:32.9337721Z 
2026-10-10T04:48:32.9337825Z When the exception was thrown, this was the stack:
2026-10-10T04:48:32.9338099Z #0      Iterable.single (dart:core/iterable.dart:694:25)
2026-10-10T04:48:32.9338733Z #1      registerChecklistDisclosureLayoutTests.<anonymous closure>.reveal (file:///home/runner/work/tandemlog/tandemlog/integration_test/checklist_disclosure_layout_test.dart:104:29)
2026-10-10T04:48:32.9339667Z #2      registerChecklistDisclosureLayoutTests.<anonymous closure> (file:///home/runner/work/tandemlog/tandemlog/integration_test/checklist_disclosure_layout_test.dart:136:17)
2026-10-10T04:48:32.9340454Z <asynchronous suspension>
2026-10-10T04:48:32.9340821Z #3      testWidgets.<anonymous closure>.<anonymous closure> (package:flutter_test/src/widget_tester.dart:192:15)
2026-10-10T04:48:32.9341400Z <asynchronous suspension>
2026-10-10T04:48:32.9341713Z #4      TestWidgetsFlutterBinding._runTestBody (package:flutter_test/src/binding.dart:1953:5)
2026-10-10T04:48:32.9342050Z <asynchronous suspension>
2026-10-10T04:48:32.9342223Z <asynchronous suspension>
2026-10-10T04:48:32.9342412Z (elided one frame from package:stack_trace)
2026-10-10T04:48:32.9342565Z 
2026-10-10T04:48:32.9342636Z The test description was:
2026-10-10T04:48:32.9342874Z   disclosure bottom spacing and ink retain compact row geometry
2026-10-10T04:48:32.9343377Z ════════════════════════════════════════════════════════════════════════════════════════════════════
2026-10-10T04:48:32.9343680Z Test failed. See exception logs above.
2026-10-10T04:48:32.9344010Z The test description was: disclosure bottom spacing and ink retain compact row geometry
2026-10-10T04:48:32.9344261Z 
2026-10-10T04:48:32.9344482Z ##[endgroup]
2026-10-10T04:48:34.0720828Z TANDEMLOG_FIRST_FRAME_MS=10
2026-10-10T04:48:34.3187310Z TANDEMLOG_PHASE identity_lock=0
2026-10-10T04:48:34.3440782Z TANDEMLOG_PHASE sqlite_open_schema=25
2026-10-10T04:48:34.3544035Z TANDEMLOG_PHASE manifest=10
2026-10-10T04:48:34.3794065Z TANDEMLOG_PHASE ingest=24
2026-10-10T04:48:34.4056235Z TANDEMLOG_ROWS {"query_ms":0,"decode_ms":0,"sort_ms":0}
2026-10-10T04:48:34.4603356Z TANDEMLOG_READY_MS=398 FILES_READ=1
2026-10-10T04:48:41.4525055Z ##[group]✅ workspace switch rejects old checklist and menu callbacks with colliding IDs
2026-10-10T04:48:41.4525461Z TANDEMLOG_PHASE identity_lock=0
2026-10-10T04:48:41.4525681Z TANDEMLOG_PHASE sqlite_open_schema=36
2026-10-10T04:48:41.4525903Z TANDEMLOG_PHASE manifest=30
2026-10-10T04:48:41.4526093Z TANDEMLOG_PHASE ingest=25
2026-10-10T04:48:41.4526311Z TANDEMLOG_ROWS {"query_ms":0,"decode_ms":0,"sort_ms":0}
2026-10-10T04:48:41.4526870Z TANDEMLOG_PHASE identity_lock=0
2026-10-10T04:48:41.4527079Z TANDEMLOG_PHASE sqlite_open_schema=9
2026-10-10T04:48:41.4527288Z TANDEMLOG_PHASE manifest=28
2026-10-10T04:48:41.4527498Z TANDEMLOG_PHASE ingest=14
2026-10-10T04:48:41.4527716Z TANDEMLOG_ROWS {"query_ms":0,"decode_ms":0,"sort_ms":0}
2026-10-10T04:48:41.4528163Z ##[endgroup]
2026-10-10T04:48:41.8724961Z TANDEMLOG_FIRST_FRAME_MS=10
2026-10-10T04:48:42.1619289Z TANDEMLOG_PHASE identity_lock=0
2026-10-10T04:48:42.1754400Z TANDEMLOG_PHASE sqlite_open_schema=13
2026-10-10T04:48:42.1859085Z TANDEMLOG_PHASE manifest=10
2026-10-10T04:48:42.2066080Z TANDEMLOG_PHASE ingest=20
2026-10-10T04:48:42.2243639Z TANDEMLOG_ROWS {"query_ms":0,"decode_ms":0,"sort_ms":0}
2026-10-10T04:48:42.2633272Z TANDEMLOG_READY_MS=399 FILES_READ=1
2026-10-10T04:48:44.6715294Z TANDEMLOG_FIRST_FRAME_MS=10
2026-10-10T04:48:44.6884501Z TANDEMLOG_PHASE identity_lock=0
2026-10-10T04:48:44.7170104Z TANDEMLOG_PHASE sqlite_open_schema=28
2026-10-10T04:48:44.7304496Z TANDEMLOG_PHASE manifest=13
2026-10-10T04:48:44.7539234Z TANDEMLOG_PHASE ingest=23
2026-10-10T04:48:44.7816016Z TANDEMLOG_ROWS {"query_ms":0,"decode_ms":0,"sort_ms":0}
2026-10-10T04:48:44.8331076Z TANDEMLOG_READY_MS=170 FILES_READ=2
2026-10-10T04:48:45.0034738Z ##[group]✅ Passing tests
2026-10-10T04:48:45.0035747Z ✅ application disposal during item Save confirmed preserves durable intent
2026-10-10T04:48:45.5731095Z ##[endgroup]
2026-10-10T04:48:45.5731317Z TANDEMLOG_FIRST_FRAME_MS=10
2026-10-10T04:48:46.1535231Z TANDEMLOG_PHASE identity_lock=0
2026-10-10T04:48:46.2259460Z TANDEMLOG_PHASE sqlite_open_schema=72
2026-10-10T04:48:46.2793793Z TANDEMLOG_PHASE manifest=53
2026-10-10T04:48:46.3157194Z TANDEMLOG_PHASE ingest=36
2026-10-10T04:48:46.3347691Z TANDEMLOG_ROWS {"query_ms":0,"decode_ms":0,"sort_ms":0}
2026-10-10T04:48:46.3785759Z TANDEMLOG_READY_MS=815 FILES_READ=2
2026-10-10T04:48:48.7884654Z TANDEMLOG_FIRST_FRAME_MS=10
2026-10-10T04:48:48.8061690Z TANDEMLOG_PHASE identity_lock=0
2026-10-10T04:48:48.8330528Z TANDEMLOG_PHASE sqlite_open_schema=26
2026-10-10T04:48:48.8448046Z TANDEMLOG_PHASE manifest=11
2026-10-10T04:48:48.8762532Z TANDEMLOG_PHASE ingest=31
2026-10-10T04:48:48.9037146Z TANDEMLOG_ROWS {"query_ms":0,"decode_ms":0,"sort_ms":0}
2026-10-10T04:48:48.9523687Z TANDEMLOG_READY_MS=172 FILES_READ=2
2026-10-10T04:48:49.2320022Z ##[group]✅ Passing tests
2026-10-10T04:48:49.2320428Z ✅ application disposal during item Save unknown preserves durable intent
2026-10-10T04:48:49.7548165Z ##[endgroup]
2026-10-10T04:48:49.7548401Z TANDEMLOG_FIRST_FRAME_MS=9
2026-10-10T04:48:50.0942598Z TANDEMLOG_PHASE identity_lock=0
2026-10-10T04:48:50.1076671Z TANDEMLOG_PHASE sqlite_open_schema=13
2026-10-10T04:48:50.1185309Z TANDEMLOG_PHASE manifest=10
2026-10-10T04:48:50.1421323Z TANDEMLOG_PHASE ingest=23
2026-10-10T04:48:50.1815849Z TANDEMLOG_ROWS {"query_ms":0,"decode_ms":0,"sort_ms":0}
2026-10-10T04:48:50.2785057Z TANDEMLOG_READY_MS=532 FILES_READ=1
2026-10-10T04:48:51.4705252Z ##[group]✅ Passing tests
2026-10-10T04:48:51.4705831Z ✅ application disposal finishes item route ownership teardown
2026-10-10T04:48:51.7543783Z ##[endgroup]
2026-10-10T04:48:51.7544091Z TANDEMLOG_FIRST_FRAME_MS=9
2026-10-10T04:48:51.9807340Z TANDEMLOG_PHASE identity_lock=0
2026-10-10T04:48:51.9937872Z TANDEMLOG_PHASE sqlite_open_schema=13
2026-10-10T04:48:52.0042192Z TANDEMLOG_PHASE manifest=10
2026-10-10T04:48:52.0409413Z TANDEMLOG_PHASE ingest=35
2026-10-10T04:48:52.0674037Z TANDEMLOG_ROWS {"query_ms":0,"decode_ms":0,"sort_ms":0}
2026-10-10T04:48:52.1432914Z TANDEMLOG_READY_MS=398 FILES_READ=2
2026-10-10T04:48:55.4124114Z ##[group]✅ Passing tests
2026-10-10T04:48:55.4124499Z ✅ new item late acknowledgement remains frozen until exact Retry Save
2026-10-10T04:48:55.8544275Z ##[endgroup]
2026-10-10T04:48:55.8544495Z TANDEMLOG_FIRST_FRAME_MS=9
2026-10-10T04:48:56.1504733Z TANDEMLOG_PHASE identity_lock=0
2026-10-10T04:48:56.1635900Z TANDEMLOG_PHASE sqlite_open_schema=13
2026-10-10T04:48:56.1743160Z TANDEMLOG_PHASE manifest=10
2026-10-10T04:48:56.1953955Z TANDEMLOG_PHASE ingest=20
2026-10-10T04:48:56.2144509Z TANDEMLOG_ROWS {"query_ms":0,"decode_ms":0,"sort_ms":0}
2026-10-10T04:48:56.2470221Z TANDEMLOG_READY_MS=402 FILES_READ=1
2026-10-10T04:48:59.4127856Z ##[group]✅ Passing tests
2026-10-10T04:48:59.4128372Z ✅ task Undo waits for item route and native lease teardown once
2026-10-10T04:49:00.2053367Z ##[endgroup]
2026-10-10T04:49:00.2053616Z TANDEMLOG_FIRST_FRAME_MS=10
2026-10-10T04:49:00.4430782Z TANDEMLOG_PHASE identity_lock=0
2026-10-10T04:49:00.4581667Z TANDEMLOG_PHASE sqlite_open_schema=14
2026-10-10T04:49:00.4919786Z TANDEMLOG_PHASE manifest=32
2026-10-10T04:49:00.5184610Z TANDEMLOG_PHASE ingest=26
2026-10-10T04:49:00.5414430Z TANDEMLOG_ROWS {"query_ms":0,"decode_ms":0,"sort_ms":0}
2026-10-10T04:49:00.6125830Z TANDEMLOG_READY_MS=417 FILES_READ=2
2026-10-10T04:49:02.8358679Z ##[group]✅ Passing tests
2026-10-10T04:49:02.8359026Z ✅ user switch waits only for item Save and route teardown
2026-10-10T04:49:03.5044756Z ##[endgroup]
2026-10-10T04:49:03.7534249Z TANDEMLOG_FIRST_FRAME_MS=9
2026-10-10T04:49:03.7534622Z TANDEMLOG_PHASE identity_lock=0
2026-10-10T04:49:03.7783139Z TANDEMLOG_PHASE sqlite_open_schema=24
2026-10-10T04:49:03.7890883Z TANDEMLOG_PHASE manifest=10
2026-10-10T04:49:03.8100461Z TANDEMLOG_PHASE ingest=20
2026-10-10T04:49:03.8278513Z TANDEMLOG_ROWS {"query_ms":0,"decode_ms":0,"sort_ms":0}
2026-10-10T04:49:03.8957942Z TANDEMLOG_READY_MS=401 FILES_READ=2
2026-10-10T04:49:06.2628296Z ##[group]✅ Passing tests
2026-10-10T04:49:06.2628644Z ✅ user switch saves private item before changing identity
2026-10-10T04:49:06.6383482Z ##[endgroup]
2026-10-10T04:49:06.6383696Z TANDEMLOG_FIRST_FRAME_MS=9
2026-10-10T04:49:06.8709465Z TANDEMLOG_PHASE identity_lock=0
2026-10-10T04:49:06.8858065Z TANDEMLOG_PHASE sqlite_open_schema=14
2026-10-10T04:49:06.8981460Z TANDEMLOG_PHASE manifest=12
2026-10-10T04:49:06.9199588Z TANDEMLOG_PHASE ingest=21
2026-10-10T04:49:06.9468692Z TANDEMLOG_ROWS {"query_ms":0,"decode_ms":0,"sort_ms":0}
2026-10-10T04:49:07.0404179Z TANDEMLOG_READY_MS=411 FILES_READ=1
2026-10-10T04:49:11.3467601Z ##[group]✅ Passing tests
2026-10-10T04:49:11.3468067Z ✅ native bulk named apply persists only Due time desktop-dark
2026-10-10T04:49:11.9046748Z ##[endgroup]
2026-10-10T04:49:11.9046965Z TANDEMLOG_FIRST_FRAME_MS=9
2026-10-10T04:49:12.1767428Z TANDEMLOG_PHASE identity_lock=0
2026-10-10T04:49:12.1903704Z TANDEMLOG_PHASE sqlite_open_schema=13
2026-10-10T04:49:12.2012371Z TANDEMLOG_PHASE manifest=10
2026-10-10T04:49:12.2227382Z TANDEMLOG_PHASE ingest=21
2026-10-10T04:49:12.2495694Z TANDEMLOG_ROWS {"query_ms":0,"decode_ms":0,"sort_ms":0}
2026-10-10T04:49:12.2971449Z TANDEMLOG_READY_MS=401 FILES_READ=1
2026-10-10T04:49:16.6513051Z ##[group]✅ Passing tests
2026-10-10T04:49:16.6513855Z ✅ native bulk named apply persists only Due time narrow-light-200
2026-10-10T04:49:17.1052425Z ##[endgroup]
2026-10-10T04:49:17.1052648Z TANDEMLOG_FIRST_FRAME_MS=10
2026-10-10T04:49:17.4807066Z TANDEMLOG_PHASE identity_lock=0
2026-10-10T04:49:17.4945874Z TANDEMLOG_PHASE sqlite_open_schema=13
2026-10-10T04:49:17.5050403Z TANDEMLOG_PHASE manifest=10
2026-10-10T04:49:17.5260147Z TANDEMLOG_PHASE ingest=20
2026-10-10T04:49:17.5620375Z TANDEMLOG_ROWS {"query_ms":0,"decode_ms":0,"sort_ms":0}
2026-10-10T04:49:17.6765586Z TANDEMLOG_READY_MS=581 FILES_READ=1
2026-10-10T04:49:22.2989636Z ##[group]✅ Passing tests
2026-10-10T04:49:22.2990205Z ✅ native field spacing 1200.0/1.0
2026-10-10T04:49:22.8043366Z ##[endgroup]
2026-10-10T04:49:22.8043583Z TANDEMLOG_FIRST_FRAME_MS=9
2026-10-10T04:49:23.2793045Z TANDEMLOG_PHASE identity_lock=0
2026-10-10T04:49:23.2928859Z TANDEMLOG_PHASE sqlite_open_schema=13
2026-10-10T04:49:23.3037215Z TANDEMLOG_PHASE manifest=10
2026-10-10T04:49:23.3258156Z TANDEMLOG_PHASE ingest=21
2026-10-10T04:49:23.3627401Z TANDEMLOG_ROWS {"query_ms":0,"decode_ms":0,"sort_ms":0}
2026-10-10T04:49:23.4606569Z TANDEMLOG_READY_MS=665 FILES_READ=1
2026-10-10T04:49:28.0995011Z ##[group]✅ Passing tests
2026-10-10T04:49:28.0995307Z ✅ native field spacing 390.0/1.0
2026-10-10T04:49:28.4883997Z ##[endgroup]
2026-10-10T04:49:28.4884607Z TANDEMLOG_FIRST_FRAME_MS=10
2026-10-10T04:49:28.7207340Z TANDEMLOG_PHASE identity_lock=0
2026-10-10T04:49:28.7341811Z TANDEMLOG_PHASE sqlite_open_schema=13
2026-10-10T04:49:28.7540140Z TANDEMLOG_PHASE manifest=19
2026-10-10T04:49:28.7744287Z TANDEMLOG_PHASE ingest=20
2026-10-10T04:49:28.8092477Z TANDEMLOG_ROWS {"query_ms":0,"decode_ms":0,"sort_ms":0}
2026-10-10T04:49:28.8747945Z TANDEMLOG_READY_MS=396 FILES_READ=1
2026-10-10T04:49:33.8317695Z ##[group]✅ Passing tests
2026-10-10T04:49:33.8318004Z ✅ native field spacing 390.0/2.0
2026-10-10T04:49:34.8375702Z ##[endgroup]
2026-10-10T04:49:34.8375918Z TANDEMLOG_FIRST_FRAME_MS=9
2026-10-10T04:49:35.1907268Z TANDEMLOG_PHASE identity_lock=0
2026-10-10T04:49:35.2038479Z TANDEMLOG_PHASE sqlite_open_schema=13
2026-10-10T04:49:35.2143913Z TANDEMLOG_PHASE manifest=10
2026-10-10T04:49:35.2380227Z TANDEMLOG_PHASE ingest=23
2026-10-10T04:49:35.2647058Z TANDEMLOG_ROWS {"query_ms":0,"decode_ms":0,"sort_ms":0}
2026-10-10T04:49:35.3160865Z TANDEMLOG_READY_MS=488 FILES_READ=1
2026-10-10T04:49:51.7820009Z ##[group]✅ Passing tests
2026-10-10T04:49:51.7820340Z ✅ shared tag editing and filtering desktop-dark
2026-10-10T04:49:52.6217841Z ##[endgroup]
2026-10-10T04:49:52.8674144Z TANDEMLOG_FIRST_FRAME_MS=10
2026-10-10T04:49:52.8674439Z TANDEMLOG_PHASE identity_lock=0
2026-10-10T04:49:52.8900968Z TANDEMLOG_PHASE sqlite_open_schema=22
2026-10-10T04:49:52.9006473Z TANDEMLOG_PHASE manifest=10
2026-10-10T04:49:52.9294552Z TANDEMLOG_PHASE ingest=28
2026-10-10T04:49:53.0214051Z TANDEMLOG_ROWS {"query_ms":0,"decode_ms":0,"sort_ms":0}
2026-10-10T04:49:53.0498441Z TANDEMLOG_READY_MS=438 FILES_READ=1
2026-10-10T04:50:10.5323291Z ##[group]✅ Passing tests
2026-10-10T04:50:10.5323748Z ✅ shared tag editing and filtering narrow-dark
2026-10-10T04:50:11.6564249Z ##[endgroup]
2026-10-10T04:50:11.6564494Z TANDEMLOG_FIRST_FRAME_MS=11
2026-10-10T04:50:11.9066644Z TANDEMLOG_PHASE identity_lock=0
2026-10-10T04:50:11.9299163Z TANDEMLOG_PHASE sqlite_open_schema=23
2026-10-10T04:50:11.9406763Z TANDEMLOG_PHASE manifest=10
2026-10-10T04:50:11.9640259Z TANDEMLOG_PHASE ingest=23
2026-10-10T04:50:11.9984951Z TANDEMLOG_ROWS {"query_ms":0,"decode_ms":0,"sort_ms":0}
2026-10-10T04:50:12.0574643Z TANDEMLOG_READY_MS=412 FILES_READ=1
2026-10-10T04:50:31.5645550Z ##[group]✅ Passing tests
2026-10-10T04:50:31.5645893Z ✅ shared tag editing and filtering narrow-light-200
2026-10-10T04:50:31.8045610Z ##[endgroup]
2026-10-10T04:50:31.8045825Z TANDEMLOG_FIRST_FRAME_MS=10
2026-10-10T04:50:32.0011688Z TANDEMLOG_PHASE identity_lock=0
2026-10-10T04:50:32.0123899Z TANDEMLOG_PHASE sqlite_open_schema=11
2026-10-10T04:50:32.0237782Z TANDEMLOG_PHASE manifest=11
2026-10-10T04:50:32.0368759Z TANDEMLOG_PHASE ingest=13
2026-10-10T04:50:32.0512317Z TANDEMLOG_ROWS {"query_ms":0,"decode_ms":0,"sort_ms":0}
2026-10-10T04:50:32.0792364Z TANDEMLOG_READY_MS=284 FILES_READ=1
2026-10-10T04:50:34.0797347Z ##[group]✅ Passing tests
2026-10-10T04:50:34.0797953Z ✅ queued task capture cannot append after reconciliation discovers shared authority loss
2026-10-10T04:50:34.3538015Z ##[endgroup]
2026-10-10T04:50:34.3538231Z TANDEMLOG_FIRST_FRAME_MS=9
2026-10-10T04:50:34.7680007Z TANDEMLOG_PHASE identity_lock=0
2026-10-10T04:50:34.7814031Z TANDEMLOG_PHASE sqlite_open_schema=13
2026-10-10T04:50:34.7918226Z TANDEMLOG_PHASE manifest=10
2026-10-10T04:50:34.8188859Z TANDEMLOG_PHASE ingest=26
2026-10-10T04:50:34.8409667Z TANDEMLOG_ROWS {"query_ms":0,"decode_ms":0,"sort_ms":0}
2026-10-10T04:50:34.9430542Z TANDEMLOG_READY_MS=598 FILES_READ=2
2026-10-10T04:50:37.0792996Z ##[group]✅ Passing tests
2026-10-10T04:50:37.0793424Z ✅ shared recovery retains private task editor draft and rejects a retained Save
2026-10-10T04:50:37.4044658Z ##[endgroup]
2026-10-10T04:50:37.4044907Z TANDEMLOG_FIRST_FRAME_MS=9
2026-10-10T04:50:37.6803346Z TANDEMLOG_PHASE identity_lock=0
2026-10-10T04:50:37.7023752Z TANDEMLOG_PHASE sqlite_open_schema=21
2026-10-10T04:50:37.7181695Z TANDEMLOG_PHASE manifest=15
2026-10-10T04:50:37.7376197Z TANDEMLOG_PHASE ingest=19
2026-10-10T04:50:37.7637354Z TANDEMLOG_ROWS {"query_ms":0,"decode_ms":0,"sort_ms":0}
2026-10-10T04:50:37.8260635Z TANDEMLOG_READY_MS=431 FILES_READ=2
2026-10-10T04:50:41.3629443Z ##[group]✅ Passing tests
2026-10-10T04:50:41.3630058Z ✅ restored exact manifest resumes the same draft after guarded repeated Retry
2026-10-10T04:50:41.6552612Z ##[endgroup]
2026-10-10T04:50:41.6552835Z TANDEMLOG_FIRST_FRAME_MS=10
2026-10-10T04:50:41.9454741Z TANDEMLOG_PHASE identity_lock=0
2026-10-10T04:50:41.9600695Z TANDEMLOG_PHASE sqlite_open_schema=14
2026-10-10T04:50:41.9720368Z TANDEMLOG_PHASE manifest=11
2026-10-10T04:50:41.9934912Z TANDEMLOG_PHASE ingest=21
2026-10-10T04:50:42.0580562Z TANDEMLOG_ROWS {"query_ms":0,"decode_ms":0,"sort_ms":0}
2026-10-10T04:50:42.1432260Z TANDEMLOG_READY_MS=498 FILES_READ=1
2026-10-10T04:50:44.4627562Z ##[group]✅ Passing tests
2026-10-10T04:50:44.4628087Z ✅ isolated Food startup failure keeps Tasks writable and retries only Food
2026-10-10T04:50:44.7221202Z ##[endgroup]
2026-10-10T04:50:44.7221412Z TANDEMLOG_FIRST_FRAME_MS=10
2026-10-10T04:50:44.9265401Z TANDEMLOG_PHASE identity_lock=0
2026-10-10T04:50:44.9399601Z TANDEMLOG_PHASE sqlite_open_schema=13
2026-10-10T04:50:44.9483765Z TANDEMLOG_PHASE manifest=8
2026-10-10T04:50:44.9658437Z TANDEMLOG_PHASE ingest=17
2026-10-10T04:50:44.9965726Z TANDEMLOG_ROWS {"query_ms":0,"decode_ms":0,"sort_ms":0}
2026-10-10T04:50:45.1096136Z TANDEMLOG_READY_MS=397 FILES_READ=1
2026-10-10T04:50:49.3881948Z TANDEMLOG_FIRST_FRAME_MS=9
2026-10-10T04:50:49.3962667Z TANDEMLOG_PHASE identity_lock=0
2026-10-10T04:50:49.4168357Z TANDEMLOG_PHASE sqlite_open_schema=20
2026-10-10T04:50:49.4282825Z TANDEMLOG_PHASE manifest=11
2026-10-10T04:50:49.4394488Z TANDEMLOG_PHASE ingest=11
2026-10-10T04:50:49.4795258Z TANDEMLOG_ROWS {"query_ms":0,"decode_ms":0,"sort_ms":0}
2026-10-10T04:50:49.5645244Z TANDEMLOG_READY_MS=186 FILES_READ=0
2026-10-10T04:50:52.4127639Z ##[group]✅ Passing tests
2026-10-10T04:50:52.4128157Z ✅ production Food navigation persists Deleted and restores after restart
2026-10-10T04:50:53.0919505Z ##[endgroup]
2026-10-10T04:50:53.0920019Z TANDEMLOG_FIRST_FRAME_MS=13
2026-10-10T04:50:53.3948400Z TANDEMLOG_PHASE identity_lock=0
2026-10-10T04:50:53.4735829Z TANDEMLOG_PHASE sqlite_open_schema=78
2026-10-10T04:50:53.4949477Z TANDEMLOG_PHASE manifest=21
2026-10-10T04:50:53.5166778Z TANDEMLOG_PHASE ingest=21
2026-10-10T04:50:53.5440787Z TANDEMLOG_ROWS {"query_ms":0,"decode_ms":0,"sort_ms":0}
2026-10-10T04:50:53.6168997Z TANDEMLOG_READY_MS=537 FILES_READ=1
2026-10-10T04:51:27.6321879Z ##[group]✅ Passing tests
2026-10-10T04:51:27.6322244Z ✅ phone single and bulk editors keep fields usable with the IME
2026-10-10T04:51:28.0217437Z ##[endgroup]
2026-10-10T04:51:28.0217734Z TANDEMLOG_FIRST_FRAME_MS=10
2026-10-10T04:51:28.2910357Z TANDEMLOG_PHASE identity_lock=0
2026-10-10T04:51:28.3040492Z TANDEMLOG_PHASE sqlite_open_schema=13
2026-10-10T04:51:28.3144260Z TANDEMLOG_PHASE manifest=10
2026-10-10T04:51:28.3347936Z TANDEMLOG_PHASE ingest=20
2026-10-10T04:51:28.3728946Z TANDEMLOG_ROWS {"query_ms":0,"decode_ms":0,"sort_ms":0}
2026-10-10T04:51:28.4949216Z TANDEMLOG_READY_MS=481 FILES_READ=1
2026-10-10T04:51:35.7386620Z TANDEMLOG_FIRST_FRAME_MS=10
2026-10-10T04:51:35.7549935Z TANDEMLOG_PHASE identity_lock=0
2026-10-10T04:51:35.7646184Z TANDEMLOG_PHASE sqlite_open_schema=9
2026-10-10T04:51:35.7750448Z TANDEMLOG_PHASE manifest=10
2026-10-10T04:51:35.7848958Z TANDEMLOG_PHASE ingest=9
2026-10-10T04:51:35.8193647Z TANDEMLOG_ROWS {"query_ms":0,"decode_ms":0,"sort_ms":0}
2026-10-10T04:51:35.8827561Z TANDEMLOG_READY_MS=153 FILES_READ=0
2026-10-10T04:51:44.7005676Z ##[group]✅ Passing tests
2026-10-10T04:51:44.7006034Z ✅ phone tag dropdown stays tappable above an open keyboard
2026-10-10T04:51:46.3721911Z ##[endgroup]
2026-10-10T04:51:46.3722185Z TANDEMLOG_FIRST_FRAME_MS=9
2026-10-10T04:51:46.6671887Z TANDEMLOG_PHASE identity_lock=0
2026-10-10T04:51:46.6798854Z TANDEMLOG_PHASE sqlite_open_schema=12
2026-10-10T04:51:46.6902794Z TANDEMLOG_PHASE manifest=10
2026-10-10T04:51:46.7201777Z TANDEMLOG_PHASE ingest=29
2026-10-10T04:51:46.7550108Z TANDEMLOG_ROWS {"query_ms":0,"decode_ms":0,"sort_ms":0}
2026-10-10T04:51:46.8510646Z TANDEMLOG_READY_MS=488 FILES_READ=1
2026-10-10T04:52:21.2909343Z ##[group]✅ Passing tests
2026-10-10T04:52:21.2910447Z ✅ multi-tag selection bulk editing deletion and guarded editor sessions
2026-10-10T04:52:22.9711050Z ##[endgroup]
2026-10-10T04:52:22.9711268Z TANDEMLOG_FIRST_FRAME_MS=10
2026-10-10T04:52:23.3830197Z TANDEMLOG_PHASE identity_lock=0
2026-10-10T04:52:23.3968172Z TANDEMLOG_PHASE sqlite_open_schema=13
2026-10-10T04:52:23.4075039Z TANDEMLOG_PHASE manifest=10
2026-10-10T04:52:23.4334324Z TANDEMLOG_PHASE ingest=25
2026-10-10T04:52:23.4607733Z TANDEMLOG_ROWS {"query_ms":0,"decode_ms":0,"sort_ms":0}
2026-10-10T04:52:23.4972159Z TANDEMLOG_READY_MS=536 FILES_READ=1
2026-10-10T04:52:33.0203002Z ##[group]✅ Passing tests
2026-10-10T04:52:33.0203395Z ✅ workspace search preserves filters drafts and completion sections
2026-10-10T04:52:33.0714362Z ##[endgroup]
2026-10-10T04:52:33.0714664Z TANDEMLOG_FIRST_FRAME_MS=10
2026-10-10T04:52:33.6216488Z TANDEMLOG_FIRST_FRAME_MS=9
2026-10-10T04:52:33.6373137Z TANDEMLOG_PHASE identity_lock=0
2026-10-10T04:52:33.7160712Z TANDEMLOG_PHASE sqlite_open_schema=78
2026-10-10T04:52:33.7293696Z TANDEMLOG_PHASE manifest=13
2026-10-10T04:52:33.7453840Z TANDEMLOG_PHASE ingest=15
2026-10-10T04:52:33.7826230Z TANDEMLOG_ROWS {"query_ms":0,"decode_ms":0,"sort_ms":0}
2026-10-10T04:52:33.8885897Z TANDEMLOG_ONBOARDING_READY_MS=275 FILES_READ=0
2026-10-10T04:52:51.3379791Z TANDEMLOG_FIRST_FRAME_MS=9
2026-10-10T04:52:51.3537279Z TANDEMLOG_PHASE identity_lock=0
2026-10-10T04:52:51.3784080Z TANDEMLOG_PHASE sqlite_open_schema=24
2026-10-10T04:52:51.3884342Z TANDEMLOG_PHASE manifest=10
2026-10-10T04:52:51.3985178Z TANDEMLOG_PHASE ingest=10
2026-10-10T04:52:51.4260009Z TANDEMLOG_ROWS {"query_ms":0,"decode_ms":0,"sort_ms":0}
2026-10-10T04:52:51.4970387Z TANDEMLOG_READY_MS=169 FILES_READ=0
2026-10-10T04:52:54.0529793Z ##[group]✅ Passing tests
2026-10-10T04:52:54.0530414Z ✅ native capture, edit, completion, undo, restart and error recovery
2026-10-10T04:52:54.0891969Z ##[endgroup]
2026-10-10T04:52:54.0892201Z TANDEMLOG_FIRST_FRAME_MS=10
2026-10-10T04:52:54.5945053Z TANDEMLOG_ONBOARDING_READY_MS=515 FILES_READ=0
2026-10-10T04:52:58.2394291Z TANDEMLOG_FIRST_FRAME_MS=9
2026-10-10T04:52:58.3638674Z TANDEMLOG_ONBOARDING_READY_MS=134 FILES_READ=0
2026-10-10T04:53:09.6883613Z TANDEMLOG_FIRST_FRAME_MS=9
2026-10-10T04:53:09.7006724Z TANDEMLOG_PHASE identity_lock=0
2026-10-10T04:53:09.7170369Z TANDEMLOG_PHASE sqlite_open_schema=16
2026-10-10T04:53:09.7274388Z TANDEMLOG_PHASE manifest=10
2026-10-10T04:53:09.7382258Z TANDEMLOG_PHASE ingest=10
2026-10-10T04:53:09.7733870Z TANDEMLOG_ROWS {"query_ms":0,"decode_ms":0,"sort_ms":0}
2026-10-10T04:53:09.8098896Z TANDEMLOG_READY_MS=129 FILES_READ=0
2026-10-10T04:53:10.4359105Z ##[group]✅ desktop onboarding, live theme, inline retry and folder actions
2026-10-10T04:53:10.4359973Z TANDEMLOG_PHASE identity_lock=0
2026-10-10T04:53:10.4360454Z TANDEMLOG_PHASE sqlite_open_schema=89
2026-10-10T04:53:10.4360801Z TANDEMLOG_PHASE manifest=50
2026-10-10T04:53:10.4361059Z TANDEMLOG_PHASE ingest=11
2026-10-10T04:53:10.4361351Z TANDEMLOG_ROWS {"query_ms":0,"decode_ms":0,"sort_ms":0}
2026-10-10T04:53:10.4361724Z TANDEMLOG_PHASE identity_lock=0
2026-10-10T04:53:10.4362167Z ##[endgroup]
2026-10-10T04:53:10.7876631Z TANDEMLOG_FIRST_FRAME_MS=9
2026-10-10T04:53:11.2127844Z TANDEMLOG_PHASE identity_lock=0
2026-10-10T04:53:11.2263816Z TANDEMLOG_PHASE sqlite_open_schema=13
2026-10-10T04:53:11.2369340Z TANDEMLOG_PHASE manifest=10
2026-10-10T04:53:11.2554198Z TANDEMLOG_PHASE ingest=18
2026-10-10T04:53:11.2870397Z TANDEMLOG_ROWS {"query_ms":0,"decode_ms":0,"sort_ms":0}
2026-10-10T04:53:11.3227637Z TANDEMLOG_READY_MS=543 FILES_READ=1
2026-10-10T04:53:19.9735985Z ##[group]✅ Passing tests
2026-10-10T04:53:19.9736425Z ✅ explicit Add finalizes composing drafts once while Enter leaves IME candidates alone
2026-10-10T04:53:20.6590961Z ##[endgroup]
2026-10-10T04:53:20.6591271Z TANDEMLOG_FIRST_FRAME_MS=14
2026-10-10T04:53:20.9236045Z TANDEMLOG_PHASE identity_lock=0
2026-10-10T04:53:20.9361858Z TANDEMLOG_PHASE sqlite_open_schema=12
2026-10-10T04:53:20.9467511Z TANDEMLOG_PHASE manifest=10
2026-10-10T04:53:20.9672423Z TANDEMLOG_PHASE ingest=20
2026-10-10T04:53:20.9953514Z TANDEMLOG_ROWS {"query_ms":0,"decode_ms":0,"sort_ms":0}
2026-10-10T04:53:21.0290533Z TANDEMLOG_READY_MS=382 FILES_READ=1
2026-10-10T04:53:31.4325952Z ##[group]✅ Passing tests
2026-10-10T04:53:31.4326369Z ✅ automatic imports preserve edit/capture buffers and keyboard submission
2026-10-10T04:53:31.8377350Z ##[endgroup]
2026-10-10T04:53:31.8377573Z TANDEMLOG_FIRST_FRAME_MS=9
2026-10-10T04:53:31.9613405Z TANDEMLOG_ONBOARDING_READY_MS=133 FILES_READ=0
2026-10-10T04:53:32.9549042Z TANDEMLOG_FIRST_FRAME_MS=10
2026-10-10T04:53:32.9684415Z TANDEMLOG_PHASE identity_lock=0
2026-10-10T04:53:32.9783258Z TANDEMLOG_PHASE sqlite_open_schema=9
2026-10-10T04:53:33.1198222Z TANDEMLOG_PHASE manifest=141
2026-10-10T04:53:33.1494253Z TANDEMLOG_PHASE ingest=29
2026-10-10T04:53:33.1756126Z TANDEMLOG_ROWS {"query_ms":0,"decode_ms":0,"sort_ms":0}
2026-10-10T04:53:33.2657067Z TANDEMLOG_READY_MS=314 FILES_READ=0
2026-10-10T04:53:33.5362769Z ##[group]✅ desktop Start retains legacy default data after settings reset
2026-10-10T04:53:33.5363174Z TANDEMLOG_PHASE identity_lock=0
2026-10-10T04:53:33.5363404Z TANDEMLOG_PHASE sqlite_open_schema=33
2026-10-10T04:53:33.5363629Z TANDEMLOG_PHASE manifest=10
2026-10-10T04:53:33.5363817Z TANDEMLOG_PHASE ingest=21
2026-10-10T04:53:33.5364033Z TANDEMLOG_ROWS {"query_ms":0,"decode_ms":0,"sort_ms":0}
2026-10-10T04:53:33.5364390Z ##[endgroup]
2026-10-10T04:53:33.5907671Z TANDEMLOG_FIRST_FRAME_MS=12
2026-10-10T04:53:34.1082354Z TANDEMLOG_PHASE identity_lock=0
2026-10-10T04:53:35.0357009Z ##[group]✅ missing saved workspace does not silently create a default
2026-10-10T04:53:35.0357520Z TANDEMLOG_PHASE identity_lock=0
2026-10-10T04:53:35.0359260Z ##[endgroup]
2026-10-10T04:53:35.0741717Z TANDEMLOG_FIRST_FRAME_MS=12
2026-10-10T04:53:35.4777591Z TANDEMLOG_ONBOARDING_READY_MS=415 FILES_READ=0
2026-10-10T04:53:36.3191819Z ##[group]✅ Passing tests
2026-10-10T04:53:36.3192209Z ✅ Android Start keeps picker and cancel creates no private workspace
2026-10-10T04:53:36.5216146Z ##[endgroup]
2026-10-10T04:53:36.5216382Z TANDEMLOG_FIRST_FRAME_MS=10
2026-10-10T04:53:37.0121606Z TANDEMLOG_PHASE identity_lock=0
2026-10-10T04:53:37.0253165Z TANDEMLOG_PHASE sqlite_open_schema=13
2026-10-10T04:53:37.0358495Z TANDEMLOG_PHASE manifest=10
2026-10-10T04:53:37.0542486Z TANDEMLOG_PHASE ingest=18
2026-10-10T04:53:37.0812832Z TANDEMLOG_ROWS {"query_ms":0,"decode_ms":0,"sort_ms":0}
2026-10-10T04:53:37.1074008Z TANDEMLOG_READY_MS=594 FILES_READ=1
2026-10-10T04:53:42.7026455Z ##[group]✅ Passing tests
2026-10-10T04:53:42.7026809Z ✅ Shift+Enter reveals caret before any further input
2026-10-10T04:53:44.4888973Z ##[endgroup]
2026-10-10T04:53:44.4889273Z TANDEMLOG_FIRST_FRAME_MS=10
2026-10-10T04:53:44.7495022Z TANDEMLOG_PHASE identity_lock=0
2026-10-10T04:53:44.7632121Z TANDEMLOG_PHASE sqlite_open_schema=13
2026-10-10T04:53:44.7742286Z TANDEMLOG_PHASE manifest=10
2026-10-10T04:53:44.8019192Z TANDEMLOG_PHASE ingest=27
2026-10-10T04:53:44.8293007Z TANDEMLOG_ROWS {"query_ms":0,"decode_ms":0,"sort_ms":0}
2026-10-10T04:53:44.8677915Z TANDEMLOG_READY_MS=389 FILES_READ=1
2026-10-10T04:53:54.5866027Z ##[group]✅ Passing tests
2026-10-10T04:53:54.5866570Z ✅ compact filters compose reopen reset and keep identity separate
2026-10-10T04:53:56.0559267Z ##[endgroup]
2026-10-10T04:53:56.0559572Z TANDEMLOG_FIRST_FRAME_MS=10
2026-10-10T04:53:56.3426419Z TANDEMLOG_PHASE identity_lock=0
2026-10-10T04:53:56.3560042Z TANDEMLOG_PHASE sqlite_open_schema=13
2026-10-10T04:53:56.3665347Z TANDEMLOG_PHASE manifest=10
2026-10-10T04:53:56.3971430Z TANDEMLOG_PHASE ingest=30
2026-10-10T04:53:56.4340623Z TANDEMLOG_ROWS {"query_ms":0,"decode_ms":0,"sort_ms":0}
2026-10-10T04:53:56.5456581Z TANDEMLOG_READY_MS=498 FILES_READ=1
2026-10-10T04:54:06.8737058Z ##[group]✅ Passing tests
2026-10-10T04:54:06.8737937Z ✅ bounded tag search and responsive task metadata remain readable
2026-10-10T04:56:16.5549615Z ##[endgroup]
2026-10-10T04:56:16.5549966Z TANDEMLOG_FIRST_FRAME_MS=9
2026-10-10T04:56:16.8327619Z TANDEMLOG_PHASE identity_lock=0
2026-10-10T04:56:16.8458621Z TANDEMLOG_PHASE sqlite_open_schema=13
2026-10-10T04:56:16.8569169Z TANDEMLOG_PHASE manifest=10
2026-10-10T04:56:17.9026307Z TANDEMLOG_PHASE ingest=1045
2026-10-10T04:56:17.9574771Z TANDEMLOG_ROWS {"query_ms":3,"decode_ms":11,"sort_ms":0}
2026-10-10T04:56:18.0993321Z TANDEMLOG_READY_MS=1554 FILES_READ=1
2026-10-10T04:56:40.7860675Z ##[group]✅ Passing tests
2026-10-10T04:56:40.7861138Z ✅ header controls stay fixed between open and completed tabs
2026-10-10T04:56:41.3054246Z ##[endgroup]
2026-10-10T04:56:41.3054467Z TANDEMLOG_FIRST_FRAME_MS=9
2026-10-10T04:56:41.7666184Z TANDEMLOG_PHASE identity_lock=0
2026-10-10T04:56:41.7799662Z TANDEMLOG_PHASE sqlite_open_schema=13
2026-10-10T04:56:41.7906465Z TANDEMLOG_PHASE manifest=10
2026-10-10T04:56:41.8109993Z TANDEMLOG_PHASE ingest=20
2026-10-10T04:56:41.8383560Z TANDEMLOG_ROWS {"query_ms":0,"decode_ms":0,"sort_ms":0}
2026-10-10T04:56:41.8662199Z TANDEMLOG_READY_MS=569 FILES_READ=1
2026-10-10T04:56:53.6891944Z ##[group]✅ Passing tests
2026-10-10T04:56:53.6892383Z ✅ dates, zones, tags and order with historical v3 recurrence compatibility
2026-10-10T04:56:53.9215612Z ##[endgroup]
2026-10-10T04:56:53.9215823Z TANDEMLOG_FIRST_FRAME_MS=9
2026-10-10T04:56:54.1791580Z TANDEMLOG_PHASE identity_lock=0
2026-10-10T04:56:54.1926233Z TANDEMLOG_PHASE sqlite_open_schema=13
2026-10-10T04:56:54.2031097Z TANDEMLOG_PHASE manifest=10
2026-10-10T04:56:54.2213228Z TANDEMLOG_PHASE ingest=17
2026-10-10T04:56:54.2481560Z TANDEMLOG_ROWS {"query_ms":0,"decode_ms":0,"sort_ms":0}
2026-10-10T04:56:54.2772262Z TANDEMLOG_READY_MS=363 FILES_READ=1
2026-10-10T04:56:54.9569745Z ##[group]✅ Passing tests
2026-10-10T04:56:54.9570385Z ✅ future event clock warns without blocking capture
2026-10-10T04:57:03.5379416Z ##[endgroup]
2026-10-10T04:57:03.5379740Z TANDEMLOG_FIRST_FRAME_MS=9
2026-10-10T04:57:04.0485211Z TANDEMLOG_PHASE identity_lock=0
2026-10-10T04:57:04.0632615Z TANDEMLOG_PHASE sqlite_open_schema=14
2026-10-10T04:57:04.0815818Z TANDEMLOG_PHASE manifest=18
2026-10-10T04:57:04.1468627Z TANDEMLOG_PHASE ingest=65
2026-10-10T04:57:04.1940997Z TANDEMLOG_ROWS {"query_ms":0,"decode_ms":0,"sort_ms":0}
2026-10-10T04:57:04.3572400Z TANDEMLOG_READY_MS=829 FILES_READ=1
2026-10-10T04:57:28.5697684Z TANDEMLOG_FIRST_FRAME_MS=9
2026-10-10T04:57:28.5840219Z TANDEMLOG_PHASE identity_lock=0
2026-10-10T04:57:28.5924353Z TANDEMLOG_PHASE sqlite_open_schema=8
2026-10-10T04:57:28.6036127Z TANDEMLOG_PHASE manifest=11
2026-10-10T04:57:28.6127260Z TANDEMLOG_PHASE ingest=9
2026-10-10T04:57:28.6397383Z TANDEMLOG_ROWS {"query_ms":0,"decode_ms":0,"sort_ms":0}
2026-10-10T04:57:28.7343622Z TANDEMLOG_READY_MS=174 FILES_READ=0
2026-10-10T04:57:29.0447287Z ##[group]✅ Passing tests
2026-10-10T04:57:29.0447873Z ✅ native tag filters preserve drafts and selected block drag scrolls offscreen
2026-10-10T04:57:30.6191492Z ##[endgroup]
2026-10-10T04:57:30.6191799Z TANDEMLOG_FIRST_FRAME_MS=8
2026-10-10T04:57:31.0371706Z TANDEMLOG_PHASE identity_lock=0
2026-10-10T04:57:31.0590330Z TANDEMLOG_PHASE sqlite_open_schema=21
2026-10-10T04:57:31.0654961Z TANDEMLOG_PHASE manifest=6
2026-10-10T04:57:31.0917740Z TANDEMLOG_PHASE ingest=25
2026-10-10T04:57:31.1125025Z TANDEMLOG_ROWS {"query_ms":0,"decode_ms":0,"sort_ms":0}
2026-10-10T04:57:31.1775181Z TANDEMLOG_READY_MS=565 FILES_READ=1
2026-10-10T04:57:42.1210940Z TANDEMLOG_FIRST_FRAME_MS=9
2026-10-10T04:57:42.1372461Z TANDEMLOG_PHASE identity_lock=0
2026-10-10T04:57:42.1481580Z TANDEMLOG_PHASE sqlite_open_schema=10
2026-10-10T04:57:42.1594064Z TANDEMLOG_PHASE manifest=11
2026-10-10T04:57:42.1706480Z TANDEMLOG_PHASE ingest=11
2026-10-10T04:57:42.1989786Z TANDEMLOG_ROWS {"query_ms":0,"decode_ms":0,"sort_ms":0}
2026-10-10T04:57:42.2623614Z TANDEMLOG_READY_MS=149 FILES_READ=0
2026-10-10T04:57:43.4896997Z ##[group]✅ Passing tests
2026-10-10T04:57:43.4897495Z ✅ native drag preserves hidden order and rejects other time buckets
2026-10-10T04:57:43.9535108Z ##[endgroup]
2026-10-10T04:57:43.9535335Z TANDEMLOG_FIRST_FRAME_MS=8
2026-10-10T04:57:44.3119206Z TANDEMLOG_PHASE identity_lock=0
2026-10-10T04:57:44.3430515Z TANDEMLOG_PHASE sqlite_open_schema=30
2026-10-10T04:57:44.3642206Z TANDEMLOG_PHASE manifest=20
2026-10-10T04:57:44.4184662Z TANDEMLOG_PHASE ingest=54
2026-10-10T04:57:44.4559804Z TANDEMLOG_ROWS {"query_ms":0,"decode_ms":0,"sort_ms":0}
2026-10-10T04:57:44.6243815Z TANDEMLOG_READY_MS=678 FILES_READ=1
2026-10-10T04:57:45.1516682Z ##[group]✅ Passing tests
2026-10-10T04:57:45.1517045Z ✅ loaded startup marker waits for a rendered time projection
2026-10-10T04:57:46.3202189Z ##[endgroup]
2026-10-10T04:57:46.3202406Z TANDEMLOG_FIRST_FRAME_MS=8
2026-10-10T04:57:47.0528114Z TANDEMLOG_PHASE identity_lock=0
2026-10-10T04:57:47.0753146Z TANDEMLOG_PHASE sqlite_open_schema=22
2026-10-10T04:57:47.0856574Z TANDEMLOG_PHASE manifest=10
2026-10-10T04:57:47.1119771Z TANDEMLOG_PHASE ingest=26
2026-10-10T04:57:47.1384351Z TANDEMLOG_ROWS {"query_ms":0,"decode_ms":0,"sort_ms":0}
2026-10-10T04:57:47.2008563Z TANDEMLOG_READY_MS=886 FILES_READ=1
2026-10-10T04:57:56.4564498Z ##[group]✅ Passing tests
2026-10-10T04:57:56.4565082Z ✅ timed task groups preserve drafts and editors without log writes
2026-10-10T04:57:56.7561693Z ##[endgroup]
2026-10-10T04:57:56.7562170Z TANDEMLOG_FIRST_FRAME_MS=11
2026-10-10T04:57:56.9976975Z TANDEMLOG_PHASE identity_lock=0
2026-10-10T04:57:57.0198547Z TANDEMLOG_PHASE sqlite_open_schema=21
2026-10-10T04:57:57.0300129Z TANDEMLOG_PHASE manifest=10
2026-10-10T04:57:57.0495190Z TANDEMLOG_PHASE ingest=19
2026-10-10T04:57:57.0761502Z TANDEMLOG_ROWS {"query_ms":0,"decode_ms":0,"sort_ms":0}
2026-10-10T04:57:57.1454530Z TANDEMLOG_READY_MS=400 FILES_READ=1
2026-10-10T04:59:01.3713533Z TANDEMLOG_FIRST_FRAME_MS=9
2026-10-10T04:59:01.3794440Z TANDEMLOG_PHASE identity_lock=0
2026-10-10T04:59:01.3984948Z TANDEMLOG_PHASE sqlite_open_schema=18
2026-10-10T04:59:01.4098854Z TANDEMLOG_PHASE manifest=11
2026-10-10T04:59:01.4207727Z TANDEMLOG_PHASE ingest=10
2026-10-10T04:59:01.4487307Z TANDEMLOG_ROWS {"query_ms":0,"decode_ms":0,"sort_ms":0}
2026-10-10T04:59:01.5381823Z TANDEMLOG_READY_MS=176 FILES_READ=0
2026-10-10T04:59:02.0327660Z ##[group]✅ Passing tests
2026-10-10T04:59:02.0328947Z ✅ session Undo survives notices, protects drafts and preserves newer synced edits
2026-10-10T04:59:02.3370246Z ##[endgroup]
2026-10-10T04:59:02.3370469Z TANDEMLOG_FIRST_FRAME_MS=9
2026-10-10T04:59:02.6196515Z TANDEMLOG_PHASE identity_lock=0
2026-10-10T04:59:02.6334268Z TANDEMLOG_PHASE sqlite_open_schema=13
2026-10-10T04:59:02.6440073Z TANDEMLOG_PHASE manifest=10
2026-10-10T04:59:02.6628381Z TANDEMLOG_PHASE ingest=18
2026-10-10T04:59:02.6889692Z TANDEMLOG_ROWS {"query_ms":0,"decode_ms":0,"sort_ms":0}
2026-10-10T04:59:02.7301766Z TANDEMLOG_READY_MS=402 FILES_READ=1
2026-10-10T04:59:07.0317966Z ##[group]✅ Passing tests
2026-10-10T04:59:07.0318406Z ✅ historical v3 recurrence compatibility enables unchanged completion at midnight
2026-10-10T04:59:08.6390762Z ##[endgroup]
2026-10-10T04:59:08.6391013Z TANDEMLOG_FIRST_FRAME_MS=10
2026-10-10T04:59:08.8823675Z TANDEMLOG_PHASE identity_lock=0
2026-10-10T04:59:08.8972326Z TANDEMLOG_PHASE sqlite_open_schema=14
2026-10-10T04:59:08.9077754Z TANDEMLOG_PHASE manifest=10
2026-10-10T04:59:08.9349418Z TANDEMLOG_PHASE ingest=26
2026-10-10T04:59:08.9616728Z TANDEMLOG_ROWS {"query_ms":0,"decode_ms":0,"sort_ms":0}
2026-10-10T04:59:09.0475175Z TANDEMLOG_READY_MS=418 FILES_READ=1
2026-10-10T04:59:15.1156851Z ##[group]✅ Passing tests
2026-10-10T04:59:15.1157372Z ✅ single and bulk dirty panes stay mounted through drag and reorder Undo
2026-10-10T04:59:15.3059311Z ##[endgroup]
2026-10-10T04:59:15.3059523Z TANDEMLOG_FIRST_FRAME_MS=10
2026-10-10T04:59:15.5403158Z TANDEMLOG_PHASE identity_lock=0
2026-10-10T04:59:15.5538634Z TANDEMLOG_PHASE sqlite_open_schema=13
2026-10-10T04:59:15.5660277Z TANDEMLOG_PHASE manifest=12
2026-10-10T04:59:15.5841510Z TANDEMLOG_PHASE ingest=17
2026-10-10T04:59:15.6106973Z TANDEMLOG_ROWS {"query_ms":0,"decode_ms":0,"sort_ms":0}
2026-10-10T04:59:15.6928743Z TANDEMLOG_READY_MS=397 FILES_READ=1
2026-10-10T04:59:19.7854548Z ##[group]✅ capture batches update draft once and retain responsive native frames
2026-10-10T04:59:19.7855078Z TANDEMLOG_NATIVE_BATCH count=1 input_clear_ms=93 settle_ms=345 frames=3 input_updates=1
2026-10-10T04:59:19.7855524Z TANDEMLOG_NATIVE_BATCH count=30 input_clear_ms=300 settle_ms=482 frames=2 input_updates=1
2026-10-10T04:59:19.7855963Z TANDEMLOG_NATIVE_BATCH count=100 input_clear_ms=635 settle_ms=479 frames=2 input_updates=1
2026-10-10T04:59:19.7856421Z ##[endgroup]
2026-10-10T04:59:20.7870535Z TANDEMLOG_FIRST_FRAME_MS=9
2026-10-10T04:59:21.0170105Z TANDEMLOG_PHASE identity_lock=0
2026-10-10T04:59:21.0308044Z TANDEMLOG_PHASE sqlite_open_schema=13
2026-10-10T04:59:21.0426238Z TANDEMLOG_PHASE manifest=11
2026-10-10T04:59:21.1202934Z TANDEMLOG_PHASE ingest=77
2026-10-10T04:59:21.1498816Z TANDEMLOG_ROWS {"query_ms":0,"decode_ms":0,"sort_ms":0}
2026-10-10T04:59:21.2644197Z TANDEMLOG_READY_MS=486 FILES_READ=1
2026-10-10T04:59:45.8332228Z ##[group]✅ Passing tests
2026-10-10T04:59:45.8332627Z ✅ compact selection commands stay reachable through scrolling and resize
2026-10-10T04:59:45.8526917Z ##[endgroup]
2026-10-10T04:59:45.8527055Z 
2026-10-10T04:59:45.8545406Z ##[error]90 tests passed, 2 failed.
2026-10-10T04:59:45.8755685Z ##[error]Process completed with exit code 1.
2026-10-10T04:59:45.8878730Z Post job cleanup.
2026-10-10T04:59:45.9534214Z [command]/usr/bin/git version
2026-10-10T04:59:45.9565449Z git version 2.55.0
2026-10-10T04:59:45.9598019Z Temporarily overriding HOME='/home/runner/work/_temp/3c406536-9724-4c22-849f-bad0efa0a629' before making global git config changes
2026-10-10T04:59:45.9598755Z Adding repository directory to the temporary git global config as a safe directory
2026-10-10T04:59:45.9602068Z [command]/usr/bin/git config --global --add safe.directory /home/runner/work/tandemlog/tandemlog
2026-10-10T04:59:45.9629640Z Removing SSH command configuration
2026-10-10T04:59:45.9634629Z [command]/usr/bin/git config --local --name-only --get-regexp core\.sshCommand
2026-10-10T04:59:45.9663142Z [command]/usr/bin/git submodule foreach --recursive sh -c "git config --local --name-only --get-regexp 'core\.sshCommand' && git config --local --unset-all 'core.sshCommand' || :"
2026-10-10T04:59:45.9852276Z Removing HTTP extra header
2026-10-10T04:59:45.9856745Z [command]/usr/bin/git config --local --name-only --get-regexp http\.https\:\/\/github\.com\/\.extraheader
2026-10-10T04:59:45.9884111Z [command]/usr/bin/git submodule foreach --recursive sh -c "git config --local --name-only --get-regexp 'http\.https\:\/\/github\.com\/\.extraheader' && git config --local --unset-all 'http.https://github.com/.extraheader' || :"
2026-10-10T04:59:46.0072000Z Removing includeIf entries pointing to credentials config files
2026-10-10T04:59:46.0076955Z [command]/usr/bin/git config --local --name-only --get-regexp ^includeIf\.gitdir:
2026-10-10T04:59:46.0182211Z includeif.gitdir:/home/runner/work/tandemlog/tandemlog/.git.path
2026-10-10T04:59:46.0182713Z includeif.gitdir:/home/runner/work/tandemlog/tandemlog/.git/worktrees/*.path
2026-10-10T04:59:46.0183082Z includeif.gitdir:/github/workspace/.git.path
2026-10-10T04:59:46.0183401Z includeif.gitdir:/github/workspace/.git/worktrees/*.path
2026-10-10T04:59:46.0189351Z [command]/usr/bin/git config --local --get-all includeif.gitdir:/home/runner/work/tandemlog/tandemlog/.git.path
2026-10-10T04:59:46.0208480Z /home/runner/work/_temp/git-credentials-db5ff833-89d1-44ee-82b4-be96e96413c4.config
2026-10-10T04:59:46.0216627Z [command]/usr/bin/git config --local --unset includeif.gitdir:/home/runner/work/tandemlog/tandemlog/.git.path \/home\/runner\/work\/_temp\/git\-credentials\-db5ff833\-89d1\-44ee\-82b4\-be96e96413c4\.config
2026-10-10T04:59:46.0246070Z [command]/usr/bin/git config --local --get-all includeif.gitdir:/home/runner/work/tandemlog/tandemlog/.git/worktrees/*.path
2026-10-10T04:59:46.0263876Z /home/runner/work/_temp/git-credentials-db5ff833-89d1-44ee-82b4-be96e96413c4.config
2026-10-10T04:59:46.0277587Z [command]/usr/bin/git config --local --unset includeif.gitdir:/home/runner/work/tandemlog/tandemlog/.git/worktrees/*.path \/home\/runner\/work\/_temp\/git\-credentials\-db5ff833\-89d1\-44ee\-82b4\-be96e96413c4\.config
2026-10-10T04:59:46.0304156Z [command]/usr/bin/git config --local --get-all includeif.gitdir:/github/workspace/.git.path
2026-10-10T04:59:46.0321424Z /github/runner_temp/git-credentials-db5ff833-89d1-44ee-82b4-be96e96413c4.config
2026-10-10T04:59:46.0327090Z [command]/usr/bin/git config --local --unset includeif.gitdir:/github/workspace/.git.path \/github\/runner_temp\/git\-credentials\-db5ff833\-89d1\-44ee\-82b4\-be96e96413c4\.config
2026-10-10T04:59:46.0352582Z [command]/usr/bin/git config --local --get-all includeif.gitdir:/github/workspace/.git/worktrees/*.path
2026-10-10T04:59:46.0369417Z /github/runner_temp/git-credentials-db5ff833-89d1-44ee-82b4-be96e96413c4.config
2026-10-10T04:59:46.0375772Z [command]/usr/bin/git config --local --unset includeif.gitdir:/github/workspace/.git/worktrees/*.path \/github\/runner_temp\/git\-credentials\-db5ff833\-89d1\-44ee\-82b4\-be96e96413c4\.config
2026-10-10T04:59:46.0403004Z [command]/usr/bin/git submodule foreach --recursive git config --local --show-origin --name-only --get-regexp remote.origin.url
2026-10-10T04:59:46.0583146Z Removing credentials config '/home/runner/work/_temp/git-credentials-db5ff833-89d1-44ee-82b4-be96e96413c4.config'
2026-10-10T04:59:46.0723890Z Cleaning up orphan processes
2026-10-10T04:59:46.0955561Z Terminate orphan process: pid (7057) (Xvfb)
