2026-10-10T04:36:38.4849048Z Current runner version: '2.337.0'
2026-10-10T04:36:38.4875828Z ##[group]Runner Image Provisioner
2026-10-10T04:36:38.4876723Z Hosted Compute Agent
2026-10-10T04:36:38.4877315Z Version: 20261002.596
2026-10-10T04:36:38.4877891Z Commit: c3d12f3313a95f25162a1503be624f3b0617f8c0
2026-10-10T04:36:38.4878567Z Build Date: 2026-10-02T22:28:27Z
2026-10-10T04:36:38.4879234Z Worker ID: {656c0ffa-3622-4a67-90c0-397dabb48b46}
2026-10-10T04:36:38.4879904Z Region: eastus
2026-10-10T04:36:38.4880389Z Cloud: Azure
2026-10-10T04:36:38.4880949Z ##[endgroup]
2026-10-10T04:36:38.4882428Z ##[group]Operating System
2026-10-10T04:36:38.4883096Z Microsoft Windows Server 2022
2026-10-10T04:36:38.4883654Z 10.0.20348
2026-10-10T04:36:38.4884135Z Datacenter
2026-10-10T04:36:38.4884590Z ##[endgroup]
2026-10-10T04:36:38.4885072Z ##[group]Runner Image
2026-10-10T04:36:38.4885634Z Image: windows-2022
2026-10-10T04:36:38.4886173Z Version: 20261004.326.1
2026-10-10T04:36:38.4887995Z Included Software: https://github.com/actions/runner-images/blob/win22/20261004.326/images/windows/Windows2022-Readme.md
2026-10-10T04:36:38.4889493Z Image Release: https://github.com/actions/runner-images/releases/tag/win22%2F20261004.326
2026-10-10T04:36:38.4890422Z ##[endgroup]
2026-10-10T04:36:38.4891405Z ##[group]GITHUB_TOKEN Permissions
2026-10-10T04:36:38.4893227Z Contents: read
2026-10-10T04:36:38.4893778Z Metadata: read
2026-10-10T04:36:38.4894294Z ##[endgroup]
2026-10-10T04:36:38.4896235Z Secret source: Actions
2026-10-10T04:36:38.4897104Z Cache mode: write
2026-10-10T04:36:38.4897766Z Prepare workflow directory
2026-10-10T04:36:38.5207819Z Prepare all required actions
2026-10-10T04:36:38.5254067Z Getting action download info
2026-10-10T04:36:38.6606645Z Download action repository 'actions/checkout@3d3c42e5aac5ba805825da76410c181273ba90b1' (SHA:3d3c42e5aac5ba805825da76410c181273ba90b1)
2026-10-10T04:36:38.7584782Z Download action repository 'actions/upload-artifact@043fb46d1a93c77aae656e7c1c64a875d1fc6a0a' (SHA:043fb46d1a93c77aae656e7c1c64a875d1fc6a0a)
2026-10-10T04:36:38.9889986Z Uses: reddraggone9/tandemlog/.github/workflows/validate.yml@refs/heads/main (2ecfbd620bc92ab23d08fb3f7df2b67b355f62da)
2026-10-10T04:36:38.9895109Z Complete job name: checks / windows
2026-10-10T04:36:39.1511074Z ##[group]Run actions/checkout@3d3c42e5aac5ba805825da76410c181273ba90b1
2026-10-10T04:36:39.1512522Z with:
2026-10-10T04:36:39.1513037Z   repository: reddraggone9/tandemlog
2026-10-10T04:36:39.1517239Z   token: ***
2026-10-10T04:36:39.1517639Z   ssh-strict: true
2026-10-10T04:36:39.1518038Z   ssh-user: git
2026-10-10T04:36:39.1518445Z   persist-credentials: true
2026-10-10T04:36:39.1518893Z   clean: true
2026-10-10T04:36:39.1519305Z   sparse-checkout-cone-mode: true
2026-10-10T04:36:39.1519790Z   fetch-depth: 1
2026-10-10T04:36:39.1520181Z   fetch-tags: false
2026-10-10T04:36:39.1520589Z   show-progress: true
2026-10-10T04:36:39.1520991Z   lfs: false
2026-10-10T04:36:39.1521365Z   submodules: false
2026-10-10T04:36:39.1521771Z   set-safe-directory: true
2026-10-10T04:36:39.1522262Z   allow-unsafe-pr-checkout: false
2026-10-10T04:36:39.1522947Z ##[endgroup]
2026-10-10T04:36:39.2863185Z Syncing repository: reddraggone9/tandemlog
2026-10-10T04:36:39.2864945Z ##[group]Getting Git version info
2026-10-10T04:36:39.2865569Z Working directory is 'D:\a\tandemlog\tandemlog'
2026-10-10T04:36:39.3785496Z [command]"C:\Program Files\Git\bin\git.exe" version
2026-10-10T04:36:39.7193493Z git version 2.56.0.windows.1
2026-10-10T04:36:39.7234679Z ##[endgroup]
2026-10-10T04:36:39.7248654Z Temporarily overriding HOME='D:\a\_temp\8b59c1db-fdca-47a7-873d-ab3b1f4f043f' before making global git config changes
2026-10-10T04:36:39.7249990Z Adding repository directory to the temporary git global config as a safe directory
2026-10-10T04:36:39.7258634Z [command]"C:\Program Files\Git\bin\git.exe" config --global --add safe.directory D:\a\tandemlog\tandemlog
2026-10-10T04:36:39.7771992Z Deleting the contents of 'D:\a\tandemlog\tandemlog'
2026-10-10T04:36:39.7776242Z ##[group]Determining repository object format
2026-10-10T04:36:39.7778107Z ##[endgroup]
2026-10-10T04:36:39.7778807Z ##[group]Initializing the repository
2026-10-10T04:36:39.7786515Z [command]"C:\Program Files\Git\bin\git.exe" init D:\a\tandemlog\tandemlog
2026-10-10T04:36:39.8626778Z Initialized empty Git repository in D:/a/tandemlog/tandemlog/.git/
2026-10-10T04:36:39.8670027Z [command]"C:\Program Files\Git\bin\git.exe" remote add origin https://github.com/reddraggone9/tandemlog
2026-10-10T04:36:39.9230034Z ##[endgroup]
2026-10-10T04:36:39.9230836Z ##[group]Disabling automatic garbage collection
2026-10-10T04:36:39.9238908Z [command]"C:\Program Files\Git\bin\git.exe" config --local gc.auto 0
2026-10-10T04:36:39.9536848Z ##[endgroup]
2026-10-10T04:36:39.9538133Z ##[group]Setting up auth
2026-10-10T04:36:39.9539060Z Removing SSH command configuration
2026-10-10T04:36:39.9547859Z [command]"C:\Program Files\Git\bin\git.exe" config --local --name-only --get-regexp core\.sshCommand
2026-10-10T04:36:39.9853647Z [command]"C:\Program Files\Git\bin\git.exe" submodule foreach --recursive "sh -c \"git config --local --name-only --get-regexp 'core\.sshCommand' && git config --local --unset-all 'core.sshCommand' || :\""
2026-10-10T04:36:41.3105336Z Removing HTTP extra header
2026-10-10T04:36:41.3118993Z [command]"C:\Program Files\Git\bin\git.exe" config --local --name-only --get-regexp http\.https\:\/\/github\.com\/\.extraheader
2026-10-10T04:36:41.3412534Z [command]"C:\Program Files\Git\bin\git.exe" submodule foreach --recursive "sh -c \"git config --local --name-only --get-regexp 'http\.https\:\/\/github\.com\/\.extraheader' && git config --local --unset-all 'http.https://github.com/.extraheader' || :\""
2026-10-10T04:36:41.8038818Z Removing includeIf entries pointing to credentials config files
2026-10-10T04:36:41.8050457Z [command]"C:\Program Files\Git\bin\git.exe" config --local --name-only --get-regexp ^includeIf\.gitdir:
2026-10-10T04:36:41.8326628Z [command]"C:\Program Files\Git\bin\git.exe" submodule foreach --recursive "git config --local --show-origin --name-only --get-regexp remote.origin.url"
2026-10-10T04:36:42.3070656Z [command]"C:\Program Files\Git\bin\git.exe" config --file D:\a\_temp\git-credentials-a02c676b-5a90-4aed-aa4b-332ef0076146.config http.https://github.com/.extraheader "AUTHORIZATION: basic ***"
2026-10-10T04:36:42.3363405Z [command]"C:\Program Files\Git\bin\git.exe" config --local includeIf.gitdir:D:/a/tandemlog/tandemlog/.git.path D:\a\_temp\git-credentials-a02c676b-5a90-4aed-aa4b-332ef0076146.config
2026-10-10T04:36:42.3638442Z [command]"C:\Program Files\Git\bin\git.exe" config --local includeIf.gitdir:D:/a/tandemlog/tandemlog/.git/worktrees/*.path D:\a\_temp\git-credentials-a02c676b-5a90-4aed-aa4b-332ef0076146.config
2026-10-10T04:36:42.3960322Z [command]"C:\Program Files\Git\bin\git.exe" config --local includeIf.gitdir:/github/workspace/.git.path /github/runner_temp/git-credentials-a02c676b-5a90-4aed-aa4b-332ef0076146.config
2026-10-10T04:36:42.4237168Z [command]"C:\Program Files\Git\bin\git.exe" config --local includeIf.gitdir:/github/workspace/.git/worktrees/*.path /github/runner_temp/git-credentials-a02c676b-5a90-4aed-aa4b-332ef0076146.config
2026-10-10T04:36:42.4508524Z ##[endgroup]
2026-10-10T04:36:42.4509045Z ##[group]Fetching the repository
2026-10-10T04:36:42.4518911Z [command]"C:\Program Files\Git\bin\git.exe" -c protocol.version=2 fetch --no-tags --prune --no-recurse-submodules --depth=1 origin +2ecfbd620bc92ab23d08fb3f7df2b67b355f62da:refs/remotes/origin/main
2026-10-10T04:36:44.4298229Z From https://github.com/reddraggone9/tandemlog
2026-10-10T04:36:44.4299388Z  * [new ref]         2ecfbd620bc92ab23d08fb3f7df2b67b355f62da -> origin/main
2026-10-10T04:36:44.4340116Z [command]"C:\Program Files\Git\bin\git.exe" branch --list --remote origin/main
2026-10-10T04:36:44.4698242Z   origin/main
2026-10-10T04:36:44.4734152Z [command]"C:\Program Files\Git\bin\git.exe" rev-parse refs/remotes/origin/main
2026-10-10T04:36:44.5056367Z 2ecfbd620bc92ab23d08fb3f7df2b67b355f62da
2026-10-10T04:36:44.5084069Z ##[endgroup]
2026-10-10T04:36:44.5084601Z ##[group]Determining the checkout info
2026-10-10T04:36:44.5085354Z ##[endgroup]
2026-10-10T04:36:44.5094658Z [command]"C:\Program Files\Git\bin\git.exe" sparse-checkout disable
2026-10-10T04:36:44.5522191Z [command]"C:\Program Files\Git\bin\git.exe" config --local --unset-all extensions.worktreeConfig
2026-10-10T04:36:44.5816247Z ##[group]Checking out the ref
2026-10-10T04:36:44.5825252Z [command]"C:\Program Files\Git\bin\git.exe" checkout --progress --force -B main refs/remotes/origin/main
2026-10-10T04:36:45.3054827Z Switched to a new branch 'main'
2026-10-10T04:36:45.3073293Z branch 'main' set up to track 'origin/main'.
2026-10-10T04:36:45.3132947Z ##[endgroup]
2026-10-10T04:36:45.3525962Z [command]"C:\Program Files\Git\bin\git.exe" log -1 --format=%H
2026-10-10T04:36:45.3822342Z 2ecfbd620bc92ab23d08fb3f7df2b67b355f62da
2026-10-10T04:36:45.4224501Z Prepare all required actions
2026-10-10T04:36:45.4265795Z ##[group]Run ./.github/actions/setup-flutter
2026-10-10T04:36:45.4266095Z ##[endgroup]
2026-10-10T04:36:45.4388209Z ##[start-action display=Run git clone --depth 1 --branch 3.47.5 https://github.com/flutter/flutter.git "$RUNNER_TEMP/flutter";id=__self.__run]
2026-10-10T04:36:45.4531245Z ##[group]Run git clone --depth 1 --branch 3.47.5 https://github.com/flutter/flutter.git "$RUNNER_TEMP/flutter"
2026-10-10T04:36:45.4532088Z [36;1mgit clone --depth 1 --branch 3.47.5 https://github.com/flutter/flutter.git "$RUNNER_TEMP/flutter"[0m
2026-10-10T04:36:45.4532805Z [36;1mtest "$(git -C "$RUNNER_TEMP/flutter" rev-parse HEAD)" = 6a19cca56475dbfba1478ee68d7bd0c2ef891da1[0m
2026-10-10T04:36:45.4533340Z [36;1mecho "$RUNNER_TEMP/flutter/bin" >> "$GITHUB_PATH"[0m
2026-10-10T04:36:45.4551729Z shell: C:\Program Files\Git\bin\bash.EXE --noprofile --norc -e -o pipefail {0}
2026-10-10T04:36:45.4552150Z ##[endgroup]
2026-10-10T04:36:45.6358229Z Cloning into 'D:\a\_temp/flutter'...
2026-10-10T04:36:51.4177605Z Note: switching to '6a19cca56475dbfba1478ee68d7bd0c2ef891da1'.
2026-10-10T04:36:51.4178316Z 
2026-10-10T04:36:51.4178692Z You are in 'detached HEAD' state. You can look around, make experimental
2026-10-10T04:36:51.4179591Z changes and commit them, and you can discard any commits you make in this
2026-10-10T04:36:51.4180470Z state without impacting any branches by switching back to a branch.
2026-10-10T04:36:51.4180959Z 
2026-10-10T04:36:51.4181284Z If you want to create a new branch to retain commits you create, you may
2026-10-10T04:36:51.4182068Z do so (now or later) by using -c with the switch command. Example:
2026-10-10T04:36:51.4182530Z 
2026-10-10T04:36:51.4182716Z   git switch -c <new-branch-name>
2026-10-10T04:36:51.4183035Z 
2026-10-10T04:36:51.4183190Z Or undo this operation with:
2026-10-10T04:36:51.4183507Z 
2026-10-10T04:36:51.4183644Z   git switch -
2026-10-10T04:36:51.4183843Z 
2026-10-10T04:36:51.4184271Z Turn off this advice by setting config variable advice.detachedHead to false
2026-10-10T04:36:51.4184847Z 
2026-10-10T04:36:52.4448416Z Updating files:  28% (4595/16074)
2026-10-10T04:36:52.4731814Z Updating files:  29% (4662/16074)
2026-10-10T04:36:52.5010404Z Updating files:  30% (4823/16074)
2026-10-10T04:36:52.5334277Z Updating files:  31% (4983/16074)
2026-10-10T04:36:52.5637541Z Updating files:  32% (5144/16074)
2026-10-10T04:36:52.5995784Z Updating files:  33% (5305/16074)
2026-10-10T04:36:52.6299059Z Updating files:  34% (5466/16074)
2026-10-10T04:36:52.6613675Z Updating files:  35% (5626/16074)
2026-10-10T04:36:52.6916535Z Updating files:  36% (5787/16074)
2026-10-10T04:36:52.7227821Z Updating files:  37% (5948/16074)
2026-10-10T04:36:52.7585825Z Updating files:  38% (6109/16074)
2026-10-10T04:36:52.7913305Z Updating files:  39% (6269/16074)
2026-10-10T04:36:52.8352691Z Updating files:  40% (6430/16074)
2026-10-10T04:36:52.8722229Z Updating files:  41% (6591/16074)
2026-10-10T04:36:52.9082753Z Updating files:  42% (6752/16074)
2026-10-10T04:36:52.9430562Z Updating files:  43% (6912/16074)
2026-10-10T04:36:52.9755211Z Updating files:  44% (7073/16074)
2026-10-10T04:36:53.0151211Z Updating files:  45% (7234/16074)
2026-10-10T04:36:53.0575359Z Updating files:  46% (7395/16074)
2026-10-10T04:36:53.0880799Z Updating files:  47% (7555/16074)
2026-10-10T04:36:53.1234537Z Updating files:  48% (7716/16074)
2026-10-10T04:36:53.1600273Z Updating files:  49% (7877/16074)
2026-10-10T04:36:53.1925814Z Updating files:  50% (8037/16074)
2026-10-10T04:36:53.2272177Z Updating files:  51% (8198/16074)
2026-10-10T04:36:53.2590035Z Updating files:  52% (8359/16074)
2026-10-10T04:36:53.3025687Z Updating files:  53% (8520/16074)
2026-10-10T04:36:53.3347004Z Updating files:  54% (8680/16074)
2026-10-10T04:36:53.3693005Z Updating files:  55% (8841/16074)
2026-10-10T04:36:53.4000589Z Updating files:  56% (9002/16074)
2026-10-10T04:36:53.4335286Z Updating files:  57% (9163/16074)
2026-10-10T04:36:53.4350896Z Updating files:  57% (9316/16074)
2026-10-10T04:36:53.4819001Z Updating files:  58% (9323/16074)
2026-10-10T04:36:53.5119429Z Updating files:  59% (9484/16074)
2026-10-10T04:36:53.5446422Z Updating files:  60% (9645/16074)
2026-10-10T04:36:53.5754329Z Updating files:  61% (9806/16074)
2026-10-10T04:36:53.6448518Z Updating files:  62% (9966/16074)
2026-10-10T04:36:53.6787868Z Updating files:  63% (10127/16074)
2026-10-10T04:36:53.7124909Z Updating files:  64% (10288/16074)
2026-10-10T04:36:53.7450959Z Updating files:  65% (10449/16074)
2026-10-10T04:36:53.7781692Z Updating files:  66% (10609/16074)
2026-10-10T04:36:53.8138148Z Updating files:  67% (10770/16074)
2026-10-10T04:36:53.8982046Z Updating files:  68% (10931/16074)
2026-10-10T04:36:53.9299792Z Updating files:  69% (11092/16074)
2026-10-10T04:36:53.9609894Z Updating files:  70% (11252/16074)
2026-10-10T04:36:53.9926163Z Updating files:  71% (11413/16074)
2026-10-10T04:36:54.0241861Z Updating files:  72% (11574/16074)
2026-10-10T04:36:54.0539634Z Updating files:  73% (11735/16074)
2026-10-10T04:36:54.0837414Z Updating files:  74% (11895/16074)
2026-10-10T04:36:54.1273309Z Updating files:  75% (12056/16074)
2026-10-10T04:36:54.1848761Z Updating files:  76% (12217/16074)
2026-10-10T04:36:54.2378572Z Updating files:  77% (12377/16074)
2026-10-10T04:36:54.2907360Z Updating files:  78% (12538/16074)
2026-10-10T04:36:54.3435460Z Updating files:  79% (12699/16074)
2026-10-10T04:36:54.3922707Z Updating files:  80% (12860/16074)
2026-10-10T04:36:54.4342766Z Updating files:  81% (13020/16074)
2026-10-10T04:36:54.4500132Z Updating files:  81% (13122/16074)
2026-10-10T04:36:54.4873998Z Updating files:  82% (13181/16074)
2026-10-10T04:36:54.5315350Z Updating files:  83% (13342/16074)
2026-10-10T04:36:54.5731186Z Updating files:  84% (13503/16074)
2026-10-10T04:36:54.6109677Z Updating files:  85% (13663/16074)
2026-10-10T04:36:54.7031330Z Updating files:  86% (13824/16074)
2026-10-10T04:36:54.7382319Z Updating files:  87% (13985/16074)
2026-10-10T04:36:54.7620765Z Updating files:  88% (14146/16074)
2026-10-10T04:36:54.7987379Z Updating files:  89% (14306/16074)
2026-10-10T04:36:54.8329002Z Updating files:  90% (14467/16074)
2026-10-10T04:36:54.8732618Z Updating files:  91% (14628/16074)
2026-10-10T04:36:54.9179539Z Updating files:  92% (14789/16074)
2026-10-10T04:36:54.9486865Z Updating files:  93% (14949/16074)
2026-10-10T04:36:54.9801284Z Updating files:  94% (15110/16074)
2026-10-10T04:36:55.0212887Z Updating files:  95% (15271/16074)
2026-10-10T04:36:55.0688105Z Updating files:  96% (15432/16074)
2026-10-10T04:36:55.1114109Z Updating files:  97% (15592/16074)
2026-10-10T04:36:55.1452460Z Updating files:  98% (15753/16074)
2026-10-10T04:36:55.1773592Z Updating files:  99% (15914/16074)
2026-10-10T04:36:55.1774632Z Updating files: 100% (16074/16074)
2026-10-10T04:36:55.1774960Z Updating files: 100% (16074/16074), done.
2026-10-10T04:36:55.2559772Z ##[end-action id=__self.__run;outcome=success;conclusion=success;duration_ms=9817]
2026-10-10T04:36:55.2563565Z ##[start-action display=Run flutter config --no-analytics;id=__self.__run_2]
2026-10-10T04:36:55.2677560Z ##[group]Run flutter config --no-analytics
2026-10-10T04:36:55.2677883Z [36;1mflutter config --no-analytics[0m
2026-10-10T04:36:55.2678134Z [36;1mflutter --version[0m
2026-10-10T04:36:55.2693804Z shell: C:\Program Files\Git\bin\bash.EXE --noprofile --norc -e -o pipefail {0}
2026-10-10T04:36:55.2694196Z ##[endgroup]
2026-10-10T04:36:56.4519701Z Checking Dart SDK version... 
2026-10-10T04:36:56.4533925Z Downloading Dart SDK from Flutter engine ... 
2026-10-10T04:36:59.2059491Z Expanding downloaded archive with 7z...
2026-10-10T04:37:03.4724334Z Building flutter tool... 
2026-10-10T04:37:03.4757368Z Running pub upgrade... 
2026-10-10T04:37:03.5163706Z Resolving dependencies...
2026-10-10T04:37:04.1267510Z Downloading packages...
2026-10-10T04:37:17.3514653Z Got dependencies.
2026-10-10T04:37:34.2999390Z Analytics reporting disabled.
2026-10-10T04:37:34.3003354Z 
2026-10-10T04:37:34.3003714Z You may need to restart any open editors for them to read new settings.
2026-10-10T04:37:35.1084870Z Flutter 3.47.5 • channel [user-branch] • https://github.com/flutter/flutter.git
2026-10-10T04:37:35.1086096Z Framework • revision 6a19cca564 (3 weeks ago) • 2026-09-17 14:13:22 -0400
2026-10-10T04:37:35.1087623Z Engine • hash ab598368592da0064197e2bc15c7f5b0a2c6bb1f (revision af7e796e16) (23 days ago) • 2026-09-16 18:35:09.000Z
2026-10-10T04:37:35.1088885Z Tools • Dart 3.13.4 • DevTools 2.60.0
2026-10-10T04:37:35.1234201Z ##[end-action id=__self.__run_2;outcome=success;conclusion=success;duration_ms=39867]
2026-10-10T04:37:35.1392641Z Prepare all required actions
2026-10-10T04:37:35.1438283Z ##[group]Run ./.github/actions/setup-text-engine
2026-10-10T04:37:35.1438562Z with:
2026-10-10T04:37:35.1438739Z   platform: windows
2026-10-10T04:37:35.1438929Z ##[endgroup]
2026-10-10T04:37:35.1442923Z ##[start-action display=Select preinstalled Windows Python 3.11;id=__self_2.__run]
2026-10-10T04:37:35.1552248Z ##[group]Run py -3.11 -c "import pathlib, sys; print(pathlib.Path(sys.executable).parent)" >> $env:GITHUB_PATH
2026-10-10T04:37:35.1552966Z [36;1mpy -3.11 -c "import pathlib, sys; print(pathlib.Path(sys.executable).parent)" >> $env:GITHUB_PATH[0m
2026-10-10T04:37:35.1590878Z shell: C:\Program Files\PowerShell\7\pwsh.EXE -command ". '{0}'"
2026-10-10T04:37:35.1591240Z ##[endgroup]
2026-10-10T04:37:36.3310014Z ##[end-action id=__self_2.__run;outcome=success;conclusion=success;duration_ms=1186]
2026-10-10T04:37:36.3315886Z ##[start-action display=Bootstrap reviewed official Rust inputs outside app builds;id=__self_2.__run_2]
2026-10-10T04:37:36.3420160Z ##[group]Run python tool/bootstrap_text_engine.py --platform "$TEXT_PLATFORM"
2026-10-10T04:37:36.3420673Z [36;1mpython tool/bootstrap_text_engine.py --platform "$TEXT_PLATFORM"[0m
2026-10-10T04:37:36.3434118Z shell: C:\Program Files\Git\bin\bash.EXE --noprofile --norc -e -o pipefail {0}
2026-10-10T04:37:36.3434512Z env:
2026-10-10T04:37:36.3434721Z   TEXT_PLATFORM: windows
2026-10-10T04:37:36.3434984Z ##[endgroup]
2026-10-10T04:37:38.0825780Z info: profile set to minimal
2026-10-10T04:37:38.0826357Z info: default host tuple is x86_64-pc-windows-msvc
2026-10-10T04:37:38.0826891Z info: skipping toolchain installation
2026-10-10T04:37:38.0827223Z 
2026-10-10T04:37:38.0827339Z 
2026-10-10T04:37:38.0827557Z Rust is installed now. Great!
2026-10-10T04:37:38.0827843Z 
2026-10-10T04:37:38.0828604Z To get started you need Cargo's bin directory (D:\a\_temp
2026-10-10T04:37:38.0829372Z \tandemlog-rust-bootstrap\cargo\bin) in your PATH
2026-10-10T04:37:38.0830058Z environment variable. This has not been done automatically.
2026-10-10T04:37:38.1073326Z info: auto-self-update mode set to disable
2026-10-10T04:37:38.1074912Z warn: no toolchain installed and no default toolchain set
2026-10-10T04:37:38.1075677Z help: run 'rustup default stable' to download the latest stable release of Rust and set it as your default toolchain.
2026-10-10T04:37:38.1213863Z info: syncing channel updates for 1.99.0-x86_64-pc-windows-msvc
2026-10-10T04:37:38.2388976Z info: latest update on 2026-10-01 for version 1.99.0 (b940084d7 2026-09-28)
2026-10-10T04:37:38.2393431Z info: downloading 3 components
2026-10-10T04:37:44.9087502Z 
2026-10-10T04:37:45.1493848Z   1.99.0-x86_64-pc-windows-msvc installed - rustc 1.99.0 (b940084d7 2026-09-28)
2026-10-10T04:37:45.1494229Z 
2026-10-10T04:37:45.1499508Z info: default toolchain set to 1.99.0-x86_64-pc-windows-msvc
2026-10-10T04:37:45.2189151Z info: component rust-std is up to date
2026-10-10T04:37:45.4064768Z     Updating crates.io index
2026-10-10T04:37:45.5936560Z  Downloading crates ...
2026-10-10T04:37:45.7122283Z   Downloaded smallvec v1.16.2
2026-10-10T04:37:45.7176904Z   Downloaded parking v2.2.1
2026-10-10T04:37:45.7226829Z   Downloaded wasm-bindgen v0.2.129
2026-10-10T04:37:45.7360610Z   Downloaded event-listener-strategy v0.5.4
2026-10-10T04:37:45.7400587Z   Downloaded serde_core v1.0.229
2026-10-10T04:37:45.7491690Z   Downloaded thiserror v2.0.21
2026-10-10T04:37:45.7751359Z   Downloaded quote v1.0.47
2026-10-10T04:37:45.7854234Z   Downloaded serde_json v1.0.151
2026-10-10T04:37:45.8110941Z   Downloaded wasm-bindgen-macro v0.2.129
2026-10-10T04:37:45.8142954Z   Downloaded itoa v1.0.18
2026-10-10T04:37:45.8197272Z   Downloaded thiserror-impl v2.0.21
2026-10-10T04:37:45.8253791Z   Downloaded serde_derive v1.0.229
2026-10-10T04:37:45.8368231Z   Downloaded zmij v1.0.23
2026-10-10T04:37:45.8428617Z   Downloaded unicode-ident v1.0.26
2026-10-10T04:37:45.8516713Z   Downloaded memchr v2.8.3
2026-10-10T04:37:45.8705105Z   Downloaded proc-macro2 v1.0.107
2026-10-10T04:37:45.8806233Z   Downloaded serde v1.0.229
2026-10-10T04:37:45.8913901Z   Downloaded dashmap v6.2.1
2026-10-10T04:37:45.9003822Z   Downloaded crossbeam-utils v0.8.23
2026-10-10T04:37:45.9102019Z   Downloaded fastrand v2.5.0
2026-10-10T04:37:45.9148058Z   Downloaded lock_api v0.4.14
2026-10-10T04:37:45.9207091Z   Downloaded arc-swap v1.9.2
2026-10-10T04:37:45.9326510Z   Downloaded cfg-if v1.0.5
2026-10-10T04:37:45.9372634Z   Downloaded js-sys v0.3.106
2026-10-10T04:37:45.9449535Z   Downloaded syn v3.0.6
2026-10-10T04:37:45.9784368Z   Downloaded smallstr v0.3.1
2026-10-10T04:37:45.9827402Z   Downloaded bumpalo v3.20.3
2026-10-10T04:37:45.9899167Z   Downloaded wasm-bindgen-shared v0.2.129
2026-10-10T04:37:45.9936134Z   Downloaded windows-link v0.2.1
2026-10-10T04:37:45.9965655Z   Downloaded once_cell v1.21.4
2026-10-10T04:37:46.0058909Z   Downloaded scopeguard v1.2.0
2026-10-10T04:37:46.0102848Z   Downloaded pin-project-lite v0.2.17
2026-10-10T04:37:46.0332613Z   Downloaded rustversion v1.0.23
2026-10-10T04:37:46.0620528Z   Downloaded event-listener v5.4.2
2026-10-10T04:37:46.0678303Z   Downloaded redox_syscall v0.5.18
2026-10-10T04:37:46.0775570Z   Downloaded getrandom v0.4.3
2026-10-10T04:37:46.0913697Z   Downloaded bitflags v2.13.2
2026-10-10T04:37:46.1102146Z   Downloaded async-trait v0.1.92
2026-10-10T04:37:46.1325237Z   Downloaded async-lock v3.4.2
2026-10-10T04:37:46.1402514Z   Downloaded parking_lot_core v0.9.12
2026-10-10T04:37:46.1477942Z   Downloaded r-efi v6.0.0
2026-10-10T04:37:46.1677805Z   Downloaded base64 v0.22.1
2026-10-10T04:37:46.1812419Z   Downloaded hashbrown v0.14.5
2026-10-10T04:37:46.1952731Z   Downloaded wasm-bindgen-macro-support v0.2.129
2026-10-10T04:37:46.2014160Z   Downloaded libc v0.2.190
2026-10-10T04:37:46.3975811Z ##[end-action id=__self_2.__run_2;outcome=success;conclusion=success;duration_ms=10066]
2026-10-10T04:37:46.3978404Z ##[start-action display=Install exact approved NDK outside app builds;id=__self_2.__run_3]
2026-10-10T04:37:46.3984309Z ##[end-action id=__self_2.__run_3;outcome=skipped;conclusion=skipped;duration_ms=0]
2026-10-10T04:37:46.4098673Z ##[group]Run flutter pub get --enforce-lockfile
2026-10-10T04:37:46.4099086Z [36;1mflutter pub get --enforce-lockfile[0m
2026-10-10T04:37:46.4138887Z shell: C:\Program Files\PowerShell\7\pwsh.EXE -command ". '{0}'"
2026-10-10T04:37:46.4139247Z env:
2026-10-10T04:37:46.4139642Z   CARGO_HOME: D:\a\_temp\tandemlog-rust-bootstrap\cargo
2026-10-10T04:37:46.4140005Z   RUSTUP_HOME: D:\a\_temp\tandemlog-rust-bootstrap\rustup
2026-10-10T04:37:46.4140458Z   RUSTUP_UPDATE_ROOT: https://static.rust-lang.org/rustup
2026-10-10T04:37:46.4140816Z   RUSTUP_DIST_SERVER: https://static.rust-lang.org
2026-10-10T04:37:46.4141109Z   RUSTUP_AUTO_INSTALL: 0
2026-10-10T04:37:46.4141421Z   TANDEMLOG_TEXT_TARGET_DIR: D:\a\_temp\tandemlog-rust-bootstrap\target
2026-10-10T04:37:46.4141768Z ##[endgroup]
2026-10-10T04:37:47.7368126Z [1/10] Material Fonts                                              395ms
2026-10-10T04:37:47.8058881Z [2/10] Gradle Wrapper                                               27ms
2026-10-10T04:37:47.8359716Z [3/10] Flutter SDK
2026-10-10T04:37:47.9387722Z   ├─ [1/5] sky_engine                                              100ms
2026-10-10T04:37:48.0839044Z   ├─ [2/5] flutter_gpu                                              28ms
2026-10-10T04:37:48.3104642Z   ├─ [3/5] flutter_patched_sdk                                     206ms
2026-10-10T04:37:48.5329742Z   ├─ [4/5] flutter_patched_sdk_product                             183ms
2026-10-10T04:37:49.8568672Z   └─ [5/5] windows-x64                                           1,281ms
2026-10-10T04:37:50.4012314Z [10/10] windows-x64/font-subset                                    237ms
2026-10-10T04:37:50.4682306Z Resolving dependencies...
2026-10-10T04:37:51.1890247Z Downloading packages...
2026-10-10T04:37:58.2623772Z   code_assets 1.2.1 (2.1.0 available)
2026-10-10T04:37:58.2624357Z   cross_file 0.3.5+5 (0.4.0 available)
2026-10-10T04:37:58.2624790Z   jni 1.0.3 (1.1.0 available)
2026-10-10T04:37:58.2625229Z   jni_flutter 1.0.3 (1.0.4+1 available)
2026-10-10T04:37:58.2625654Z   material_color_utilities 0.13.0 (0.13.1 available)
2026-10-10T04:37:58.2626156Z   native_toolchain_c 0.19.3 (0.19.5 available)
2026-10-10T04:37:58.2626585Z   objective_c 9.5.0 (9.6.2 available)
2026-10-10T04:37:58.2626992Z   test_api 0.7.12 (0.7.15 available)
2026-10-10T04:37:58.2627448Z   url_launcher 6.3.2 (6.3.3 available)
2026-10-10T04:37:58.2627881Z   vector_math 2.4.0 (2.4.3 available)
2026-10-10T04:37:58.2628274Z Got dependencies!
2026-10-10T04:37:58.2628773Z 10 packages have newer versions incompatible with dependency constraints.
2026-10-10T04:37:58.2629478Z Try `flutter pub outdated` for more information.
2026-10-10T04:37:58.5825566Z ##[group]Run python tool/build_text_engine.py --platform windows --output-dir "$RUNNER_TEMP/native-unit"
2026-10-10T04:37:58.5826410Z [36;1mpython tool/build_text_engine.py --platform windows --output-dir "$RUNNER_TEMP/native-unit"[0m
2026-10-10T04:37:58.5826972Z [36;1mnative_library="$RUNNER_TEMP/native-unit/tandemlog_text.dll"[0m
2026-10-10T04:37:58.5827490Z [36;1mif [[ "$RUNNER_OS" == Windows ]]; then native_library="$(cygpath -w "$native_library")"; fi[0m
2026-10-10T04:37:58.5828028Z [36;1mpython tool/native_build_gates.py verify_library "$native_library"[0m
2026-10-10T04:37:58.5828509Z [36;1mecho "TANDEMLOG_TEXT_LIBRARY=$native_library" >> "$GITHUB_ENV"[0m
2026-10-10T04:37:58.5842370Z shell: C:\Program Files\Git\bin\bash.EXE --noprofile --norc -e -o pipefail {0}
2026-10-10T04:37:58.5842763Z env:
2026-10-10T04:37:58.5843006Z   CARGO_HOME: D:\a\_temp\tandemlog-rust-bootstrap\cargo
2026-10-10T04:37:58.5843433Z   RUSTUP_HOME: D:\a\_temp\tandemlog-rust-bootstrap\rustup
2026-10-10T04:37:58.5843817Z   RUSTUP_UPDATE_ROOT: https://static.rust-lang.org/rustup
2026-10-10T04:37:58.5844175Z   RUSTUP_DIST_SERVER: https://static.rust-lang.org
2026-10-10T04:37:58.5844478Z   RUSTUP_AUTO_INSTALL: 0
2026-10-10T04:37:58.5844801Z   TANDEMLOG_TEXT_TARGET_DIR: D:\a\_temp\tandemlog-rust-bootstrap\target
2026-10-10T04:37:58.5845162Z ##[endgroup]
2026-10-10T04:37:58.9428735Z    Compiling proc-macro2 v1.0.107
2026-10-10T04:37:58.9429502Z    Compiling quote v1.0.47
2026-10-10T04:37:58.9431306Z    Compiling unicode-ident v1.0.26
2026-10-10T04:37:58.9431801Z    Compiling serde_core v1.0.229
2026-10-10T04:37:59.0671098Z    Compiling parking_lot_core v0.9.12
2026-10-10T04:38:00.9806498Z    Compiling parking v2.2.1
2026-10-10T04:38:01.0354232Z    Compiling crossbeam-utils v0.8.23
2026-10-10T04:38:01.0491616Z    Compiling rustversion v1.0.23
2026-10-10T04:38:01.1575560Z    Compiling zmij v1.0.23
2026-10-10T04:38:01.3851582Z    Compiling pin-project-lite v0.2.17
2026-10-10T04:38:01.4186509Z    Compiling smallvec v1.16.2
2026-10-10T04:38:01.4584278Z    Compiling event-listener v5.4.2
2026-10-10T04:38:01.8104993Z    Compiling serde v1.0.229
2026-10-10T04:38:02.1588784Z    Compiling syn v3.0.6
2026-10-10T04:38:02.1812381Z    Compiling cfg-if v1.0.5
2026-10-10T04:38:02.2026139Z    Compiling serde_json v1.0.151
2026-10-10T04:38:02.2266284Z    Compiling windows-link v0.2.1
2026-10-10T04:38:02.2721708Z    Compiling scopeguard v1.2.0
2026-10-10T04:38:02.3576199Z    Compiling thiserror v2.0.21
2026-10-10T04:38:02.4230756Z    Compiling lock_api v0.4.14
2026-10-10T04:38:02.8541421Z    Compiling event-listener-strategy v0.5.4
2026-10-10T04:38:03.9242505Z    Compiling itoa v1.0.18
2026-10-10T04:38:04.2212687Z    Compiling once_cell v1.21.4
2026-10-10T04:38:04.4765332Z    Compiling hashbrown v0.14.5
2026-10-10T04:38:04.5128899Z    Compiling memchr v2.8.3
2026-10-10T04:38:05.4756309Z    Compiling dashmap v6.2.1
2026-10-10T04:38:06.0443990Z    Compiling arc-swap v1.9.2
2026-10-10T04:38:06.2717176Z    Compiling async-lock v3.4.2
2026-10-10T04:38:06.4089938Z    Compiling smallstr v0.3.1
2026-10-10T04:38:06.6132034Z    Compiling fastrand v2.5.0
2026-10-10T04:38:06.9661410Z    Compiling base64 v0.22.1
2026-10-10T04:38:07.9116892Z    Compiling thiserror-impl v2.0.21
2026-10-10T04:38:07.9117648Z    Compiling serde_derive v1.0.229
2026-10-10T04:38:07.9118597Z    Compiling async-trait v0.1.92
2026-10-10T04:38:11.2865145Z    Compiling yrs v0.28.0 (D:\a\tandemlog\tandemlog\native\text_engine\vendor\yrs-0.28.0)
2026-10-10T04:38:11.5651398Z warning: unused imports: `BlockRange` and `Block`
2026-10-10T04:38:11.5652500Z  --> vendor\yrs-0.28.0\src\transaction.rs:1:20
2026-10-10T04:38:11.5653037Z   |
2026-10-10T04:38:11.5657891Z 1 | use crate::block::{Block, BlockRange, Item, ItemContent, ItemPosition, ItemPtr, Prelim, ID};
2026-10-10T04:38:11.5658465Z   |                    ^^^^^  ^^^^^^^^^^
2026-10-10T04:38:11.5658740Z   |
2026-10-10T04:38:11.5661364Z   = note: `#[warn(unused_imports)]` (part of `#[warn(unused)]`) on by default
2026-10-10T04:38:11.5661774Z 
2026-10-10T04:38:11.5678388Z warning: unused import: `Block`
2026-10-10T04:38:11.5678888Z  --> vendor\yrs-0.28.0\src\block_iter.rs:1:20
2026-10-10T04:38:11.5679363Z   |
2026-10-10T04:38:11.5679813Z 1 | use crate::block::{Block, Item, ItemContent, ItemPtr, Prelim};
2026-10-10T04:38:11.5680348Z   |                    ^^^^^
2026-10-10T04:38:11.5680575Z 
2026-10-10T04:38:11.5695414Z warning: unused import: `ItemContent`
2026-10-10T04:38:11.5696397Z  --> vendor\yrs-0.28.0\src\iter.rs:1:20
2026-10-10T04:38:11.5696821Z   |
2026-10-10T04:38:11.5697178Z 1 | use crate::block::{ItemContent, ItemPtr};
2026-10-10T04:38:11.5697612Z   |                    ^^^^^^^^^^^
2026-10-10T04:38:11.5697844Z 
2026-10-10T04:38:11.5698031Z warning: unused imports: `SmallVec` and `smallvec`
2026-10-10T04:38:11.5698491Z  --> vendor\yrs-0.28.0\src\iter.rs:4:16
2026-10-10T04:38:11.5698858Z   |
2026-10-10T04:38:11.5699144Z 4 | use smallvec::{smallvec, SmallVec};
2026-10-10T04:38:11.5699539Z   |                ^^^^^^^^  ^^^^^^^^
2026-10-10T04:38:11.5699797Z 
2026-10-10T04:38:12.3777727Z warning: unused import: `crate::utils::OptionExt`
2026-10-10T04:38:12.3778640Z   --> vendor\yrs-0.28.0\src\doc.rs:10:5
2026-10-10T04:38:12.3778947Z    |
2026-10-10T04:38:12.3779163Z 10 | use crate::utils::OptionExt;
2026-10-10T04:38:12.3779445Z    |     ^^^^^^^^^^^^^^^^^^^^^^^
2026-10-10T04:38:12.3779612Z 
2026-10-10T04:38:12.4113333Z warning: value assigned to `left` is never read
2026-10-10T04:38:12.4113979Z    --> vendor\yrs-0.28.0\src\block.rs:494:24
2026-10-10T04:38:12.4114835Z     |
2026-10-10T04:38:12.4115114Z 494 |         let mut left = None;
2026-10-10T04:38:12.4115604Z     |                        ^^^^ this value is reassigned later and never used
2026-10-10T04:38:12.4116103Z ...
2026-10-10T04:38:12.4116465Z 540 |                 left = parent_branch.map.get(sub).cloned();
2026-10-10T04:38:12.4117382Z     |                 ------------------------------------------ `left` is overwritten here before the previous value is read
2026-10-10T04:38:12.4118116Z     |
2026-10-10T04:38:12.4118589Z     = note: `#[warn(unused_assignments)]` (part of `#[warn(unused)]`) on by default
2026-10-10T04:38:12.4119088Z 
2026-10-10T04:38:12.4221756Z warning: unused variable: `ptr`
2026-10-10T04:38:12.4222421Z    --> vendor\yrs-0.28.0\src\block.rs:886:21
2026-10-10T04:38:12.4222990Z     |
2026-10-10T04:38:12.4223493Z 886 |                 let ptr = BranchPtr::from(branch);
2026-10-10T04:38:12.4224391Z     |                     ^^^ help: if this is intentional, prefix it with an underscore: `_ptr`
2026-10-10T04:38:12.4225233Z     |
2026-10-10T04:38:12.4225839Z     = note: `#[warn(unused_variables)]` (part of `#[warn(unused)]`) on by default
2026-10-10T04:38:12.4226495Z 
2026-10-10T04:38:12.6215493Z warning: unused variable: `ptr`
2026-10-10T04:38:12.6216058Z    --> vendor\yrs-0.28.0\src\transaction.rs:778:13
2026-10-10T04:38:12.6216525Z     |
2026-10-10T04:38:12.6216834Z 778 |         let ptr = item.clone();
2026-10-10T04:38:12.6217471Z     |             ^^^ help: if this is intentional, prefix it with an underscore: `_ptr`
2026-10-10T04:38:12.6217999Z 
2026-10-10T04:38:12.6268498Z warning: variable does not need to be mutable
2026-10-10T04:38:12.6268963Z    --> vendor\yrs-0.28.0\src\transaction.rs:958:13
2026-10-10T04:38:12.6269313Z     |
2026-10-10T04:38:12.6269577Z 958 |         let mut block = Item::new(
2026-10-10T04:38:12.6269883Z     |             ----^^^^^
2026-10-10T04:38:12.6270137Z     |             |
2026-10-10T04:38:12.6270372Z     |             help: remove this `mut`
2026-10-10T04:38:12.6270681Z     |
2026-10-10T04:38:12.6271009Z     = note: `#[warn(unused_mut)]` (part of `#[warn(unused)]`) on by default
2026-10-10T04:38:12.6271350Z 
2026-10-10T04:38:13.3043780Z warning: variable does not need to be mutable
2026-10-10T04:38:13.3044364Z    --> vendor\yrs-0.28.0\src\undo.rs:133:13
2026-10-10T04:38:13.3044792Z     |
2026-10-10T04:38:13.3046843Z 133 |         let mut state = Arc::new(Inner {
2026-10-10T04:38:13.3047360Z     |             ----^^^^^
2026-10-10T04:38:13.3047664Z     |             |
2026-10-10T04:38:13.3047989Z     |             help: remove this `mut`
2026-10-10T04:38:13.3048287Z 
2026-10-10T04:38:13.3212803Z warning: unused variable: `clear_undo`
2026-10-10T04:38:13.3213463Z    --> vendor\yrs-0.28.0\src\undo.rs:379:34
2026-10-10T04:38:13.3213991Z     |
2026-10-10T04:38:13.3214471Z 379 |     fn clear_internal(&mut self, clear_undo: bool, clear_redo: bool) {
2026-10-10T04:38:13.3215194Z     |                                  ^^^^^^^^^^ help: if this is intentional, prefix it with an underscore: `_clear_undo`
2026-10-10T04:38:13.3215714Z 
2026-10-10T04:38:13.3215840Z warning: unused variable: `clear_redo`
2026-10-10T04:38:13.3216203Z    --> vendor\yrs-0.28.0\src\undo.rs:379:52
2026-10-10T04:38:13.3216553Z     |
2026-10-10T04:38:13.3216915Z 379 |     fn clear_internal(&mut self, clear_undo: bool, clear_redo: bool) {
2026-10-10T04:38:13.3217526Z     |                                                    ^^^^^^^^^^ help: if this is intentional, prefix it with an underscore: `_clear_redo`
2026-10-10T04:38:13.3217929Z 
2026-10-10T04:38:13.3717596Z warning: method `as_item` is never used
2026-10-10T04:38:13.3718251Z    --> vendor\yrs-0.28.0\src\block.rs:198:12
2026-10-10T04:38:13.3718780Z     |
2026-10-10T04:38:13.3720020Z 183 | impl<'a> BlockRef<'a> {
2026-10-10T04:38:13.3720618Z     | --------------------- method in this implementation
2026-10-10T04:38:13.3721414Z ...
2026-10-10T04:38:13.3721807Z 198 |     pub fn as_item(&self) -> Option<&'a Item> {
2026-10-10T04:38:13.3725250Z     |            ^^^^^^^
2026-10-10T04:38:13.3725672Z     |
2026-10-10T04:38:13.3726774Z     = note: `#[warn(dead_code)]` (part of `#[warn(unused)]`) on by default
2026-10-10T04:38:13.3727395Z 
2026-10-10T04:38:13.3727749Z warning: methods `last_id`, `is_item`, and `is_gc` are never used
2026-10-10T04:38:13.3728398Z    --> vendor\yrs-0.28.0\src\block.rs:264:12
2026-10-10T04:38:13.3729827Z     |
2026-10-10T04:38:13.3731202Z 221 | impl Block {
2026-10-10T04:38:13.3731696Z     | ---------- methods in this implementation
2026-10-10T04:38:13.3732836Z ...
2026-10-10T04:38:13.3733183Z 264 |     pub fn last_id(&self) -> ID {
2026-10-10T04:38:13.3734001Z     |            ^^^^^^^
2026-10-10T04:38:13.3734347Z ...
2026-10-10T04:38:13.3734668Z 281 |     pub fn is_item(&self) -> bool {
2026-10-10T04:38:13.3735102Z     |            ^^^^^^^
2026-10-10T04:38:13.3735421Z ...
2026-10-10T04:38:13.3735725Z 291 |     pub fn is_gc(&self) -> bool {
2026-10-10T04:38:13.3736586Z     |            ^^^^^
2026-10-10T04:38:13.3736803Z 
2026-10-10T04:38:13.3737156Z warning: method `delete_as_cleanup` is never used
2026-10-10T04:38:13.3737698Z    --> vendor\yrs-0.28.0\src\block.rs:632:19
2026-10-10T04:38:13.3738075Z     |
2026-10-10T04:38:13.3738314Z 444 | impl ItemPtr {
2026-10-10T04:38:13.3738648Z     | ------------ method in this implementation
2026-10-10T04:38:13.3739060Z ...
2026-10-10T04:38:13.3739562Z 632 |     pub(crate) fn delete_as_cleanup(&self, txn: &mut TransactionMut, is_local: bool) {
2026-10-10T04:38:13.3740255Z     |                   ^^^^^^^^^^^^^^^^^
2026-10-10T04:38:13.3740548Z 
2026-10-10T04:38:13.3740714Z warning: method `integrate` is never used
2026-10-10T04:38:13.3741181Z     --> vendor\yrs-0.28.0\src\block.rs:1415:19
2026-10-10T04:38:13.3741627Z      |
2026-10-10T04:38:13.3741880Z 1354 | impl BlockRange {
2026-10-10T04:38:13.3742273Z      | --------------- method in this implementation
2026-10-10T04:38:13.3742733Z ...
2026-10-10T04:38:13.3743141Z 1415 |     pub(crate) fn integrate(&mut self, pivot: u32) -> bool {
2026-10-10T04:38:13.3743671Z      |                   ^^^^^^^^^
2026-10-10T04:38:13.3743925Z 
2026-10-10T04:38:13.3744082Z warning: method `contains` is never used
2026-10-10T04:38:13.3744931Z    --> vendor\yrs-0.28.0\src\block_store.rs:300:12
2026-10-10T04:38:13.3746057Z     |
2026-10-10T04:38:13.3746554Z 289 | impl BlockStore {
2026-10-10T04:38:13.3746967Z     | --------------- method in this implementation
2026-10-10T04:38:13.3748054Z ...
2026-10-10T04:38:13.3748380Z 300 |     pub fn contains(&self, id: &ID) -> bool {
2026-10-10T04:38:13.3748836Z     |            ^^^^^^^^
2026-10-10T04:38:13.3749152Z 
2026-10-10T04:38:13.3749661Z warning: constant `WEAK_REF_FLAGS_QUOTE` is never used
2026-10-10T04:38:13.3750579Z    --> vendor\yrs-0.28.0\src\types\mod.rs:230:7
2026-10-10T04:38:13.3751222Z     |
2026-10-10T04:38:13.3751556Z 230 | const WEAK_REF_FLAGS_QUOTE: u8 = 0b0000_0001;
2026-10-10T04:38:13.3752022Z     |       ^^^^^^^^^^^^^^^^^^^^
2026-10-10T04:38:13.3752281Z 
2026-10-10T04:38:13.3752539Z warning: constant `WEAK_REF_FLAGS_START_ASSOC` is never used
2026-10-10T04:38:13.3753839Z    --> vendor\yrs-0.28.0\src\types\mod.rs:232:7
2026-10-10T04:38:13.3754673Z     |
2026-10-10T04:38:13.3755833Z 232 | const WEAK_REF_FLAGS_START_ASSOC: u8 = 0b0000_0010;
2026-10-10T04:38:13.3756381Z     |       ^^^^^^^^^^^^^^^^^^^^^^^^^^
2026-10-10T04:38:13.3757251Z 
2026-10-10T04:38:13.3757476Z warning: constant `WEAK_REF_FLAGS_END_ASSOC` is never used
2026-10-10T04:38:13.3758012Z    --> vendor\yrs-0.28.0\src\types\mod.rs:234:7
2026-10-10T04:38:13.3758439Z     |
2026-10-10T04:38:13.3759236Z 234 | const WEAK_REF_FLAGS_END_ASSOC: u8 = 0b0000_0100;
2026-10-10T04:38:13.3760453Z     |       ^^^^^^^^^^^^^^^^^^^^^^^^
2026-10-10T04:38:13.3760739Z 
2026-10-10T04:38:13.3761597Z warning: constant `WEAK_REF_FLAGS_START_UNBOUNDED` is never used
2026-10-10T04:38:13.3762239Z    --> vendor\yrs-0.28.0\src\types\mod.rs:236:7
2026-10-10T04:38:13.3763558Z     |
2026-10-10T04:38:13.3763942Z 236 | const WEAK_REF_FLAGS_START_UNBOUNDED: u8 = 0b0000_1000;
2026-10-10T04:38:13.3765253Z     |       ^^^^^^^^^^^^^^^^^^^^^^^^^^^^^^
2026-10-10T04:38:13.3765721Z 
2026-10-10T04:38:13.3766055Z warning: constant `WEAK_REF_FLAGS_END_UNBOUNDED` is never used
2026-10-10T04:38:13.3766609Z    --> vendor\yrs-0.28.0\src\types\mod.rs:238:7
2026-10-10T04:38:13.3767220Z     |
2026-10-10T04:38:13.3767620Z 238 | const WEAK_REF_FLAGS_END_UNBOUNDED: u8 = 0b0001_0000;
2026-10-10T04:38:13.3769109Z     |       ^^^^^^^^^^^^^^^^^^^^^^^^^^^^
2026-10-10T04:38:13.3769909Z 
2026-10-10T04:38:13.3770160Z warning: constant `WEAK_REF_FLAGS_PARENT_ROOT` is never used
2026-10-10T04:38:13.3770694Z    --> vendor\yrs-0.28.0\src\types\mod.rs:240:7
2026-10-10T04:38:13.3771088Z     |
2026-10-10T04:38:13.3771420Z 240 | const WEAK_REF_FLAGS_PARENT_ROOT: u8 = 0b0010_0000;
2026-10-10T04:38:13.3771886Z     |       ^^^^^^^^^^^^^^^^^^^^^^^^^^
2026-10-10T04:38:13.3772134Z 
2026-10-10T04:38:13.3772278Z warning: field `txn` is never read
2026-10-10T04:38:13.3772659Z    --> vendor\yrs-0.28.0\src\types\mod.rs:538:5
2026-10-10T04:38:13.3773046Z     |
2026-10-10T04:38:13.3773330Z 536 | pub(crate) struct Entries<'a, B, T> {
2026-10-10T04:38:13.3773760Z     |                   ------- field in this struct
2026-10-10T04:38:13.3774362Z 537 |     iter: std::collections::hash_map::Iter<'a, Arc<str>, ItemPtr>,
2026-10-10T04:38:13.3774856Z 538 |     txn: B,
2026-10-10T04:38:13.3775109Z     |     ^^^
2026-10-10T04:38:13.3775351Z     |
2026-10-10T04:38:13.3776016Z     = note: `Entries` has a derived impl for the trait `Debug`, but this is intentionally ignored during dead code analysis
2026-10-10T04:38:13.3776689Z 
2026-10-10T04:38:13.3776832Z warning: method `as_id_set` is never used
2026-10-10T04:38:13.3777248Z   --> vendor\yrs-0.28.0\src\update.rs:48:12
2026-10-10T04:38:13.3777628Z    |
2026-10-10T04:38:13.3777853Z 28 | impl BlockSet {
2026-10-10T04:38:13.3778182Z    | ------------- method in this implementation
2026-10-10T04:38:13.3778570Z ...
2026-10-10T04:38:13.3778833Z 48 |     pub fn as_id_set(&self) -> IdSet {
2026-10-10T04:38:13.3779206Z    |            ^^^^^^^^^
2026-10-10T04:38:13.3779402Z 
2026-10-10T04:38:13.3779711Z warning: associated functions `next_target` and `return_stack` are never used
2026-10-10T04:38:13.3780556Z    --> vendor\yrs-0.28.0\src\update.rs:503:8
2026-10-10T04:38:13.3780953Z     |
2026-10-10T04:38:13.3781195Z 169 | impl Update {
2026-10-10T04:38:13.3781564Z     | ----------- associated functions in this implementation
2026-10-10T04:38:13.3781994Z ...
2026-10-10T04:38:13.3782229Z 503 |     fn next_target<'a, 'b>(
2026-10-10T04:38:13.3782553Z     |        ^^^^^^^^^^^
2026-10-10T04:38:13.3782824Z ...
2026-10-10T04:38:13.3783314Z 526 |     fn return_stack(stack: Vec<Block>, refs: &mut BlockSet, remaining: &mut BlockSet) {
2026-10-10T04:38:13.3783942Z     |        ^^^^^^^^^^^^
2026-10-10T04:38:13.3784138Z 
2026-10-10T04:38:13.3784377Z warning: methods `forward`, `backward`, and `values` are never used
2026-10-10T04:38:13.3784932Z    --> vendor\yrs-0.28.0\src\block_iter.rs:76:12
2026-10-10T04:38:13.3785323Z     |
2026-10-10T04:38:13.3785560Z  18 | impl BlockIter {
2026-10-10T04:38:13.3785912Z     | -------------- methods in this implementation
2026-10-10T04:38:13.3786314Z ...
2026-10-10T04:38:13.3786674Z  76 |     pub fn forward<T: ReadTxn>(&mut self, txn: &T, len: u32) {
2026-10-10T04:38:13.3787161Z     |            ^^^^^^^
2026-10-10T04:38:13.3787427Z ...
2026-10-10T04:38:13.3787828Z 130 |     pub fn backward<T: ReadTxn>(&mut self, txn: &mut T, mut len: u32) {
2026-10-10T04:38:13.3788345Z     |            ^^^^^^^^
2026-10-10T04:38:13.3788626Z ...
2026-10-10T04:38:13.3788886Z 369 |     pub fn values<'a, 'txn, T: ReadTxn>(
2026-10-10T04:38:13.3789266Z     |            ^^^^^^
2026-10-10T04:38:13.3789446Z 
2026-10-10T04:38:13.3789608Z warning: struct `Values` is never constructed
2026-10-10T04:38:13.3790055Z    --> vendor\yrs-0.28.0\src\block_iter.rs:377:12
2026-10-10T04:38:13.3790669Z     |
2026-10-10T04:38:13.3790924Z 377 | pub struct Values<'a, 'txn> {
2026-10-10T04:38:13.3791256Z     |            ^^^^^^
2026-10-10T04:38:13.3791434Z 
2026-10-10T04:38:13.3791609Z warning: associated function `new` is never used
2026-10-10T04:38:13.3792065Z    --> vendor\yrs-0.28.0\src\block_iter.rs:383:8
2026-10-10T04:38:13.3792456Z     |
2026-10-10T04:38:13.3792712Z 382 | impl<'a, 'txn> Values<'a, 'txn> {
2026-10-10T04:38:13.3793220Z     | ------------------------------- associated function in this implementation
2026-10-10T04:38:13.3793954Z 383 |     fn new(iter: &'a mut BlockIter, txn: &'txn mut TransactionMut<'txn>) -> Self {
2026-10-10T04:38:13.3794561Z     |        ^^^
2026-10-10T04:38:13.3794729Z 
2026-10-10T04:38:13.3794869Z warning: method `remove_at` is never used
2026-10-10T04:38:13.3795275Z    --> vendor\yrs-0.28.0\src\branch.rs:398:19
2026-10-10T04:38:13.3795647Z     |
2026-10-10T04:38:13.3795874Z 222 | impl Branch {
2026-10-10T04:38:13.3796191Z     | ----------- method in this implementation
2026-10-10T04:38:13.3796568Z ...
2026-10-10T04:38:13.3797042Z 398 |     pub(crate) fn remove_at(&self, txn: &mut TransactionMut, index: u32, len: u32) -> u32 {
2026-10-10T04:38:13.3797679Z     |                   ^^^^^^^^^
2026-10-10T04:38:13.3797908Z 
2026-10-10T04:38:13.3798045Z warning: method `inner_mut` is never used
2026-10-10T04:38:13.3798457Z    --> vendor\yrs-0.28.0\src\ids.rs:548:19
2026-10-10T04:38:13.3798814Z     |
2026-10-10T04:38:13.3799062Z  58 | impl<T: Merge> IdRanges<T> {
2026-10-10T04:38:13.3799481Z     | -------------------------- method in this implementation
2026-10-10T04:38:13.3799906Z ...
2026-10-10T04:38:13.3800316Z 548 |     pub(crate) fn inner_mut(&mut self) -> &mut SmallVec<[(Range<u32>, T); 1]> {
2026-10-10T04:38:13.3800893Z     |                   ^^^^^^^^^
2026-10-10T04:38:13.3801127Z 
2026-10-10T04:38:13.3801284Z warning: trait `BlockIterator` is never used
2026-10-10T04:38:13.3801708Z  --> vendor\yrs-0.28.0\src\iter.rs:7:18
2026-10-10T04:38:13.3802075Z   |
2026-10-10T04:38:13.3802444Z 7 | pub(crate) trait BlockIterator: Iterator<Item = ItemPtr> + Sized {
2026-10-10T04:38:13.3802965Z   |                  ^^^^^^^^^^^^^
2026-10-10T04:38:13.3803187Z 
2026-10-10T04:38:13.3803368Z warning: trait `BlockSliceIterator` is never used
2026-10-10T04:38:13.3804828Z   --> vendor\yrs-0.28.0\src\iter.rs:16:18
2026-10-10T04:38:13.3805259Z    |
2026-10-10T04:38:13.3805704Z 16 | pub(crate) trait BlockSliceIterator: Iterator<Item = ItemSlice> + Sized {
2026-10-10T04:38:13.3806303Z    |                  ^^^^^^^^^^^^^^^^^^
2026-10-10T04:38:13.3806568Z 
2026-10-10T04:38:13.3806735Z warning: struct `RangeIter` is never constructed
2026-10-10T04:38:13.3807205Z    --> vendor\yrs-0.28.0\src\iter.rs:106:19
2026-10-10T04:38:13.3807568Z     |
2026-10-10T04:38:13.3807808Z 106 | pub(crate) struct RangeIter<I> {
2026-10-10T04:38:13.3808166Z     |                   ^^^^^^^^^
2026-10-10T04:38:13.3808382Z 
2026-10-10T04:38:13.3808608Z warning: associated items `new` and `begin` are never used
2026-10-10T04:38:13.3809074Z    --> vendor\yrs-0.28.0\src\iter.rs:117:8
2026-10-10T04:38:13.3809429Z     |
2026-10-10T04:38:13.3809667Z 113 | / impl<I> RangeIter<I>
2026-10-10T04:38:13.3809978Z 114 | | where
2026-10-10T04:38:13.3810251Z 115 | |     I: Iterator<Item = ItemPtr>,
2026-10-10T04:38:13.3810793Z     | |________________________________- associated items in this implementation
2026-10-10T04:38:13.3811300Z 116 |   {
2026-10-10T04:38:13.3811686Z 117 |       fn new(iter: I, start: StickyIndex, end: StickyIndex) -> Self {
2026-10-10T04:38:13.3812187Z     |          ^^^
2026-10-10T04:38:13.3812432Z ...
2026-10-10T04:38:13.3812822Z 126 |       fn begin(&mut self, start_offset: &mut u32) -> Option<ItemPtr> {
2026-10-10T04:38:13.3813358Z     |          ^^^^^
2026-10-10T04:38:13.3813532Z 
2026-10-10T04:38:13.3813689Z warning: enum `RangeIterState` is never used
2026-10-10T04:38:13.3814105Z    --> vendor\yrs-0.28.0\src\iter.rs:234:6
2026-10-10T04:38:13.3814666Z     |
2026-10-10T04:38:13.3814921Z 234 | enum RangeIterState {
2026-10-10T04:38:13.3815232Z     |      ^^^^^^^^^^^^^^
2026-10-10T04:38:13.3815431Z 
2026-10-10T04:38:13.3815585Z warning: struct `Values` is never constructed
2026-10-10T04:38:13.3816010Z    --> vendor\yrs-0.28.0\src\iter.rs:245:19
2026-10-10T04:38:13.3816367Z     |
2026-10-10T04:38:13.3816626Z 245 | pub(crate) struct Values<I> {
2026-10-10T04:38:13.3816973Z     |                   ^^^^^^
2026-10-10T04:38:13.3817173Z 
2026-10-10T04:38:13.3817338Z warning: associated function `new` is never used
2026-10-10T04:38:13.3817763Z    --> vendor\yrs-0.28.0\src\iter.rs:251:8
2026-10-10T04:38:13.3818112Z     |
2026-10-10T04:38:13.3818346Z 250 | impl<I> Values<I> {
2026-10-10T04:38:13.3818743Z     | ----------------- associated function in this implementation
2026-10-10T04:38:13.3819229Z 251 |     fn new(iter: I) -> Self {
2026-10-10T04:38:13.3819570Z     |        ^^^
2026-10-10T04:38:13.3819736Z 
2026-10-10T04:38:13.3819872Z warning: field `txn` is never read
2026-10-10T04:38:13.3820253Z    --> vendor\yrs-0.28.0\src\iter.rs:287:5
2026-10-10T04:38:13.3820603Z     |
2026-10-10T04:38:13.3820841Z 286 | pub struct AsIter<'a, T, I> {
2026-10-10T04:38:13.3821203Z     |            ------ field in this struct
2026-10-10T04:38:13.3821563Z 287 |     txn: &'a T,
2026-10-10T04:38:13.3821830Z     |     ^^^
2026-10-10T04:38:13.3822055Z     |
2026-10-10T04:38:13.3822707Z     = note: `AsIter` has a derived impl for the trait `Debug`, but this is intentionally ignored during dead code analysis
2026-10-10T04:38:13.3823363Z 
2026-10-10T04:38:13.3823681Z warning: methods `adjacent`, `contains_id`, `right`, and `left` are never used
2026-10-10T04:38:13.3824295Z    --> vendor\yrs-0.28.0\src\slice.rs:164:12
2026-10-10T04:38:13.3824671Z     |
2026-10-10T04:38:13.3824922Z 105 | impl ItemSlice {
2026-10-10T04:38:13.3825254Z     | -------------- methods in this implementation
2026-10-10T04:38:13.3825641Z ...
2026-10-10T04:38:13.3826090Z 164 |     pub fn adjacent(&self) -> bool {
2026-10-10T04:38:13.3826556Z     |            ^^^^^^^^
2026-10-10T04:38:13.3826917Z ...
2026-10-10T04:38:13.3827334Z 179 |     pub fn contains_id(&self, id: &ID) -> bool {
2026-10-10T04:38:13.3827837Z     |            ^^^^^^^^^^^
2026-10-10T04:38:13.3828210Z ...
2026-10-10T04:38:13.3828826Z 249 |     pub fn right(&self) -> Option<ItemSlice> {
2026-10-10T04:38:13.3829368Z     |            ^^^^^
2026-10-10T04:38:13.3829759Z ...
2026-10-10T04:38:13.3830130Z 269 |     pub fn left(&self) -> Option<ItemSlice> {
2026-10-10T04:38:13.3830701Z     |            ^^^^
2026-10-10T04:38:13.3830934Z 
2026-10-10T04:38:13.3831248Z warning: methods `within_range` and `get_item` are never used
2026-10-10T04:38:13.3831941Z    --> vendor\yrs-0.28.0\src\sticky_index.rs:272:19
2026-10-10T04:38:13.3832491Z     |
2026-10-10T04:38:13.3895216Z  51 | impl StickyIndex {
2026-10-10T04:38:13.3895976Z     | ---------------- methods in this implementation
2026-10-10T04:38:13.3896484Z ...
2026-10-10T04:38:13.3897246Z 272 |     pub(crate) fn within_range(&self, ptr: Option<ItemPtr>) -> bool {
2026-10-10T04:38:13.3898840Z     |                   ^^^^^^^^^^^^
2026-10-10T04:38:13.3899239Z ...
2026-10-10T04:38:13.3899741Z 287 |     pub(crate) fn get_item<T: ReadTxn>(&self, txn: &T) -> Option<ItemPtr> {
2026-10-10T04:38:13.3900390Z     |                   ^^^^^^^^
2026-10-10T04:38:13.3900649Z 
2026-10-10T04:38:13.3901100Z warning: hiding a lifetime that's elided elsewhere is confusing
2026-10-10T04:38:13.3901728Z   --> vendor\yrs-0.28.0\src\event.rs:63:18
2026-10-10T04:38:13.3902115Z    |
2026-10-10T04:38:13.3902463Z 63 |     pub fn added(&self) -> SubdocsEventIter {
2026-10-10T04:38:13.3903020Z    |                  ^^^^^     ^^^^^^^^^^^^^^^^ the same lifetime is hidden here
2026-10-10T04:38:13.3903755Z    |                  |
2026-10-10T04:38:13.3904122Z    |                  the lifetime is elided here
2026-10-10T04:38:13.3904551Z    |
2026-10-10T04:38:13.3905374Z    = help: the same lifetime is referred to in inconsistent ways, making the signature confusing
2026-10-10T04:38:13.3906161Z    = note: `#[warn(mismatched_lifetime_syntaxes)]` on by default
2026-10-10T04:38:13.3906658Z help: use `'_` for type paths
2026-10-10T04:38:13.3907222Z    |
2026-10-10T04:38:13.3907713Z 63 |     pub fn added(&self) -> SubdocsEventIter<'_> {
2026-10-10T04:38:13.3908183Z    |                                            ++++
2026-10-10T04:38:13.3908469Z 
2026-10-10T04:38:13.3908713Z warning: hiding a lifetime that's elided elsewhere is confusing
2026-10-10T04:38:13.3909255Z   --> vendor\yrs-0.28.0\src\event.rs:69:20
2026-10-10T04:38:13.3909624Z    |
2026-10-10T04:38:13.3909932Z 69 |     pub fn removed(&self) -> SubdocsEventIter {
2026-10-10T04:38:13.3910463Z    |                    ^^^^^     ^^^^^^^^^^^^^^^^ the same lifetime is hidden here
2026-10-10T04:38:13.3910955Z    |                    |
2026-10-10T04:38:13.3911291Z    |                    the lifetime is elided here
2026-10-10T04:38:13.3911677Z    |
2026-10-10T04:38:13.3912183Z    = help: the same lifetime is referred to in inconsistent ways, making the signature confusing
2026-10-10T04:38:13.3912848Z help: use `'_` for type paths
2026-10-10T04:38:13.3913155Z    |
2026-10-10T04:38:13.3913474Z 69 |     pub fn removed(&self) -> SubdocsEventIter<'_> {
2026-10-10T04:38:13.3913945Z    |                                              ++++
2026-10-10T04:38:13.3914230Z 
2026-10-10T04:38:13.3914498Z warning: hiding a lifetime that's elided elsewhere is confusing
2026-10-10T04:38:13.3915105Z   --> vendor\yrs-0.28.0\src\event.rs:75:19
2026-10-10T04:38:13.3915507Z    |
2026-10-10T04:38:13.3915827Z 75 |     pub fn loaded(&self) -> SubdocsEventIter {
2026-10-10T04:38:13.3916434Z    |                   ^^^^^     ^^^^^^^^^^^^^^^^ the same lifetime is hidden here
2026-10-10T04:38:13.3916920Z    |                   |
2026-10-10T04:38:13.3917691Z    |                   the lifetime is elided here
2026-10-10T04:38:13.3918307Z    |
2026-10-10T04:38:13.3918854Z    = help: the same lifetime is referred to in inconsistent ways, making the signature confusing
2026-10-10T04:38:13.3919578Z help: use `'_` for type paths
2026-10-10T04:38:13.3919904Z    |
2026-10-10T04:38:13.3920228Z 75 |     pub fn loaded(&self) -> SubdocsEventIter<'_> {
2026-10-10T04:38:13.3920930Z    |                                             ++++
2026-10-10T04:38:13.3921226Z 
2026-10-10T04:38:13.3921490Z warning: hiding a lifetime that's elided elsewhere is confusing
2026-10-10T04:38:13.3922041Z    --> vendor\yrs-0.28.0\src\store.rs:358:20
2026-10-10T04:38:13.3922409Z     |
2026-10-10T04:38:13.3922686Z 358 |     pub fn subdocs(&self) -> SubdocsIter {
2026-10-10T04:38:13.3923171Z     |                    ^^^^^     ^^^^^^^^^^^ the same lifetime is hidden here
2026-10-10T04:38:13.3923630Z     |                    |
2026-10-10T04:38:13.3923980Z     |                    the lifetime is elided here
2026-10-10T04:38:13.3924354Z     |
2026-10-10T04:38:13.3924872Z     = help: the same lifetime is referred to in inconsistent ways, making the signature confusing
2026-10-10T04:38:13.3925546Z help: use `'_` for type paths
2026-10-10T04:38:13.3925855Z     |
2026-10-10T04:38:13.3926152Z 358 |     pub fn subdocs(&self) -> SubdocsIter<'_> {
2026-10-10T04:38:13.3926605Z     |                                         ++++
2026-10-10T04:38:13.3926883Z 
2026-10-10T04:38:13.3927119Z warning: hiding a lifetime that's elided elsewhere is confusing
2026-10-10T04:38:13.3927645Z    --> vendor\yrs-0.28.0\src\store.rs:364:25
2026-10-10T04:38:13.3928028Z     |
2026-10-10T04:38:13.3928350Z 364 |     pub fn subdoc_guids(&self) -> SubdocGuids {
2026-10-10T04:38:13.3928890Z     |                         ^^^^^     ^^^^^^^^^^^ the same lifetime is hidden here
2026-10-10T04:38:13.3929347Z     |                         |
2026-10-10T04:38:13.3929703Z     |                         the lifetime is elided here
2026-10-10T04:38:13.3930085Z     |
2026-10-10T04:38:13.3930598Z     = help: the same lifetime is referred to in inconsistent ways, making the signature confusing
2026-10-10T04:38:13.3931511Z help: use `'_` for type paths
2026-10-10T04:38:13.3931822Z     |
2026-10-10T04:38:13.3932132Z 364 |     pub fn subdoc_guids(&self) -> SubdocGuids<'_> {
2026-10-10T04:38:13.3932601Z     |                                              ++++
2026-10-10T04:38:13.3932882Z 
2026-10-10T04:38:13.3933130Z warning: hiding a lifetime that's elided elsewhere is confusing
2026-10-10T04:38:13.3933668Z    --> vendor\yrs-0.28.0\src\store.rs:444:28
2026-10-10T04:38:13.3934046Z     |
2026-10-10T04:38:13.3934449Z 444 |     pub(crate) fn try_read(&self) -> Option<RwLockReadGuard<Store>> {
2026-10-10T04:38:13.3935125Z     |                            ^^^^^            ^^^^^^^^^^^^^^^^^^^^^^ the same lifetime is hidden here
2026-10-10T04:38:13.3935634Z     |                            |
2026-10-10T04:38:13.3936037Z     |                            the lifetime is elided here
2026-10-10T04:38:13.3936442Z     |
2026-10-10T04:38:13.3936972Z     = help: the same lifetime is referred to in inconsistent ways, making the signature confusing
2026-10-10T04:38:13.3937636Z help: use `'_` for type paths
2026-10-10T04:38:13.3937957Z     |
2026-10-10T04:38:13.3938358Z 444 |     pub(crate) fn try_read(&self) -> Option<RwLockReadGuard<'_, Store>> {
2026-10-10T04:38:13.3938947Z     |                                                             +++
2026-10-10T04:38:13.3939264Z 
2026-10-10T04:38:13.3939509Z warning: hiding a lifetime that's elided elsewhere is confusing
2026-10-10T04:38:13.3940046Z    --> vendor\yrs-0.28.0\src\store.rs:449:33
2026-10-10T04:38:13.3940411Z     |
2026-10-10T04:38:13.3940795Z 449 |     pub(crate) fn read_blocking(&self) -> RwLockReadGuard<Store> {
2026-10-10T04:38:13.3941432Z     |                                 ^^^^^     ^^^^^^^^^^^^^^^^^^^^^^ the same lifetime is hidden here
2026-10-10T04:38:13.3941943Z     |                                 |
2026-10-10T04:38:13.3942350Z     |                                 the lifetime is elided here
2026-10-10T04:38:13.3942769Z     |
2026-10-10T04:38:13.3943332Z     = help: the same lifetime is referred to in inconsistent ways, making the signature confusing
2026-10-10T04:38:13.3944012Z help: use `'_` for type paths
2026-10-10T04:38:13.3944329Z     |
2026-10-10T04:38:13.3944938Z 449 |     pub(crate) fn read_blocking(&self) -> RwLockReadGuard<'_, Store> {
2026-10-10T04:38:13.3945532Z     |                                                           +++
2026-10-10T04:38:13.3945861Z 
2026-10-10T04:38:13.3946097Z warning: hiding a lifetime that's elided elsewhere is confusing
2026-10-10T04:38:13.3946625Z    --> vendor\yrs-0.28.0\src\store.rs:458:30
2026-10-10T04:38:13.3947000Z     |
2026-10-10T04:38:13.3947341Z 458 |     pub(crate) fn read_async(&self) -> Read<Store> {
2026-10-10T04:38:13.3947872Z     |                              ^^^^^     ^^^^^^^^^^^ the same lifetime is hidden here
2026-10-10T04:38:13.3948351Z     |                              |
2026-10-10T04:38:13.3948748Z     |                              the lifetime is elided here
2026-10-10T04:38:13.3949135Z     |
2026-10-10T04:38:13.3949638Z     = help: the same lifetime is referred to in inconsistent ways, making the signature confusing
2026-10-10T04:38:13.3950300Z help: use `'_` for type paths
2026-10-10T04:38:13.3950609Z     |
2026-10-10T04:38:13.3950954Z 458 |     pub(crate) fn read_async(&self) -> Read<'_, Store> {
2026-10-10T04:38:13.3951437Z     |                                             +++
2026-10-10T04:38:13.3951707Z 
2026-10-10T04:38:13.3951945Z warning: hiding a lifetime that's elided elsewhere is confusing
2026-10-10T04:38:13.3952479Z    --> vendor\yrs-0.28.0\src\store.rs:462:29
2026-10-10T04:38:13.3952858Z     |
2026-10-10T04:38:13.3953267Z 462 |     pub(crate) fn try_write(&self) -> Option<RwLockWriteGuard<Store>> {
2026-10-10T04:38:13.3953959Z     |                             ^^^^^            ^^^^^^^^^^^^^^^^^^^^^^^ the same lifetime is hidden here
2026-10-10T04:38:13.3954700Z     |                             |
2026-10-10T04:38:13.3955082Z     |                             the lifetime is elided here
2026-10-10T04:38:13.3955470Z     |
2026-10-10T04:38:13.3955973Z     = help: the same lifetime is referred to in inconsistent ways, making the signature confusing
2026-10-10T04:38:13.3956635Z help: use `'_` for type paths
2026-10-10T04:38:13.3956949Z     |
2026-10-10T04:38:13.3957372Z 462 |     pub(crate) fn try_write(&self) -> Option<RwLockWriteGuard<'_, Store>> {
2026-10-10T04:38:13.3957952Z     |                                                               +++
2026-10-10T04:38:13.3958291Z 
2026-10-10T04:38:13.3958524Z warning: hiding a lifetime that's elided elsewhere is confusing
2026-10-10T04:38:13.3959045Z    --> vendor\yrs-0.28.0\src\store.rs:467:34
2026-10-10T04:38:13.3959416Z     |
2026-10-10T04:38:13.3959790Z 467 |     pub(crate) fn write_blocking(&self) -> RwLockWriteGuard<Store> {
2026-10-10T04:38:13.3960457Z     |                                  ^^^^^     ^^^^^^^^^^^^^^^^^^^^^^^ the same lifetime is hidden here
2026-10-10T04:38:13.3960946Z     |                                  |
2026-10-10T04:38:13.3961357Z     |                                  the lifetime is elided here
2026-10-10T04:38:13.3961756Z     |
2026-10-10T04:38:13.3962259Z     = help: the same lifetime is referred to in inconsistent ways, making the signature confusing
2026-10-10T04:38:13.3962933Z help: use `'_` for type paths
2026-10-10T04:38:13.3963248Z     |
2026-10-10T04:38:13.3963655Z 467 |     pub(crate) fn write_blocking(&self) -> RwLockWriteGuard<'_, Store> {
2026-10-10T04:38:13.3964224Z     |                                                             +++
2026-10-10T04:38:13.3964525Z 
2026-10-10T04:38:13.3964773Z warning: hiding a lifetime that's elided elsewhere is confusing
2026-10-10T04:38:13.3965300Z    --> vendor\yrs-0.28.0\src\store.rs:476:31
2026-10-10T04:38:13.3965667Z     |
2026-10-10T04:38:13.3965988Z 476 |     pub(crate) fn write_async(&self) -> Write<Store> {
2026-10-10T04:38:13.3966561Z     |                               ^^^^^     ^^^^^^^^^^^^ the same lifetime is hidden here
2026-10-10T04:38:13.3967092Z     |                               |
2026-10-10T04:38:13.3967518Z     |                               the lifetime is elided here
2026-10-10T04:38:13.3967936Z     |
2026-10-10T04:38:13.3969945Z     = help: the same lifetime is referred to in inconsistent ways, making the signature confusing
2026-10-10T04:38:13.3970740Z help: use `'_` for type paths
2026-10-10T04:38:13.3971067Z     |
2026-10-10T04:38:13.3971429Z 476 |     pub(crate) fn write_async(&self) -> Write<'_, Store> {
2026-10-10T04:38:13.3971916Z     |                                               +++
2026-10-10T04:38:13.3972194Z 
2026-10-10T04:38:13.3972446Z warning: hiding a lifetime that's elided elsewhere is confusing
2026-10-10T04:38:13.3973031Z    --> vendor\yrs-0.28.0\src\transaction.rs:168:18
2026-10-10T04:38:13.3973439Z     |
2026-10-10T04:38:13.3973714Z 168 |     fn root_refs(&self) -> RootRefs {
2026-10-10T04:38:13.3974188Z     |                  ^^^^^     ^^^^^^^^ the same lifetime is hidden here
2026-10-10T04:38:13.3974647Z     |                  |
2026-10-10T04:38:13.3974982Z     |                  the lifetime is elided here
2026-10-10T04:38:13.3975366Z     |
2026-10-10T04:38:13.3975923Z     = help: the same lifetime is referred to in inconsistent ways, making the signature confusing
2026-10-10T04:38:13.3976592Z help: use `'_` for type paths
2026-10-10T04:38:13.3976906Z     |
2026-10-10T04:38:13.3977178Z 168 |     fn root_refs(&self) -> RootRefs<'_> {
2026-10-10T04:38:13.3977590Z     |                                    ++++
2026-10-10T04:38:13.3977860Z 
2026-10-10T04:38:13.3978111Z warning: hiding a lifetime that's elided elsewhere is confusing
2026-10-10T04:38:13.3978682Z    --> vendor\yrs-0.28.0\src\transaction.rs:175:21
2026-10-10T04:38:13.3979084Z     |
2026-10-10T04:38:13.3979380Z 175 |     fn subdoc_guids(&self) -> SubdocGuids {
2026-10-10T04:38:13.3980105Z     |                     ^^^^^     ^^^^^^^^^^^ the same lifetime is hidden here
2026-10-10T04:38:13.3980563Z     |                     |
2026-10-10T04:38:13.3980902Z     |                     the lifetime is elided here
2026-10-10T04:38:13.3981290Z     |
2026-10-10T04:38:13.3981797Z     = help: the same lifetime is referred to in inconsistent ways, making the signature confusing
2026-10-10T04:38:13.3982467Z help: use `'_` for type paths
2026-10-10T04:38:13.3982776Z     |
2026-10-10T04:38:13.3983065Z 175 |     fn subdoc_guids(&self) -> SubdocGuids<'_> {
2026-10-10T04:38:13.3983510Z     |                                          ++++
2026-10-10T04:38:13.3983789Z 
2026-10-10T04:38:13.3984038Z warning: hiding a lifetime that's elided elsewhere is confusing
2026-10-10T04:38:13.3984573Z    --> vendor\yrs-0.28.0\src\transaction.rs:181:16
2026-10-10T04:38:13.3984971Z     |
2026-10-10T04:38:13.3985244Z 181 |     fn subdocs(&self) -> SubdocsIter {
2026-10-10T04:38:13.3985706Z     |                ^^^^^     ^^^^^^^^^^^ the same lifetime is hidden here
2026-10-10T04:38:13.3986149Z     |                |
2026-10-10T04:38:13.3986467Z     |                the lifetime is elided here
2026-10-10T04:38:13.3986835Z     |
2026-10-10T04:38:13.3987351Z     = help: the same lifetime is referred to in inconsistent ways, making the signature confusing
2026-10-10T04:38:13.3988026Z help: use `'_` for type paths
2026-10-10T04:38:13.3988360Z     |
2026-10-10T04:38:13.3988646Z 181 |     fn subdocs(&self) -> SubdocsIter<'_> {
2026-10-10T04:38:13.3989093Z     |                                     ++++
2026-10-10T04:38:13.3989341Z 
2026-10-10T04:38:13.3989576Z warning: hiding a lifetime that's elided elsewhere is confusing
2026-10-10T04:38:13.3990100Z    --> vendor\yrs-0.28.0\src\types\mod.rs:911:17
2026-10-10T04:38:13.3990482Z     |
2026-10-10T04:38:13.3990748Z 911 |     pub fn iter(&self) -> EventsIter {
2026-10-10T04:38:13.3991183Z     |                 ^^^^^     ^^^^^^^^^^ the same lifetime is hidden here
2026-10-10T04:38:13.3991638Z     |                 |
2026-10-10T04:38:13.3991958Z     |                 the lifetime is elided here
2026-10-10T04:38:13.3992329Z     |
2026-10-10T04:38:13.3992828Z     = help: the same lifetime is referred to in inconsistent ways, making the signature confusing
2026-10-10T04:38:13.3993470Z help: use `'_` for type paths
2026-10-10T04:38:13.3993963Z     |
2026-10-10T04:38:13.3994251Z 911 |     pub fn iter(&self) -> EventsIter<'_> {
2026-10-10T04:38:13.3994651Z     |                                     ++++
2026-10-10T04:38:13.3994919Z 
2026-10-10T04:38:13.4078148Z warning: hiding a lifetime that's elided elsewhere is confusing
2026-10-10T04:38:13.4078791Z   --> vendor\yrs-0.28.0\src\state_vector.rs:93:17
2026-10-10T04:38:13.4079216Z    |
2026-10-10T04:38:13.4079727Z 93 |     pub fn iter(&self) -> std::collections::hash_map::Iter<ClientID, u32> {
2026-10-10T04:38:13.4080418Z    |                 ^^^^^     ^^^^^^^^^^^^^^^^^^^^^^^^^^^^^^^^^^^^^^^^^^^^^^^ the same lifetime is hidden here
2026-10-10T04:38:13.4081037Z    |                 |
2026-10-10T04:38:13.4081358Z    |                 the lifetime is elided here
2026-10-10T04:38:13.4081724Z    |
2026-10-10T04:38:13.4082231Z    = help: the same lifetime is referred to in inconsistent ways, making the signature confusing
2026-10-10T04:38:13.4082916Z help: use `'_` for type paths
2026-10-10T04:38:13.4083259Z    |
2026-10-10T04:38:13.4083706Z 93 |     pub fn iter(&self) -> std::collections::hash_map::Iter<'_, ClientID, u32> {
2026-10-10T04:38:13.4084316Z    |                                                            +++
2026-10-10T04:38:13.4084633Z 
2026-10-10T04:38:13.4092959Z warning: hiding a lifetime that's elided elsewhere is confusing
2026-10-10T04:38:13.4093612Z    --> vendor\yrs-0.28.0\src\sync\awareness.rs:141:17
2026-10-10T04:38:13.4094070Z     |
2026-10-10T04:38:13.4094298Z 141 |     pub fn iter(&self) -> AwarenessIter {
2026-10-10T04:38:13.4094624Z     |                 ^^^^^     ^^^^^^^^^^^^^ the same lifetime is hidden here
2026-10-10T04:38:13.4095958Z     |                 |
2026-10-10T04:38:13.4096184Z     |                 the lifetime is elided here
2026-10-10T04:38:13.4096430Z     |
2026-10-10T04:38:13.4096776Z     = help: the same lifetime is referred to in inconsistent ways, making the signature confusing
2026-10-10T04:38:13.4097227Z help: use `'_` for type paths
2026-10-10T04:38:13.4097439Z     |
2026-10-10T04:38:13.4097640Z 141 |     pub fn iter(&self) -> AwarenessIter<'_> {
2026-10-10T04:38:13.4097943Z     |                                        ++++
2026-10-10T04:38:13.4098125Z 
2026-10-10T04:38:24.2092798Z warning: `yrs` (lib) generated 58 warnings (run `cargo fix --lib -p yrs` to apply 27 suggestions)
2026-10-10T04:38:24.2093451Z    Compiling tandemlog-text v0.0.0 (D:\a\tandemlog\tandemlog\native\text_engine)
2026-10-10T04:38:43.7008195Z     Finished `release` profile [optimized] target(s) in 44.89s
2026-10-10T04:38:43.8220665Z Required production native ABI loaded: D:\a\_temp\native-unit\tandemlog_text.dll
2026-10-10T04:38:43.8486174Z ##[group]Run flutter test
2026-10-10T04:38:43.8486491Z [36;1mflutter test[0m
2026-10-10T04:38:43.8526343Z shell: C:\Program Files\PowerShell\7\pwsh.EXE -command ". '{0}'"
2026-10-10T04:38:43.8526674Z env:
2026-10-10T04:38:43.8526909Z   CARGO_HOME: D:\a\_temp\tandemlog-rust-bootstrap\cargo
2026-10-10T04:38:43.8527267Z   RUSTUP_HOME: D:\a\_temp\tandemlog-rust-bootstrap\rustup
2026-10-10T04:38:43.8527639Z   RUSTUP_UPDATE_ROOT: https://static.rust-lang.org/rustup
2026-10-10T04:38:43.8527991Z   RUSTUP_DIST_SERVER: https://static.rust-lang.org
2026-10-10T04:38:43.8528277Z   RUSTUP_AUTO_INSTALL: 0
2026-10-10T04:38:43.8528589Z   TANDEMLOG_TEXT_TARGET_DIR: D:\a\_temp\tandemlog-rust-bootstrap\target
2026-10-10T04:38:43.8529026Z   TANDEMLOG_TEXT_LIBRARY: D:\a\_temp\native-unit\tandemlog_text.dll
2026-10-10T04:38:43.8529352Z ##[endgroup]
2026-10-10T04:38:44.8582584Z Resolving dependencies...
2026-10-10T04:38:44.9485210Z Downloading packages...
2026-10-10T04:38:45.1078090Z   code_assets 1.2.1 (2.1.0 available)
2026-10-10T04:38:45.1078610Z   cross_file 0.3.5+5 (0.4.0 available)
2026-10-10T04:38:45.1078970Z   jni 1.0.3 (1.1.0 available)
2026-10-10T04:38:45.1079224Z   jni_flutter 1.0.3 (1.0.4+1 available)
2026-10-10T04:38:45.1079537Z   material_color_utilities 0.13.0 (0.13.1 available)
2026-10-10T04:38:45.1079868Z   native_toolchain_c 0.19.3 (0.19.5 available)
2026-10-10T04:38:45.1080162Z   objective_c 9.5.0 (9.6.2 available)
2026-10-10T04:38:45.1080431Z   test_api 0.7.12 (0.7.15 available)
2026-10-10T04:38:45.1080692Z   url_launcher 6.3.2 (6.3.3 available)
2026-10-10T04:38:45.1080958Z   vector_math 2.4.0 (2.4.3 available)
2026-10-10T04:38:45.1081210Z Got dependencies!
2026-10-10T04:38:45.1081844Z 10 packages have newer versions incompatible with dependency constraints.
2026-10-10T04:38:45.1084401Z Try `flutter pub outdated` for more information.
2026-10-10T04:38:48.7318708Z 
2026-10-10T04:38:57.2774489Z ##[group]✅ Passing tests
2026-10-10T04:38:57.2775317Z ✅ D:/a/tandemlog/tandemlog/test/android_log_folder_test.dart: range bridge returns suffix and exposes nonseekable fallback explicitly
2026-10-10T04:38:57.2818583Z ✅ D:/a/tandemlog/tandemlog/test/android_log_folder_test.dart: range truncation/provider errors remain failures rather than fallback
2026-10-10T04:38:57.2955138Z ✅ D:/a/tandemlog/tandemlog/test/android_log_folder_test.dart: unsupported watch retains 15-second foreground fallback and retries
2026-10-10T04:38:57.3024237Z ✅ D:/a/tandemlog/tandemlog/test/android_log_folder_test.dart: metadata remains optional observations and never creates trusted stamps
2026-10-10T04:38:57.3136509Z ✅ D:/a/tandemlog/tandemlog/test/android_log_folder_test.dart: list rejects duplicate tandemlog-space.json before returning observations (same identity: false)
2026-10-10T04:38:57.3170953Z ✅ D:/a/tandemlog/tandemlog/test/android_log_folder_test.dart: list rejects duplicate tandemlog-space.json before returning observations (same identity: true)
2026-10-10T04:38:57.3201090Z ✅ D:/a/tandemlog/tandemlog/test/android_log_folder_test.dart: list rejects duplicate writer.jsonl before returning observations (same identity: false)
2026-10-10T04:38:57.3242862Z ✅ D:/a/tandemlog/tandemlog/test/android_log_folder_test.dart: list rejects duplicate writer.jsonl before returning observations (same identity: true)
2026-10-10T04:38:57.3277213Z ✅ D:/a/tandemlog/tandemlog/test/android_log_folder_test.dart: unrelated duplicate names do not reject the folder
2026-10-10T04:38:57.3318832Z ✅ D:/a/tandemlog/tandemlog/test/android_log_folder_test.dart: list preserves native duplicate-name diagnostics and fails closed
2026-10-10T04:38:57.3350297Z ✅ D:/a/tandemlog/tandemlog/test/android_log_folder_test.dart: read preserves native duplicate-name diagnostics and fails closed
2026-10-10T04:38:57.3378575Z ✅ D:/a/tandemlog/tandemlog/test/android_log_folder_test.dart: readFrom preserves native duplicate-name diagnostics and fails closed
2026-10-10T04:38:57.3414820Z ✅ D:/a/tandemlog/tandemlog/test/android_log_folder_test.dart: append preserves native duplicate-name diagnostics and fails closed
2026-10-10T04:38:57.3443320Z ✅ D:/a/tandemlog/tandemlog/test/android_log_folder_test.dart: create preserves native duplicate-name diagnostics and fails closed
2026-10-10T04:38:57.3509620Z ✅ D:/a/tandemlog/tandemlog/test/android_log_folder_test.dart: watch cancellation and old callbacks cannot trigger the new folder
2026-10-10T04:38:57.3546091Z ✅ D:/a/tandemlog/tandemlog/test/android_log_folder_test.dart: unsupported watch activation becomes a stream error for polling fallback
2026-10-10T04:38:57.3595045Z ✅ D:/a/tandemlog/tandemlog/test/android_log_folder_test.dart: observer error is delivered and a resumed watch uses fresh token
2026-10-10T04:38:57.3635932Z ✅ D:/a/tandemlog/tandemlog/test/android_log_folder_test.dart: successful folder calls preserve bytes, names and forced revalidation
2026-10-10T04:38:57.3673050Z ✅ D:/a/tandemlog/tandemlog/test/android_log_folder_test.dart: missing manifest gives restoration guidance without blaming permission
2026-10-10T04:38:57.3705113Z ✅ D:/a/tandemlog/tandemlog/test/android_log_folder_test.dart: list generic IO failure stays honest and omits provider internals
2026-10-10T04:38:57.3733243Z ✅ D:/a/tandemlog/tandemlog/test/android_log_folder_test.dart: read generic IO failure stays honest and omits provider internals
2026-10-10T04:38:57.3759682Z ✅ D:/a/tandemlog/tandemlog/test/android_log_folder_test.dart: append generic IO failure stays honest and omits provider internals
2026-10-10T04:38:57.3787454Z ✅ D:/a/tandemlog/tandemlog/test/android_log_folder_test.dart: create generic IO failure stays honest and omits provider internals
2026-10-10T04:38:57.3827203Z ✅ D:/a/tandemlog/tandemlog/test/android_log_folder_test.dart: actual denied access and picker failures have specific recovery
2026-10-10T04:38:57.3857393Z ✅ D:/a/tandemlog/tandemlog/test/android_log_folder_test.dart: presentation retains partial progress and canonical validation messages
2026-10-10T04:38:57.3887051Z ✅ D:/a/tandemlog/tandemlog/test/android_log_folder_test.dart: food duplicates remain visible for module-scoped admission
2026-10-10T04:38:57.3917737Z ✅ D:/a/tandemlog/tandemlog/test/android_log_folder_test.dart: bounded food reads send the limit to the provider
2026-10-10T04:38:58.0051459Z ✅ D:/a/tandemlog/tandemlog/test/android_recovery_harness_test.dart: populated shared folder is rejected before native initialization
2026-10-10T04:39:00.5711297Z ✅ D:/a/tandemlog/tandemlog/test/batch_storage_test.dart: 1-task create/edit/tag/move/delete/Undo use one durable append/cache transaction
2026-10-10T04:39:02.8678760Z ✅ D:/a/tandemlog/tandemlog/test/android_recovery_harness_test.dart: bounded recovery harness passes all six synthetic cases
2026-10-10T04:39:03.2416205Z ✅ D:/a/tandemlog/tandemlog/test/batch_storage_test.dart: 30-task create/edit/tag/move/delete/Undo use one durable append/cache transaction
2026-10-10T04:39:07.5524836Z ✅ D:/a/tandemlog/tandemlog/test/bulk_apply_semantics_test.dart: bulk apply names and accessible actions isolate fields at (900.0, 1.0)
2026-10-10T04:39:08.1821219Z ✅ D:/a/tandemlog/tandemlog/test/batch_storage_test.dart: 100-task create/edit/tag/move/delete/Undo use one durable append/cache transaction
2026-10-10T04:39:08.5010639Z ✅ D:/a/tandemlog/tandemlog/test/batch_storage_test.dart: capture before write reconciles exact records and never discards incomplete tail
2026-10-10T04:39:08.8927620Z ✅ D:/a/tandemlog/tandemlog/test/bulk_apply_semantics_test.dart: bulk apply names and accessible actions isolate fields at (390.0, 2.0)
2026-10-10T04:39:08.9738370Z ✅ D:/a/tandemlog/tandemlog/test/batch_storage_test.dart: capture prefix write reconciles exact records and never discards incomplete tail
2026-10-10T04:39:09.3993474Z ✅ D:/a/tandemlog/tandemlog/test/batch_storage_test.dart: capture tail write reconciles exact records and never discards incomplete tail
2026-10-10T04:39:09.6838454Z ✅ D:/a/tandemlog/tandemlog/test/bulk_apply_semantics_test.dart: keyboard applies only Due time; tag operations stay distinct
2026-10-10T04:39:09.6851523Z ✅ D:/a/tandemlog/tandemlog/test/batch_storage_test.dart: capture after write reconciles exact records and never discards incomplete tail
2026-10-10T04:39:10.0374386Z ✅ D:/a/tandemlog/tandemlog/test/batch_storage_test.dart: capture cache write reconciles exact records and never discards incomplete tail
2026-10-10T04:39:10.1214334Z ✅ D:/a/tandemlog/tandemlog/test/bulk_apply_semantics_test.dart: saving retains field names but disables all apply actions
2026-10-10T04:39:10.3498073Z ✅ D:/a/tandemlog/tandemlog/test/batch_storage_test.dart: invalid deferred reference to second batch event rejects all before append
2026-10-10T04:39:10.8196310Z ✅ D:/a/tandemlog/tandemlog/test/batch_storage_test.dart: deferred tag reference to second prepared event rejects the complete batch
2026-10-10T04:39:13.4189507Z ✅ D:/a/tandemlog/tandemlog/test/bulk_failure_visibility_test.dart: bulk failure remains visible after bottom scroll (height: 820.0, keyboard: 0.0, message: Selected tasks changed. Close this editor and review them before retrying., scale: 1.0, width: 390.0)
2026-10-10T04:39:13.5206930Z ✅ D:/a/tandemlog/tandemlog/test/checklist_architecture_gate_test.dart: genuine offline item activity arriving after cancellation restores its task
2026-10-10T04:39:13.9667248Z ✅ D:/a/tandemlog/tandemlog/test/bulk_failure_visibility_test.dart: bulk failure remains visible after bottom scroll (height: 820.0, keyboard: 280.0, message: Selected tasks changed. Close this editor and review them before retrying., scale: 2.0, width: 390.0)
2026-10-10T04:39:14.4257379Z ✅ D:/a/tandemlog/tandemlog/test/checklist_architecture_gate_test.dart: local item create cannot resurrect a canceled successor
2026-10-10T04:39:14.4806321Z ✅ D:/a/tandemlog/tandemlog/test/bulk_failure_visibility_test.dart: bulk failure remains visible after bottom scroll (height: 640.0, keyboard: 280.0, message: Selected tasks changed. Close this editor and review them before retrying., scale: 2.0, width: 360.0)
2026-10-10T04:39:14.9496318Z ✅ D:/a/tandemlog/tandemlog/test/bulk_failure_visibility_test.dart: bulk failure remains visible after bottom scroll (height: 640.0, keyboard: 280.0, message: Folder save failed. Your draft is retained. The provider did not acknowledge the selected changes. Reconnect the folder and check its permissions before retrying. No successful save has been reported. A long provider explanation must remain readable without moving the form., scale: 2.0, width: 360.0)
2026-10-10T04:39:15.2392371Z ✅ D:/a/tandemlog/tandemlog/test/bulk_failure_visibility_test.dart: single modal and bulk panel keep existing failure location false
2026-10-10T04:39:15.2632214Z ✅ D:/a/tandemlog/tandemlog/test/checklist_architecture_gate_test.dart: local item check cannot resurrect a canceled successor
2026-10-10T04:39:15.5179932Z ✅ D:/a/tandemlog/tandemlog/test/bulk_failure_visibility_test.dart: single modal and bulk panel keep existing failure location true
2026-10-10T04:39:16.1912918Z ✅ D:/a/tandemlog/tandemlog/test/checklist_architecture_gate_test.dart: local item move cannot resurrect a canceled successor
2026-10-10T04:39:17.0358122Z ✅ D:/a/tandemlog/tandemlog/test/checklist_architecture_gate_test.dart: local item delete cannot resurrect a canceled successor
2026-10-10T04:39:18.1357335Z ✅ D:/a/tandemlog/tandemlog/test/checklist_architecture_gate_test.dart: local item native Save cannot resurrect a canceled successor
2026-10-10T04:39:19.2074411Z ✅ D:/a/tandemlog/tandemlog/test/checklist_architecture_gate_test.dart: item Save returns its current merged item rather than a deleted row
2026-10-10T04:39:19.4685412Z ✅ D:/a/tandemlog/tandemlog/test/checklist_baseline_selection_test.dart: shared baseline preserves earliest scalar successor protected by checked copied-item history
2026-10-10T04:39:22.0059098Z ✅ D:/a/tandemlog/tandemlog/test/checklist_baseline_selection_test.dart: shared baseline preserves earliest scalar successor protected by undone and deleted copied-item history
2026-10-10T04:39:22.6577629Z ✅ D:/a/tandemlog/tandemlog/test/checklist_completion_command_test.dart: all checked items complete without warning and prepare exactly one receipt
2026-10-10T04:39:23.9186147Z ✅ D:/a/tandemlog/tandemlog/test/checklist_completion_command_test.dart: cancel unfinished warning prepares nothing and preserves exact canonical bytes
2026-10-10T04:39:24.5557088Z ✅ D:/a/tandemlog/tandemlog/test/checklist_baseline_selection_test.dart: later copied-item activity preserves the declared scalar baseline through native capture and cold replay
2026-10-10T04:39:25.4041794Z ✅ D:/a/tandemlog/tandemlog/test/checklist_completion_command_test.dart: warning observes whole current checklist including checked items notes and order
2026-10-10T04:39:26.7020901Z ✅ D:/a/tandemlog/tandemlog/test/checklist_delivery_test.dart: remote item waits for missing task parent then attaches once without appearing as a task
2026-10-10T04:39:26.8471883Z ✅ D:/a/tandemlog/tandemlog/test/checklist_completion_command_test.dart: incoming new unchecked item during warning requires fresh confirmation before receipt
2026-10-10T04:39:27.3050512Z ✅ D:/a/tandemlog/tandemlog/test/checklist_delivery_test.dart: late user parent invalidates retained item transactionally
2026-10-10T04:39:27.9868519Z ✅ D:/a/tandemlog/tandemlog/test/checklist_delivery_test.dart: late item parent invalidates retained item transactionally
2026-10-10T04:39:28.5543220Z ✅ D:/a/tandemlog/tandemlog/test/checklist_completion_command_test.dart: incoming completion state during warning requires fresh confirmation before receipt
2026-10-10T04:39:28.5956443Z ✅ D:/a/tandemlog/tandemlog/test/checklist_delivery_test.dart: late same-parent creation anchor settles item order and duplicates do not add items
2026-10-10T04:39:29.6011031Z ✅ D:/a/tandemlog/tandemlog/test/checklist_delivery_test.dart: late cross-parent move anchor rolls back arrival without changing the pending source item
2026-10-10T04:39:30.2420744Z ✅ D:/a/tandemlog/tandemlog/test/checklist_delivery_test.dart: late user creation anchor rejects with transactional rollback
2026-10-10T04:39:30.5915636Z ✅ D:/a/tandemlog/tandemlog/test/checklist_completion_command_test.dart: incoming title during warning requires fresh confirmation before receipt
2026-10-10T04:39:30.9505968Z ✅ D:/a/tandemlog/tandemlog/test/checklist_delivery_test.dart: late task creation anchor rejects with transactional rollback
2026-10-10T04:39:32.0494142Z ✅ D:/a/tandemlog/tandemlog/test/checklist_delivery_test.dart: copy contribution waits for its source frontier then reconstructs unchecked native item exactly
2026-10-10T04:39:32.1864041Z ✅ D:/a/tandemlog/tandemlog/test/checklist_completion_command_test.dart: incoming notes during warning requires fresh confirmation before receipt
2026-10-10T04:39:33.1531333Z ✅ D:/a/tandemlog/tandemlog/test/checklist_delivery_test.dart: forged membership copy rejects before receipt and leaves canonical history untouched
2026-10-10T04:39:33.8119276Z ✅ D:/a/tandemlog/tandemlog/test/checklist_completion_command_test.dart: incoming order during warning requires fresh confirmation before receipt
2026-10-10T04:39:34.2203451Z ✅ D:/a/tandemlog/tandemlog/test/checklist_delivery_test.dart: forged order copy rejects before receipt and leaves canonical history untouched
2026-10-10T04:39:35.2777692Z ✅ D:/a/tandemlog/tandemlog/test/checklist_completion_command_test.dart: cancel renewed warning keeps peer changes but writes no local completion
2026-10-10T04:39:35.3165382Z ✅ D:/a/tandemlog/tandemlog/test/checklist_delivery_test.dart: forged visible text copy rejects before receipt and leaves canonical history untouched
2026-10-10T04:39:36.4967864Z ✅ D:/a/tandemlog/tandemlog/test/checklist_delivery_test.dart: forged history proof copy rejects before receipt and leaves canonical history untouched
2026-10-10T04:39:37.0256114Z ✅ D:/a/tandemlog/tandemlog/test/checklist_completion_command_test.dart: incoming checks clearing all unfinished work need no second warning
2026-10-10T04:39:37.8768717Z ✅ D:/a/tandemlog/tandemlog/test/checklist_delivery_test.dart: forged source parent copy rejects before receipt and leaves canonical history untouched
2026-10-10T04:39:38.4386897Z ✅ D:/a/tandemlog/tandemlog/test/checklist_completion_command_test.dart: task deleted while warning is open stops without preparing duplicate completion
2026-10-10T04:39:38.6905057Z ✅ D:/a/tandemlog/tandemlog/test/checklist_delivery_test.dart: copied ID collision with independent task rejects before receipt
2026-10-10T04:39:39.6031371Z ✅ D:/a/tandemlog/tandemlog/test/checklist_delivery_test.dart: copied ID collision with independent item rejects before receipt
2026-10-10T04:39:40.0345353Z ✅ D:/a/tandemlog/tandemlog/test/checklist_completion_command_test.dart: task completed while warning is open stops without preparing duplicate completion
2026-10-10T04:39:41.0412178Z ✅ D:/a/tandemlog/tandemlog/test/checklist_delivery_test.dart: late duplicate copy contribution preserves child-owned ordering and check state
2026-10-10T04:39:41.4063046Z ✅ D:/a/tandemlog/tandemlog/test/checklist_completion_command_test.dart: already completed task returns null without warning or duplicate receipt
2026-10-10T04:39:42.3655084Z ✅ D:/a/tandemlog/tandemlog/test/checklist_delivery_test.dart: parent recurrence preserves live item private draft and later source Save does not flow into copied notes
2026-10-10T04:39:43.0779674Z ✅ D:/a/tandemlog/tandemlog/test/checklist_completion_command_test.dart: native incoming notes renew warning while another private item draft stays unpublished
2026-10-10T04:39:43.6512277Z ✅ D:/a/tandemlog/tandemlog/test/checklist_delivery_test.dart: item private drafts, pre-append Save cancellation and scoped Undo preserve another item
2026-10-10T04:39:44.6282502Z ✅ D:/a/tandemlog/tandemlog/test/checklist_completion_command_test.dart: incoming unchecked item at native preparation boundary retries confirmation before any receipt
2026-10-10T04:39:44.8999883Z ✅ D:/a/tandemlog/tandemlog/test/checklist_expansion_store_test.dart: sparse local expansion preserves other metadata and normal reopen
2026-10-10T04:39:44.9042426Z ✅ D:/a/tandemlog/tandemlog/test/checklist_expansion_store_test.dart: cache reset defaults collapsed and invalid local values are ignored
2026-10-10T04:39:44.9088533Z ✅ D:/a/tandemlog/tandemlog/test/checklist_expansion_store_test.dart: bad IDs and an active canonical transaction cannot cause partial UI writes
2026-10-10T04:39:47.1030182Z ✅ D:/a/tandemlog/tandemlog/test/checklist_presentation_test.dart: holding child reorder handle never opens help popup
2026-10-10T04:39:47.2496308Z ✅ D:/a/tandemlog/tandemlog/test/checklist_presentation_test.dart: child reorder drag still works after holding 0:00:00.000000
2026-10-10T04:39:47.3517418Z ✅ D:/a/tandemlog/tandemlog/test/checklist_presentation_test.dart: child reorder drag still works after holding 0:00:01.000000
2026-10-10T04:39:47.4294467Z ✅ D:/a/tandemlog/tandemlog/test/checklist_presentation_test.dart: child handle uses parent reorder icon and retains semantics
2026-10-10T04:39:47.4362973Z ✅ D:/a/tandemlog/tandemlog/test/checklist_presentation_test.dart: title normalization respects composition and selection-only history
2026-10-10T04:39:47.5708476Z ✅ D:/a/tandemlog/tandemlog/test/checklist_presentation_test.dart: panel exposes check/edit/add, relative moves and edge restrictions
2026-10-10T04:39:47.6262608Z ✅ D:/a/tandemlog/tandemlog/test/checklist_presentation_test.dart: panel disabled controls and 200 percent narrow semantics
2026-10-10T04:39:47.8104959Z ✅ D:/a/tandemlog/tandemlog/test/checklist_presentation_test.dart: busy checkbox keeps child focus and guards repeat Space
2026-10-10T04:39:47.9510727Z ✅ D:/a/tandemlog/tandemlog/test/checklist_presentation_test.dart: late control callbacks cannot dispatch after panel becomes busy
2026-10-10T04:39:48.0429737Z ✅ D:/a/tandemlog/tandemlog/test/checklist_item_native_editor_test.dart: remote deleted parent rejects private native Save without receipt and permits Discard
2026-10-10T04:39:48.1038974Z ✅ D:/a/tandemlog/tandemlog/test/checklist_presentation_test.dart: child handle supports scoped typed drag and relative movement
2026-10-10T04:39:48.2589154Z ✅ D:/a/tandemlog/tandemlog/test/checklist_item_native_editor_test.dart: native caret-only edits stay clean; composition propagates; committed merged text renews before close
2026-10-10T04:39:48.3198904Z ✅ D:/a/tandemlog/tandemlog/test/checklist_presentation_test.dart: drop rejects wrong scope stale snapshot and disabled late acceptance
2026-10-10T04:39:48.4737141Z ✅ D:/a/tandemlog/tandemlog/test/checklist_presentation_test.dart: move semantics keyboard edges and Add focus hook stay child scoped
2026-10-10T04:39:48.8706256Z ✅ D:/a/tandemlog/tandemlog/test/checklist_presentation_test.dart: new item saves normalized title and multiline notes independently
2026-10-10T04:39:49.2413040Z ✅ D:/a/tandemlog/tandemlog/test/checklist_presentation_test.dart: dirty close can be cancelled, dismissed and asked repeatedly without popping
2026-10-10T04:39:49.4613509Z ✅ D:/a/tandemlog/tandemlog/test/checklist_presentation_test.dart: save through close guard renews dirty baseline; reopening starts clean
2026-10-10T04:39:49.6577924Z ✅ D:/a/tandemlog/tandemlog/test/checklist_presentation_test.dart: failed save retains draft; pending receipt freezes fields and close but permits exact retry
2026-10-10T04:39:49.9252727Z ✅ D:/a/tandemlog/tandemlog/test/checklist_presentation_test.dart: IME composition cannot save; length errors retain fields
2026-10-10T04:39:50.0282702Z ✅ D:/a/tandemlog/tandemlog/test/checklist_presentation_test.dart: narrow enlarged editor and keyboard keep multiline input and actions reachable
2026-10-10T04:39:50.0416031Z ✅ D:/a/tandemlog/tandemlog/test/checklist_security_review_test.dart: admissible large checklist copy has bounded decode work and preserves canonical bytes
2026-10-10T04:39:50.1430750Z ✅ D:/a/tandemlog/tandemlog/test/checklist_presentation_test.dart: busy Save admits one command and freezes draft until success
2026-10-10T04:39:50.4293821Z ✅ D:/a/tandemlog/tandemlog/test/checklist_presentation_test.dart: Cancel and route back resolve dirty item before closing host
2026-10-10T04:39:50.5978005Z ✅ D:/a/tandemlog/tandemlog/test/checklist_presentation_test.dart: render dark desktop and narrow enlarged components
2026-10-10T04:39:51.5224436Z ✅ D:/a/tandemlog/tandemlog/test/checklist_security_review_test.dart: scalar checklist historical recompletion preserves protected child without shared-text initialization
2026-10-10T04:39:53.2858076Z ✅ D:/a/tandemlog/tandemlog/test/checklist_storage_test.dart: stale inline reorder stops before receipt after peer refresh
2026-10-10T04:39:54.0564257Z ✅ D:/a/tandemlog/tandemlog/test/checklist_suppressed_capture_test.dart: canceled untouched checklist successor cannot open a private native editor or become visible through capture
2026-10-10T04:39:55.2959080Z ✅ D:/a/tandemlog/tandemlog/test/checklist_storage_test.dart: one-level items have native title/notes, completion, order and targeted Undo
2026-10-10T04:39:56.6988472Z ✅ D:/a/tandemlog/tandemlog/test/checklist_storage_test.dart: nested, non-task parents and cross-parent move anchors append nothing
2026-10-10T04:39:56.9349916Z ✅ D:/a/tandemlog/tandemlog/test/checklist_suppressed_item_capture_test.dart: copied item under canceled successor cannot open a private native editor
2026-10-10T04:39:58.2690726Z ✅ D:/a/tandemlog/tandemlog/test/closed_runtime_actor_test.dart: pending then valid resolution cannot publish inherited actor proof into a different runtime
2026-10-10T04:39:58.8177299Z ✅ D:/a/tandemlog/tandemlog/test/checklist_storage_test.dart: recurrence copies fresh unchecked items preserving order and native field identities
2026-10-10T04:40:00.5032750Z ✅ D:/a/tandemlog/tandemlog/test/command_acknowledgement_test.dart: single edit must fail when transport drops newly appended event
2026-10-10T04:40:01.1381253Z ✅ D:/a/tandemlog/tandemlog/test/command_acknowledgement_test.dart: single command must not acknowledge different bytes with the same event ID
2026-10-10T04:40:01.6300469Z ✅ D:/a/tandemlog/tandemlog/test/command_acknowledgement_test.dart: create batch reports 0 confirmed records after suffix replacement
2026-10-10T04:40:01.9532183Z ✅ D:/a/tandemlog/tandemlog/test/checklist_storage_test.dart: offline completions union item text and membership while preserving successor edits
2026-10-10T04:40:02.4337289Z ✅ D:/a/tandemlog/tandemlog/test/command_acknowledgement_test.dart: edit batch reports 0 confirmed records after suffix replacement
2026-10-10T04:40:03.3106435Z ✅ D:/a/tandemlog/tandemlog/test/command_acknowledgement_test.dart: delete batch reports 0 confirmed records after suffix replacement
2026-10-10T04:40:03.3412615Z ✅ D:/a/tandemlog/tandemlog/test/checklist_storage_test.dart: scalar parent can recur with native checklist without a forced parent text baseline
2026-10-10T04:40:04.3430420Z ✅ D:/a/tandemlog/tandemlog/test/command_acknowledgement_test.dart: reopen must fail and retain unconfirmed completion targets (0 prefix)
2026-10-10T04:40:05.2562398Z ✅ D:/a/tandemlog/tandemlog/test/command_acknowledgement_test.dart: Undo reports only confirmed retractions and preserves retry (0 prefix)
2026-10-10T04:40:05.5334621Z ✅ D:/a/tandemlog/tandemlog/test/checklist_storage_test.dart: historical recompletion leaves the independently initialized child checklist untouched
2026-10-10T04:40:05.9464974Z ✅ D:/a/tandemlog/tandemlog/test/command_acknowledgement_test.dart: create batch reports 1 confirmed records after suffix replacement
2026-10-10T04:40:06.8541996Z ✅ D:/a/tandemlog/tandemlog/test/command_acknowledgement_test.dart: edit batch reports 1 confirmed records after suffix replacement
2026-10-10T04:40:07.7183924Z ✅ D:/a/tandemlog/tandemlog/test/checklist_storage_test.dart: saved item completion/move/delete protects successor from completion Undo
2026-10-10T04:40:07.7446970Z ✅ D:/a/tandemlog/tandemlog/test/command_acknowledgement_test.dart: delete batch reports 1 confirmed records after suffix replacement
2026-10-10T04:40:09.1213790Z ✅ D:/a/tandemlog/tandemlog/test/command_acknowledgement_test.dart: reopen must fail and retain unconfirmed completion targets (1 prefix)
2026-10-10T04:40:10.4836389Z ✅ D:/a/tandemlog/tandemlog/test/command_acknowledgement_test.dart: Undo reports only confirmed retractions and preserves retry (1 prefix)
2026-10-10T04:40:11.1052182Z ✅ D:/a/tandemlog/tandemlog/test/command_acknowledgement_test.dart: incomplete BulkTaskResult cannot report success without an error
2026-10-10T04:40:11.2591490Z ✅ D:/a/tandemlog/tandemlog/test/checklist_storage_test.dart: late offline copy cannot overwrite a saved child order or checked state
2026-10-10T04:40:13.6935745Z ✅ D:/a/tandemlog/tandemlog/test/compact_selection_actions_test.dart: selection commands wrap without losing touch targets
2026-10-10T04:40:13.7111786Z ✅ D:/a/tandemlog/tandemlog/test/checklist_storage_test.dart: scalar-mode checklist history also preserves initialized child on historical recompletion
2026-10-10T04:40:16.2623839Z ✅ D:/a/tandemlog/tandemlog/test/checklist_storage_test.dart: copied-item native proofs work through three generations and exact membership cannot be forged
2026-10-10T04:40:18.6039236Z ✅ D:/a/tandemlog/tandemlog/test/checklist_storage_test.dart: untouched copied items follow successor suppression and identical cold/warm cache replay
2026-10-10T04:40:19.8792979Z ✅ D:/a/tandemlog/tandemlog/test/domain_test.dart: deletion is a validated permanent tombstone in every arrival order
2026-10-10T04:40:19.8966297Z ✅ D:/a/tandemlog/tandemlog/test/domain_test.dart: canonical UUID admission matches namespace validation and rejects aliases
2026-10-10T04:40:19.9186068Z ✅ D:/a/tandemlog/tandemlog/test/domain_test.dart: all arrival permutations yield identical field conflict and undo state
2026-10-10T04:40:19.9483412Z ✅ D:/a/tandemlog/tandemlog/test/domain_test.dart: unknown event/fields and counter overflow are rejected
2026-10-10T04:40:19.9853985Z ✅ D:/a/tandemlog/tandemlog/test/domain_test.dart: historical v1 events and invalid new active fields fail explicitly
2026-10-10T04:40:20.9820663Z ✅ D:/a/tandemlog/tandemlog/test/event_chain_test.dart: independent Python SHA256 golden JSONL is byte-exact on re-encode
2026-10-10T04:40:20.9920493Z ✅ D:/a/tandemlog/tandemlog/test/event_chain_test.dart: new records require an explicit predecessor beyond genesis
2026-10-10T04:40:20.9998799Z ✅ D:/a/tandemlog/tandemlog/test/event_chain_test.dart: canonical bytes reject alternate spellings and duplicate fields
2026-10-10T04:40:21.0058969Z ✅ D:/a/tandemlog/tandemlog/test/event_chain_test.dart: data key order is recursive and array order remains significant
2026-10-10T04:40:21.0209188Z ✅ D:/a/tandemlog/tandemlog/test/event_chain_test.dart: altering any envelope field or content breaks the retained hash
2026-10-10T04:40:21.0287226Z ✅ D:/a/tandemlog/tandemlog/test/event_chain_test.dart: hash fields must be full lowercase hex and are mandatory
2026-10-10T04:40:21.0351615Z ✅ D:/a/tandemlog/tandemlog/test/event_chain_test.dart: literal Unicode survives, malformed surrogates never become replacements
2026-10-10T04:40:21.0402714Z ✅ D:/a/tandemlog/tandemlog/test/event_chain_test.dart: canonical numeric grammar is plain safe integers, never floats
2026-10-10T04:40:21.0505451Z ✅ D:/a/tandemlog/tandemlog/test/event_chain_test.dart: obsolete separate tag events are rejected rather than reinterpreted
2026-10-10T04:40:21.0954208Z ✅ D:/a/tandemlog/tandemlog/test/event_chain_test.dart: event size admission counts UTF-8 bytes with an inclusive 1 MiB limit
2026-10-10T04:40:21.0998724Z ✅ D:/a/tandemlog/tandemlog/test/event_chain_test.dart: v1 and v2 prerelease histories remain explicit preserved failures
2026-10-10T04:40:22.0310200Z ✅ D:/a/tandemlog/tandemlog/test/event_clock_test.dart: new wall time wins despite many older borrowed nanoseconds
2026-10-10T04:40:22.0509753Z ✅ D:/a/tandemlog/tandemlog/test/event_clock_test.dart: equal and backward wall time borrow exactly one nanosecond
2026-10-10T04:40:22.0607590Z ✅ D:/a/tandemlog/tandemlog/test/event_clock_test.dart: canonical decimal clock round trips values beyond JSON number precision
2026-10-10T04:40:22.0924905Z ✅ D:/a/tandemlog/tandemlog/test/event_clock_test.dart: numeric legacy and tuple draft event clocks are rejected explicitly
2026-10-10T04:40:22.4834383Z ##[endgroup]
2026-10-10T04:40:22.4862720Z ##[group]✅ D:/a/tandemlog/tandemlog/test/date_time_layout_test.dart: populated rows fit at measured boundary and retain composing drafts
2026-10-10T04:40:22.4864201Z LAYOUT bulk=false scale=1.0 rowBoundary=392.0
2026-10-10T04:40:22.4864891Z LAYOUT bulk=false scale=1.3 rowBoundary=457.0
2026-10-10T04:40:22.4865723Z LAYOUT bulk=false scale=2.0 rowBoundary=628.0
2026-10-10T04:40:22.4866805Z LAYOUT bulk=true scale=1.0 rowBoundary=488.0
2026-10-10T04:40:22.4867274Z LAYOUT bulk=true scale=1.3 rowBoundary=553.0
2026-10-10T04:40:22.4867721Z LAYOUT bulk=true scale=2.0 rowBoundary=724.0
2026-10-10T04:40:22.4869056Z ##[endgroup]
2026-10-10T04:40:24.7438313Z ##[group]✅ Passing tests
2026-10-10T04:40:24.7441202Z ✅ D:/a/tandemlog/tandemlog/test/food_collapsed_inspect_guard_test.dart: latest Full conflict retains warning and Inspect dark 1.0x
2026-10-10T04:40:25.0406213Z ✅ D:/a/tandemlog/tandemlog/test/food_collapsed_inspect_guard_test.dart: latest Full conflict retains warning and Inspect dark 2.0x
2026-10-10T04:40:25.2868498Z ✅ D:/a/tandemlog/tandemlog/test/food_collapsed_inspect_guard_test.dart: latest Full conflict retains warning and Inspect light 1.0x
2026-10-10T04:40:25.3054120Z ✅ D:/a/tandemlog/tandemlog/test/food_durable_editor_test.dart: a failed durable Add retains editor and exact visible draft
2026-10-10T04:40:25.3907163Z ✅ D:/a/tandemlog/tandemlog/test/food_durable_editor_test.dart: pending receipt prevents opening a different Add editor
2026-10-10T04:40:25.5406749Z ✅ D:/a/tandemlog/tandemlog/test/food_collapsed_inspect_guard_test.dart: latest Full conflict retains warning and Inspect light 2.0x
2026-10-10T04:40:25.8605334Z ✅ D:/a/tandemlog/tandemlog/test/food_durable_editor_test.dart: failed prepared Save retries the frozen original draft
2026-10-10T04:40:26.1684088Z ✅ D:/a/tandemlog/tandemlog/test/food_durable_editor_test.dart: repeated captured discard decision cannot pop another route
2026-10-10T04:40:26.3856584Z ✅ D:/a/tandemlog/tandemlog/test/food_durable_editor_test.dart: a retained rendered removal callback keeps its workspace origin
2026-10-10T04:40:26.5251081Z ✅ D:/a/tandemlog/tandemlog/test/food_import_contract_vector_test.dart: v1 import identity and plan hash match independent frozen vector
2026-10-10T04:40:27.9026371Z ✅ D:/a/tandemlog/tandemlog/test/food_import_test.dart: strict v1 contract canonical fractions stable identities and invalid inputs
2026-10-10T04:40:28.0521564Z ✅ D:/a/tandemlog/tandemlog/test/food_intents_test.dart: reservation and exact bytes commit or roll back together
2026-10-10T04:40:28.3169566Z ✅ D:/a/tandemlog/tandemlog/test/food_intents_test.dart: receipt cannot be retired by different bytes or without transaction
2026-10-10T04:40:28.5110618Z ✅ D:/a/tandemlog/tandemlog/test/food_import_test.dart: dry run stages nothing and explicit commit preserves physical and unknown data
2026-10-10T04:40:29.1410168Z ✅ D:/a/tandemlog/tandemlog/test/food_import_test.dart: cold retry after later edit and deletion uses original admission not projection
2026-10-10T04:40:29.3810811Z ✅ D:/a/tandemlog/tandemlog/test/food_inventory_test.dart: legacy date certainty stays unknown unless evidence establishes it
2026-10-10T04:40:29.4074782Z ✅ D:/a/tandemlog/tandemlog/test/food_inventory_test.dart: Deleted sorts tied writers and uses latest still-active deletion
2026-10-10T04:40:29.4116235Z ✅ D:/a/tandemlog/tandemlog/test/food_inventory_test.dart: Deleted sequence tie uses numeric sequence rather than lexical ID
2026-10-10T04:40:29.4200596Z ✅ D:/a/tandemlog/tandemlog/test/food_inventory_test.dart: equivalent fractions do not conflict; real alternatives require review
2026-10-10T04:40:29.4249819Z ✅ D:/a/tandemlog/tandemlog/test/food_inventory_test.dart: multiwriter tied clocks and delayed Restore replay deterministically
2026-10-10T04:40:29.4292726Z ✅ D:/a/tandemlog/tandemlog/test/food_inventory_test.dart: independent field edits merge without overwriting the other field
2026-10-10T04:40:29.4332816Z ✅ D:/a/tandemlog/tandemlog/test/food_inventory_test.dart: concurrent contents alternatives remain visible until observed resolution
2026-10-10T04:40:29.4377633Z ✅ D:/a/tandemlog/tandemlog/test/food_inventory_test.dart: Add N creates physical containers; count is derived
2026-10-10T04:40:29.4526919Z ✅ D:/a/tandemlog/tandemlog/test/food_inventory_test.dart: eight containers stay eight with seven full and one third remaining
2026-10-10T04:40:29.4528872Z ✅ D:/a/tandemlog/tandemlog/test/food_inventory_test.dart: identical full containers have a deterministic quick target
2026-10-10T04:40:29.4530940Z ✅ D:/a/tandemlog/tandemlog/test/food_inventory_test.dart: observed group deletion excludes concurrent new containers
2026-10-10T04:40:29.4567598Z ✅ D:/a/tandemlog/tandemlog/test/food_inventory_test.dart: concurrent same-target remove counts once; unseen delete survives Restore
2026-10-10T04:40:29.4660772Z ✅ D:/a/tandemlog/tandemlog/test/food_inventory_test.dart: duplicate and arbitrarily reordered delivery replay identically
2026-10-10T04:40:29.4698668Z ✅ D:/a/tandemlog/tandemlog/test/food_inventory_test.dart: retention hides even preexpiry; undated stays Inbox; search ignores filters
2026-10-10T04:40:29.4731737Z ✅ D:/a/tandemlog/tandemlog/test/food_inventory_test.dart: expiry order is global; different expiry or descriptive data stay separate
2026-10-10T04:40:29.4800125Z ✅ D:/a/tandemlog/tandemlog/test/food_inventory_test.dart: Deleted is explicit, searchable, and durable with no age cutoff
2026-10-10T04:40:29.4850243Z ✅ D:/a/tandemlog/tandemlog/test/food_inventory_test.dart: invalid counts, fractions, dates, paths and unknown fields fail closed
2026-10-10T04:40:29.7080956Z ✅ D:/a/tandemlog/tandemlog/test/food_import_test.dart: partial append cold retry recovers exact reserved bytes without fresh IDs
2026-10-10T04:40:30.1980466Z ✅ D:/a/tandemlog/tandemlog/test/food_import_test.dart: uncertain full append cold retry admits originals without second append
2026-10-10T04:40:30.6013685Z ✅ D:/a/tandemlog/tandemlog/test/food_import_test.dart: changed count source payload and namespace refuse after attempt
2026-10-10T04:40:30.9567133Z ✅ D:/a/tandemlog/tandemlog/test/food_import_test.dart: atomic ledger staging failure preserves canonical guard and intents
2026-10-10T04:40:31.2726572Z ✅ D:/a/tandemlog/tandemlog/test/food_import_test.dart: missing attempt or source witness fails closed
2026-10-10T04:40:31.6181204Z ✅ D:/a/tandemlog/tandemlog/test/food_import_test.dart: unrelated pending receipt is not recovered as import
2026-10-10T04:40:31.8827067Z ✅ D:/a/tandemlog/tandemlog/test/food_import_test.dart: wrong workspace refuses without reserving or appending
2026-10-10T04:40:31.9855751Z ✅ D:/a/tandemlog/tandemlog/test/food_preview_test.dart: collapsed summary preserves single known full
2026-10-10T04:40:32.0730499Z ✅ D:/a/tandemlog/tandemlog/test/food_preview_test.dart: collapsed summary preserves single unknown
2026-10-10T04:40:32.1507147Z ✅ D:/a/tandemlog/tandemlog/test/food_preview_test.dart: collapsed summary preserves single partial
2026-10-10T04:40:32.2325161Z ✅ D:/a/tandemlog/tandemlog/test/food_preview_test.dart: collapsed summary preserves multiple full
2026-10-10T04:40:32.3120809Z ✅ D:/a/tandemlog/tandemlog/test/food_preview_test.dart: collapsed summary preserves mixed full and partial
2026-10-10T04:40:32.3299768Z ✅ D:/a/tandemlog/tandemlog/test/food_import_test.dart: missing index with retained attempt refuses a new source namespace
2026-10-10T04:40:32.6356000Z ✅ D:/a/tandemlog/tandemlog/test/food_import_test.dart: pre-byte crash changed plan and missing ledger cannot restamp prepared receipts
2026-10-10T04:40:32.7401168Z ✅ D:/a/tandemlog/tandemlog/test/food_preview_test.dart: retained reasons start collapsed; active search bypasses them
2026-10-10T04:40:32.8975168Z ✅ D:/a/tandemlog/tandemlog/test/food_import_test.dart: physical collision with remote birth without local ledger refuses
2026-10-10T04:40:33.1711637Z ✅ D:/a/tandemlog/tandemlog/test/food_preview_test.dart: narrow and wide inventory render partial stock without overflow
2026-10-10T04:40:33.2035862Z ✅ D:/a/tandemlog/tandemlog/test/food_import_test.dart: concurrent identical commit callbacks serialize into one original batch
2026-10-10T04:40:33.4718670Z ✅ D:/a/tandemlog/tandemlog/test/food_preview_test.dart: quick remove, Deleted and Undo preserve physical identity
2026-10-10T04:40:33.6170115Z ✅ D:/a/tandemlog/tandemlog/test/food_preview_test.dart: partial containers require inspection; search includes retained stock
2026-10-10T04:40:35.1148406Z ✅ D:/a/tandemlog/tandemlog/test/food_profile_upgrade_test.dart: released schema2 upgrades additively and retains all protected bytes
2026-10-10T04:40:35.5964410Z ✅ D:/a/tandemlog/tandemlog/test/food_profile_upgrade_test.dart: weakened released authority prevents any schema3 creation
2026-10-10T04:40:36.1288172Z ✅ D:/a/tandemlog/tandemlog/test/food_profile_upgrade_test.dart: halfway additive upgrade failure rolls back all new authority
2026-10-10T04:40:36.9866172Z ✅ D:/a/tandemlog/tandemlog/test/food_record_test.dart: literal canonical food wire/hash and module writer fixture
2026-10-10T04:40:37.0081919Z ✅ D:/a/tandemlog/tandemlog/test/food_record_test.dart: separate food hash domain and immutable envelope bindings
2026-10-10T04:40:37.0120716Z ✅ D:/a/tandemlog/tandemlog/test/food_record_test.dart: food DTO identity and order cannot disagree with verified envelope
2026-10-10T04:40:37.0189001Z ✅ D:/a/tandemlog/tandemlog/test/food_record_test.dart: noncreation records carry observed per-container creation basis
2026-10-10T04:40:37.0290323Z ✅ D:/a/tandemlog/tandemlog/test/food_record_test.dart: unknown/noncanonical/oversized records are rejected
2026-10-10T04:40:37.0381485Z ✅ D:/a/tandemlog/tandemlog/test/food_record_test.dart: exact signed64 clock roundtrip and bounds
2026-10-10T04:40:39.0747880Z ✅ D:/a/tandemlog/tandemlog/test/food_import_test.dart: fully staged maximum batch preserves all 1000 physical identities
2026-10-10T04:40:39.3205512Z ✅ D:/a/tandemlog/tandemlog/test/food_import_test.dart: shared manifest change remains hard and leaves import unstaged
2026-10-10T04:40:39.5749376Z ✅ D:/a/tandemlog/tandemlog/test/food_import_test.dart: import cannot select a writer different from protected settings
2026-10-10T04:40:39.8493919Z ✅ D:/a/tandemlog/tandemlog/test/food_import_test.dart: oversized local import metadata is refused before ledger materialization
2026-10-10T04:40:40.1795980Z ✅ D:/a/tandemlog/tandemlog/test/food_import_test.dart: all metadata ledger loss with surviving initialization refuses new namespace
2026-10-10T04:40:40.4567879Z ✅ D:/a/tandemlog/tandemlog/test/food_import_test.dart: malformed Food cannot mask lost protected import evidence on refresh
2026-10-10T04:40:40.7393254Z ✅ D:/a/tandemlog/tandemlog/test/food_import_test.dart: malformed Food cannot mask protected settings binding on import
2026-10-10T04:40:41.0413462Z ✅ D:/a/tandemlog/tandemlog/test/food_import_test.dart: zero-byte attempt all metadata loss refuses original and new namespace
2026-10-10T04:40:41.3735995Z ✅ D:/a/tandemlog/tandemlog/test/food_import_test.dart: missing initialization witness with retained ledgers fails closed
2026-10-10T04:40:43.7406971Z ##[endgroup]
2026-10-10T04:40:43.7413036Z ##[group]✅ D:/a/tandemlog/tandemlog/test/food_replay_budget_test.dart: wide-target thousand-reference history has a bounded replay budget
2026-10-10T04:40:43.7417017Z FOOD_REPLAY_BUDGET bytes=12418562 records=1002 targets=100 refs=1000 elapsed_ms=3185
2026-10-10T04:40:43.7429088Z ##[endgroup]
2026-10-10T04:40:44.6020517Z ##[group]✅ Passing tests
2026-10-10T04:40:44.6022613Z ✅ D:/a/tandemlog/tandemlog/test/food_retention_draft_test.dart: removing newly created retention chip stays removed on Add
2026-10-10T04:40:45.8720063Z ✅ D:/a/tandemlog/tandemlog/test/food_store_test.dart: malformed Food disables only Food and existing Tasks remain writable
2026-10-10T04:40:45.9702768Z ✅ D:/a/tandemlog/tandemlog/test/food_review_regression_test.dart: 101-container group removal and Undo use bounded captured batches
2026-10-10T04:40:45.9808682Z ✅ D:/a/tandemlog/tandemlog/test/food_review_regression_test.dart: known wrong-kind edit reference fails even while target creation missing
2026-10-10T04:40:46.0995094Z ✅ D:/a/tandemlog/tandemlog/test/food_store_test.dart: Food-only provider failure preserves the typed module boundary
2026-10-10T04:40:46.3162989Z ✅ D:/a/tandemlog/tandemlog/test/food_store_test.dart: moved manifest stays a shared fatal fault
2026-10-10T04:40:46.5636189Z ✅ D:/a/tandemlog/tandemlog/test/food_store_test.dart: malformed protected Food head is shared integrity, not history
2026-10-10T04:40:46.7860246Z ✅ D:/a/tandemlog/tandemlog/test/food_store_test.dart: recognized Food conflict stays module-scoped: food-00000000-0000-4000-8000-000000000001.sync-conflict-synthetic.foodlog
2026-10-10T04:40:46.9863169Z ✅ D:/a/tandemlog/tandemlog/test/food_store_test.dart: recognized Food conflict stays module-scoped: food-00000000-0000-4000-8000-000000000001.foodlog.sync-conflict-synthetic
2026-10-10T04:40:47.1158930Z ✅ D:/a/tandemlog/tandemlog/test/food_review_regression_test.dart: typed retention reason survives direct Add
2026-10-10T04:40:47.1924306Z ✅ D:/a/tandemlog/tandemlog/test/food_store_test.dart: unclassified conflict preserves released Task fail-closed policy
2026-10-10T04:40:47.3878810Z ✅ D:/a/tandemlog/tandemlog/test/food_review_regression_test.dart: repeated dialog Cancel callback cannot pop food page
2026-10-10T04:40:47.3912662Z ✅ D:/a/tandemlog/tandemlog/test/food_review_regression_test.dart: known removal before physical creation is rejected
2026-10-10T04:40:47.5416111Z ✅ D:/a/tandemlog/tandemlog/test/food_store_test.dart: disabled Food retains exact prepared bytes for explicit recovery
2026-10-10T04:40:47.6551389Z ✅ D:/a/tandemlog/tandemlog/test/food_review_regression_test.dart: active retention composition is not staged by submit
2026-10-10T04:40:47.9931720Z ✅ D:/a/tandemlog/tandemlog/test/food_store_test.dart: food physical count and durable Deleted survive restart without changing task v3 bytes
2026-10-10T04:40:48.3968759Z ✅ D:/a/tandemlog/tandemlog/test/food_store_test.dart: partial first record is resumed exactly from protected bytes across restart
2026-10-10T04:40:48.6490855Z ✅ D:/a/tandemlog/tandemlog/test/food_store_test.dart: uncertain successful append admits once and retires exact receipt
2026-10-10T04:40:48.8328393Z ✅ D:/a/tandemlog/tandemlog/test/foreground_importer_test.dart: coalesces repeated notifications and retains bounded fallback
2026-10-10T04:40:48.8362192Z ✅ D:/a/tandemlog/tandemlog/test/foreground_importer_test.dart: pause and workspace disposal cancel debounce and fallback; resume reconciles
2026-10-10T04:40:48.8431885Z ✅ D:/a/tandemlog/tandemlog/test/foreground_importer_test.dart: watcher failure recovers on fallback and overlapping work is serialized
2026-10-10T04:40:48.8940750Z ✅ D:/a/tandemlog/tandemlog/test/food_store_test.dart: acknowledged missing stream fails closed and retains last view
2026-10-10T04:40:49.2529321Z ✅ D:/a/tandemlog/tandemlog/test/food_store_test.dart: food refresh SQL fault preserves state and receipts together
2026-10-10T04:40:49.6175949Z ✅ D:/a/tandemlog/tandemlog/test/food_store_test.dart: missing own reservation after initialization cannot reuse a sequence
2026-10-10T04:40:49.9457043Z ✅ D:/a/tandemlog/tandemlog/test/food_store_test.dart: food handle releases its lease when the profile owner is poisoned
2026-10-10T04:40:50.0585164Z ✅ D:/a/tandemlog/tandemlog/test/historical_completion_event_test.dart: historical completion is required, separate and hash-bound to earlier scalar initialization
2026-10-10T04:40:50.0661515Z ✅ D:/a/tandemlog/tandemlog/test/historical_completion_event_test.dart: forward/self reference, extra retained metadata and wrong child identities fail wire admission
2026-10-10T04:40:50.0757019Z ✅ D:/a/tandemlog/tandemlog/test/historical_completion_event_test.dart: known equal or later source clocks remain invalid after delayed arrival
2026-10-10T04:40:53.5252707Z ✅ D:/a/tandemlog/tandemlog/test/historical_recompletion_test.dart: offline historical recompletions converge without reseeding or suppressing the existing child
2026-10-10T04:40:54.6017478Z ✅ D:/a/tandemlog/tandemlog/test/historical_recompletion_test.dart: known wrong historical initialization rejects before receipt preparation
2026-10-10T04:40:54.7971635Z ✅ D:/a/tandemlog/tandemlog/test/historical_delivery_test.dart: review: historical source and marker arrive after cross-writer Undo
2026-10-10T04:40:56.5339075Z ✅ D:/a/tandemlog/tandemlog/test/historical_recompletion_test.dart: historical recompletion preserves independent child draft, context and scoped Undo
2026-10-10T04:40:58.2109087Z ✅ D:/a/tandemlog/tandemlog/test/historical_recompletion_test.dart: historical recompletion leaves open child unchanged through warm and cold replay
2026-10-10T04:40:58.9620499Z ✅ D:/a/tandemlog/tandemlog/test/historical_delivery_test.dart: review: native historical source and marker arrive after cross-writer Undo
2026-10-10T04:40:59.8926418Z ✅ D:/a/tandemlog/tandemlog/test/historical_recompletion_test.dart: historical recompletion leaves completed child unchanged through warm and cold replay
2026-10-10T04:41:00.1768608Z ✅ D:/a/tandemlog/tandemlog/test/inbox_test.dart: Inbox means raw capture until first surviving saved edit
2026-10-10T04:41:00.1804222Z ✅ D:/a/tandemlog/tandemlog/test/inbox_test.dart: derived successors are organized even if their snapshot is empty
2026-10-10T04:41:00.1965589Z ✅ D:/a/tandemlog/tandemlog/test/inbox_test.dart: Inbox is first in manual order and separate from Someday/history
2026-10-10T04:41:01.2569022Z ✅ D:/a/tandemlog/tandemlog/test/historical_recompletion_test.dart: historical recompletion leaves deleted child unchanged through warm and cold replay
2026-10-10T04:41:02.1646490Z ✅ D:/a/tandemlog/tandemlog/test/incremental_history_test.dart: cache reopen and repeated unchanged refresh read zero log bytes at 10240 bytes
2026-10-10T04:41:03.1692810Z ✅ D:/a/tandemlog/tandemlog/test/incremental_history_test.dart: cache reopen and repeated unchanged refresh read zero log bytes at 1048576 bytes
2026-10-10T04:41:03.8016527Z ✅ D:/a/tandemlog/tandemlog/test/incremental_history_test.dart: same-length historical rewrite stays cached until explicit verification; fresh cache rejects invalid selfhash
2026-10-10T04:41:04.2681169Z ✅ D:/a/tandemlog/tandemlog/test/incremental_history_test.dart: explicit verification checks newly observed ranges after append and reopen
2026-10-10T04:41:04.3432565Z ✅ D:/a/tandemlog/tandemlog/test/initial_task_rank_test.dart: scalar capture retains top rank after Inbox triage and replay
2026-10-10T04:41:04.7844633Z ✅ D:/a/tandemlog/tandemlog/test/incremental_history_test.dart: successful explicit verification compacts checked ranges into a new whole-prefix baseline
2026-10-10T04:41:05.2790970Z ✅ D:/a/tandemlog/tandemlog/test/incremental_history_test.dart: missing admitted log fails on resume and cold reopen without content reads
2026-10-10T04:41:05.6030602Z ✅ D:/a/tandemlog/tandemlog/test/incremental_history_test.dart: truncated admitted log fails on resume and cold reopen without content reads
2026-10-10T04:41:05.9586522Z ✅ D:/a/tandemlog/tandemlog/test/incremental_history_test.dart: truncation between size observation and fresh seek fails without advancing cache
2026-10-10T04:41:06.4238451Z ✅ D:/a/tandemlog/tandemlog/test/incremental_history_test.dart: atomic replacement with growth reads only new suffix and audits changed old prefix explicitly
2026-10-10T04:41:06.6456567Z ✅ D:/a/tandemlog/tandemlog/test/initial_task_rank_test.dart: native capture retains top rank after Inbox triage and replay
2026-10-10T04:41:06.8176722Z ✅ D:/a/tandemlog/tandemlog/test/incremental_history_test.dart: partial remote tail advances only complete records, then admits completed tail exactly once
2026-10-10T04:41:07.3077137Z ✅ D:/a/tandemlog/tandemlog/test/incremental_history_test.dart: new records remain strict and a failed batch leaves ranges and offset unchanged
2026-10-10T04:41:07.7426710Z ✅ D:/a/tandemlog/tandemlog/test/initial_task_rank_test.dart: legacy creations and retries retain their released append order
2026-10-10T04:41:07.7836014Z ✅ D:/a/tandemlog/tandemlog/test/incremental_history_test.dart: seeked new space rejects transactionally without advancing admitted bytes
2026-10-10T04:41:08.1836716Z ✅ D:/a/tandemlog/tandemlog/test/incremental_history_test.dart: seeked new writer rejects transactionally without advancing admitted bytes
2026-10-10T04:41:08.4828673Z ✅ D:/a/tandemlog/tandemlog/test/initial_task_rank_test.dart: complete-prefix capture waits for initial position and retries exact suffix
2026-10-10T04:41:08.5010642Z ✅ D:/a/tandemlog/tandemlog/test/incremental_history_test.dart: seeked new sequence rejects transactionally without advancing admitted bytes
2026-10-10T04:41:08.9061543Z ✅ D:/a/tandemlog/tandemlog/test/incremental_history_test.dart: seeked new clock rejects transactionally without advancing admitted bytes
2026-10-10T04:41:09.2778556Z ✅ D:/a/tandemlog/tandemlog/test/incremental_history_test.dart: seeked new blank rejects transactionally without advancing admitted bytes
2026-10-10T04:41:09.2908209Z ✅ D:/a/tandemlog/tandemlog/test/initial_task_rank_test.dart: native capture never exposes creation intent before placement reservation
2026-10-10T04:41:09.6847812Z ✅ D:/a/tandemlog/tandemlog/test/incremental_history_test.dart: seeked new undo reference rejects transactionally without advancing admitted bytes
2026-10-10T04:41:09.9425060Z ✅ D:/a/tandemlog/tandemlog/test/initial_task_rank_test.dart: native staging failure retains complete creation and placement reservation
2026-10-10T04:41:10.0091945Z ✅ D:/a/tandemlog/tandemlog/test/incremental_history_test.dart: seeked new tag reference rejects transactionally without advancing admitted bytes
2026-10-10T04:41:10.4646039Z ✅ D:/a/tandemlog/tandemlog/test/incremental_history_test.dart: seeked new move reference rejects transactionally without advancing admitted bytes
2026-10-10T04:41:10.8003516Z ✅ D:/a/tandemlog/tandemlog/test/incremental_history_test.dart: oversized remote incomplete tail fails before admission
2026-10-10T04:41:11.2045149Z ✅ D:/a/tandemlog/tandemlog/test/incremental_history_test.dart: explicit verification fails visibly when cached range coverage is incomplete
2026-10-10T04:41:11.2764110Z ✅ D:/a/tandemlog/tandemlog/test/initial_task_rank_test.dart: global first rank covers completed and other-assignee hidden tasks
2026-10-10T04:41:11.6011060Z ✅ D:/a/tandemlog/tandemlog/test/incremental_history_test.dart: unknown size provider honestly full-reads and verifies every refresh
2026-10-10T04:41:11.9719988Z ✅ D:/a/tandemlog/tandemlog/test/incremental_history_test.dart: unseekable provider honestly full-reads and verifies every refresh
2026-10-10T04:41:12.5047271Z ✅ D:/a/tandemlog/tandemlog/test/initial_task_rank_test.dart: multiline 1-record prefix retains exact placements through peer arrival and retry
2026-10-10T04:41:13.4839047Z ✅ D:/a/tandemlog/tandemlog/test/incremental_history_test.dart: cache 10 upgrade replays once with retained baseline and then reads no historical bytes
2026-10-10T04:41:14.0186195Z ✅ D:/a/tandemlog/tandemlog/test/initial_task_rank_test.dart: multiline 2-record prefix retains exact placements through peer arrival and retry
2026-10-10T04:41:14.3107175Z ✅ D:/a/tandemlog/tandemlog/test/incremental_history_test.dart: obsolete-cache replay preserves baseline guards through failed migration and retry
2026-10-10T04:41:14.9117469Z ✅ D:/a/tandemlog/tandemlog/test/incremental_history_test.dart: owned incomplete append is visible after cold reopen and cannot confirm receipt
2026-10-10T04:41:15.5285384Z ✅ D:/a/tandemlog/tandemlog/test/incremental_history_test.dart: new raw receipt cannot confirm a transport rewrite with equivalent JSON meaning
2026-10-10T04:41:15.6287389Z ✅ D:/a/tandemlog/tandemlog/test/initial_task_rank_test.dart: multiline 3-record prefix retains exact placements through peer arrival and retry
2026-10-10T04:41:16.1591190Z ✅ D:/a/tandemlog/tandemlog/test/incremental_history_test.dart: seeked command receipts reject changed new raw bytes and durable retry is idempotent
2026-10-10T04:41:16.4291554Z ✅ D:/a/tandemlog/tandemlog/test/incremental_history_test.dart: new suffix selfhash has exact diagnostic and never advances cache
2026-10-10T04:41:16.5978519Z ✅ D:/a/tandemlog/tandemlog/test/incremental_history_test.dart: new suffix previousHash has exact diagnostic and never advances cache
2026-10-10T04:41:16.7346753Z ✅ D:/a/tandemlog/tandemlog/test/incremental_history_test.dart: fresh replay checks genesis even when every selfhash is valid
2026-10-10T04:41:17.0078024Z ✅ D:/a/tandemlog/tandemlog/test/incremental_history_test.dart: full verification reports exact changed record with UTF8 byte offset
2026-10-10T04:41:17.2851929Z ✅ D:/a/tandemlog/tandemlog/test/incremental_history_test.dart: successful full verification counts records and bytes without appending an event
2026-10-10T04:41:17.8253203Z ✅ D:/a/tandemlog/tandemlog/test/incremental_history_test.dart: retained baseline detects recomputed chain while a fresh cache cannot authenticate it
2026-10-10T04:41:18.0733597Z ✅ D:/a/tandemlog/tandemlog/test/legacy_cache_import_test.dart: captures primary and historical observations, keeps originals and replays unchanged logs
2026-10-10T04:41:18.5468005Z ✅ D:/a/tandemlog/tandemlog/test/incremental_history_test.dart: known final-record removal fails verification while fresh valid prefix remains admissible
2026-10-10T04:41:18.8694103Z ✅ D:/a/tandemlog/tandemlog/test/legacy_cache_import_test.dart: cache import transaction interruption leaves no partial observations
2026-10-10T04:41:18.9372615Z ✅ D:/a/tandemlog/tandemlog/test/incremental_history_test.dart: old v2 canonical history and cache are retained without migration
2026-10-10T04:41:19.6751887Z ✅ D:/a/tandemlog/tandemlog/test/incremental_history_test.dart: full verification retains and rejects inconsistent cached chain_head
2026-10-10T04:41:20.4866262Z ✅ D:/a/tandemlog/tandemlog/test/incremental_history_test.dart: full verification retains and rejects inconsistent cached last_seq
2026-10-10T04:41:20.9098034Z ✅ D:/a/tandemlog/tandemlog/test/legacy_cache_import_test.dart: warm namespace still validates protected snapshot bytes
2026-10-10T04:41:21.3381400Z ✅ D:/a/tandemlog/tandemlog/test/incremental_history_test.dart: full verification retains and rejects inconsistent cached last_clock
2026-10-10T04:41:24.8074999Z ✅ D:/a/tandemlog/tandemlog/test/incremental_history_test.dart: oversized partial suffix identifies exact absolute record and offset
2026-10-10T04:41:27.3736752Z ✅ D:/a/tandemlog/tandemlog/test/incremental_history_test.dart: semantic failure identifies invalid move before later unrelated event
2026-10-10T04:41:28.8129154Z ✅ D:/a/tandemlog/tandemlog/test/legacy_cache_import_test.dart: interrupted legacy replay retains independent heads/ranges and backup
2026-10-10T04:41:30.0766304Z ✅ D:/a/tandemlog/tandemlog/test/legacy_cache_import_test.dart: changed source or conflicting location binding rejects without replacement
2026-10-10T04:41:31.1489794Z ✅ D:/a/tandemlog/tandemlog/test/legacy_protected_files_import_test.dart: imports exact identity, reservations and pending bytes; deletes nothing
2026-10-10T04:41:31.3481526Z ✅ D:/a/tandemlog/tandemlog/test/legacy_cache_import_test.dart: cache-only exact native receipt imports and retries without private file
2026-10-10T04:41:31.4252498Z ✅ D:/a/tandemlog/tandemlog/test/legacy_protected_files_import_test.dart: import interruption before commit rolls back every protected file
2026-10-10T04:41:31.7255087Z ✅ D:/a/tandemlog/tandemlog/test/legacy_protected_files_import_test.dart: repeat import preserves subsequent acknowledged guard state
2026-10-10T04:41:31.9953085Z ✅ D:/a/tandemlog/tandemlog/test/legacy_protected_files_import_test.dart: changed legacy authority after import is retained and rejected
2026-10-10T04:41:32.1664413Z ✅ D:/a/tandemlog/tandemlog/test/legacy_protected_files_import_test.dart: legacy profile lease prevents concurrent migration
2026-10-10T04:41:32.3116837Z ✅ D:/a/tandemlog/tandemlog/test/legacy_protected_files_import_test.dart: guard conflicts fail without overwriting either authority
2026-10-10T04:41:32.4555030Z ✅ D:/a/tandemlog/tandemlog/test/legacy_protected_files_import_test.dart: bad indexed intent binding cannot verify first import
2026-10-10T04:41:32.6241279Z ✅ D:/a/tandemlog/tandemlog/test/legacy_protected_files_import_test.dart: bad indexed intent binding cannot verify repeat import
2026-10-10T04:41:32.7659144Z ✅ D:/a/tandemlog/tandemlog/test/local_durability_test.dart: exclusive create writes and flushes file before its parent
2026-10-10T04:41:32.7761091Z ✅ D:/a/tandemlog/tandemlog/test/local_durability_test.dart: new append barriers and existing stream first-use barrier
2026-10-10T04:41:32.7836803Z ✅ D:/a/tandemlog/tandemlog/test/local_durability_test.dart: interrupted writes and fsync retry; close never retries
2026-10-10T04:41:32.7906057Z ✅ D:/a/tandemlog/tandemlog/test/local_durability_test.dart: file fsync failure closes descriptor and prevents directory barrier
2026-10-10T04:41:32.7997966Z ✅ D:/a/tandemlog/tandemlog/test/local_durability_test.dart: failed directory open/fsync is visible and append retries barrier
2026-10-10T04:41:32.8100135Z ✅ D:/a/tandemlog/tandemlog/test/local_durability_test.dart: mkdir chain flushes each new parent and confirmed directories skip barriers
2026-10-10T04:41:32.8106812Z ✅ D:/a/tandemlog/tandemlog/test/legacy_protected_files_import_test.dart: repeat import rejects lost previously imported reservations
2026-10-10T04:41:32.8202293Z ✅ D:/a/tandemlog/tandemlog/test/local_durability_test.dart: first ensure confirms existing ancestry after interrupted earlier process
2026-10-10T04:41:32.8314338Z ✅ D:/a/tandemlog/tandemlog/test/local_durability_test.dart: failed mkdir barrier retries even though the directory now exists
2026-10-10T04:41:32.9185028Z ✅ D:/a/tandemlog/tandemlog/test/local_durability_test.dart: atomic replacement synchronizes parent after completed rename and preserves failures
2026-10-10T04:41:32.9786677Z ✅ D:/a/tandemlog/tandemlog/test/local_durability_test.dart: profile lock creates its directory through durability before settings
2026-10-10T04:41:33.0463400Z ✅ D:/a/tandemlog/tandemlog/test/local_durability_test.dart: failed settings replacement retains its saved identity on retry
2026-10-10T04:41:33.0745668Z ✅ D:/a/tandemlog/tandemlog/test/legacy_protected_files_import_test.dart: repeat import rejects changed previously imported reservations
2026-10-10T04:41:33.1251713Z ✅ D:/a/tandemlog/tandemlog/test/local_durability_test.dart: marker rename sync failure is confirmed on the next settings load
2026-10-10T04:41:33.1898352Z ✅ D:/a/tandemlog/tandemlog/test/local_durability_test.dart: other platforms retain file flushing without calling Linux APIs
2026-10-10T04:41:33.1908557Z ##[endgroup]
2026-10-10T04:41:33.1912859Z ##[group]⏭️ Skipped tests
2026-10-10T04:41:33.1914174Z ⏭️ D:/a/tandemlog/tandemlog/test/local_durability_test.dart: real Linux FFI smoke: manifest creation, append, replacement and missing-directory error (skipped)
2026-10-10T04:41:33.3269362Z ##[endgroup]
2026-10-10T04:41:33.3270369Z ##[group]✅ Passing tests
2026-10-10T04:41:33.3271075Z ✅ D:/a/tandemlog/tandemlog/test/legacy_protected_files_import_test.dart: missing previously imported guard source is rejected
2026-10-10T04:41:33.6311866Z ✅ D:/a/tandemlog/tandemlog/test/legacy_protected_files_import_test.dart: settings index must agree with preserved raw installation UUID
2026-10-10T04:41:33.9125938Z ✅ D:/a/tandemlog/tandemlog/test/legacy_protected_files_import_test.dart: source replacement after commit cannot mark import verified
2026-10-10T04:41:34.5109776Z ✅ D:/a/tandemlog/tandemlog/test/local_profile_database_test.dart: one DB after clean close, with exclusive durable WAL configured
2026-10-10T04:41:34.6096777Z ✅ D:/a/tandemlog/tandemlog/test/local_profile_database_test.dart: same process and symlink aliases fail before opening another handle
2026-10-10T04:41:34.7200623Z ✅ D:/a/tandemlog/tandemlog/test/local_profile_database_test.dart: failed open retains unsupported database and releases process guard
2026-10-10T04:41:35.0994947Z ✅ D:/a/tandemlog/tandemlog/test/local_profile_migration_test.dart: fresh profile creates one DB and stable settings identity without lock files
2026-10-10T04:41:36.0992641Z ✅ D:/a/tandemlog/tandemlog/test/local_profile_migration_test.dart: verified full import cleans known originals, preserves unknown/canonical data and identity
2026-10-10T04:41:36.8335584Z ✅ D:/a/tandemlog/tandemlog/test/local_profile_migration_test.dart: restart resumes without identity change at import.started
2026-10-10T04:41:37.6223866Z ✅ D:/a/tandemlog/tandemlog/test/local_profile_migration_test.dart: restart resumes without identity change at files.imported
2026-10-10T04:41:38.3682401Z ✅ D:/a/tandemlog/tandemlog/test/local_profile_migration_test.dart: restart resumes without identity change at caches.imported
2026-10-10T04:41:38.9131246Z ✅ D:/a/tandemlog/tandemlog/test/local_profile_database_test.dart: OS exclusion survives commit and process death
2026-10-10T04:41:39.3778857Z ✅ D:/a/tandemlog/tandemlog/test/local_profile_migration_test.dart: restart resumes without identity change at cleanup.planned
2026-10-10T04:41:40.2196776Z ✅ D:/a/tandemlog/tandemlog/test/local_profile_migration_test.dart: restart resumes without identity change at sources.verified
2026-10-10T04:41:40.4709160Z ✅ D:/a/tandemlog/tandemlog/test/local_profile_database_test.dart: OS exclusion survives rollback and process death
2026-10-10T04:41:41.0384040Z ✅ D:/a/tandemlog/tandemlog/test/local_profile_migration_test.dart: restart resumes without identity change at activation.before
2026-10-10T04:41:41.7325889Z ✅ D:/a/tandemlog/tandemlog/test/local_profile_migration_test.dart: restart resumes without identity change at activation.committed
2026-10-10T04:41:42.1399591Z ✅ D:/a/tandemlog/tandemlog/test/local_profile_database_test.dart: OS exclusion survives uncommitted and process death
2026-10-10T04:41:42.3784208Z ✅ D:/a/tandemlog/tandemlog/test/local_profile_database_test.dart: independent profiles can own DBs concurrently; this is not a workspace lease
2026-10-10T04:41:42.5681574Z ✅ D:/a/tandemlog/tandemlog/test/local_profile_database_test.dart: missing protected_writer_guards fails closed instead of recreating safety authority
2026-10-10T04:41:42.7894536Z ✅ D:/a/tandemlog/tandemlog/test/local_profile_migration_test.dart: restart resumes without identity change at cleanup.marked
2026-10-10T04:41:42.7994392Z ✅ D:/a/tandemlog/tandemlog/test/local_profile_database_test.dart: missing protected_text_intents fails closed instead of recreating safety authority
2026-10-10T04:41:43.0117705Z ✅ D:/a/tandemlog/tandemlog/test/local_profile_database_test.dart: weakened protected schema fails closed despite matching columns
2026-10-10T04:41:43.5984568Z ✅ D:/a/tandemlog/tandemlog/test/local_profile_database_test.dart: exact frozen unpublished v1 upgrades without resetting identity
2026-10-10T04:41:43.8193819Z ✅ D:/a/tandemlog/tandemlog/test/local_profile_migration_test.dart: restart resumes without identity change at cleanup.deleted
2026-10-10T04:41:44.7116014Z ✅ D:/a/tandemlog/tandemlog/test/local_profile_migration_test.dart: restart resumes without identity change at cleanup.committed
2026-10-10T04:41:45.0110480Z ✅ D:/a/tandemlog/tandemlog/test/local_settings_test.dart: legacy folder/user settings remain selected and default to System
2026-10-10T04:41:45.1166520Z ✅ D:/a/tandemlog/tandemlog/test/local_settings_test.dart: theme-only preferences never create a canonical workspace
2026-10-10T04:41:45.1242289Z ✅ D:/a/tandemlog/tandemlog/test/local_settings_test.dart: new desktop default is shared-data without creating files
2026-10-10T04:41:45.1343543Z ✅ D:/a/tandemlog/tandemlog/test/local_settings_test.dart: settings reset retains a populated legacy default
2026-10-10T04:41:45.1395486Z ✅ D:/a/tandemlog/tandemlog/test/local_settings_test.dart: empty legacy folder does not override the clearer default
2026-10-10T04:41:45.1508434Z ✅ D:/a/tandemlog/tandemlog/test/local_settings_test.dart: populated shared-data remains preferred without altering either folder
2026-10-10T04:41:45.4528374Z ✅ D:/a/tandemlog/tandemlog/test/local_profile_migration_test.dart: restart resumes without identity change at cleanup.finished
2026-10-10T04:41:45.8556715Z ✅ D:/a/tandemlog/tandemlog/test/local_profile_migration_test.dart: activated private intent cannot disappear without atomic retirement proof
2026-10-10T04:41:49.2231084Z ✅ D:/a/tandemlog/tandemlog/test/local_profile_migration_test.dart: actual crash-retained legacy WAL and SHM import and cleanup
2026-10-10T04:41:49.8537736Z ✅ D:/a/tandemlog/tandemlog/test/local_profile_migration_test.dart: cleanup boundary rechecks target before deleting the source
2026-10-10T04:41:50.2705071Z ##[endgroup]
2026-10-10T04:41:50.2706348Z ##[group]✅ D:/a/tandemlog/tandemlog/test/native_checklist_recompletion_test.dart: native offline checklist successor keeps its edited item after recompletion
2026-10-10T04:41:50.2707244Z HISTORICAL_RECOMPLETION recompletion: Native item Saved ChildItemA
2026-10-10T04:41:50.2708040Z ##[endgroup]
2026-10-10T04:41:50.7358696Z ##[group]✅ Passing tests
2026-10-10T04:41:50.7360373Z ✅ D:/a/tandemlog/tandemlog/test/local_profile_migration_test.dart: valid guard regression after activation retains original authority
2026-10-10T04:41:51.7830654Z ✅ D:/a/tandemlog/tandemlog/test/local_profile_migration_test.dart: changed cleanup source fails closed and resumes only after exact restoration
2026-10-10T04:41:52.4782026Z ✅ D:/a/tandemlog/tandemlog/test/local_profile_migration_test.dart: missing protected_settings at final activation gate retains originals
2026-10-10T04:41:53.1563717Z ✅ D:/a/tandemlog/tandemlog/test/local_profile_migration_test.dart: missing protected_writer_guards at final activation gate retains originals
2026-10-10T04:41:53.7443208Z ✅ D:/a/tandemlog/tandemlog/test/local_profile_migration_test.dart: missing protected_cache_imports at final activation gate retains originals
2026-10-10T04:41:53.9879331Z ✅ D:/a/tandemlog/tandemlog/test/local_profile_migration_test.dart: sole exact private intent lost at final activation gate retains its file
2026-10-10T04:41:54.5479067Z ##[endgroup]
2026-10-10T04:41:54.5482362Z ##[group]✅ D:/a/tandemlog/tandemlog/test/native_checklist_recompletion_test.dart: native offline checklist successor keeps its edited item after Undo
2026-10-10T04:41:54.5483636Z HISTORICAL_RECOMPLETION Undo: Native item Saved ChildItemA
2026-10-10T04:41:54.5485659Z ##[endgroup]
2026-10-10T04:41:54.9665390Z ##[group]✅ Passing tests
2026-10-10T04:41:54.9666614Z ✅ D:/a/tandemlog/tandemlog/test/local_profile_migration_test.dart: orphan temporary authority and linked cleanup sources remain untouched
2026-10-10T04:41:58.3580404Z ✅ D:/a/tandemlog/tandemlog/test/local_profile_migration_test.dart: SIGKILL recovery retains identity and canonical bytes at files.imported
2026-10-10T04:41:58.6146651Z ##[endgroup]
2026-10-10T04:41:58.6148387Z ##[group]✅ D:/a/tandemlog/tandemlog/test/native_checklist_recompletion_test.dart: native offline checklist successor keeps its edited item after recompletion cold replay
2026-10-10T04:41:58.6150120Z HISTORICAL_RECOMPLETION recompletion cold replay: Native item Saved ChildItemA
2026-10-10T04:41:58.6151436Z ##[endgroup]
2026-10-10T04:42:01.9621175Z ##[group]✅ Passing tests
2026-10-10T04:42:01.9622048Z ✅ D:/a/tandemlog/tandemlog/test/local_profile_migration_test.dart: SIGKILL recovery retains identity and canonical bytes at cleanup.planned
2026-10-10T04:42:02.7841847Z ##[endgroup]
2026-10-10T04:42:02.7843234Z ##[group]✅ D:/a/tandemlog/tandemlog/test/native_checklist_recompletion_test.dart: native offline checklist successor keeps its edited item after Undo cold replay
2026-10-10T04:42:02.7844064Z HISTORICAL_RECOMPLETION Undo cold replay: Native item Saved ChildItemA
2026-10-10T04:42:02.7844571Z ##[endgroup]
2026-10-10T04:42:03.5249232Z ##[group]✅ Passing tests
2026-10-10T04:42:03.5250712Z ✅ D:/a/tandemlog/tandemlog/test/native_checklist_recompletion_test.dart: native recurrence without checklist reinitializes untouched child
2026-10-10T04:42:04.4213545Z ✅ D:/a/tandemlog/tandemlog/test/native_checklist_recompletion_test.dart: native recurrence without checklist retains edited child
2026-10-10T04:42:05.2459927Z ✅ D:/a/tandemlog/tandemlog/test/local_profile_migration_test.dart: SIGKILL recovery retains identity and canonical bytes at activation.committed
2026-10-10T04:42:05.3927684Z ✅ D:/a/tandemlog/tandemlog/test/native_text_engine_test.dart: missing native library is an explicit failure
2026-10-10T04:42:05.4175726Z ✅ D:/a/tandemlog/tandemlog/test/native_text_engine_test.dart: operation bytes require exact canonical Base64 and bounded size
2026-10-10T04:42:06.6427486Z ✅ D:/a/tandemlog/tandemlog/test/native_text_engine_test.dart: actual production FFI inspection reuse is immutable budget-specific and bounded
2026-10-10T04:42:06.6620868Z ✅ D:/a/tandemlog/tandemlog/test/native_text_engine_test.dart: actual production FFI pending named Undo rejects a different operation and keeps exact retry
2026-10-10T04:42:06.6709670Z ✅ D:/a/tandemlog/tandemlog/test/native_text_engine_test.dart: actual production FFI dedicated receipt owner never undoes an older Save after remote cancellation
2026-10-10T04:42:06.6800736Z ✅ D:/a/tandemlog/tandemlog/test/native_text_engine_test.dart: actual production FFI captured Unicode edit survives remote arrival and receipt-gated Save
2026-10-10T04:42:06.6952316Z ✅ D:/a/tandemlog/tandemlog/test/native_text_engine_test.dart: actual production FFI IME and wrong-source preparation preserve the captured draft
2026-10-10T04:42:06.6954533Z ✅ D:/a/tandemlog/tandemlog/test/native_text_engine_test.dart: actual production FFI rejected receipt preserves live state, draft and prior Undo
2026-10-10T04:42:06.7069983Z ✅ D:/a/tandemlog/tandemlog/test/native_text_engine_test.dart: actual production FFI prepared Undo keeps remote text and cancellation retains prior stack
2026-10-10T04:42:06.7144747Z ✅ D:/a/tandemlog/tandemlog/test/native_text_engine_test.dart: actual production FFI invalid update, field limit and split surrogate rejection are atomic
2026-10-10T04:42:06.7211989Z ✅ D:/a/tandemlog/tandemlog/test/native_text_engine_test.dart: actual production FFI native remote limit rejection preserves source and captured draft
2026-10-10T04:42:06.7272829Z ✅ D:/a/tandemlog/tandemlog/test/native_text_engine_test.dart: actual production FFI inspection reports struct authors rather than delivery owner
2026-10-10T04:42:06.7366725Z ✅ D:/a/tandemlog/tandemlog/test/native_text_engine_test.dart: actual production FFI checkpoint includes pending operations and restores with a fresh GUID
2026-10-10T04:42:06.7423747Z ✅ D:/a/tandemlog/tandemlog/test/native_text_engine_test.dart: actual production FFI foreign handles, disposed generations and actor collisions fail explicitly
2026-10-10T04:42:07.7380741Z ✅ D:/a/tandemlog/tandemlog/test/order_projection_test.dart: moving a legacy task below a native task uses both creation actions
2026-10-10T04:42:07.7417405Z ✅ D:/a/tandemlog/tandemlog/test/order_projection_test.dart: native creation after a move keeps chronological manual ordering
2026-10-10T04:42:08.5258785Z ✅ D:/a/tandemlog/tandemlog/test/local_profile_migration_test.dart: SIGKILL recovery retains identity and canonical bytes at cleanup.marked
2026-10-10T04:42:08.7621441Z ✅ D:/a/tandemlog/tandemlog/test/profile_lock_test.dart: same process and canonical aliases contend until release
2026-10-10T04:42:08.7799928Z ✅ D:/a/tandemlog/tandemlog/test/profile_lock_test.dart: failed acquisition releases the process guard for retry
2026-10-10T04:42:09.3547217Z ✅ D:/a/tandemlog/tandemlog/test/profile_lock_test.dart: child process holds OS lock; killing it allows reacquisition
2026-10-10T04:42:10.5072033Z ✅ D:/a/tandemlog/tandemlog/test/profile_safety_store_test.dart: writer reservation and partial acknowledgement survive reopening
2026-10-10T04:42:10.6740378Z ✅ D:/a/tandemlog/tandemlog/test/profile_safety_store_test.dart: same writer and event sequence are scoped to separate workspaces
2026-10-10T04:42:10.7807398Z ✅ D:/a/tandemlog/tandemlog/test/profile_safety_store_test.dart: pending canonical bytes are immutable and survive reopen
2026-10-10T04:42:10.9099658Z ✅ D:/a/tandemlog/tandemlog/test/profile_safety_store_test.dart: rollback and projection deletion do not clear protected evidence
2026-10-10T04:42:11.0103065Z ✅ D:/a/tandemlog/tandemlog/test/profile_safety_store_test.dart: a SQL disk-capacity failure preserves original error and pending rows
2026-10-10T04:42:11.1930382Z ✅ D:/a/tandemlog/tandemlog/test/profile_safety_store_test.dart: copied writer IDs across profiles are outside profile exclusion
2026-10-10T04:42:11.9247805Z ✅ D:/a/tandemlog/tandemlog/test/local_profile_migration_test.dart: SIGKILL recovery retains identity and canonical bytes at cleanup.deleted
2026-10-10T04:42:12.2282834Z ✅ D:/a/tandemlog/tandemlog/test/profile_safety_store_test.dart: distinct profile writers converge in one canonical workspace
2026-10-10T04:42:12.3605634Z ✅ D:/a/tandemlog/tandemlog/test/profile_safety_store_test.dart: async and nested transactions cannot commit unrelated outer work
2026-10-10T04:42:12.5431715Z ✅ D:/a/tandemlog/tandemlog/test/profile_safety_store_test.dart: pending reads reject corrupt bytes and mismatched indexed identity
2026-10-10T04:42:13.8227052Z ✅ D:/a/tandemlog/tandemlog/test/profile_task_store_test.dart: immutable names reject injected identifiers
2026-10-10T04:42:14.2973744Z ✅ D:/a/tandemlog/tandemlog/test/profile_task_store_test.dart: shared checklist display state is scoped and uses owner rollback
2026-10-10T04:42:14.7902376Z ✅ D:/a/tandemlog/tandemlog/test/profile_task_store_test.dart: two workspaces isolate identical entity and writer sequence IDs
2026-10-10T04:42:15.0277978Z ✅ D:/a/tandemlog/tandemlog/test/profile_task_store_test.dart: same location rejects a duplicate handle until close
2026-10-10T04:42:15.3554410Z ✅ D:/a/tandemlog/tandemlog/test/profile_task_store_test.dart: queued open prevents owner close before its handle is returned
2026-10-10T04:42:15.5213178Z ✅ D:/a/tandemlog/tandemlog/test/local_profile_migration_test.dart: SIGKILL recovery retains identity and canonical bytes at cleanup.committed
2026-10-10T04:42:15.7204275Z ✅ D:/a/tandemlog/tandemlog/test/profile_task_store_test.dart: shared namespace never invokes legacy global schema replay
2026-10-10T04:42:16.3859515Z ✅ D:/a/tandemlog/tandemlog/test/profile_task_store_test.dart: protected native receipt survives alias confirmation/rebuild appended=false
2026-10-10T04:42:16.8642480Z ✅ D:/a/tandemlog/tandemlog/test/profile_task_store_test.dart: protected native receipt survives alias confirmation/rebuild appended=true
2026-10-10T04:42:17.3627685Z ✅ D:/a/tandemlog/tandemlog/test/profile_task_store_test.dart: failed shared acknowledgement retains exact intent and rolls back projections
2026-10-10T04:42:17.9402476Z ✅ D:/a/tandemlog/tandemlog/test/profile_task_store_test.dart: overlapping workspace operations share one transaction owner
2026-10-10T04:42:18.1974293Z ✅ D:/a/tandemlog/tandemlog/test/recurring_completion_undo_test.dart: true Undo suppresses untouched successor, preserves bytes, and survives rebuild
2026-10-10T04:42:19.1854191Z ✅ D:/a/tandemlog/tandemlog/test/recurring_completion_undo_test.dart: ordinary Reopen retains successor and generic recurring Undo rejects
2026-10-10T04:42:20.3040114Z ✅ D:/a/tandemlog/tandemlog/test/recurring_completion_undo_test.dart: edit protects successor from cleanup
2026-10-10T04:42:21.3583379Z ✅ D:/a/tandemlog/tandemlog/test/recurring_completion_undo_test.dart: tags protects successor from cleanup
2026-10-10T04:42:22.4417373Z ✅ D:/a/tandemlog/tandemlog/test/recurring_completion_undo_test.dart: move protects successor from cleanup
2026-10-10T04:42:23.0166349Z ✅ D:/a/tandemlog/tandemlog/test/recurring_store_test.dart: offline recurring peers retain child edits drafts Undo and exact cold replay
2026-10-10T04:42:23.4757714Z ✅ D:/a/tandemlog/tandemlog/test/recurring_completion_undo_test.dart: complete protects successor from cleanup
2026-10-10T04:42:24.2662627Z ✅ D:/a/tandemlog/tandemlog/test/recurring_completion_undo_test.dart: delete protects successor from cleanup
2026-10-10T04:42:24.4987098Z ✅ D:/a/tandemlog/tandemlog/test/recurring_text_test.dart: failed native admission discards rejected replay authority and recovers, cancellation fault=false
2026-10-10T04:42:24.5583655Z ✅ D:/a/tandemlog/tandemlog/test/recurring_text_test.dart: failed native admission discards rejected replay authority and recovers, cancellation fault=true
2026-10-10T04:42:24.6329721Z ✅ D:/a/tandemlog/tandemlog/test/recurring_text_test.dart: actual native recurring inherited text new reference proofs preserve old exact-state proofs and reject substitution
2026-10-10T04:42:25.0073013Z ✅ D:/a/tandemlog/tandemlog/test/recurring_completion_undo_test.dart: anchor protects successor from cleanup
2026-10-10T04:42:25.3012041Z ✅ D:/a/tandemlog/tandemlog/test/recurring_text_test.dart: actual native recurring inherited text resolver shares recurrence references and advances native history once
2026-10-10T04:42:25.3333142Z ✅ D:/a/tandemlog/tandemlog/test/recurring_text_test.dart: actual native recurring inherited text memo preserves union and rejects sparse closed prefixes after a hit
2026-10-10T04:42:25.4159745Z ✅ D:/a/tandemlog/tandemlog/test/recurring_text_test.dart: actual native recurring inherited text memo budgets evict without changing replay or requiring native checkpoints
2026-10-10T04:42:25.7632748Z ✅ D:/a/tandemlog/tandemlog/test/recurring_completion_undo_test.dart: undoneEdit protects successor from cleanup
2026-10-10T04:42:26.0984007Z ✅ D:/a/tandemlog/tandemlog/test/recurring_text_test.dart: actual native recurring inherited text shared originals remain bounded without evicting the latest edited proof
2026-10-10T04:42:26.1408634Z ✅ D:/a/tandemlog/tandemlog/test/recurring_text_test.dart: actual native recurring inherited text offline title and notes union preserves acknowledged child prefix and duplicates
2026-10-10T04:42:26.1593035Z ✅ D:/a/tandemlog/tandemlog/test/recurring_text_test.dart: actual native recurring inherited text later parent edits flow only through another completion and Undo retains contributions
2026-10-10T04:42:26.1838957Z ✅ D:/a/tandemlog/tandemlog/test/recurring_text_test.dart: actual native recurring inherited text missing proof is pending; known wrong context or state hash is invalid
2026-10-10T04:42:26.1925171Z ✅ D:/a/tandemlog/tandemlog/test/recurring_text_test.dart: actual native recurring inherited text actual foreign struct author is rejected
2026-10-10T04:42:26.2028057Z ✅ D:/a/tandemlog/tandemlog/test/recurring_text_test.dart: actual native recurring inherited text reusing another writer’s actor claim is rejected
2026-10-10T04:42:26.2234143Z ✅ D:/a/tandemlog/tandemlog/test/recurring_text_test.dart: actual native recurring inherited text grandchild prefix excludes a late ancestor completion
2026-10-10T04:42:26.2551196Z ✅ D:/a/tandemlog/tandemlog/test/recurring_text_test.dart: actual native recurring inherited text missing current grant waits but a closed incomplete proof rejects
2026-10-10T04:42:26.2776290Z ✅ D:/a/tandemlog/tandemlog/test/recurring_text_test.dart: actual native recurring inherited text union visible overflow rejects without modifying canonical inputs
2026-10-10T04:42:26.8382852Z ✅ D:/a/tandemlog/tandemlog/test/recurring_completion_undo_test.dart: late remote edit restores protected successor and converges after rebuild
2026-10-10T04:42:27.8896630Z ✅ D:/a/tandemlog/tandemlog/test/recurring_completion_undo_test.dart: late remote completion restores protected successor and converges after rebuild
2026-10-10T04:42:28.4999097Z ✅ D:/a/tandemlog/tandemlog/test/release_version_tile_test.dart: shows and copies only release version 2026.10.1
2026-10-10T04:42:28.5784440Z ✅ D:/a/tandemlog/tandemlog/test/release_version_tile_test.dart: shows and copies only release version 2026.10.2-rc.1
2026-10-10T04:42:28.6280029Z ✅ D:/a/tandemlog/tandemlog/test/release_version_tile_test.dart: missing metadata does not copy a guessed version
2026-10-10T04:42:28.7306301Z ✅ D:/a/tandemlog/tandemlog/test/release_version_tile_test.dart: clipboard failure is contextual and can be retried
2026-10-10T04:42:28.9489967Z ✅ D:/a/tandemlog/tandemlog/test/recurring_completion_undo_test.dart: late remote anchor restores protected successor and converges after rebuild
2026-10-10T04:42:30.0732991Z ✅ D:/a/tandemlog/tandemlog/test/schedule_test.dart: completion guard compares actual occurrence dates, not rendered bounds
2026-10-10T04:42:30.1323556Z ✅ D:/a/tandemlog/tandemlog/test/schedule_test.dart: all 37 observed expressions match pinned upstream oracle
2026-10-10T04:42:30.1444240Z ✅ D:/a/tandemlog/tandemlog/test/schedule_test.dart: civil dates and schedule reject normalization and unknown fields
2026-10-10T04:42:30.1488168Z ✅ D:/a/tandemlog/tandemlog/test/schedule_test.dart: reference precedence, missing dates and configured scheduled removal
2026-10-10T04:42:30.1535254Z ✅ D:/a/tandemlog/tandemlog/test/schedule_test.dart: start bounds reject invalid edits without inventing dates
2026-10-10T04:42:30.1579972Z ✅ D:/a/tandemlog/tandemlog/test/schedule_test.dart: named-zone gap and fold obey end-of-due-day bounds
2026-10-10T04:42:30.1640352Z ✅ D:/a/tandemlog/tandemlog/test/schedule_test.dart: exact due bounds are inclusive; date-only due covers whole day
2026-10-10T04:42:30.1673226Z ✅ D:/a/tandemlog/tandemlog/test/schedule_test.dart: precise named-zone bounds compare resolved gap and fold instants
2026-10-10T04:42:30.1710413Z ✅ D:/a/tandemlog/tandemlog/test/schedule_test.dart: recurrence preserves exact times and removes scheduled time with its date
2026-10-10T04:42:30.1744817Z ✅ D:/a/tandemlog/tandemlog/test/schedule_test.dart: last supported due day accepts its internal next-year boundary
2026-10-10T04:42:30.1775082Z ✅ D:/a/tandemlog/tandemlog/test/schedule_test.dart: clamping evolves while explicit last remains month end
2026-10-10T04:42:30.2930475Z ✅ D:/a/tandemlog/tandemlog/test/recurring_completion_undo_test.dart: untouched recompletion uses surviving snapshot and current parent position
2026-10-10T04:42:31.4500361Z ✅ D:/a/tandemlog/tandemlog/test/recurring_completion_undo_test.dart: mixed Undo confirms only prefix and retries cleanup (0 retained)
2026-10-10T04:42:32.3866760Z ✅ D:/a/tandemlog/tandemlog/test/recurring_completion_undo_test.dart: mixed Undo confirms only prefix and retries cleanup (1 retained)
2026-10-10T04:42:33.0429843Z ✅ D:/a/tandemlog/tandemlog/test/recurring_completion_undo_test.dart: new cleanup rejects nonrecurring and wrong-task targets before append
2026-10-10T04:42:33.6093969Z ✅ D:/a/tandemlog/tandemlog/test/recurring_completion_undo_test.dart: delayed valid cleanup suppresses successor once its target arrives
2026-10-10T04:42:34.2494819Z ✅ D:/a/tandemlog/tandemlog/test/recurring_completion_undo_test.dart: delayed nonrecurring and forward cleanup targets fail transactionally
2026-10-10T04:42:34.7905579Z ✅ D:/a/tandemlog/tandemlog/test/shared_tag_semantics_test.dart: query clear and dropdown actions identify every editing context
2026-10-10T04:42:34.8272348Z ✅ D:/a/tandemlog/tandemlog/test/recurring_completion_undo_test.dart: generic recurring Undo rejects transactionally when completion arrives late
2026-10-10T04:42:35.3424277Z ✅ D:/a/tandemlog/tandemlog/test/shared_tag_semantics_test.dart: editor exposes named query and removable selected tags
2026-10-10T04:42:35.3787107Z ✅ D:/a/tandemlog/tandemlog/test/recurring_completion_undo_test.dart: new cleanup wire schema rejects extra fields and malformed references
2026-10-10T04:42:35.9744313Z ✅ D:/a/tandemlog/tandemlog/test/recurring_completion_undo_test.dart: pure seed selection is independent of arrival order and preserves historical Undo
2026-10-10T04:42:36.3983797Z ✅ D:/a/tandemlog/tandemlog/test/shared_tag_semantics_test.dart: bulk suggestions are readable and semantics activation is local
2026-10-10T04:42:37.4417695Z ✅ D:/a/tandemlog/tandemlog/test/shared_tag_semantics_test.dart: bulk chip actions preserve independent deltas and Apply state
2026-10-10T04:42:38.1482392Z ✅ D:/a/tandemlog/tandemlog/test/shared_tag_semantics_test.dart: Saving freezes tag editing and chip removal in both bulk contexts
2026-10-10T04:42:39.2255783Z ✅ D:/a/tandemlog/tandemlog/test/shared_text_history_test.dart: reordered originals bound disposable interning and retain old references
2026-10-10T04:42:39.2346250Z ✅ D:/a/tandemlog/tandemlog/test/shared_text_history_test.dart: reshaped branches apply originals once, checkpoint restore=false
2026-10-10T04:42:39.2425804Z ✅ D:/a/tandemlog/tandemlog/test/shared_text_history_test.dart: reshaped branches apply originals once, checkpoint restore=true
2026-10-10T04:42:39.3637337Z ✅ D:/a/tandemlog/tandemlog/test/shared_text_history_test.dart: one original operation is retained across immutable recurrence references
2026-10-10T04:42:39.3694781Z ✅ D:/a/tandemlog/tandemlog/test/shared_text_history_test.dart: union order and duplicate arrival retain one reference to each original
2026-10-10T04:42:39.3759729Z ✅ D:/a/tandemlog/tandemlog/test/shared_text_history_test.dart: equal seed text cannot authorize independent roots or forged packet claims
2026-10-10T04:42:39.3808534Z ✅ D:/a/tandemlog/tandemlog/test/shared_text_history_test.dart: canonical packet metadata is checked before retaining a reference
2026-10-10T04:42:39.3873310Z ✅ D:/a/tandemlog/tandemlog/test/shared_text_history_test.dart: retained original packets are deeply immutable and privately owned
2026-10-10T04:42:39.4791435Z ✅ D:/a/tandemlog/tandemlog/test/shared_text_history_test.dart: incremental native replay is linear and sparse checkpoints preserve historical state
2026-10-10T04:42:39.5452969Z ✅ D:/a/tandemlog/tandemlog/test/shared_text_history_test.dart: reference summaries export full state only for sparse checkpoints or explicit proof
2026-10-10T04:42:39.5530871Z ✅ D:/a/tandemlog/tandemlog/test/shared_text_history_test.dart: evicting native roots and closing a materializer does not change references
2026-10-10T04:42:40.8394831Z ✅ D:/a/tandemlog/tandemlog/test/stable_v3_compatibility_test.dart: first stable v3 bytes, identities, clocks and event meanings stay frozen
2026-10-10T04:42:41.8526839Z ✅ D:/a/tandemlog/tandemlog/test/stable_v3_compatibility_test.dart: frozen history converges after arrival [22222222-2222-4222-8222-222222222222, 33333333-3333-4333-8333-333333333333] and cache rebuild
2026-10-10T04:42:42.7165091Z ✅ D:/a/tandemlog/tandemlog/test/stable_v3_compatibility_test.dart: frozen history converges after arrival [33333333-3333-4333-8333-333333333333, 22222222-2222-4222-8222-222222222222] and cache rebuild
2026-10-10T04:42:43.5835155Z ✅ D:/a/tandemlog/tandemlog/test/stable_v3_compatibility_test.dart: new writer extends frozen v3 without rewriting prior history
2026-10-10T04:42:44.3360386Z ✅ D:/a/tandemlog/tandemlog/test/shared_text_storage_test.dart: shared recurrence cache stores references and survives warm/cold reconstruction
2026-10-10T04:42:45.7202935Z ✅ D:/a/tandemlog/tandemlog/test/sticky_task_group_test.dart: native heading pins and pushes off at 1.0x text
2026-10-10T04:42:45.8412170Z ✅ D:/a/tandemlog/tandemlog/test/sticky_task_group_test.dart: native heading pins and pushes off at 2.0x text
2026-10-10T04:42:45.8847687Z ✅ D:/a/tandemlog/tandemlog/test/sticky_task_group_test.dart: heading wraps to its measured extent and has one header node
2026-10-10T04:42:46.0004215Z ✅ D:/a/tandemlog/tandemlog/test/storage_test.dart: local task deletion targeting user rejects before canonical append
2026-10-10T04:42:46.6215884Z ✅ D:/a/tandemlog/tandemlog/test/storage_test.dart: delayed remote user creation resolves pending task deletion as transactional error
2026-10-10T04:42:47.4874698Z ✅ D:/a/tandemlog/tandemlog/test/storage_test.dart: bulk edit reconciles durable append after refresh failure before retry
2026-10-10T04:42:48.3653624Z ✅ D:/a/tandemlog/tandemlog/test/storage_test.dart: bulk delete reconciles durable append after refresh failure before retry
2026-10-10T04:42:48.7063714Z ✅ D:/a/tandemlog/tandemlog/test/tag_filter_picker_test.dart: query underline gap stays stable with chips at 260.0/1.0
2026-10-10T04:42:48.9628381Z ✅ D:/a/tandemlog/tandemlog/test/tag_filter_picker_test.dart: query underline gap stays stable with chips at 260.0/2.0
2026-10-10T04:42:49.1947948Z ✅ D:/a/tandemlog/tandemlog/test/storage_test.dart: bulk move reconciles durable append after refresh failure before retry
2026-10-10T04:42:49.2081546Z ✅ D:/a/tandemlog/tandemlog/test/tag_filter_picker_test.dart: query underline gap stays stable with chips at 390.0/1.0
2026-10-10T04:42:49.4134733Z ✅ D:/a/tandemlog/tandemlog/test/tag_filter_picker_test.dart: query underline gap stays stable with chips at 390.0/2.0
2026-10-10T04:42:49.7173209Z ✅ D:/a/tandemlog/tandemlog/test/tag_filter_picker_test.dart: initial suggestions survive IME relayout at 1.0 text scale
2026-10-10T04:42:49.9665237Z ✅ D:/a/tandemlog/tandemlog/test/tag_filter_picker_test.dart: initial suggestions survive IME relayout at 2.0 text scale
2026-10-10T04:42:49.9886675Z ✅ D:/a/tandemlog/tandemlog/test/storage_test.dart: bulk patch preserves mixed fields and observed tags; invalid patch writes nothing
2026-10-10T04:42:50.6254281Z ✅ D:/a/tandemlog/tandemlog/test/tag_filter_picker_test.dart: below-first dialog overlay uses content size and stays stable through queries and metrics
2026-10-10T04:42:50.9125535Z ✅ D:/a/tandemlog/tandemlog/test/storage_test.dart: bulk guard rechecks before the batch append; retry block uses global order
2026-10-10T04:42:52.1970919Z ✅ D:/a/tandemlog/tandemlog/test/storage_test.dart: offline edits and completions cannot resurrect deletion; successor survives restart
2026-10-10T04:42:52.7654552Z ✅ D:/a/tandemlog/tandemlog/test/storage_test.dart: stale bulk and invalid selections fail before any durable command
2026-10-10T04:42:53.8188280Z ✅ D:/a/tandemlog/tandemlog/test/tag_input_geometry_test.dart: many selected chips keep query and results reachable with IME
2026-10-10T04:42:53.8540406Z ✅ D:/a/tandemlog/tandemlog/test/storage_test.dart: guarded move rejects changes arriving inside its refresh without append
2026-10-10T04:42:55.0905724Z ✅ D:/a/tandemlog/tandemlog/test/storage_test.dart: typed due bounds are atomic across offline edits and rebuild
2026-10-10T04:42:55.8483835Z ✅ D:/a/tandemlog/tandemlog/test/storage_test.dart: failed obsolete-cache replay preserves identity and prior stream guards on retry
2026-10-10T04:42:56.3552903Z ✅ D:/a/tandemlog/tandemlog/test/storage_test.dart: future caches and v1 canonical protocol are retained and not auto-converted
2026-10-10T04:42:56.4090505Z ✅ D:/a/tandemlog/tandemlog/test/tag_input_test.dart: hardware Enter propagates active IME composition
2026-10-10T04:42:56.5475759Z ✅ D:/a/tandemlog/tandemlog/test/tag_input_test.dart: hardware Numpad Enter propagates active IME composition
2026-10-10T04:42:56.8137719Z ✅ D:/a/tandemlog/tandemlog/test/tag_input_test.dart: hardware ArrowDown then Enter selects existing option
2026-10-10T04:42:57.0056755Z ✅ D:/a/tandemlog/tandemlog/test/tag_input_test.dart: hardware ArrowDown then Numpad Enter selects existing option
2026-10-10T04:42:57.1403519Z ✅ D:/a/tandemlog/tandemlog/test/storage_test.dart: known obsolete cache rebuilds canonical state and retains backup
2026-10-10T04:42:57.1654687Z ✅ D:/a/tandemlog/tandemlog/test/tag_input_test.dart: opaque __create inventory tag and creation row keep separate identities
2026-10-10T04:42:57.2282460Z ✅ D:/a/tandemlog/tandemlog/test/tag_input_test.dart: shared B layout keeps chips above full-width query at 390.0
2026-10-10T04:42:57.2862825Z ✅ D:/a/tandemlog/tandemlog/test/tag_input_test.dart: shared B layout keeps chips above full-width query at 1000.0
2026-10-10T04:42:58.2749855Z ✅ D:/a/tandemlog/tandemlog/test/storage_test.dart: reopen targets observed completions, is idempotent and survives restart
2026-10-10T04:42:58.5856587Z ✅ D:/a/tandemlog/tandemlog/test/task_clock_test.dart: Chicago completion day follows local midnight across DST
2026-10-10T04:42:58.5901665Z ✅ D:/a/tandemlog/tandemlog/test/task_clock_test.dart: unknown timezone never silently falls back
2026-10-10T04:42:59.0698250Z ✅ D:/a/tandemlog/tandemlog/test/storage_test.dart: reopen refresh does not expand the observed target set
2026-10-10T04:42:59.9033082Z ✅ D:/a/tandemlog/tandemlog/test/storage_test.dart: partial reopen retries without duplicating a committed undo
2026-10-10T04:43:00.3889273Z ✅ D:/a/tandemlog/tandemlog/test/storage_test.dart: restart retains state and unchanged files avoid parsing/replay
2026-10-10T04:43:00.5536693Z ✅ D:/a/tandemlog/tandemlog/test/task_completion_checkbox_test.dart: disabled repeat perimeter has uniform opacity at overlapping tips
2026-10-10T04:43:00.7949192Z ✅ D:/a/tandemlog/tandemlog/test/task_completion_checkbox_test.dart: repeat geometry retains padded touch and checked semantics
2026-10-10T04:43:00.8408173Z ✅ D:/a/tandemlog/tandemlog/test/task_completion_checkbox_test.dart: disabled repeat target cannot complete at enlarged text
2026-10-10T04:43:00.9037209Z ✅ D:/a/tandemlog/tandemlog/test/task_completion_checkbox_test.dart: completed controls share native appearance in both themes
2026-10-10T04:43:01.0474196Z ✅ D:/a/tandemlog/tandemlog/test/storage_test.dart: cache deletion rebuilds exact projection and writer stays stable
2026-10-10T04:43:01.9241426Z ✅ D:/a/tandemlog/tandemlog/test/storage_test.dart: offline independent fields, duplicate transport and atomic replacement converge
2026-10-10T04:43:02.6076670Z ✅ D:/a/tandemlog/tandemlog/test/storage_test.dart: concurrent completion survives targeted undo from another user
2026-10-10T04:43:03.0746473Z ✅ D:/a/tandemlog/tandemlog/test/storage_test.dart: unknown version blocks import without checkpoint advancement
2026-10-10T04:43:03.5375546Z ✅ D:/a/tandemlog/tandemlog/test/storage_test.dart: malformed complete records are preserved and block writes
2026-10-10T04:43:03.8762195Z ✅ D:/a/tandemlog/tandemlog/test/storage_test.dart: incomplete remote tail is retried after completion
2026-10-10T04:43:04.2818772Z ✅ D:/a/tandemlog/tandemlog/test/task_editor_tags_test.dart: removing a chip retains unrelated query, caret, and active composition
2026-10-10T04:43:04.3297269Z ✅ D:/a/tandemlog/tandemlog/test/storage_test.dart: explicit integrity check rejects changed same-length committed prefix
2026-10-10T04:43:04.8050592Z ✅ D:/a/tandemlog/tandemlog/test/storage_test.dart: missing previously seen stream blocks writes
2026-10-10T04:43:05.0872253Z ✅ D:/a/tandemlog/tandemlog/test/task_editor_tags_test.dart: Enter uses existing match idempotently and Save resolves opaque pending inventory tag
2026-10-10T04:43:05.2764786Z ✅ D:/a/tandemlog/tandemlog/test/storage_test.dart: owned incomplete tail is not silently truncated
2026-10-10T04:43:05.6825586Z ✅ D:/a/tandemlog/tandemlog/test/task_editor_tags_test.dart: touch creation adds all new tokens and invalid query never enables it
2026-10-10T04:43:05.8009972Z ✅ D:/a/tandemlog/tandemlog/test/storage_test.dart: durable append before cache failure recovers once after restart
2026-10-10T04:43:06.0758223Z ✅ D:/a/tandemlog/tandemlog/test/task_editor_tags_test.dart: opaque original tags survive pending Save with exact case and spaces
2026-10-10T04:43:06.3737820Z ✅ D:/a/tandemlog/tandemlog/test/task_editor_tags_test.dart: failed Save retains selected chips and exact pending query
2026-10-10T04:43:06.5252049Z ✅ D:/a/tandemlog/tandemlog/test/storage_test.dart: out-of-order entity dependency is retained and projected later
2026-10-10T04:43:06.7090714Z ✅ D:/a/tandemlog/tandemlog/test/task_editor_tags_test.dart: active tag composition blocks Save and canClose Save
2026-10-10T04:43:07.0202488Z ✅ D:/a/tandemlog/tandemlog/test/task_editor_tags_test.dart: single Save adds pending query without replacing selected tags
2026-10-10T04:43:07.2178305Z ✅ D:/a/tandemlog/tandemlog/test/storage_test.dart: concurrent commands and refreshes serialize without duplicate sequence
2026-10-10T04:43:07.5328088Z ✅ D:/a/tandemlog/tandemlog/test/task_editor_tags_test.dart: pending query participates in canClose; Cancel retains it, Save commits it
2026-10-10T04:43:07.7593702Z ✅ D:/a/tandemlog/tandemlog/test/storage_test.dart: invalid local commands leave canonical bytes unchanged
2026-10-10T04:43:07.8801951Z ✅ D:/a/tandemlog/tandemlog/test/task_editor_tags_test.dart: bulk Remove cannot create an unknown tag from an unfinished query
2026-10-10T04:43:08.4266440Z ✅ D:/a/tandemlog/tandemlog/test/storage_test.dart: manifest deletion, replacement and future format block commands
2026-10-10T04:43:08.9665949Z ✅ D:/a/tandemlog/tandemlog/test/storage_test.dart: local undo requires an earlier completion of the same entity
2026-10-10T04:43:09.8319848Z ✅ D:/a/tandemlog/tandemlog/test/storage_test.dart: remote undo arriving before completion is revalidated when target arrives
2026-10-10T04:43:10.3288581Z ✅ D:/a/tandemlog/tandemlog/test/storage_test.dart: remote undo cannot suppress a future-clock completion
2026-10-10T04:43:10.5083658Z ✅ D:/a/tandemlog/tandemlog/test/task_editor_test.dart: sort bounds explanation clears floating Minimum days label at 1.0
2026-10-10T04:43:10.7319197Z ✅ D:/a/tandemlog/tandemlog/test/task_editor_test.dart: sort bounds explanation clears floating Minimum days label at 2.0
2026-10-10T04:43:10.9244437Z ✅ D:/a/tandemlog/tandemlog/test/task_editor_test.dart: blocked text instruction wraps with full semantics at narrow 200 percent
2026-10-10T04:43:10.9767861Z ✅ D:/a/tandemlog/tandemlog/test/storage_test.dart: close drains accepted work, rejects new work and is idempotent
2026-10-10T04:43:11.6096969Z ✅ D:/a/tandemlog/tandemlog/test/task_editor_test.dart: unactivated text stays visible and disabled while scheduling saves
2026-10-10T04:43:11.6748550Z ✅ D:/a/tandemlog/tandemlog/test/storage_test.dart: pending undo is validated before its local target is appended
2026-10-10T04:43:12.2301256Z ✅ D:/a/tandemlog/tandemlog/test/storage_test.dart: missing canonical folder contents do not initialize a new manifest
2026-10-10T04:43:12.8842257Z ✅ D:/a/tandemlog/tandemlog/test/task_editor_test.dart: blank Time focus preserves date precision and midnight is explicit
2026-10-10T04:43:13.0222490Z ✅ D:/a/tandemlog/tandemlog/test/storage_test.dart: offline tag removal preserves unseen same-name additions and atomic edits
2026-10-10T04:43:13.2441161Z ✅ D:/a/tandemlog/tandemlog/test/task_editor_test.dart: single and bulk editors put tags and assignee after scheduling
2026-10-10T04:43:13.8283269Z ✅ D:/a/tandemlog/tandemlog/test/task_editor_test.dart: date and optional time share rows and clear time independently
2026-10-10T04:43:13.9908367Z ✅ D:/a/tandemlog/tandemlog/test/storage_test.dart: concurrent relative moves converge and survive cache rebuild
2026-10-10T04:43:14.1311056Z ✅ D:/a/tandemlog/tandemlog/test/task_editor_test.dart: date rows stack at narrow widths and enlarged text
2026-10-10T04:43:14.8788183Z ✅ D:/a/tandemlog/tandemlog/test/storage_test.dart: unchanged repeating completion rejects before append and refreshes remote schedule
2026-10-10T04:43:14.9788405Z ✅ D:/a/tandemlog/tandemlog/test/task_editor_test.dart: title caret survives viewport and text scale changes without unrelated jumps
2026-10-10T04:43:15.5007834Z ✅ D:/a/tandemlog/tandemlog/test/storage_test.dart: accepted historic unchanged recurrence is replayed without retroactive rejection
2026-10-10T04:43:15.6469205Z ✅ D:/a/tandemlog/tandemlog/test/task_editor_test.dart: description caret survives viewport and text scale changes without unrelated jumps
2026-10-10T04:43:16.4066317Z ✅ D:/a/tandemlog/tandemlog/test/task_editor_test.dart: changed composing title cannot save until normalized commit
2026-10-10T04:43:16.5314017Z ✅ D:/a/tandemlog/tandemlog/test/storage_test.dart: concurrent recurrence completion has one durable successor and history reopen retains edits
2026-10-10T04:43:16.7088707Z ✅ D:/a/tandemlog/tandemlog/test/task_editor_test.dart: title input normalizes paste selection after IME commits
2026-10-10T04:43:16.8621210Z ✅ D:/a/tandemlog/tandemlog/test/storage_test.dart: protocol v1 remains untouched and explicitly rejected
2026-10-10T04:43:17.0863398Z ✅ D:/a/tandemlog/tandemlog/test/task_editor_test.dart: historical multiline title opens clean and notes save preserves title
2026-10-10T04:43:17.4132731Z ✅ D:/a/tandemlog/tandemlog/test/task_editor_test.dart: title grows from one to two lines and notes grow then scroll with caret
2026-10-10T04:43:17.6662804Z ✅ D:/a/tandemlog/tandemlog/test/task_editor_test.dart: keyboard and large text bound notes and keep modal actions reachable
2026-10-10T04:43:17.7641035Z ✅ D:/a/tandemlog/tandemlog/test/storage_test.dart: late winning recurrence seed cannot resurrect removed successor tags
2026-10-10T04:43:17.9301783Z ✅ D:/a/tandemlog/tandemlog/test/task_editor_test.dart: close guards dirty draft and preserves text after keep editing
2026-10-10T04:43:18.3310609Z ✅ D:/a/tandemlog/tandemlog/test/task_editor_test.dart: live schedule validation and repeat conditional fields
2026-10-10T04:43:18.4073118Z ✅ D:/a/tandemlog/tandemlog/test/storage_test.dart: successor collision and invalid tag/move references fail before append
2026-10-10T04:43:18.6126628Z ✅ D:/a/tandemlog/tandemlog/test/task_editor_test.dart: nonrepeat override survives title edit and frozen original ignores incoming data
2026-10-10T04:43:19.0332681Z ✅ D:/a/tandemlog/tandemlog/test/storage_test.dart: offline schedule edits converge atomically without mixing precise date-times
2026-10-10T04:43:19.1306920Z ✅ D:/a/tandemlog/tandemlog/test/task_editor_test.dart: bulk caret and focus changes do not apply mixed fields
2026-10-10T04:43:19.7513645Z ✅ D:/a/tandemlog/tandemlog/test/storage_test.dart: completion reconciles changed timezone before selecting civil day
2026-10-10T04:43:19.7603845Z ✅ D:/a/tandemlog/tandemlog/test/task_editor_test.dart: bulk blank untouched preserves mixed precision; explicit blank clears
2026-10-10T04:43:19.9456672Z ✅ D:/a/tandemlog/tandemlog/test/task_editor_test.dart: bulk coupled validation checks every task
2026-10-10T04:43:20.2619183Z ✅ D:/a/tandemlog/tandemlog/test/task_editor_test.dart: async save disables controls, rejects duplicate submit and keeps failed draft
2026-10-10T04:43:20.4164699Z ✅ D:/a/tandemlog/tandemlog/test/storage_test.dart: completion durable append failure recovers parent and sole successor together
2026-10-10T04:43:20.5607081Z ✅ D:/a/tandemlog/tandemlog/test/task_editor_test.dart: deletion requires confirmation and delete failure preserves draft
2026-10-10T04:43:20.8960615Z ✅ D:/a/tandemlog/tandemlog/test/storage_test.dart: pending future tag removal cannot poison next local append
2026-10-10T04:43:21.1700335Z ✅ D:/a/tandemlog/tandemlog/test/task_editor_test.dart: invalid tags timezone recurrence and bounds block submission live
2026-10-10T04:43:21.5067914Z ✅ D:/a/tandemlog/tandemlog/test/task_editor_test.dart: panel flag changes retain draft and public close guard
2026-10-10T04:43:21.8802352Z ✅ D:/a/tandemlog/tandemlog/test/task_editor_test.dart: title and notes wire limits validate before save
2026-10-10T04:43:22.3815282Z ✅ D:/a/tandemlog/tandemlog/test/task_editor_test.dart: draft occurrence remains accessible after removing repeat
2026-10-10T04:43:22.4922967Z ✅ D:/a/tandemlog/tandemlog/test/task_editor_test.dart: override actions wrap with narrow viewport and large text
2026-10-10T04:43:22.7823299Z ✅ D:/a/tandemlog/tandemlog/test/task_editor_test.dart: host owns Back and opens exactly one discard prompt
2026-10-10T04:43:23.0122372Z ✅ D:/a/tandemlog/tandemlog/test/task_editor_test.dart: guard Save commits frozen single draft without closing
2026-10-10T04:43:23.3035722Z ✅ D:/a/tandemlog/tandemlog/test/task_editor_test.dart: folder failure is readable and retains the draft for retry
2026-10-10T04:43:23.4447505Z ✅ D:/a/tandemlog/tandemlog/test/storage_test.dart: offline older high sequence loses to a later wall-clock edit
2026-10-10T04:43:23.7509787Z ✅ D:/a/tandemlog/tandemlog/test/task_editor_test.dart: guard Save validation and write failure retain draft and selection
2026-10-10T04:43:24.0100289Z ✅ D:/a/tandemlog/tandemlog/test/task_editor_test.dart: bulk guard Save applies patch against frozen tasks without closing
2026-10-10T04:43:24.1073106Z ✅ D:/a/tandemlog/tandemlog/test/task_editor_test.dart: selection header wraps at narrow large text
2026-10-10T04:43:24.2139758Z ✅ D:/a/tandemlog/tandemlog/test/storage_test.dart: observed clocks precede local writes across rollback and restart
2026-10-10T04:43:24.5115781Z ✅ D:/a/tandemlog/tandemlog/test/task_editor_test.dart: bulk header is compact, wraps accessibly, and Clear retains dirty guard
2026-10-10T04:43:25.0266091Z ✅ D:/a/tandemlog/tandemlog/test/storage_test.dart: future records remain immutable and readable while warning permits writes
2026-10-10T04:43:25.7091850Z ✅ D:/a/tandemlog/tandemlog/test/storage_test.dart: large clock rollback warns without blocking and warning clears when caught up
2026-10-10T04:43:26.8182258Z ✅ D:/a/tandemlog/tandemlog/test/storage_test.dart: SQLite and canonical clock retain exact signed-64-bit nanoseconds
2026-10-10T04:43:28.6127762Z ✅ D:/a/tandemlog/tandemlog/test/task_entry_area_test.dart: selection swaps preserve slot geometry, draft and semantics
2026-10-10T04:43:28.7150059Z ✅ D:/a/tandemlog/tandemlog/test/storage_test.dart: recurrence inserts at current parent position and later moves stay independent
2026-10-10T04:43:30.3823714Z ✅ D:/a/tandemlog/tandemlog/test/storage_test.dart: later creation stays after an earlier move to end
2026-10-10T04:43:30.7621333Z ✅ D:/a/tandemlog/tandemlog/test/task_metadata_test.dart: future hints use projection availability and the observed local day
2026-10-10T04:43:30.7659448Z ✅ D:/a/tandemlog/tandemlog/test/task_metadata_test.dart: passed start and history hints stay absent even with a retained instant
2026-10-10T04:43:30.7691630Z ✅ D:/a/tandemlog/tandemlog/test/task_metadata_test.dart: same heading removes date-only details and empty separators
2026-10-10T04:43:30.7720497Z ✅ D:/a/tandemlog/tandemlog/test/task_metadata_test.dart: same heading retains role and time
2026-10-10T04:43:30.7751962Z ✅ D:/a/tandemlog/tandemlog/test/task_metadata_test.dart: day groups hide due dates and available starts
2026-10-10T04:43:30.7803404Z ✅ D:/a/tandemlog/tandemlog/test/task_metadata_test.dart: day groups hide pinned dates even across local days
2026-10-10T04:43:30.7837926Z ✅ D:/a/tandemlog/tandemlog/test/task_metadata_test.dart: repeat perimeter needs no redundant metadata line or verbose rule
2026-10-10T04:43:30.7872866Z ✅ D:/a/tandemlog/tandemlog/test/task_metadata_test.dart: local zone changes alter only pinned presentation
2026-10-10T04:43:30.7901962Z ✅ D:/a/tandemlog/tandemlog/test/task_metadata_test.dart: pinned DST gaps and folds share projection resolution
2026-10-10T04:43:30.7943819Z ✅ D:/a/tandemlog/tandemlog/test/task_metadata_test.dart: local day headings and bounded task times share the observed zone
2026-10-10T04:43:30.7971357Z ✅ D:/a/tandemlog/tandemlog/test/task_metadata_test.dart: date-only occurrence override suppresses timed base due
2026-10-10T04:43:31.4608327Z ✅ D:/a/tandemlog/tandemlog/test/storage_test.dart: late pre-completion move converges and old order cache rebuilds without log writes
2026-10-10T04:43:32.2544607Z ✅ D:/a/tandemlog/tandemlog/test/task_text_session_test.dart: private UTF16 edits survive remote arrival; composition blocks preparation; cancel retains live owner
2026-10-10T04:43:35.0587540Z ✅ D:/a/tandemlog/tandemlog/test/task_text_session_test.dart: confirmed Save keeps an open editor editable with a fresh lease
2026-10-10T04:43:35.0762364Z ✅ D:/a/tandemlog/tandemlog/test/task_text_session_test.dart: later-field preparation failure retains earlier packet for retry
2026-10-10T04:43:35.6711799Z ✅ D:/a/tandemlog/tandemlog/test/task_toolbar_test.dart: identity fits actual name/scale and retains accessible full name at narrow widths
2026-10-10T04:43:35.8923426Z ✅ D:/a/tandemlog/tandemlog/test/task_toolbar_test.dart: status changes reserve count and control geometry
2026-10-10T04:43:36.1101912Z ✅ D:/a/tandemlog/tandemlog/test/task_view_test.dart: exact times precede date-only on the same day without invented time
2026-10-10T04:43:36.1142177Z ✅ D:/a/tandemlog/tandemlog/test/task_view_test.dart: scheduled override supplies both date and precision for sorting
2026-10-10T04:43:36.1535893Z ✅ D:/a/tandemlog/tandemlog/test/task_view_test.dart: calendar bounds retain precision over viewer midnight and DST
2026-10-10T04:43:36.1615082Z ✅ D:/a/tandemlog/tandemlog/test/task_view_test.dart: visible future hints refresh at viewer midnight before the start
2026-10-10T04:43:36.1710936Z ✅ D:/a/tandemlog/tandemlog/test/task_view_test.dart: recurring completion eligibility changes at civil midnight and on zone changes
2026-10-10T04:43:36.1745488Z ✅ D:/a/tandemlog/tandemlog/test/task_view_test.dart: completion boundary follows 23-hour and 25-hour named-zone days
2026-10-10T04:43:36.1804586Z ✅ D:/a/tandemlog/tandemlog/test/task_view_test.dart: ordinary tag intersects assignee, upcoming and completed views
2026-10-10T04:43:36.1842939Z ✅ D:/a/tandemlog/tandemlog/test/task_view_test.dart: upcoming is opt-in and does not change stored rows
2026-10-10T04:43:36.1886481Z ✅ D:/a/tandemlog/tandemlog/test/task_view_test.dart: standalone timing evaluates hidden and completed rows without changing state
2026-10-10T04:43:36.1941813Z ✅ D:/a/tandemlog/tandemlog/test/task_view_test.dart: bounds accept only nullable integers and preserve recurrence anchor
2026-10-10T04:43:36.1977265Z ✅ D:/a/tandemlog/tandemlog/test/task_view_test.dart: availability includes exact boundary and completed history stays visible
2026-10-10T04:43:36.2033996Z ✅ D:/a/tandemlog/tandemlog/test/task_view_test.dart: effective scheduled precedence, bounds, Someday and manual ties
2026-10-10T04:43:36.2069224Z ✅ D:/a/tandemlog/tandemlog/test/task_view_test.dart: bounds clamp civil day while retaining exact time and manual tie order
2026-10-10T04:43:36.2100153Z ✅ D:/a/tandemlog/tandemlog/test/task_view_test.dart: pinned exact dates convert to viewer calendar but date-only remains civil
2026-10-10T04:43:36.2141768Z ✅ D:/a/tandemlog/tandemlog/test/task_view_test.dart: start midnight and DST gap/fold use calendar transitions
2026-10-10T04:43:36.2175247Z ✅ D:/a/tandemlog/tandemlog/test/task_view_test.dart: date-only start midnight uses the shared pinned task zone
2026-10-10T04:43:36.2204002Z ✅ D:/a/tandemlog/tandemlog/test/task_view_test.dart: supported bound horizon is admitted and renderable, larger values rejected
2026-10-10T04:43:36.2231565Z ✅ D:/a/tandemlog/tandemlog/test/task_view_test.dart: derived bound groups may cross the persisted date year limit
2026-10-10T04:43:36.2266786Z ✅ D:/a/tandemlog/tandemlog/test/task_view_test.dart: bounds midnight boundary follows 23 and 25 hour local days
2026-10-10T04:43:36.2297812Z ✅ D:/a/tandemlog/tandemlog/test/task_view_test.dart: filter and hidden bounds select earliest relevant clock boundary
2026-10-10T04:43:36.2337245Z ✅ D:/a/tandemlog/tandemlog/test/task_view_test.dart: search bypasses filters and availability without changing source
2026-10-10T04:43:36.2393440Z ✅ D:/a/tandemlog/tandemlog/test/task_view_test.dart: multiple tags match any then combine with visibility and assignee
2026-10-10T04:43:36.7974279Z ✅ D:/a/tandemlog/tandemlog/test/text_actor_registry_test.dart: TA01 durable actor derivation is exact, stable and context scoped
2026-10-10T04:43:36.8050870Z ✅ D:/a/tandemlog/tandemlog/test/text_actor_registry_test.dart: TA02 reserved, unsafe, malformed and mismatched owners reject
2026-10-10T04:43:36.8104943Z ✅ D:/a/tandemlog/tandemlog/test/text_actor_registry_test.dart: TA03 actual allocator collision retains first owner and rejects second
2026-10-10T04:43:36.8135670Z ✅ D:/a/tandemlog/tandemlog/test/text_actor_registry_test.dart: TA04 multi-field admission is atomic when a later owner conflicts
2026-10-10T04:43:36.8179034Z ✅ D:/a/tandemlog/tandemlog/test/text_actor_registry_test.dart: TA05 canonical-only ownership replay is duplicate/order independent
2026-10-10T04:43:36.8216828Z ✅ D:/a/tandemlog/tandemlog/test/text_actor_registry_test.dart: TA06 operation struct authors must be the declared owner
2026-10-10T04:43:36.8244442Z ✅ D:/a/tandemlog/tandemlog/test/text_actor_registry_test.dart: TA07 separate documents do not conflate equal actor numbers
2026-10-10T04:43:36.8268484Z ✅ D:/a/tandemlog/tandemlog/test/text_actor_registry_test.dart: TA08 unknown ownership metadata fails explicitly
2026-10-10T04:43:36.8296829Z ✅ D:/a/tandemlog/tandemlog/test/text_actor_registry_test.dart: a failed delta preserves every previously bound owner
2026-10-10T04:43:36.8331007Z ✅ D:/a/tandemlog/tandemlog/test/text_actor_registry_test.dart: cached owner still rejects changed identity and unknown authors
2026-10-10T04:43:37.6293296Z ✅ D:/a/tandemlog/tandemlog/test/text_cache_inheritance_test.dart: resolved inherited cache preserves original claims and rebuilds corrupt disposable state
2026-10-10T04:43:38.2272284Z ✅ D:/a/tandemlog/tandemlog/test/text_context_test.dart: context hashes the precise canonical domain descriptor
2026-10-10T04:43:38.2363929Z ✅ D:/a/tandemlog/tandemlog/test/text_context_test.dart: canonical nested values reuse scalar ordering and exact escaping
2026-10-10T04:43:38.2413765Z ✅ D:/a/tandemlog/tandemlog/test/text_context_test.dart: invalid identity, basis, field, kind and digest fail closed
2026-10-10T04:43:38.2519340Z ✅ D:/a/tandemlog/tandemlog/test/text_context_test.dart: native creation context uses its canonical creation and seed hashes
2026-10-10T04:43:38.2679332Z ✅ D:/a/tandemlog/tandemlog/test/text_context_test.dart: baseline digest is independent of object insertion order
2026-10-10T04:43:38.2734450Z ✅ D:/a/tandemlog/tandemlog/test/text_context_test.dart: baseline digest rejects incomplete or arbitrary fields
2026-10-10T04:43:38.7332726Z ✅ D:/a/tandemlog/tandemlog/test/text_event_test.dart: new text packets retain exact bytes and closed metadata
2026-10-10T04:43:38.7527924Z ✅ D:/a/tandemlog/tandemlog/test/text_event_test.dart: text packet fields, ownership and canonical base64 fail closed
2026-10-10T04:43:38.7663677Z ✅ D:/a/tandemlog/tandemlog/test/text_event_test.dart: one text command can carry atomic existing nontext edits
2026-10-10T04:43:38.7752347Z ✅ D:/a/tandemlog/tandemlog/test/text_event_test.dart: pure projection applies nontext without leaking native packet metadata
2026-10-10T04:43:38.7811217Z ✅ D:/a/tandemlog/tandemlog/test/text_event_test.dart: baseline root declares closed exact prefix and genesis frontiers
2026-10-10T04:43:38.7893219Z ✅ D:/a/tandemlog/tandemlog/test/text_event_test.dart: baseline unknown versions and invalid scope or frontiers fail closed
2026-10-10T04:43:39.5124893Z ✅ D:/a/tandemlog/tandemlog/test/text_inheritance_test.dart: strict descriptor rejects unknown keys, versions, fields and hashes
2026-10-10T04:43:39.5186352Z ✅ D:/a/tandemlog/tandemlog/test/text_inheritance_test.dart: missing proof is pending while a known wrong hash is invalid
2026-10-10T04:43:39.5228197Z ✅ D:/a/tandemlog/tandemlog/test/text_inheritance_test.dart: genesis is verified and does not require a record
2026-10-10T04:43:39.5289331Z ✅ D:/a/tandemlog/tandemlog/test/text_inheritance_test.dart: forward clock and same writer references are rejected even missing
2026-10-10T04:43:39.5359699Z ✅ D:/a/tandemlog/tandemlog/test/text_inheritance_test.dart: duplicate reordered arrival filters immutable observed prefix
2026-10-10T04:43:41.7102250Z ✅ D:/a/tandemlog/tandemlog/test/text_save_command_test.dart: production native Save coordinator canonical acknowledgement precedes commit and enables selective Undo
2026-10-10T04:43:42.6899792Z ✅ D:/a/tandemlog/tandemlog/test/text_save_command_test.dart: production native Save coordinator unknown append retains exact packet and nontext intent afterWriting=false
2026-10-10T04:43:43.6705235Z ✅ D:/a/tandemlog/tandemlog/test/text_save_command_test.dart: production native Save coordinator unknown append retains exact packet and nontext intent afterWriting=true
2026-10-10T04:43:44.8266681Z ✅ D:/a/tandemlog/tandemlog/test/text_save_command_test.dart: production native Save coordinator bound retry completes frozen intent after remote metadata changes
2026-10-10T04:43:45.5054601Z ✅ D:/a/tandemlog/tandemlog/test/text_save_command_test.dart: production native Save coordinator unchanged Save preserves captured lease and nontext-only Save uses ordinary edit
2026-10-10T04:43:46.2583735Z ✅ D:/a/tandemlog/tandemlog/test/text_save_command_test.dart: production native Save coordinator nontext guard rejects before append without consuming private edits
2026-10-10T04:43:46.4055700Z ✅ D:/a/tandemlog/tandemlog/test/text_store_test.dart: actual native TaskStore successive closed-editor replacements Undo without duplicating restored identities
2026-10-10T04:43:47.5878287Z ✅ D:/a/tandemlog/tandemlog/test/text_save_command_test.dart: production native Save coordinator remote text merges into the returned row without rebasing private intent
2026-10-10T04:43:47.6026455Z ✅ D:/a/tandemlog/tandemlog/test/text_store_test.dart: actual native TaskStore acknowledged unregistered Save blocks stale native Undo without appending
2026-10-10T04:43:48.5052525Z ✅ D:/a/tandemlog/tandemlog/test/text_save_command_test.dart: production native Save coordinator nontext-only native session permits remote text under the same guard
2026-10-10T04:43:49.0521749Z ✅ D:/a/tandemlog/tandemlog/test/text_store_test.dart: actual native TaskStore mixed native ordering survives warm reopen and canonical rebuild
2026-10-10T04:43:49.3297253Z ✅ D:/a/tandemlog/tandemlog/test/text_save_command_test.dart: production native Save coordinator Undo registration failure reports the already saved result
2026-10-10T04:43:50.0752874Z ✅ D:/a/tandemlog/tandemlog/test/text_save_command_test.dart: production native Save coordinator postcommit draft allocation failure reports saved and can finish renewal
2026-10-10T04:43:50.0881456Z ✅ D:/a/tandemlog/tandemlog/test/text_store_test.dart: actual native TaskStore native recurring completion proves its immutable inheritance (native creation: true)
2026-10-10T04:43:50.7377382Z ✅ D:/a/tandemlog/tandemlog/test/text_save_command_test.dart: production native Save coordinator native Save rejects whole-string fields
2026-10-10T04:43:51.0706147Z ✅ D:/a/tandemlog/tandemlog/test/text_store_test.dart: actual native TaskStore native recurring completion proves its immutable inheritance (native creation: false)
2026-10-10T04:43:51.9170551Z ✅ D:/a/tandemlog/tandemlog/test/text_undo_event_test.dart: native Undo preserves compensation bytes and names original command
2026-10-10T04:43:51.9341259Z ✅ D:/a/tandemlog/tandemlog/test/text_undo_event_test.dart: Undo nontext effects remains possible when native compensation is empty
2026-10-10T04:43:51.9456118Z ✅ D:/a/tandemlog/tandemlog/test/text_undo_event_test.dart: Undo retracts only the original nontext effects in pure projection
2026-10-10T04:43:52.7815428Z ✅ D:/a/tandemlog/tandemlog/test/text_store_test.dart: actual native TaskStore causal peer reuse retains original character ownership through selective Undo
2026-10-10T04:43:53.3732446Z ✅ D:/a/tandemlog/tandemlog/test/text_store_test.dart: actual native TaskStore explicit mixed historical inheritance refuses without changing history
2026-10-10T04:43:54.0131763Z ✅ D:/a/tandemlog/tandemlog/test/unavailable_completion_test.dart: unavailable completion explains by tap and keyboard without completing
2026-10-10T04:43:54.9866529Z ✅ D:/a/tandemlog/tandemlog/test/text_store_test.dart: actual native TaskStore repeated cancelled editors release source documents while saved scoped Undo survives
2026-10-10T04:43:55.1164084Z ✅ D:/a/tandemlog/tandemlog/test/undo_history_test.dart: failed receipt ID reuse confirms only exact successful retry bytes
2026-10-10T04:43:55.1279525Z ✅ D:/a/tandemlog/tandemlog/test/undo_history_test.dart: grouped partial retry and independent actions step through bounded history
2026-10-10T04:43:55.7264228Z ✅ D:/a/tandemlog/tandemlog/test/text_store_test.dart: actual native TaskStore native guard ignores remote text while preserving metadata and creation tags
2026-10-10T04:43:56.6795610Z ✅ D:/a/tandemlog/tandemlog/test/text_store_test.dart: actual native TaskStore Undo naming remote-deleted latest Save never consumes an older Save
2026-10-10T04:43:57.5358353Z ✅ D:/a/tandemlog/tandemlog/test/text_store_test.dart: actual native TaskStore unknown native Undo preserves exact compensation retry restart=false
2026-10-10T04:43:58.2774241Z ✅ D:/a/tandemlog/tandemlog/test/undo_storage_test.dart: bulk Undo restores mixed schedules/assignees/tags and retains newer synced registers
2026-10-10T04:43:58.6890195Z ✅ D:/a/tandemlog/tandemlog/test/text_store_test.dart: actual native TaskStore unknown native Undo preserves exact compensation retry restart=true
2026-10-10T04:43:59.8671936Z ✅ D:/a/tandemlog/tandemlog/test/text_store_test.dart: actual native TaskStore session Undo survives editor close and touches only canonical changed fields
2026-10-10T04:44:00.5038679Z ✅ D:/a/tandemlog/tandemlog/test/text_store_test.dart: actual native TaskStore bulk capture with native engine creates independently editable native tasks
2026-10-10T04:44:01.0107077Z ✅ D:/a/tandemlog/tandemlog/test/undo_storage_test.dart: completion and reopening Undo preserve successor work and independent completion/deletion
2026-10-10T04:44:01.4926781Z ✅ D:/a/tandemlog/tandemlog/test/text_store_test.dart: actual native TaskStore native compensation restores deletion and retracts only original nontext effects
2026-10-10T04:44:02.5752000Z ✅ D:/a/tandemlog/tandemlog/test/text_store_test.dart: actual native TaskStore buffered native dependency survives full SQLite cache loss and settles on late parent
2026-10-10T04:44:03.0598454Z ✅ D:/a/tandemlog/tandemlog/test/undo_storage_test.dart: move Undo retains later relative move and replays after known-cache upgrade
2026-10-10T04:44:04.4880598Z ✅ D:/a/tandemlog/tandemlog/test/undo_storage_test.dart: Undo failure before append confirms only durable prefix and retry is idempotent
2026-10-10T04:44:04.7787997Z ✅ D:/a/tandemlog/tandemlog/test/text_store_test.dart: actual native TaskStore missing baseline prefixes stay pending and competing roots block only legacy text
2026-10-10T04:44:05.9633086Z ✅ D:/a/tandemlog/tandemlog/test/undo_storage_test.dart: Undo failure after append confirms only durable prefix and retry is idempotent
2026-10-10T04:44:06.6263290Z ✅ D:/a/tandemlog/tandemlog/test/text_store_test.dart: actual native TaskStore offline peers merge owned packets and preserve atomic metadata after cache loss
2026-10-10T04:44:07.1813435Z ✅ D:/a/tandemlog/tandemlog/test/undo_storage_test.dart: unresolved write blocks new payload until exact delayed record appears
2026-10-10T04:44:07.6907500Z ✅ D:/a/tandemlog/tandemlog/test/text_store_test.dart: actual native TaskStore one legacy baseline excludes late scalar text and preserves nontext changes
2026-10-10T04:44:08.3126411Z ✅ D:/a/tandemlog/tandemlog/test/undo_storage_test.dart: delayed cross-entity Undo target fails transactionally with canonical bytes preserved
2026-10-10T04:44:08.3483006Z ✅ D:/a/tandemlog/tandemlog/test/text_store_test.dart: actual native TaskStore unknown append exact receipt after restart cacheLoss=false afterAppend=false
2026-10-10T04:44:09.0716321Z ✅ D:/a/tandemlog/tandemlog/test/text_store_test.dart: actual native TaskStore unknown append exact receipt after restart cacheLoss=true afterAppend=false
2026-10-10T04:44:09.4186887Z ✅ D:/a/tandemlog/tandemlog/test/text_store_test.dart: actual native TaskStore unknown append exact receipt after restart cacheLoss=false afterAppend=true
2026-10-10T04:44:09.5442066Z ✅ D:/a/tandemlog/tandemlog/test/view_clock_test.dart: exact boundary updates without edits; watchdog avoids projection
2026-10-10T04:44:09.5475099Z ✅ D:/a/tandemlog/tandemlog/test/view_clock_test.dart: resume samples current time after skipped boundaries without replay
2026-10-10T04:44:09.5508925Z ✅ D:/a/tandemlog/tandemlog/test/view_clock_test.dart: native invalidation immediate; fallback detects clock and zone changes
2026-10-10T04:44:09.5549512Z ✅ D:/a/tandemlog/tandemlog/test/view_clock_test.dart: delayed wake uses current instant and input invalidation rearms
2026-10-10T04:44:09.5581397Z ✅ D:/a/tandemlog/tandemlog/test/view_clock_test.dart: cancelled workspace timer cannot publish and callback can dispose
2026-10-10T04:44:09.5630500Z ✅ D:/a/tandemlog/tandemlog/test/view_clock_test.dart: callback disposal and invalid boundary cannot produce timer loops
2026-10-10T04:44:09.6386859Z ✅ D:/a/tandemlog/tandemlog/test/view_clock_test.dart: injected calendar boundary crosses DST day 2027-03-14
2026-10-10T04:44:09.6727052Z ✅ D:/a/tandemlog/tandemlog/test/view_clock_test.dart: injected calendar boundary crosses DST day 2027-11-07
2026-10-10T04:44:09.9072791Z ✅ D:/a/tandemlog/tandemlog/test/text_store_test.dart: actual native TaskStore unknown append exact receipt after restart cacheLoss=true afterAppend=true
2026-10-10T04:44:10.3893674Z ✅ D:/a/tandemlog/tandemlog/test/text_store_test.dart: actual native TaskStore misnamed private native intent rejects recovery before append and retains evidence
2026-10-10T04:44:10.7677792Z ✅ D:/a/tandemlog/tandemlog/test/text_store_test.dart: actual native TaskStore new native creation verifies actor1 seed and persists full native state
2026-10-10T04:44:11.0650613Z ✅ D:/a/tandemlog/tandemlog/test/text_store_test.dart: actual native TaskStore native storage extends cache13 without replaying frozen v3 logs
2026-10-10T04:44:11.3106274Z ✅ D:/a/tandemlog/tandemlog/test/view_time_source_test.dart: same-offset zone changes notify; unchanged fallback stays quiet
2026-10-10T04:44:11.3291382Z ✅ D:/a/tandemlog/tandemlog/test/view_time_source_test.dart: late requests and disposed callbacks cannot replace current zone
2026-10-10T04:44:11.3420657Z ✅ D:/a/tandemlog/tandemlog/test/view_time_source_test.dart: unknown local zone is explicit, and recovers without UTC guessing
2026-10-10T04:44:11.3460227Z ✅ D:/a/tandemlog/tandemlog/test/view_time_source_test.dart: local mapping refuses disabled-DST or inconsistent OS offsets
2026-10-10T04:44:11.3496948Z ✅ D:/a/tandemlog/tandemlog/test/view_time_source_test.dart: explicit Linux TZ identity does not need filesystem access
2026-10-10T04:44:11.3498922Z ##[endgroup]
2026-10-10T04:44:11.3500047Z ##[group]⏭️ Skipped tests
2026-10-10T04:44:11.3500786Z ⏭️ D:/a/tandemlog/tandemlog/test/view_time_source_test.dart: Linux zone files honor localtime symlink and copied-file identity (skipped)
2026-10-10T04:44:11.9788773Z ##[endgroup]
2026-10-10T04:44:11.9789728Z ##[group]✅ Passing tests
2026-10-10T04:44:11.9790819Z ✅ D:/a/tandemlog/tandemlog/test/wall_time_test.dart: Chicago spring gap moves forward by gap, fall fold uses earlier instant
2026-10-10T04:44:11.9827268Z ✅ D:/a/tandemlog/tandemlog/test/wall_time_test.dart: pinned wall time follows DST while UTC has no transition
2026-10-10T04:44:11.9863652Z ✅ D:/a/tandemlog/tandemlog/test/wall_time_test.dart: half-hour transitions are not hardcoded to an hour
2026-10-10T04:44:13.0652765Z ✅ D:/a/tandemlog/tandemlog/test/writer_identity_test.dart: migration prefers selected cache and preserves every legacy identity
2026-10-10T04:44:13.1610208Z ✅ D:/a/tandemlog/tandemlog/test/writer_identity_test.dart: no selected cache chooses lexical first independent of listing order
2026-10-10T04:44:13.2508030Z ✅ D:/a/tandemlog/tandemlog/test/writer_guard_test.dart: acknowledged head blocks old snapshot through other directory without sequence reuse
2026-10-10T04:44:13.2732372Z ✅ D:/a/tandemlog/tandemlog/test/writer_identity_test.dart: settings reset creates fresh writer without resurrecting legacy
2026-10-10T04:44:13.3241780Z ✅ D:/a/tandemlog/tandemlog/test/writer_identity_test.dart: saved migration identity finishes marker after interruption
2026-10-10T04:44:13.4296728Z ✅ D:/a/tandemlog/tandemlog/test/writer_identity_test.dart: marker write failure retains durable settings identity on retry
2026-10-10T04:44:13.7809258Z ✅ D:/a/tandemlog/tandemlog/test/writer_identity_test.dart: store startup failures release the defensive workspace lease
2026-10-10T04:44:14.1378379Z ✅ D:/a/tandemlog/tandemlog/test/writer_guard_test.dart: acknowledged head blocks old snapshot through URI alias without sequence reuse
2026-10-10T04:44:14.6891407Z ✅ D:/a/tandemlog/tandemlog/test/writer_identity_test.dart: cache 9 replays Inbox classification without changing canonical bytes
2026-10-10T04:44:14.7233120Z ✅ D:/a/tandemlog/tandemlog/test/writer_identity_test.dart: invalid legacy identity fails without overwriting settings or identity
2026-10-10T04:44:14.7333798Z ✅ D:/a/tandemlog/tandemlog/test/writer_identity_test.dart: invalid settings writer and migration marker fail explicitly
2026-10-10T04:44:14.8073969Z ✅ D:/a/tandemlog/tandemlog/test/writer_identity_test.dart: failed atomic settings replacement does not finalize migration
2026-10-10T04:44:14.9502405Z ✅ D:/a/tandemlog/tandemlog/test/writer_guard_test.dart: acknowledged head blocks old snapshot through rebuilt cache without sequence reuse
2026-10-10T04:44:15.8848783Z ✅ D:/a/tandemlog/tandemlog/test/writer_guard_test.dart: missing owned log is blocked even with a new cache and data directory
2026-10-10T04:44:15.9869710Z ✅ D:/a/tandemlog/tandemlog/test/writer_identity_test.dart: two spaces share installation writer and resume each stream safely
2026-10-10T04:44:16.6711120Z ✅ D:/a/tandemlog/tandemlog/test/writer_identity_test.dart: explicit identity preserves old stream and uses a fresh stream
2026-10-10T04:44:16.8016600Z ✅ D:/a/tandemlog/tandemlog/test/writer_guard_test.dart: same sequence with a fully recomputed valid chain rejects against private head
2026-10-10T04:44:17.4428159Z ✅ D:/a/tandemlog/tandemlog/test/writer_guard_test.dart: an explicitly different writer can use a restored snapshot without changing original guard
2026-10-10T04:44:17.8998168Z ✅ D:/a/tandemlog/tandemlog/test/writer_guard_test.dart: guard metadata is durable before append and normal reopen/refresh reads no old history
2026-10-10T04:44:18.5206387Z ✅ D:/a/tandemlog/tandemlog/test/writer_guard_test.dart: zero-record failed append reserves candidate across restart until exact late arrival
2026-10-10T04:44:19.0522728Z ✅ D:/a/tandemlog/tandemlog/test/writer_guard_test.dart: lost append acknowledgment reconciles exact pending head after restart without duplicate sequence
2026-10-10T04:44:19.4969847Z ✅ D:/a/tandemlog/tandemlog/test/writer_guard_test.dart: acknowledgment guard failure rolls cache back and blocks false confirmation until restart
2026-10-10T04:44:20.0644970Z ✅ D:/a/tandemlog/tandemlog/test/writer_guard_test.dart: batch durable prefix reconciles across cache replacement
2026-10-10T04:44:20.4897989Z ✅ D:/a/tandemlog/tandemlog/test/writer_guard_test.dart: batch durable prefix with partial tail blocks across cache replacement
2026-10-10T04:44:20.9352495Z ✅ D:/a/tandemlog/tandemlog/test/writer_guard_test.dart: valid cache12 upgrades once without changing canonical bytes or writer guard
2026-10-10T04:44:21.3935158Z ✅ D:/a/tandemlog/tandemlog/test/writer_guard_test.dart: cache10 retains old materialization and rejects separate tag event on upgrade
2026-10-10T04:44:21.9597943Z ✅ D:/a/tandemlog/tandemlog/test/writer_guard_test.dart: cache10 retains old materialization and rejects generic recurring Undo on upgrade
2026-10-10T04:44:22.3882509Z ✅ D:/a/tandemlog/tandemlog/test/writer_guard_test.dart: cache11 retains old materialization and rejects separate tag event on upgrade
2026-10-10T04:44:22.9463817Z ✅ D:/a/tandemlog/tandemlog/test/writer_guard_test.dart: cache11 retains old materialization and rejects generic recurring Undo on upgrade
2026-10-10T04:44:23.3485661Z ✅ D:/a/tandemlog/tandemlog/test/writer_guard_test.dart: cache12 retains old materialization and rejects separate tag event on upgrade
2026-10-10T04:44:23.9049699Z ✅ D:/a/tandemlog/tandemlog/test/writer_guard_test.dart: cache12 retains old materialization and rejects generic recurring Undo on upgrade
2026-10-10T04:44:24.2077609Z ✅ D:/a/tandemlog/tandemlog/test/writer_guard_test.dart: noninteger pending sequence is rejected without normalizing private metadata
2026-10-10T04:44:24.4943262Z ✅ D:/a/tandemlog/tandemlog/test/writer_guard_test.dart: guard instances serialize candidate reservation for the same installation identity
2026-10-10T04:44:24.8648582Z ✅ D:/a/tandemlog/tandemlog/test/writer_guard_test.dart: malformed private guard is preserved and never rebuilt from disposable cache
2026-10-10T04:44:24.8854568Z ##[endgroup]
2026-10-10T04:44:24.8857088Z 
2026-10-10T04:44:24.8863662Z 🎉 818 tests passed, 2 skipped.
2026-10-10T04:44:25.0538685Z ##[error]Process completed with exit code 1.
2026-10-10T04:44:25.0803278Z Post job cleanup.
2026-10-10T04:44:25.2819390Z [command]"C:\Program Files\Git\bin\git.exe" version
2026-10-10T04:44:25.3209231Z git version 2.56.0.windows.1
2026-10-10T04:44:25.3272671Z Temporarily overriding HOME='D:\a\_temp\a6995d8b-983e-4b5b-b4cf-3e6ac997ef96' before making global git config changes
2026-10-10T04:44:25.3273885Z Adding repository directory to the temporary git global config as a safe directory
2026-10-10T04:44:25.3285222Z [command]"C:\Program Files\Git\bin\git.exe" config --global --add safe.directory D:\a\tandemlog\tandemlog
2026-10-10T04:44:25.3664061Z Removing SSH command configuration
2026-10-10T04:44:25.3677418Z [command]"C:\Program Files\Git\bin\git.exe" config --local --name-only --get-regexp core\.sshCommand
2026-10-10T04:44:25.4024977Z [command]"C:\Program Files\Git\bin\git.exe" submodule foreach --recursive "sh -c \"git config --local --name-only --get-regexp 'core\.sshCommand' && git config --local --unset-all 'core.sshCommand' || :\""
2026-10-10T04:44:25.9132114Z Removing HTTP extra header
2026-10-10T04:44:25.9144147Z [command]"C:\Program Files\Git\bin\git.exe" config --local --name-only --get-regexp http\.https\:\/\/github\.com\/\.extraheader
2026-10-10T04:44:25.9460210Z [command]"C:\Program Files\Git\bin\git.exe" submodule foreach --recursive "sh -c \"git config --local --name-only --get-regexp 'http\.https\:\/\/github\.com\/\.extraheader' && git config --local --unset-all 'http.https://github.com/.extraheader' || :\""
2026-10-10T04:44:26.4900746Z Removing includeIf entries pointing to credentials config files
2026-10-10T04:44:26.4912439Z [command]"C:\Program Files\Git\bin\git.exe" config --local --name-only --get-regexp ^includeIf\.gitdir:
2026-10-10T04:44:26.5194892Z includeif.gitdir:D:/a/tandemlog/tandemlog/.git.path
2026-10-10T04:44:26.5195666Z includeif.gitdir:D:/a/tandemlog/tandemlog/.git/worktrees/*.path
2026-10-10T04:44:26.5196351Z includeif.gitdir:/github/workspace/.git.path
2026-10-10T04:44:26.5196887Z includeif.gitdir:/github/workspace/.git/worktrees/*.path
2026-10-10T04:44:26.5232448Z [command]"C:\Program Files\Git\bin\git.exe" config --local --get-all includeif.gitdir:D:/a/tandemlog/tandemlog/.git.path
2026-10-10T04:44:26.5513503Z D:\a\_temp\git-credentials-a02c676b-5a90-4aed-aa4b-332ef0076146.config
2026-10-10T04:44:26.5554684Z [command]"C:\Program Files\Git\bin\git.exe" config --local --unset includeif.gitdir:D:/a/tandemlog/tandemlog/.git.path D\:\\a\\_temp\\git\-credentials\-a02c676b\-5a90\-4aed\-aa4b\-332ef0076146\.config
2026-10-10T04:44:26.5918365Z [command]"C:\Program Files\Git\bin\git.exe" config --local --get-all includeif.gitdir:D:/a/tandemlog/tandemlog/.git/worktrees/*.path
2026-10-10T04:44:26.6197288Z D:\a\_temp\git-credentials-a02c676b-5a90-4aed-aa4b-332ef0076146.config
2026-10-10T04:44:26.6234175Z [command]"C:\Program Files\Git\bin\git.exe" config --local --unset includeif.gitdir:D:/a/tandemlog/tandemlog/.git/worktrees/*.path D\:\\a\\_temp\\git\-credentials\-a02c676b\-5a90\-4aed\-aa4b\-332ef0076146\.config
2026-10-10T04:44:26.6551519Z [command]"C:\Program Files\Git\bin\git.exe" config --local --get-all includeif.gitdir:/github/workspace/.git.path
2026-10-10T04:44:26.6826936Z /github/runner_temp/git-credentials-a02c676b-5a90-4aed-aa4b-332ef0076146.config
2026-10-10T04:44:26.6865390Z [command]"C:\Program Files\Git\bin\git.exe" config --local --unset includeif.gitdir:/github/workspace/.git.path \/github\/runner_temp\/git\-credentials\-a02c676b\-5a90\-4aed\-aa4b\-332ef0076146\.config
2026-10-10T04:44:26.7183356Z [command]"C:\Program Files\Git\bin\git.exe" config --local --get-all includeif.gitdir:/github/workspace/.git/worktrees/*.path
2026-10-10T04:44:26.7458949Z /github/runner_temp/git-credentials-a02c676b-5a90-4aed-aa4b-332ef0076146.config
2026-10-10T04:44:26.7496627Z [command]"C:\Program Files\Git\bin\git.exe" config --local --unset includeif.gitdir:/github/workspace/.git/worktrees/*.path \/github\/runner_temp\/git\-credentials\-a02c676b\-5a90\-4aed\-aa4b\-332ef0076146\.config
2026-10-10T04:44:26.7814641Z [command]"C:\Program Files\Git\bin\git.exe" submodule foreach --recursive "git config --local --show-origin --name-only --get-regexp remote.origin.url"
2026-10-10T04:44:27.3348363Z Removing credentials config 'D:\a\_temp\git-credentials-a02c676b-5a90-4aed-aa4b-332ef0076146.config'
2026-10-10T04:44:27.3533542Z Cleaning up orphan processes
2026-10-10T04:44:27.3750127Z Terminate orphan process: pid (1868) (vctip)
