2026-10-10T17:47:56.7666622Z Current runner version: '2.337.0'
2026-10-10T17:47:56.7691140Z ##[group]Runner Image Provisioner
2026-10-10T17:47:56.7691990Z Hosted Compute Agent
2026-10-10T17:47:56.7692571Z Version: 20261002.596
2026-10-10T17:47:56.7693364Z Commit: c3d12f3313a95f25162a1503be624f3b0617f8c0
2026-10-10T17:47:56.7694088Z Build Date: 2026-10-02T22:28:27Z
2026-10-10T17:47:56.7694817Z Worker ID: {5f284f98-fc24-4d7d-a1c6-b0c7905374f1}
2026-10-10T17:47:56.7695543Z Region: westus3
2026-10-10T17:47:56.7696075Z Cloud: Azure
2026-10-10T17:47:56.7696677Z ##[endgroup]
2026-10-10T17:47:56.7698570Z ##[group]Operating System
2026-10-10T17:47:56.7699266Z Ubuntu
2026-10-10T17:47:56.7699824Z 24.04.5
2026-10-10T17:47:56.7700334Z LTS
2026-10-10T17:47:56.7701172Z ##[endgroup]
2026-10-10T17:47:56.7701742Z ##[group]Runner Image
2026-10-10T17:47:56.7702383Z Image: ubuntu-24.04
2026-10-10T17:47:56.7702975Z Version: 20261004.327.1
2026-10-10T17:47:56.7704260Z Included Software: https://github.com/actions/runner-images/blob/ubuntu24/20261004.327/images/ubuntu/Ubuntu2404-Readme.md
2026-10-10T17:47:56.7705868Z Image Release: https://github.com/actions/runner-images/releases/tag/ubuntu24%2F20261004.327
2026-10-10T17:47:56.7706867Z ##[endgroup]
2026-10-10T17:47:56.7707929Z ##[group]GITHUB_TOKEN Permissions
2026-10-10T17:47:56.7710394Z Contents: read
2026-10-10T17:47:56.7711396Z Metadata: read
2026-10-10T17:47:56.7712072Z ##[endgroup]
2026-10-10T17:47:56.7714366Z Secret source: Actions
2026-10-10T17:47:56.7715320Z Cache mode: write
2026-10-10T17:47:56.7716351Z Prepare workflow directory
2026-10-10T17:47:56.8105640Z Prepare all required actions
2026-10-10T17:47:56.8153998Z Getting action download info
2026-10-10T17:47:57.1053042Z Download action repository 'actions/checkout@3d3c42e5aac5ba805825da76410c181273ba90b1' (SHA:3d3c42e5aac5ba805825da76410c181273ba90b1)
2026-10-10T17:47:57.1857318Z Download action repository 'actions/upload-artifact@043fb46d1a93c77aae656e7c1c64a875d1fc6a0a' (SHA:043fb46d1a93c77aae656e7c1c64a875d1fc6a0a)
2026-10-10T17:47:57.3658295Z Uses: reddraggone9/tandemlog/.github/workflows/validate.yml@refs/heads/main (87e8b321ea76623e5ef5b8c532d69a3895300e65)
2026-10-10T17:47:57.3663922Z Complete job name: checks / linux
2026-10-10T17:47:57.4480828Z ##[group]Run actions/checkout@3d3c42e5aac5ba805825da76410c181273ba90b1
2026-10-10T17:47:57.4481957Z with:
2026-10-10T17:47:57.4482402Z   repository: reddraggone9/tandemlog
2026-10-10T17:47:57.4486297Z   token: ***
2026-10-10T17:47:57.4486722Z   ssh-strict: true
2026-10-10T17:47:57.4487155Z   ssh-user: git
2026-10-10T17:47:57.4487601Z   persist-credentials: true
2026-10-10T17:47:57.4488087Z   clean: true
2026-10-10T17:47:57.4488528Z   sparse-checkout-cone-mode: true
2026-10-10T17:47:57.4489040Z   fetch-depth: 1
2026-10-10T17:47:57.4489458Z   fetch-tags: false
2026-10-10T17:47:57.4489892Z   show-progress: true
2026-10-10T17:47:57.4490327Z   lfs: false
2026-10-10T17:47:57.4490947Z   submodules: false
2026-10-10T17:47:57.4491405Z   set-safe-directory: true
2026-10-10T17:47:57.4491908Z   allow-unsafe-pr-checkout: false
2026-10-10T17:47:57.4492796Z ##[endgroup]
2026-10-10T17:47:57.5467235Z Syncing repository: reddraggone9/tandemlog
2026-10-10T17:47:57.5469227Z ##[group]Getting Git version info
2026-10-10T17:47:57.5469983Z Working directory is '/home/runner/work/tandemlog/tandemlog'
2026-10-10T17:47:57.5471454Z [command]/usr/bin/git version
2026-10-10T17:47:57.5516283Z git version 2.55.0
2026-10-10T17:47:57.5537220Z ##[endgroup]
2026-10-10T17:47:57.5547352Z Temporarily overriding HOME='/home/runner/work/_temp/aa8598e3-2f4e-4ce4-8e96-ff146298471c' before making global git config changes
2026-10-10T17:47:57.5548756Z Adding repository directory to the temporary git global config as a safe directory
2026-10-10T17:47:57.5553037Z [command]/usr/bin/git config --global --add safe.directory /home/runner/work/tandemlog/tandemlog
2026-10-10T17:47:57.5595993Z Deleting the contents of '/home/runner/work/tandemlog/tandemlog'
2026-10-10T17:47:57.5599325Z ##[group]Determining repository object format
2026-10-10T17:47:57.5600867Z ##[endgroup]
2026-10-10T17:47:57.5602045Z ##[group]Initializing the repository
2026-10-10T17:47:57.5605088Z [command]/usr/bin/git init /home/runner/work/tandemlog/tandemlog
2026-10-10T17:47:57.5694256Z hint: Using 'master' as the name for the initial branch. This default branch name
2026-10-10T17:47:57.5695921Z hint: will change to "main" in Git 3.0. To configure the initial branch name
2026-10-10T17:47:57.5697534Z hint: to use in all of your new repositories, which will suppress this warning,
2026-10-10T17:47:57.5698779Z hint: call:
2026-10-10T17:47:57.5699552Z hint:
2026-10-10T17:47:57.5701050Z hint: 	git config --global init.defaultBranch <name>
2026-10-10T17:47:57.5702703Z hint:
2026-10-10T17:47:57.5704316Z hint: Names commonly chosen instead of 'master' are 'main', 'trunk' and
2026-10-10T17:47:57.5706283Z hint: 'development'. The just-created branch can be renamed via this command:
2026-10-10T17:47:57.5707654Z hint:
2026-10-10T17:47:57.5708473Z hint: 	git branch -m <name>
2026-10-10T17:47:57.5709413Z hint:
2026-10-10T17:47:57.5710850Z hint: Disable this message with "git config set advice.defaultBranchName false"
2026-10-10T17:47:57.5712713Z Initialized empty Git repository in /home/runner/work/tandemlog/tandemlog/.git/
2026-10-10T17:47:57.5715425Z [command]/usr/bin/git remote add origin https://github.com/reddraggone9/tandemlog
2026-10-10T17:47:57.5754162Z ##[endgroup]
2026-10-10T17:47:57.5755505Z ##[group]Disabling automatic garbage collection
2026-10-10T17:47:57.5757909Z [command]/usr/bin/git config --local gc.auto 0
2026-10-10T17:47:57.5787834Z ##[endgroup]
2026-10-10T17:47:57.5789389Z ##[group]Setting up auth
2026-10-10T17:47:57.5790323Z Removing SSH command configuration
2026-10-10T17:47:57.5794814Z [command]/usr/bin/git config --local --name-only --get-regexp core\.sshCommand
2026-10-10T17:47:57.5825365Z [command]/usr/bin/git submodule foreach --recursive sh -c "git config --local --name-only --get-regexp 'core\.sshCommand' && git config --local --unset-all 'core.sshCommand' || :"
2026-10-10T17:47:57.6133522Z Removing HTTP extra header
2026-10-10T17:47:57.6138330Z [command]/usr/bin/git config --local --name-only --get-regexp http\.https\:\/\/github\.com\/\.extraheader
2026-10-10T17:47:57.6168228Z [command]/usr/bin/git submodule foreach --recursive sh -c "git config --local --name-only --get-regexp 'http\.https\:\/\/github\.com\/\.extraheader' && git config --local --unset-all 'http.https://github.com/.extraheader' || :"
2026-10-10T17:47:57.6377725Z Removing includeIf entries pointing to credentials config files
2026-10-10T17:47:57.6382294Z [command]/usr/bin/git config --local --name-only --get-regexp ^includeIf\.gitdir:
2026-10-10T17:47:57.6412374Z [command]/usr/bin/git submodule foreach --recursive git config --local --show-origin --name-only --get-regexp remote.origin.url
2026-10-10T17:47:57.6664697Z [command]/usr/bin/git config --file /home/runner/work/_temp/git-credentials-d828d085-7877-49cc-adf5-3d4faa3239fe.config http.https://github.com/.extraheader AUTHORIZATION: basic ***
2026-10-10T17:47:57.6698828Z [command]/usr/bin/git config --local includeIf.gitdir:/home/runner/work/tandemlog/tandemlog/.git.path /home/runner/work/_temp/git-credentials-d828d085-7877-49cc-adf5-3d4faa3239fe.config
2026-10-10T17:47:57.6728768Z [command]/usr/bin/git config --local includeIf.gitdir:/home/runner/work/tandemlog/tandemlog/.git/worktrees/*.path /home/runner/work/_temp/git-credentials-d828d085-7877-49cc-adf5-3d4faa3239fe.config
2026-10-10T17:47:57.6760452Z [command]/usr/bin/git config --local includeIf.gitdir:/github/workspace/.git.path /github/runner_temp/git-credentials-d828d085-7877-49cc-adf5-3d4faa3239fe.config
2026-10-10T17:47:57.6790246Z [command]/usr/bin/git config --local includeIf.gitdir:/github/workspace/.git/worktrees/*.path /github/runner_temp/git-credentials-d828d085-7877-49cc-adf5-3d4faa3239fe.config
2026-10-10T17:47:57.6817595Z ##[endgroup]
2026-10-10T17:47:57.6818342Z ##[group]Fetching the repository
2026-10-10T17:47:57.6823942Z [command]/usr/bin/git -c protocol.version=2 fetch --no-tags --prune --no-recurse-submodules --depth=1 origin +87e8b321ea76623e5ef5b8c532d69a3895300e65:refs/remotes/origin/main
2026-10-10T17:48:00.5140432Z From https://github.com/reddraggone9/tandemlog
2026-10-10T17:48:00.5142189Z  * [new ref]         87e8b321ea76623e5ef5b8c532d69a3895300e65 -> origin/main
2026-10-10T17:48:00.5150173Z [command]/usr/bin/git branch --list --remote origin/main
2026-10-10T17:48:00.5166958Z   origin/main
2026-10-10T17:48:00.5176493Z [command]/usr/bin/git rev-parse refs/remotes/origin/main
2026-10-10T17:48:00.5197661Z 87e8b321ea76623e5ef5b8c532d69a3895300e65
2026-10-10T17:48:00.5202898Z ##[endgroup]
2026-10-10T17:48:00.5204144Z ##[group]Determining the checkout info
2026-10-10T17:48:00.5205509Z ##[endgroup]
2026-10-10T17:48:00.5206892Z [command]/usr/bin/git sparse-checkout disable
2026-10-10T17:48:00.5253145Z [command]/usr/bin/git config --local --unset-all extensions.worktreeConfig
2026-10-10T17:48:00.5281428Z ##[group]Checking out the ref
2026-10-10T17:48:00.5284325Z [command]/usr/bin/git checkout --progress --force -B main refs/remotes/origin/main
2026-10-10T17:48:00.8735205Z Switched to a new branch 'main'
2026-10-10T17:48:00.8741813Z branch 'main' set up to track 'origin/main'.
2026-10-10T17:48:00.8759151Z ##[endgroup]
2026-10-10T17:48:00.8802725Z [command]/usr/bin/git log -1 --format=%H
2026-10-10T17:48:00.8827256Z 87e8b321ea76623e5ef5b8c532d69a3895300e65
2026-10-10T17:48:00.9047805Z ##[group]Run sudo apt-get update && sudo apt-get install -y clang cmake ninja-build pkg-config libgtk-3-dev xvfb dbus-x11 flatpak librsvg2-common
2026-10-10T17:48:00.9049152Z [36;1msudo apt-get update && sudo apt-get install -y clang cmake ninja-build pkg-config libgtk-3-dev xvfb dbus-x11 flatpak librsvg2-common[0m
2026-10-10T17:48:00.9285418Z shell: /usr/bin/bash -e {0}
2026-10-10T17:48:00.9285892Z ##[endgroup]
2026-10-10T17:48:01.0250492Z Get:1 file:/etc/apt/apt-mirrors.txt Mirrorlist [144 B]
2026-10-10T17:48:01.0604262Z Get:6 https://packages.microsoft.com/ubuntu/24.04/prod noble InRelease [3600 B]
2026-10-10T17:48:01.0696093Z Hit:2 http://azure.archive.ubuntu.com/ubuntu noble InRelease
2026-10-10T17:48:01.0710783Z Get:3 http://azure.archive.ubuntu.com/ubuntu noble-updates InRelease [126 kB]
2026-10-10T17:48:01.0759903Z Get:4 http://azure.archive.ubuntu.com/ubuntu noble-backports InRelease [126 kB]
2026-10-10T17:48:01.0779172Z Get:5 http://azure.archive.ubuntu.com/ubuntu noble-security InRelease [126 kB]
2026-10-10T17:48:01.1892100Z Get:7 https://packages.microsoft.com/ubuntu/24.04/prod noble/main all Packages [640 B]
2026-10-10T17:48:01.2008603Z Get:8 https://packages.microsoft.com/ubuntu/24.04/prod noble/main amd64 Packages [548 kB]
2026-10-10T17:48:01.2113662Z Get:9 https://packages.microsoft.com/ubuntu/24.04/prod noble/main armhf Packages [12.3 kB]
2026-10-10T17:48:01.2140843Z Get:10 https://packages.microsoft.com/ubuntu/24.04/prod noble/main arm64 Packages [492 kB]
2026-10-10T17:48:01.2554398Z Get:11 http://azure.archive.ubuntu.com/ubuntu noble-updates/main amd64 Packages [1375 kB]
2026-10-10T17:48:01.2661678Z Get:12 http://azure.archive.ubuntu.com/ubuntu noble-updates/main Translation-en [306 kB]
2026-10-10T17:48:01.2671102Z Get:13 http://azure.archive.ubuntu.com/ubuntu noble-updates/universe amd64 Packages [1702 kB]
2026-10-10T17:48:01.2757463Z Get:14 http://azure.archive.ubuntu.com/ubuntu noble-updates/universe Translation-en [342 kB]
2026-10-10T17:48:01.2780891Z Get:15 http://azure.archive.ubuntu.com/ubuntu noble-updates/restricted amd64 Packages [1761 kB]
2026-10-10T17:48:01.2882407Z Get:16 http://azure.archive.ubuntu.com/ubuntu noble-updates/restricted Translation-en [401 kB]
2026-10-10T17:48:01.2904834Z Get:17 http://azure.archive.ubuntu.com/ubuntu noble-updates/multiverse amd64 Packages [55.0 kB]
2026-10-10T17:48:01.2916961Z Get:18 http://azure.archive.ubuntu.com/ubuntu noble-updates/multiverse Translation-en [14.3 kB]
2026-10-10T17:48:01.3662141Z Get:19 http://azure.archive.ubuntu.com/ubuntu noble-security/main amd64 Packages [1121 kB]
2026-10-10T17:48:01.3731454Z Get:20 http://azure.archive.ubuntu.com/ubuntu noble-security/main Translation-en [228 kB]
2026-10-10T17:48:01.4181576Z Get:21 http://azure.archive.ubuntu.com/ubuntu noble-security/universe amd64 Packages [1220 kB]
2026-10-10T17:48:01.4244633Z Get:22 http://azure.archive.ubuntu.com/ubuntu noble-security/universe Translation-en [245 kB]
2026-10-10T17:48:01.4265652Z Get:23 http://azure.archive.ubuntu.com/ubuntu noble-security/restricted amd64 Packages [1669 kB]
2026-10-10T17:48:01.4372153Z Get:24 http://azure.archive.ubuntu.com/ubuntu noble-security/restricted Translation-en [383 kB]
2026-10-10T17:48:01.4395771Z Get:25 http://azure.archive.ubuntu.com/ubuntu noble-security/multiverse amd64 Packages [49.8 kB]
2026-10-10T17:48:01.4406381Z Get:26 http://azure.archive.ubuntu.com/ubuntu noble-security/multiverse Translation-en [12.4 kB]
2026-10-10T17:48:04.7873616Z Fetched 12.3 MB in 1s (9666 kB/s)
2026-10-10T17:48:05.6177382Z Reading package lists...
2026-10-10T17:48:05.6478037Z Reading package lists...
2026-10-10T17:48:05.8137450Z Building dependency tree...
2026-10-10T17:48:05.8146514Z Reading state information...
2026-10-10T17:48:05.9528397Z pkg-config is already the newest version (1.8.1-2build1).
2026-10-10T17:48:05.9529716Z xvfb is already the newest version (2:21.1.12-1ubuntu1.8).
2026-10-10T17:48:05.9530721Z The following additional packages will be installed:
2026-10-10T17:48:05.9532214Z   bubblewrap bzip2-doc cmake-data desktop-file-utils gir1.2-atk-1.0
2026-10-10T17:48:05.9533142Z   gir1.2-atspi-2.0 gir1.2-freedesktop gir1.2-freedesktop-dev
2026-10-10T17:48:05.9533970Z   gir1.2-gdkpixbuf-2.0 gir1.2-glib-2.0-dev gir1.2-gtk-3.0 gir1.2-harfbuzz-0.0
2026-10-10T17:48:05.9534839Z   gir1.2-pango-1.0 gsettings-desktop-schemas libatk-bridge2.0-dev
2026-10-10T17:48:05.9535670Z   libatk1.0-dev libatspi2.0-dev libavahi-glib1 libblkid-dev libbrotli-dev
2026-10-10T17:48:05.9536531Z   libbz2-dev libcairo-script-interpreter2 libcairo2-dev libdatrie-dev
2026-10-10T17:48:05.9537329Z   libdbus-1-dev libdeflate-dev libegl-dev libegl-mesa0 libegl1
2026-10-10T17:48:05.9538202Z   libegl1-mesa-dev libepoxy-dev libfontconfig-dev libfreetype-dev libfreetype6
2026-10-10T17:48:05.9539220Z   libfribidi-dev libgdk-pixbuf-2.0-dev libgdk-pixbuf2.0-bin
2026-10-10T17:48:05.9540103Z   libgirepository-2.0-0 libgl-dev libgles-dev libgles1 libgles2 libglib2.0-dev
2026-10-10T17:48:05.9541222Z   libglib2.0-dev-bin libglvnd-core-dev libglvnd-dev libglx-dev
2026-10-10T17:48:05.9542032Z   libgraphite2-dev libharfbuzz-cairo0 libharfbuzz-dev libharfbuzz-gobject0
2026-10-10T17:48:05.9542879Z   libharfbuzz-icu0 libharfbuzz-subset0 libice-dev libjbig-dev libjpeg-dev
2026-10-10T17:48:05.9551637Z   libjpeg-turbo8-dev libjpeg8-dev libjsoncpp25 liblerc-dev liblzma-dev
2026-10-10T17:48:05.9571978Z   libmalcontent-0-0 libmount-dev libopengl-dev libopengl0 libostree-1-1
2026-10-10T17:48:05.9572932Z   libpango1.0-dev libpangoxft-1.0-0 libpipewire-0.3-0t64
2026-10-10T17:48:05.9573818Z   libpipewire-0.3-common libpixman-1-dev libpng-dev libpng-tools
2026-10-10T17:48:05.9574790Z   libpng16-16t64 libpthread-stubs0-dev librhash0 librsvg2-2 libselinux1-dev
2026-10-10T17:48:05.9575960Z   libsepol-dev libsharpyuv-dev libsm-dev libspa-0.2-modules libthai-dev
2026-10-10T17:48:05.9576999Z   libtiff-dev libtiffxx6 libwayland-bin libwayland-dev libwayland-server0
2026-10-10T17:48:05.9577955Z   libwebp-dev libwebpdecoder3 libwebrtc-audio-processing1 libx11-dev
2026-10-10T17:48:05.9578999Z   libxau-dev libxcb-render0-dev libxcb-shm0-dev libxcb1-dev libxcomposite-dev
2026-10-10T17:48:05.9580047Z   libxcursor-dev libxdamage-dev libxdmcp-dev libxext-dev libxfixes-dev
2026-10-10T17:48:05.9581179Z   libxft-dev libxi-dev libxinerama-dev libxkbcommon-dev libxrandr-dev
2026-10-10T17:48:05.9582088Z   libxrender-dev libxtst-dev pango1.0-tools session-migration uuid-dev
2026-10-10T17:48:05.9582999Z   wayland-protocols x11proto-dev xdg-dbus-proxy xdg-desktop-portal
2026-10-10T17:48:05.9583830Z   xdg-desktop-portal-gtk xorg-sgml-doctools xtrans-dev
2026-10-10T17:48:05.9584488Z Suggested packages:
2026-10-10T17:48:05.9585185Z   cmake-doc cmake-format elpa-cmake-mode avahi-daemon malcontent-gui
2026-10-10T17:48:05.9586404Z   libcairo2-doc libdatrie-doc freetype2-doc libglib2.0-doc libxml2-utils
2026-10-10T17:48:05.9587349Z   libgraphite2-utils libgtk-3-doc libice-doc liblzma-doc libpango1.0-doc
2026-10-10T17:48:05.9588315Z   pipewire librsvg2-bin libsm-doc libthai-doc libwayland-doc libx11-doc
2026-10-10T17:48:05.9589267Z   libxcb-doc libxext-doc graphicsmagick accountsservice evince
2026-10-10T17:48:05.9589903Z   xdg-desktop-portal-gnome
2026-10-10T17:48:06.0157725Z The following NEW packages will be installed:
2026-10-10T17:48:06.0158700Z   bubblewrap bzip2-doc clang cmake cmake-data dbus-x11 desktop-file-utils
2026-10-10T17:48:06.0159597Z   flatpak gir1.2-atk-1.0 gir1.2-atspi-2.0 gir1.2-freedesktop
2026-10-10T17:48:06.0160720Z   gir1.2-freedesktop-dev gir1.2-gdkpixbuf-2.0 gir1.2-glib-2.0-dev
2026-10-10T17:48:06.0161595Z   gir1.2-gtk-3.0 gir1.2-harfbuzz-0.0 gir1.2-pango-1.0
2026-10-10T17:48:06.0162572Z   gsettings-desktop-schemas libatk-bridge2.0-dev libatk1.0-dev libatspi2.0-dev
2026-10-10T17:48:06.0163436Z   libavahi-glib1 libblkid-dev libbrotli-dev libbz2-dev
2026-10-10T17:48:06.0164375Z   libcairo-script-interpreter2 libcairo2-dev libdatrie-dev libdbus-1-dev
2026-10-10T17:48:06.0165345Z   libdeflate-dev libegl-dev libegl-mesa0 libegl1 libegl1-mesa-dev libepoxy-dev
2026-10-10T17:48:06.0166610Z   libfontconfig-dev libfreetype-dev libfribidi-dev libgdk-pixbuf-2.0-dev
2026-10-10T17:48:06.0167689Z   libgdk-pixbuf2.0-bin libgirepository-2.0-0 libgl-dev libgles-dev libgles1
2026-10-10T17:48:06.0168528Z   libgles2 libglib2.0-dev libglib2.0-dev-bin libglvnd-core-dev libglvnd-dev
2026-10-10T17:48:06.0169384Z   libglx-dev libgraphite2-dev libgtk-3-dev libharfbuzz-cairo0 libharfbuzz-dev
2026-10-10T17:48:06.0170231Z   libharfbuzz-gobject0 libharfbuzz-icu0 libharfbuzz-subset0 libice-dev
2026-10-10T17:48:06.0171320Z   libjbig-dev libjpeg-dev libjpeg-turbo8-dev libjpeg8-dev libjsoncpp25
2026-10-10T17:48:06.0172212Z   liblerc-dev liblzma-dev libmalcontent-0-0 libmount-dev libopengl-dev
2026-10-10T17:48:06.0173035Z   libopengl0 libostree-1-1 libpango1.0-dev libpangoxft-1.0-0
2026-10-10T17:48:06.0173913Z   libpipewire-0.3-0t64 libpipewire-0.3-common libpixman-1-dev libpng-dev
2026-10-10T17:48:06.0174811Z   libpng-tools libpthread-stubs0-dev librhash0 librsvg2-2 librsvg2-common
2026-10-10T17:48:06.0175745Z   libselinux1-dev libsepol-dev libsharpyuv-dev libsm-dev libspa-0.2-modules
2026-10-10T17:48:06.0176583Z   libthai-dev libtiff-dev libtiffxx6 libwayland-bin libwayland-dev
2026-10-10T17:48:06.0177459Z   libwayland-server0 libwebp-dev libwebpdecoder3 libwebrtc-audio-processing1
2026-10-10T17:48:06.0178243Z   libx11-dev libxau-dev libxcb-render0-dev libxcb-shm0-dev libxcb1-dev
2026-10-10T17:48:06.0179070Z   libxcomposite-dev libxcursor-dev libxdamage-dev libxdmcp-dev libxext-dev
2026-10-10T17:48:06.0179925Z   libxfixes-dev libxft-dev libxi-dev libxinerama-dev libxkbcommon-dev
2026-10-10T17:48:06.0181218Z   libxrandr-dev libxrender-dev libxtst-dev ninja-build pango1.0-tools
2026-10-10T17:48:06.0182146Z   session-migration uuid-dev wayland-protocols x11proto-dev xdg-dbus-proxy
2026-10-10T17:48:06.0183081Z   xdg-desktop-portal xdg-desktop-portal-gtk xorg-sgml-doctools xtrans-dev
2026-10-10T17:48:06.0201373Z The following packages will be upgraded:
2026-10-10T17:48:06.0231300Z   libfreetype6 libpng16-16t64
2026-10-10T17:48:06.0431146Z 2 upgraded, 124 newly installed, 0 to remove and 21 not upgraded.
2026-10-10T17:48:06.0431789Z Need to get 33.5 MB of archives.
2026-10-10T17:48:06.0432353Z After this operation, 151 MB of additional disk space will be used.
2026-10-10T17:48:06.0433031Z Get:1 file:/etc/apt/apt-mirrors.txt Mirrorlist [144 B]
2026-10-10T17:48:06.1415913Z Get:2 http://azure.archive.ubuntu.com/ubuntu noble-updates/main amd64 libpng16-16t64 amd64 1.6.43-5ubuntu0.7 [189 kB]
2026-10-10T17:48:06.2094450Z Get:3 http://azure.archive.ubuntu.com/ubuntu noble-updates/main amd64 bubblewrap amd64 0.9.0-1ubuntu0.3 [50.4 kB]
2026-10-10T17:48:06.2745558Z Get:4 http://azure.archive.ubuntu.com/ubuntu noble-updates/main amd64 bzip2-doc all 1.0.8-5.1ubuntu0.1 [499 kB]
2026-10-10T17:48:06.3441708Z Get:5 http://azure.archive.ubuntu.com/ubuntu noble/universe amd64 clang amd64 1:18.0-59~exp2 [5846 B]
2026-10-10T17:48:06.4086370Z Get:6 http://azure.archive.ubuntu.com/ubuntu noble/main amd64 libjsoncpp25 amd64 1.9.5-6build1 [82.8 kB]
2026-10-10T17:48:06.4735151Z Get:7 http://azure.archive.ubuntu.com/ubuntu noble/main amd64 librhash0 amd64 1.4.3-3build1 [129 kB]
2026-10-10T17:48:06.5388156Z Get:8 http://azure.archive.ubuntu.com/ubuntu noble/main amd64 cmake-data all 3.28.3-1build7 [2155 kB]
2026-10-10T17:48:06.6342549Z Get:9 http://azure.archive.ubuntu.com/ubuntu noble/main amd64 cmake amd64 3.28.3-1build7 [11.2 MB]
2026-10-10T17:48:06.9141451Z Get:10 http://azure.archive.ubuntu.com/ubuntu noble-updates/main amd64 dbus-x11 amd64 1.14.10-4ubuntu4.1 [23.3 kB]
2026-10-10T17:48:06.9787229Z Get:11 http://azure.archive.ubuntu.com/ubuntu noble/main amd64 desktop-file-utils amd64 0.27-2build1 [53.8 kB]
2026-10-10T17:48:07.0434076Z Get:12 http://azure.archive.ubuntu.com/ubuntu noble-updates/main amd64 xdg-dbus-proxy amd64 0.1.5-1ubuntu0.2 [26.4 kB]
2026-10-10T17:48:07.1076921Z Get:13 http://azure.archive.ubuntu.com/ubuntu noble-updates/main amd64 libmalcontent-0-0 amd64 0.11.1-1ubuntu1.3 [22.3 kB]
2026-10-10T17:48:07.1722626Z Get:14 http://azure.archive.ubuntu.com/ubuntu noble-updates/main amd64 libavahi-glib1 amd64 0.8-13ubuntu6.2 [8186 B]
2026-10-10T17:48:07.2362831Z Get:15 http://azure.archive.ubuntu.com/ubuntu noble/universe amd64 libostree-1-1 amd64 2024.5-1build2 [373 kB]
2026-10-10T17:48:07.3066950Z Get:16 http://azure.archive.ubuntu.com/ubuntu noble-updates/universe amd64 flatpak amd64 1.14.6-1ubuntu0.1 [1350 kB]
2026-10-10T17:48:07.3980338Z Get:17 http://azure.archive.ubuntu.com/ubuntu noble/main amd64 gir1.2-atk-1.0 amd64 2.52.0-1build1 [23.1 kB]
2026-10-10T17:48:07.4624003Z Get:18 http://azure.archive.ubuntu.com/ubuntu noble/main amd64 gir1.2-freedesktop amd64 1.80.1-1 [49.7 kB]
2026-10-10T17:48:07.5269155Z Get:19 http://azure.archive.ubuntu.com/ubuntu noble/main amd64 gir1.2-atspi-2.0 amd64 2.52.0-1build1 [19.8 kB]
2026-10-10T17:48:07.5915087Z Get:20 http://azure.archive.ubuntu.com/ubuntu noble-updates/main amd64 gir1.2-glib-2.0-dev amd64 2.80.0-6ubuntu3.9 [848 kB]
2026-10-10T17:48:07.6718713Z Get:21 http://azure.archive.ubuntu.com/ubuntu noble/main amd64 gir1.2-freedesktop-dev amd64 1.80.1-1 [28.8 kB]
2026-10-10T17:48:07.7362696Z Get:22 http://azure.archive.ubuntu.com/ubuntu noble-updates/main amd64 gir1.2-gdkpixbuf-2.0 amd64 2.42.10+dfsg-3ubuntu3.3 [9482 B]
2026-10-10T17:48:07.8004685Z Get:23 http://azure.archive.ubuntu.com/ubuntu noble/main amd64 libharfbuzz-gobject0 amd64 8.3.0-2build2 [34.3 kB]
2026-10-10T17:48:07.8649715Z Get:24 http://azure.archive.ubuntu.com/ubuntu noble/main amd64 gir1.2-harfbuzz-0.0 amd64 8.3.0-2build2 [44.5 kB]
2026-10-10T17:48:07.9293127Z Get:25 http://azure.archive.ubuntu.com/ubuntu noble/main amd64 libpangoxft-1.0-0 amd64 1.52.1+ds-1build1 [20.3 kB]
2026-10-10T17:48:07.9938452Z Get:26 http://azure.archive.ubuntu.com/ubuntu noble/main amd64 gir1.2-pango-1.0 amd64 1.52.1+ds-1build1 [34.8 kB]
2026-10-10T17:48:08.0793663Z Get:27 http://azure.archive.ubuntu.com/ubuntu noble-updates/main amd64 gir1.2-gtk-3.0 amd64 3.24.41-4ubuntu1.3 [245 kB]
2026-10-10T17:48:08.1461966Z Get:28 http://azure.archive.ubuntu.com/ubuntu noble/main amd64 session-migration amd64 0.3.9build1 [9034 B]
2026-10-10T17:48:08.2862036Z Get:29 http://azure.archive.ubuntu.com/ubuntu noble-updates/main amd64 gsettings-desktop-schemas all 46.1-0ubuntu1 [35.6 kB]
2026-10-10T17:48:08.4268244Z Get:30 http://azure.archive.ubuntu.com/ubuntu noble-updates/main amd64 libglib2.0-dev-bin amd64 2.80.0-6ubuntu3.9 [138 kB]
2026-10-10T17:48:08.5252016Z Get:31 http://azure.archive.ubuntu.com/ubuntu noble-updates/main amd64 uuid-dev amd64 2.39.3-9ubuntu6.6 [33.5 kB]
2026-10-10T17:48:08.5896158Z Get:32 http://azure.archive.ubuntu.com/ubuntu noble-updates/main amd64 libblkid-dev amd64 2.39.3-9ubuntu6.6 [205 kB]
2026-10-10T17:48:08.6805097Z Get:33 http://azure.archive.ubuntu.com/ubuntu noble/main amd64 libsepol-dev amd64 3.5-2build1 [384 kB]
2026-10-10T17:48:08.8226290Z Get:34 http://azure.archive.ubuntu.com/ubuntu noble-updates/main amd64 libselinux1-dev amd64 3.5-2ubuntu2.1 [164 kB]
2026-10-10T17:48:08.8896522Z Get:35 http://azure.archive.ubuntu.com/ubuntu noble-updates/main amd64 libmount-dev amd64 2.39.3-9ubuntu6.6 [14.9 kB]
2026-10-10T17:48:08.9538204Z Get:36 http://azure.archive.ubuntu.com/ubuntu noble-updates/main amd64 libgirepository-2.0-0 amd64 2.80.0-6ubuntu3.9 [73.5 kB]
2026-10-10T17:48:09.0195209Z Get:37 http://azure.archive.ubuntu.com/ubuntu noble-updates/main amd64 libglib2.0-dev amd64 2.80.0-6ubuntu3.9 [1860 kB]
2026-10-10T17:48:09.1207110Z Get:38 http://azure.archive.ubuntu.com/ubuntu noble/main amd64 libatk1.0-dev amd64 2.52.0-1build1 [100 kB]
2026-10-10T17:48:09.1867380Z Get:39 http://azure.archive.ubuntu.com/ubuntu noble-updates/main amd64 libdbus-1-dev amd64 1.14.10-4ubuntu4.1 [190 kB]
2026-10-10T17:48:09.2539835Z Get:40 http://azure.archive.ubuntu.com/ubuntu noble/main amd64 xorg-sgml-doctools all 1:1.11-1.1 [10.9 kB]
2026-10-10T17:48:09.3181153Z Get:41 http://azure.archive.ubuntu.com/ubuntu noble/main amd64 x11proto-dev all 2023.2-1 [602 kB]
2026-10-10T17:48:09.3960405Z Get:42 http://azure.archive.ubuntu.com/ubuntu noble/main amd64 libxau-dev amd64 1:1.0.9-1build6 [9570 B]
2026-10-10T17:48:09.4611732Z Get:43 http://azure.archive.ubuntu.com/ubuntu noble/main amd64 libxdmcp-dev amd64 1:1.1.3-0ubuntu6 [26.5 kB]
2026-10-10T17:48:09.5263341Z Get:44 http://azure.archive.ubuntu.com/ubuntu noble/main amd64 xtrans-dev all 1.4.0-1 [68.9 kB]
2026-10-10T17:48:09.5908448Z Get:45 http://azure.archive.ubuntu.com/ubuntu noble/main amd64 libpthread-stubs0-dev amd64 0.4-1build3 [4746 B]
2026-10-10T17:48:09.6549933Z Get:46 http://azure.archive.ubuntu.com/ubuntu noble/main amd64 libxcb1-dev amd64 1.15-1ubuntu2 [85.8 kB]
2026-10-10T17:48:09.7199239Z Get:47 http://azure.archive.ubuntu.com/ubuntu noble/main amd64 libx11-dev amd64 2:1.8.7-1build1 [732 kB]
2026-10-10T17:48:09.7980458Z Get:48 http://azure.archive.ubuntu.com/ubuntu noble/main amd64 libxext-dev amd64 2:1.3.4-1build2 [83.5 kB]
2026-10-10T17:48:09.8627682Z Get:49 http://azure.archive.ubuntu.com/ubuntu noble/main amd64 libxfixes-dev amd64 1:6.0.0-2build1 [12.1 kB]
2026-10-10T17:48:09.9269380Z Get:50 http://azure.archive.ubuntu.com/ubuntu noble/main amd64 libxi-dev amd64 2:1.8.1-1build1 [194 kB]
2026-10-10T17:48:09.9936716Z Get:51 http://azure.archive.ubuntu.com/ubuntu noble/main amd64 libxtst-dev amd64 2:1.2.3-1.1build1 [15.9 kB]
2026-10-10T17:48:10.0579956Z Get:52 http://azure.archive.ubuntu.com/ubuntu noble/main amd64 libatspi2.0-dev amd64 2.52.0-1build1 [76.2 kB]
2026-10-10T17:48:10.1232040Z Get:53 http://azure.archive.ubuntu.com/ubuntu noble/main amd64 libatk-bridge2.0-dev amd64 2.52.0-1build1 [4284 B]
2026-10-10T17:48:10.1873066Z Get:54 http://azure.archive.ubuntu.com/ubuntu noble/main amd64 libbrotli-dev amd64 1.1.0-2build2 [353 kB]
2026-10-10T17:48:10.2573953Z Get:55 http://azure.archive.ubuntu.com/ubuntu noble-updates/main amd64 libbz2-dev amd64 1.0.8-5.1ubuntu0.1 [33.6 kB]
2026-10-10T17:48:10.3223525Z Get:56 http://azure.archive.ubuntu.com/ubuntu noble-updates/main amd64 libfreetype6 amd64 2.13.2+dfsg-1ubuntu0.2 [403 kB]
2026-10-10T17:48:10.3939825Z Get:57 http://azure.archive.ubuntu.com/ubuntu noble/main amd64 libcairo-script-interpreter2 amd64 1.18.0-3build1 [60.3 kB]
2026-10-10T17:48:10.4585423Z Get:58 http://azure.archive.ubuntu.com/ubuntu noble-updates/main amd64 libpng-dev amd64 1.6.43-5ubuntu0.7 [265 kB]
2026-10-10T17:48:10.5271673Z Get:59 http://azure.archive.ubuntu.com/ubuntu noble-updates/main amd64 libfreetype-dev amd64 2.13.2+dfsg-1ubuntu0.2 [574 kB]
2026-10-10T17:48:10.6019207Z Get:60 http://azure.archive.ubuntu.com/ubuntu noble/main amd64 libfontconfig-dev amd64 2.15.0-1.1ubuntu2 [161 kB]
2026-10-10T17:48:10.6700078Z Get:61 http://azure.archive.ubuntu.com/ubuntu noble/main amd64 libpixman-1-dev amd64 0.42.2-1build1 [296 kB]
2026-10-10T17:48:10.7374925Z Get:62 http://azure.archive.ubuntu.com/ubuntu noble/main amd64 libice-dev amd64 2:1.0.10-1build3 [51.0 kB]
2026-10-10T17:48:10.8022212Z Get:63 http://azure.archive.ubuntu.com/ubuntu noble/main amd64 libsm-dev amd64 2:1.2.3-1build3 [17.8 kB]
2026-10-10T17:48:10.8665769Z Get:64 http://azure.archive.ubuntu.com/ubuntu noble/main amd64 libxcb-render0-dev amd64 1.15-1ubuntu2 [19.6 kB]
2026-10-10T17:48:10.9309871Z Get:65 http://azure.archive.ubuntu.com/ubuntu noble/main amd64 libxcb-shm0-dev amd64 1.15-1ubuntu2 [8246 B]
2026-10-10T17:48:10.9954455Z Get:66 http://azure.archive.ubuntu.com/ubuntu noble/main amd64 libxrender-dev amd64 1:0.9.10-1.1build1 [26.3 kB]
2026-10-10T17:48:11.0599124Z Get:67 http://azure.archive.ubuntu.com/ubuntu noble/main amd64 libcairo2-dev amd64 1.18.0-3build1 [41.1 kB]
2026-10-10T17:48:11.1245956Z Get:68 http://azure.archive.ubuntu.com/ubuntu noble/main amd64 libdatrie-dev amd64 0.2.13-3build1 [19.4 kB]
2026-10-10T17:48:11.1892842Z Get:69 http://azure.archive.ubuntu.com/ubuntu noble-updates/main amd64 libdeflate-dev amd64 1.19-1build1.1 [50.9 kB]
2026-10-10T17:48:11.2545495Z Get:70 http://azure.archive.ubuntu.com/ubuntu noble-updates/main amd64 libegl-mesa0 amd64 25.2.8-0ubuntu0.24.04.4 [117 kB]
2026-10-10T17:48:11.3198362Z Get:71 http://azure.archive.ubuntu.com/ubuntu noble/main amd64 libegl1 amd64 1.7.0-1build1 [28.7 kB]
2026-10-10T17:48:11.3842524Z Get:72 http://azure.archive.ubuntu.com/ubuntu noble/main amd64 libglx-dev amd64 1.7.0-1build1 [14.2 kB]
2026-10-10T17:48:11.4486207Z Get:73 http://azure.archive.ubuntu.com/ubuntu noble/main amd64 libgl-dev amd64 1.7.0-1build1 [102 kB]
2026-10-10T17:48:11.5134738Z Get:74 http://azure.archive.ubuntu.com/ubuntu noble/main amd64 libegl-dev amd64 1.7.0-1build1 [18.2 kB]
2026-10-10T17:48:11.5776261Z Get:75 http://azure.archive.ubuntu.com/ubuntu noble/main amd64 libglvnd-core-dev amd64 1.7.0-1build1 [13.6 kB]
2026-10-10T17:48:11.6424251Z Get:76 http://azure.archive.ubuntu.com/ubuntu noble/main amd64 libgles1 amd64 1.7.0-1build1 [11.6 kB]
2026-10-10T17:48:11.7066907Z Get:77 http://azure.archive.ubuntu.com/ubuntu noble/main amd64 libgles2 amd64 1.7.0-1build1 [17.1 kB]
2026-10-10T17:48:11.7720211Z Get:78 http://azure.archive.ubuntu.com/ubuntu noble/main amd64 libgles-dev amd64 1.7.0-1build1 [50.5 kB]
2026-10-10T17:48:11.8364686Z Get:79 http://azure.archive.ubuntu.com/ubuntu noble/main amd64 libopengl0 amd64 1.7.0-1build1 [32.8 kB]
2026-10-10T17:48:11.9010348Z Get:80 http://azure.archive.ubuntu.com/ubuntu noble/main amd64 libopengl-dev amd64 1.7.0-1build1 [3454 B]
2026-10-10T17:48:11.9651248Z Get:81 http://azure.archive.ubuntu.com/ubuntu noble/main amd64 libglvnd-dev amd64 1.7.0-1build1 [3198 B]
2026-10-10T17:48:12.0292386Z Get:82 http://azure.archive.ubuntu.com/ubuntu noble-updates/main amd64 libegl1-mesa-dev amd64 25.2.8-0ubuntu0.24.04.4 [26.8 kB]
2026-10-10T17:48:12.0936354Z Get:83 http://azure.archive.ubuntu.com/ubuntu noble/main amd64 libepoxy-dev amd64 1.5.10-1build1 [132 kB]
2026-10-10T17:48:12.1605668Z Get:84 http://azure.archive.ubuntu.com/ubuntu noble/main amd64 libfribidi-dev amd64 1.0.13-3build1 [64.8 kB]
2026-10-10T17:48:12.2253836Z Get:85 http://azure.archive.ubuntu.com/ubuntu noble-updates/main amd64 libgdk-pixbuf2.0-bin amd64 2.42.10+dfsg-3ubuntu3.3 [13.9 kB]
2026-10-10T17:48:12.3526805Z Get:86 http://azure.archive.ubuntu.com/ubuntu noble/main amd64 libjpeg-turbo8-dev amd64 2.1.5-2ubuntu2 [295 kB]
2026-10-10T17:48:12.7155935Z Get:87 http://azure.archive.ubuntu.com/ubuntu noble/main amd64 libjpeg8-dev amd64 8c-2ubuntu11 [1484 B]
2026-10-10T17:48:12.7792915Z Get:88 http://azure.archive.ubuntu.com/ubuntu noble/main amd64 libjpeg-dev amd64 8c-2ubuntu11 [1482 B]
2026-10-10T17:48:12.8431437Z Get:89 http://azure.archive.ubuntu.com/ubuntu noble/main amd64 libjbig-dev amd64 2.1-6.1ubuntu2 [27.9 kB]
2026-10-10T17:48:12.9108291Z Get:90 http://azure.archive.ubuntu.com/ubuntu noble-updates/main amd64 liblzma-dev amd64 5.6.1+really5.4.5-1ubuntu0.3 [176 kB]
2026-10-10T17:48:13.0018607Z Get:91 http://azure.archive.ubuntu.com/ubuntu noble/main amd64 libwebpdecoder3 amd64 1.3.2-0.4build3 [114 kB]
2026-10-10T17:48:13.0834472Z Get:92 http://azure.archive.ubuntu.com/ubuntu noble/main amd64 libsharpyuv-dev amd64 1.3.2-0.4build3 [16.0 kB]
2026-10-10T17:48:13.1491693Z Get:93 http://azure.archive.ubuntu.com/ubuntu noble/main amd64 libwebp-dev amd64 1.3.2-0.4build3 [367 kB]
2026-10-10T17:48:13.2712936Z Get:94 http://azure.archive.ubuntu.com/ubuntu noble-updates/main amd64 libtiffxx6 amd64 4.5.1+git230720-4ubuntu2.5 [5642 B]
2026-10-10T17:48:13.3357918Z Get:95 http://azure.archive.ubuntu.com/ubuntu noble/main amd64 liblerc-dev amd64 4.0.0+ds-4ubuntu2 [182 kB]
2026-10-10T17:48:13.4232161Z Get:96 http://azure.archive.ubuntu.com/ubuntu noble-updates/main amd64 libtiff-dev amd64 4.5.1+git230720-4ubuntu2.5 [338 kB]
2026-10-10T17:48:13.4912332Z Get:97 http://azure.archive.ubuntu.com/ubuntu noble-updates/main amd64 libgdk-pixbuf-2.0-dev amd64 2.42.10+dfsg-3ubuntu3.3 [47.9 kB]
2026-10-10T17:48:13.5561175Z Get:98 http://azure.archive.ubuntu.com/ubuntu noble-updates/main amd64 libgraphite2-dev amd64 1.3.14-2ubuntu0.24.04.1 [14.7 kB]
2026-10-10T17:48:13.6205963Z Get:99 http://azure.archive.ubuntu.com/ubuntu noble/main amd64 libharfbuzz-icu0 amd64 8.3.0-2build2 [13.3 kB]
2026-10-10T17:48:13.6850350Z Get:100 http://azure.archive.ubuntu.com/ubuntu noble/main amd64 libharfbuzz-subset0 amd64 8.3.0-2build2 [448 kB]
2026-10-10T17:48:13.7580950Z Get:101 http://azure.archive.ubuntu.com/ubuntu noble/main amd64 libharfbuzz-cairo0 amd64 8.3.0-2build2 [26.2 kB]
2026-10-10T17:48:13.8230925Z Get:102 http://azure.archive.ubuntu.com/ubuntu noble/main amd64 libharfbuzz-dev amd64 8.3.0-2build2 [142 kB]
2026-10-10T17:48:13.8896600Z Get:103 http://azure.archive.ubuntu.com/ubuntu noble/main amd64 libthai-dev amd64 0.1.29-2build1 [26.6 kB]
2026-10-10T17:48:13.9533768Z Get:104 http://azure.archive.ubuntu.com/ubuntu noble/main amd64 libxft-dev amd64 2.3.6-1build1 [64.3 kB]
2026-10-10T17:48:14.0176479Z Get:105 http://azure.archive.ubuntu.com/ubuntu noble/main amd64 pango1.0-tools amd64 1.52.1+ds-1build1 [36.7 kB]
2026-10-10T17:48:14.0812336Z Get:106 http://azure.archive.ubuntu.com/ubuntu noble/main amd64 libpango1.0-dev amd64 1.52.1+ds-1build1 [147 kB]
2026-10-10T17:48:14.1528255Z Get:107 http://azure.archive.ubuntu.com/ubuntu noble/main amd64 libwayland-server0 amd64 1.22.0-2.1build1 [33.9 kB]
2026-10-10T17:48:14.2225021Z Get:108 http://azure.archive.ubuntu.com/ubuntu noble/main amd64 libwayland-bin amd64 1.22.0-2.1build1 [20.6 kB]
2026-10-10T17:48:14.2857507Z Get:109 http://azure.archive.ubuntu.com/ubuntu noble/main amd64 libwayland-dev amd64 1.22.0-2.1build1 [71.3 kB]
2026-10-10T17:48:14.3494633Z Get:110 http://azure.archive.ubuntu.com/ubuntu noble/main amd64 libxcomposite-dev amd64 1:0.4.5-1build3 [9374 B]
2026-10-10T17:48:14.4126757Z Get:111 http://azure.archive.ubuntu.com/ubuntu noble/main amd64 libxcursor-dev amd64 1:1.2.1-1build1 [31.8 kB]
2026-10-10T17:48:14.4760311Z Get:112 http://azure.archive.ubuntu.com/ubuntu noble/main amd64 libxdamage-dev amd64 1:1.1.6-1build1 [5270 B]
2026-10-10T17:48:14.5393623Z Get:113 http://azure.archive.ubuntu.com/ubuntu noble/main amd64 libxinerama-dev amd64 2:1.1.4-3build1 [7988 B]
2026-10-10T17:48:14.6057753Z Get:114 http://azure.archive.ubuntu.com/ubuntu noble/main amd64 libxkbcommon-dev amd64 1.6.0-1build1 [56.3 kB]
2026-10-10T17:48:14.6701361Z Get:115 http://azure.archive.ubuntu.com/ubuntu noble/main amd64 libxrandr-dev amd64 2:1.5.2-2build1 [26.4 kB]
2026-10-10T17:48:14.7337414Z Get:116 http://azure.archive.ubuntu.com/ubuntu noble-updates/main amd64 wayland-protocols all 1.45-1~ubuntu0.24.04.2 [114 kB]
2026-10-10T17:48:14.7981667Z Get:117 http://azure.archive.ubuntu.com/ubuntu noble-updates/main amd64 libgtk-3-dev amd64 3.24.41-4ubuntu1.3 [1096 kB]
2026-10-10T17:48:14.8823954Z Get:118 http://azure.archive.ubuntu.com/ubuntu noble/main amd64 libwebrtc-audio-processing1 amd64 0.3.1-0ubuntu6 [290 kB]
2026-10-10T17:48:14.9502313Z Get:119 http://azure.archive.ubuntu.com/ubuntu noble-updates/main amd64 libspa-0.2-modules amd64 1.0.5-1ubuntu3.3 [628 kB]
2026-10-10T17:48:15.0251100Z Get:120 http://azure.archive.ubuntu.com/ubuntu noble-updates/main amd64 libpipewire-0.3-0t64 amd64 1.0.5-1ubuntu3.3 [252 kB]
2026-10-10T17:48:15.0972290Z Get:121 http://azure.archive.ubuntu.com/ubuntu noble-updates/main amd64 libpipewire-0.3-common all 1.0.5-1ubuntu3.3 [19.5 kB]
2026-10-10T17:48:15.1604506Z Get:122 http://azure.archive.ubuntu.com/ubuntu noble-updates/main amd64 libpng-tools amd64 1.6.43-5ubuntu0.7 [28.5 kB]
2026-10-10T17:48:15.2238806Z Get:123 http://azure.archive.ubuntu.com/ubuntu noble-updates/main amd64 librsvg2-2 amd64 2.58.0+dfsg-1ubuntu0.1 [2141 kB]
2026-10-10T17:48:15.3291219Z Get:124 http://azure.archive.ubuntu.com/ubuntu noble-updates/main amd64 librsvg2-common amd64 2.58.0+dfsg-1ubuntu0.1 [11.8 kB]
2026-10-10T17:48:15.3922808Z Get:125 http://azure.archive.ubuntu.com/ubuntu noble/universe amd64 ninja-build amd64 1.11.1-2 [129 kB]
2026-10-10T17:48:15.4569168Z Get:126 http://azure.archive.ubuntu.com/ubuntu noble-updates/main amd64 xdg-desktop-portal amd64 1.18.4-1ubuntu2.24.04.3 [307 kB]
2026-10-10T17:48:15.5251521Z Get:127 http://azure.archive.ubuntu.com/ubuntu noble/main amd64 xdg-desktop-portal-gtk amd64 1.15.1-1build2 [80.3 kB]
2026-10-10T17:48:15.8696846Z Fetched 33.5 MB in 9s (3532 kB/s)
2026-10-10T17:48:15.9204394Z (Reading database ... 
2026-10-10T17:48:15.9204956Z (Reading database ... 5%
2026-10-10T17:48:15.9205401Z (Reading database ... 10%
2026-10-10T17:48:15.9206232Z (Reading database ... 15%
2026-10-10T17:48:15.9206883Z (Reading database ... 20%
2026-10-10T17:48:15.9207382Z (Reading database ... 25%
2026-10-10T17:48:15.9207853Z (Reading database ... 30%
2026-10-10T17:48:15.9208299Z (Reading database ... 35%
2026-10-10T17:48:15.9208738Z (Reading database ... 40%
2026-10-10T17:48:15.9209088Z (Reading database ... 45%
2026-10-10T17:48:15.9209457Z (Reading database ... 50%
2026-10-10T17:48:15.9258695Z (Reading database ... 55%
2026-10-10T17:48:16.0201042Z (Reading database ... 60%
2026-10-10T17:48:16.1686199Z (Reading database ... 65%
2026-10-10T17:48:16.3716556Z (Reading database ... 70%
2026-10-10T17:48:16.5194252Z (Reading database ... 75%
2026-10-10T17:48:16.6713328Z (Reading database ... 80%
2026-10-10T17:48:16.8129287Z (Reading database ... 85%
2026-10-10T17:48:16.9716299Z (Reading database ... 90%
2026-10-10T17:48:17.1083321Z (Reading database ... 95%
2026-10-10T17:48:17.1083921Z (Reading database ... 100%
2026-10-10T17:48:17.1084522Z (Reading database ... 203191 files and directories currently installed.)
2026-10-10T17:48:17.1126184Z Preparing to unpack .../000-libpng16-16t64_1.6.43-5ubuntu0.7_amd64.deb ...
2026-10-10T17:48:17.1179678Z Unpacking libpng16-16t64:amd64 (1.6.43-5ubuntu0.7) over (1.6.43-5ubuntu0.6) ...
2026-10-10T17:48:17.1495094Z Selecting previously unselected package bubblewrap.
2026-10-10T17:48:17.1621881Z Preparing to unpack .../001-bubblewrap_0.9.0-1ubuntu0.3_amd64.deb ...
2026-10-10T17:48:17.1629889Z Unpacking bubblewrap (0.9.0-1ubuntu0.3) ...
2026-10-10T17:48:17.1875473Z Selecting previously unselected package bzip2-doc.
2026-10-10T17:48:17.1998925Z Preparing to unpack .../002-bzip2-doc_1.0.8-5.1ubuntu0.1_all.deb ...
2026-10-10T17:48:17.2007239Z Unpacking bzip2-doc (1.0.8-5.1ubuntu0.1) ...
2026-10-10T17:48:17.2237841Z Selecting previously unselected package clang.
2026-10-10T17:48:17.2364087Z Preparing to unpack .../003-clang_1%3a18.0-59~exp2_amd64.deb ...
2026-10-10T17:48:17.2372651Z Unpacking clang (1:18.0-59~exp2) ...
2026-10-10T17:48:17.2582199Z Selecting previously unselected package libjsoncpp25:amd64.
2026-10-10T17:48:17.2706147Z Preparing to unpack .../004-libjsoncpp25_1.9.5-6build1_amd64.deb ...
2026-10-10T17:48:17.2715128Z Unpacking libjsoncpp25:amd64 (1.9.5-6build1) ...
2026-10-10T17:48:17.2928021Z Selecting previously unselected package librhash0:amd64.
2026-10-10T17:48:17.3052283Z Preparing to unpack .../005-librhash0_1.4.3-3build1_amd64.deb ...
2026-10-10T17:48:17.3059815Z Unpacking librhash0:amd64 (1.4.3-3build1) ...
2026-10-10T17:48:17.3284383Z Selecting previously unselected package cmake-data.
2026-10-10T17:48:17.3408123Z Preparing to unpack .../006-cmake-data_3.28.3-1build7_all.deb ...
2026-10-10T17:48:17.3472353Z Unpacking cmake-data (3.28.3-1build7) ...
2026-10-10T17:48:17.8655007Z Selecting previously unselected package cmake.
2026-10-10T17:48:17.8790749Z Preparing to unpack .../007-cmake_3.28.3-1build7_amd64.deb ...
2026-10-10T17:48:17.8798645Z Unpacking cmake (3.28.3-1build7) ...
2026-10-10T17:48:18.0273218Z Selecting previously unselected package dbus-x11.
2026-10-10T17:48:18.0402253Z Preparing to unpack .../008-dbus-x11_1.14.10-4ubuntu4.1_amd64.deb ...
2026-10-10T17:48:18.0413190Z Unpacking dbus-x11 (1.14.10-4ubuntu4.1) ...
2026-10-10T17:48:18.0645883Z Selecting previously unselected package desktop-file-utils.
2026-10-10T17:48:18.0810740Z Preparing to unpack .../009-desktop-file-utils_0.27-2build1_amd64.deb ...
2026-10-10T17:48:18.0819065Z Unpacking desktop-file-utils (0.27-2build1) ...
2026-10-10T17:48:18.1069097Z Selecting previously unselected package xdg-dbus-proxy.
2026-10-10T17:48:18.1197444Z Preparing to unpack .../010-xdg-dbus-proxy_0.1.5-1ubuntu0.2_amd64.deb ...
2026-10-10T17:48:18.1204312Z Unpacking xdg-dbus-proxy (0.1.5-1ubuntu0.2) ...
2026-10-10T17:48:18.1403533Z Selecting previously unselected package libmalcontent-0-0:amd64.
2026-10-10T17:48:18.1530148Z Preparing to unpack .../011-libmalcontent-0-0_0.11.1-1ubuntu1.3_amd64.deb ...
2026-10-10T17:48:18.1539220Z Unpacking libmalcontent-0-0:amd64 (0.11.1-1ubuntu1.3) ...
2026-10-10T17:48:18.1739655Z Selecting previously unselected package libavahi-glib1:amd64.
2026-10-10T17:48:18.1865655Z Preparing to unpack .../012-libavahi-glib1_0.8-13ubuntu6.2_amd64.deb ...
2026-10-10T17:48:18.1873188Z Unpacking libavahi-glib1:amd64 (0.8-13ubuntu6.2) ...
2026-10-10T17:48:18.2069165Z Selecting previously unselected package libostree-1-1:amd64.
2026-10-10T17:48:18.2194783Z Preparing to unpack .../013-libostree-1-1_2024.5-1build2_amd64.deb ...
2026-10-10T17:48:18.2202977Z Unpacking libostree-1-1:amd64 (2024.5-1build2) ...
2026-10-10T17:48:18.2445795Z Selecting previously unselected package flatpak.
2026-10-10T17:48:18.2571938Z Preparing to unpack .../014-flatpak_1.14.6-1ubuntu0.1_amd64.deb ...
2026-10-10T17:48:18.2647774Z Unpacking flatpak (1.14.6-1ubuntu0.1) ...
2026-10-10T17:48:18.3417497Z Selecting previously unselected package gir1.2-atk-1.0:amd64.
2026-10-10T17:48:18.3545550Z Preparing to unpack .../015-gir1.2-atk-1.0_2.52.0-1build1_amd64.deb ...
2026-10-10T17:48:18.3553751Z Unpacking gir1.2-atk-1.0:amd64 (2.52.0-1build1) ...
2026-10-10T17:48:18.3745208Z Selecting previously unselected package gir1.2-freedesktop:amd64.
2026-10-10T17:48:18.3870421Z Preparing to unpack .../016-gir1.2-freedesktop_1.80.1-1_amd64.deb ...
2026-10-10T17:48:18.3878208Z Unpacking gir1.2-freedesktop:amd64 (1.80.1-1) ...
2026-10-10T17:48:18.4086823Z Selecting previously unselected package gir1.2-atspi-2.0:amd64.
2026-10-10T17:48:18.4219069Z Preparing to unpack .../017-gir1.2-atspi-2.0_2.52.0-1build1_amd64.deb ...
2026-10-10T17:48:18.4223959Z Unpacking gir1.2-atspi-2.0:amd64 (2.52.0-1build1) ...
2026-10-10T17:48:18.4420507Z Selecting previously unselected package gir1.2-glib-2.0-dev:amd64.
2026-10-10T17:48:18.4547500Z Preparing to unpack .../018-gir1.2-glib-2.0-dev_2.80.0-6ubuntu3.9_amd64.deb ...
2026-10-10T17:48:18.4556102Z Unpacking gir1.2-glib-2.0-dev:amd64 (2.80.0-6ubuntu3.9) ...
2026-10-10T17:48:18.5042583Z Selecting previously unselected package gir1.2-freedesktop-dev:amd64.
2026-10-10T17:48:18.5170120Z Preparing to unpack .../019-gir1.2-freedesktop-dev_1.80.1-1_amd64.deb ...
2026-10-10T17:48:18.5178720Z Unpacking gir1.2-freedesktop-dev:amd64 (1.80.1-1) ...
2026-10-10T17:48:18.5388746Z Selecting previously unselected package gir1.2-gdkpixbuf-2.0:amd64.
2026-10-10T17:48:18.5514986Z Preparing to unpack .../020-gir1.2-gdkpixbuf-2.0_2.42.10+dfsg-3ubuntu3.3_amd64.deb ...
2026-10-10T17:48:18.5522516Z Unpacking gir1.2-gdkpixbuf-2.0:amd64 (2.42.10+dfsg-3ubuntu3.3) ...
2026-10-10T17:48:18.5721046Z Selecting previously unselected package libharfbuzz-gobject0:amd64.
2026-10-10T17:48:18.5856780Z Preparing to unpack .../021-libharfbuzz-gobject0_8.3.0-2build2_amd64.deb ...
2026-10-10T17:48:18.5864627Z Unpacking libharfbuzz-gobject0:amd64 (8.3.0-2build2) ...
2026-10-10T17:48:18.6061504Z Selecting previously unselected package gir1.2-harfbuzz-0.0:amd64.
2026-10-10T17:48:18.6188207Z Preparing to unpack .../022-gir1.2-harfbuzz-0.0_8.3.0-2build2_amd64.deb ...
2026-10-10T17:48:18.6196011Z Unpacking gir1.2-harfbuzz-0.0:amd64 (8.3.0-2build2) ...
2026-10-10T17:48:18.6395334Z Selecting previously unselected package libpangoxft-1.0-0:amd64.
2026-10-10T17:48:18.6521683Z Preparing to unpack .../023-libpangoxft-1.0-0_1.52.1+ds-1build1_amd64.deb ...
2026-10-10T17:48:18.6529123Z Unpacking libpangoxft-1.0-0:amd64 (1.52.1+ds-1build1) ...
2026-10-10T17:48:18.6709975Z Selecting previously unselected package gir1.2-pango-1.0:amd64.
2026-10-10T17:48:18.6834955Z Preparing to unpack .../024-gir1.2-pango-1.0_1.52.1+ds-1build1_amd64.deb ...
2026-10-10T17:48:18.6841316Z Unpacking gir1.2-pango-1.0:amd64 (1.52.1+ds-1build1) ...
2026-10-10T17:48:18.7033293Z Selecting previously unselected package gir1.2-gtk-3.0:amd64.
2026-10-10T17:48:18.7159261Z Preparing to unpack .../025-gir1.2-gtk-3.0_3.24.41-4ubuntu1.3_amd64.deb ...
2026-10-10T17:48:18.7165597Z Unpacking gir1.2-gtk-3.0:amd64 (3.24.41-4ubuntu1.3) ...
2026-10-10T17:48:18.7391832Z Selecting previously unselected package session-migration.
2026-10-10T17:48:18.7517944Z Preparing to unpack .../026-session-migration_0.3.9build1_amd64.deb ...
2026-10-10T17:48:18.7524585Z Unpacking session-migration (0.3.9build1) ...
2026-10-10T17:48:18.7720141Z Selecting previously unselected package gsettings-desktop-schemas.
2026-10-10T17:48:18.7845050Z Preparing to unpack .../027-gsettings-desktop-schemas_46.1-0ubuntu1_all.deb ...
2026-10-10T17:48:18.7852345Z Unpacking gsettings-desktop-schemas (46.1-0ubuntu1) ...
2026-10-10T17:48:18.8247110Z Selecting previously unselected package libglib2.0-dev-bin.
2026-10-10T17:48:18.8373421Z Preparing to unpack .../028-libglib2.0-dev-bin_2.80.0-6ubuntu3.9_amd64.deb ...
2026-10-10T17:48:18.8379877Z Unpacking libglib2.0-dev-bin (2.80.0-6ubuntu3.9) ...
2026-10-10T17:48:18.8638444Z Selecting previously unselected package uuid-dev:amd64.
2026-10-10T17:48:18.8764983Z Preparing to unpack .../029-uuid-dev_2.39.3-9ubuntu6.6_amd64.deb ...
2026-10-10T17:48:18.8772310Z Unpacking uuid-dev:amd64 (2.39.3-9ubuntu6.6) ...
2026-10-10T17:48:18.9025857Z Selecting previously unselected package libblkid-dev:amd64.
2026-10-10T17:48:18.9152305Z Preparing to unpack .../030-libblkid-dev_2.39.3-9ubuntu6.6_amd64.deb ...
2026-10-10T17:48:18.9158239Z Unpacking libblkid-dev:amd64 (2.39.3-9ubuntu6.6) ...
2026-10-10T17:48:18.9376856Z Selecting previously unselected package libsepol-dev:amd64.
2026-10-10T17:48:18.9505720Z Preparing to unpack .../031-libsepol-dev_3.5-2build1_amd64.deb ...
2026-10-10T17:48:18.9514332Z Unpacking libsepol-dev:amd64 (3.5-2build1) ...
2026-10-10T17:48:18.9825852Z Selecting previously unselected package libselinux1-dev:amd64.
2026-10-10T17:48:18.9954741Z Preparing to unpack .../032-libselinux1-dev_3.5-2ubuntu2.1_amd64.deb ...
2026-10-10T17:48:18.9961194Z Unpacking libselinux1-dev:amd64 (3.5-2ubuntu2.1) ...
2026-10-10T17:48:19.0383196Z Selecting previously unselected package libmount-dev:amd64.
2026-10-10T17:48:19.0511392Z Preparing to unpack .../033-libmount-dev_2.39.3-9ubuntu6.6_amd64.deb ...
2026-10-10T17:48:19.0518209Z Unpacking libmount-dev:amd64 (2.39.3-9ubuntu6.6) ...
2026-10-10T17:48:19.0714754Z Selecting previously unselected package libgirepository-2.0-0:amd64.
2026-10-10T17:48:19.0845751Z Preparing to unpack .../034-libgirepository-2.0-0_2.80.0-6ubuntu3.9_amd64.deb ...
2026-10-10T17:48:19.0854122Z Unpacking libgirepository-2.0-0:amd64 (2.80.0-6ubuntu3.9) ...
2026-10-10T17:48:19.1049019Z Selecting previously unselected package libglib2.0-dev:amd64.
2026-10-10T17:48:19.1177197Z Preparing to unpack .../035-libglib2.0-dev_2.80.0-6ubuntu3.9_amd64.deb ...
2026-10-10T17:48:19.1183940Z Unpacking libglib2.0-dev:amd64 (2.80.0-6ubuntu3.9) ...
2026-10-10T17:48:19.2171154Z Selecting previously unselected package libatk1.0-dev:amd64.
2026-10-10T17:48:19.2301713Z Preparing to unpack .../036-libatk1.0-dev_2.52.0-1build1_amd64.deb ...
2026-10-10T17:48:19.2307977Z Unpacking libatk1.0-dev:amd64 (2.52.0-1build1) ...
2026-10-10T17:48:19.2593854Z Selecting previously unselected package libdbus-1-dev:amd64.
2026-10-10T17:48:19.2723915Z Preparing to unpack .../037-libdbus-1-dev_1.14.10-4ubuntu4.1_amd64.deb ...
2026-10-10T17:48:19.2731572Z Unpacking libdbus-1-dev:amd64 (1.14.10-4ubuntu4.1) ...
2026-10-10T17:48:19.3011503Z Selecting previously unselected package xorg-sgml-doctools.
2026-10-10T17:48:19.3138252Z Preparing to unpack .../038-xorg-sgml-doctools_1%3a1.11-1.1_all.deb ...
2026-10-10T17:48:19.3146170Z Unpacking xorg-sgml-doctools (1:1.11-1.1) ...
2026-10-10T17:48:19.3370409Z Selecting previously unselected package x11proto-dev.
2026-10-10T17:48:19.3499591Z Preparing to unpack .../039-x11proto-dev_2023.2-1_all.deb ...
2026-10-10T17:48:19.3506458Z Unpacking x11proto-dev (2023.2-1) ...
2026-10-10T17:48:19.4005653Z Selecting previously unselected package libxau-dev:amd64.
2026-10-10T17:48:19.4134590Z Preparing to unpack .../040-libxau-dev_1%3a1.0.9-1build6_amd64.deb ...
2026-10-10T17:48:19.4142856Z Unpacking libxau-dev:amd64 (1:1.0.9-1build6) ...
2026-10-10T17:48:19.4342301Z Selecting previously unselected package libxdmcp-dev:amd64.
2026-10-10T17:48:19.4467276Z Preparing to unpack .../041-libxdmcp-dev_1%3a1.1.3-0ubuntu6_amd64.deb ...
2026-10-10T17:48:19.4473826Z Unpacking libxdmcp-dev:amd64 (1:1.1.3-0ubuntu6) ...
2026-10-10T17:48:19.4659160Z Selecting previously unselected package xtrans-dev.
2026-10-10T17:48:19.4787211Z Preparing to unpack .../042-xtrans-dev_1.4.0-1_all.deb ...
2026-10-10T17:48:19.4794581Z Unpacking xtrans-dev (1.4.0-1) ...
2026-10-10T17:48:19.5022771Z Selecting previously unselected package libpthread-stubs0-dev:amd64.
2026-10-10T17:48:19.5150816Z Preparing to unpack .../043-libpthread-stubs0-dev_0.4-1build3_amd64.deb ...
2026-10-10T17:48:19.5157359Z Unpacking libpthread-stubs0-dev:amd64 (0.4-1build3) ...
2026-10-10T17:48:19.5342707Z Selecting previously unselected package libxcb1-dev:amd64.
2026-10-10T17:48:19.5469543Z Preparing to unpack .../044-libxcb1-dev_1.15-1ubuntu2_amd64.deb ...
2026-10-10T17:48:19.5477349Z Unpacking libxcb1-dev:amd64 (1.15-1ubuntu2) ...
2026-10-10T17:48:19.5694557Z Selecting previously unselected package libx11-dev:amd64.
2026-10-10T17:48:19.5823419Z Preparing to unpack .../045-libx11-dev_2%3a1.8.7-1build1_amd64.deb ...
2026-10-10T17:48:19.5830072Z Unpacking libx11-dev:amd64 (2:1.8.7-1build1) ...
2026-10-10T17:48:19.6120971Z Selecting previously unselected package libxext-dev:amd64.
2026-10-10T17:48:19.6247681Z Preparing to unpack .../046-libxext-dev_2%3a1.3.4-1build2_amd64.deb ...
2026-10-10T17:48:19.6255051Z Unpacking libxext-dev:amd64 (2:1.3.4-1build2) ...
2026-10-10T17:48:19.6549359Z Selecting previously unselected package libxfixes-dev:amd64.
2026-10-10T17:48:19.6677654Z Preparing to unpack .../047-libxfixes-dev_1%3a6.0.0-2build1_amd64.deb ...
2026-10-10T17:48:19.6685076Z Unpacking libxfixes-dev:amd64 (1:6.0.0-2build1) ...
2026-10-10T17:48:19.6879497Z Selecting previously unselected package libxi-dev:amd64.
2026-10-10T17:48:19.7007180Z Preparing to unpack .../048-libxi-dev_2%3a1.8.1-1build1_amd64.deb ...
2026-10-10T17:48:19.7015272Z Unpacking libxi-dev:amd64 (2:1.8.1-1build1) ...
2026-10-10T17:48:19.7312313Z Selecting previously unselected package libxtst-dev:amd64.
2026-10-10T17:48:19.7439514Z Preparing to unpack .../049-libxtst-dev_2%3a1.2.3-1.1build1_amd64.deb ...
2026-10-10T17:48:19.7447089Z Unpacking libxtst-dev:amd64 (2:1.2.3-1.1build1) ...
2026-10-10T17:48:19.7650049Z Selecting previously unselected package libatspi2.0-dev:amd64.
2026-10-10T17:48:19.7777224Z Preparing to unpack .../050-libatspi2.0-dev_2.52.0-1build1_amd64.deb ...
2026-10-10T17:48:19.7783705Z Unpacking libatspi2.0-dev:amd64 (2.52.0-1build1) ...
2026-10-10T17:48:19.8047031Z Selecting previously unselected package libatk-bridge2.0-dev:amd64.
2026-10-10T17:48:19.8175342Z Preparing to unpack .../051-libatk-bridge2.0-dev_2.52.0-1build1_amd64.deb ...
2026-10-10T17:48:19.8182718Z Unpacking libatk-bridge2.0-dev:amd64 (2.52.0-1build1) ...
2026-10-10T17:48:19.8373584Z Selecting previously unselected package libbrotli-dev:amd64.
2026-10-10T17:48:19.8501530Z Preparing to unpack .../052-libbrotli-dev_1.1.0-2build2_amd64.deb ...
2026-10-10T17:48:19.8508125Z Unpacking libbrotli-dev:amd64 (1.1.0-2build2) ...
2026-10-10T17:48:19.8751246Z Selecting previously unselected package libbz2-dev:amd64.
2026-10-10T17:48:19.8879110Z Preparing to unpack .../053-libbz2-dev_1.0.8-5.1ubuntu0.1_amd64.deb ...
2026-10-10T17:48:19.8886120Z Unpacking libbz2-dev:amd64 (1.0.8-5.1ubuntu0.1) ...
2026-10-10T17:48:19.9215298Z Preparing to unpack .../054-libfreetype6_2.13.2+dfsg-1ubuntu0.2_amd64.deb ...
2026-10-10T17:48:19.9239071Z Unpacking libfreetype6:amd64 (2.13.2+dfsg-1ubuntu0.2) over (2.13.2+dfsg-1ubuntu0.1) ...
2026-10-10T17:48:19.9502279Z Selecting previously unselected package libcairo-script-interpreter2:amd64.
2026-10-10T17:48:19.9632549Z Preparing to unpack .../055-libcairo-script-interpreter2_1.18.0-3build1_amd64.deb ...
2026-10-10T17:48:19.9640505Z Unpacking libcairo-script-interpreter2:amd64 (1.18.0-3build1) ...
2026-10-10T17:48:19.9836842Z Selecting previously unselected package libpng-dev:amd64.
2026-10-10T17:48:19.9963893Z Preparing to unpack .../056-libpng-dev_1.6.43-5ubuntu0.7_amd64.deb ...
2026-10-10T17:48:19.9971034Z Unpacking libpng-dev:amd64 (1.6.43-5ubuntu0.7) ...
2026-10-10T17:48:20.0217285Z Selecting previously unselected package libfreetype-dev:amd64.
2026-10-10T17:48:20.0344912Z Preparing to unpack .../057-libfreetype-dev_2.13.2+dfsg-1ubuntu0.2_amd64.deb ...
2026-10-10T17:48:20.0352194Z Unpacking libfreetype-dev:amd64 (2.13.2+dfsg-1ubuntu0.2) ...
2026-10-10T17:48:20.0672718Z Selecting previously unselected package libfontconfig-dev:amd64.
2026-10-10T17:48:20.0799843Z Preparing to unpack .../058-libfontconfig-dev_2.15.0-1.1ubuntu2_amd64.deb ...
2026-10-10T17:48:20.0806716Z Unpacking libfontconfig-dev:amd64 (2.15.0-1.1ubuntu2) ...
2026-10-10T17:48:20.1025461Z Selecting previously unselected package libpixman-1-dev:amd64.
2026-10-10T17:48:20.1152455Z Preparing to unpack .../059-libpixman-1-dev_0.42.2-1build1_amd64.deb ...
2026-10-10T17:48:20.1158780Z Unpacking libpixman-1-dev:amd64 (0.42.2-1build1) ...
2026-10-10T17:48:20.1400219Z Selecting previously unselected package libice-dev:amd64.
2026-10-10T17:48:20.1529461Z Preparing to unpack .../060-libice-dev_2%3a1.0.10-1build3_amd64.deb ...
2026-10-10T17:48:20.1536309Z Unpacking libice-dev:amd64 (2:1.0.10-1build3) ...
2026-10-10T17:48:20.1742712Z Selecting previously unselected package libsm-dev:amd64.
2026-10-10T17:48:20.1873321Z Preparing to unpack .../061-libsm-dev_2%3a1.2.3-1build3_amd64.deb ...
2026-10-10T17:48:20.1880023Z Unpacking libsm-dev:amd64 (2:1.2.3-1build3) ...
2026-10-10T17:48:20.2077171Z Selecting previously unselected package libxcb-render0-dev:amd64.
2026-10-10T17:48:20.2206920Z Preparing to unpack .../062-libxcb-render0-dev_1.15-1ubuntu2_amd64.deb ...
2026-10-10T17:48:20.2214467Z Unpacking libxcb-render0-dev:amd64 (1.15-1ubuntu2) ...
2026-10-10T17:48:20.2412738Z Selecting previously unselected package libxcb-shm0-dev:amd64.
2026-10-10T17:48:20.2543205Z Preparing to unpack .../063-libxcb-shm0-dev_1.15-1ubuntu2_amd64.deb ...
2026-10-10T17:48:20.2550974Z Unpacking libxcb-shm0-dev:amd64 (1.15-1ubuntu2) ...
2026-10-10T17:48:20.2745098Z Selecting previously unselected package libxrender-dev:amd64.
2026-10-10T17:48:20.2872973Z Preparing to unpack .../064-libxrender-dev_1%3a0.9.10-1.1build1_amd64.deb ...
2026-10-10T17:48:20.2879249Z Unpacking libxrender-dev:amd64 (1:0.9.10-1.1build1) ...
2026-10-10T17:48:20.3078697Z Selecting previously unselected package libcairo2-dev:amd64.
2026-10-10T17:48:20.3207312Z Preparing to unpack .../065-libcairo2-dev_1.18.0-3build1_amd64.deb ...
2026-10-10T17:48:20.3214800Z Unpacking libcairo2-dev:amd64 (1.18.0-3build1) ...
2026-10-10T17:48:20.3454576Z Selecting previously unselected package libdatrie-dev:amd64.
2026-10-10T17:48:20.3581736Z Preparing to unpack .../066-libdatrie-dev_0.2.13-3build1_amd64.deb ...
2026-10-10T17:48:20.3605755Z Unpacking libdatrie-dev:amd64 (0.2.13-3build1) ...
2026-10-10T17:48:20.3805113Z Selecting previously unselected package libdeflate-dev:amd64.
2026-10-10T17:48:20.3933869Z Preparing to unpack .../067-libdeflate-dev_1.19-1build1.1_amd64.deb ...
2026-10-10T17:48:20.3941141Z Unpacking libdeflate-dev:amd64 (1.19-1build1.1) ...
2026-10-10T17:48:20.4155711Z Selecting previously unselected package libegl-mesa0:amd64.
2026-10-10T17:48:20.4284865Z Preparing to unpack .../068-libegl-mesa0_25.2.8-0ubuntu0.24.04.4_amd64.deb ...
2026-10-10T17:48:20.4291746Z Unpacking libegl-mesa0:amd64 (25.2.8-0ubuntu0.24.04.4) ...
2026-10-10T17:48:20.4507048Z Selecting previously unselected package libegl1:amd64.
2026-10-10T17:48:20.4636198Z Preparing to unpack .../069-libegl1_1.7.0-1build1_amd64.deb ...
2026-10-10T17:48:20.4675403Z Unpacking libegl1:amd64 (1.7.0-1build1) ...
2026-10-10T17:48:20.4877165Z Selecting previously unselected package libglx-dev:amd64.
2026-10-10T17:48:20.5006100Z Preparing to unpack .../070-libglx-dev_1.7.0-1build1_amd64.deb ...
2026-10-10T17:48:20.5013186Z Unpacking libglx-dev:amd64 (1.7.0-1build1) ...
2026-10-10T17:48:20.5208947Z Selecting previously unselected package libgl-dev:amd64.
2026-10-10T17:48:20.5337519Z Preparing to unpack .../071-libgl-dev_1.7.0-1build1_amd64.deb ...
2026-10-10T17:48:20.5346321Z Unpacking libgl-dev:amd64 (1.7.0-1build1) ...
2026-10-10T17:48:20.5576225Z Selecting previously unselected package libegl-dev:amd64.
2026-10-10T17:48:20.5702653Z Preparing to unpack .../072-libegl-dev_1.7.0-1build1_amd64.deb ...
2026-10-10T17:48:20.5708506Z Unpacking libegl-dev:amd64 (1.7.0-1build1) ...
2026-10-10T17:48:20.5918529Z Selecting previously unselected package libglvnd-core-dev:amd64.
2026-10-10T17:48:20.6045526Z Preparing to unpack .../073-libglvnd-core-dev_1.7.0-1build1_amd64.deb ...
2026-10-10T17:48:20.6052208Z Unpacking libglvnd-core-dev:amd64 (1.7.0-1build1) ...
2026-10-10T17:48:20.6247208Z Selecting previously unselected package libgles1:amd64.
2026-10-10T17:48:20.6378383Z Preparing to unpack .../074-libgles1_1.7.0-1build1_amd64.deb ...
2026-10-10T17:48:20.6385159Z Unpacking libgles1:amd64 (1.7.0-1build1) ...
2026-10-10T17:48:20.6584640Z Selecting previously unselected package libgles2:amd64.
2026-10-10T17:48:20.6713231Z Preparing to unpack .../075-libgles2_1.7.0-1build1_amd64.deb ...
2026-10-10T17:48:20.6719766Z Unpacking libgles2:amd64 (1.7.0-1build1) ...
2026-10-10T17:48:20.6912631Z Selecting previously unselected package libgles-dev:amd64.
2026-10-10T17:48:20.7039253Z Preparing to unpack .../076-libgles-dev_1.7.0-1build1_amd64.deb ...
2026-10-10T17:48:20.7046574Z Unpacking libgles-dev:amd64 (1.7.0-1build1) ...
2026-10-10T17:48:20.7284351Z Selecting previously unselected package libopengl0:amd64.
2026-10-10T17:48:20.7414179Z Preparing to unpack .../077-libopengl0_1.7.0-1build1_amd64.deb ...
2026-10-10T17:48:20.7421794Z Unpacking libopengl0:amd64 (1.7.0-1build1) ...
2026-10-10T17:48:20.7846754Z Selecting previously unselected package libopengl-dev:amd64.
2026-10-10T17:48:20.7973041Z Preparing to unpack .../078-libopengl-dev_1.7.0-1build1_amd64.deb ...
2026-10-10T17:48:20.7979607Z Unpacking libopengl-dev:amd64 (1.7.0-1build1) ...
2026-10-10T17:48:20.8224419Z Selecting previously unselected package libglvnd-dev:amd64.
2026-10-10T17:48:20.8353970Z Preparing to unpack .../079-libglvnd-dev_1.7.0-1build1_amd64.deb ...
2026-10-10T17:48:20.8361264Z Unpacking libglvnd-dev:amd64 (1.7.0-1build1) ...
2026-10-10T17:48:20.8554840Z Selecting previously unselected package libegl1-mesa-dev:amd64.
2026-10-10T17:48:20.8683825Z Preparing to unpack .../080-libegl1-mesa-dev_25.2.8-0ubuntu0.24.04.4_amd64.deb ...
2026-10-10T17:48:20.8691042Z Unpacking libegl1-mesa-dev:amd64 (25.2.8-0ubuntu0.24.04.4) ...
2026-10-10T17:48:20.8894308Z Selecting previously unselected package libepoxy-dev:amd64.
2026-10-10T17:48:20.9023287Z Preparing to unpack .../081-libepoxy-dev_1.5.10-1build1_amd64.deb ...
2026-10-10T17:48:20.9030875Z Unpacking libepoxy-dev:amd64 (1.5.10-1build1) ...
2026-10-10T17:48:20.9294566Z Selecting previously unselected package libfribidi-dev:amd64.
2026-10-10T17:48:20.9424814Z Preparing to unpack .../082-libfribidi-dev_1.0.13-3build1_amd64.deb ...
2026-10-10T17:48:20.9431342Z Unpacking libfribidi-dev:amd64 (1.0.13-3build1) ...
2026-10-10T17:48:20.9709179Z Selecting previously unselected package libgdk-pixbuf2.0-bin.
2026-10-10T17:48:20.9838602Z Preparing to unpack .../083-libgdk-pixbuf2.0-bin_2.42.10+dfsg-3ubuntu3.3_amd64.deb ...
2026-10-10T17:48:20.9845171Z Unpacking libgdk-pixbuf2.0-bin (2.42.10+dfsg-3ubuntu3.3) ...
2026-10-10T17:48:21.0044709Z Selecting previously unselected package libjpeg-turbo8-dev:amd64.
2026-10-10T17:48:21.0176797Z Preparing to unpack .../084-libjpeg-turbo8-dev_2.1.5-2ubuntu2_amd64.deb ...
2026-10-10T17:48:21.0186942Z Unpacking libjpeg-turbo8-dev:amd64 (2.1.5-2ubuntu2) ...
2026-10-10T17:48:21.0436888Z Selecting previously unselected package libjpeg8-dev:amd64.
2026-10-10T17:48:21.0571364Z Preparing to unpack .../085-libjpeg8-dev_8c-2ubuntu11_amd64.deb ...
2026-10-10T17:48:21.0584491Z Unpacking libjpeg8-dev:amd64 (8c-2ubuntu11) ...
2026-10-10T17:48:21.0788733Z Selecting previously unselected package libjpeg-dev:amd64.
2026-10-10T17:48:21.0920116Z Preparing to unpack .../086-libjpeg-dev_8c-2ubuntu11_amd64.deb ...
2026-10-10T17:48:21.0926900Z Unpacking libjpeg-dev:amd64 (8c-2ubuntu11) ...
2026-10-10T17:48:21.1121313Z Selecting previously unselected package libjbig-dev:amd64.
2026-10-10T17:48:21.1250446Z Preparing to unpack .../087-libjbig-dev_2.1-6.1ubuntu2_amd64.deb ...
2026-10-10T17:48:21.1256680Z Unpacking libjbig-dev:amd64 (2.1-6.1ubuntu2) ...
2026-10-10T17:48:21.1478184Z Selecting previously unselected package liblzma-dev:amd64.
2026-10-10T17:48:21.1610888Z Preparing to unpack .../088-liblzma-dev_5.6.1+really5.4.5-1ubuntu0.3_amd64.deb ...
2026-10-10T17:48:21.1616697Z Unpacking liblzma-dev:amd64 (5.6.1+really5.4.5-1ubuntu0.3) ...
2026-10-10T17:48:21.1881610Z Selecting previously unselected package libwebpdecoder3:amd64.
2026-10-10T17:48:21.2012906Z Preparing to unpack .../089-libwebpdecoder3_1.3.2-0.4build3_amd64.deb ...
2026-10-10T17:48:21.2024149Z Unpacking libwebpdecoder3:amd64 (1.3.2-0.4build3) ...
2026-10-10T17:48:21.2228273Z Selecting previously unselected package libsharpyuv-dev:amd64.
2026-10-10T17:48:21.2359622Z Preparing to unpack .../090-libsharpyuv-dev_1.3.2-0.4build3_amd64.deb ...
2026-10-10T17:48:21.2367565Z Unpacking libsharpyuv-dev:amd64 (1.3.2-0.4build3) ...
2026-10-10T17:48:21.2576723Z Selecting previously unselected package libwebp-dev:amd64.
2026-10-10T17:48:21.2704132Z Preparing to unpack .../091-libwebp-dev_1.3.2-0.4build3_amd64.deb ...
2026-10-10T17:48:21.2745831Z Unpacking libwebp-dev:amd64 (1.3.2-0.4build3) ...
2026-10-10T17:48:21.3047587Z Selecting previously unselected package libtiffxx6:amd64.
2026-10-10T17:48:21.3181375Z Preparing to unpack .../092-libtiffxx6_4.5.1+git230720-4ubuntu2.5_amd64.deb ...
2026-10-10T17:48:21.3188024Z Unpacking libtiffxx6:amd64 (4.5.1+git230720-4ubuntu2.5) ...
2026-10-10T17:48:21.3384698Z Selecting previously unselected package liblerc-dev:amd64.
2026-10-10T17:48:21.3514396Z Preparing to unpack .../093-liblerc-dev_4.0.0+ds-4ubuntu2_amd64.deb ...
2026-10-10T17:48:21.3521076Z Unpacking liblerc-dev:amd64 (4.0.0+ds-4ubuntu2) ...
2026-10-10T17:48:21.3754144Z Selecting previously unselected package libtiff-dev:amd64.
2026-10-10T17:48:21.3884761Z Preparing to unpack .../094-libtiff-dev_4.5.1+git230720-4ubuntu2.5_amd64.deb ...
2026-10-10T17:48:21.3890996Z Unpacking libtiff-dev:amd64 (4.5.1+git230720-4ubuntu2.5) ...
2026-10-10T17:48:21.4226224Z Selecting previously unselected package libgdk-pixbuf-2.0-dev:amd64.
2026-10-10T17:48:21.4354938Z Preparing to unpack .../095-libgdk-pixbuf-2.0-dev_2.42.10+dfsg-3ubuntu3.3_amd64.deb ...
2026-10-10T17:48:21.4361420Z Unpacking libgdk-pixbuf-2.0-dev:amd64 (2.42.10+dfsg-3ubuntu3.3) ...
2026-10-10T17:48:21.4584511Z Selecting previously unselected package libgraphite2-dev:amd64.
2026-10-10T17:48:21.4714227Z Preparing to unpack .../096-libgraphite2-dev_1.3.14-2ubuntu0.24.04.1_amd64.deb ...
2026-10-10T17:48:21.4721346Z Unpacking libgraphite2-dev:amd64 (1.3.14-2ubuntu0.24.04.1) ...
2026-10-10T17:48:21.4931761Z Selecting previously unselected package libharfbuzz-icu0:amd64.
2026-10-10T17:48:21.5060446Z Preparing to unpack .../097-libharfbuzz-icu0_8.3.0-2build2_amd64.deb ...
2026-10-10T17:48:21.5070668Z Unpacking libharfbuzz-icu0:amd64 (8.3.0-2build2) ...
2026-10-10T17:48:21.5269053Z Selecting previously unselected package libharfbuzz-subset0:amd64.
2026-10-10T17:48:21.5395975Z Preparing to unpack .../098-libharfbuzz-subset0_8.3.0-2build2_amd64.deb ...
2026-10-10T17:48:21.5402149Z Unpacking libharfbuzz-subset0:amd64 (8.3.0-2build2) ...
2026-10-10T17:48:21.5638730Z Selecting previously unselected package libharfbuzz-cairo0:amd64.
2026-10-10T17:48:21.5766846Z Preparing to unpack .../099-libharfbuzz-cairo0_8.3.0-2build2_amd64.deb ...
2026-10-10T17:48:21.5779418Z Unpacking libharfbuzz-cairo0:amd64 (8.3.0-2build2) ...
2026-10-10T17:48:21.5976206Z Selecting previously unselected package libharfbuzz-dev:amd64.
2026-10-10T17:48:21.6105946Z Preparing to unpack .../100-libharfbuzz-dev_8.3.0-2build2_amd64.deb ...
2026-10-10T17:48:21.6112758Z Unpacking libharfbuzz-dev:amd64 (8.3.0-2build2) ...
2026-10-10T17:48:21.6419267Z Selecting previously unselected package libthai-dev:amd64.
2026-10-10T17:48:21.6546858Z Preparing to unpack .../101-libthai-dev_0.1.29-2build1_amd64.deb ...
2026-10-10T17:48:21.6557988Z Unpacking libthai-dev:amd64 (0.1.29-2build1) ...
2026-10-10T17:48:21.6767992Z Selecting previously unselected package libxft-dev:amd64.
2026-10-10T17:48:21.6914967Z Preparing to unpack .../102-libxft-dev_2.3.6-1build1_amd64.deb ...
2026-10-10T17:48:21.6915663Z Unpacking libxft-dev:amd64 (2.3.6-1build1) ...
2026-10-10T17:48:21.7199825Z Selecting previously unselected package pango1.0-tools.
2026-10-10T17:48:21.7327407Z Preparing to unpack .../103-pango1.0-tools_1.52.1+ds-1build1_amd64.deb ...
2026-10-10T17:48:21.7334755Z Unpacking pango1.0-tools (1.52.1+ds-1build1) ...
2026-10-10T17:48:21.7532485Z Selecting previously unselected package libpango1.0-dev:amd64.
2026-10-10T17:48:21.7660329Z Preparing to unpack .../104-libpango1.0-dev_1.52.1+ds-1build1_amd64.deb ...
2026-10-10T17:48:21.7667282Z Unpacking libpango1.0-dev:amd64 (1.52.1+ds-1build1) ...
2026-10-10T17:48:21.7967923Z Selecting previously unselected package libwayland-server0:amd64.
2026-10-10T17:48:21.8095547Z Preparing to unpack .../105-libwayland-server0_1.22.0-2.1build1_amd64.deb ...
2026-10-10T17:48:21.8102862Z Unpacking libwayland-server0:amd64 (1.22.0-2.1build1) ...
2026-10-10T17:48:21.8296762Z Selecting previously unselected package libwayland-bin.
2026-10-10T17:48:21.8424343Z Preparing to unpack .../106-libwayland-bin_1.22.0-2.1build1_amd64.deb ...
2026-10-10T17:48:21.8430380Z Unpacking libwayland-bin (1.22.0-2.1build1) ...
2026-10-10T17:48:21.8621238Z Selecting previously unselected package libwayland-dev:amd64.
2026-10-10T17:48:21.8747719Z Preparing to unpack .../107-libwayland-dev_1.22.0-2.1build1_amd64.deb ...
2026-10-10T17:48:21.8754446Z Unpacking libwayland-dev:amd64 (1.22.0-2.1build1) ...
2026-10-10T17:48:21.8990918Z Selecting previously unselected package libxcomposite-dev:amd64.
2026-10-10T17:48:21.9121062Z Preparing to unpack .../108-libxcomposite-dev_1%3a0.4.5-1build3_amd64.deb ...
2026-10-10T17:48:21.9128291Z Unpacking libxcomposite-dev:amd64 (1:0.4.5-1build3) ...
2026-10-10T17:48:21.9332101Z Selecting previously unselected package libxcursor-dev:amd64.
2026-10-10T17:48:21.9458277Z Preparing to unpack .../109-libxcursor-dev_1%3a1.2.1-1build1_amd64.deb ...
2026-10-10T17:48:21.9465100Z Unpacking libxcursor-dev:amd64 (1:1.2.1-1build1) ...
2026-10-10T17:48:21.9705489Z Selecting previously unselected package libxdamage-dev:amd64.
2026-10-10T17:48:21.9831705Z Preparing to unpack .../110-libxdamage-dev_1%3a1.1.6-1build1_amd64.deb ...
2026-10-10T17:48:21.9840159Z Unpacking libxdamage-dev:amd64 (1:1.1.6-1build1) ...
2026-10-10T17:48:22.0026598Z Selecting previously unselected package libxinerama-dev:amd64.
2026-10-10T17:48:22.0152284Z Preparing to unpack .../111-libxinerama-dev_2%3a1.1.4-3build1_amd64.deb ...
2026-10-10T17:48:22.0159366Z Unpacking libxinerama-dev:amd64 (2:1.1.4-3build1) ...
2026-10-10T17:48:22.0368007Z Selecting previously unselected package libxkbcommon-dev:amd64.
2026-10-10T17:48:22.0494295Z Preparing to unpack .../112-libxkbcommon-dev_1.6.0-1build1_amd64.deb ...
2026-10-10T17:48:22.0501128Z Unpacking libxkbcommon-dev:amd64 (1.6.0-1build1) ...
2026-10-10T17:48:22.0708154Z Selecting previously unselected package libxrandr-dev:amd64.
2026-10-10T17:48:22.0835864Z Preparing to unpack .../113-libxrandr-dev_2%3a1.5.2-2build1_amd64.deb ...
2026-10-10T17:48:22.0844171Z Unpacking libxrandr-dev:amd64 (2:1.5.2-2build1) ...
2026-10-10T17:48:22.1054325Z Selecting previously unselected package wayland-protocols.
2026-10-10T17:48:22.1181429Z Preparing to unpack .../114-wayland-protocols_1.45-1~ubuntu0.24.04.2_all.deb ...
2026-10-10T17:48:22.1188537Z Unpacking wayland-protocols (1.45-1~ubuntu0.24.04.2) ...
2026-10-10T17:48:22.1543618Z Selecting previously unselected package libgtk-3-dev:amd64.
2026-10-10T17:48:22.1670896Z Preparing to unpack .../115-libgtk-3-dev_3.24.41-4ubuntu1.3_amd64.deb ...
2026-10-10T17:48:22.1676847Z Unpacking libgtk-3-dev:amd64 (3.24.41-4ubuntu1.3) ...
2026-10-10T17:48:22.2874413Z Selecting previously unselected package libwebrtc-audio-processing1:amd64.
2026-10-10T17:48:22.3003271Z Preparing to unpack .../116-libwebrtc-audio-processing1_0.3.1-0ubuntu6_amd64.deb ...
2026-10-10T17:48:22.3009730Z Unpacking libwebrtc-audio-processing1:amd64 (0.3.1-0ubuntu6) ...
2026-10-10T17:48:22.3229479Z Selecting previously unselected package libspa-0.2-modules:amd64.
2026-10-10T17:48:22.3358147Z Preparing to unpack .../117-libspa-0.2-modules_1.0.5-1ubuntu3.3_amd64.deb ...
2026-10-10T17:48:22.3366630Z Unpacking libspa-0.2-modules:amd64 (1.0.5-1ubuntu3.3) ...
2026-10-10T17:48:22.3672616Z Selecting previously unselected package libpipewire-0.3-0t64:amd64.
2026-10-10T17:48:22.3799857Z Preparing to unpack .../118-libpipewire-0.3-0t64_1.0.5-1ubuntu3.3_amd64.deb ...
2026-10-10T17:48:22.3809297Z Unpacking libpipewire-0.3-0t64:amd64 (1.0.5-1ubuntu3.3) ...
2026-10-10T17:48:22.4032916Z Selecting previously unselected package libpipewire-0.3-common.
2026-10-10T17:48:22.4161779Z Preparing to unpack .../119-libpipewire-0.3-common_1.0.5-1ubuntu3.3_all.deb ...
2026-10-10T17:48:22.4169212Z Unpacking libpipewire-0.3-common (1.0.5-1ubuntu3.3) ...
2026-10-10T17:48:22.4357403Z Selecting previously unselected package libpng-tools.
2026-10-10T17:48:22.4486692Z Preparing to unpack .../120-libpng-tools_1.6.43-5ubuntu0.7_amd64.deb ...
2026-10-10T17:48:22.4492962Z Unpacking libpng-tools (1.6.43-5ubuntu0.7) ...
2026-10-10T17:48:22.4694711Z Selecting previously unselected package librsvg2-2:amd64.
2026-10-10T17:48:22.4822332Z Preparing to unpack .../121-librsvg2-2_2.58.0+dfsg-1ubuntu0.1_amd64.deb ...
2026-10-10T17:48:22.4830881Z Unpacking librsvg2-2:amd64 (2.58.0+dfsg-1ubuntu0.1) ...
2026-10-10T17:48:22.5271565Z Selecting previously unselected package librsvg2-common:amd64.
2026-10-10T17:48:22.5402020Z Preparing to unpack .../122-librsvg2-common_2.58.0+dfsg-1ubuntu0.1_amd64.deb ...
2026-10-10T17:48:22.5408189Z Unpacking librsvg2-common:amd64 (2.58.0+dfsg-1ubuntu0.1) ...
2026-10-10T17:48:22.5614357Z Selecting previously unselected package ninja-build.
2026-10-10T17:48:22.5742472Z Preparing to unpack .../123-ninja-build_1.11.1-2_amd64.deb ...
2026-10-10T17:48:22.5750199Z Unpacking ninja-build (1.11.1-2) ...
2026-10-10T17:48:22.5975003Z Selecting previously unselected package xdg-desktop-portal.
2026-10-10T17:48:22.6102810Z Preparing to unpack .../124-xdg-desktop-portal_1.18.4-1ubuntu2.24.04.3_amd64.deb ...
2026-10-10T17:48:22.6108619Z Unpacking xdg-desktop-portal (1.18.4-1ubuntu2.24.04.3) ...
2026-10-10T17:48:22.6376514Z Selecting previously unselected package xdg-desktop-portal-gtk.
2026-10-10T17:48:22.6503545Z Preparing to unpack .../125-xdg-desktop-portal-gtk_1.15.1-1build2_amd64.deb ...
2026-10-10T17:48:22.6510241Z Unpacking xdg-desktop-portal-gtk (1.15.1-1build2) ...
2026-10-10T17:48:22.7026888Z Setting up libpipewire-0.3-common (1.0.5-1ubuntu3.3) ...
2026-10-10T17:48:22.7048158Z Setting up bubblewrap (0.9.0-1ubuntu0.3) ...
2026-10-10T17:48:22.7094051Z Setting up libglib2.0-dev-bin (2.80.0-6ubuntu3.9) ...
2026-10-10T17:48:22.8520063Z Setting up bzip2-doc (1.0.8-5.1ubuntu0.1) ...
2026-10-10T17:48:22.8540334Z Setting up libwayland-server0:amd64 (1.22.0-2.1build1) ...
2026-10-10T17:48:22.8560165Z Setting up session-migration (0.3.9build1) ...
2026-10-10T17:48:22.9676045Z Created symlink /etc/systemd/user/graphical-session-pre.target.wants/session-migration.service → /usr/lib/systemd/user/session-migration.service.
2026-10-10T17:48:22.9676718Z 
2026-10-10T17:48:22.9709324Z Setting up libjpeg-turbo8-dev:amd64 (2.1.5-2ubuntu2) ...
2026-10-10T17:48:22.9725909Z Setting up gir1.2-freedesktop:amd64 (1.80.1-1) ...
2026-10-10T17:48:22.9742059Z Setting up libharfbuzz-icu0:amd64 (8.3.0-2build2) ...
2026-10-10T17:48:22.9760180Z Setting up libpixman-1-dev:amd64 (0.42.2-1build1) ...
2026-10-10T17:48:22.9779598Z Setting up desktop-file-utils (0.27-2build1) ...
2026-10-10T17:48:23.0018211Z Setting up libpangoxft-1.0-0:amd64 (1.52.1+ds-1build1) ...
2026-10-10T17:48:23.0038006Z Setting up libglvnd-core-dev:amd64 (1.7.0-1build1) ...
2026-10-10T17:48:23.0057574Z Setting up gir1.2-gdkpixbuf-2.0:amd64 (2.42.10+dfsg-3ubuntu3.3) ...
2026-10-10T17:48:23.0077430Z Setting up libgirepository-2.0-0:amd64 (2.80.0-6ubuntu3.9) ...
2026-10-10T17:48:23.0094714Z Setting up gir1.2-atk-1.0:amd64 (2.52.0-1build1) ...
2026-10-10T17:48:23.0111382Z Setting up libfribidi-dev:amd64 (1.0.13-3build1) ...
2026-10-10T17:48:23.0130899Z Setting up libxkbcommon-dev:amd64 (1.6.0-1build1) ...
2026-10-10T17:48:23.0159373Z Setting up pango1.0-tools (1.52.1+ds-1build1) ...
2026-10-10T17:48:23.0177233Z Setting up libjbig-dev:amd64 (2.1-6.1ubuntu2) ...
2026-10-10T17:48:23.0197306Z Setting up libwebrtc-audio-processing1:amd64 (0.3.1-0ubuntu6) ...
2026-10-10T17:48:23.0214280Z Setting up libwebpdecoder3:amd64 (1.3.2-0.4build3) ...
2026-10-10T17:48:23.0233870Z Setting up libharfbuzz-gobject0:amd64 (8.3.0-2build2) ...
2026-10-10T17:48:23.0253050Z Setting up gir1.2-atspi-2.0:amd64 (2.52.0-1build1) ...
2026-10-10T17:48:23.0269960Z Setting up gir1.2-harfbuzz-0.0:amd64 (8.3.0-2build2) ...
2026-10-10T17:48:23.0289859Z Setting up libpthread-stubs0-dev:amd64 (0.4-1build3) ...
2026-10-10T17:48:23.0309486Z Setting up libopengl0:amd64 (1.7.0-1build1) ...
2026-10-10T17:48:23.0328884Z Setting up ninja-build (1.11.1-2) ...
2026-10-10T17:48:23.0348421Z Setting up librsvg2-2:amd64 (2.58.0+dfsg-1ubuntu0.1) ...
2026-10-10T17:48:23.0366031Z Setting up xtrans-dev (1.4.0-1) ...
2026-10-10T17:48:23.0385592Z Setting up libwayland-bin (1.22.0-2.1build1) ...
2026-10-10T17:48:23.0404641Z Setting up libgraphite2-dev:amd64 (1.3.14-2ubuntu0.24.04.1) ...
2026-10-10T17:48:23.0424735Z Setting up gir1.2-pango-1.0:amd64 (1.52.1+ds-1build1) ...
2026-10-10T17:48:23.0443689Z Setting up libegl-mesa0:amd64 (25.2.8-0ubuntu0.24.04.4) ...
2026-10-10T17:48:23.0464949Z Setting up libgles2:amd64 (1.7.0-1build1) ...
2026-10-10T17:48:23.0482473Z Setting up libharfbuzz-cairo0:amd64 (8.3.0-2build2) ...
2026-10-10T17:48:23.0499606Z Setting up libdbus-1-dev:amd64 (1.14.10-4ubuntu4.1) ...
2026-10-10T17:48:23.2179153Z Setting up libspa-0.2-modules:amd64 (1.0.5-1ubuntu3.3) ...
2026-10-10T17:48:23.2195241Z Setting up uuid-dev:amd64 (2.39.3-9ubuntu6.6) ...
2026-10-10T17:48:23.2213929Z Setting up clang (1:18.0-59~exp2) ...
2026-10-10T17:48:23.2422790Z Setting up libgles1:amd64 (1.7.0-1build1) ...
2026-10-10T17:48:23.2441380Z Setting up libpng16-16t64:amd64 (1.6.43-5ubuntu0.7) ...
2026-10-10T17:48:23.2464929Z Setting up libjsoncpp25:amd64 (1.9.5-6build1) ...
2026-10-10T17:48:23.2482703Z Setting up libsepol-dev:amd64 (3.5-2build1) ...
2026-10-10T17:48:23.2503976Z Setting up liblerc-dev:amd64 (4.0.0+ds-4ubuntu2) ...
2026-10-10T17:48:23.2522408Z Setting up librsvg2-common:amd64 (2.58.0+dfsg-1ubuntu0.1) ...
2026-10-10T17:48:23.2616544Z Setting up liblzma-dev:amd64 (5.6.1+really5.4.5-1ubuntu0.3) ...
2026-10-10T17:48:23.2635987Z Setting up xdg-dbus-proxy (0.1.5-1ubuntu0.2) ...
2026-10-10T17:48:23.2656091Z Setting up wayland-protocols (1.45-1~ubuntu0.24.04.2) ...
2026-10-10T17:48:23.2676903Z Setting up libdatrie-dev:amd64 (0.2.13-3build1) ...
2026-10-10T17:48:23.2694382Z Setting up gir1.2-glib-2.0-dev:amd64 (2.80.0-6ubuntu3.9) ...
2026-10-10T17:48:23.2714189Z Setting up libgdk-pixbuf2.0-bin (2.42.10+dfsg-3ubuntu3.3) ...
2026-10-10T17:48:23.2736172Z Setting up dbus-x11 (1.14.10-4ubuntu4.1) ...
2026-10-10T17:48:23.2768237Z Setting up librhash0:amd64 (1.4.3-3build1) ...
2026-10-10T17:48:23.2786766Z Setting up libegl1:amd64 (1.7.0-1build1) ...
2026-10-10T17:48:23.2808950Z Setting up libharfbuzz-subset0:amd64 (8.3.0-2build2) ...
2026-10-10T17:48:23.2826790Z Setting up xorg-sgml-doctools (1:1.11-1.1) ...
2026-10-10T17:48:23.2847999Z Setting up libavahi-glib1:amd64 (0.8-13ubuntu6.2) ...
2026-10-10T17:48:23.2868105Z Setting up cmake-data (3.28.3-1build7) ...
2026-10-10T17:48:23.2930206Z Setting up libopengl-dev:amd64 (1.7.0-1build1) ...
2026-10-10T17:48:23.2949088Z Setting up libjpeg8-dev:amd64 (8c-2ubuntu11) ...
2026-10-10T17:48:23.2968698Z Setting up libsharpyuv-dev:amd64 (1.3.2-0.4build3) ...
2026-10-10T17:48:23.2984766Z Setting up libtiffxx6:amd64 (4.5.1+git230720-4ubuntu2.5) ...
2026-10-10T17:48:23.3005975Z Setting up libdeflate-dev:amd64 (1.19-1build1.1) ...
2026-10-10T17:48:23.3026494Z Setting up libpipewire-0.3-0t64:amd64 (1.0.5-1ubuntu3.3) ...
2026-10-10T17:48:23.3044657Z Setting up libbrotli-dev:amd64 (1.1.0-2build2) ...
2026-10-10T17:48:23.3068221Z Setting up libmalcontent-0-0:amd64 (0.11.1-1ubuntu1.3) ...
2026-10-10T17:48:23.3086344Z Setting up libbz2-dev:amd64 (1.0.8-5.1ubuntu0.1) ...
2026-10-10T17:48:23.3106359Z Setting up gsettings-desktop-schemas (46.1-0ubuntu1) ...
2026-10-10T17:48:23.3124068Z Setting up libblkid-dev:amd64 (2.39.3-9ubuntu6.6) ...
2026-10-10T17:48:23.3143607Z Setting up xdg-desktop-portal (1.18.4-1ubuntu2.24.04.3) ...
2026-10-10T17:48:23.4218747Z Created symlink /etc/systemd/user/graphical-session-pre.target.wants/xdg-desktop-portal-rewrite-launchers.service → /usr/lib/systemd/user/xdg-desktop-portal-rewrite-launchers.service.
2026-10-10T17:48:23.4219985Z 
2026-10-10T17:48:23.4244797Z Setting up libpng-tools (1.6.43-5ubuntu0.7) ...
2026-10-10T17:48:23.4264367Z Setting up libselinux1-dev:amd64 (3.5-2ubuntu2.1) ...
2026-10-10T17:48:23.4285014Z Setting up libpng-dev:amd64 (1.6.43-5ubuntu0.7) ...
2026-10-10T17:48:23.4303080Z Setting up libostree-1-1:amd64 (2024.5-1build2) ...
2026-10-10T17:48:23.4324921Z Setting up gir1.2-gtk-3.0:amd64 (3.24.41-4ubuntu1.3) ...
2026-10-10T17:48:23.4344316Z Setting up libjpeg-dev:amd64 (8c-2ubuntu11) ...
2026-10-10T17:48:23.4362027Z Setting up libwayland-dev:amd64 (1.22.0-2.1build1) ...
2026-10-10T17:48:23.4384403Z Setting up libwebp-dev:amd64 (1.3.2-0.4build3) ...
2026-10-10T17:48:23.4401851Z Setting up libfreetype6:amd64 (2.13.2+dfsg-1ubuntu0.2) ...
2026-10-10T17:48:23.4424326Z Setting up libtiff-dev:amd64 (4.5.1+git230720-4ubuntu2.5) ...
2026-10-10T17:48:23.4442157Z Setting up gir1.2-freedesktop-dev:amd64 (1.80.1-1) ...
2026-10-10T17:48:23.4462394Z Setting up flatpak (1.14.6-1ubuntu0.1) ...
2026-10-10T17:48:23.6070222Z Setting up libthai-dev:amd64 (0.1.29-2build1) ...
2026-10-10T17:48:23.6088241Z Setting up cmake (3.28.3-1build7) ...
2026-10-10T17:48:23.6106543Z Setting up libmount-dev:amd64 (2.39.3-9ubuntu6.6) ...
2026-10-10T17:48:23.6124487Z Setting up libcairo-script-interpreter2:amd64 (1.18.0-3build1) ...
2026-10-10T17:48:23.6143123Z Setting up libfreetype-dev:amd64 (2.13.2+dfsg-1ubuntu0.2) ...
2026-10-10T17:48:23.6165845Z Setting up libglib2.0-dev:amd64 (2.80.0-6ubuntu3.9) ...
2026-10-10T17:48:23.6186045Z Setting up libfontconfig-dev:amd64 (2.15.0-1.1ubuntu2) ...
2026-10-10T17:48:23.6614885Z Processing triggers for libc-bin (2.39-0ubuntu8.9) ...
2026-10-10T17:48:23.6971239Z Processing triggers for man-db (2.12.0-4build2) ...
2026-10-10T17:48:23.6992166Z Not building database; man-db/auto-update is not 'true'.
2026-10-10T17:48:23.7010464Z Processing triggers for libglib2.0-0t64:amd64 (2.80.0-6ubuntu3.9) ...
2026-10-10T17:48:23.7231378Z Processing triggers for dbus (1.14.10-4ubuntu4.1) ...
2026-10-10T17:48:23.7401525Z Processing triggers for libgdk-pixbuf-2.0-0:amd64 (2.42.10+dfsg-3ubuntu3.3) ...
2026-10-10T17:48:23.8099789Z Processing triggers for sgml-base (1.31) ...
2026-10-10T17:48:23.8297636Z Processing triggers for install-info (7.1-3build2) ...
2026-10-10T17:48:24.0215807Z Setting up libatk1.0-dev:amd64 (2.52.0-1build1) ...
2026-10-10T17:48:24.0244693Z Setting up x11proto-dev (2023.2-1) ...
2026-10-10T17:48:24.0268989Z Setting up libgdk-pixbuf-2.0-dev:amd64 (2.42.10+dfsg-3ubuntu3.3) ...
2026-10-10T17:48:24.0297146Z Setting up xdg-desktop-portal-gtk (1.15.1-1build2) ...
2026-10-10T17:48:24.0339343Z Setting up libharfbuzz-dev:amd64 (8.3.0-2build2) ...
2026-10-10T17:48:24.0359221Z Setting up libxau-dev:amd64 (1:1.0.9-1build6) ...
2026-10-10T17:48:24.0378595Z Setting up libice-dev:amd64 (2:1.0.10-1build3) ...
2026-10-10T17:48:24.0402924Z Setting up libsm-dev:amd64 (2:1.2.3-1build3) ...
2026-10-10T17:48:24.0446807Z Setting up libxdmcp-dev:amd64 (1:1.1.3-0ubuntu6) ...
2026-10-10T17:48:24.0531032Z Setting up libxcb1-dev:amd64 (1.15-1ubuntu2) ...
2026-10-10T17:48:24.0594447Z Setting up libx11-dev:amd64 (2:1.8.7-1build1) ...
2026-10-10T17:48:24.0640196Z Setting up libxfixes-dev:amd64 (1:6.0.0-2build1) ...
2026-10-10T17:48:24.0664191Z Setting up libxcb-shm0-dev:amd64 (1.15-1ubuntu2) ...
2026-10-10T17:48:24.0701363Z Setting up libxcb-render0-dev:amd64 (1.15-1ubuntu2) ...
2026-10-10T17:48:24.0725185Z Setting up libxext-dev:amd64 (2:1.3.4-1build2) ...
2026-10-10T17:48:24.0750312Z Setting up libglx-dev:amd64 (1.7.0-1build1) ...
2026-10-10T17:48:24.0783972Z Setting up libxi-dev:amd64 (2:1.8.1-1build1) ...
2026-10-10T17:48:24.0806027Z Setting up libxrender-dev:amd64 (1:0.9.10-1.1build1) ...
2026-10-10T17:48:24.0830065Z Setting up libgl-dev:amd64 (1.7.0-1build1) ...
2026-10-10T17:48:24.0850712Z Setting up libxft-dev:amd64 (2.3.6-1build1) ...
2026-10-10T17:48:24.0874368Z Setting up libxtst-dev:amd64 (2:1.2.3-1.1build1) ...
2026-10-10T17:48:24.0901265Z Setting up libxdamage-dev:amd64 (1:1.1.6-1build1) ...
2026-10-10T17:48:24.0924634Z Setting up libatspi2.0-dev:amd64 (2.52.0-1build1) ...
2026-10-10T17:48:24.0961894Z Setting up libegl-dev:amd64 (1.7.0-1build1) ...
2026-10-10T17:48:24.0981998Z Setting up libxcomposite-dev:amd64 (1:0.4.5-1build3) ...
2026-10-10T17:48:24.1006851Z Setting up libxcursor-dev:amd64 (1:1.2.1-1build1) ...
2026-10-10T17:48:24.1030158Z Setting up libepoxy-dev:amd64 (1.5.10-1build1) ...
2026-10-10T17:48:24.1057167Z Setting up libatk-bridge2.0-dev:amd64 (2.52.0-1build1) ...
2026-10-10T17:48:24.1078174Z Setting up libxrandr-dev:amd64 (2:1.5.2-2build1) ...
2026-10-10T17:48:24.1105582Z Setting up libxinerama-dev:amd64 (2:1.1.4-3build1) ...
2026-10-10T17:48:24.1129744Z Setting up libcairo2-dev:amd64 (1.18.0-3build1) ...
2026-10-10T17:48:24.1153090Z Setting up libgles-dev:amd64 (1.7.0-1build1) ...
2026-10-10T17:48:24.1206040Z Setting up libglvnd-dev:amd64 (1.7.0-1build1) ...
2026-10-10T17:48:24.1232713Z Setting up libpango1.0-dev:amd64 (1.52.1+ds-1build1) ...
2026-10-10T17:48:24.1254880Z Setting up libegl1-mesa-dev:amd64 (25.2.8-0ubuntu0.24.04.4) ...
2026-10-10T17:48:24.1287125Z Setting up libgtk-3-dev:amd64 (3.24.41-4ubuntu1.3) ...
2026-10-10T17:48:24.7577173Z 
2026-10-10T17:48:24.7577682Z Running kernel seems to be up-to-date.
2026-10-10T17:48:24.7578087Z 
2026-10-10T17:48:24.7578233Z Restarting services...
2026-10-10T17:48:24.7653051Z  systemctl restart php8.3-fpm.service
2026-10-10T17:48:24.8762206Z 
2026-10-10T17:48:24.8781527Z No containers need to be restarted.
2026-10-10T17:48:24.8781894Z 
2026-10-10T17:48:24.8782119Z No user sessions are running outdated binaries.
2026-10-10T17:48:24.8782487Z 
2026-10-10T17:48:24.8782816Z No VM guests are running outdated hypervisor (qemu) binaries on this host.
2026-10-10T17:48:25.8051367Z Prepare all required actions
2026-10-10T17:48:25.8089646Z ##[group]Run ./.github/actions/setup-flutter
2026-10-10T17:48:25.8089937Z ##[endgroup]
2026-10-10T17:48:25.8151751Z ##[start-action display=Run git clone --depth 1 --branch 3.47.5 https://github.com/flutter/flutter.git "$RUNNER_TEMP/flutter";id=__self.__run]
2026-10-10T17:48:25.8179049Z ##[group]Run git clone --depth 1 --branch 3.47.5 https://github.com/flutter/flutter.git "$RUNNER_TEMP/flutter"
2026-10-10T17:48:25.8179790Z [36;1mgit clone --depth 1 --branch 3.47.5 https://github.com/flutter/flutter.git "$RUNNER_TEMP/flutter"[0m
2026-10-10T17:48:25.8180461Z [36;1mtest "$(git -C "$RUNNER_TEMP/flutter" rev-parse HEAD)" = 6a19cca56475dbfba1478ee68d7bd0c2ef891da1[0m
2026-10-10T17:48:25.8181170Z [36;1mecho "$RUNNER_TEMP/flutter/bin" >> "$GITHUB_PATH"[0m
2026-10-10T17:48:25.8247049Z shell: /usr/bin/bash --noprofile --norc -e -o pipefail {0}
2026-10-10T17:48:25.8247391Z ##[endgroup]
2026-10-10T17:48:25.8340805Z Cloning into '/home/runner/work/_temp/flutter'...
2026-10-10T17:48:28.0034349Z Note: switching to '6a19cca56475dbfba1478ee68d7bd0c2ef891da1'.
2026-10-10T17:48:28.0034745Z 
2026-10-10T17:48:28.0034966Z You are in 'detached HEAD' state. You can look around, make experimental
2026-10-10T17:48:28.0035484Z changes and commit them, and you can discard any commits you make in this
2026-10-10T17:48:28.0035958Z state without impacting any branches by switching back to a branch.
2026-10-10T17:48:28.0036229Z 
2026-10-10T17:48:28.0036407Z If you want to create a new branch to retain commits you create, you may
2026-10-10T17:48:28.0036836Z do so (now or later) by using -c with the switch command. Example:
2026-10-10T17:48:28.0037092Z 
2026-10-10T17:48:28.0037189Z   git switch -c <new-branch-name>
2026-10-10T17:48:28.0037377Z 
2026-10-10T17:48:28.0037476Z Or undo this operation with:
2026-10-10T17:48:28.0037629Z 
2026-10-10T17:48:28.0037710Z   git switch -
2026-10-10T17:48:28.0037825Z 
2026-10-10T17:48:28.0038046Z Turn off this advice by setting config variable advice.detachedHead to false
2026-10-10T17:48:28.0038357Z 
2026-10-10T17:48:29.0248606Z Updating files:  92% (14884/16074)
2026-10-10T17:48:29.0336563Z Updating files:  93% (14949/16074)
2026-10-10T17:48:29.0427946Z Updating files:  94% (15110/16074)
2026-10-10T17:48:29.0559078Z Updating files:  95% (15271/16074)
2026-10-10T17:48:29.0700844Z Updating files:  96% (15432/16074)
2026-10-10T17:48:29.0832054Z Updating files:  97% (15592/16074)
2026-10-10T17:48:29.0928336Z Updating files:  98% (15753/16074)
2026-10-10T17:48:29.1018715Z Updating files:  99% (15914/16074)
2026-10-10T17:48:29.1019589Z Updating files: 100% (16074/16074)
2026-10-10T17:48:29.1020437Z Updating files: 100% (16074/16074), done.
2026-10-10T17:48:29.1262140Z ##[end-action id=__self.__run;outcome=success;conclusion=success;duration_ms=3310]
2026-10-10T17:48:29.1266005Z ##[start-action display=Run flutter config --no-analytics;id=__self.__run_2]
2026-10-10T17:48:29.1286435Z ##[group]Run flutter config --no-analytics
2026-10-10T17:48:29.1286838Z [36;1mflutter config --no-analytics[0m
2026-10-10T17:48:29.1287166Z [36;1mflutter --version[0m
2026-10-10T17:48:29.1351293Z shell: /usr/bin/bash --noprofile --norc -e -o pipefail {0}
2026-10-10T17:48:29.1351758Z ##[endgroup]
2026-10-10T17:48:29.1809596Z Downloading Linux x64 Dart SDK from Flutter engine af7e796e161ae0bb1ff0758c71a7105418bd9ded...
2026-10-10T17:48:29.1907865Z   % Total    % Received % Xferd  Average Speed   Time    Time     Time  Current
2026-10-10T17:48:29.1908948Z                                  Dload  Upload   Total   Spent    Left  Speed
2026-10-10T17:48:29.1909595Z 
2026-10-10T17:48:29.4179549Z   0     0    0     0    0     0      0      0 --:--:-- --:--:-- --:--:--     0
2026-10-10T17:48:30.4167573Z   4  227M    4 10.1M    0     0  44.4M      0  0:00:05 --:--:--  0:00:05 44.3M
2026-10-10T17:48:30.5562018Z  86  227M   86  197M    0     0   161M      0  0:00:01  0:00:01 --:--:--  161M
2026-10-10T17:48:30.5563330Z 100  227M  100  227M    0     0   166M      0  0:00:01  0:00:01 --:--:--  166M
2026-10-10T17:48:35.2588472Z Building flutter tool...
2026-10-10T17:48:35.2760954Z Resolving dependencies...
2026-10-10T17:48:35.8123937Z Downloading packages...
2026-10-10T17:48:38.8997354Z + _fe_analyzer_shared 95.0.0 (109.0.0 available)
2026-10-10T17:48:38.8998026Z + analyzer 10.1.0 (14.5.0 available)
2026-10-10T17:48:38.8998621Z + archive 3.6.1 (4.4.0 available)
2026-10-10T17:48:38.8999117Z + args 2.7.0
2026-10-10T17:48:38.8999500Z + async 2.13.1
2026-10-10T17:48:38.8999922Z + boolean_selector 2.1.2
2026-10-10T17:48:38.9000421Z + browser_launcher 1.1.3 (1.2.0 available)
2026-10-10T17:48:38.9001225Z + built_collection 5.1.1 (5.1.2 available)
2026-10-10T17:48:38.9001796Z + built_value 8.12.6 (8.13.0 available)
2026-10-10T17:48:38.9002327Z + checked_yaml 2.0.4
2026-10-10T17:48:38.9002754Z + cli_config 0.2.0
2026-10-10T17:48:38.9003176Z + clock 1.1.2 (1.1.3 available)
2026-10-10T17:48:38.9003605Z + code_assets 1.2.1 (2.1.0 available)
2026-10-10T17:48:38.9003987Z + code_builder 4.11.1 (4.12.0 available)
2026-10-10T17:48:38.9004331Z + collection 1.19.1
2026-10-10T17:48:38.9004605Z + completion 1.0.2
2026-10-10T17:48:38.9004879Z + convert 3.1.2
2026-10-10T17:48:38.9005149Z + coverage 1.15.1
2026-10-10T17:48:38.9005480Z + crypto 3.0.7
2026-10-10T17:48:38.9005867Z + csslib 1.0.2
2026-10-10T17:48:38.9006254Z + dap 1.4.0
2026-10-10T17:48:38.9006664Z + dart_service_protocol_shared 0.0.3
2026-10-10T17:48:38.9007153Z + dart_style 3.1.7 (3.1.13 available)
2026-10-10T17:48:38.9007670Z + data_assets 0.20.0
2026-10-10T17:48:38.9008081Z + dds 5.4.0
2026-10-10T17:48:38.9008427Z + dds_service_extensions 2.1.0
2026-10-10T17:48:38.9008809Z + devtools_shared 13.1.0 (14.0.0 available)
2026-10-10T17:48:38.9009157Z + dtd 4.0.0
2026-10-10T17:48:38.9009412Z + dwds 27.1.2 (27.1.4 available)
2026-10-10T17:48:38.9009741Z + extension_discovery 2.1.0
2026-10-10T17:48:38.9010049Z + fake_async 1.3.3
2026-10-10T17:48:38.9010313Z + ffi 2.2.0
2026-10-10T17:48:38.9010840Z + file 7.0.1
2026-10-10T17:48:38.9011135Z + file_testing 3.0.2 (3.1.0 available)
2026-10-10T17:48:38.9011465Z + fixnum 1.1.1
2026-10-10T17:48:38.9011768Z + flutter_template_images 5.0.0 (5.0.1 available)
2026-10-10T17:48:38.9012194Z + frontend_server_client 4.0.0 (4.1.0 available)
2026-10-10T17:48:38.9012584Z + glob 2.1.3 (2.2.0 available)
2026-10-10T17:48:38.9012892Z + graphs 2.3.2
2026-10-10T17:48:38.9013162Z + hooks 2.0.2 (2.2.0 available)
2026-10-10T17:48:38.9013485Z + hooks_runner 1.5.0 (1.6.4 available)
2026-10-10T17:48:38.9013833Z + html 0.15.6 (0.15.7 available)
2026-10-10T17:48:38.9014142Z + http 1.6.0
2026-10-10T17:48:38.9014366Z + http_multi_server 3.2.2
2026-10-10T17:48:38.9014630Z + http_parser 4.1.2
2026-10-10T17:48:38.9014868Z + intl 0.20.3
2026-10-10T17:48:38.9015093Z + io 1.0.5 (1.1.0 available)
2026-10-10T17:48:38.9015358Z + js 0.7.2 (discontinued)
2026-10-10T17:48:38.9015615Z + json_annotation 4.12.0
2026-10-10T17:48:38.9015848Z + json_rpc_2 4.1.0
2026-10-10T17:48:38.9016071Z + logging 1.3.0
2026-10-10T17:48:38.9016298Z + matcher 0.12.20
2026-10-10T17:48:38.9016521Z + meta 1.18.3 (1.19.0 available)
2026-10-10T17:48:38.9016782Z + mime 2.0.0 (2.1.0 available)
2026-10-10T17:48:38.9017035Z + multicast_dns 0.3.3+1
2026-10-10T17:48:38.9017290Z + mustache_template 2.0.5 (2.0.6 available)
2026-10-10T17:48:38.9017595Z + native_stack_traces 0.6.1 (0.7.0 available)
2026-10-10T17:48:38.9017902Z + node_preamble 2.0.2
2026-10-10T17:48:38.9018159Z + package_config 2.2.0 (3.0.0 available)
2026-10-10T17:48:38.9018448Z + path 1.9.1
2026-10-10T17:48:38.9018691Z + petitparser 7.0.2 (7.1.0 available)
2026-10-10T17:48:38.9018973Z + platform 3.1.6 (3.2.0 available)
2026-10-10T17:48:38.9019244Z + pool 1.5.2 (1.5.3 available)
2026-10-10T17:48:38.9019510Z + process 5.0.5 (5.0.6 available)
2026-10-10T17:48:38.9019782Z + pub_semver 2.2.0 (2.2.1 available)
2026-10-10T17:48:38.9020080Z + pubspec_parse 1.5.0 (1.6.0 available)
2026-10-10T17:48:38.9020371Z + record_use 0.6.0 (1.1.1 available)
2026-10-10T17:48:38.9020778Z + shelf 1.4.2
2026-10-10T17:48:38.9021234Z + shelf_packages_handler 3.0.2
2026-10-10T17:48:38.9021522Z + shelf_proxy 1.0.5
2026-10-10T17:48:38.9021756Z + shelf_static 1.1.3
2026-10-10T17:48:38.9022004Z + shelf_web_socket 3.0.0
2026-10-10T17:48:38.9022263Z + source_map_stack_trace 2.1.2
2026-10-10T17:48:38.9022677Z + source_maps 0.10.13 (0.10.14 available)
2026-10-10T17:48:38.9022969Z + source_span 1.10.2
2026-10-10T17:48:38.9023205Z + sprintf 7.0.0
2026-10-10T17:48:38.9023441Z + sse 4.2.0
2026-10-10T17:48:38.9023667Z + stack_trace 1.12.1 (1.12.2 available)
2026-10-10T17:48:38.9023960Z + standard_message_codec 0.0.1+5
2026-10-10T17:48:38.9024234Z + stream_channel 2.1.4
2026-10-10T17:48:38.9024469Z + string_scanner 1.4.1
2026-10-10T17:48:38.9024723Z + sync_http 0.3.1
2026-10-10T17:48:38.9024947Z + term_glyph 1.2.2
2026-10-10T17:48:38.9025182Z + test 1.31.1 (1.33.0 available)
2026-10-10T17:48:38.9025442Z + test_api 0.7.12 (0.7.15 available)
2026-10-10T17:48:38.9025731Z + test_core 0.6.18 (0.6.21 available)
2026-10-10T17:48:38.9026005Z + typed_data 1.4.0
2026-10-10T17:48:38.9026263Z + unified_analytics 8.0.15 (8.0.18 available)
2026-10-10T17:48:38.9026568Z + uuid 4.5.3 (4.6.0 available)
2026-10-10T17:48:38.9026835Z + vm_service 15.2.0 (15.3.0 available)
2026-10-10T17:48:38.9027126Z + vm_service_interface 2.0.1
2026-10-10T17:48:38.9027404Z + vm_snapshot_analysis 0.7.6
2026-10-10T17:48:38.9027656Z + watcher 1.2.1
2026-10-10T17:48:38.9027871Z + web 1.1.1
2026-10-10T17:48:38.9028088Z + web_socket 1.0.1
2026-10-10T17:48:38.9028316Z + web_socket_channel 3.0.3
2026-10-10T17:48:38.9028573Z + webdriver 3.1.0 (3.2.0 available)
2026-10-10T17:48:38.9028855Z + webkit_inspection_protocol 1.2.1
2026-10-10T17:48:38.9029124Z + xml 6.6.1 (7.1.0 available)
2026-10-10T17:48:38.9029376Z + yaml 3.1.3 (3.1.4 available)
2026-10-10T17:48:38.9029624Z + yaml_edit 2.2.4
2026-10-10T17:48:38.9029890Z Changed 101 dependencies!
2026-10-10T17:48:38.9030157Z 1 package is discontinued.
2026-10-10T17:48:38.9030656Z 43 packages have newer versions incompatible with dependency constraints.
2026-10-10T17:48:38.9031092Z Try `dart pub outdated` for more information.
2026-10-10T17:48:55.1587131Z Analytics reporting disabled.
2026-10-10T17:48:55.1589164Z 
2026-10-10T17:48:55.1589734Z You may need to restart any open editors for them to read new settings.
2026-10-10T17:48:55.2464924Z Flutter 3.47.5 • channel [user-branch] • https://github.com/flutter/flutter.git
2026-10-10T17:48:55.2466094Z Framework • revision 6a19cca564 (3 weeks ago) • 2026-09-17 14:13:22 -0400
2026-10-10T17:48:55.2466886Z Engine • hash ab598368592da0064197e2bc15c7f5b0a2c6bb1f (revision af7e796e16) (23 days ago) • 2026-09-16 18:35:09.000Z
2026-10-10T17:48:55.2467488Z Tools • Dart 3.13.4 • DevTools 2.60.0
2026-10-10T17:48:55.2504222Z ##[end-action id=__self.__run_2;outcome=success;conclusion=success;duration_ms=26123]
2026-10-10T17:48:55.2577550Z Prepare all required actions
2026-10-10T17:48:55.2636875Z ##[group]Run ./.github/actions/setup-text-engine
2026-10-10T17:48:55.2637170Z with:
2026-10-10T17:48:55.2637358Z   platform: linux
2026-10-10T17:48:55.2637566Z ##[endgroup]
2026-10-10T17:48:55.2642623Z ##[start-action display=Select preinstalled Windows Python 3.11;id=__self_2.__run]
2026-10-10T17:48:55.2661314Z ##[end-action id=__self_2.__run;outcome=skipped;conclusion=skipped;duration_ms=0]
2026-10-10T17:48:55.2670256Z ##[start-action display=Bootstrap reviewed official Rust inputs outside app builds;id=__self_2.__run_2]
2026-10-10T17:48:55.2689133Z ##[group]Run python tool/bootstrap_text_engine.py --platform "$TEXT_PLATFORM"
2026-10-10T17:48:55.2689668Z [36;1mpython tool/bootstrap_text_engine.py --platform "$TEXT_PLATFORM"[0m
2026-10-10T17:48:55.2752966Z shell: /usr/bin/bash --noprofile --norc -e -o pipefail {0}
2026-10-10T17:48:55.2753309Z env:
2026-10-10T17:48:55.2753502Z   TEXT_PLATFORM: linux
2026-10-10T17:48:55.2753754Z ##[endgroup]
2026-10-10T17:48:55.5838259Z info: profile set to minimal
2026-10-10T17:48:55.5838602Z 
2026-10-10T17:48:55.5838793Z info: default host tuple is x86_64-unknown-linux-gnu
2026-10-10T17:48:55.5839499Z info: skipping toolchain installation
2026-10-10T17:48:55.5839825Z 
2026-10-10T17:48:55.5839926Z Rust is installed now. Great!
2026-10-10T17:48:55.5840235Z 
2026-10-10T17:48:55.5840735Z To get started you need Cargo's bin directory (/home/runner/work/_
2026-10-10T17:48:55.5841575Z temp/tandemlog-rust-bootstrap/cargo/bin) in your PATH
2026-10-10T17:48:55.5842235Z environment variable. This has not been done automatically.
2026-10-10T17:48:55.5842620Z 
2026-10-10T17:48:55.5842751Z To configure your current shell, you need to source
2026-10-10T17:48:55.5843307Z the corresponding env file under /home/runner/work/_
2026-10-10T17:48:55.5843637Z temp/tandemlog-rust-bootstrap/cargo.
2026-10-10T17:48:55.5843822Z 
2026-10-10T17:48:55.5844031Z Consider running the right command for your shell (note the leading DOT):
2026-10-10T17:48:55.5844544Z . "/home/runner/work/_temp/tandemlog-rust-bootstrap/cargo/env"     # For 
2026-10-10T17:48:55.5844925Z sh/ash/dash/pdksh/bash
2026-10-10T17:48:55.5845272Z . "/home/runner/work/_temp/tandemlog-rust-bootstrap/cargo/env.ps1" # For pwsh
2026-10-10T17:48:55.5845725Z cargo:rerun-if-env-changed=CC_x86_64-unknown-linux-gnu
2026-10-10T17:48:55.5846049Z CC_x86_64-unknown-linux-gnu = None
2026-10-10T17:48:55.5846355Z cargo:rerun-if-env-changed=CC_x86_64_unknown_linux_gnu
2026-10-10T17:48:55.5846660Z CC_x86_64_unknown_linux_gnu = None
2026-10-10T17:48:55.5846912Z cargo:rerun-if-env-changed=HOST_CC
2026-10-10T17:48:55.5847151Z HOST_CC = None
2026-10-10T17:48:55.5847353Z cargo:rerun-if-env-changed=CC
2026-10-10T17:48:55.5847579Z CC = None
2026-10-10T17:48:55.5850990Z cargo:rerun-if-env-changed=CC_ENABLE_DEBUG_OUTPUT
2026-10-10T17:48:55.6141872Z cargo:rerun-if-env-changed=CRATE_CC_NO_DEFAULTS
2026-10-10T17:48:55.6142416Z CRATE_CC_NO_DEFAULTS = None
2026-10-10T17:48:55.6142874Z cargo:rerun-if-env-changed=CFLAGS
2026-10-10T17:48:55.6143156Z CFLAGS = None
2026-10-10T17:48:55.6143563Z cargo:rerun-if-env-changed=HOST_CFLAGS
2026-10-10T17:48:55.6143856Z HOST_CFLAGS = None
2026-10-10T17:48:55.6144147Z cargo:rerun-if-env-changed=CFLAGS_x86_64_unknown_linux_gnu
2026-10-10T17:48:55.6144489Z CFLAGS_x86_64_unknown_linux_gnu = None
2026-10-10T17:48:55.6144822Z cargo:rerun-if-env-changed=CFLAGS_x86_64-unknown-linux-gnu
2026-10-10T17:48:55.6145168Z CFLAGS_x86_64-unknown-linux-gnu = None
2026-10-10T17:48:55.6195715Z info: auto-self-update mode set to disable
2026-10-10T17:48:55.6196335Z warn: no toolchain installed and no default toolchain set
2026-10-10T17:48:55.6197186Z help: run 'rustup default stable' to download the latest stable release of Rust and set it as your default toolchain.
2026-10-10T17:48:55.6247910Z info: syncing channel updates for 1.99.0-x86_64-unknown-linux-gnu
2026-10-10T17:48:55.7951186Z info: latest update on 2026-10-01 for version 1.99.0 (b940084d7 2026-09-28)
2026-10-10T17:48:55.7952588Z info: downloading 3 components
2026-10-10T17:49:03.4237982Z 
2026-10-10T17:49:03.4305449Z   1.99.0-x86_64-unknown-linux-gnu installed - rustc 1.99.0 (b940084d7 2026-09-28)
2026-10-10T17:49:03.4306035Z 
2026-10-10T17:49:03.4309997Z info: default toolchain set to 1.99.0-x86_64-unknown-linux-gnu
2026-10-10T17:49:03.4836398Z info: component rust-std is up to date
2026-10-10T17:49:03.5015987Z     Updating crates.io index
2026-10-10T17:49:03.6971595Z  Downloading crates ...
2026-10-10T17:49:03.7562239Z   Downloaded thiserror-impl v2.0.21
2026-10-10T17:49:03.7619335Z   Downloaded rustversion v1.0.23
2026-10-10T17:49:03.7657034Z   Downloaded wasm-bindgen-macro v0.2.129
2026-10-10T17:49:03.7669798Z   Downloaded proc-macro2 v1.0.107
2026-10-10T17:49:03.7732649Z   Downloaded smallstr v0.3.1
2026-10-10T17:49:03.7802849Z   Downloaded itoa v1.0.18
2026-10-10T17:49:03.7837708Z   Downloaded cfg-if v1.0.5
2026-10-10T17:49:03.7884354Z   Downloaded parking v2.2.1
2026-10-10T17:49:03.7918574Z   Downloaded thiserror v2.0.21
2026-10-10T17:49:03.8005965Z   Downloaded event-listener-strategy v0.5.4
2026-10-10T17:49:03.8018007Z   Downloaded wasm-bindgen-shared v0.2.129
2026-10-10T17:49:03.8035090Z   Downloaded zmij v1.0.23
2026-10-10T17:49:03.8055319Z   Downloaded fastrand v2.5.0
2026-10-10T17:49:03.8072766Z   Downloaded dashmap v6.2.1
2026-10-10T17:49:03.8101900Z   Downloaded lock_api v0.4.14
2026-10-10T17:49:03.8119306Z   Downloaded scopeguard v1.2.0
2026-10-10T17:49:03.8136850Z   Downloaded redox_syscall v0.5.18
2026-10-10T17:49:03.8167691Z   Downloaded async-trait v0.1.92
2026-10-10T17:49:03.8210908Z   Downloaded quote v1.0.47
2026-10-10T17:49:03.8244031Z   Downloaded windows-link v0.2.1
2026-10-10T17:49:03.8253011Z   Downloaded pin-project-lite v0.2.17
2026-10-10T17:49:03.8322107Z   Downloaded unicode-ident v1.0.26
2026-10-10T17:49:03.8352980Z   Downloaded parking_lot_core v0.9.12
2026-10-10T17:49:03.8376658Z   Downloaded crossbeam-utils v0.8.23
2026-10-10T17:49:03.8407504Z   Downloaded async-lock v3.4.2
2026-10-10T17:49:03.8431410Z   Downloaded event-listener v5.4.2
2026-10-10T17:49:03.8450381Z   Downloaded smallvec v1.16.2
2026-10-10T17:49:03.8465015Z   Downloaded serde_derive v1.0.229
2026-10-10T17:49:03.8499123Z   Downloaded once_cell v1.21.4
2026-10-10T17:49:03.8527762Z   Downloaded serde_core v1.0.229
2026-10-10T17:49:03.8557701Z   Downloaded bitflags v2.13.2
2026-10-10T17:49:03.8608880Z   Downloaded getrandom v0.4.3
2026-10-10T17:49:03.8651528Z   Downloaded wasm-bindgen v0.2.129
2026-10-10T17:49:03.8681930Z   Downloaded arc-swap v1.9.2
2026-10-10T17:49:03.8726121Z   Downloaded base64 v0.22.1
2026-10-10T17:49:03.8768620Z   Downloaded serde v1.0.229
2026-10-10T17:49:03.8806797Z   Downloaded r-efi v6.0.0
2026-10-10T17:49:03.8863524Z   Downloaded memchr v2.8.3
2026-10-10T17:49:03.8925778Z   Downloaded bumpalo v3.20.3
2026-10-10T17:49:03.8953705Z   Downloaded js-sys v0.3.106
2026-10-10T17:49:03.8986304Z   Downloaded wasm-bindgen-macro-support v0.2.129
2026-10-10T17:49:03.9011886Z   Downloaded hashbrown v0.14.5
2026-10-10T17:49:03.9063173Z   Downloaded serde_json v1.0.151
2026-10-10T17:49:03.9145159Z   Downloaded syn v3.0.6
2026-10-10T17:49:03.9264435Z   Downloaded libc v0.2.190
2026-10-10T17:49:04.0059767Z ##[end-action id=__self_2.__run_2;outcome=success;conclusion=success;duration_ms=8738]
2026-10-10T17:49:04.0063099Z ##[start-action display=Install exact approved NDK outside app builds;id=__self_2.__run_3]
2026-10-10T17:49:04.0068155Z ##[end-action id=__self_2.__run_3;outcome=skipped;conclusion=skipped;duration_ms=0]
2026-10-10T17:49:04.0096290Z ##[group]Run flutter pub get --enforce-lockfile
2026-10-10T17:49:04.0096667Z [36;1mflutter pub get --enforce-lockfile[0m
2026-10-10T17:49:04.0158582Z shell: /usr/bin/bash -e {0}
2026-10-10T17:49:04.0158842Z env:
2026-10-10T17:49:04.0159150Z   CARGO_HOME: /home/runner/work/_temp/tandemlog-rust-bootstrap/cargo
2026-10-10T17:49:04.0159647Z   RUSTUP_HOME: /home/runner/work/_temp/tandemlog-rust-bootstrap/rustup
2026-10-10T17:49:04.0160115Z   RUSTUP_UPDATE_ROOT: https://static.rust-lang.org/rustup
2026-10-10T17:49:04.0160891Z   RUSTUP_DIST_SERVER: https://static.rust-lang.org
2026-10-10T17:49:04.0161226Z   RUSTUP_AUTO_INSTALL: 0
2026-10-10T17:49:04.0161611Z   TANDEMLOG_TEXT_TARGET_DIR: /home/runner/work/_temp/tandemlog-rust-bootstrap/target
2026-10-10T17:49:04.0162038Z ##[endgroup]
2026-10-10T17:49:04.4111717Z [1/10] Material Fonts                                              278ms
2026-10-10T17:49:04.4775014Z [2/10] Gradle Wrapper                                               18ms
2026-10-10T17:49:04.4870864Z [3/10] Flutter SDK
2026-10-10T17:49:04.6127578Z   ├─ [1/5] sky_engine                                              118ms
2026-10-10T17:49:04.6990008Z   ├─ [2/5] flutter_gpu                                              18ms
2026-10-10T17:49:04.9841333Z   ├─ [3/5] flutter_patched_sdk                                     270ms
2026-10-10T17:49:05.2886518Z   ├─ [4/5] flutter_patched_sdk_product                             211ms
2026-10-10T17:49:06.2524716Z   └─ [5/5] linux-x64                                               870ms
2026-10-10T17:49:06.9444970Z [10/10] linux-x64/font-subset                                       83ms
2026-10-10T17:49:07.0601767Z Resolving dependencies...
2026-10-10T17:49:07.3298245Z Downloading packages...
2026-10-10T17:49:08.9508737Z   code_assets 1.2.1 (2.1.0 available)
2026-10-10T17:49:08.9509305Z   cross_file 0.3.5+5 (0.4.0 available)
2026-10-10T17:49:08.9509780Z   jni 1.0.3 (1.1.0 available)
2026-10-10T17:49:08.9510408Z   jni_flutter 1.0.3 (1.0.4+1 available)
2026-10-10T17:49:08.9510996Z   material_color_utilities 0.13.0 (0.13.1 available)
2026-10-10T17:49:08.9511377Z   native_toolchain_c 0.19.3 (0.19.5 available)
2026-10-10T17:49:08.9511891Z   objective_c 9.5.0 (9.6.2 available)
2026-10-10T17:49:08.9512370Z   test_api 0.7.12 (0.7.15 available)
2026-10-10T17:49:08.9512838Z   url_launcher 6.3.2 (6.3.3 available)
2026-10-10T17:49:08.9513311Z   vector_math 2.4.0 (2.4.3 available)
2026-10-10T17:49:08.9513765Z Got dependencies!
2026-10-10T17:49:08.9514356Z 10 packages have newer versions incompatible with dependency constraints.
2026-10-10T17:49:08.9515126Z Try `flutter pub outdated` for more information.
2026-10-10T17:49:09.1472370Z ##[group]Run dart format --output=none --set-exit-if-changed lib test integration_test tool
2026-10-10T17:49:09.1473040Z [36;1mdart format --output=none --set-exit-if-changed lib test integration_test tool[0m
2026-10-10T17:49:09.1535375Z shell: /usr/bin/bash -e {0}
2026-10-10T17:49:09.1535648Z env:
2026-10-10T17:49:09.1535950Z   CARGO_HOME: /home/runner/work/_temp/tandemlog-rust-bootstrap/cargo
2026-10-10T17:49:09.1536417Z   RUSTUP_HOME: /home/runner/work/_temp/tandemlog-rust-bootstrap/rustup
2026-10-10T17:49:09.1536877Z   RUSTUP_UPDATE_ROOT: https://static.rust-lang.org/rustup
2026-10-10T17:49:09.1537260Z   RUSTUP_DIST_SERVER: https://static.rust-lang.org
2026-10-10T17:49:09.1537573Z   RUSTUP_AUTO_INSTALL: 0
2026-10-10T17:49:09.1537942Z   TANDEMLOG_TEXT_TARGET_DIR: /home/runner/work/_temp/tandemlog-rust-bootstrap/target
2026-10-10T17:49:09.1538351Z ##[endgroup]
2026-10-10T17:49:10.6520718Z Formatted 212 files (0 changed) in 1.45 seconds.
2026-10-10T17:49:10.6623467Z ##[group]Run flutter analyze
2026-10-10T17:49:10.6623773Z [36;1mflutter analyze[0m
2026-10-10T17:49:10.6685264Z shell: /usr/bin/bash -e {0}
2026-10-10T17:49:10.6685512Z env:
2026-10-10T17:49:10.6685817Z   CARGO_HOME: /home/runner/work/_temp/tandemlog-rust-bootstrap/cargo
2026-10-10T17:49:10.6686299Z   RUSTUP_HOME: /home/runner/work/_temp/tandemlog-rust-bootstrap/rustup
2026-10-10T17:49:10.6686781Z   RUSTUP_UPDATE_ROOT: https://static.rust-lang.org/rustup
2026-10-10T17:49:10.6687152Z   RUSTUP_DIST_SERVER: https://static.rust-lang.org
2026-10-10T17:49:10.6687454Z   RUSTUP_AUTO_INSTALL: 0
2026-10-10T17:49:10.6687824Z   TANDEMLOG_TEXT_TARGET_DIR: /home/runner/work/_temp/tandemlog-rust-bootstrap/target
2026-10-10T17:49:10.6688236Z ##[endgroup]
2026-10-10T17:49:10.8141167Z Resolving dependencies...
2026-10-10T17:49:10.9052559Z Downloading packages...
2026-10-10T17:49:10.9349367Z   code_assets 1.2.1 (2.1.0 available)
2026-10-10T17:49:10.9349793Z   cross_file 0.3.5+5 (0.4.0 available)
2026-10-10T17:49:10.9350328Z   jni 1.0.3 (1.1.0 available)
2026-10-10T17:49:10.9350960Z   jni_flutter 1.0.3 (1.0.4+1 available)
2026-10-10T17:49:10.9351502Z   material_color_utilities 0.13.0 (0.13.1 available)
2026-10-10T17:49:10.9352116Z   native_toolchain_c 0.19.3 (0.19.5 available)
2026-10-10T17:49:10.9352544Z   objective_c 9.5.0 (9.6.2 available)
2026-10-10T17:49:10.9352885Z   test_api 0.7.12 (0.7.15 available)
2026-10-10T17:49:10.9353203Z   url_launcher 6.3.2 (6.3.3 available)
2026-10-10T17:49:10.9353528Z   vector_math 2.4.0 (2.4.3 available)
2026-10-10T17:49:10.9353851Z Got dependencies!
2026-10-10T17:49:10.9354509Z 10 packages have newer versions incompatible with dependency constraints.
2026-10-10T17:49:10.9355022Z Try `flutter pub outdated` for more information.
2026-10-10T17:49:21.6404930Z Analyzing tandemlog...                                          
2026-10-10T17:49:21.6419232Z No issues found! (ran in 10.1s)
2026-10-10T17:49:21.6517880Z ##[group]Run python tool/build_text_engine.py --platform linux --output-dir "$RUNNER_TEMP/native-unit"
2026-10-10T17:49:21.6518646Z [36;1mpython tool/build_text_engine.py --platform linux --output-dir "$RUNNER_TEMP/native-unit"[0m
2026-10-10T17:49:21.6519228Z [36;1mnative_library="$RUNNER_TEMP/native-unit/libtandemlog_text.so"[0m
2026-10-10T17:49:21.6519758Z [36;1mif [[ "$RUNNER_OS" == Windows ]]; then native_library="$(cygpath -w "$native_library")"; fi[0m
2026-10-10T17:49:21.6520460Z [36;1mpython tool/native_build_gates.py verify_library "$native_library"[0m
2026-10-10T17:49:21.6521259Z [36;1mecho "TANDEMLOG_TEXT_LIBRARY=$native_library" >> "$GITHUB_ENV"[0m
2026-10-10T17:49:21.6583355Z shell: /usr/bin/bash --noprofile --norc -e -o pipefail {0}
2026-10-10T17:49:21.6583699Z env:
2026-10-10T17:49:21.6583987Z   CARGO_HOME: /home/runner/work/_temp/tandemlog-rust-bootstrap/cargo
2026-10-10T17:49:21.6584512Z   RUSTUP_HOME: /home/runner/work/_temp/tandemlog-rust-bootstrap/rustup
2026-10-10T17:49:21.6584968Z   RUSTUP_UPDATE_ROOT: https://static.rust-lang.org/rustup
2026-10-10T17:49:21.6585341Z   RUSTUP_DIST_SERVER: https://static.rust-lang.org
2026-10-10T17:49:21.6585645Z   RUSTUP_AUTO_INSTALL: 0
2026-10-10T17:49:21.6586006Z   TANDEMLOG_TEXT_TARGET_DIR: /home/runner/work/_temp/tandemlog-rust-bootstrap/target
2026-10-10T17:49:21.6586403Z ##[endgroup]
2026-10-10T17:49:21.8063209Z    Compiling proc-macro2 v1.0.107
2026-10-10T17:49:21.8064054Z    Compiling unicode-ident v1.0.26
2026-10-10T17:49:21.8064964Z    Compiling quote v1.0.47
2026-10-10T17:49:21.8065676Z    Compiling libc v0.2.190
2026-10-10T17:49:21.8631780Z    Compiling serde_core v1.0.229
2026-10-10T17:49:21.9361817Z    Compiling zmij v1.0.23
2026-10-10T17:49:22.0101695Z    Compiling pin-project-lite v0.2.17
2026-10-10T17:49:22.0406816Z    Compiling parking_lot_core v0.9.12
2026-10-10T17:49:22.0431496Z    Compiling parking v2.2.1
2026-10-10T17:49:22.0461124Z    Compiling smallvec v1.16.2
2026-10-10T17:49:22.1112848Z    Compiling rustversion v1.0.23
2026-10-10T17:49:22.1292865Z    Compiling crossbeam-utils v0.8.23
2026-10-10T17:49:22.2274391Z    Compiling event-listener v5.4.2
2026-10-10T17:49:22.5641728Z    Compiling syn v3.0.6
2026-10-10T17:49:22.6058108Z    Compiling cfg-if v1.0.5
2026-10-10T17:49:22.6355019Z    Compiling scopeguard v1.2.0
2026-10-10T17:49:22.6701695Z    Compiling thiserror v2.0.21
2026-10-10T17:49:22.8261746Z    Compiling serde_json v1.0.151
2026-10-10T17:49:22.9032037Z    Compiling serde v1.0.229
2026-10-10T17:49:23.0821926Z    Compiling lock_api v0.4.14
2026-10-10T17:49:23.2529145Z    Compiling event-listener-strategy v0.5.4
2026-10-10T17:49:23.8003550Z    Compiling hashbrown v0.14.5
2026-10-10T17:49:24.1241520Z    Compiling once_cell v1.21.4
2026-10-10T17:49:24.2661785Z    Compiling memchr v2.8.3
2026-10-10T17:49:24.4341734Z    Compiling itoa v1.0.18
2026-10-10T17:49:24.5461561Z    Compiling dashmap v6.2.1
2026-10-10T17:49:24.9541651Z    Compiling arc-swap v1.9.2
2026-10-10T17:49:25.0811841Z    Compiling async-lock v3.4.2
2026-10-10T17:49:25.1564882Z    Compiling smallstr v0.3.1
2026-10-10T17:49:25.2721575Z    Compiling fastrand v2.5.0
2026-10-10T17:49:25.4935109Z    Compiling base64 v0.22.1
2026-10-10T17:49:25.9403432Z    Compiling serde_derive v1.0.229
2026-10-10T17:49:25.9404124Z    Compiling thiserror-impl v2.0.21
2026-10-10T17:49:25.9412517Z    Compiling async-trait v0.1.92
2026-10-10T17:49:27.7926589Z    Compiling yrs v0.28.0 (/home/runner/work/tandemlog/tandemlog/native/text_engine/vendor/yrs-0.28.0)
2026-10-10T17:49:27.9382100Z warning: unused imports: `BlockRange` and `Block`
2026-10-10T17:49:27.9382789Z  --> vendor/yrs-0.28.0/src/transaction.rs:1:20
2026-10-10T17:49:27.9383280Z   |
2026-10-10T17:49:27.9389681Z 1 | use crate::block::{Block, BlockRange, Item, ItemContent, ItemPosition, ItemPtr, Prelim, ID};
2026-10-10T17:49:27.9390791Z   |                    ^^^^^  ^^^^^^^^^^
2026-10-10T17:49:27.9391238Z   |
2026-10-10T17:49:27.9392105Z   = note: `#[warn(unused_imports)]` (part of `#[warn(unused)]`) on by default
2026-10-10T17:49:27.9392640Z 
2026-10-10T17:49:27.9399124Z warning: unused import: `Block`
2026-10-10T17:49:27.9399660Z  --> vendor/yrs-0.28.0/src/block_iter.rs:1:20
2026-10-10T17:49:27.9400017Z   |
2026-10-10T17:49:27.9400350Z 1 | use crate::block::{Block, Item, ItemContent, ItemPtr, Prelim};
2026-10-10T17:49:27.9400936Z   |                    ^^^^^
2026-10-10T17:49:27.9401126Z 
2026-10-10T17:49:27.9408082Z warning: unused import: `ItemContent`
2026-10-10T17:49:27.9408899Z  --> vendor/yrs-0.28.0/src/iter.rs:1:20
2026-10-10T17:49:27.9409358Z   |
2026-10-10T17:49:27.9409740Z 1 | use crate::block::{ItemContent, ItemPtr};
2026-10-10T17:49:27.9410244Z   |                    ^^^^^^^^^^^
2026-10-10T17:49:27.9410832Z 
2026-10-10T17:49:27.9411574Z warning: unused imports: `SmallVec` and `smallvec`
2026-10-10T17:49:27.9412084Z  --> vendor/yrs-0.28.0/src/iter.rs:4:16
2026-10-10T17:49:27.9412391Z   |
2026-10-10T17:49:27.9412668Z 4 | use smallvec::{smallvec, SmallVec};
2026-10-10T17:49:27.9412983Z   |                ^^^^^^^^  ^^^^^^^^
2026-10-10T17:49:27.9413178Z 
2026-10-10T17:49:28.4667783Z warning: unused import: `crate::utils::OptionExt`
2026-10-10T17:49:28.4668367Z   --> vendor/yrs-0.28.0/src/doc.rs:10:5
2026-10-10T17:49:28.4668779Z    |
2026-10-10T17:49:28.4669097Z 10 | use crate::utils::OptionExt;
2026-10-10T17:49:28.4669491Z    |     ^^^^^^^^^^^^^^^^^^^^^^^
2026-10-10T17:49:28.4669733Z 
2026-10-10T17:49:28.4894251Z warning: value assigned to `left` is never read
2026-10-10T17:49:28.4894870Z    --> vendor/yrs-0.28.0/src/block.rs:494:24
2026-10-10T17:49:28.4895304Z     |
2026-10-10T17:49:28.4895601Z 494 |         let mut left = None;
2026-10-10T17:49:28.4896099Z     |                        ^^^^ this value is reassigned later and never used
2026-10-10T17:49:28.4896618Z ...
2026-10-10T17:49:28.4896983Z 540 |                 left = parent_branch.map.get(sub).cloned();
2026-10-10T17:49:28.4897976Z     |                 ------------------------------------------ `left` is overwritten here before the previous value is read
2026-10-10T17:49:28.4898712Z     |
2026-10-10T17:49:28.4899189Z     = note: `#[warn(unused_assignments)]` (part of `#[warn(unused)]`) on by default
2026-10-10T17:49:28.4899688Z 
2026-10-10T17:49:28.4967623Z warning: unused variable: `ptr`
2026-10-10T17:49:28.4968176Z    --> vendor/yrs-0.28.0/src/block.rs:886:21
2026-10-10T17:49:28.4968583Z     |
2026-10-10T17:49:28.4969052Z 886 |                 let ptr = BranchPtr::from(branch);
2026-10-10T17:49:28.4969740Z     |                     ^^^ help: if this is intentional, prefix it with an underscore: `_ptr`
2026-10-10T17:49:28.4970303Z     |
2026-10-10T17:49:28.4971043Z     = note: `#[warn(unused_variables)]` (part of `#[warn(unused)]`) on by default
2026-10-10T17:49:28.4971493Z 
2026-10-10T17:49:28.6205890Z warning: unused variable: `ptr`
2026-10-10T17:49:28.6206393Z    --> vendor/yrs-0.28.0/src/transaction.rs:778:13
2026-10-10T17:49:28.6206827Z     |
2026-10-10T17:49:28.6207117Z 778 |         let ptr = item.clone();
2026-10-10T17:49:28.6207581Z     |             ^^^ help: if this is intentional, prefix it with an underscore: `_ptr`
2026-10-10T17:49:28.6207922Z 
2026-10-10T17:49:28.6240005Z warning: variable does not need to be mutable
2026-10-10T17:49:28.6240989Z    --> vendor/yrs-0.28.0/src/transaction.rs:958:13
2026-10-10T17:49:28.6241378Z     |
2026-10-10T17:49:28.6241671Z 958 |         let mut block = Item::new(
2026-10-10T17:49:28.6242018Z     |             ----^^^^^
2026-10-10T17:49:28.6242302Z     |             |
2026-10-10T17:49:28.6242575Z     |             help: remove this `mut`
2026-10-10T17:49:28.6242882Z     |
2026-10-10T17:49:28.6243210Z     = note: `#[warn(unused_mut)]` (part of `#[warn(unused)]`) on by default
2026-10-10T17:49:28.6243557Z 
2026-10-10T17:49:29.0632741Z warning: variable does not need to be mutable
2026-10-10T17:49:29.0633299Z    --> vendor/yrs-0.28.0/src/undo.rs:133:13
2026-10-10T17:49:29.0633727Z     |
2026-10-10T17:49:29.0634115Z 133 |         let mut state = Arc::new(Inner {
2026-10-10T17:49:29.0634823Z     |             ----^^^^^
2026-10-10T17:49:29.0635194Z     |             |
2026-10-10T17:49:29.0635547Z     |             help: remove this `mut`
2026-10-10T17:49:29.0635804Z 
2026-10-10T17:49:29.0738367Z warning: unused variable: `clear_undo`
2026-10-10T17:49:29.0739068Z    --> vendor/yrs-0.28.0/src/undo.rs:379:34
2026-10-10T17:49:29.0739541Z     |
2026-10-10T17:49:29.0740043Z 379 |     fn clear_internal(&mut self, clear_undo: bool, clear_redo: bool) {
2026-10-10T17:49:29.0741582Z     |                                  ^^^^^^^^^^ help: if this is intentional, prefix it with an underscore: `_clear_undo`
2026-10-10T17:49:29.0742235Z 
2026-10-10T17:49:29.0742415Z warning: unused variable: `clear_redo`
2026-10-10T17:49:29.0742906Z    --> vendor/yrs-0.28.0/src/undo.rs:379:52
2026-10-10T17:49:29.0743358Z     |
2026-10-10T17:49:29.0743844Z 379 |     fn clear_internal(&mut self, clear_undo: bool, clear_redo: bool) {
2026-10-10T17:49:29.0744860Z     |                                                    ^^^^^^^^^^ help: if this is intentional, prefix it with an underscore: `_clear_redo`
2026-10-10T17:49:29.0745534Z 
2026-10-10T17:49:29.1088040Z warning: method `as_item` is never used
2026-10-10T17:49:29.1088802Z    --> vendor/yrs-0.28.0/src/block.rs:198:12
2026-10-10T17:49:29.1089378Z     |
2026-10-10T17:49:29.1089814Z 183 | impl<'a> BlockRef<'a> {
2026-10-10T17:49:29.1090404Z     | --------------------- method in this implementation
2026-10-10T17:49:29.1091264Z ...
2026-10-10T17:49:29.1091706Z 198 |     pub fn as_item(&self) -> Option<&'a Item> {
2026-10-10T17:49:29.1092314Z     |            ^^^^^^^
2026-10-10T17:49:29.1092719Z     |
2026-10-10T17:49:29.1093240Z     = note: `#[warn(dead_code)]` (part of `#[warn(unused)]`) on by default
2026-10-10T17:49:29.1093822Z 
2026-10-10T17:49:29.1094153Z warning: methods `last_id`, `is_item`, and `is_gc` are never used
2026-10-10T17:49:29.1094967Z    --> vendor/yrs-0.28.0/src/block.rs:264:12
2026-10-10T17:49:29.1095472Z     |
2026-10-10T17:49:29.1095845Z 221 | impl Block {
2026-10-10T17:49:29.1096351Z     | ---------- methods in this implementation
2026-10-10T17:49:29.1096882Z ...
2026-10-10T17:49:29.1097216Z 264 |     pub fn last_id(&self) -> ID {
2026-10-10T17:49:29.1097660Z     |            ^^^^^^^
2026-10-10T17:49:29.1098005Z ...
2026-10-10T17:49:29.1098337Z 281 |     pub fn is_item(&self) -> bool {
2026-10-10T17:49:29.1098762Z     |            ^^^^^^^
2026-10-10T17:49:29.1099112Z ...
2026-10-10T17:49:29.1099453Z 291 |     pub fn is_gc(&self) -> bool {
2026-10-10T17:49:29.1099877Z     |            ^^^^^
2026-10-10T17:49:29.1100090Z 
2026-10-10T17:49:29.1100304Z warning: method `delete_as_cleanup` is never used
2026-10-10T17:49:29.1101070Z    --> vendor/yrs-0.28.0/src/block.rs:632:19
2026-10-10T17:49:29.1101522Z     |
2026-10-10T17:49:29.1101833Z 444 | impl ItemPtr {
2026-10-10T17:49:29.1102232Z     | ------------ method in this implementation
2026-10-10T17:49:29.1102697Z ...
2026-10-10T17:49:29.1103259Z 632 |     pub(crate) fn delete_as_cleanup(&self, txn: &mut TransactionMut, is_local: bool) {
2026-10-10T17:49:29.1103994Z     |                   ^^^^^^^^^^^^^^^^^
2026-10-10T17:49:29.1104307Z 
2026-10-10T17:49:29.1104498Z warning: method `integrate` is never used
2026-10-10T17:49:29.1105002Z     --> vendor/yrs-0.28.0/src/block.rs:1415:19
2026-10-10T17:49:29.1105455Z      |
2026-10-10T17:49:29.1105774Z 1354 | impl BlockRange {
2026-10-10T17:49:29.1106218Z      | --------------- method in this implementation
2026-10-10T17:49:29.1106729Z ...
2026-10-10T17:49:29.1107182Z 1415 |     pub(crate) fn integrate(&mut self, pivot: u32) -> bool {
2026-10-10T17:49:29.1107770Z      |                   ^^^^^^^^^
2026-10-10T17:49:29.1108043Z 
2026-10-10T17:49:29.1108230Z warning: method `contains` is never used
2026-10-10T17:49:29.1108753Z    --> vendor/yrs-0.28.0/src/block_store.rs:300:12
2026-10-10T17:49:29.1109242Z     |
2026-10-10T17:49:29.1109560Z 289 | impl BlockStore {
2026-10-10T17:49:29.1109979Z     | --------------- method in this implementation
2026-10-10T17:49:29.1110467Z ...
2026-10-10T17:49:29.1111447Z 300 |     pub fn contains(&self, id: &ID) -> bool {
2026-10-10T17:49:29.1111961Z     |            ^^^^^^^^
2026-10-10T17:49:29.1112195Z 
2026-10-10T17:49:29.1112435Z warning: constant `WEAK_REF_FLAGS_QUOTE` is never used
2026-10-10T17:49:29.1113012Z    --> vendor/yrs-0.28.0/src/types/mod.rs:230:7
2026-10-10T17:49:29.1113455Z     |
2026-10-10T17:49:29.1113791Z 230 | const WEAK_REF_FLAGS_QUOTE: u8 = 0b0000_0001;
2026-10-10T17:49:29.1114465Z     |       ^^^^^^^^^^^^^^^^^^^^
2026-10-10T17:49:29.1114724Z 
2026-10-10T17:49:29.1114977Z warning: constant `WEAK_REF_FLAGS_START_ASSOC` is never used
2026-10-10T17:49:29.1115513Z    --> vendor/yrs-0.28.0/src/types/mod.rs:232:7
2026-10-10T17:49:29.1115945Z     |
2026-10-10T17:49:29.1116302Z 232 | const WEAK_REF_FLAGS_START_ASSOC: u8 = 0b0000_0010;
2026-10-10T17:49:29.1116786Z     |       ^^^^^^^^^^^^^^^^^^^^^^^^^^
2026-10-10T17:49:29.1117046Z 
2026-10-10T17:49:29.1117290Z warning: constant `WEAK_REF_FLAGS_END_ASSOC` is never used
2026-10-10T17:49:29.1117826Z    --> vendor/yrs-0.28.0/src/types/mod.rs:234:7
2026-10-10T17:49:29.1118260Z     |
2026-10-10T17:49:29.1118609Z 234 | const WEAK_REF_FLAGS_END_ASSOC: u8 = 0b0000_0100;
2026-10-10T17:49:29.1119067Z     |       ^^^^^^^^^^^^^^^^^^^^^^^^
2026-10-10T17:49:29.1119332Z 
2026-10-10T17:49:29.1119602Z warning: constant `WEAK_REF_FLAGS_START_UNBOUNDED` is never used
2026-10-10T17:49:29.1120197Z    --> vendor/yrs-0.28.0/src/types/mod.rs:236:7
2026-10-10T17:49:29.1120898Z     |
2026-10-10T17:49:29.1121289Z 236 | const WEAK_REF_FLAGS_START_UNBOUNDED: u8 = 0b0000_1000;
2026-10-10T17:49:29.1121787Z     |       ^^^^^^^^^^^^^^^^^^^^^^^^^^^^^^
2026-10-10T17:49:29.1122066Z 
2026-10-10T17:49:29.1122311Z warning: constant `WEAK_REF_FLAGS_END_UNBOUNDED` is never used
2026-10-10T17:49:29.1122873Z    --> vendor/yrs-0.28.0/src/types/mod.rs:238:7
2026-10-10T17:49:29.1123298Z     |
2026-10-10T17:49:29.1123673Z 238 | const WEAK_REF_FLAGS_END_UNBOUNDED: u8 = 0b0001_0000;
2026-10-10T17:49:29.1124246Z     |       ^^^^^^^^^^^^^^^^^^^^^^^^^^^^
2026-10-10T17:49:29.1124522Z 
2026-10-10T17:49:29.1124774Z warning: constant `WEAK_REF_FLAGS_PARENT_ROOT` is never used
2026-10-10T17:49:29.1125335Z    --> vendor/yrs-0.28.0/src/types/mod.rs:240:7
2026-10-10T17:49:29.1125764Z     |
2026-10-10T17:49:29.1126139Z 240 | const WEAK_REF_FLAGS_PARENT_ROOT: u8 = 0b0010_0000;
2026-10-10T17:49:29.1126620Z     |       ^^^^^^^^^^^^^^^^^^^^^^^^^^
2026-10-10T17:49:29.1126889Z 
2026-10-10T17:49:29.1127048Z warning: field `txn` is never read
2026-10-10T17:49:29.1127473Z    --> vendor/yrs-0.28.0/src/types/mod.rs:538:5
2026-10-10T17:49:29.1127900Z     |
2026-10-10T17:49:29.1128218Z 536 | pub(crate) struct Entries<'a, B, T> {
2026-10-10T17:49:29.1128697Z     |                   ------- field in this struct
2026-10-10T17:49:29.1129321Z 537 |     iter: std::collections::hash_map::Iter<'a, Arc<str>, ItemPtr>,
2026-10-10T17:49:29.1129868Z 538 |     txn: B,
2026-10-10T17:49:29.1130215Z     |     ^^^
2026-10-10T17:49:29.1130729Z     |
2026-10-10T17:49:29.1131438Z     = note: `Entries` has a derived impl for the trait `Debug`, but this is intentionally ignored during dead code analysis
2026-10-10T17:49:29.1132127Z 
2026-10-10T17:49:29.1132293Z warning: method `as_id_set` is never used
2026-10-10T17:49:29.1132750Z   --> vendor/yrs-0.28.0/src/update.rs:48:12
2026-10-10T17:49:29.1133162Z    |
2026-10-10T17:49:29.1133451Z 28 | impl BlockSet {
2026-10-10T17:49:29.1133833Z    | ------------- method in this implementation
2026-10-10T17:49:29.1134277Z ...
2026-10-10T17:49:29.1134600Z 48 |     pub fn as_id_set(&self) -> IdSet {
2026-10-10T17:49:29.1135031Z    |            ^^^^^^^^^
2026-10-10T17:49:29.1135250Z 
2026-10-10T17:49:29.1135587Z warning: associated functions `next_target` and `return_stack` are never used
2026-10-10T17:49:29.1136252Z    --> vendor/yrs-0.28.0/src/update.rs:503:8
2026-10-10T17:49:29.1136675Z     |
2026-10-10T17:49:29.1136949Z 169 | impl Update {
2026-10-10T17:49:29.1137353Z     | ----------- associated functions in this implementation
2026-10-10T17:49:29.1137835Z ...
2026-10-10T17:49:29.1138418Z 503 |     fn next_target<'a, 'b>(
2026-10-10T17:49:29.1138826Z     |        ^^^^^^^^^^^
2026-10-10T17:49:29.1139143Z ...
2026-10-10T17:49:29.1139679Z 526 |     fn return_stack(stack: Vec<Block>, refs: &mut BlockSet, remaining: &mut BlockSet) {
2026-10-10T17:49:29.1140314Z     |        ^^^^^^^^^^^^
2026-10-10T17:49:29.1140758Z 
2026-10-10T17:49:29.1141033Z warning: methods `forward`, `backward`, and `values` are never used
2026-10-10T17:49:29.1141877Z    --> vendor/yrs-0.28.0/src/block_iter.rs:76:12
2026-10-10T17:49:29.1142400Z     |
2026-10-10T17:49:29.1142701Z  18 | impl BlockIter {
2026-10-10T17:49:29.1143091Z     | -------------- methods in this implementation
2026-10-10T17:49:29.1143620Z ...
2026-10-10T17:49:29.1144065Z  76 |     pub fn forward<T: ReadTxn>(&mut self, txn: &T, len: u32) {
2026-10-10T17:49:29.1144569Z     |            ^^^^^^^
2026-10-10T17:49:29.1144890Z ...
2026-10-10T17:49:29.1145319Z 130 |     pub fn backward<T: ReadTxn>(&mut self, txn: &mut T, mut len: u32) {
2026-10-10T17:49:29.1145897Z     |            ^^^^^^^^
2026-10-10T17:49:29.1146227Z ...
2026-10-10T17:49:29.1146688Z 369 |     pub fn values<'a, 'txn, T: ReadTxn>(
2026-10-10T17:49:29.1147116Z     |            ^^^^^^
2026-10-10T17:49:29.1147326Z 
2026-10-10T17:49:29.1147511Z warning: struct `Values` is never constructed
2026-10-10T17:49:29.1147996Z    --> vendor/yrs-0.28.0/src/block_iter.rs:377:12
2026-10-10T17:49:29.1148461Z     |
2026-10-10T17:49:29.1148779Z 377 | pub struct Values<'a, 'txn> {
2026-10-10T17:49:29.1149162Z     |            ^^^^^^
2026-10-10T17:49:29.1149359Z 
2026-10-10T17:49:29.1149557Z warning: associated function `new` is never used
2026-10-10T17:49:29.1150052Z    --> vendor/yrs-0.28.0/src/block_iter.rs:383:8
2026-10-10T17:49:29.1150477Z     |
2026-10-10T17:49:29.1151016Z 382 | impl<'a, 'txn> Values<'a, 'txn> {
2026-10-10T17:49:29.1151577Z     | ------------------------------- associated function in this implementation
2026-10-10T17:49:29.1152372Z 383 |     fn new(iter: &'a mut BlockIter, txn: &'txn mut TransactionMut<'txn>) -> Self {
2026-10-10T17:49:29.1152991Z     |        ^^^
2026-10-10T17:49:29.1153173Z 
2026-10-10T17:49:29.1153348Z warning: method `remove_at` is never used
2026-10-10T17:49:29.1153807Z    --> vendor/yrs-0.28.0/src/branch.rs:398:19
2026-10-10T17:49:29.1154229Z     |
2026-10-10T17:49:29.1154523Z 222 | impl Branch {
2026-10-10T17:49:29.1154886Z     | ----------- method in this implementation
2026-10-10T17:49:29.1155328Z ...
2026-10-10T17:49:29.1155909Z 398 |     pub(crate) fn remove_at(&self, txn: &mut TransactionMut, index: u32, len: u32) -> u32 {
2026-10-10T17:49:29.1156650Z     |                   ^^^^^^^^^
2026-10-10T17:49:29.1156929Z 
2026-10-10T17:49:29.1157111Z warning: method `inner_mut` is never used
2026-10-10T17:49:29.1157604Z    --> vendor/yrs-0.28.0/src/ids.rs:548:19
2026-10-10T17:49:29.1158052Z     |
2026-10-10T17:49:29.1158378Z  58 | impl<T: Merge> IdRanges<T> {
2026-10-10T17:49:29.1158890Z     | -------------------------- method in this implementation
2026-10-10T17:49:29.1159418Z ...
2026-10-10T17:49:29.1159935Z 548 |     pub(crate) fn inner_mut(&mut self) -> &mut SmallVec<[(Range<u32>, T); 1]> {
2026-10-10T17:49:29.1160806Z     |                   ^^^^^^^^^
2026-10-10T17:49:29.1161104Z 
2026-10-10T17:49:29.1161286Z warning: trait `BlockIterator` is never used
2026-10-10T17:49:29.1161773Z  --> vendor/yrs-0.28.0/src/iter.rs:7:18
2026-10-10T17:49:29.1162172Z   |
2026-10-10T17:49:29.1162610Z 7 | pub(crate) trait BlockIterator: Iterator<Item = ItemPtr> + Sized {
2026-10-10T17:49:29.1163183Z   |                  ^^^^^^^^^^^^^
2026-10-10T17:49:29.1163431Z 
2026-10-10T17:49:29.1163636Z warning: trait `BlockSliceIterator` is never used
2026-10-10T17:49:29.1164160Z   --> vendor/yrs-0.28.0/src/iter.rs:16:18
2026-10-10T17:49:29.1164568Z    |
2026-10-10T17:49:29.1165050Z 16 | pub(crate) trait BlockSliceIterator: Iterator<Item = ItemSlice> + Sized {
2026-10-10T17:49:29.1165652Z    |                  ^^^^^^^^^^^^^^^^^^
2026-10-10T17:49:29.1165927Z 
2026-10-10T17:49:29.1166342Z warning: struct `RangeIter` is never constructed
2026-10-10T17:49:29.1166887Z    --> vendor/yrs-0.28.0/src/iter.rs:106:19
2026-10-10T17:49:29.1167290Z     |
2026-10-10T17:49:29.1167596Z 106 | pub(crate) struct RangeIter<I> {
2026-10-10T17:49:29.1168007Z     |                   ^^^^^^^^^
2026-10-10T17:49:29.1168254Z 
2026-10-10T17:49:29.1168502Z warning: associated items `new` and `begin` are never used
2026-10-10T17:49:29.1169036Z    --> vendor/yrs-0.28.0/src/iter.rs:117:8
2026-10-10T17:49:29.1169633Z     |
2026-10-10T17:49:29.1169934Z 113 | / impl<I> RangeIter<I>
2026-10-10T17:49:29.1170297Z 114 | | where
2026-10-10T17:49:29.1170872Z 115 | |     I: Iterator<Item = ItemPtr>,
2026-10-10T17:49:29.1171451Z     | |________________________________- associated items in this implementation
2026-10-10T17:49:29.1171985Z 116 |   {
2026-10-10T17:49:29.1172415Z 117 |       fn new(iter: I, start: StickyIndex, end: StickyIndex) -> Self {
2026-10-10T17:49:29.1173001Z     |          ^^^
2026-10-10T17:49:29.1173322Z ...
2026-10-10T17:49:29.1173840Z 126 |       fn begin(&mut self, start_offset: &mut u32) -> Option<ItemPtr> {
2026-10-10T17:49:29.1174397Z     |          ^^^^^
2026-10-10T17:49:29.1174608Z 
2026-10-10T17:49:29.1174790Z warning: enum `RangeIterState` is never used
2026-10-10T17:49:29.1175282Z    --> vendor/yrs-0.28.0/src/iter.rs:234:6
2026-10-10T17:49:29.1175700Z     |
2026-10-10T17:49:29.1175989Z 234 | enum RangeIterState {
2026-10-10T17:49:29.1176362Z     |      ^^^^^^^^^^^^^^
2026-10-10T17:49:29.1176598Z 
2026-10-10T17:49:29.1176779Z warning: struct `Values` is never constructed
2026-10-10T17:49:29.1177251Z    --> vendor/yrs-0.28.0/src/iter.rs:245:19
2026-10-10T17:49:29.1177654Z     |
2026-10-10T17:49:29.1177954Z 245 | pub(crate) struct Values<I> {
2026-10-10T17:49:29.1178352Z     |                   ^^^^^^
2026-10-10T17:49:29.1178593Z 
2026-10-10T17:49:29.1178804Z warning: associated function `new` is never used
2026-10-10T17:49:29.1179337Z    --> vendor/yrs-0.28.0/src/iter.rs:251:8
2026-10-10T17:49:29.1179779Z     |
2026-10-10T17:49:29.1180117Z 250 | impl<I> Values<I> {
2026-10-10T17:49:29.1180831Z     | ----------------- associated function in this implementation
2026-10-10T17:49:29.1181408Z 251 |     fn new(iter: I) -> Self {
2026-10-10T17:49:29.1181814Z     |        ^^^
2026-10-10T17:49:29.1182019Z 
2026-10-10T17:49:29.1182171Z warning: field `txn` is never read
2026-10-10T17:49:29.1182604Z    --> vendor/yrs-0.28.0/src/iter.rs:287:5
2026-10-10T17:49:29.1183047Z     |
2026-10-10T17:49:29.1183361Z 286 | pub struct AsIter<'a, T, I> {
2026-10-10T17:49:29.1183825Z     |            ------ field in this struct
2026-10-10T17:49:29.1184261Z 287 |     txn: &'a T,
2026-10-10T17:49:29.1184604Z     |     ^^^
2026-10-10T17:49:29.1184912Z     |
2026-10-10T17:49:29.1185633Z     = note: `AsIter` has a derived impl for the trait `Debug`, but this is intentionally ignored during dead code analysis
2026-10-10T17:49:29.1186378Z 
2026-10-10T17:49:29.1186743Z warning: methods `adjacent`, `contains_id`, `right`, and `left` are never used
2026-10-10T17:49:29.1187453Z    --> vendor/yrs-0.28.0/src/slice.rs:164:12
2026-10-10T17:49:29.1187892Z     |
2026-10-10T17:49:29.1188184Z 105 | impl ItemSlice {
2026-10-10T17:49:29.1188567Z     | -------------- methods in this implementation
2026-10-10T17:49:29.1189023Z ...
2026-10-10T17:49:29.1189347Z 164 |     pub fn adjacent(&self) -> bool {
2026-10-10T17:49:29.1189762Z     |            ^^^^^^^^
2026-10-10T17:49:29.1190097Z ...
2026-10-10T17:49:29.1190455Z 179 |     pub fn contains_id(&self, id: &ID) -> bool {
2026-10-10T17:49:29.1191207Z     |            ^^^^^^^^^^^
2026-10-10T17:49:29.1191563Z ...
2026-10-10T17:49:29.1191940Z 249 |     pub fn right(&self) -> Option<ItemSlice> {
2026-10-10T17:49:29.1192429Z     |            ^^^^^
2026-10-10T17:49:29.1192768Z ...
2026-10-10T17:49:29.1193122Z 269 |     pub fn left(&self) -> Option<ItemSlice> {
2026-10-10T17:49:29.1193606Z     |            ^^^^
2026-10-10T17:49:29.1193828Z 
2026-10-10T17:49:29.1194090Z warning: methods `within_range` and `get_item` are never used
2026-10-10T17:49:29.1194912Z    --> vendor/yrs-0.28.0/src/sticky_index.rs:272:19
2026-10-10T17:49:29.1195402Z     |
2026-10-10T17:49:29.1195746Z  51 | impl StickyIndex {
2026-10-10T17:49:29.1196160Z     | ---------------- methods in this implementation
2026-10-10T17:49:29.1196610Z ...
2026-10-10T17:49:29.1197050Z 272 |     pub(crate) fn within_range(&self, ptr: Option<ItemPtr>) -> bool {
2026-10-10T17:49:29.1197610Z     |                   ^^^^^^^^^^^^
2026-10-10T17:49:29.1198172Z ...
2026-10-10T17:49:29.1198626Z 287 |     pub(crate) fn get_item<T: ReadTxn>(&self, txn: &T) -> Option<ItemPtr> {
2026-10-10T17:49:29.1199205Z     |                   ^^^^^^^^
2026-10-10T17:49:29.1199459Z 
2026-10-10T17:49:29.1199766Z warning: hiding a lifetime that's elided elsewhere is confusing
2026-10-10T17:49:29.1200336Z   --> vendor/yrs-0.28.0/src/event.rs:63:18
2026-10-10T17:49:29.1200959Z    |
2026-10-10T17:49:29.1201292Z 63 |     pub fn added(&self) -> SubdocsEventIter {
2026-10-10T17:49:29.1201837Z    |                  ^^^^^     ^^^^^^^^^^^^^^^^ the same lifetime is hidden here
2026-10-10T17:49:29.1202332Z    |                  |
2026-10-10T17:49:29.1202700Z    |                  the lifetime is elided here
2026-10-10T17:49:29.1203102Z    |
2026-10-10T17:49:29.1203646Z    = help: the same lifetime is referred to in inconsistent ways, making the signature confusing
2026-10-10T17:49:29.1204444Z    = note: `#[warn(mismatched_lifetime_syntaxes)]` on by default
2026-10-10T17:49:29.1204995Z help: use `'_` for type paths
2026-10-10T17:49:29.1205360Z    |
2026-10-10T17:49:29.1205715Z 63 |     pub fn added(&self) -> SubdocsEventIter<'_> {
2026-10-10T17:49:29.1206207Z    |                                            ++++
2026-10-10T17:49:29.1206499Z 
2026-10-10T17:49:29.1206768Z warning: hiding a lifetime that's elided elsewhere is confusing
2026-10-10T17:49:29.1207358Z   --> vendor/yrs-0.28.0/src/event.rs:69:20
2026-10-10T17:49:29.1207760Z    |
2026-10-10T17:49:29.1208099Z 69 |     pub fn removed(&self) -> SubdocsEventIter {
2026-10-10T17:49:29.1208709Z    |                    ^^^^^     ^^^^^^^^^^^^^^^^ the same lifetime is hidden here
2026-10-10T17:49:29.1209239Z    |                    |
2026-10-10T17:49:29.1209712Z    |                    the lifetime is elided here
2026-10-10T17:49:29.1210160Z    |
2026-10-10T17:49:29.1211016Z    = help: the same lifetime is referred to in inconsistent ways, making the signature confusing
2026-10-10T17:49:29.1211820Z help: use `'_` for type paths
2026-10-10T17:49:29.1212216Z    |
2026-10-10T17:49:29.1212601Z 69 |     pub fn removed(&self) -> SubdocsEventIter<'_> {
2026-10-10T17:49:29.1213141Z    |                                              ++++
2026-10-10T17:49:29.1213466Z 
2026-10-10T17:49:29.1213739Z warning: hiding a lifetime that's elided elsewhere is confusing
2026-10-10T17:49:29.1214362Z   --> vendor/yrs-0.28.0/src/event.rs:75:19
2026-10-10T17:49:29.1214765Z    |
2026-10-10T17:49:29.1215086Z 75 |     pub fn loaded(&self) -> SubdocsEventIter {
2026-10-10T17:49:29.1215639Z    |                   ^^^^^     ^^^^^^^^^^^^^^^^ the same lifetime is hidden here
2026-10-10T17:49:29.1216135Z    |                   |
2026-10-10T17:49:29.1216506Z    |                   the lifetime is elided here
2026-10-10T17:49:29.1216931Z    |
2026-10-10T17:49:29.1217482Z    = help: the same lifetime is referred to in inconsistent ways, making the signature confusing
2026-10-10T17:49:29.1218206Z help: use `'_` for type paths
2026-10-10T17:49:29.1218580Z    |
2026-10-10T17:49:29.1218942Z 75 |     pub fn loaded(&self) -> SubdocsEventIter<'_> {
2026-10-10T17:49:29.1219425Z    |                                             ++++
2026-10-10T17:49:29.1219714Z 
2026-10-10T17:49:29.1219973Z warning: hiding a lifetime that's elided elsewhere is confusing
2026-10-10T17:49:29.1220746Z    --> vendor/yrs-0.28.0/src/store.rs:358:20
2026-10-10T17:49:29.1221169Z     |
2026-10-10T17:49:29.1221512Z 358 |     pub fn subdocs(&self) -> SubdocsIter {
2026-10-10T17:49:29.1222380Z     |                    ^^^^^     ^^^^^^^^^^^ the same lifetime is hidden here
2026-10-10T17:49:29.1222943Z     |                    |
2026-10-10T17:49:29.1223355Z     |                    the lifetime is elided here
2026-10-10T17:49:29.1223866Z     |
2026-10-10T17:49:29.1224414Z     = help: the same lifetime is referred to in inconsistent ways, making the signature confusing
2026-10-10T17:49:29.1225228Z help: use `'_` for type paths
2026-10-10T17:49:29.1225606Z     |
2026-10-10T17:49:29.1226174Z 358 |     pub fn subdocs(&self) -> SubdocsIter<'_> {
2026-10-10T17:49:29.1226663Z     |                                         ++++
2026-10-10T17:49:29.1227026Z 
2026-10-10T17:49:29.1227297Z warning: hiding a lifetime that's elided elsewhere is confusing
2026-10-10T17:49:29.1227869Z    --> vendor/yrs-0.28.0/src/store.rs:364:25
2026-10-10T17:49:29.1228295Z     |
2026-10-10T17:49:29.1228648Z 364 |     pub fn subdoc_guids(&self) -> SubdocGuids {
2026-10-10T17:49:29.1229192Z     |                         ^^^^^     ^^^^^^^^^^^ the same lifetime is hidden here
2026-10-10T17:49:29.1229720Z     |                         |
2026-10-10T17:49:29.1230138Z     |                         the lifetime is elided here
2026-10-10T17:49:29.1230801Z     |
2026-10-10T17:49:29.1231367Z     = help: the same lifetime is referred to in inconsistent ways, making the signature confusing
2026-10-10T17:49:29.1232110Z help: use `'_` for type paths
2026-10-10T17:49:29.1232463Z     |
2026-10-10T17:49:29.1232823Z 364 |     pub fn subdoc_guids(&self) -> SubdocGuids<'_> {
2026-10-10T17:49:29.1233348Z     |                                              ++++
2026-10-10T17:49:29.1233649Z 
2026-10-10T17:49:29.1233905Z warning: hiding a lifetime that's elided elsewhere is confusing
2026-10-10T17:49:29.1234484Z    --> vendor/yrs-0.28.0/src/store.rs:444:28
2026-10-10T17:49:29.1234896Z     |
2026-10-10T17:49:29.1235340Z 444 |     pub(crate) fn try_read(&self) -> Option<RwLockReadGuard<Store>> {
2026-10-10T17:49:29.1236069Z     |                            ^^^^^            ^^^^^^^^^^^^^^^^^^^^^^ the same lifetime is hidden here
2026-10-10T17:49:29.1236683Z     |                            |
2026-10-10T17:49:29.1237166Z     |                            the lifetime is elided here
2026-10-10T17:49:29.1237611Z     |
2026-10-10T17:49:29.1238154Z     = help: the same lifetime is referred to in inconsistent ways, making the signature confusing
2026-10-10T17:49:29.1238847Z help: use `'_` for type paths
2026-10-10T17:49:29.1239206Z     |
2026-10-10T17:49:29.1239679Z 444 |     pub(crate) fn try_read(&self) -> Option<RwLockReadGuard<'_, Store>> {
2026-10-10T17:49:29.1240310Z     |                                                             +++
2026-10-10T17:49:29.1240868Z 
2026-10-10T17:49:29.1241175Z warning: hiding a lifetime that's elided elsewhere is confusing
2026-10-10T17:49:29.1241754Z    --> vendor/yrs-0.28.0/src/store.rs:449:33
2026-10-10T17:49:29.1242181Z     |
2026-10-10T17:49:29.1242612Z 449 |     pub(crate) fn read_blocking(&self) -> RwLockReadGuard<Store> {
2026-10-10T17:49:29.1243302Z     |                                 ^^^^^     ^^^^^^^^^^^^^^^^^^^^^^ the same lifetime is hidden here
2026-10-10T17:49:29.1243843Z     |                                 |
2026-10-10T17:49:29.1244297Z     |                                 the lifetime is elided here
2026-10-10T17:49:29.1244736Z     |
2026-10-10T17:49:29.1245287Z     = help: the same lifetime is referred to in inconsistent ways, making the signature confusing
2026-10-10T17:49:29.1245995Z help: use `'_` for type paths
2026-10-10T17:49:29.1246360Z     |
2026-10-10T17:49:29.1246785Z 449 |     pub(crate) fn read_blocking(&self) -> RwLockReadGuard<'_, Store> {
2026-10-10T17:49:29.1247390Z     |                                                           +++
2026-10-10T17:49:29.1247718Z 
2026-10-10T17:49:29.1247988Z warning: hiding a lifetime that's elided elsewhere is confusing
2026-10-10T17:49:29.1248561Z    --> vendor/yrs-0.28.0/src/store.rs:458:30
2026-10-10T17:49:29.1248983Z     |
2026-10-10T17:49:29.1249408Z 458 |     pub(crate) fn read_async(&self) -> Read<Store> {
2026-10-10T17:49:29.1250215Z     |                              ^^^^^     ^^^^^^^^^^^ the same lifetime is hidden here
2026-10-10T17:49:29.1251003Z     |                              |
2026-10-10T17:49:29.1251439Z     |                              the lifetime is elided here
2026-10-10T17:49:29.1251887Z     |
2026-10-10T17:49:29.1252442Z     = help: the same lifetime is referred to in inconsistent ways, making the signature confusing
2026-10-10T17:49:29.1253371Z help: use `'_` for type paths
2026-10-10T17:49:29.1253723Z     |
2026-10-10T17:49:29.1254100Z 458 |     pub(crate) fn read_async(&self) -> Read<'_, Store> {
2026-10-10T17:49:29.1254612Z     |                                             +++
2026-10-10T17:49:29.1254904Z 
2026-10-10T17:49:29.1255160Z warning: hiding a lifetime that's elided elsewhere is confusing
2026-10-10T17:49:29.1255725Z    --> vendor/yrs-0.28.0/src/store.rs:462:29
2026-10-10T17:49:29.1256127Z     |
2026-10-10T17:49:29.1256563Z 462 |     pub(crate) fn try_write(&self) -> Option<RwLockWriteGuard<Store>> {
2026-10-10T17:49:29.1257276Z     |                             ^^^^^            ^^^^^^^^^^^^^^^^^^^^^^^ the same lifetime is hidden here
2026-10-10T17:49:29.1257822Z     |                             |
2026-10-10T17:49:29.1258253Z     |                             the lifetime is elided here
2026-10-10T17:49:29.1258688Z     |
2026-10-10T17:49:29.1259248Z     = help: the same lifetime is referred to in inconsistent ways, making the signature confusing
2026-10-10T17:49:29.1260054Z help: use `'_` for type paths
2026-10-10T17:49:29.1260420Z     |
2026-10-10T17:49:29.1261133Z 462 |     pub(crate) fn try_write(&self) -> Option<RwLockWriteGuard<'_, Store>> {
2026-10-10T17:49:29.1261822Z     |                                                               +++
2026-10-10T17:49:29.1262171Z 
2026-10-10T17:49:29.1262434Z warning: hiding a lifetime that's elided elsewhere is confusing
2026-10-10T17:49:29.1263017Z    --> vendor/yrs-0.28.0/src/store.rs:467:34
2026-10-10T17:49:29.1263437Z     |
2026-10-10T17:49:29.1263909Z 467 |     pub(crate) fn write_blocking(&self) -> RwLockWriteGuard<Store> {
2026-10-10T17:49:29.1264614Z     |                                  ^^^^^     ^^^^^^^^^^^^^^^^^^^^^^^ the same lifetime is hidden here
2026-10-10T17:49:29.1265155Z     |                                  |
2026-10-10T17:49:29.1265674Z     |                                  the lifetime is elided here
2026-10-10T17:49:29.1266129Z     |
2026-10-10T17:49:29.1266704Z     = help: the same lifetime is referred to in inconsistent ways, making the signature confusing
2026-10-10T17:49:29.1267405Z help: use `'_` for type paths
2026-10-10T17:49:29.1267767Z     |
2026-10-10T17:49:29.1268229Z 467 |     pub(crate) fn write_blocking(&self) -> RwLockWriteGuard<'_, Store> {
2026-10-10T17:49:29.1268857Z     |                                                             +++
2026-10-10T17:49:29.1269179Z 
2026-10-10T17:49:29.1269447Z warning: hiding a lifetime that's elided elsewhere is confusing
2026-10-10T17:49:29.1270008Z    --> vendor/yrs-0.28.0/src/store.rs:476:31
2026-10-10T17:49:29.1270414Z     |
2026-10-10T17:49:29.1271063Z 476 |     pub(crate) fn write_async(&self) -> Write<Store> {
2026-10-10T17:49:29.1271646Z     |                               ^^^^^     ^^^^^^^^^^^^ the same lifetime is hidden here
2026-10-10T17:49:29.1272175Z     |                               |
2026-10-10T17:49:29.1272657Z     |                               the lifetime is elided here
2026-10-10T17:49:29.1273121Z     |
2026-10-10T17:49:29.1273676Z     = help: the same lifetime is referred to in inconsistent ways, making the signature confusing
2026-10-10T17:49:29.1274371Z help: use `'_` for type paths
2026-10-10T17:49:29.1274734Z     |
2026-10-10T17:49:29.1275165Z 476 |     pub(crate) fn write_async(&self) -> Write<'_, Store> {
2026-10-10T17:49:29.1275736Z     |                                               +++
2026-10-10T17:49:29.1276040Z 
2026-10-10T17:49:29.1276287Z warning: hiding a lifetime that's elided elsewhere is confusing
2026-10-10T17:49:29.1277065Z    --> vendor/yrs-0.28.0/src/transaction.rs:168:18
2026-10-10T17:49:29.1277530Z     |
2026-10-10T17:49:29.1277843Z 168 |     fn root_refs(&self) -> RootRefs {
2026-10-10T17:49:29.1278321Z     |                  ^^^^^     ^^^^^^^^ the same lifetime is hidden here
2026-10-10T17:49:29.1278786Z     |                  |
2026-10-10T17:49:29.1279152Z     |                  the lifetime is elided here
2026-10-10T17:49:29.1279555Z     |
2026-10-10T17:49:29.1280348Z     = help: the same lifetime is referred to in inconsistent ways, making the signature confusing
2026-10-10T17:49:29.1281339Z help: use `'_` for type paths
2026-10-10T17:49:29.1281705Z     |
2026-10-10T17:49:29.1282021Z 168 |     fn root_refs(&self) -> RootRefs<'_> {
2026-10-10T17:49:29.1282465Z     |                                    ++++
2026-10-10T17:49:29.1282742Z 
2026-10-10T17:49:29.1282996Z warning: hiding a lifetime that's elided elsewhere is confusing
2026-10-10T17:49:29.1283563Z    --> vendor/yrs-0.28.0/src/transaction.rs:175:21
2026-10-10T17:49:29.1283992Z     |
2026-10-10T17:49:29.1284329Z 175 |     fn subdoc_guids(&self) -> SubdocGuids {
2026-10-10T17:49:29.1284929Z     |                     ^^^^^     ^^^^^^^^^^^ the same lifetime is hidden here
2026-10-10T17:49:29.1285446Z     |                     |
2026-10-10T17:49:29.1285845Z     |                     the lifetime is elided here
2026-10-10T17:49:29.1286263Z     |
2026-10-10T17:49:29.1286799Z     = help: the same lifetime is referred to in inconsistent ways, making the signature confusing
2026-10-10T17:49:29.1287522Z help: use `'_` for type paths
2026-10-10T17:49:29.1287880Z     |
2026-10-10T17:49:29.1288223Z 175 |     fn subdoc_guids(&self) -> SubdocGuids<'_> {
2026-10-10T17:49:29.1288700Z     |                                          ++++
2026-10-10T17:49:29.1288994Z 
2026-10-10T17:49:29.1289261Z warning: hiding a lifetime that's elided elsewhere is confusing
2026-10-10T17:49:29.1289852Z    --> vendor/yrs-0.28.0/src/transaction.rs:181:16
2026-10-10T17:49:29.1290288Z     |
2026-10-10T17:49:29.1290872Z 181 |     fn subdocs(&self) -> SubdocsIter {
2026-10-10T17:49:29.1291391Z     |                ^^^^^     ^^^^^^^^^^^ the same lifetime is hidden here
2026-10-10T17:49:29.1291866Z     |                |
2026-10-10T17:49:29.1292216Z     |                the lifetime is elided here
2026-10-10T17:49:29.1292622Z     |
2026-10-10T17:49:29.1293158Z     = help: the same lifetime is referred to in inconsistent ways, making the signature confusing
2026-10-10T17:49:29.1293874Z help: use `'_` for type paths
2026-10-10T17:49:29.1294225Z     |
2026-10-10T17:49:29.1294547Z 181 |     fn subdocs(&self) -> SubdocsIter<'_> {
2026-10-10T17:49:29.1295001Z     |                                     ++++
2026-10-10T17:49:29.1295283Z 
2026-10-10T17:49:29.1295540Z warning: hiding a lifetime that's elided elsewhere is confusing
2026-10-10T17:49:29.1296121Z    --> vendor/yrs-0.28.0/src/types/mod.rs:911:17
2026-10-10T17:49:29.1296544Z     |
2026-10-10T17:49:29.1296864Z 911 |     pub fn iter(&self) -> EventsIter {
2026-10-10T17:49:29.1297372Z     |                 ^^^^^     ^^^^^^^^^^ the same lifetime is hidden here
2026-10-10T17:49:29.1297857Z     |                 |
2026-10-10T17:49:29.1298230Z     |                 the lifetime is elided here
2026-10-10T17:49:29.1298637Z     |
2026-10-10T17:49:29.1299178Z     = help: the same lifetime is referred to in inconsistent ways, making the signature confusing
2026-10-10T17:49:29.1299890Z help: use `'_` for type paths
2026-10-10T17:49:29.1300253Z     |
2026-10-10T17:49:29.1300813Z 911 |     pub fn iter(&self) -> EventsIter<'_> {
2026-10-10T17:49:29.1301281Z     |                                     ++++
2026-10-10T17:49:29.1301560Z 
2026-10-10T17:49:29.1349014Z warning: hiding a lifetime that's elided elsewhere is confusing
2026-10-10T17:49:29.1349763Z   --> vendor/yrs-0.28.0/src/state_vector.rs:93:17
2026-10-10T17:49:29.1350229Z    |
2026-10-10T17:49:29.1350963Z 93 |     pub fn iter(&self) -> std::collections::hash_map::Iter<ClientID, u32> {
2026-10-10T17:49:29.1351913Z    |                 ^^^^^     ^^^^^^^^^^^^^^^^^^^^^^^^^^^^^^^^^^^^^^^^^^^^^^^ the same lifetime is hidden here
2026-10-10T17:49:29.1352476Z    |                 |
2026-10-10T17:49:29.1352837Z    |                 the lifetime is elided here
2026-10-10T17:49:29.1353266Z    |
2026-10-10T17:49:29.1353832Z    = help: the same lifetime is referred to in inconsistent ways, making the signature confusing
2026-10-10T17:49:29.1354534Z help: use `'_` for type paths
2026-10-10T17:49:29.1355088Z    |
2026-10-10T17:49:29.1355569Z 93 |     pub fn iter(&self) -> std::collections::hash_map::Iter<'_, ClientID, u32> {
2026-10-10T17:49:29.1356204Z    |                                                            +++
2026-10-10T17:49:29.1356554Z 
2026-10-10T17:49:29.1361285Z warning: hiding a lifetime that's elided elsewhere is confusing
2026-10-10T17:49:29.1362104Z    --> vendor/yrs-0.28.0/src/sync/awareness.rs:141:17
2026-10-10T17:49:29.1362526Z     |
2026-10-10T17:49:29.1362807Z 141 |     pub fn iter(&self) -> AwarenessIter {
2026-10-10T17:49:29.1363248Z     |                 ^^^^^     ^^^^^^^^^^^^^ the same lifetime is hidden here
2026-10-10T17:49:29.1363649Z     |                 |
2026-10-10T17:49:29.1363946Z     |                 the lifetime is elided here
2026-10-10T17:49:29.1364287Z     |
2026-10-10T17:49:29.1364749Z     = help: the same lifetime is referred to in inconsistent ways, making the signature confusing
2026-10-10T17:49:29.1365336Z help: use `'_` for type paths
2026-10-10T17:49:29.1365637Z     |
2026-10-10T17:49:29.1365913Z 141 |     pub fn iter(&self) -> AwarenessIter<'_> {
2026-10-10T17:49:29.1366303Z     |                                        ++++
2026-10-10T17:49:29.1366543Z 
2026-10-10T17:49:34.9563476Z warning: `yrs` (lib) generated 58 warnings (run `cargo fix --lib -p yrs` to apply 27 suggestions)
2026-10-10T17:49:34.9564469Z    Compiling tandemlog-text v0.0.0 (/home/runner/work/tandemlog/tandemlog/native/text_engine)
2026-10-10T17:49:46.8001542Z     Finished `release` profile [optimized] target(s) in 25.04s
2026-10-10T17:49:47.4452639Z Required production native ABI loaded: /home/runner/work/_temp/native-unit/libtandemlog_text.so
2026-10-10T17:49:47.4553466Z ##[group]Run flutter test
2026-10-10T17:49:47.4553737Z [36;1mflutter test[0m
2026-10-10T17:49:47.4615197Z shell: /usr/bin/bash -e {0}
2026-10-10T17:49:47.4615442Z env:
2026-10-10T17:49:47.4615747Z   CARGO_HOME: /home/runner/work/_temp/tandemlog-rust-bootstrap/cargo
2026-10-10T17:49:47.4616215Z   RUSTUP_HOME: /home/runner/work/_temp/tandemlog-rust-bootstrap/rustup
2026-10-10T17:49:47.4616693Z   RUSTUP_UPDATE_ROOT: https://static.rust-lang.org/rustup
2026-10-10T17:49:47.4617095Z   RUSTUP_DIST_SERVER: https://static.rust-lang.org
2026-10-10T17:49:47.4617411Z   RUSTUP_AUTO_INSTALL: 0
2026-10-10T17:49:47.4617789Z   TANDEMLOG_TEXT_TARGET_DIR: /home/runner/work/_temp/tandemlog-rust-bootstrap/target
2026-10-10T17:49:47.4618322Z   TANDEMLOG_TEXT_LIBRARY: /home/runner/work/_temp/native-unit/libtandemlog_text.so
2026-10-10T17:49:47.4618710Z ##[endgroup]
2026-10-10T17:49:47.6249728Z Resolving dependencies...
2026-10-10T17:49:47.7102679Z Downloading packages...
2026-10-10T17:49:47.7328853Z   code_assets 1.2.1 (2.1.0 available)
2026-10-10T17:49:47.7329459Z   cross_file 0.3.5+5 (0.4.0 available)
2026-10-10T17:49:47.7329940Z   jni 1.0.3 (1.1.0 available)
2026-10-10T17:49:47.7330251Z   jni_flutter 1.0.3 (1.0.4+1 available)
2026-10-10T17:49:47.7330895Z   material_color_utilities 0.13.0 (0.13.1 available)
2026-10-10T17:49:47.7331546Z   native_toolchain_c 0.19.3 (0.19.5 available)
2026-10-10T17:49:47.7332132Z   objective_c 9.5.0 (9.6.2 available)
2026-10-10T17:49:47.7332650Z   test_api 0.7.12 (0.7.15 available)
2026-10-10T17:49:47.7333116Z   url_launcher 6.3.2 (6.3.3 available)
2026-10-10T17:49:47.7333451Z   vector_math 2.4.0 (2.4.3 available)
2026-10-10T17:49:47.7333776Z Got dependencies!
2026-10-10T17:49:47.7334194Z 10 packages have newer versions incompatible with dependency constraints.
2026-10-10T17:49:47.7334744Z Try `flutter pub outdated` for more information.
2026-10-10T17:49:50.8857821Z 
2026-10-10T17:49:59.2963196Z ##[group]✅ Passing tests
2026-10-10T17:49:59.2982262Z ✅ /home/runner/work/tandemlog/tandemlog/test/event_chain_test.dart: independent Python SHA256 golden JSONL is byte-exact on re-encode
2026-10-10T17:49:59.3058973Z ✅ /home/runner/work/tandemlog/tandemlog/test/event_chain_test.dart: new records require an explicit predecessor beyond genesis
2026-10-10T17:49:59.3182009Z ✅ /home/runner/work/tandemlog/tandemlog/test/event_chain_test.dart: canonical bytes reject alternate spellings and duplicate fields
2026-10-10T17:49:59.3230413Z ✅ /home/runner/work/tandemlog/tandemlog/test/event_chain_test.dart: data key order is recursive and array order remains significant
2026-10-10T17:49:59.3404753Z ✅ /home/runner/work/tandemlog/tandemlog/test/event_chain_test.dart: altering any envelope field or content breaks the retained hash
2026-10-10T17:49:59.3476826Z ✅ /home/runner/work/tandemlog/tandemlog/test/event_chain_test.dart: hash fields must be full lowercase hex and are mandatory
2026-10-10T17:49:59.3550245Z ✅ /home/runner/work/tandemlog/tandemlog/test/event_chain_test.dart: literal Unicode survives, malformed surrogates never become replacements
2026-10-10T17:49:59.3592575Z ✅ /home/runner/work/tandemlog/tandemlog/test/event_chain_test.dart: canonical numeric grammar is plain safe integers, never floats
2026-10-10T17:49:59.3668981Z ✅ /home/runner/work/tandemlog/tandemlog/test/event_chain_test.dart: obsolete separate tag events are rejected rather than reinterpreted
2026-10-10T17:49:59.4072658Z ✅ /home/runner/work/tandemlog/tandemlog/test/event_chain_test.dart: event size admission counts UTF-8 bytes with an inclusive 1 MiB limit
2026-10-10T17:49:59.4110969Z ✅ /home/runner/work/tandemlog/tandemlog/test/event_chain_test.dart: v1 and v2 prerelease histories remain explicit preserved failures
2026-10-10T17:49:59.4765150Z ✅ /home/runner/work/tandemlog/tandemlog/test/view_time_source_test.dart: same-offset zone changes notify; unchanged fallback stays quiet
2026-10-10T17:49:59.4925443Z ✅ /home/runner/work/tandemlog/tandemlog/test/view_time_source_test.dart: late requests and disposed callbacks cannot replace current zone
2026-10-10T17:49:59.5029412Z ✅ /home/runner/work/tandemlog/tandemlog/test/view_time_source_test.dart: unknown local zone is explicit, and recovers without UTC guessing
2026-10-10T17:49:59.5058626Z ✅ /home/runner/work/tandemlog/tandemlog/test/view_time_source_test.dart: local mapping refuses disabled-DST or inconsistent OS offsets
2026-10-10T17:49:59.5095776Z ✅ /home/runner/work/tandemlog/tandemlog/test/view_time_source_test.dart: explicit Linux TZ identity does not need filesystem access
2026-10-10T17:49:59.5451100Z ✅ /home/runner/work/tandemlog/tandemlog/test/view_time_source_test.dart: Linux zone files honor localtime symlink and copied-file identity
2026-10-10T17:50:01.1250000Z ✅ /home/runner/work/tandemlog/tandemlog/test/initial_task_rank_test.dart: scalar capture retains top rank after Inbox triage and replay
2026-10-10T17:50:01.6343039Z ✅ /home/runner/work/tandemlog/tandemlog/test/initial_task_rank_test.dart: native capture retains top rank after Inbox triage and replay
2026-10-10T17:50:01.7932606Z ✅ /home/runner/work/tandemlog/tandemlog/test/initial_task_rank_test.dart: legacy creations and retries retain their released append order
2026-10-10T17:50:01.9803180Z ✅ /home/runner/work/tandemlog/tandemlog/test/initial_task_rank_test.dart: complete-prefix capture waits for initial position and retries exact suffix
2026-10-10T17:50:02.1348499Z ✅ /home/runner/work/tandemlog/tandemlog/test/initial_task_rank_test.dart: native capture never exposes creation intent before placement reservation
2026-10-10T17:50:02.2742184Z ✅ /home/runner/work/tandemlog/tandemlog/test/initial_task_rank_test.dart: native staging failure retains complete creation and placement reservation
2026-10-10T17:50:02.5860357Z ✅ /home/runner/work/tandemlog/tandemlog/test/initial_task_rank_test.dart: global first rank covers completed and other-assignee hidden tasks
2026-10-10T17:50:02.6484045Z ##[endgroup]
2026-10-10T17:50:02.6486144Z ##[group]✅ /home/runner/work/tandemlog/tandemlog/test/native_checklist_recompletion_test.dart: native offline checklist successor keeps its edited item after recompletion
2026-10-10T17:50:02.6487721Z HISTORICAL_RECOMPLETION recompletion: Native item Saved ChildItemA
2026-10-10T17:50:02.6488818Z ##[endgroup]
2026-10-10T17:50:02.8549135Z ##[group]✅ Passing tests
2026-10-10T17:50:02.8551287Z ✅ /home/runner/work/tandemlog/tandemlog/test/initial_task_rank_test.dart: multiline 1-record prefix retains exact placements through peer arrival and retry
2026-10-10T17:50:03.1197796Z ✅ /home/runner/work/tandemlog/tandemlog/test/initial_task_rank_test.dart: multiline 2-record prefix retains exact placements through peer arrival and retry
2026-10-10T17:50:03.3992275Z ✅ /home/runner/work/tandemlog/tandemlog/test/initial_task_rank_test.dart: multiline 3-record prefix retains exact placements through peer arrival and retry
2026-10-10T17:50:04.3663911Z ##[endgroup]
2026-10-10T17:50:04.3666194Z ##[group]✅ /home/runner/work/tandemlog/tandemlog/test/native_checklist_recompletion_test.dart: native offline checklist successor keeps its edited item after Undo
2026-10-10T17:50:04.3668121Z HISTORICAL_RECOMPLETION Undo: Native item Saved ChildItemA
2026-10-10T17:50:04.3669980Z ##[endgroup]
2026-10-10T17:50:06.1602162Z ##[group]✅ Passing tests
2026-10-10T17:50:06.1603962Z ✅ /home/runner/work/tandemlog/tandemlog/test/task_editor_tags_test.dart: removing a chip retains unrelated query, caret, and active composition
2026-10-10T17:50:06.1988525Z ##[endgroup]
2026-10-10T17:50:06.1993913Z ##[group]✅ /home/runner/work/tandemlog/tandemlog/test/native_checklist_recompletion_test.dart: native offline checklist successor keeps its edited item after recompletion cold replay
2026-10-10T17:50:06.1996051Z HISTORICAL_RECOMPLETION recompletion cold replay: Native item Saved ChildItemA
2026-10-10T17:50:06.2001565Z ##[endgroup]
2026-10-10T17:50:06.9222282Z ##[group]✅ Passing tests
2026-10-10T17:50:06.9224254Z ✅ /home/runner/work/tandemlog/tandemlog/test/task_editor_tags_test.dart: Enter uses existing match idempotently and Save resolves opaque pending inventory tag
2026-10-10T17:50:07.4173688Z ✅ /home/runner/work/tandemlog/tandemlog/test/task_editor_tags_test.dart: touch creation adds all new tokens and invalid query never enables it
2026-10-10T17:50:07.7418574Z ✅ /home/runner/work/tandemlog/tandemlog/test/task_editor_tags_test.dart: opaque original tags survive pending Save with exact case and spaces
2026-10-10T17:50:08.0068945Z ✅ /home/runner/work/tandemlog/tandemlog/test/task_editor_tags_test.dart: failed Save retains selected chips and exact pending query
2026-10-10T17:50:08.2654116Z ✅ /home/runner/work/tandemlog/tandemlog/test/task_editor_tags_test.dart: active tag composition blocks Save and canClose Save
2026-10-10T17:50:08.2928349Z ##[endgroup]
2026-10-10T17:50:08.2931062Z ##[group]✅ /home/runner/work/tandemlog/tandemlog/test/native_checklist_recompletion_test.dart: native offline checklist successor keeps its edited item after Undo cold replay
2026-10-10T17:50:08.2932935Z HISTORICAL_RECOMPLETION Undo cold replay: Native item Saved ChildItemA
2026-10-10T17:50:08.2938138Z ##[endgroup]
2026-10-10T17:50:08.5418553Z ##[group]✅ Passing tests
2026-10-10T17:50:08.5419904Z ✅ /home/runner/work/tandemlog/tandemlog/test/task_editor_tags_test.dart: single Save adds pending query without replacing selected tags
2026-10-10T17:50:08.5696958Z ✅ /home/runner/work/tandemlog/tandemlog/test/native_checklist_recompletion_test.dart: native recurrence without checklist reinitializes untouched child
2026-10-10T17:50:08.9219676Z ✅ /home/runner/work/tandemlog/tandemlog/test/native_checklist_recompletion_test.dart: native recurrence without checklist retains edited child
2026-10-10T17:50:08.9781491Z ✅ /home/runner/work/tandemlog/tandemlog/test/task_editor_tags_test.dart: pending query participates in canClose; Cancel retains it, Save commits it
2026-10-10T17:50:09.3982039Z ✅ /home/runner/work/tandemlog/tandemlog/test/task_editor_tags_test.dart: bulk Remove cannot create an unknown tag from an unfinished query
2026-10-10T17:50:10.1084794Z ✅ /home/runner/work/tandemlog/tandemlog/test/recurring_text_test.dart: failed native admission discards rejected replay authority and recovers, cancellation fault=false
2026-10-10T17:50:10.1700119Z ✅ /home/runner/work/tandemlog/tandemlog/test/recurring_text_test.dart: failed native admission discards rejected replay authority and recovers, cancellation fault=true
2026-10-10T17:50:10.2027162Z ✅ /home/runner/work/tandemlog/tandemlog/test/checklist_storage_test.dart: stale inline reorder stops before receipt after peer refresh
2026-10-10T17:50:10.2512360Z ✅ /home/runner/work/tandemlog/tandemlog/test/recurring_text_test.dart: actual native recurring inherited text new reference proofs preserve old exact-state proofs and reject substitution
2026-10-10T17:50:10.9425018Z ✅ /home/runner/work/tandemlog/tandemlog/test/checklist_storage_test.dart: one-level items have native title/notes, completion, order and targeted Undo
2026-10-10T17:50:10.9460165Z ✅ /home/runner/work/tandemlog/tandemlog/test/recurring_text_test.dart: actual native recurring inherited text resolver shares recurrence references and advances native history once
2026-10-10T17:50:10.9782011Z ✅ /home/runner/work/tandemlog/tandemlog/test/recurring_text_test.dart: actual native recurring inherited text memo preserves union and rejects sparse closed prefixes after a hit
2026-10-10T17:50:11.0581707Z ✅ /home/runner/work/tandemlog/tandemlog/test/recurring_text_test.dart: actual native recurring inherited text memo budgets evict without changing replay or requiring native checkpoints
2026-10-10T17:50:11.2655552Z ✅ /home/runner/work/tandemlog/tandemlog/test/checklist_storage_test.dart: nested, non-task parents and cross-parent move anchors append nothing
2026-10-10T17:50:11.7307441Z ✅ /home/runner/work/tandemlog/tandemlog/test/recurring_text_test.dart: actual native recurring inherited text shared originals remain bounded without evicting the latest edited proof
2026-10-10T17:50:11.7729539Z ✅ /home/runner/work/tandemlog/tandemlog/test/recurring_text_test.dart: actual native recurring inherited text offline title and notes union preserves acknowledged child prefix and duplicates
2026-10-10T17:50:11.7905171Z ✅ /home/runner/work/tandemlog/tandemlog/test/recurring_text_test.dart: actual native recurring inherited text later parent edits flow only through another completion and Undo retains contributions
2026-10-10T17:50:11.8141901Z ✅ /home/runner/work/tandemlog/tandemlog/test/recurring_text_test.dart: actual native recurring inherited text missing proof is pending; known wrong context or state hash is invalid
2026-10-10T17:50:11.8198748Z ✅ /home/runner/work/tandemlog/tandemlog/test/recurring_text_test.dart: actual native recurring inherited text actual foreign struct author is rejected
2026-10-10T17:50:11.8260269Z ✅ /home/runner/work/tandemlog/tandemlog/test/recurring_text_test.dart: actual native recurring inherited text reusing another writer’s actor claim is rejected
2026-10-10T17:50:11.8510912Z ✅ /home/runner/work/tandemlog/tandemlog/test/recurring_text_test.dart: actual native recurring inherited text grandchild prefix excludes a late ancestor completion
2026-10-10T17:50:11.8830840Z ✅ /home/runner/work/tandemlog/tandemlog/test/recurring_text_test.dart: actual native recurring inherited text missing current grant waits but a closed incomplete proof rejects
2026-10-10T17:50:11.9057157Z ✅ /home/runner/work/tandemlog/tandemlog/test/recurring_text_test.dart: actual native recurring inherited text union visible overflow rejects without modifying canonical inputs
2026-10-10T17:50:12.1000936Z ✅ /home/runner/work/tandemlog/tandemlog/test/checklist_storage_test.dart: recurrence copies fresh unchecked items preserving order and native field identities
2026-10-10T17:50:12.5831947Z ✅ /home/runner/work/tandemlog/tandemlog/test/local_profile_migration_test.dart: fresh profile creates one DB and stable settings identity without lock files
2026-10-10T17:50:13.1166188Z ✅ /home/runner/work/tandemlog/tandemlog/test/local_profile_migration_test.dart: verified full import cleans known originals, preserves unknown/canonical data and identity
2026-10-10T17:50:13.3348366Z ✅ /home/runner/work/tandemlog/tandemlog/test/checklist_storage_test.dart: offline completions union item text and membership while preserving successor edits
2026-10-10T17:50:13.4383476Z ✅ /home/runner/work/tandemlog/tandemlog/test/local_profile_migration_test.dart: restart resumes without identity change at import.started
2026-10-10T17:50:13.5751262Z ✅ /home/runner/work/tandemlog/tandemlog/test/checklist_storage_test.dart: scalar parent can recur with native checklist without a forced parent text baseline
2026-10-10T17:50:13.7382332Z ✅ /home/runner/work/tandemlog/tandemlog/test/local_profile_migration_test.dart: restart resumes without identity change at files.imported
2026-10-10T17:50:14.0463411Z ✅ /home/runner/work/tandemlog/tandemlog/test/local_profile_migration_test.dart: restart resumes without identity change at caches.imported
2026-10-10T17:50:14.0534889Z ✅ /home/runner/work/tandemlog/tandemlog/test/checklist_storage_test.dart: historical recompletion leaves the independently initialized child checklist untouched
2026-10-10T17:50:14.3527794Z ✅ /home/runner/work/tandemlog/tandemlog/test/local_profile_migration_test.dart: restart resumes without identity change at cleanup.planned
2026-10-10T17:50:14.5953905Z ✅ /home/runner/work/tandemlog/tandemlog/test/checklist_storage_test.dart: saved item completion/move/delete protects successor from completion Undo
2026-10-10T17:50:14.6617264Z ✅ /home/runner/work/tandemlog/tandemlog/test/local_profile_migration_test.dart: restart resumes without identity change at sources.verified
2026-10-10T17:50:14.9752714Z ✅ /home/runner/work/tandemlog/tandemlog/test/local_profile_migration_test.dart: restart resumes without identity change at activation.before
2026-10-10T17:50:15.2101922Z ✅ /home/runner/work/tandemlog/tandemlog/test/local_profile_migration_test.dart: restart resumes without identity change at activation.committed
2026-10-10T17:50:15.4047518Z ✅ /home/runner/work/tandemlog/tandemlog/test/checklist_storage_test.dart: late offline copy cannot overwrite a saved child order or checked state
2026-10-10T17:50:15.4449049Z ✅ /home/runner/work/tandemlog/tandemlog/test/local_profile_migration_test.dart: restart resumes without identity change at cleanup.marked
2026-10-10T17:50:15.6862259Z ✅ /home/runner/work/tandemlog/tandemlog/test/local_profile_migration_test.dart: restart resumes without identity change at cleanup.deleted
2026-10-10T17:50:15.9371756Z ✅ /home/runner/work/tandemlog/tandemlog/test/local_profile_migration_test.dart: restart resumes without identity change at cleanup.committed
2026-10-10T17:50:15.9839425Z ✅ /home/runner/work/tandemlog/tandemlog/test/checklist_storage_test.dart: scalar-mode checklist history also preserves initialized child on historical recompletion
2026-10-10T17:50:16.1713301Z ✅ /home/runner/work/tandemlog/tandemlog/test/local_profile_migration_test.dart: restart resumes without identity change at cleanup.finished
2026-10-10T17:50:16.2767735Z ✅ /home/runner/work/tandemlog/tandemlog/test/local_profile_migration_test.dart: activated private intent cannot disappear without atomic retirement proof
2026-10-10T17:50:16.6739267Z ✅ /home/runner/work/tandemlog/tandemlog/test/checklist_storage_test.dart: copied-item native proofs work through three generations and exact membership cannot be forged
2026-10-10T17:50:17.1597486Z ✅ /home/runner/work/tandemlog/tandemlog/test/checklist_storage_test.dart: untouched copied items follow successor suppression and identical cold/warm cache replay
2026-10-10T17:50:18.0987223Z ✅ /home/runner/work/tandemlog/tandemlog/test/stable_v3_compatibility_test.dart: first stable v3 bytes, identities, clocks and event meanings stay frozen
2026-10-10T17:50:18.5707937Z ✅ /home/runner/work/tandemlog/tandemlog/test/stable_v3_compatibility_test.dart: frozen history converges after arrival [22222222-2222-4222-8222-222222222222, 33333333-3333-4333-8333-333333333333] and cache rebuild
2026-10-10T17:50:18.7788425Z ✅ /home/runner/work/tandemlog/tandemlog/test/stable_v3_compatibility_test.dart: frozen history converges after arrival [33333333-3333-4333-8333-333333333333, 22222222-2222-4222-8222-222222222222] and cache rebuild
2026-10-10T17:50:19.0063724Z ✅ /home/runner/work/tandemlog/tandemlog/test/stable_v3_compatibility_test.dart: new writer extends frozen v3 without rewriting prior history
2026-10-10T17:50:19.4001964Z ✅ /home/runner/work/tandemlog/tandemlog/test/local_profile_migration_test.dart: actual crash-retained legacy WAL and SHM import and cleanup
2026-10-10T17:50:19.5730379Z ✅ /home/runner/work/tandemlog/tandemlog/test/local_profile_migration_test.dart: cleanup boundary rechecks target before deleting the source
2026-10-10T17:50:19.7007401Z ✅ /home/runner/work/tandemlog/tandemlog/test/text_cache_inheritance_test.dart: resolved inherited cache preserves original claims and rebuilds corrupt disposable state
2026-10-10T17:50:19.7612504Z ✅ /home/runner/work/tandemlog/tandemlog/test/local_profile_migration_test.dart: valid guard regression after activation retains original authority
2026-10-10T17:50:19.9942358Z ✅ /home/runner/work/tandemlog/tandemlog/test/local_profile_migration_test.dart: changed cleanup source fails closed and resumes only after exact restoration
2026-10-10T17:50:20.1421647Z ✅ /home/runner/work/tandemlog/tandemlog/test/local_profile_migration_test.dart: missing protected_settings at final activation gate retains originals
2026-10-10T17:50:20.2738930Z ✅ /home/runner/work/tandemlog/tandemlog/test/local_profile_migration_test.dart: missing protected_writer_guards at final activation gate retains originals
2026-10-10T17:50:20.4184447Z ✅ /home/runner/work/tandemlog/tandemlog/test/local_profile_migration_test.dart: missing protected_cache_imports at final activation gate retains originals
2026-10-10T17:50:20.4687825Z ✅ /home/runner/work/tandemlog/tandemlog/test/local_profile_migration_test.dart: sole exact private intent lost at final activation gate retains its file
2026-10-10T17:50:20.7348421Z ✅ /home/runner/work/tandemlog/tandemlog/test/local_profile_migration_test.dart: orphan temporary authority and linked cleanup sources remain untouched
2026-10-10T17:50:22.6638393Z ✅ /home/runner/work/tandemlog/tandemlog/test/task_entry_area_test.dart: selection swaps preserve slot geometry, draft and semantics
2026-10-10T17:50:23.3175176Z ✅ /home/runner/work/tandemlog/tandemlog/test/android_recovery_harness_test.dart: populated shared folder is rejected before native initialization
2026-10-10T17:50:23.9107399Z ✅ /home/runner/work/tandemlog/tandemlog/test/local_profile_migration_test.dart: SIGKILL recovery retains identity and canonical bytes at files.imported
2026-10-10T17:50:24.6449076Z ✅ /home/runner/work/tandemlog/tandemlog/test/android_recovery_harness_test.dart: bounded recovery harness passes all six synthetic cases
2026-10-10T17:50:25.6522027Z ✅ /home/runner/work/tandemlog/tandemlog/test/checklist_delivery_test.dart: remote item waits for missing task parent then attaches once without appearing as a task
2026-10-10T17:50:25.8022466Z ✅ /home/runner/work/tandemlog/tandemlog/test/checklist_delivery_test.dart: late user parent invalidates retained item transactionally
2026-10-10T17:50:25.9419089Z ✅ /home/runner/work/tandemlog/tandemlog/test/checklist_delivery_test.dart: late item parent invalidates retained item transactionally
2026-10-10T17:50:26.1442507Z ✅ /home/runner/work/tandemlog/tandemlog/test/checklist_delivery_test.dart: late same-parent creation anchor settles item order and duplicates do not add items
2026-10-10T17:50:26.3843005Z ✅ /home/runner/work/tandemlog/tandemlog/test/checklist_delivery_test.dart: late cross-parent move anchor rolls back arrival without changing the pending source item
2026-10-10T17:50:26.4947092Z ✅ /home/runner/work/tandemlog/tandemlog/test/checklist_delivery_test.dart: late user creation anchor rejects with transactional rollback
2026-10-10T17:50:26.6406063Z ✅ /home/runner/work/tandemlog/tandemlog/test/checklist_delivery_test.dart: late task creation anchor rejects with transactional rollback
2026-10-10T17:50:26.9688988Z ✅ /home/runner/work/tandemlog/tandemlog/test/checklist_delivery_test.dart: copy contribution waits for its source frontier then reconstructs unchecked native item exactly
2026-10-10T17:50:26.9981580Z ✅ /home/runner/work/tandemlog/tandemlog/test/local_profile_migration_test.dart: SIGKILL recovery retains identity and canonical bytes at cleanup.planned
2026-10-10T17:50:27.2521806Z ✅ /home/runner/work/tandemlog/tandemlog/test/checklist_delivery_test.dart: forged membership copy rejects before receipt and leaves canonical history untouched
2026-10-10T17:50:27.5748826Z ✅ /home/runner/work/tandemlog/tandemlog/test/checklist_delivery_test.dart: forged order copy rejects before receipt and leaves canonical history untouched
2026-10-10T17:50:27.8798859Z ✅ /home/runner/work/tandemlog/tandemlog/test/checklist_delivery_test.dart: forged visible text copy rejects before receipt and leaves canonical history untouched
2026-10-10T17:50:28.1309352Z ✅ /home/runner/work/tandemlog/tandemlog/test/checklist_delivery_test.dart: forged history proof copy rejects before receipt and leaves canonical history untouched
2026-10-10T17:50:28.4772593Z ✅ /home/runner/work/tandemlog/tandemlog/test/checklist_delivery_test.dart: forged source parent copy rejects before receipt and leaves canonical history untouched
2026-10-10T17:50:28.6412543Z ✅ /home/runner/work/tandemlog/tandemlog/test/checklist_delivery_test.dart: copied ID collision with independent task rejects before receipt
2026-10-10T17:50:28.8175184Z ✅ /home/runner/work/tandemlog/tandemlog/test/checklist_delivery_test.dart: copied ID collision with independent item rejects before receipt
2026-10-10T17:50:29.2914238Z ✅ /home/runner/work/tandemlog/tandemlog/test/checklist_delivery_test.dart: late duplicate copy contribution preserves child-owned ordering and check state
2026-10-10T17:50:29.6387227Z ✅ /home/runner/work/tandemlog/tandemlog/test/checklist_delivery_test.dart: parent recurrence preserves live item private draft and later source Save does not flow into copied notes
2026-10-10T17:50:29.9972751Z ✅ /home/runner/work/tandemlog/tandemlog/test/checklist_delivery_test.dart: item private drafts, pre-append Save cancellation and scoped Undo preserve another item
2026-10-10T17:50:30.1419146Z ✅ /home/runner/work/tandemlog/tandemlog/test/local_profile_migration_test.dart: SIGKILL recovery retains identity and canonical bytes at activation.committed
2026-10-10T17:50:32.4996404Z ✅ /home/runner/work/tandemlog/tandemlog/test/text_store_test.dart: actual native TaskStore successive closed-editor replacements Undo without duplicating restored identities
2026-10-10T17:50:32.8193584Z ✅ /home/runner/work/tandemlog/tandemlog/test/text_store_test.dart: actual native TaskStore acknowledged unregistered Save blocks stale native Undo without appending
2026-10-10T17:50:33.0973626Z ✅ /home/runner/work/tandemlog/tandemlog/test/text_store_test.dart: actual native TaskStore mixed native ordering survives warm reopen and canonical rebuild
2026-10-10T17:50:33.2604180Z ✅ /home/runner/work/tandemlog/tandemlog/test/local_profile_migration_test.dart: SIGKILL recovery retains identity and canonical bytes at cleanup.marked
2026-10-10T17:50:33.3438187Z ✅ /home/runner/work/tandemlog/tandemlog/test/text_store_test.dart: actual native TaskStore native recurring completion proves its immutable inheritance (native creation: true)
2026-10-10T17:50:33.5849269Z ✅ /home/runner/work/tandemlog/tandemlog/test/text_store_test.dart: actual native TaskStore native recurring completion proves its immutable inheritance (native creation: false)
2026-10-10T17:50:34.2082059Z ✅ /home/runner/work/tandemlog/tandemlog/test/text_store_test.dart: actual native TaskStore causal peer reuse retains original character ownership through selective Undo
2026-10-10T17:50:34.4539202Z ✅ /home/runner/work/tandemlog/tandemlog/test/text_store_test.dart: actual native TaskStore explicit mixed historical inheritance refuses without changing history
2026-10-10T17:50:35.3928381Z ✅ /home/runner/work/tandemlog/tandemlog/test/text_store_test.dart: actual native TaskStore repeated cancelled editors release source documents while saved scoped Undo survives
2026-10-10T17:50:35.6358213Z ✅ /home/runner/work/tandemlog/tandemlog/test/text_store_test.dart: actual native TaskStore native guard ignores remote text while preserving metadata and creation tags
2026-10-10T17:50:35.9162691Z ✅ /home/runner/work/tandemlog/tandemlog/test/text_store_test.dart: actual native TaskStore Undo naming remote-deleted latest Save never consumes an older Save
2026-10-10T17:50:36.1691797Z ✅ /home/runner/work/tandemlog/tandemlog/test/text_store_test.dart: actual native TaskStore unknown native Undo preserves exact compensation retry restart=false
2026-10-10T17:50:36.3608609Z ✅ /home/runner/work/tandemlog/tandemlog/test/local_profile_migration_test.dart: SIGKILL recovery retains identity and canonical bytes at cleanup.deleted
2026-10-10T17:50:36.3998102Z ✅ /home/runner/work/tandemlog/tandemlog/test/text_store_test.dart: actual native TaskStore unknown native Undo preserves exact compensation retry restart=true
2026-10-10T17:50:36.6703149Z ✅ /home/runner/work/tandemlog/tandemlog/test/text_store_test.dart: actual native TaskStore session Undo survives editor close and touches only canonical changed fields
2026-10-10T17:50:36.7887603Z ✅ /home/runner/work/tandemlog/tandemlog/test/text_store_test.dart: actual native TaskStore bulk capture with native engine creates independently editable native tasks
2026-10-10T17:50:37.0387683Z ✅ /home/runner/work/tandemlog/tandemlog/test/text_store_test.dart: actual native TaskStore native compensation restores deletion and retracts only original nontext effects
2026-10-10T17:50:37.2389174Z ✅ /home/runner/work/tandemlog/tandemlog/test/text_store_test.dart: actual native TaskStore buffered native dependency survives full SQLite cache loss and settles on late parent
2026-10-10T17:50:37.6308360Z ✅ /home/runner/work/tandemlog/tandemlog/test/text_store_test.dart: actual native TaskStore missing baseline prefixes stay pending and competing roots block only legacy text
2026-10-10T17:50:38.0146540Z ✅ /home/runner/work/tandemlog/tandemlog/test/text_store_test.dart: actual native TaskStore offline peers merge owned packets and preserve atomic metadata after cache loss
2026-10-10T17:50:38.1824914Z ✅ /home/runner/work/tandemlog/tandemlog/test/text_store_test.dart: actual native TaskStore one legacy baseline excludes late scalar text and preserves nontext changes
2026-10-10T17:50:38.3018285Z ✅ /home/runner/work/tandemlog/tandemlog/test/text_store_test.dart: actual native TaskStore unknown append exact receipt after restart cacheLoss=false afterAppend=false
2026-10-10T17:50:38.4160389Z ✅ /home/runner/work/tandemlog/tandemlog/test/text_store_test.dart: actual native TaskStore unknown append exact receipt after restart cacheLoss=true afterAppend=false
2026-10-10T17:50:38.5175170Z ✅ /home/runner/work/tandemlog/tandemlog/test/text_store_test.dart: actual native TaskStore unknown append exact receipt after restart cacheLoss=false afterAppend=true
2026-10-10T17:50:38.6473378Z ✅ /home/runner/work/tandemlog/tandemlog/test/text_store_test.dart: actual native TaskStore unknown append exact receipt after restart cacheLoss=true afterAppend=true
2026-10-10T17:50:38.7277876Z ✅ /home/runner/work/tandemlog/tandemlog/test/text_store_test.dart: actual native TaskStore misnamed private native intent rejects recovery before append and retains evidence
2026-10-10T17:50:38.8346969Z ✅ /home/runner/work/tandemlog/tandemlog/test/text_store_test.dart: actual native TaskStore new native creation verifies actor1 seed and persists full native state
2026-10-10T17:50:38.9730731Z ✅ /home/runner/work/tandemlog/tandemlog/test/text_store_test.dart: actual native TaskStore native storage extends cache13 without replaying frozen v3 logs
2026-10-10T17:50:39.6131207Z ✅ /home/runner/work/tandemlog/tandemlog/test/local_profile_migration_test.dart: SIGKILL recovery retains identity and canonical bytes at cleanup.committed
2026-10-10T17:50:39.7411788Z ✅ /home/runner/work/tandemlog/tandemlog/test/legacy_protected_files_import_test.dart: imports exact identity, reservations and pending bytes; deletes nothing
2026-10-10T17:50:39.8252316Z ✅ /home/runner/work/tandemlog/tandemlog/test/legacy_protected_files_import_test.dart: import interruption before commit rolls back every protected file
2026-10-10T17:50:39.9115092Z ✅ /home/runner/work/tandemlog/tandemlog/test/legacy_protected_files_import_test.dart: repeat import preserves subsequent acknowledged guard state
2026-10-10T17:50:39.9835133Z ✅ /home/runner/work/tandemlog/tandemlog/test/legacy_protected_files_import_test.dart: changed legacy authority after import is retained and rejected
2026-10-10T17:50:40.0056169Z ✅ /home/runner/work/tandemlog/tandemlog/test/legacy_protected_files_import_test.dart: legacy profile lease prevents concurrent migration
2026-10-10T17:50:40.0458822Z ✅ /home/runner/work/tandemlog/tandemlog/test/legacy_protected_files_import_test.dart: guard conflicts fail without overwriting either authority
2026-10-10T17:50:40.0837653Z ✅ /home/runner/work/tandemlog/tandemlog/test/legacy_protected_files_import_test.dart: bad indexed intent binding cannot verify first import
2026-10-10T17:50:40.1502051Z ✅ /home/runner/work/tandemlog/tandemlog/test/legacy_protected_files_import_test.dart: bad indexed intent binding cannot verify repeat import
2026-10-10T17:50:40.2261744Z ✅ /home/runner/work/tandemlog/tandemlog/test/legacy_protected_files_import_test.dart: repeat import rejects lost previously imported reservations
2026-10-10T17:50:40.2989859Z ✅ /home/runner/work/tandemlog/tandemlog/test/legacy_protected_files_import_test.dart: repeat import rejects changed previously imported reservations
2026-10-10T17:50:40.3691946Z ✅ /home/runner/work/tandemlog/tandemlog/test/legacy_protected_files_import_test.dart: missing previously imported guard source is rejected
2026-10-10T17:50:40.4331909Z ✅ /home/runner/work/tandemlog/tandemlog/test/legacy_protected_files_import_test.dart: settings index must agree with preserved raw installation UUID
2026-10-10T17:50:40.4823672Z ✅ /home/runner/work/tandemlog/tandemlog/test/legacy_protected_files_import_test.dart: source replacement after commit cannot mark import verified
2026-10-10T17:50:40.5072701Z ✅ /home/runner/work/tandemlog/tandemlog/test/legacy_protected_files_import_test.dart: recognized symlink source is rejected without following it
2026-10-10T17:50:40.6706696Z ✅ /home/runner/work/tandemlog/tandemlog/test/recurring_completion_undo_test.dart: true Undo suppresses untouched successor, preserves bytes, and survives rebuild
2026-10-10T17:50:40.9877164Z ✅ /home/runner/work/tandemlog/tandemlog/test/recurring_completion_undo_test.dart: ordinary Reopen retains successor and generic recurring Undo rejects
2026-10-10T17:50:41.2205633Z ✅ /home/runner/work/tandemlog/tandemlog/test/recurring_completion_undo_test.dart: edit protects successor from cleanup
2026-10-10T17:50:41.4597186Z ✅ /home/runner/work/tandemlog/tandemlog/test/recurring_completion_undo_test.dart: tags protects successor from cleanup
2026-10-10T17:50:41.6783650Z ✅ /home/runner/work/tandemlog/tandemlog/test/recurring_completion_undo_test.dart: move protects successor from cleanup
2026-10-10T17:50:41.9298071Z ✅ /home/runner/work/tandemlog/tandemlog/test/recurring_completion_undo_test.dart: complete protects successor from cleanup
2026-10-10T17:50:42.1457607Z ✅ /home/runner/work/tandemlog/tandemlog/test/recurring_completion_undo_test.dart: delete protects successor from cleanup
2026-10-10T17:50:42.4002067Z ✅ /home/runner/work/tandemlog/tandemlog/test/recurring_completion_undo_test.dart: anchor protects successor from cleanup
2026-10-10T17:50:42.6313985Z ✅ /home/runner/work/tandemlog/tandemlog/test/recurring_completion_undo_test.dart: undoneEdit protects successor from cleanup
2026-10-10T17:50:42.9661108Z ✅ /home/runner/work/tandemlog/tandemlog/test/recurring_completion_undo_test.dart: late remote edit restores protected successor and converges after rebuild
2026-10-10T17:50:43.3096968Z ✅ /home/runner/work/tandemlog/tandemlog/test/recurring_completion_undo_test.dart: late remote completion restores protected successor and converges after rebuild
2026-10-10T17:50:43.6166533Z ✅ /home/runner/work/tandemlog/tandemlog/test/recurring_completion_undo_test.dart: late remote anchor restores protected successor and converges after rebuild
2026-10-10T17:50:43.9584786Z ✅ /home/runner/work/tandemlog/tandemlog/test/recurring_completion_undo_test.dart: untouched recompletion uses surviving snapshot and current parent position
2026-10-10T17:50:44.2154829Z ✅ /home/runner/work/tandemlog/tandemlog/test/recurring_completion_undo_test.dart: mixed Undo confirms only prefix and retries cleanup (0 retained)
2026-10-10T17:50:44.4915457Z ✅ /home/runner/work/tandemlog/tandemlog/test/recurring_completion_undo_test.dart: mixed Undo confirms only prefix and retries cleanup (1 retained)
2026-10-10T17:50:44.6814777Z ✅ /home/runner/work/tandemlog/tandemlog/test/recurring_completion_undo_test.dart: new cleanup rejects nonrecurring and wrong-task targets before append
2026-10-10T17:50:44.8327715Z ✅ /home/runner/work/tandemlog/tandemlog/test/recurring_completion_undo_test.dart: delayed valid cleanup suppresses successor once its target arrives
2026-10-10T17:50:45.0127882Z ✅ /home/runner/work/tandemlog/tandemlog/test/recurring_completion_undo_test.dart: delayed nonrecurring and forward cleanup targets fail transactionally
2026-10-10T17:50:45.1764266Z ✅ /home/runner/work/tandemlog/tandemlog/test/recurring_completion_undo_test.dart: generic recurring Undo rejects transactionally when completion arrives late
2026-10-10T17:50:45.3141436Z ✅ /home/runner/work/tandemlog/tandemlog/test/recurring_completion_undo_test.dart: new cleanup wire schema rejects extra fields and malformed references
2026-10-10T17:50:45.4946349Z ✅ /home/runner/work/tandemlog/tandemlog/test/recurring_completion_undo_test.dart: pure seed selection is independent of arrival order and preserves historical Undo
2026-10-10T17:50:48.1338667Z ✅ /home/runner/work/tandemlog/tandemlog/test/checklist_item_native_editor_test.dart: remote deleted parent rejects private native Save without receipt and permits Discard
2026-10-10T17:50:48.3189483Z ✅ /home/runner/work/tandemlog/tandemlog/test/checklist_item_native_editor_test.dart: native caret-only edits stay clean; composition propagates; committed merged text renews before close
2026-10-10T17:50:48.4634051Z ##[endgroup]
2026-10-10T17:50:48.4636250Z ##[group]✅ /home/runner/work/tandemlog/tandemlog/test/date_time_layout_test.dart: populated rows fit at measured boundary and retain composing drafts
2026-10-10T17:50:48.4638043Z LAYOUT bulk=false scale=1.0 rowBoundary=392.0
2026-10-10T17:50:48.4640419Z LAYOUT bulk=false scale=1.3 rowBoundary=456.0
2026-10-10T17:50:48.4641319Z LAYOUT bulk=false scale=2.0 rowBoundary=628.0
2026-10-10T17:50:48.4642013Z LAYOUT bulk=true scale=1.0 rowBoundary=488.0
2026-10-10T17:50:48.4643125Z LAYOUT bulk=true scale=1.3 rowBoundary=552.0
2026-10-10T17:50:48.4643803Z LAYOUT bulk=true scale=2.0 rowBoundary=724.0
2026-10-10T17:50:48.4644596Z ##[endgroup]
2026-10-10T17:50:48.8090203Z ##[group]✅ Passing tests
2026-10-10T17:50:48.8091811Z ✅ /home/runner/work/tandemlog/tandemlog/test/undo_history_test.dart: failed receipt ID reuse confirms only exact successful retry bytes
2026-10-10T17:50:48.8197627Z ✅ /home/runner/work/tandemlog/tandemlog/test/undo_history_test.dart: grouped partial retry and independent actions step through bounded history
2026-10-10T17:50:48.9532825Z ✅ /home/runner/work/tandemlog/tandemlog/test/view_clock_test.dart: exact boundary updates without edits; watchdog avoids projection
2026-10-10T17:50:48.9612334Z ✅ /home/runner/work/tandemlog/tandemlog/test/view_clock_test.dart: resume samples current time after skipped boundaries without replay
2026-10-10T17:50:48.9632841Z ✅ /home/runner/work/tandemlog/tandemlog/test/view_clock_test.dart: native invalidation immediate; fallback detects clock and zone changes
2026-10-10T17:50:48.9697977Z ✅ /home/runner/work/tandemlog/tandemlog/test/view_clock_test.dart: delayed wake uses current instant and input invalidation rearms
2026-10-10T17:50:48.9726245Z ✅ /home/runner/work/tandemlog/tandemlog/test/view_clock_test.dart: cancelled workspace timer cannot publish and callback can dispose
2026-10-10T17:50:48.9822123Z ✅ /home/runner/work/tandemlog/tandemlog/test/view_clock_test.dart: callback disposal and invalid boundary cannot produce timer loops
2026-10-10T17:50:49.1022366Z ✅ /home/runner/work/tandemlog/tandemlog/test/view_clock_test.dart: injected calendar boundary crosses DST day 2027-03-14
2026-10-10T17:50:49.1567000Z ✅ /home/runner/work/tandemlog/tandemlog/test/view_clock_test.dart: injected calendar boundary crosses DST day 2027-11-07
2026-10-10T17:50:49.7507004Z ✅ /home/runner/work/tandemlog/tandemlog/test/storage_test.dart: local task deletion targeting user rejects before canonical append
2026-10-10T17:50:49.8601086Z ✅ /home/runner/work/tandemlog/tandemlog/test/storage_test.dart: delayed remote user creation resolves pending task deletion as transactional error
2026-10-10T17:50:50.0652175Z ✅ /home/runner/work/tandemlog/tandemlog/test/incremental_history_test.dart: cache reopen and repeated unchanged refresh read zero log bytes at 10240 bytes
2026-10-10T17:50:50.1727653Z ✅ /home/runner/work/tandemlog/tandemlog/test/storage_test.dart: bulk edit reconciles durable append after refresh failure before retry
2026-10-10T17:50:50.4445190Z ✅ /home/runner/work/tandemlog/tandemlog/test/storage_test.dart: bulk delete reconciles durable append after refresh failure before retry
2026-10-10T17:50:50.6879962Z ✅ /home/runner/work/tandemlog/tandemlog/test/storage_test.dart: bulk move reconciles durable append after refresh failure before retry
2026-10-10T17:50:50.7205896Z ✅ /home/runner/work/tandemlog/tandemlog/test/incremental_history_test.dart: cache reopen and repeated unchanged refresh read zero log bytes at 1048576 bytes
2026-10-10T17:50:50.8196619Z ✅ /home/runner/work/tandemlog/tandemlog/test/incremental_history_test.dart: same-length historical rewrite stays cached until explicit verification; fresh cache rejects invalid selfhash
2026-10-10T17:50:50.8973271Z ✅ /home/runner/work/tandemlog/tandemlog/test/incremental_history_test.dart: explicit verification checks newly observed ranges after append and reopen
2026-10-10T17:50:50.9009292Z ✅ /home/runner/work/tandemlog/tandemlog/test/storage_test.dart: bulk patch preserves mixed fields and observed tags; invalid patch writes nothing
2026-10-10T17:50:50.9812952Z ✅ /home/runner/work/tandemlog/tandemlog/test/incremental_history_test.dart: successful explicit verification compacts checked ranges into a new whole-prefix baseline
2026-10-10T17:50:51.0406351Z ✅ /home/runner/work/tandemlog/tandemlog/test/incremental_history_test.dart: missing admitted log fails on resume and cold reopen without content reads
2026-10-10T17:50:51.1003721Z ✅ /home/runner/work/tandemlog/tandemlog/test/incremental_history_test.dart: truncated admitted log fails on resume and cold reopen without content reads
2026-10-10T17:50:51.1482633Z ✅ /home/runner/work/tandemlog/tandemlog/test/incremental_history_test.dart: truncation between size observation and fresh seek fails without advancing cache
2026-10-10T17:50:51.1814239Z ✅ /home/runner/work/tandemlog/tandemlog/test/storage_test.dart: bulk guard rechecks before the batch append; retry block uses global order
2026-10-10T17:50:51.2114193Z ✅ /home/runner/work/tandemlog/tandemlog/test/incremental_history_test.dart: atomic replacement with growth reads only new suffix and audits changed old prefix explicitly
2026-10-10T17:50:51.2756848Z ✅ /home/runner/work/tandemlog/tandemlog/test/incremental_history_test.dart: partial remote tail advances only complete records, then admits completed tail exactly once
2026-10-10T17:50:51.3393906Z ✅ /home/runner/work/tandemlog/tandemlog/test/incremental_history_test.dart: new records remain strict and a failed batch leaves ranges and offset unchanged
2026-10-10T17:50:51.3942337Z ✅ /home/runner/work/tandemlog/tandemlog/test/incremental_history_test.dart: seeked new space rejects transactionally without advancing admitted bytes
2026-10-10T17:50:51.4477341Z ✅ /home/runner/work/tandemlog/tandemlog/test/incremental_history_test.dart: seeked new writer rejects transactionally without advancing admitted bytes
2026-10-10T17:50:51.4921476Z ✅ /home/runner/work/tandemlog/tandemlog/test/incremental_history_test.dart: seeked new sequence rejects transactionally without advancing admitted bytes
2026-10-10T17:50:51.5410817Z ✅ /home/runner/work/tandemlog/tandemlog/test/incremental_history_test.dart: seeked new clock rejects transactionally without advancing admitted bytes
2026-10-10T17:50:51.5476083Z ✅ /home/runner/work/tandemlog/tandemlog/test/storage_test.dart: offline edits and completions cannot resurrect deletion; successor survives restart
2026-10-10T17:50:51.5869822Z ✅ /home/runner/work/tandemlog/tandemlog/test/incremental_history_test.dart: seeked new blank rejects transactionally without advancing admitted bytes
2026-10-10T17:50:51.6309882Z ✅ /home/runner/work/tandemlog/tandemlog/test/incremental_history_test.dart: seeked new undo reference rejects transactionally without advancing admitted bytes
2026-10-10T17:50:51.6774766Z ✅ /home/runner/work/tandemlog/tandemlog/test/incremental_history_test.dart: seeked new tag reference rejects transactionally without advancing admitted bytes
2026-10-10T17:50:51.6886142Z ✅ /home/runner/work/tandemlog/tandemlog/test/storage_test.dart: stale bulk and invalid selections fail before any durable command
2026-10-10T17:50:51.7213537Z ✅ /home/runner/work/tandemlog/tandemlog/test/incremental_history_test.dart: seeked new move reference rejects transactionally without advancing admitted bytes
2026-10-10T17:50:51.7709630Z ✅ /home/runner/work/tandemlog/tandemlog/test/incremental_history_test.dart: oversized remote incomplete tail fails before admission
2026-10-10T17:50:51.8276710Z ✅ /home/runner/work/tandemlog/tandemlog/test/incremental_history_test.dart: explicit verification fails visibly when cached range coverage is incomplete
2026-10-10T17:50:51.8863444Z ✅ /home/runner/work/tandemlog/tandemlog/test/incremental_history_test.dart: unknown size provider honestly full-reads and verifies every refresh
2026-10-10T17:50:51.9409281Z ✅ /home/runner/work/tandemlog/tandemlog/test/incremental_history_test.dart: unseekable provider honestly full-reads and verifies every refresh
2026-10-10T17:50:52.0617520Z ✅ /home/runner/work/tandemlog/tandemlog/test/storage_test.dart: guarded move rejects changes arriving inside its refresh without append
2026-10-10T17:50:52.3441573Z ✅ /home/runner/work/tandemlog/tandemlog/test/storage_test.dart: typed due bounds are atomic across offline edits and rebuild
2026-10-10T17:50:52.5225764Z ✅ /home/runner/work/tandemlog/tandemlog/test/storage_test.dart: failed obsolete-cache replay preserves identity and prior stream guards on retry
2026-10-10T17:50:52.6186647Z ✅ /home/runner/work/tandemlog/tandemlog/test/incremental_history_test.dart: cache 10 upgrade replays once with retained baseline and then reads no historical bytes
2026-10-10T17:50:52.6424692Z ✅ /home/runner/work/tandemlog/tandemlog/test/storage_test.dart: future caches and v1 canonical protocol are retained and not auto-converted
2026-10-10T17:50:52.7180738Z ✅ /home/runner/work/tandemlog/tandemlog/test/incremental_history_test.dart: obsolete-cache replay preserves baseline guards through failed migration and retry
2026-10-10T17:50:52.8210881Z ✅ /home/runner/work/tandemlog/tandemlog/test/incremental_history_test.dart: owned incomplete append is visible after cold reopen and cannot confirm receipt
2026-10-10T17:50:52.8212613Z ✅ /home/runner/work/tandemlog/tandemlog/test/storage_test.dart: known obsolete cache rebuilds canonical state and retains backup
2026-10-10T17:50:52.9019244Z ✅ /home/runner/work/tandemlog/tandemlog/test/incremental_history_test.dart: new raw receipt cannot confirm a transport rewrite with equivalent JSON meaning
2026-10-10T17:50:53.0497713Z ✅ /home/runner/work/tandemlog/tandemlog/test/incremental_history_test.dart: seeked command receipts reject changed new raw bytes and durable retry is idempotent
2026-10-10T17:50:53.0949552Z ✅ /home/runner/work/tandemlog/tandemlog/test/incremental_history_test.dart: new suffix selfhash has exact diagnostic and never advances cache
2026-10-10T17:50:53.1254539Z ✅ /home/runner/work/tandemlog/tandemlog/test/storage_test.dart: reopen targets observed completions, is idempotent and survives restart
2026-10-10T17:50:53.1384371Z ✅ /home/runner/work/tandemlog/tandemlog/test/incremental_history_test.dart: new suffix previousHash has exact diagnostic and never advances cache
2026-10-10T17:50:53.1651921Z ✅ /home/runner/work/tandemlog/tandemlog/test/incremental_history_test.dart: fresh replay checks genesis even when every selfhash is valid
2026-10-10T17:50:53.2070123Z ✅ /home/runner/work/tandemlog/tandemlog/test/incremental_history_test.dart: full verification reports exact changed record with UTF8 byte offset
2026-10-10T17:50:53.2633628Z ✅ /home/runner/work/tandemlog/tandemlog/test/incremental_history_test.dart: successful full verification counts records and bytes without appending an event
2026-10-10T17:50:53.3098249Z ✅ /home/runner/work/tandemlog/tandemlog/test/storage_test.dart: reopen refresh does not expand the observed target set
2026-10-10T17:50:53.3308872Z ✅ /home/runner/work/tandemlog/tandemlog/test/incremental_history_test.dart: retained baseline detects recomputed chain while a fresh cache cannot authenticate it
2026-10-10T17:50:53.4003541Z ✅ /home/runner/work/tandemlog/tandemlog/test/incremental_history_test.dart: known final-record removal fails verification while fresh valid prefix remains admissible
2026-10-10T17:50:53.4628540Z ✅ /home/runner/work/tandemlog/tandemlog/test/incremental_history_test.dart: old v2 canonical history and cache are retained without migration
2026-10-10T17:50:53.5028728Z ✅ /home/runner/work/tandemlog/tandemlog/test/storage_test.dart: partial reopen retries without duplicating a committed undo
2026-10-10T17:50:53.5050265Z ✅ /home/runner/work/tandemlog/tandemlog/test/incremental_history_test.dart: full verification retains and rejects inconsistent cached chain_head
2026-10-10T17:50:53.5461990Z ✅ /home/runner/work/tandemlog/tandemlog/test/incremental_history_test.dart: full verification retains and rejects inconsistent cached last_seq
2026-10-10T17:50:53.5882314Z ✅ /home/runner/work/tandemlog/tandemlog/test/incremental_history_test.dart: full verification retains and rejects inconsistent cached last_clock
2026-10-10T17:50:53.6131688Z ✅ /home/runner/work/tandemlog/tandemlog/test/storage_test.dart: restart retains state and unchanged files avoid parsing/replay
2026-10-10T17:50:53.6719748Z ✅ /home/runner/work/tandemlog/tandemlog/test/incremental_history_test.dart: oversized partial suffix identifies exact absolute record and offset
2026-10-10T17:50:53.7126128Z ✅ /home/runner/work/tandemlog/tandemlog/test/incremental_history_test.dart: semantic failure identifies invalid move before later unrelated event
2026-10-10T17:50:53.7624123Z ✅ /home/runner/work/tandemlog/tandemlog/test/storage_test.dart: cache deletion rebuilds exact projection and writer stays stable
2026-10-10T17:50:53.9504981Z ✅ /home/runner/work/tandemlog/tandemlog/test/storage_test.dart: offline independent fields, duplicate transport and atomic replacement converge
2026-10-10T17:50:54.1236875Z ✅ /home/runner/work/tandemlog/tandemlog/test/storage_test.dart: concurrent completion survives targeted undo from another user
2026-10-10T17:50:54.2220746Z ✅ /home/runner/work/tandemlog/tandemlog/test/storage_test.dart: unknown version blocks import without checkpoint advancement
2026-10-10T17:50:54.2439186Z ✅ /home/runner/work/tandemlog/tandemlog/test/native_text_engine_test.dart: missing native library is an explicit failure
2026-10-10T17:50:54.2669886Z ✅ /home/runner/work/tandemlog/tandemlog/test/native_text_engine_test.dart: operation bytes require exact canonical Base64 and bounded size
2026-10-10T17:50:54.3347029Z ✅ /home/runner/work/tandemlog/tandemlog/test/storage_test.dart: malformed complete records are preserved and block writes
2026-10-10T17:50:54.4007824Z ✅ /home/runner/work/tandemlog/tandemlog/test/storage_test.dart: incomplete remote tail is retried after completion
2026-10-10T17:50:54.5018859Z ✅ /home/runner/work/tandemlog/tandemlog/test/storage_test.dart: explicit integrity check rejects changed same-length committed prefix
2026-10-10T17:50:54.6032271Z ✅ /home/runner/work/tandemlog/tandemlog/test/storage_test.dart: missing previously seen stream blocks writes
2026-10-10T17:50:54.7036920Z ✅ /home/runner/work/tandemlog/tandemlog/test/storage_test.dart: owned incomplete tail is not silently truncated
2026-10-10T17:50:54.8161674Z ✅ /home/runner/work/tandemlog/tandemlog/test/storage_test.dart: durable append before cache failure recovers once after restart
2026-10-10T17:50:54.9813126Z ✅ /home/runner/work/tandemlog/tandemlog/test/storage_test.dart: out-of-order entity dependency is retained and projected later
2026-10-10T17:50:55.1776163Z ✅ /home/runner/work/tandemlog/tandemlog/test/storage_test.dart: concurrent commands and refreshes serialize without duplicate sequence
2026-10-10T17:50:55.3606793Z ✅ /home/runner/work/tandemlog/tandemlog/test/storage_test.dart: invalid local commands leave canonical bytes unchanged
2026-10-10T17:50:55.3788311Z ✅ /home/runner/work/tandemlog/tandemlog/test/native_text_engine_test.dart: actual production FFI inspection reuse is immutable budget-specific and bounded
2026-10-10T17:50:55.3939102Z ✅ /home/runner/work/tandemlog/tandemlog/test/native_text_engine_test.dart: actual production FFI pending named Undo rejects a different operation and keeps exact retry
2026-10-10T17:50:55.4015805Z ✅ /home/runner/work/tandemlog/tandemlog/test/native_text_engine_test.dart: actual production FFI dedicated receipt owner never undoes an older Save after remote cancellation
2026-10-10T17:50:55.4097905Z ✅ /home/runner/work/tandemlog/tandemlog/test/native_text_engine_test.dart: actual production FFI captured Unicode edit survives remote arrival and receipt-gated Save
2026-10-10T17:50:55.4155179Z ✅ /home/runner/work/tandemlog/tandemlog/test/native_text_engine_test.dart: actual production FFI IME and wrong-source preparation preserve the captured draft
2026-10-10T17:50:55.4223712Z ✅ /home/runner/work/tandemlog/tandemlog/test/native_text_engine_test.dart: actual production FFI rejected receipt preserves live state, draft and prior Undo
2026-10-10T17:50:55.4291293Z ✅ /home/runner/work/tandemlog/tandemlog/test/native_text_engine_test.dart: actual production FFI prepared Undo keeps remote text and cancellation retains prior stack
2026-10-10T17:50:55.4352028Z ✅ /home/runner/work/tandemlog/tandemlog/test/native_text_engine_test.dart: actual production FFI invalid update, field limit and split surrogate rejection are atomic
2026-10-10T17:50:55.4410737Z ✅ /home/runner/work/tandemlog/tandemlog/test/native_text_engine_test.dart: actual production FFI native remote limit rejection preserves source and captured draft
2026-10-10T17:50:55.4452196Z ✅ /home/runner/work/tandemlog/tandemlog/test/native_text_engine_test.dart: actual production FFI inspection reports struct authors rather than delivery owner
2026-10-10T17:50:55.4530279Z ✅ /home/runner/work/tandemlog/tandemlog/test/native_text_engine_test.dart: actual production FFI checkpoint includes pending operations and restores with a fresh GUID
2026-10-10T17:50:55.4569522Z ✅ /home/runner/work/tandemlog/tandemlog/test/native_text_engine_test.dart: actual production FFI foreign handles, disposed generations and actor collisions fail explicitly
2026-10-10T17:50:55.4997970Z ✅ /home/runner/work/tandemlog/tandemlog/test/storage_test.dart: manifest deletion, replacement and future format block commands
2026-10-10T17:50:55.6445161Z ✅ /home/runner/work/tandemlog/tandemlog/test/storage_test.dart: local undo requires an earlier completion of the same entity
2026-10-10T17:50:55.7904756Z ✅ /home/runner/work/tandemlog/tandemlog/test/storage_test.dart: remote undo arriving before completion is revalidated when target arrives
2026-10-10T17:50:55.9020747Z ✅ /home/runner/work/tandemlog/tandemlog/test/storage_test.dart: remote undo cannot suppress a future-clock completion
2026-10-10T17:50:56.0635138Z ✅ /home/runner/work/tandemlog/tandemlog/test/storage_test.dart: close drains accepted work, rejects new work and is idempotent
2026-10-10T17:50:56.0750804Z ✅ /home/runner/work/tandemlog/tandemlog/test/order_projection_test.dart: moving a legacy task below a native task uses both creation actions
2026-10-10T17:50:56.0774816Z ✅ /home/runner/work/tandemlog/tandemlog/test/order_projection_test.dart: native creation after a move keeps chronological manual ordering
2026-10-10T17:50:56.2752846Z ✅ /home/runner/work/tandemlog/tandemlog/test/storage_test.dart: pending undo is validated before its local target is appended
2026-10-10T17:50:56.4062771Z ✅ /home/runner/work/tandemlog/tandemlog/test/storage_test.dart: missing canonical folder contents do not initialize a new manifest
2026-10-10T17:50:56.6331884Z ✅ /home/runner/work/tandemlog/tandemlog/test/storage_test.dart: offline tag removal preserves unseen same-name additions and atomic edits
2026-10-10T17:50:56.9038578Z ✅ /home/runner/work/tandemlog/tandemlog/test/storage_test.dart: concurrent relative moves converge and survive cache rebuild
2026-10-10T17:50:57.2117339Z ✅ /home/runner/work/tandemlog/tandemlog/test/storage_test.dart: unchanged repeating completion rejects before append and refreshes remote schedule
2026-10-10T17:50:57.3925967Z ✅ /home/runner/work/tandemlog/tandemlog/test/storage_test.dart: accepted historic unchanged recurrence is replayed without retroactive rejection
2026-10-10T17:50:57.7848223Z ✅ /home/runner/work/tandemlog/tandemlog/test/storage_test.dart: concurrent recurrence completion has one durable successor and history reopen retains edits
2026-10-10T17:50:57.8423521Z ✅ /home/runner/work/tandemlog/tandemlog/test/storage_test.dart: protocol v1 remains untouched and explicitly rejected
2026-10-10T17:50:58.0775239Z ✅ /home/runner/work/tandemlog/tandemlog/test/tag_input_test.dart: hardware Enter propagates active IME composition
2026-10-10T17:50:58.1416076Z ✅ /home/runner/work/tandemlog/tandemlog/test/storage_test.dart: late winning recurrence seed cannot resurrect removed successor tags
2026-10-10T17:50:58.2104815Z ✅ /home/runner/work/tandemlog/tandemlog/test/tag_input_test.dart: hardware Numpad Enter propagates active IME composition
2026-10-10T17:50:58.3575094Z ✅ /home/runner/work/tandemlog/tandemlog/test/storage_test.dart: successor collision and invalid tag/move references fail before append
2026-10-10T17:50:58.4590934Z ✅ /home/runner/work/tandemlog/tandemlog/test/tag_input_test.dart: hardware ArrowDown then Enter selects existing option
2026-10-10T17:50:58.5507911Z ✅ /home/runner/work/tandemlog/tandemlog/test/storage_test.dart: offline schedule edits converge atomically without mixing precise date-times
2026-10-10T17:50:58.6237545Z ✅ /home/runner/work/tandemlog/tandemlog/test/tag_input_test.dart: hardware ArrowDown then Numpad Enter selects existing option
2026-10-10T17:50:58.7479471Z ✅ /home/runner/work/tandemlog/tandemlog/test/storage_test.dart: completion reconciles changed timezone before selecting civil day
2026-10-10T17:50:58.7705020Z ✅ /home/runner/work/tandemlog/tandemlog/test/tag_input_test.dart: opaque __create inventory tag and creation row keep separate identities
2026-10-10T17:50:58.8260484Z ✅ /home/runner/work/tandemlog/tandemlog/test/tag_input_test.dart: shared B layout keeps chips above full-width query at 390.0
2026-10-10T17:50:58.8772823Z ✅ /home/runner/work/tandemlog/tandemlog/test/tag_input_test.dart: shared B layout keeps chips above full-width query at 1000.0
2026-10-10T17:50:58.9321817Z ✅ /home/runner/work/tandemlog/tandemlog/test/storage_test.dart: completion durable append failure recovers parent and sole successor together
2026-10-10T17:50:59.0626546Z ✅ /home/runner/work/tandemlog/tandemlog/test/storage_test.dart: pending future tag removal cannot poison next local append
2026-10-10T17:50:59.9961003Z ✅ /home/runner/work/tandemlog/tandemlog/test/storage_test.dart: offline older high sequence loses to a later wall-clock edit
2026-10-10T17:51:00.1789505Z ✅ /home/runner/work/tandemlog/tandemlog/test/storage_test.dart: observed clocks precede local writes across rollback and restart
2026-10-10T17:51:00.3647654Z ✅ /home/runner/work/tandemlog/tandemlog/test/storage_test.dart: future records remain immutable and readable while warning permits writes
2026-10-10T17:51:00.4025952Z ✅ /home/runner/work/tandemlog/tandemlog/test/sticky_task_group_test.dart: native heading pins and pushes off at 1.0x text
2026-10-10T17:51:00.4837045Z ✅ /home/runner/work/tandemlog/tandemlog/test/storage_test.dart: large clock rollback warns without blocking and warning clears when caught up
2026-10-10T17:51:00.5010875Z ✅ /home/runner/work/tandemlog/tandemlog/test/sticky_task_group_test.dart: native heading pins and pushes off at 2.0x text
2026-10-10T17:51:00.5434141Z ✅ /home/runner/work/tandemlog/tandemlog/test/sticky_task_group_test.dart: heading wraps to its measured extent and has one header node
2026-10-10T17:51:00.6812606Z ✅ /home/runner/work/tandemlog/tandemlog/test/storage_test.dart: SQLite and canonical clock retain exact signed-64-bit nanoseconds
2026-10-10T17:51:01.1145827Z ✅ /home/runner/work/tandemlog/tandemlog/test/storage_test.dart: recurrence inserts at current parent position and later moves stay independent
2026-10-10T17:51:01.1746783Z ✅ /home/runner/work/tandemlog/tandemlog/test/text_context_test.dart: context hashes the precise canonical domain descriptor
2026-10-10T17:51:01.1809969Z ✅ /home/runner/work/tandemlog/tandemlog/test/text_context_test.dart: canonical nested values reuse scalar ordering and exact escaping
2026-10-10T17:51:01.1848024Z ✅ /home/runner/work/tandemlog/tandemlog/test/text_context_test.dart: invalid identity, basis, field, kind and digest fail closed
2026-10-10T17:51:01.1916690Z ✅ /home/runner/work/tandemlog/tandemlog/test/text_context_test.dart: native creation context uses its canonical creation and seed hashes
2026-10-10T17:51:01.1976361Z ✅ /home/runner/work/tandemlog/tandemlog/test/text_context_test.dart: baseline digest is independent of object insertion order
2026-10-10T17:51:01.2001636Z ✅ /home/runner/work/tandemlog/tandemlog/test/text_context_test.dart: baseline digest rejects incomplete or arbitrary fields
2026-10-10T17:51:01.2824891Z ✅ /home/runner/work/tandemlog/tandemlog/test/storage_test.dart: later creation stays after an earlier move to end
2026-10-10T17:51:01.5455063Z ✅ /home/runner/work/tandemlog/tandemlog/test/storage_test.dart: late pre-completion move converges and old order cache rebuilds without log writes
2026-10-10T17:51:02.0279160Z ✅ /home/runner/work/tandemlog/tandemlog/test/foreground_importer_test.dart: coalesces repeated notifications and retains bounded fallback
2026-10-10T17:51:02.0306566Z ✅ /home/runner/work/tandemlog/tandemlog/test/foreground_importer_test.dart: pause and workspace disposal cancel debounce and fallback; resume reconciles
2026-10-10T17:51:02.0360419Z ✅ /home/runner/work/tandemlog/tandemlog/test/foreground_importer_test.dart: watcher failure recovers on fallback and overlapping work is serialized
2026-10-10T17:51:02.7492610Z ✅ /home/runner/work/tandemlog/tandemlog/test/compact_selection_actions_test.dart: selection commands wrap without losing touch targets
2026-10-10T17:51:03.2256778Z ✅ /home/runner/work/tandemlog/tandemlog/test/text_undo_event_test.dart: native Undo preserves compensation bytes and names original command
2026-10-10T17:51:03.2391121Z ✅ /home/runner/work/tandemlog/tandemlog/test/text_undo_event_test.dart: Undo nontext effects remains possible when native compensation is empty
2026-10-10T17:51:03.2489658Z ✅ /home/runner/work/tandemlog/tandemlog/test/text_undo_event_test.dart: Undo retracts only the original nontext effects in pure projection
2026-10-10T17:51:03.7677867Z ✅ /home/runner/work/tandemlog/tandemlog/test/historical_completion_event_test.dart: historical completion is required, separate and hash-bound to earlier scalar initialization
2026-10-10T17:51:03.7769172Z ✅ /home/runner/work/tandemlog/tandemlog/test/historical_completion_event_test.dart: forward/self reference, extra retained metadata and wrong child identities fail wire admission
2026-10-10T17:51:03.7892674Z ✅ /home/runner/work/tandemlog/tandemlog/test/historical_completion_event_test.dart: known equal or later source clocks remain invalid after delayed arrival
2026-10-10T17:51:04.8384833Z ✅ /home/runner/work/tandemlog/tandemlog/test/task_toolbar_test.dart: identity fits actual name/scale and retains accessible full name at narrow widths
2026-10-10T17:51:04.9702212Z ✅ /home/runner/work/tandemlog/tandemlog/test/task_toolbar_test.dart: status changes reserve count and control geometry
2026-10-10T17:51:05.4967697Z ✅ /home/runner/work/tandemlog/tandemlog/test/schedule_test.dart: completion guard compares actual occurrence dates, not rendered bounds
2026-10-10T17:51:05.5580219Z ✅ /home/runner/work/tandemlog/tandemlog/test/schedule_test.dart: all 37 observed expressions match pinned upstream oracle
2026-10-10T17:51:05.5692378Z ✅ /home/runner/work/tandemlog/tandemlog/test/schedule_test.dart: civil dates and schedule reject normalization and unknown fields
2026-10-10T17:51:05.5726870Z ✅ /home/runner/work/tandemlog/tandemlog/test/schedule_test.dart: reference precedence, missing dates and configured scheduled removal
2026-10-10T17:51:05.5769559Z ✅ /home/runner/work/tandemlog/tandemlog/test/schedule_test.dart: start bounds reject invalid edits without inventing dates
2026-10-10T17:51:05.5809309Z ✅ /home/runner/work/tandemlog/tandemlog/test/schedule_test.dart: named-zone gap and fold obey end-of-due-day bounds
2026-10-10T17:51:05.5855030Z ✅ /home/runner/work/tandemlog/tandemlog/test/schedule_test.dart: exact due bounds are inclusive; date-only due covers whole day
2026-10-10T17:51:05.5885675Z ✅ /home/runner/work/tandemlog/tandemlog/test/schedule_test.dart: precise named-zone bounds compare resolved gap and fold instants
2026-10-10T17:51:05.5918876Z ✅ /home/runner/work/tandemlog/tandemlog/test/schedule_test.dart: recurrence preserves exact times and removes scheduled time with its date
2026-10-10T17:51:05.5960928Z ✅ /home/runner/work/tandemlog/tandemlog/test/schedule_test.dart: last supported due day accepts its internal next-year boundary
2026-10-10T17:51:05.5972663Z ✅ /home/runner/work/tandemlog/tandemlog/test/schedule_test.dart: clamping evolves while explicit last remains month end
2026-10-10T17:51:06.1037166Z ✅ /home/runner/work/tandemlog/tandemlog/test/profile_lock_test.dart: same process and canonical aliases contend until release
2026-10-10T17:51:06.1137226Z ✅ /home/runner/work/tandemlog/tandemlog/test/profile_lock_test.dart: failed acquisition releases the process guard for retry
2026-10-10T17:51:06.7275812Z ✅ /home/runner/work/tandemlog/tandemlog/test/profile_lock_test.dart: child process holds OS lock; killing it allows reacquisition
2026-10-10T17:51:06.7433210Z ✅ /home/runner/work/tandemlog/tandemlog/test/food_retention_draft_test.dart: removing newly created retention chip stays removed on Add
2026-10-10T17:51:08.5195178Z ✅ /home/runner/work/tandemlog/tandemlog/test/checklist_baseline_selection_test.dart: shared baseline preserves earliest scalar successor protected by checked copied-item history
2026-10-10T17:51:08.9884156Z ✅ /home/runner/work/tandemlog/tandemlog/test/food_review_regression_test.dart: 101-container group removal and Undo use bounded captured batches
2026-10-10T17:51:08.9965554Z ✅ /home/runner/work/tandemlog/tandemlog/test/food_review_regression_test.dart: known wrong-kind edit reference fails even while target creation missing
2026-10-10T17:51:09.3597324Z ✅ /home/runner/work/tandemlog/tandemlog/test/checklist_baseline_selection_test.dart: shared baseline preserves earliest scalar successor protected by undone and deleted copied-item history
2026-10-10T17:51:10.1456738Z ✅ /home/runner/work/tandemlog/tandemlog/test/checklist_baseline_selection_test.dart: later copied-item activity preserves the declared scalar baseline through native capture and cold replay
2026-10-10T17:51:10.2613170Z ✅ /home/runner/work/tandemlog/tandemlog/test/food_review_regression_test.dart: typed retention reason survives direct Add
2026-10-10T17:51:10.6083148Z ✅ /home/runner/work/tandemlog/tandemlog/test/food_review_regression_test.dart: repeated dialog Cancel callback cannot pop food page
2026-10-10T17:51:10.6170395Z ✅ /home/runner/work/tandemlog/tandemlog/test/food_review_regression_test.dart: known removal before physical creation is rejected
2026-10-10T17:51:10.6737903Z ✅ /home/runner/work/tandemlog/tandemlog/test/event_clock_test.dart: new wall time wins despite many older borrowed nanoseconds
2026-10-10T17:51:10.6935005Z ✅ /home/runner/work/tandemlog/tandemlog/test/event_clock_test.dart: equal and backward wall time borrow exactly one nanosecond
2026-10-10T17:51:10.7019835Z ✅ /home/runner/work/tandemlog/tandemlog/test/event_clock_test.dart: canonical decimal clock round trips values beyond JSON number precision
2026-10-10T17:51:10.7349909Z ✅ /home/runner/work/tandemlog/tandemlog/test/event_clock_test.dart: numeric legacy and tuple draft event clocks are rejected explicitly
2026-10-10T17:51:10.9342615Z ✅ /home/runner/work/tandemlog/tandemlog/test/food_review_regression_test.dart: active retention composition is not staged by submit
2026-10-10T17:51:11.6036040Z ✅ /home/runner/work/tandemlog/tandemlog/test/local_settings_test.dart: legacy folder/user settings remain selected and default to System
2026-10-10T17:51:11.6245735Z ✅ /home/runner/work/tandemlog/tandemlog/test/local_settings_test.dart: theme-only preferences never create a canonical workspace
2026-10-10T17:51:11.6336441Z ✅ /home/runner/work/tandemlog/tandemlog/test/local_settings_test.dart: new desktop default is shared-data without creating files
2026-10-10T17:51:11.6456309Z ✅ /home/runner/work/tandemlog/tandemlog/test/local_settings_test.dart: settings reset retains a populated legacy default
2026-10-10T17:51:11.6510978Z ✅ /home/runner/work/tandemlog/tandemlog/test/local_settings_test.dart: empty legacy folder does not override the clearer default
2026-10-10T17:51:11.6629146Z ✅ /home/runner/work/tandemlog/tandemlog/test/local_settings_test.dart: populated shared-data remains preferred without altering either folder
2026-10-10T17:51:13.5109272Z ✅ /home/runner/work/tandemlog/tandemlog/test/shared_text_storage_test.dart: shared recurrence cache stores references and survives warm/cold reconstruction
2026-10-10T17:51:14.3561553Z ✅ /home/runner/work/tandemlog/tandemlog/test/shared_text_history_test.dart: reordered originals bound disposable interning and retain old references
2026-10-10T17:51:14.3625242Z ✅ /home/runner/work/tandemlog/tandemlog/test/shared_text_history_test.dart: reshaped branches apply originals once, checkpoint restore=false
2026-10-10T17:51:14.3691105Z ✅ /home/runner/work/tandemlog/tandemlog/test/shared_text_history_test.dart: reshaped branches apply originals once, checkpoint restore=true
2026-10-10T17:51:14.4718666Z ✅ /home/runner/work/tandemlog/tandemlog/test/shared_text_history_test.dart: one original operation is retained across immutable recurrence references
2026-10-10T17:51:14.4789943Z ✅ /home/runner/work/tandemlog/tandemlog/test/shared_text_history_test.dart: union order and duplicate arrival retain one reference to each original
2026-10-10T17:51:14.4840194Z ✅ /home/runner/work/tandemlog/tandemlog/test/shared_text_history_test.dart: equal seed text cannot authorize independent roots or forged packet claims
2026-10-10T17:51:14.4882718Z ✅ /home/runner/work/tandemlog/tandemlog/test/shared_text_history_test.dart: canonical packet metadata is checked before retaining a reference
2026-10-10T17:51:14.4933681Z ✅ /home/runner/work/tandemlog/tandemlog/test/shared_text_history_test.dart: retained original packets are deeply immutable and privately owned
2026-10-10T17:51:14.5714344Z ✅ /home/runner/work/tandemlog/tandemlog/test/shared_text_history_test.dart: incremental native replay is linear and sparse checkpoints preserve historical state
2026-10-10T17:51:14.6390859Z ✅ /home/runner/work/tandemlog/tandemlog/test/shared_text_history_test.dart: reference summaries export full state only for sparse checkpoints or explicit proof
2026-10-10T17:51:14.6447248Z ✅ /home/runner/work/tandemlog/tandemlog/test/shared_text_history_test.dart: evicting native roots and closing a materializer does not change references
2026-10-10T17:51:14.7482534Z ✅ /home/runner/work/tandemlog/tandemlog/test/task_completion_checkbox_test.dart: disabled repeat perimeter has uniform opacity at overlapping tips
2026-10-10T17:51:15.0413397Z ✅ /home/runner/work/tandemlog/tandemlog/test/task_completion_checkbox_test.dart: repeat geometry retains padded touch and checked semantics
2026-10-10T17:51:15.0769396Z ✅ /home/runner/work/tandemlog/tandemlog/test/task_completion_checkbox_test.dart: disabled repeat target cannot complete at enlarged text
2026-10-10T17:51:15.1307860Z ✅ /home/runner/work/tandemlog/tandemlog/test/task_completion_checkbox_test.dart: completed controls share native appearance in both themes
2026-10-10T17:51:15.5781197Z ✅ /home/runner/work/tandemlog/tandemlog/test/writer_guard_test.dart: acknowledged head blocks old snapshot through other directory without sequence reuse
2026-10-10T17:51:15.6683947Z ✅ /home/runner/work/tandemlog/tandemlog/test/text_inheritance_test.dart: strict descriptor rejects unknown keys, versions, fields and hashes
2026-10-10T17:51:15.6745337Z ✅ /home/runner/work/tandemlog/tandemlog/test/text_inheritance_test.dart: missing proof is pending while a known wrong hash is invalid
2026-10-10T17:51:15.6785571Z ✅ /home/runner/work/tandemlog/tandemlog/test/text_inheritance_test.dart: genesis is verified and does not require a record
2026-10-10T17:51:15.6851555Z ✅ /home/runner/work/tandemlog/tandemlog/test/text_inheritance_test.dart: forward clock and same writer references are rejected even missing
2026-10-10T17:51:15.6922229Z ✅ /home/runner/work/tandemlog/tandemlog/test/text_inheritance_test.dart: duplicate reordered arrival filters immutable observed prefix
2026-10-10T17:51:15.7341532Z ✅ /home/runner/work/tandemlog/tandemlog/test/writer_guard_test.dart: acknowledged head blocks old snapshot through URI alias without sequence reuse
2026-10-10T17:51:15.8840263Z ✅ /home/runner/work/tandemlog/tandemlog/test/writer_guard_test.dart: acknowledged head blocks old snapshot through rebuilt cache without sequence reuse
2026-10-10T17:51:15.9931000Z ✅ /home/runner/work/tandemlog/tandemlog/test/writer_guard_test.dart: missing owned log is blocked even with a new cache and data directory
2026-10-10T17:51:16.1363827Z ✅ /home/runner/work/tandemlog/tandemlog/test/writer_guard_test.dart: same sequence with a fully recomputed valid chain rejects against private head
2026-10-10T17:51:16.2931438Z ✅ /home/runner/work/tandemlog/tandemlog/test/profile_safety_store_test.dart: writer reservation and partial acknowledgement survive reopening
2026-10-10T17:51:16.3076878Z ✅ /home/runner/work/tandemlog/tandemlog/test/writer_guard_test.dart: an explicitly different writer can use a restored snapshot without changing original guard
2026-10-10T17:51:16.3390087Z ✅ /home/runner/work/tandemlog/tandemlog/test/profile_safety_store_test.dart: same writer and event sequence are scoped to separate workspaces
2026-10-10T17:51:16.3590874Z ✅ /home/runner/work/tandemlog/tandemlog/test/profile_safety_store_test.dart: pending canonical bytes are immutable and survive reopen
2026-10-10T17:51:16.3756041Z ✅ /home/runner/work/tandemlog/tandemlog/test/profile_safety_store_test.dart: rollback and projection deletion do not clear protected evidence
2026-10-10T17:51:16.3969264Z ✅ /home/runner/work/tandemlog/tandemlog/test/profile_safety_store_test.dart: a SQL disk-capacity failure preserves original error and pending rows
2026-10-10T17:51:16.4163462Z ✅ /home/runner/work/tandemlog/tandemlog/test/profile_safety_store_test.dart: copied writer IDs across profiles are outside profile exclusion
2026-10-10T17:51:16.4928868Z ✅ /home/runner/work/tandemlog/tandemlog/test/writer_guard_test.dart: guard metadata is durable before append and normal reopen/refresh reads no old history
2026-10-10T17:51:16.6608306Z ✅ /home/runner/work/tandemlog/tandemlog/test/profile_safety_store_test.dart: distinct profile writers converge in one canonical workspace
2026-10-10T17:51:16.6704780Z ✅ /home/runner/work/tandemlog/tandemlog/test/profile_safety_store_test.dart: async and nested transactions cannot commit unrelated outer work
2026-10-10T17:51:16.6828337Z ✅ /home/runner/work/tandemlog/tandemlog/test/profile_safety_store_test.dart: pending reads reject corrupt bytes and mismatched indexed identity
2026-10-10T17:51:16.7413124Z ✅ /home/runner/work/tandemlog/tandemlog/test/writer_guard_test.dart: zero-record failed append reserves candidate across restart until exact late arrival
2026-10-10T17:51:16.9836930Z ✅ /home/runner/work/tandemlog/tandemlog/test/writer_guard_test.dart: lost append acknowledgment reconciles exact pending head after restart without duplicate sequence
2026-10-10T17:51:17.1411061Z ✅ /home/runner/work/tandemlog/tandemlog/test/writer_guard_test.dart: acknowledgment guard failure rolls cache back and blocks false confirmation until restart
2026-10-10T17:51:17.3255396Z ✅ /home/runner/work/tandemlog/tandemlog/test/writer_guard_test.dart: batch durable prefix reconciles across cache replacement
2026-10-10T17:51:17.4521231Z ✅ /home/runner/work/tandemlog/tandemlog/test/writer_guard_test.dart: batch durable prefix with partial tail blocks across cache replacement
2026-10-10T17:51:17.5801424Z ✅ /home/runner/work/tandemlog/tandemlog/test/writer_guard_test.dart: valid cache12 upgrades once without changing canonical bytes or writer guard
2026-10-10T17:51:17.6934291Z ✅ /home/runner/work/tandemlog/tandemlog/test/writer_guard_test.dart: cache10 retains old materialization and rejects separate tag event on upgrade
2026-10-10T17:51:17.8790408Z ✅ /home/runner/work/tandemlog/tandemlog/test/writer_guard_test.dart: cache10 retains old materialization and rejects generic recurring Undo on upgrade
2026-10-10T17:51:17.9874547Z ✅ /home/runner/work/tandemlog/tandemlog/test/undo_storage_test.dart: bulk Undo restores mixed schedules/assignees/tags and retains newer synced registers
2026-10-10T17:51:17.9922887Z ✅ /home/runner/work/tandemlog/tandemlog/test/writer_guard_test.dart: cache11 retains old materialization and rejects separate tag event on upgrade
2026-10-10T17:51:18.1578679Z ✅ /home/runner/work/tandemlog/tandemlog/test/writer_guard_test.dart: cache11 retains old materialization and rejects generic recurring Undo on upgrade
2026-10-10T17:51:18.2668503Z ✅ /home/runner/work/tandemlog/tandemlog/test/writer_guard_test.dart: cache12 retains old materialization and rejects separate tag event on upgrade
2026-10-10T17:51:18.4331886Z ✅ /home/runner/work/tandemlog/tandemlog/test/writer_guard_test.dart: cache12 retains old materialization and rejects generic recurring Undo on upgrade
2026-10-10T17:51:18.5177085Z ✅ /home/runner/work/tandemlog/tandemlog/test/writer_guard_test.dart: noninteger pending sequence is rejected without normalizing private metadata
2026-10-10T17:51:18.6007884Z ✅ /home/runner/work/tandemlog/tandemlog/test/writer_guard_test.dart: guard instances serialize candidate reservation for the same installation identity
2026-10-10T17:51:18.6898577Z ✅ /home/runner/work/tandemlog/tandemlog/test/writer_guard_test.dart: malformed private guard is preserved and never rebuilt from disposable cache
2026-10-10T17:51:18.7092276Z ✅ /home/runner/work/tandemlog/tandemlog/test/undo_storage_test.dart: completion and reopening Undo preserve successor work and independent completion/deletion
2026-10-10T17:51:19.1217839Z ✅ /home/runner/work/tandemlog/tandemlog/test/undo_storage_test.dart: move Undo retains later relative move and replays after known-cache upgrade
2026-10-10T17:51:19.4197459Z ✅ /home/runner/work/tandemlog/tandemlog/test/undo_storage_test.dart: Undo failure before append confirms only durable prefix and retry is idempotent
2026-10-10T17:51:19.6863831Z ✅ /home/runner/work/tandemlog/tandemlog/test/undo_storage_test.dart: Undo failure after append confirms only durable prefix and retry is idempotent
2026-10-10T17:51:19.9202606Z ✅ /home/runner/work/tandemlog/tandemlog/test/undo_storage_test.dart: unresolved write blocks new payload until exact delayed record appears
2026-10-10T17:51:20.1109971Z ✅ /home/runner/work/tandemlog/tandemlog/test/undo_storage_test.dart: delayed cross-entity Undo target fails transactionally with canonical bytes preserved
2026-10-10T17:51:21.6955104Z ✅ /home/runner/work/tandemlog/tandemlog/test/release_version_tile_test.dart: shows and copies only release version 2026.10.1
2026-10-10T17:51:21.7674009Z ✅ /home/runner/work/tandemlog/tandemlog/test/release_version_tile_test.dart: shows and copies only release version 2026.10.2-rc.1
2026-10-10T17:51:21.8132595Z ✅ /home/runner/work/tandemlog/tandemlog/test/release_version_tile_test.dart: missing metadata does not copy a guessed version
2026-10-10T17:51:21.9079928Z ✅ /home/runner/work/tandemlog/tandemlog/test/release_version_tile_test.dart: clipboard failure is contextual and can be retried
2026-10-10T17:51:22.4123276Z ✅ /home/runner/work/tandemlog/tandemlog/test/bulk_apply_semantics_test.dart: bulk apply names and accessible actions isolate fields at (900.0, 1.0)
2026-10-10T17:51:22.5277616Z ✅ /home/runner/work/tandemlog/tandemlog/test/domain_test.dart: deletion is a validated permanent tombstone in every arrival order
2026-10-10T17:51:22.5452890Z ✅ /home/runner/work/tandemlog/tandemlog/test/domain_test.dart: canonical UUID admission matches namespace validation and rejects aliases
2026-10-10T17:51:22.5629419Z ✅ /home/runner/work/tandemlog/tandemlog/test/domain_test.dart: all arrival permutations yield identical field conflict and undo state
2026-10-10T17:51:22.5711439Z ✅ /home/runner/work/tandemlog/tandemlog/test/domain_test.dart: unknown event/fields and counter overflow are rejected
2026-10-10T17:51:22.6381102Z ✅ /home/runner/work/tandemlog/tandemlog/test/domain_test.dart: historical v1 events and invalid new active fields fail explicitly
2026-10-10T17:51:23.4302126Z ✅ /home/runner/work/tandemlog/tandemlog/test/food_store_test.dart: malformed Food disables only Food and existing Tasks remain writable
2026-10-10T17:51:23.4874856Z ✅ /home/runner/work/tandemlog/tandemlog/test/food_store_test.dart: Food-only provider failure preserves the typed module boundary
2026-10-10T17:51:23.5386195Z ✅ /home/runner/work/tandemlog/tandemlog/test/food_store_test.dart: moved manifest stays a shared fatal fault
2026-10-10T17:51:23.5804984Z ✅ /home/runner/work/tandemlog/tandemlog/test/food_store_test.dart: malformed protected Food head is shared integrity, not history
2026-10-10T17:51:23.6240307Z ✅ /home/runner/work/tandemlog/tandemlog/test/food_store_test.dart: recognized Food conflict stays module-scoped: food-00000000-0000-4000-8000-000000000001.sync-conflict-synthetic.foodlog
2026-10-10T17:51:23.6702033Z ✅ /home/runner/work/tandemlog/tandemlog/test/food_store_test.dart: recognized Food conflict stays module-scoped: food-00000000-0000-4000-8000-000000000001.foodlog.sync-conflict-synthetic
2026-10-10T17:51:23.7039749Z ✅ /home/runner/work/tandemlog/tandemlog/test/food_store_test.dart: unclassified conflict preserves released Task fail-closed policy
2026-10-10T17:51:23.7533275Z ✅ /home/runner/work/tandemlog/tandemlog/test/bulk_apply_semantics_test.dart: bulk apply names and accessible actions isolate fields at (390.0, 2.0)
2026-10-10T17:51:23.8576561Z ✅ /home/runner/work/tandemlog/tandemlog/test/food_store_test.dart: disabled Food retains exact prepared bytes for explicit recovery
2026-10-10T17:51:24.0556222Z ✅ /home/runner/work/tandemlog/tandemlog/test/food_store_test.dart: food physical count and durable Deleted survive restart without changing task v3 bytes
2026-10-10T17:51:24.1342445Z ✅ /home/runner/work/tandemlog/tandemlog/test/food_store_test.dart: partial first record is resumed exactly from protected bytes across restart
2026-10-10T17:51:24.2005131Z ✅ /home/runner/work/tandemlog/tandemlog/test/food_store_test.dart: uncertain successful append admits once and retires exact receipt
2026-10-10T17:51:24.2680925Z ✅ /home/runner/work/tandemlog/tandemlog/test/food_store_test.dart: acknowledged missing stream fails closed and retains last view
2026-10-10T17:51:24.3440787Z ✅ /home/runner/work/tandemlog/tandemlog/test/food_store_test.dart: food refresh SQL fault preserves state and receipts together
2026-10-10T17:51:24.3942052Z ✅ /home/runner/work/tandemlog/tandemlog/test/food_store_test.dart: missing own reservation after initialization cannot reuse a sequence
2026-10-10T17:51:24.5044818Z ✅ /home/runner/work/tandemlog/tandemlog/test/food_store_test.dart: food handle releases its lease when the profile owner is poisoned
2026-10-10T17:51:24.5692676Z ✅ /home/runner/work/tandemlog/tandemlog/test/bulk_apply_semantics_test.dart: keyboard applies only Due time; tag operations stay distinct
2026-10-10T17:51:25.0362580Z ✅ /home/runner/work/tandemlog/tandemlog/test/bulk_apply_semantics_test.dart: saving retains field names but disables all apply actions
2026-10-10T17:51:26.6731401Z ✅ /home/runner/work/tandemlog/tandemlog/test/tag_input_geometry_test.dart: many selected chips keep query and results reachable with IME
2026-10-10T17:51:27.0591055Z ✅ /home/runner/work/tandemlog/tandemlog/test/tag_filter_picker_test.dart: query underline gap stays stable with chips at 260.0/1.0
2026-10-10T17:51:27.2264384Z ✅ /home/runner/work/tandemlog/tandemlog/test/food_record_test.dart: literal canonical food wire/hash and module writer fixture
2026-10-10T17:51:27.2475604Z ✅ /home/runner/work/tandemlog/tandemlog/test/food_record_test.dart: separate food hash domain and immutable envelope bindings
2026-10-10T17:51:27.2500902Z ✅ /home/runner/work/tandemlog/tandemlog/test/food_record_test.dart: food DTO identity and order cannot disagree with verified envelope
2026-10-10T17:51:27.2560224Z ✅ /home/runner/work/tandemlog/tandemlog/test/tag_filter_picker_test.dart: query underline gap stays stable with chips at 260.0/2.0
2026-10-10T17:51:27.2562393Z ✅ /home/runner/work/tandemlog/tandemlog/test/food_record_test.dart: noncreation records carry observed per-container creation basis
2026-10-10T17:51:27.2656576Z ✅ /home/runner/work/tandemlog/tandemlog/test/food_record_test.dart: unknown/noncanonical/oversized records are rejected
2026-10-10T17:51:27.2742233Z ✅ /home/runner/work/tandemlog/tandemlog/test/food_record_test.dart: exact signed64 clock roundtrip and bounds
2026-10-10T17:51:27.4528454Z ✅ /home/runner/work/tandemlog/tandemlog/test/tag_filter_picker_test.dart: query underline gap stays stable with chips at 390.0/1.0
2026-10-10T17:51:27.6193951Z ✅ /home/runner/work/tandemlog/tandemlog/test/tag_filter_picker_test.dart: query underline gap stays stable with chips at 390.0/2.0
2026-10-10T17:51:27.8577195Z ✅ /home/runner/work/tandemlog/tandemlog/test/tag_filter_picker_test.dart: initial suggestions survive IME relayout at 1.0 text scale
2026-10-10T17:51:28.0586002Z ✅ /home/runner/work/tandemlog/tandemlog/test/tag_filter_picker_test.dart: initial suggestions survive IME relayout at 2.0 text scale
2026-10-10T17:51:28.6269299Z ✅ /home/runner/work/tandemlog/tandemlog/test/tag_filter_picker_test.dart: below-first dialog overlay uses content size and stays stable through queries and metrics
2026-10-10T17:51:28.6554004Z ✅ /home/runner/work/tandemlog/tandemlog/test/checklist_architecture_gate_test.dart: genuine offline item activity arriving after cancellation restores its task
2026-10-10T17:51:29.0840246Z ✅ /home/runner/work/tandemlog/tandemlog/test/checklist_architecture_gate_test.dart: local item create cannot resurrect a canceled successor
2026-10-10T17:51:29.4388820Z ✅ /home/runner/work/tandemlog/tandemlog/test/checklist_architecture_gate_test.dart: local item check cannot resurrect a canceled successor
2026-10-10T17:51:29.7584649Z ✅ /home/runner/work/tandemlog/tandemlog/test/checklist_architecture_gate_test.dart: local item move cannot resurrect a canceled successor
2026-10-10T17:51:30.0491262Z ✅ /home/runner/work/tandemlog/tandemlog/test/checklist_architecture_gate_test.dart: local item delete cannot resurrect a canceled successor
2026-10-10T17:51:30.3828063Z ✅ /home/runner/work/tandemlog/tandemlog/test/checklist_architecture_gate_test.dart: local item native Save cannot resurrect a canceled successor
2026-10-10T17:51:30.6644110Z ✅ /home/runner/work/tandemlog/tandemlog/test/checklist_architecture_gate_test.dart: item Save returns its current merged item rather than a deleted row
2026-10-10T17:51:32.7567344Z ✅ /home/runner/work/tandemlog/tandemlog/test/food_collapsed_inspect_guard_test.dart: latest Full conflict retains warning and Inspect dark 1.0x
2026-10-10T17:51:33.0906913Z ✅ /home/runner/work/tandemlog/tandemlog/test/food_collapsed_inspect_guard_test.dart: latest Full conflict retains warning and Inspect dark 2.0x
2026-10-10T17:51:33.3877920Z ✅ /home/runner/work/tandemlog/tandemlog/test/food_collapsed_inspect_guard_test.dart: latest Full conflict retains warning and Inspect light 1.0x
2026-10-10T17:51:33.6415061Z ✅ /home/runner/work/tandemlog/tandemlog/test/food_collapsed_inspect_guard_test.dart: latest Full conflict retains warning and Inspect light 2.0x
2026-10-10T17:51:34.5636602Z ##[endgroup]
2026-10-10T17:51:34.5638394Z ##[group]✅ /home/runner/work/tandemlog/tandemlog/test/food_replay_budget_test.dart: wide-target thousand-reference history has a bounded replay budget
2026-10-10T17:51:34.5639718Z FOOD_REPLAY_BUDGET bytes=12418562 records=1002 targets=100 refs=1000 elapsed_ms=2865
2026-10-10T17:51:34.5640900Z ##[endgroup]
2026-10-10T17:51:35.2615844Z ##[group]✅ Passing tests
2026-10-10T17:51:35.2616958Z ✅ /home/runner/work/tandemlog/tandemlog/test/profile_task_store_test.dart: immutable names reject injected identifiers
2026-10-10T17:51:35.4546478Z ✅ /home/runner/work/tandemlog/tandemlog/test/profile_task_store_test.dart: shared checklist display state is scoped and uses owner rollback
2026-10-10T17:51:35.6261590Z ✅ /home/runner/work/tandemlog/tandemlog/test/profile_task_store_test.dart: two workspaces isolate identical entity and writer sequence IDs
2026-10-10T17:51:35.6692772Z ✅ /home/runner/work/tandemlog/tandemlog/test/profile_task_store_test.dart: same location rejects a duplicate handle until close
2026-10-10T17:51:35.7232547Z ✅ /home/runner/work/tandemlog/tandemlog/test/profile_task_store_test.dart: queued open prevents owner close before its handle is returned
2026-10-10T17:51:35.7622101Z ✅ /home/runner/work/tandemlog/tandemlog/test/profile_task_store_test.dart: shared namespace never invokes legacy global schema replay
2026-10-10T17:51:35.9473451Z ✅ /home/runner/work/tandemlog/tandemlog/test/profile_task_store_test.dart: protected native receipt survives alias confirmation/rebuild appended=false
2026-10-10T17:51:36.0882826Z ✅ /home/runner/work/tandemlog/tandemlog/test/profile_task_store_test.dart: protected native receipt survives alias confirmation/rebuild appended=true
2026-10-10T17:51:36.1781563Z ✅ /home/runner/work/tandemlog/tandemlog/test/profile_task_store_test.dart: failed shared acknowledgement retains exact intent and rolls back projections
2026-10-10T17:51:36.2497711Z ✅ /home/runner/work/tandemlog/tandemlog/test/profile_task_store_test.dart: overlapping workspace operations share one transaction owner
2026-10-10T17:51:36.9054524Z ✅ /home/runner/work/tandemlog/tandemlog/test/task_metadata_test.dart: future hints use projection availability and the observed local day
2026-10-10T17:51:36.9084195Z ✅ /home/runner/work/tandemlog/tandemlog/test/task_metadata_test.dart: passed start and history hints stay absent even with a retained instant
2026-10-10T17:51:36.9117749Z ✅ /home/runner/work/tandemlog/tandemlog/test/task_metadata_test.dart: same heading removes date-only details and empty separators
2026-10-10T17:51:36.9137540Z ✅ /home/runner/work/tandemlog/tandemlog/test/task_metadata_test.dart: same heading retains role and time
2026-10-10T17:51:36.9161126Z ✅ /home/runner/work/tandemlog/tandemlog/test/task_metadata_test.dart: day groups hide due dates and available starts
2026-10-10T17:51:36.9204162Z ✅ /home/runner/work/tandemlog/tandemlog/test/task_metadata_test.dart: day groups hide pinned dates even across local days
2026-10-10T17:51:36.9225159Z ✅ /home/runner/work/tandemlog/tandemlog/test/task_metadata_test.dart: repeat perimeter needs no redundant metadata line or verbose rule
2026-10-10T17:51:36.9254006Z ✅ /home/runner/work/tandemlog/tandemlog/test/task_metadata_test.dart: local zone changes alter only pinned presentation
2026-10-10T17:51:36.9277888Z ✅ /home/runner/work/tandemlog/tandemlog/test/task_metadata_test.dart: pinned DST gaps and folds share projection resolution
2026-10-10T17:51:36.9319433Z ✅ /home/runner/work/tandemlog/tandemlog/test/task_metadata_test.dart: local day headings and bounded task times share the observed zone
2026-10-10T17:51:36.9341799Z ✅ /home/runner/work/tandemlog/tandemlog/test/task_metadata_test.dart: date-only occurrence override suppresses timed base due
2026-10-10T17:51:37.0396115Z ✅ /home/runner/work/tandemlog/tandemlog/test/shared_tag_semantics_test.dart: query clear and dropdown actions identify every editing context
2026-10-10T17:51:37.4900447Z ✅ /home/runner/work/tandemlog/tandemlog/test/shared_tag_semantics_test.dart: editor exposes named query and removable selected tags
2026-10-10T17:51:37.8833872Z ✅ /home/runner/work/tandemlog/tandemlog/test/legacy_cache_import_test.dart: captures primary and historical observations, keeps originals and replays unchanged logs
2026-10-10T17:51:38.0331478Z ✅ /home/runner/work/tandemlog/tandemlog/test/legacy_cache_import_test.dart: cache import transaction interruption leaves no partial observations
2026-10-10T17:51:38.2327507Z ✅ /home/runner/work/tandemlog/tandemlog/test/legacy_cache_import_test.dart: warm namespace still validates protected snapshot bytes
2026-10-10T17:51:38.3594355Z ✅ /home/runner/work/tandemlog/tandemlog/test/shared_tag_semantics_test.dart: bulk suggestions are readable and semantics activation is local
2026-10-10T17:51:38.4176465Z ✅ /home/runner/work/tandemlog/tandemlog/test/legacy_cache_import_test.dart: interrupted legacy replay retains independent heads/ranges and backup
2026-10-10T17:51:38.5652773Z ✅ /home/runner/work/tandemlog/tandemlog/test/legacy_cache_import_test.dart: changed source or conflicting location binding rejects without replacement
2026-10-10T17:51:38.7954586Z ✅ /home/runner/work/tandemlog/tandemlog/test/legacy_cache_import_test.dart: cache-only exact native receipt imports and retries without private file
2026-10-10T17:51:39.1866074Z ✅ /home/runner/work/tandemlog/tandemlog/test/shared_tag_semantics_test.dart: bulk chip actions preserve independent deltas and Apply state
2026-10-10T17:51:39.6874096Z ✅ /home/runner/work/tandemlog/tandemlog/test/shared_tag_semantics_test.dart: Saving freezes tag editing and chip removal in both bulk contexts
2026-10-10T17:51:40.2703223Z ✅ /home/runner/work/tandemlog/tandemlog/test/unavailable_completion_test.dart: unavailable completion explains by tap and keyboard without completing
2026-10-10T17:51:40.8404047Z ✅ /home/runner/work/tandemlog/tandemlog/test/checklist_suppressed_capture_test.dart: canceled untouched checklist successor cannot open a private native editor or become visible through capture
2026-10-10T17:51:41.4697127Z ✅ /home/runner/work/tandemlog/tandemlog/test/local_durability_test.dart: exclusive create writes and flushes file before its parent
2026-10-10T17:51:41.4768697Z ✅ /home/runner/work/tandemlog/tandemlog/test/local_durability_test.dart: new append barriers and existing stream first-use barrier
2026-10-10T17:51:41.4819097Z ✅ /home/runner/work/tandemlog/tandemlog/test/local_durability_test.dart: interrupted writes and fsync retry; close never retries
2026-10-10T17:51:41.4860775Z ✅ /home/runner/work/tandemlog/tandemlog/test/local_durability_test.dart: file fsync failure closes descriptor and prevents directory barrier
2026-10-10T17:51:41.4917382Z ✅ /home/runner/work/tandemlog/tandemlog/test/local_durability_test.dart: failed directory open/fsync is visible and append retries barrier
2026-10-10T17:51:41.5000969Z ✅ /home/runner/work/tandemlog/tandemlog/test/local_durability_test.dart: mkdir chain flushes each new parent and confirmed directories skip barriers
2026-10-10T17:51:41.5089443Z ✅ /home/runner/work/tandemlog/tandemlog/test/local_durability_test.dart: first ensure confirms existing ancestry after interrupted earlier process
2026-10-10T17:51:41.5151069Z ✅ /home/runner/work/tandemlog/tandemlog/test/local_durability_test.dart: failed mkdir barrier retries even though the directory now exists
2026-10-10T17:51:41.5423335Z ✅ /home/runner/work/tandemlog/tandemlog/test/local_durability_test.dart: atomic replacement synchronizes parent after completed rename and preserves failures
2026-10-10T17:51:41.5673894Z ✅ /home/runner/work/tandemlog/tandemlog/test/local_durability_test.dart: profile lock creates its directory through durability before settings
2026-10-10T17:51:41.5848369Z ✅ /home/runner/work/tandemlog/tandemlog/test/local_durability_test.dart: failed settings replacement retains its saved identity on retry
2026-10-10T17:51:41.5971833Z ✅ /home/runner/work/tandemlog/tandemlog/test/local_durability_test.dart: marker rename sync failure is confirmed on the next settings load
2026-10-10T17:51:41.6107639Z ✅ /home/runner/work/tandemlog/tandemlog/test/local_durability_test.dart: other platforms retain file flushing without calling Linux APIs
2026-10-10T17:51:41.6347431Z ✅ /home/runner/work/tandemlog/tandemlog/test/local_durability_test.dart: real Linux FFI smoke: manifest creation, append, replacement and missing-directory error
2026-10-10T17:51:42.8686990Z ✅ /home/runner/work/tandemlog/tandemlog/test/bulk_failure_visibility_test.dart: bulk failure remains visible after bottom scroll (height: 820.0, keyboard: 0.0, message: Selected tasks changed. Close this editor and review them before retrying., scale: 1.0, width: 390.0)
2026-10-10T17:51:42.9148441Z ✅ /home/runner/work/tandemlog/tandemlog/test/checklist_completion_command_test.dart: all checked items complete without warning and prepare exactly one receipt
2026-10-10T17:51:43.2279272Z ✅ /home/runner/work/tandemlog/tandemlog/test/checklist_completion_command_test.dart: cancel unfinished warning prepares nothing and preserves exact canonical bytes
2026-10-10T17:51:43.4646818Z ✅ /home/runner/work/tandemlog/tandemlog/test/bulk_failure_visibility_test.dart: bulk failure remains visible after bottom scroll (height: 820.0, keyboard: 280.0, message: Selected tasks changed. Close this editor and review them before retrying., scale: 2.0, width: 390.0)
2026-10-10T17:51:43.7067694Z ✅ /home/runner/work/tandemlog/tandemlog/test/checklist_completion_command_test.dart: warning observes whole current checklist including checked items notes and order
2026-10-10T17:51:43.9851734Z ✅ /home/runner/work/tandemlog/tandemlog/test/bulk_failure_visibility_test.dart: bulk failure remains visible after bottom scroll (height: 640.0, keyboard: 280.0, message: Selected tasks changed. Close this editor and review them before retrying., scale: 2.0, width: 360.0)
2026-10-10T17:51:44.1493062Z ✅ /home/runner/work/tandemlog/tandemlog/test/checklist_completion_command_test.dart: incoming new unchecked item during warning requires fresh confirmation before receipt
2026-10-10T17:51:44.5004659Z ✅ /home/runner/work/tandemlog/tandemlog/test/bulk_failure_visibility_test.dart: bulk failure remains visible after bottom scroll (height: 640.0, keyboard: 280.0, message: Folder save failed. Your draft is retained. The provider did not acknowledge the selected changes. Reconnect the folder and check its permissions before retrying. No successful save has been reported. A long provider explanation must remain readable without moving the form., scale: 2.0, width: 360.0)
2026-10-10T17:51:44.5516927Z ✅ /home/runner/work/tandemlog/tandemlog/test/checklist_completion_command_test.dart: incoming completion state during warning requires fresh confirmation before receipt
2026-10-10T17:51:44.7662815Z ✅ /home/runner/work/tandemlog/tandemlog/test/bulk_failure_visibility_test.dart: single modal and bulk panel keep existing failure location false
2026-10-10T17:51:44.9812851Z ✅ /home/runner/work/tandemlog/tandemlog/test/checklist_completion_command_test.dart: incoming title during warning requires fresh confirmation before receipt
2026-10-10T17:51:45.0420247Z ✅ /home/runner/work/tandemlog/tandemlog/test/bulk_failure_visibility_test.dart: single modal and bulk panel keep existing failure location true
2026-10-10T17:51:45.3639154Z ✅ /home/runner/work/tandemlog/tandemlog/test/checklist_completion_command_test.dart: incoming notes during warning requires fresh confirmation before receipt
2026-10-10T17:51:45.7207231Z ✅ /home/runner/work/tandemlog/tandemlog/test/checklist_completion_command_test.dart: incoming order during warning requires fresh confirmation before receipt
2026-10-10T17:51:46.0314866Z ✅ /home/runner/work/tandemlog/tandemlog/test/checklist_completion_command_test.dart: cancel renewed warning keeps peer changes but writes no local completion
2026-10-10T17:51:46.4245495Z ✅ /home/runner/work/tandemlog/tandemlog/test/checklist_completion_command_test.dart: incoming checks clearing all unfinished work need no second warning
2026-10-10T17:51:46.7058366Z ✅ /home/runner/work/tandemlog/tandemlog/test/checklist_completion_command_test.dart: task deleted while warning is open stops without preparing duplicate completion
2026-10-10T17:51:46.9782677Z ✅ /home/runner/work/tandemlog/tandemlog/test/recurring_store_test.dart: offline recurring peers retain child edits drafts Undo and exact cold replay
2026-10-10T17:51:46.9942035Z ✅ /home/runner/work/tandemlog/tandemlog/test/checklist_completion_command_test.dart: task completed while warning is open stops without preparing duplicate completion
2026-10-10T17:51:47.3263191Z ✅ /home/runner/work/tandemlog/tandemlog/test/checklist_completion_command_test.dart: already completed task returns null without warning or duplicate receipt
2026-10-10T17:51:47.6344824Z ✅ /home/runner/work/tandemlog/tandemlog/test/task_view_test.dart: exact times precede date-only on the same day without invented time
2026-10-10T17:51:47.6379929Z ✅ /home/runner/work/tandemlog/tandemlog/test/task_view_test.dart: scheduled override supplies both date and precision for sorting
2026-10-10T17:51:47.6768990Z ✅ /home/runner/work/tandemlog/tandemlog/test/task_view_test.dart: calendar bounds retain precision over viewer midnight and DST
2026-10-10T17:51:47.6839833Z ✅ /home/runner/work/tandemlog/tandemlog/test/task_view_test.dart: visible future hints refresh at viewer midnight before the start
2026-10-10T17:51:47.6921626Z ✅ /home/runner/work/tandemlog/tandemlog/test/task_view_test.dart: recurring completion eligibility changes at civil midnight and on zone changes
2026-10-10T17:51:47.6946567Z ✅ /home/runner/work/tandemlog/tandemlog/test/task_view_test.dart: completion boundary follows 23-hour and 25-hour named-zone days
2026-10-10T17:51:47.6985426Z ✅ /home/runner/work/tandemlog/tandemlog/test/checklist_completion_command_test.dart: native incoming notes renew warning while another private item draft stays unpublished
2026-10-10T17:51:47.6998222Z ✅ /home/runner/work/tandemlog/tandemlog/test/task_view_test.dart: ordinary tag intersects assignee, upcoming and completed views
2026-10-10T17:51:47.7024091Z ✅ /home/runner/work/tandemlog/tandemlog/test/task_view_test.dart: upcoming is opt-in and does not change stored rows
2026-10-10T17:51:47.7059301Z ✅ /home/runner/work/tandemlog/tandemlog/test/task_view_test.dart: standalone timing evaluates hidden and completed rows without changing state
2026-10-10T17:51:47.7103511Z ✅ /home/runner/work/tandemlog/tandemlog/test/task_view_test.dart: bounds accept only nullable integers and preserve recurrence anchor
2026-10-10T17:51:47.7131763Z ✅ /home/runner/work/tandemlog/tandemlog/test/task_view_test.dart: availability includes exact boundary and completed history stays visible
2026-10-10T17:51:47.7181911Z ✅ /home/runner/work/tandemlog/tandemlog/test/task_view_test.dart: effective scheduled precedence, bounds, Someday and manual ties
2026-10-10T17:51:47.7212694Z ✅ /home/runner/work/tandemlog/tandemlog/test/task_view_test.dart: bounds clamp civil day while retaining exact time and manual tie order
2026-10-10T17:51:47.7239937Z ✅ /home/runner/work/tandemlog/tandemlog/test/task_view_test.dart: pinned exact dates convert to viewer calendar but date-only remains civil
2026-10-10T17:51:47.7277366Z ✅ /home/runner/work/tandemlog/tandemlog/test/task_view_test.dart: start midnight and DST gap/fold use calendar transitions
2026-10-10T17:51:47.7306700Z ✅ /home/runner/work/tandemlog/tandemlog/test/task_view_test.dart: date-only start midnight uses the shared pinned task zone
2026-10-10T17:51:47.7333436Z ✅ /home/runner/work/tandemlog/tandemlog/test/task_view_test.dart: supported bound horizon is admitted and renderable, larger values rejected
2026-10-10T17:51:47.7358849Z ✅ /home/runner/work/tandemlog/tandemlog/test/task_view_test.dart: derived bound groups may cross the persisted date year limit
2026-10-10T17:51:47.7388157Z ✅ /home/runner/work/tandemlog/tandemlog/test/task_view_test.dart: bounds midnight boundary follows 23 and 25 hour local days
2026-10-10T17:51:47.7419738Z ✅ /home/runner/work/tandemlog/tandemlog/test/task_view_test.dart: filter and hidden bounds select earliest relevant clock boundary
2026-10-10T17:51:47.7449718Z ✅ /home/runner/work/tandemlog/tandemlog/test/task_view_test.dart: search bypasses filters and availability without changing source
2026-10-10T17:51:47.7489907Z ✅ /home/runner/work/tandemlog/tandemlog/test/task_view_test.dart: multiple tags match any then combine with visibility and assignee
2026-10-10T17:51:48.0807038Z ✅ /home/runner/work/tandemlog/tandemlog/test/checklist_completion_command_test.dart: incoming unchecked item at native preparation boundary retries confirmation before any receipt
2026-10-10T17:51:48.9686664Z ✅ /home/runner/work/tandemlog/tandemlog/test/checklist_suppressed_item_capture_test.dart: copied item under canceled successor cannot open a private native editor
2026-10-10T17:51:49.6111657Z ✅ /home/runner/work/tandemlog/tandemlog/test/text_actor_registry_test.dart: TA01 durable actor derivation is exact, stable and context scoped
2026-10-10T17:51:49.6184043Z ✅ /home/runner/work/tandemlog/tandemlog/test/text_actor_registry_test.dart: TA02 reserved, unsafe, malformed and mismatched owners reject
2026-10-10T17:51:49.6240169Z ✅ /home/runner/work/tandemlog/tandemlog/test/text_actor_registry_test.dart: TA03 actual allocator collision retains first owner and rejects second
2026-10-10T17:51:49.6266100Z ✅ /home/runner/work/tandemlog/tandemlog/test/text_actor_registry_test.dart: TA04 multi-field admission is atomic when a later owner conflicts
2026-10-10T17:51:49.6307880Z ✅ /home/runner/work/tandemlog/tandemlog/test/text_actor_registry_test.dart: TA05 canonical-only ownership replay is duplicate/order independent
2026-10-10T17:51:49.6335767Z ✅ /home/runner/work/tandemlog/tandemlog/test/text_actor_registry_test.dart: TA06 operation struct authors must be the declared owner
2026-10-10T17:51:49.6356415Z ✅ /home/runner/work/tandemlog/tandemlog/test/text_actor_registry_test.dart: TA07 separate documents do not conflate equal actor numbers
2026-10-10T17:51:49.6382220Z ✅ /home/runner/work/tandemlog/tandemlog/test/text_actor_registry_test.dart: TA08 unknown ownership metadata fails explicitly
2026-10-10T17:51:49.6405124Z ✅ /home/runner/work/tandemlog/tandemlog/test/text_actor_registry_test.dart: a failed delta preserves every previously bound owner
2026-10-10T17:51:49.6440278Z ✅ /home/runner/work/tandemlog/tandemlog/test/text_actor_registry_test.dart: cached owner still rejects changed identity and unknown authors
2026-10-10T17:51:49.8432994Z ✅ /home/runner/work/tandemlog/tandemlog/test/historical_delivery_test.dart: review: historical source and marker arrive after cross-writer Undo
2026-10-10T17:51:50.6827463Z ✅ /home/runner/work/tandemlog/tandemlog/test/historical_delivery_test.dart: review: native historical source and marker arrive after cross-writer Undo
2026-10-10T17:51:51.1719888Z ✅ /home/runner/work/tandemlog/tandemlog/test/inbox_test.dart: Inbox means raw capture until first surviving saved edit
2026-10-10T17:51:51.1749705Z ✅ /home/runner/work/tandemlog/tandemlog/test/inbox_test.dart: derived successors are organized even if their snapshot is empty
2026-10-10T17:51:51.1819007Z ✅ /home/runner/work/tandemlog/tandemlog/test/checklist_presentation_test.dart: holding child reorder handle never opens help popup
2026-10-10T17:51:51.1914459Z ✅ /home/runner/work/tandemlog/tandemlog/test/inbox_test.dart: Inbox is first in manual order and separate from Someday/history
2026-10-10T17:51:51.3334437Z ✅ /home/runner/work/tandemlog/tandemlog/test/checklist_presentation_test.dart: child reorder drag still works after holding 0:00:00.000000
2026-10-10T17:51:51.4637628Z ✅ /home/runner/work/tandemlog/tandemlog/test/checklist_presentation_test.dart: child reorder drag still works after holding 0:00:01.000000
2026-10-10T17:51:51.5483950Z ✅ /home/runner/work/tandemlog/tandemlog/test/checklist_presentation_test.dart: child handle uses parent reorder icon and retains semantics
2026-10-10T17:51:51.5541958Z ✅ /home/runner/work/tandemlog/tandemlog/test/checklist_presentation_test.dart: title normalization respects composition and selection-only history
2026-10-10T17:51:51.6559915Z ✅ /home/runner/work/tandemlog/tandemlog/test/checklist_presentation_test.dart: panel exposes check/edit/add, relative moves and edge restrictions
2026-10-10T17:51:51.7001212Z ✅ /home/runner/work/tandemlog/tandemlog/test/checklist_presentation_test.dart: panel disabled controls and 200 percent narrow semantics
2026-10-10T17:51:51.8621320Z ✅ /home/runner/work/tandemlog/tandemlog/test/checklist_presentation_test.dart: busy checkbox keeps child focus and guards repeat Space
2026-10-10T17:51:51.8981484Z ✅ /home/runner/work/tandemlog/tandemlog/test/food_profile_upgrade_test.dart: released schema2 upgrades additively and retains all protected bytes
2026-10-10T17:51:51.9329404Z ✅ /home/runner/work/tandemlog/tandemlog/test/food_profile_upgrade_test.dart: weakened released authority prevents any schema3 creation
2026-10-10T17:51:51.9657187Z ✅ /home/runner/work/tandemlog/tandemlog/test/food_profile_upgrade_test.dart: halfway additive upgrade failure rolls back all new authority
2026-10-10T17:51:52.0033591Z ✅ /home/runner/work/tandemlog/tandemlog/test/checklist_presentation_test.dart: late control callbacks cannot dispatch after panel becomes busy
2026-10-10T17:51:52.1474718Z ✅ /home/runner/work/tandemlog/tandemlog/test/checklist_presentation_test.dart: child handle supports scoped typed drag and relative movement
2026-10-10T17:51:52.3304895Z ✅ /home/runner/work/tandemlog/tandemlog/test/checklist_presentation_test.dart: drop rejects wrong scope stale snapshot and disabled late acceptance
2026-10-10T17:51:52.4608192Z ✅ /home/runner/work/tandemlog/tandemlog/test/checklist_presentation_test.dart: move semantics keyboard edges and Add focus hook stay child scoped
2026-10-10T17:51:52.8302721Z ✅ /home/runner/work/tandemlog/tandemlog/test/checklist_presentation_test.dart: new item saves normalized title and multiline notes independently
2026-10-10T17:51:53.1434639Z ✅ /home/runner/work/tandemlog/tandemlog/test/checklist_presentation_test.dart: dirty close can be cancelled, dismissed and asked repeatedly without popping
2026-10-10T17:51:53.2988963Z ✅ /home/runner/work/tandemlog/tandemlog/test/checklist_presentation_test.dart: save through close guard renews dirty baseline; reopening starts clean
2026-10-10T17:51:53.4433273Z ✅ /home/runner/work/tandemlog/tandemlog/test/checklist_presentation_test.dart: failed save retains draft; pending receipt freezes fields and close but permits exact retry
2026-10-10T17:51:53.6544638Z ✅ /home/runner/work/tandemlog/tandemlog/test/checklist_presentation_test.dart: IME composition cannot save; length errors retain fields
2026-10-10T17:51:53.7349822Z ✅ /home/runner/work/tandemlog/tandemlog/test/checklist_presentation_test.dart: narrow enlarged editor and keyboard keep multiline input and actions reachable
2026-10-10T17:51:53.8358675Z ✅ /home/runner/work/tandemlog/tandemlog/test/checklist_presentation_test.dart: busy Save admits one command and freezes draft until success
2026-10-10T17:51:54.0903669Z ✅ /home/runner/work/tandemlog/tandemlog/test/checklist_presentation_test.dart: Cancel and route back resolve dirty item before closing host
2026-10-10T17:51:54.2479927Z ✅ /home/runner/work/tandemlog/tandemlog/test/checklist_presentation_test.dart: render dark desktop and narrow enlarged components
2026-10-10T17:51:55.2678744Z ✅ /home/runner/work/tandemlog/tandemlog/test/text_save_command_test.dart: production native Save coordinator canonical acknowledgement precedes commit and enables selective Undo
2026-10-10T17:51:55.5002023Z ✅ /home/runner/work/tandemlog/tandemlog/test/text_save_command_test.dart: production native Save coordinator unknown append retains exact packet and nontext intent afterWriting=false
2026-10-10T17:51:55.6979988Z ✅ /home/runner/work/tandemlog/tandemlog/test/text_save_command_test.dart: production native Save coordinator unknown append retains exact packet and nontext intent afterWriting=true
2026-10-10T17:51:55.9796654Z ✅ /home/runner/work/tandemlog/tandemlog/test/food_expiry_guidance_test.dart: 320dp dark 1.0x date guidance and saving
2026-10-10T17:51:56.0053533Z ✅ /home/runner/work/tandemlog/tandemlog/test/text_save_command_test.dart: production native Save coordinator bound retry completes frozen intent after remote metadata changes
2026-10-10T17:51:56.1513027Z ✅ /home/runner/work/tandemlog/tandemlog/test/text_save_command_test.dart: production native Save coordinator unchanged Save preserves captured lease and nontext-only Save uses ordinary edit
2026-10-10T17:51:56.3117614Z ✅ /home/runner/work/tandemlog/tandemlog/test/text_save_command_test.dart: production native Save coordinator nontext guard rejects before append without consuming private edits
2026-10-10T17:51:56.6542222Z ✅ /home/runner/work/tandemlog/tandemlog/test/text_save_command_test.dart: production native Save coordinator remote text merges into the returned row without rebasing private intent
2026-10-10T17:51:56.8659258Z ✅ /home/runner/work/tandemlog/tandemlog/test/text_save_command_test.dart: production native Save coordinator nontext-only native session permits remote text under the same guard
2026-10-10T17:51:57.0160889Z ✅ /home/runner/work/tandemlog/tandemlog/test/text_save_command_test.dart: production native Save coordinator Undo registration failure reports the already saved result
2026-10-10T17:51:57.1715499Z ✅ /home/runner/work/tandemlog/tandemlog/test/text_save_command_test.dart: production native Save coordinator postcommit draft allocation failure reports saved and can finish renewal
2026-10-10T17:51:57.2760868Z ✅ /home/runner/work/tandemlog/tandemlog/test/text_save_command_test.dart: production native Save coordinator native Save rejects whole-string fields
2026-10-10T17:51:57.3279179Z ✅ /home/runner/work/tandemlog/tandemlog/test/food_expiry_guidance_test.dart: 320dp dark 2.0x date guidance and saving
2026-10-10T17:51:57.9976255Z ✅ /home/runner/work/tandemlog/tandemlog/test/local_profile_database_test.dart: one DB after clean close, with exclusive durable WAL configured
2026-10-10T17:51:58.0242733Z ✅ /home/runner/work/tandemlog/tandemlog/test/local_profile_database_test.dart: same process and symlink aliases fail before opening another handle
2026-10-10T17:51:58.0346298Z ✅ /home/runner/work/tandemlog/tandemlog/test/local_profile_database_test.dart: failed open retains unsupported database and releases process guard
2026-10-10T17:51:58.6449317Z ✅ /home/runner/work/tandemlog/tandemlog/test/food_expiry_guidance_test.dart: 320dp light 1.0x date guidance and saving
2026-10-10T17:51:59.7360492Z ✅ /home/runner/work/tandemlog/tandemlog/test/food_expiry_guidance_test.dart: 320dp light 2.0x date guidance and saving
2026-10-10T17:51:59.8176728Z ✅ /home/runner/work/tandemlog/tandemlog/test/local_profile_database_test.dart: OS exclusion survives commit and process death
2026-10-10T17:52:00.3208431Z ✅ /home/runner/work/tandemlog/tandemlog/test/android_log_folder_test.dart: range bridge returns suffix and exposes nonseekable fallback explicitly
2026-10-10T17:52:00.3252223Z ✅ /home/runner/work/tandemlog/tandemlog/test/android_log_folder_test.dart: range truncation/provider errors remain failures rather than fallback
2026-10-10T17:52:00.3390984Z ✅ /home/runner/work/tandemlog/tandemlog/test/android_log_folder_test.dart: unsupported watch retains 15-second foreground fallback and retries
2026-10-10T17:52:00.3453709Z ✅ /home/runner/work/tandemlog/tandemlog/test/android_log_folder_test.dart: metadata remains optional observations and never creates trusted stamps
2026-10-10T17:52:00.3530305Z ✅ /home/runner/work/tandemlog/tandemlog/test/android_log_folder_test.dart: list rejects duplicate tandemlog-space.json before returning observations (same identity: false)
2026-10-10T17:52:00.3562327Z ✅ /home/runner/work/tandemlog/tandemlog/test/android_log_folder_test.dart: list rejects duplicate tandemlog-space.json before returning observations (same identity: true)
2026-10-10T17:52:00.3589285Z ✅ /home/runner/work/tandemlog/tandemlog/test/android_log_folder_test.dart: list rejects duplicate writer.jsonl before returning observations (same identity: false)
2026-10-10T17:52:00.3662244Z ✅ /home/runner/work/tandemlog/tandemlog/test/android_log_folder_test.dart: list rejects duplicate writer.jsonl before returning observations (same identity: true)
2026-10-10T17:52:00.3732102Z ✅ /home/runner/work/tandemlog/tandemlog/test/android_log_folder_test.dart: unrelated duplicate names do not reject the folder
2026-10-10T17:52:00.3812142Z ✅ /home/runner/work/tandemlog/tandemlog/test/android_log_folder_test.dart: list preserves native duplicate-name diagnostics and fails closed
2026-10-10T17:52:00.3842219Z ✅ /home/runner/work/tandemlog/tandemlog/test/android_log_folder_test.dart: read preserves native duplicate-name diagnostics and fails closed
2026-10-10T17:52:00.3868186Z ✅ /home/runner/work/tandemlog/tandemlog/test/android_log_folder_test.dart: readFrom preserves native duplicate-name diagnostics and fails closed
2026-10-10T17:52:00.3896236Z ✅ /home/runner/work/tandemlog/tandemlog/test/android_log_folder_test.dart: append preserves native duplicate-name diagnostics and fails closed
2026-10-10T17:52:00.3925688Z ✅ /home/runner/work/tandemlog/tandemlog/test/android_log_folder_test.dart: create preserves native duplicate-name diagnostics and fails closed
2026-10-10T17:52:00.3998011Z ✅ /home/runner/work/tandemlog/tandemlog/test/android_log_folder_test.dart: watch cancellation and old callbacks cannot trigger the new folder
2026-10-10T17:52:00.4031914Z ✅ /home/runner/work/tandemlog/tandemlog/test/android_log_folder_test.dart: unsupported watch activation becomes a stream error for polling fallback
2026-10-10T17:52:00.4084974Z ✅ /home/runner/work/tandemlog/tandemlog/test/android_log_folder_test.dart: observer error is delivered and a resumed watch uses fresh token
2026-10-10T17:52:00.4134200Z ✅ /home/runner/work/tandemlog/tandemlog/test/android_log_folder_test.dart: successful folder calls preserve bytes, names and forced revalidation
2026-10-10T17:52:00.4173426Z ✅ /home/runner/work/tandemlog/tandemlog/test/android_log_folder_test.dart: missing manifest gives restoration guidance without blaming permission
2026-10-10T17:52:00.4211185Z ✅ /home/runner/work/tandemlog/tandemlog/test/android_log_folder_test.dart: list generic IO failure stays honest and omits provider internals
2026-10-10T17:52:00.4235508Z ✅ /home/runner/work/tandemlog/tandemlog/test/android_log_folder_test.dart: read generic IO failure stays honest and omits provider internals
2026-10-10T17:52:00.4258906Z ✅ /home/runner/work/tandemlog/tandemlog/test/android_log_folder_test.dart: append generic IO failure stays honest and omits provider internals
2026-10-10T17:52:00.4284060Z ✅ /home/runner/work/tandemlog/tandemlog/test/android_log_folder_test.dart: create generic IO failure stays honest and omits provider internals
2026-10-10T17:52:00.4317099Z ✅ /home/runner/work/tandemlog/tandemlog/test/android_log_folder_test.dart: actual denied access and picker failures have specific recovery
2026-10-10T17:52:00.4357708Z ✅ /home/runner/work/tandemlog/tandemlog/test/android_log_folder_test.dart: presentation retains partial progress and canonical validation messages
2026-10-10T17:52:00.4386925Z ✅ /home/runner/work/tandemlog/tandemlog/test/android_log_folder_test.dart: food duplicates remain visible for module-scoped admission
2026-10-10T17:52:00.4418748Z ✅ /home/runner/work/tandemlog/tandemlog/test/android_log_folder_test.dart: bounded food reads send the limit to the provider
2026-10-10T17:52:00.9377194Z ✅ /home/runner/work/tandemlog/tandemlog/test/text_event_test.dart: new text packets retain exact bytes and closed metadata
2026-10-10T17:52:00.9602679Z ✅ /home/runner/work/tandemlog/tandemlog/test/text_event_test.dart: text packet fields, ownership and canonical base64 fail closed
2026-10-10T17:52:00.9729847Z ✅ /home/runner/work/tandemlog/tandemlog/test/text_event_test.dart: one text command can carry atomic existing nontext edits
2026-10-10T17:52:00.9799256Z ✅ /home/runner/work/tandemlog/tandemlog/test/text_event_test.dart: pure projection applies nontext without leaking native packet metadata
2026-10-10T17:52:00.9858478Z ✅ /home/runner/work/tandemlog/tandemlog/test/text_event_test.dart: baseline root declares closed exact prefix and genesis frontiers
2026-10-10T17:52:00.9938665Z ✅ /home/runner/work/tandemlog/tandemlog/test/text_event_test.dart: baseline unknown versions and invalid scope or frontiers fail closed
2026-10-10T17:52:01.6274717Z ✅ /home/runner/work/tandemlog/tandemlog/test/local_profile_database_test.dart: OS exclusion survives rollback and process death
2026-10-10T17:52:02.0142932Z ✅ /home/runner/work/tandemlog/tandemlog/test/command_acknowledgement_test.dart: single edit must fail when transport drops newly appended event
2026-10-10T17:52:02.1536825Z ✅ /home/runner/work/tandemlog/tandemlog/test/command_acknowledgement_test.dart: single command must not acknowledge different bytes with the same event ID
2026-10-10T17:52:02.3068159Z ✅ /home/runner/work/tandemlog/tandemlog/test/command_acknowledgement_test.dart: create batch reports 0 confirmed records after suffix replacement
2026-10-10T17:52:02.5744054Z ✅ /home/runner/work/tandemlog/tandemlog/test/command_acknowledgement_test.dart: edit batch reports 0 confirmed records after suffix replacement
2026-10-10T17:52:02.7692927Z ✅ /home/runner/work/tandemlog/tandemlog/test/command_acknowledgement_test.dart: delete batch reports 0 confirmed records after suffix replacement
2026-10-10T17:52:03.0150946Z ✅ /home/runner/work/tandemlog/tandemlog/test/command_acknowledgement_test.dart: reopen must fail and retain unconfirmed completion targets (0 prefix)
2026-10-10T17:52:03.2682053Z ✅ /home/runner/work/tandemlog/tandemlog/test/local_profile_database_test.dart: OS exclusion survives uncommitted and process death
2026-10-10T17:52:03.2812416Z ✅ /home/runner/work/tandemlog/tandemlog/test/command_acknowledgement_test.dart: Undo reports only confirmed retractions and preserves retry (0 prefix)
2026-10-10T17:52:03.2868776Z ✅ /home/runner/work/tandemlog/tandemlog/test/local_profile_database_test.dart: independent profiles can own DBs concurrently; this is not a workspace lease
2026-10-10T17:52:03.3009085Z ✅ /home/runner/work/tandemlog/tandemlog/test/local_profile_database_test.dart: missing protected_writer_guards fails closed instead of recreating safety authority
2026-10-10T17:52:03.3158645Z ✅ /home/runner/work/tandemlog/tandemlog/test/local_profile_database_test.dart: missing protected_text_intents fails closed instead of recreating safety authority
2026-10-10T17:52:03.3287028Z ✅ /home/runner/work/tandemlog/tandemlog/test/local_profile_database_test.dart: weakened protected schema fails closed despite matching columns
2026-10-10T17:52:03.3501145Z ✅ /home/runner/work/tandemlog/tandemlog/test/local_profile_database_test.dart: exact frozen unpublished v1 upgrades without resetting identity
2026-10-10T17:52:03.4072689Z ✅ /home/runner/work/tandemlog/tandemlog/test/command_acknowledgement_test.dart: create batch reports 1 confirmed records after suffix replacement
2026-10-10T17:52:03.5913572Z ✅ /home/runner/work/tandemlog/tandemlog/test/command_acknowledgement_test.dart: edit batch reports 1 confirmed records after suffix replacement
2026-10-10T17:52:03.7602908Z ✅ /home/runner/work/tandemlog/tandemlog/test/command_acknowledgement_test.dart: delete batch reports 1 confirmed records after suffix replacement
2026-10-10T17:52:03.9717590Z ✅ /home/runner/work/tandemlog/tandemlog/test/command_acknowledgement_test.dart: reopen must fail and retain unconfirmed completion targets (1 prefix)
2026-10-10T17:52:03.9834090Z ✅ /home/runner/work/tandemlog/tandemlog/test/wall_time_test.dart: Chicago spring gap moves forward by gap, fall fold uses earlier instant
2026-10-10T17:52:03.9863996Z ✅ /home/runner/work/tandemlog/tandemlog/test/wall_time_test.dart: pinned wall time follows DST while UTC has no transition
2026-10-10T17:52:03.9890588Z ✅ /home/runner/work/tandemlog/tandemlog/test/wall_time_test.dart: half-hour transitions are not hardcoded to an hour
2026-10-10T17:52:04.1893849Z ✅ /home/runner/work/tandemlog/tandemlog/test/command_acknowledgement_test.dart: Undo reports only confirmed retractions and preserves retry (1 prefix)
2026-10-10T17:52:04.2421072Z ✅ /home/runner/work/tandemlog/tandemlog/test/command_acknowledgement_test.dart: incomplete BulkTaskResult cannot report success without an error
2026-10-10T17:52:04.6608120Z ✅ /home/runner/work/tandemlog/tandemlog/test/food_intents_test.dart: reservation and exact bytes commit or roll back together
2026-10-10T17:52:04.6923347Z ✅ /home/runner/work/tandemlog/tandemlog/test/food_intents_test.dart: receipt cannot be retired by different bytes or without transaction
2026-10-10T17:52:04.8643203Z ✅ /home/runner/work/tandemlog/tandemlog/test/food_inventory_test.dart: legacy date certainty stays unknown unless evidence establishes it
2026-10-10T17:52:04.8877007Z ✅ /home/runner/work/tandemlog/tandemlog/test/food_inventory_test.dart: Deleted sorts tied writers and uses latest still-active deletion
2026-10-10T17:52:04.8908666Z ✅ /home/runner/work/tandemlog/tandemlog/test/food_inventory_test.dart: Deleted sequence tie uses numeric sequence rather than lexical ID
2026-10-10T17:52:04.8991437Z ✅ /home/runner/work/tandemlog/tandemlog/test/food_inventory_test.dart: equivalent fractions do not conflict; real alternatives require review
2026-10-10T17:52:04.9038719Z ✅ /home/runner/work/tandemlog/tandemlog/test/food_inventory_test.dart: multiwriter tied clocks and delayed Restore replay deterministically
2026-10-10T17:52:04.9079321Z ✅ /home/runner/work/tandemlog/tandemlog/test/food_inventory_test.dart: independent field edits merge without overwriting the other field
2026-10-10T17:52:04.9109734Z ✅ /home/runner/work/tandemlog/tandemlog/test/food_inventory_test.dart: concurrent contents alternatives remain visible until observed resolution
2026-10-10T17:52:04.9155477Z ✅ /home/runner/work/tandemlog/tandemlog/test/food_inventory_test.dart: Add N creates physical containers; count is derived
2026-10-10T17:52:04.9254825Z ✅ /home/runner/work/tandemlog/tandemlog/test/food_inventory_test.dart: eight containers stay eight with seven full and one third remaining
2026-10-10T17:52:04.9288900Z ✅ /home/runner/work/tandemlog/tandemlog/test/food_inventory_test.dart: identical full containers have a deterministic quick target
2026-10-10T17:52:04.9317664Z ✅ /home/runner/work/tandemlog/tandemlog/test/food_inventory_test.dart: observed group deletion excludes concurrent new containers
2026-10-10T17:52:04.9352093Z ✅ /home/runner/work/tandemlog/tandemlog/test/food_inventory_test.dart: concurrent same-target remove counts once; unseen delete survives Restore
2026-10-10T17:52:04.9466243Z ✅ /home/runner/work/tandemlog/tandemlog/test/food_inventory_test.dart: duplicate and arbitrarily reordered delivery replay identically
2026-10-10T17:52:04.9506354Z ✅ /home/runner/work/tandemlog/tandemlog/test/food_inventory_test.dart: retention hides even preexpiry; undated stays Inbox; search ignores filters
2026-10-10T17:52:04.9531263Z ✅ /home/runner/work/tandemlog/tandemlog/test/food_inventory_test.dart: expiry order is global; different expiry or descriptive data stay separate
2026-10-10T17:52:04.9579437Z ✅ /home/runner/work/tandemlog/tandemlog/test/food_inventory_test.dart: Deleted is explicit, searchable, and durable with no age cutoff
2026-10-10T17:52:04.9616453Z ✅ /home/runner/work/tandemlog/tandemlog/test/food_inventory_test.dart: invalid counts, fractions, dates, paths and unknown fields fail closed
2026-10-10T17:52:05.2321288Z ✅ /home/runner/work/tandemlog/tandemlog/test/food_import_contract_vector_test.dart: v1 import identity and plan hash match independent frozen vector
2026-10-10T17:52:05.5638187Z ✅ /home/runner/work/tandemlog/tandemlog/test/writer_identity_test.dart: migration prefers selected cache and preserves every legacy identity
2026-10-10T17:52:05.5859838Z ✅ /home/runner/work/tandemlog/tandemlog/test/writer_identity_test.dart: no selected cache chooses lexical first independent of listing order
2026-10-10T17:52:05.6119064Z ✅ /home/runner/work/tandemlog/tandemlog/test/writer_identity_test.dart: settings reset creates fresh writer without resurrecting legacy
2026-10-10T17:52:05.6220169Z ✅ /home/runner/work/tandemlog/tandemlog/test/writer_identity_test.dart: saved migration identity finishes marker after interruption
2026-10-10T17:52:05.6446978Z ✅ /home/runner/work/tandemlog/tandemlog/test/writer_identity_test.dart: marker write failure retains durable settings identity on retry
2026-10-10T17:52:05.7263971Z ✅ /home/runner/work/tandemlog/tandemlog/test/writer_identity_test.dart: store startup failures release the defensive workspace lease
2026-10-10T17:52:05.8506342Z ✅ /home/runner/work/tandemlog/tandemlog/test/checklist_expansion_store_test.dart: sparse local expansion preserves other metadata and normal reopen
2026-10-10T17:52:05.8542681Z ✅ /home/runner/work/tandemlog/tandemlog/test/checklist_expansion_store_test.dart: cache reset defaults collapsed and invalid local values are ignored
2026-10-10T17:52:05.8602593Z ✅ /home/runner/work/tandemlog/tandemlog/test/checklist_expansion_store_test.dart: bad IDs and an active canonical transaction cannot cause partial UI writes
2026-10-10T17:52:05.9257474Z ✅ /home/runner/work/tandemlog/tandemlog/test/writer_identity_test.dart: cache 9 replays Inbox classification without changing canonical bytes
2026-10-10T17:52:05.9403384Z ✅ /home/runner/work/tandemlog/tandemlog/test/writer_identity_test.dart: invalid legacy identity fails without overwriting settings or identity
2026-10-10T17:52:05.9521498Z ✅ /home/runner/work/tandemlog/tandemlog/test/writer_identity_test.dart: invalid settings writer and migration marker fail explicitly
2026-10-10T17:52:05.9703972Z ✅ /home/runner/work/tandemlog/tandemlog/test/writer_identity_test.dart: failed atomic settings replacement does not finalize migration
2026-10-10T17:52:06.1342383Z ✅ /home/runner/work/tandemlog/tandemlog/test/writer_identity_test.dart: two spaces share installation writer and resume each stream safely
2026-10-10T17:52:06.2436186Z ✅ /home/runner/work/tandemlog/tandemlog/test/writer_identity_test.dart: explicit identity preserves old stream and uses a fresh stream
2026-10-10T17:52:07.1283719Z ✅ /home/runner/work/tandemlog/tandemlog/test/checklist_security_review_test.dart: admissible large checklist copy has bounded decode work and preserves canonical bytes
2026-10-10T17:52:07.1760206Z ✅ /home/runner/work/tandemlog/tandemlog/test/food_import_test.dart: strict v1 contract canonical fractions stable identities and invalid inputs
2026-10-10T17:52:07.3574935Z ✅ /home/runner/work/tandemlog/tandemlog/test/food_import_test.dart: dry run stages nothing and explicit commit preserves physical and unknown data
2026-10-10T17:52:07.6234546Z ✅ /home/runner/work/tandemlog/tandemlog/test/food_import_test.dart: cold retry after later edit and deletion uses original admission not projection
2026-10-10T17:52:07.8885983Z ✅ /home/runner/work/tandemlog/tandemlog/test/food_import_test.dart: partial append cold retry recovers exact reserved bytes without fresh IDs
2026-10-10T17:52:07.8912787Z ✅ /home/runner/work/tandemlog/tandemlog/test/checklist_security_review_test.dart: scalar checklist historical recompletion preserves protected child without shared-text initialization
2026-10-10T17:52:08.0570835Z ✅ /home/runner/work/tandemlog/tandemlog/test/food_import_test.dart: uncertain full append cold retry admits originals without second append
2026-10-10T17:52:08.2667966Z ✅ /home/runner/work/tandemlog/tandemlog/test/food_import_test.dart: changed count source payload and namespace refuse after attempt
2026-10-10T17:52:08.3948192Z ✅ /home/runner/work/tandemlog/tandemlog/test/food_import_test.dart: atomic ledger staging failure preserves canonical guard and intents
2026-10-10T17:52:08.4939240Z ✅ /home/runner/work/tandemlog/tandemlog/test/food_import_test.dart: missing attempt or source witness fails closed
2026-10-10T17:52:08.6200817Z ✅ /home/runner/work/tandemlog/tandemlog/test/food_import_test.dart: unrelated pending receipt is not recovered as import
2026-10-10T17:52:08.6990402Z ✅ /home/runner/work/tandemlog/tandemlog/test/food_import_test.dart: wrong workspace refuses without reserving or appending
2026-10-10T17:52:08.7157808Z ✅ /home/runner/work/tandemlog/tandemlog/test/closed_runtime_actor_test.dart: pending then valid resolution cannot publish inherited actor proof into a different runtime
2026-10-10T17:52:08.8077447Z ✅ /home/runner/work/tandemlog/tandemlog/test/food_import_test.dart: missing index with retained attempt refuses a new source namespace
2026-10-10T17:52:08.9058052Z ✅ /home/runner/work/tandemlog/tandemlog/test/food_import_test.dart: pre-byte crash changed plan and missing ledger cannot restamp prepared receipts
2026-10-10T17:52:08.9897148Z ✅ /home/runner/work/tandemlog/tandemlog/test/food_import_test.dart: physical collision with remote birth without local ledger refuses
2026-10-10T17:52:09.0999225Z ✅ /home/runner/work/tandemlog/tandemlog/test/food_import_test.dart: concurrent identical commit callbacks serialize into one original batch
2026-10-10T17:52:10.0677753Z ✅ /home/runner/work/tandemlog/tandemlog/test/historical_recompletion_test.dart: offline historical recompletions converge without reseeding or suppressing the existing child
2026-10-10T17:52:10.3594342Z ✅ /home/runner/work/tandemlog/tandemlog/test/historical_recompletion_test.dart: known wrong historical initialization rejects before receipt preparation
2026-10-10T17:52:10.9355845Z ✅ /home/runner/work/tandemlog/tandemlog/test/historical_recompletion_test.dart: historical recompletion preserves independent child draft, context and scoped Undo
2026-10-10T17:52:11.2837395Z ✅ /home/runner/work/tandemlog/tandemlog/test/historical_recompletion_test.dart: historical recompletion leaves open child unchanged through warm and cold replay
2026-10-10T17:52:11.6858964Z ✅ /home/runner/work/tandemlog/tandemlog/test/historical_recompletion_test.dart: historical recompletion leaves completed child unchanged through warm and cold replay
2026-10-10T17:52:12.0227927Z ✅ /home/runner/work/tandemlog/tandemlog/test/historical_recompletion_test.dart: historical recompletion leaves deleted child unchanged through warm and cold replay
2026-10-10T17:52:13.1047778Z ✅ /home/runner/work/tandemlog/tandemlog/test/batch_storage_test.dart: 1-task create/edit/tag/move/delete/Undo use one durable append/cache transaction
2026-10-10T17:52:14.1575977Z ✅ /home/runner/work/tandemlog/tandemlog/test/food_import_test.dart: fully staged maximum batch preserves all 1000 physical identities
2026-10-10T17:52:14.2172968Z ✅ /home/runner/work/tandemlog/tandemlog/test/food_import_test.dart: shared manifest change remains hard and leaves import unstaged
2026-10-10T17:52:14.2767802Z ✅ /home/runner/work/tandemlog/tandemlog/test/food_import_test.dart: import cannot select a writer different from protected settings
2026-10-10T17:52:14.3404728Z ✅ /home/runner/work/tandemlog/tandemlog/test/food_import_test.dart: oversized local import metadata is refused before ledger materialization
2026-10-10T17:52:14.4339627Z ✅ /home/runner/work/tandemlog/tandemlog/test/food_import_test.dart: all metadata ledger loss with surviving initialization refuses new namespace
2026-10-10T17:52:14.4637980Z ✅ /home/runner/work/tandemlog/tandemlog/test/batch_storage_test.dart: 30-task create/edit/tag/move/delete/Undo use one durable append/cache transaction
2026-10-10T17:52:14.5206852Z ✅ /home/runner/work/tandemlog/tandemlog/test/food_import_test.dart: malformed Food cannot mask lost protected import evidence on refresh
2026-10-10T17:52:14.5837002Z ✅ /home/runner/work/tandemlog/tandemlog/test/food_import_test.dart: malformed Food cannot mask protected settings binding on import
2026-10-10T17:52:14.6584580Z ✅ /home/runner/work/tandemlog/tandemlog/test/food_import_test.dart: zero-byte attempt all metadata loss refuses original and new namespace
2026-10-10T17:52:14.7425276Z ✅ /home/runner/work/tandemlog/tandemlog/test/food_import_test.dart: missing initialization witness with retained ledgers fails closed
2026-10-10T17:52:17.6221431Z ✅ /home/runner/work/tandemlog/tandemlog/test/batch_storage_test.dart: 100-task create/edit/tag/move/delete/Undo use one durable append/cache transaction
2026-10-10T17:52:17.7551949Z ✅ /home/runner/work/tandemlog/tandemlog/test/batch_storage_test.dart: capture before write reconciles exact records and never discards incomplete tail
2026-10-10T17:52:17.8968680Z ✅ /home/runner/work/tandemlog/tandemlog/test/batch_storage_test.dart: capture prefix write reconciles exact records and never discards incomplete tail
2026-10-10T17:52:18.0211196Z ✅ /home/runner/work/tandemlog/tandemlog/test/batch_storage_test.dart: capture tail write reconciles exact records and never discards incomplete tail
2026-10-10T17:52:18.1167820Z ✅ /home/runner/work/tandemlog/tandemlog/test/batch_storage_test.dart: capture after write reconciles exact records and never discards incomplete tail
2026-10-10T17:52:18.2101252Z ✅ /home/runner/work/tandemlog/tandemlog/test/batch_storage_test.dart: capture cache write reconciles exact records and never discards incomplete tail
2026-10-10T17:52:18.3062870Z ✅ /home/runner/work/tandemlog/tandemlog/test/batch_storage_test.dart: invalid deferred reference to second batch event rejects all before append
2026-10-10T17:52:18.4174842Z ✅ /home/runner/work/tandemlog/tandemlog/test/batch_storage_test.dart: deferred tag reference to second prepared event rejects the complete batch
2026-10-10T17:52:18.6561675Z ✅ /home/runner/work/tandemlog/tandemlog/test/food_editor_keyboard_layout_test.dart: 320dp dark 1.0x editor 0 with IME/errors
2026-10-10T17:52:18.9661430Z ✅ /home/runner/work/tandemlog/tandemlog/test/task_clock_test.dart: Chicago completion day follows local midnight across DST
2026-10-10T17:52:18.9711109Z ✅ /home/runner/work/tandemlog/tandemlog/test/task_clock_test.dart: unknown timezone never silently falls back
2026-10-10T17:52:20.3039895Z ✅ /home/runner/work/tandemlog/tandemlog/test/food_editor_keyboard_layout_test.dart: 320dp dark 1.0x editor 1 with IME/errors
2026-10-10T17:52:21.1794044Z ✅ /home/runner/work/tandemlog/tandemlog/test/food_durable_editor_test.dart: a failed durable Add retains editor and exact visible draft
2026-10-10T17:52:21.2763209Z ✅ /home/runner/work/tandemlog/tandemlog/test/food_durable_editor_test.dart: pending receipt prevents opening a different Add editor
2026-10-10T17:52:21.7931270Z ✅ /home/runner/work/tandemlog/tandemlog/test/food_durable_editor_test.dart: failed prepared Save retries the frozen original draft
2026-10-10T17:52:22.1336462Z ✅ /home/runner/work/tandemlog/tandemlog/test/food_durable_editor_test.dart: repeated captured discard decision cannot pop another route
2026-10-10T17:52:22.3532735Z ✅ /home/runner/work/tandemlog/tandemlog/test/food_durable_editor_test.dart: a retained rendered removal callback keeps its workspace origin
2026-10-10T17:52:24.3959694Z ✅ /home/runner/work/tandemlog/tandemlog/test/food_preview_test.dart: collapsed summary preserves single known full
2026-10-10T17:52:24.5092320Z ✅ /home/runner/work/tandemlog/tandemlog/test/food_preview_test.dart: collapsed summary preserves single unknown
2026-10-10T17:52:24.6055999Z ✅ /home/runner/work/tandemlog/tandemlog/test/food_preview_test.dart: collapsed summary preserves single partial
2026-10-10T17:52:24.7260576Z ✅ /home/runner/work/tandemlog/tandemlog/test/food_preview_test.dart: collapsed summary preserves multiple full
2026-10-10T17:52:24.8159648Z ✅ /home/runner/work/tandemlog/tandemlog/test/food_preview_test.dart: collapsed summary preserves mixed full and partial
2026-10-10T17:52:25.0864657Z ✅ /home/runner/work/tandemlog/tandemlog/test/food_editor_keyboard_layout_test.dart: 320dp dark 1.0x editor 100 with IME/errors
2026-10-10T17:52:25.2722024Z ✅ /home/runner/work/tandemlog/tandemlog/test/food_preview_test.dart: retained reasons start collapsed; active search bypasses them
2026-10-10T17:52:25.6848621Z ✅ /home/runner/work/tandemlog/tandemlog/test/food_preview_test.dart: narrow and wide inventory render partial stock without overflow
2026-10-10T17:52:25.9772726Z ✅ /home/runner/work/tandemlog/tandemlog/test/food_preview_test.dart: quick remove, Deleted and Undo preserve physical identity
2026-10-10T17:52:26.1136041Z ✅ /home/runner/work/tandemlog/tandemlog/test/food_preview_test.dart: partial containers require inspection; search includes retained stock
2026-10-10T17:52:26.1532509Z ✅ /home/runner/work/tandemlog/tandemlog/test/food_editor_keyboard_layout_test.dart: 320dp dark 2.0x editor 0 with IME/errors
2026-10-10T17:52:26.7800052Z ✅ /home/runner/work/tandemlog/tandemlog/test/task_text_session_test.dart: private UTF16 edits survive remote arrival; composition blocks preparation; cancel retains live owner
2026-10-10T17:52:27.2118735Z ✅ /home/runner/work/tandemlog/tandemlog/test/food_editor_keyboard_layout_test.dart: 320dp dark 2.0x editor 1 with IME/errors
2026-10-10T17:52:28.9187360Z ✅ /home/runner/work/tandemlog/tandemlog/test/task_text_session_test.dart: confirmed Save keeps an open editor editable with a fresh lease
2026-10-10T17:52:28.9315291Z ✅ /home/runner/work/tandemlog/tandemlog/test/task_text_session_test.dart: later-field preparation failure retains earlier packet for retry
2026-10-10T17:52:30.7077870Z ✅ /home/runner/work/tandemlog/tandemlog/test/task_editor_test.dart: sort bounds explanation clears floating Minimum days label at 1.0
2026-10-10T17:52:30.8855005Z ✅ /home/runner/work/tandemlog/tandemlog/test/task_editor_test.dart: sort bounds explanation clears floating Minimum days label at 2.0
2026-10-10T17:52:31.0357943Z ✅ /home/runner/work/tandemlog/tandemlog/test/task_editor_test.dart: blocked text instruction wraps with full semantics at narrow 200 percent
2026-10-10T17:52:31.0934577Z ✅ /home/runner/work/tandemlog/tandemlog/test/food_editor_keyboard_layout_test.dart: 320dp dark 2.0x editor 100 with IME/errors
2026-10-10T17:52:31.6322839Z ✅ /home/runner/work/tandemlog/tandemlog/test/task_editor_test.dart: unactivated text stays visible and disabled while scheduling saves
2026-10-10T17:52:31.9538243Z ✅ /home/runner/work/tandemlog/tandemlog/test/food_editor_keyboard_layout_test.dart: 320dp light 1.0x editor 0 with IME/errors
2026-10-10T17:52:32.7260017Z ✅ /home/runner/work/tandemlog/tandemlog/test/task_editor_test.dart: blank Time focus preserves date precision and midnight is explicit
2026-10-10T17:52:32.8823080Z ✅ /home/runner/work/tandemlog/tandemlog/test/food_editor_keyboard_layout_test.dart: 320dp light 1.0x editor 1 with IME/errors
2026-10-10T17:52:33.0492784Z ✅ /home/runner/work/tandemlog/tandemlog/test/task_editor_test.dart: single and bulk editors put tags and assignee after scheduling
2026-10-10T17:52:33.4920086Z ✅ /home/runner/work/tandemlog/tandemlog/test/task_editor_test.dart: date and optional time share rows and clear time independently
2026-10-10T17:52:33.8323182Z ✅ /home/runner/work/tandemlog/tandemlog/test/task_editor_test.dart: date rows stack at narrow widths and enlarged text
2026-10-10T17:52:34.4764451Z ✅ /home/runner/work/tandemlog/tandemlog/test/task_editor_test.dart: title caret survives viewport and text scale changes without unrelated jumps
2026-10-10T17:52:35.0806842Z ✅ /home/runner/work/tandemlog/tandemlog/test/task_editor_test.dart: description caret survives viewport and text scale changes without unrelated jumps
2026-10-10T17:52:35.7226483Z ✅ /home/runner/work/tandemlog/tandemlog/test/task_editor_test.dart: changed composing title cannot save until normalized commit
2026-10-10T17:52:35.9752989Z ✅ /home/runner/work/tandemlog/tandemlog/test/task_editor_test.dart: title input normalizes paste selection after IME commits
2026-10-10T17:52:36.3174674Z ✅ /home/runner/work/tandemlog/tandemlog/test/task_editor_test.dart: historical multiline title opens clean and notes save preserves title
2026-10-10T17:52:36.5945876Z ✅ /home/runner/work/tandemlog/tandemlog/test/task_editor_test.dart: title grows from one to two lines and notes grow then scroll with caret
2026-10-10T17:52:36.7332711Z ✅ /home/runner/work/tandemlog/tandemlog/test/food_editor_keyboard_layout_test.dart: 320dp light 1.0x editor 100 with IME/errors
2026-10-10T17:52:36.8151564Z ✅ /home/runner/work/tandemlog/tandemlog/test/task_editor_test.dart: keyboard and large text bound notes and keep modal actions reachable
2026-10-10T17:52:37.0113859Z ✅ /home/runner/work/tandemlog/tandemlog/test/task_editor_test.dart: close guards dirty draft and preserves text after keep editing
2026-10-10T17:52:37.4102237Z ✅ /home/runner/work/tandemlog/tandemlog/test/task_editor_test.dart: live schedule validation and repeat conditional fields
2026-10-10T17:52:37.6439680Z ✅ /home/runner/work/tandemlog/tandemlog/test/food_editor_keyboard_layout_test.dart: 320dp light 2.0x editor 0 with IME/errors
2026-10-10T17:52:37.6841554Z ✅ /home/runner/work/tandemlog/tandemlog/test/task_editor_test.dart: nonrepeat override survives title edit and frozen original ignores incoming data
2026-10-10T17:52:38.1486826Z ✅ /home/runner/work/tandemlog/tandemlog/test/task_editor_test.dart: bulk caret and focus changes do not apply mixed fields
2026-10-10T17:52:38.6212807Z ✅ /home/runner/work/tandemlog/tandemlog/test/food_editor_keyboard_layout_test.dart: 320dp light 2.0x editor 1 with IME/errors
2026-10-10T17:52:38.6640162Z ✅ /home/runner/work/tandemlog/tandemlog/test/task_editor_test.dart: bulk blank untouched preserves mixed precision; explicit blank clears
2026-10-10T17:52:38.8470393Z ✅ /home/runner/work/tandemlog/tandemlog/test/task_editor_test.dart: bulk coupled validation checks every task
2026-10-10T17:52:39.1909343Z ✅ /home/runner/work/tandemlog/tandemlog/test/task_editor_test.dart: async save disables controls, rejects duplicate submit and keeps failed draft
2026-10-10T17:52:39.4871361Z ✅ /home/runner/work/tandemlog/tandemlog/test/task_editor_test.dart: deletion requires confirmation and delete failure preserves draft
2026-10-10T17:52:40.0289517Z ✅ /home/runner/work/tandemlog/tandemlog/test/task_editor_test.dart: invalid tags timezone recurrence and bounds block submission live
2026-10-10T17:52:40.3051371Z ✅ /home/runner/work/tandemlog/tandemlog/test/task_editor_test.dart: panel flag changes retain draft and public close guard
2026-10-10T17:52:40.5819395Z ✅ /home/runner/work/tandemlog/tandemlog/test/task_editor_test.dart: title and notes wire limits validate before save
2026-10-10T17:52:41.0778323Z ✅ /home/runner/work/tandemlog/tandemlog/test/task_editor_test.dart: draft occurrence remains accessible after removing repeat
2026-10-10T17:52:41.1638185Z ✅ /home/runner/work/tandemlog/tandemlog/test/task_editor_test.dart: override actions wrap with narrow viewport and large text
2026-10-10T17:52:41.3881354Z ✅ /home/runner/work/tandemlog/tandemlog/test/task_editor_test.dart: host owns Back and opens exactly one discard prompt
2026-10-10T17:52:41.5723541Z ✅ /home/runner/work/tandemlog/tandemlog/test/task_editor_test.dart: guard Save commits frozen single draft without closing
2026-10-10T17:52:41.8275758Z ✅ /home/runner/work/tandemlog/tandemlog/test/task_editor_test.dart: folder failure is readable and retains the draft for retry
2026-10-10T17:52:42.2048069Z ✅ /home/runner/work/tandemlog/tandemlog/test/task_editor_test.dart: guard Save validation and write failure retain draft and selection
2026-10-10T17:52:42.2228411Z ✅ /home/runner/work/tandemlog/tandemlog/test/food_editor_keyboard_layout_test.dart: 320dp light 2.0x editor 100 with IME/errors
2026-10-10T17:52:42.3945054Z ✅ /home/runner/work/tandemlog/tandemlog/test/task_editor_test.dart: bulk guard Save applies patch against frozen tasks without closing
2026-10-10T17:52:42.4617903Z ✅ /home/runner/work/tandemlog/tandemlog/test/task_editor_test.dart: selection header wraps at narrow large text
2026-10-10T17:52:42.7022533Z ✅ /home/runner/work/tandemlog/tandemlog/test/task_editor_test.dart: bulk header is compact, wraps accessibly, and Clear retains dirty guard
2026-10-10T17:52:42.7412896Z ##[endgroup]
2026-10-10T17:52:42.7413056Z 
2026-10-10T17:52:42.7419922Z 🎉 838 tests passed.
2026-10-10T17:52:42.8156888Z ##[group]Run cargo +1.99.0 test --locked --offline --manifest-path native/text_engine/Cargo.toml --target-dir "$TANDEMLOG_TEXT_TARGET_DIR"
2026-10-10T17:52:42.8157866Z [36;1mcargo +1.99.0 test --locked --offline --manifest-path native/text_engine/Cargo.toml --target-dir "$TANDEMLOG_TEXT_TARGET_DIR"[0m
2026-10-10T17:52:42.8158511Z [36;1mexport SPIKE_LIBRARY="$TANDEMLOG_TEXT_LIBRARY"[0m
2026-10-10T17:52:42.8158921Z [36;1mpython -m unittest discover -s experiments/yrs-spike/tests -v[0m
2026-10-10T17:52:42.8220891Z shell: /usr/bin/bash --noprofile --norc -e -o pipefail {0}
2026-10-10T17:52:42.8221256Z env:
2026-10-10T17:52:42.8221552Z   CARGO_HOME: /home/runner/work/_temp/tandemlog-rust-bootstrap/cargo
2026-10-10T17:52:42.8222016Z   RUSTUP_HOME: /home/runner/work/_temp/tandemlog-rust-bootstrap/rustup
2026-10-10T17:52:42.8222463Z   RUSTUP_UPDATE_ROOT: https://static.rust-lang.org/rustup
2026-10-10T17:52:42.8222858Z   RUSTUP_DIST_SERVER: https://static.rust-lang.org
2026-10-10T17:52:42.8223190Z   RUSTUP_AUTO_INSTALL: 0
2026-10-10T17:52:42.8223561Z   TANDEMLOG_TEXT_TARGET_DIR: /home/runner/work/_temp/tandemlog-rust-bootstrap/target
2026-10-10T17:52:42.8224109Z   TANDEMLOG_TEXT_LIBRARY: /home/runner/work/_temp/native-unit/libtandemlog_text.so
2026-10-10T17:52:42.8224495Z ##[endgroup]
2026-10-10T17:52:42.8646118Z    Compiling proc-macro2 v1.0.107
2026-10-10T17:52:42.8646767Z    Compiling unicode-ident v1.0.26
2026-10-10T17:52:42.8647443Z    Compiling quote v1.0.47
2026-10-10T17:52:42.8650039Z    Compiling libc v0.2.190
2026-10-10T17:52:42.9179270Z    Compiling serde_core v1.0.229
2026-10-10T17:52:43.0194437Z    Compiling smallvec v1.16.2
2026-10-10T17:52:43.0821586Z    Compiling parking_lot_core v0.9.12
2026-10-10T17:52:43.1665858Z    Compiling pin-project-lite v0.2.17
2026-10-10T17:52:43.1775176Z    Compiling parking v2.2.1
2026-10-10T17:52:43.1963209Z    Compiling zmij v1.0.23
2026-10-10T17:52:43.2085827Z    Compiling rustversion v1.0.23
2026-10-10T17:52:43.2657685Z    Compiling crossbeam-utils v0.8.23
2026-10-10T17:52:43.3369036Z    Compiling event-listener v5.4.2
2026-10-10T17:52:43.6337637Z    Compiling syn v3.0.6
2026-10-10T17:52:43.6421298Z    Compiling scopeguard v1.2.0
2026-10-10T17:52:43.6762664Z    Compiling cfg-if v1.0.5
2026-10-10T17:52:43.6970929Z    Compiling serde_json v1.0.151
2026-10-10T17:52:43.8004170Z    Compiling thiserror v2.0.21
2026-10-10T17:52:44.0022425Z    Compiling serde v1.0.229
2026-10-10T17:52:44.1943451Z    Compiling lock_api v0.4.14
2026-10-10T17:52:44.6491894Z    Compiling event-listener-strategy v0.5.4
2026-10-10T17:52:45.0551790Z    Compiling hashbrown v0.14.5
2026-10-10T17:52:45.1422792Z    Compiling once_cell v1.21.4
2026-10-10T17:52:45.2681848Z    Compiling memchr v2.8.3
2026-10-10T17:52:45.5607522Z    Compiling itoa v1.0.18
2026-10-10T17:52:45.7321690Z    Compiling dashmap v6.2.1
2026-10-10T17:52:45.9122630Z    Compiling arc-swap v1.9.2
2026-10-10T17:52:46.0702951Z    Compiling async-lock v3.4.2
2026-10-10T17:52:46.1141680Z    Compiling smallstr v0.3.1
2026-10-10T17:52:46.2043897Z    Compiling fastrand v2.5.0
2026-10-10T17:52:46.3681695Z    Compiling base64 v0.22.1
2026-10-10T17:52:46.9111089Z    Compiling serde_derive v1.0.229
2026-10-10T17:52:46.9111895Z    Compiling thiserror-impl v2.0.21
2026-10-10T17:52:46.9113370Z    Compiling async-trait v0.1.92
2026-10-10T17:52:48.7055018Z    Compiling yrs v0.28.0 (/home/runner/work/tandemlog/tandemlog/native/text_engine/vendor/yrs-0.28.0)
2026-10-10T17:52:48.8525993Z warning: unused imports: `BlockRange` and `Block`
2026-10-10T17:52:48.8526615Z  --> vendor/yrs-0.28.0/src/transaction.rs:1:20
2026-10-10T17:52:48.8527385Z   |
2026-10-10T17:52:48.8527996Z 1 | use crate::block::{Block, BlockRange, Item, ItemContent, ItemPosition, ItemPtr, Prelim, ID};
2026-10-10T17:52:48.8528682Z   |                    ^^^^^  ^^^^^^^^^^
2026-10-10T17:52:48.8529036Z   |
2026-10-10T17:52:48.8529445Z   = note: `#[warn(unused_imports)]` (part of `#[warn(unused)]`) on by default
2026-10-10T17:52:48.8529865Z 
2026-10-10T17:52:48.8540241Z warning: unused import: `Block`
2026-10-10T17:52:48.8541069Z  --> vendor/yrs-0.28.0/src/block_iter.rs:1:20
2026-10-10T17:52:48.8541628Z   |
2026-10-10T17:52:48.8542189Z 1 | use crate::block::{Block, Item, ItemContent, ItemPtr, Prelim};
2026-10-10T17:52:48.8542858Z   |                    ^^^^^
2026-10-10T17:52:48.8543198Z 
2026-10-10T17:52:48.8551036Z warning: unused import: `ItemContent`
2026-10-10T17:52:48.8551569Z  --> vendor/yrs-0.28.0/src/iter.rs:1:20
2026-10-10T17:52:48.8552015Z   |
2026-10-10T17:52:48.8552380Z 1 | use crate::block::{ItemContent, ItemPtr};
2026-10-10T17:52:48.8552864Z   |                    ^^^^^^^^^^^
2026-10-10T17:52:48.8553159Z 
2026-10-10T17:52:48.8553384Z warning: unused imports: `SmallVec` and `smallvec`
2026-10-10T17:52:48.8553921Z  --> vendor/yrs-0.28.0/src/iter.rs:4:16
2026-10-10T17:52:48.8554351Z   |
2026-10-10T17:52:48.8554683Z 4 | use smallvec::{smallvec, SmallVec};
2026-10-10T17:52:48.8555131Z   |                ^^^^^^^^  ^^^^^^^^
2026-10-10T17:52:48.8555416Z 
2026-10-10T17:52:49.3778021Z warning: unused import: `crate::utils::OptionExt`
2026-10-10T17:52:49.3778643Z   --> vendor/yrs-0.28.0/src/doc.rs:10:5
2026-10-10T17:52:49.3779164Z    |
2026-10-10T17:52:49.3779505Z 10 | use crate::utils::OptionExt;
2026-10-10T17:52:49.3779926Z    |     ^^^^^^^^^^^^^^^^^^^^^^^
2026-10-10T17:52:49.3780198Z 
2026-10-10T17:52:49.3993563Z warning: value assigned to `left` is never read
2026-10-10T17:52:49.3994176Z    --> vendor/yrs-0.28.0/src/block.rs:494:24
2026-10-10T17:52:49.3994644Z     |
2026-10-10T17:52:49.3994975Z 494 |         let mut left = None;
2026-10-10T17:52:49.3995578Z     |                        ^^^^ this value is reassigned later and never used
2026-10-10T17:52:49.3996174Z ...
2026-10-10T17:52:49.3996587Z 540 |                 left = parent_branch.map.get(sub).cloned();
2026-10-10T17:52:49.3997472Z     |                 ------------------------------------------ `left` is overwritten here before the previous value is read
2026-10-10T17:52:49.3998249Z     |
2026-10-10T17:52:49.3998788Z     = note: `#[warn(unused_assignments)]` (part of `#[warn(unused)]`) on by default
2026-10-10T17:52:49.3999349Z 
2026-10-10T17:52:49.4063385Z warning: unused variable: `ptr`
2026-10-10T17:52:49.4063939Z    --> vendor/yrs-0.28.0/src/block.rs:886:21
2026-10-10T17:52:49.4064420Z     |
2026-10-10T17:52:49.4064831Z 886 |                 let ptr = BranchPtr::from(branch);
2026-10-10T17:52:49.4065628Z     |                     ^^^ help: if this is intentional, prefix it with an underscore: `_ptr`
2026-10-10T17:52:49.4066258Z     |
2026-10-10T17:52:49.4066765Z     = note: `#[warn(unused_variables)]` (part of `#[warn(unused)]`) on by default
2026-10-10T17:52:49.4067301Z 
2026-10-10T17:52:49.5296202Z warning: unused variable: `ptr`
2026-10-10T17:52:49.5296830Z    --> vendor/yrs-0.28.0/src/transaction.rs:778:13
2026-10-10T17:52:49.5297331Z     |
2026-10-10T17:52:49.5297648Z 778 |         let ptr = item.clone();
2026-10-10T17:52:49.5298319Z     |             ^^^ help: if this is intentional, prefix it with an underscore: `_ptr`
2026-10-10T17:52:49.5298839Z 
2026-10-10T17:52:49.5330999Z warning: variable does not need to be mutable
2026-10-10T17:52:49.5331915Z    --> vendor/yrs-0.28.0/src/transaction.rs:958:13
2026-10-10T17:52:49.5332448Z     |
2026-10-10T17:52:49.5332891Z 958 |         let mut block = Item::new(
2026-10-10T17:52:49.5333359Z     |             ----^^^^^
2026-10-10T17:52:49.5333746Z     |             |
2026-10-10T17:52:49.5334130Z     |             help: remove this `mut`
2026-10-10T17:52:49.5334571Z     |
2026-10-10T17:52:49.5335026Z     = note: `#[warn(unused_mut)]` (part of `#[warn(unused)]`) on by default
2026-10-10T17:52:49.5335878Z 
2026-10-10T17:52:49.9756328Z warning: variable does not need to be mutable
2026-10-10T17:52:49.9756922Z    --> vendor/yrs-0.28.0/src/undo.rs:133:13
2026-10-10T17:52:49.9757335Z     |
2026-10-10T17:52:49.9757689Z 133 |         let mut state = Arc::new(Inner {
2026-10-10T17:52:49.9758135Z     |             ----^^^^^
2026-10-10T17:52:49.9758473Z     |             |
2026-10-10T17:52:49.9759044Z     |             help: remove this `mut`
2026-10-10T17:52:49.9759302Z 
2026-10-10T17:52:49.9863448Z warning: unused variable: `clear_undo`
2026-10-10T17:52:49.9864193Z    --> vendor/yrs-0.28.0/src/undo.rs:379:34
2026-10-10T17:52:49.9864684Z     |
2026-10-10T17:52:49.9865214Z 379 |     fn clear_internal(&mut self, clear_undo: bool, clear_redo: bool) {
2026-10-10T17:52:49.9866175Z     |                                  ^^^^^^^^^^ help: if this is intentional, prefix it with an underscore: `_clear_undo`
2026-10-10T17:52:49.9866785Z 
2026-10-10T17:52:49.9866981Z warning: unused variable: `clear_redo`
2026-10-10T17:52:49.9867526Z    --> vendor/yrs-0.28.0/src/undo.rs:379:52
2026-10-10T17:52:49.9867998Z     |
2026-10-10T17:52:49.9868509Z 379 |     fn clear_internal(&mut self, clear_undo: bool, clear_redo: bool) {
2026-10-10T17:52:49.9869484Z     |                                                    ^^^^^^^^^^ help: if this is intentional, prefix it with an underscore: `_clear_redo`
2026-10-10T17:52:49.9870150Z 
2026-10-10T17:52:50.0215585Z warning: method `as_item` is never used
2026-10-10T17:52:50.0216212Z    --> vendor/yrs-0.28.0/src/block.rs:198:12
2026-10-10T17:52:50.0216715Z     |
2026-10-10T17:52:50.0217073Z 183 | impl<'a> BlockRef<'a> {
2026-10-10T17:52:50.0217616Z     | --------------------- method in this implementation
2026-10-10T17:52:50.0218200Z ...
2026-10-10T17:52:50.0218628Z 198 |     pub fn as_item(&self) -> Option<&'a Item> {
2026-10-10T17:52:50.0219203Z     |            ^^^^^^^
2026-10-10T17:52:50.0219598Z     |
2026-10-10T17:52:50.0220083Z     = note: `#[warn(dead_code)]` (part of `#[warn(unused)]`) on by default
2026-10-10T17:52:50.0220847Z 
2026-10-10T17:52:50.0221162Z warning: methods `last_id`, `is_item`, and `is_gc` are never used
2026-10-10T17:52:50.0221772Z    --> vendor/yrs-0.28.0/src/block.rs:264:12
2026-10-10T17:52:50.0222252Z     |
2026-10-10T17:52:50.0222571Z 221 | impl Block {
2026-10-10T17:52:50.0222985Z     | ---------- methods in this implementation
2026-10-10T17:52:50.0223518Z ...
2026-10-10T17:52:50.0223857Z 264 |     pub fn last_id(&self) -> ID {
2026-10-10T17:52:50.0224319Z     |            ^^^^^^^
2026-10-10T17:52:50.0224653Z ...
2026-10-10T17:52:50.0224995Z 281 |     pub fn is_item(&self) -> bool {
2026-10-10T17:52:50.0225493Z     |            ^^^^^^^
2026-10-10T17:52:50.0225864Z ...
2026-10-10T17:52:50.0226191Z 291 |     pub fn is_gc(&self) -> bool {
2026-10-10T17:52:50.0226655Z     |            ^^^^^
2026-10-10T17:52:50.0226881Z 
2026-10-10T17:52:50.0227111Z warning: method `delete_as_cleanup` is never used
2026-10-10T17:52:50.0227666Z    --> vendor/yrs-0.28.0/src/block.rs:632:19
2026-10-10T17:52:50.0228152Z     |
2026-10-10T17:52:50.0228473Z 444 | impl ItemPtr {
2026-10-10T17:52:50.0228887Z     | ------------ method in this implementation
2026-10-10T17:52:50.0229390Z ...
2026-10-10T17:52:50.0229963Z 632 |     pub(crate) fn delete_as_cleanup(&self, txn: &mut TransactionMut, is_local: bool) {
2026-10-10T17:52:50.0230866Z     |                   ^^^^^^^^^^^^^^^^^
2026-10-10T17:52:50.0231179Z 
2026-10-10T17:52:50.0231359Z warning: method `integrate` is never used
2026-10-10T17:52:50.0231856Z     --> vendor/yrs-0.28.0/src/block.rs:1415:19
2026-10-10T17:52:50.0232310Z      |
2026-10-10T17:52:50.0232627Z 1354 | impl BlockRange {
2026-10-10T17:52:50.0233082Z      | --------------- method in this implementation
2026-10-10T17:52:50.0233568Z ...
2026-10-10T17:52:50.0234057Z 1415 |     pub(crate) fn integrate(&mut self, pivot: u32) -> bool {
2026-10-10T17:52:50.0234633Z      |                   ^^^^^^^^^
2026-10-10T17:52:50.0234920Z 
2026-10-10T17:52:50.0235155Z warning: method `contains` is never used
2026-10-10T17:52:50.0235974Z    --> vendor/yrs-0.28.0/src/block_store.rs:300:12
2026-10-10T17:52:50.0236458Z     |
2026-10-10T17:52:50.0236764Z 289 | impl BlockStore {
2026-10-10T17:52:50.0237198Z     | --------------- method in this implementation
2026-10-10T17:52:50.0237659Z ...
2026-10-10T17:52:50.0238015Z 300 |     pub fn contains(&self, id: &ID) -> bool {
2026-10-10T17:52:50.0238698Z     |            ^^^^^^^^
2026-10-10T17:52:50.0238942Z 
2026-10-10T17:52:50.0239177Z warning: constant `WEAK_REF_FLAGS_QUOTE` is never used
2026-10-10T17:52:50.0239742Z    --> vendor/yrs-0.28.0/src/types/mod.rs:230:7
2026-10-10T17:52:50.0240214Z     |
2026-10-10T17:52:50.0240829Z 230 | const WEAK_REF_FLAGS_QUOTE: u8 = 0b0000_0001;
2026-10-10T17:52:50.0241322Z     |       ^^^^^^^^^^^^^^^^^^^^
2026-10-10T17:52:50.0241569Z 
2026-10-10T17:52:50.0241798Z warning: constant `WEAK_REF_FLAGS_START_ASSOC` is never used
2026-10-10T17:52:50.0242335Z    --> vendor/yrs-0.28.0/src/types/mod.rs:232:7
2026-10-10T17:52:50.0242791Z     |
2026-10-10T17:52:50.0243147Z 232 | const WEAK_REF_FLAGS_START_ASSOC: u8 = 0b0000_0010;
2026-10-10T17:52:50.0243609Z     |       ^^^^^^^^^^^^^^^^^^^^^^^^^^
2026-10-10T17:52:50.0243876Z 
2026-10-10T17:52:50.0244109Z warning: constant `WEAK_REF_FLAGS_END_ASSOC` is never used
2026-10-10T17:52:50.0244635Z    --> vendor/yrs-0.28.0/src/types/mod.rs:234:7
2026-10-10T17:52:50.0245053Z     |
2026-10-10T17:52:50.0245412Z 234 | const WEAK_REF_FLAGS_END_ASSOC: u8 = 0b0000_0100;
2026-10-10T17:52:50.0245880Z     |       ^^^^^^^^^^^^^^^^^^^^^^^^
2026-10-10T17:52:50.0246128Z 
2026-10-10T17:52:50.0246387Z warning: constant `WEAK_REF_FLAGS_START_UNBOUNDED` is never used
2026-10-10T17:52:50.0246960Z    --> vendor/yrs-0.28.0/src/types/mod.rs:236:7
2026-10-10T17:52:50.0247377Z     |
2026-10-10T17:52:50.0247761Z 236 | const WEAK_REF_FLAGS_START_UNBOUNDED: u8 = 0b0000_1000;
2026-10-10T17:52:50.0248260Z     |       ^^^^^^^^^^^^^^^^^^^^^^^^^^^^^^
2026-10-10T17:52:50.0248525Z 
2026-10-10T17:52:50.0248787Z warning: constant `WEAK_REF_FLAGS_END_UNBOUNDED` is never used
2026-10-10T17:52:50.0249347Z    --> vendor/yrs-0.28.0/src/types/mod.rs:238:7
2026-10-10T17:52:50.0249753Z     |
2026-10-10T17:52:50.0250110Z 238 | const WEAK_REF_FLAGS_END_UNBOUNDED: u8 = 0b0001_0000;
2026-10-10T17:52:50.0250940Z     |       ^^^^^^^^^^^^^^^^^^^^^^^^^^^^
2026-10-10T17:52:50.0251218Z 
2026-10-10T17:52:50.0251453Z warning: constant `WEAK_REF_FLAGS_PARENT_ROOT` is never used
2026-10-10T17:52:50.0251989Z    --> vendor/yrs-0.28.0/src/types/mod.rs:240:7
2026-10-10T17:52:50.0252408Z     |
2026-10-10T17:52:50.0252781Z 240 | const WEAK_REF_FLAGS_PARENT_ROOT: u8 = 0b0010_0000;
2026-10-10T17:52:50.0253252Z     |       ^^^^^^^^^^^^^^^^^^^^^^^^^^
2026-10-10T17:52:50.0253511Z 
2026-10-10T17:52:50.0253664Z warning: field `txn` is never read
2026-10-10T17:52:50.0254086Z    --> vendor/yrs-0.28.0/src/types/mod.rs:538:5
2026-10-10T17:52:50.0254496Z     |
2026-10-10T17:52:50.0254800Z 536 | pub(crate) struct Entries<'a, B, T> {
2026-10-10T17:52:50.0255269Z     |                   ------- field in this struct
2026-10-10T17:52:50.0255856Z 537 |     iter: std::collections::hash_map::Iter<'a, Arc<str>, ItemPtr>,
2026-10-10T17:52:50.0256381Z 538 |     txn: B,
2026-10-10T17:52:50.0256667Z     |     ^^^
2026-10-10T17:52:50.0256953Z     |
2026-10-10T17:52:50.0257613Z     = note: `Entries` has a derived impl for the trait `Debug`, but this is intentionally ignored during dead code analysis
2026-10-10T17:52:50.0258267Z 
2026-10-10T17:52:50.0258430Z warning: method `as_id_set` is never used
2026-10-10T17:52:50.0258880Z   --> vendor/yrs-0.28.0/src/update.rs:48:12
2026-10-10T17:52:50.0259315Z    |
2026-10-10T17:52:50.0259587Z 28 | impl BlockSet {
2026-10-10T17:52:50.0259958Z    | ------------- method in this implementation
2026-10-10T17:52:50.0260368Z ...
2026-10-10T17:52:50.0260916Z 48 |     pub fn as_id_set(&self) -> IdSet {
2026-10-10T17:52:50.0261315Z    |            ^^^^^^^^^
2026-10-10T17:52:50.0261530Z 
2026-10-10T17:52:50.0261865Z warning: associated functions `next_target` and `return_stack` are never used
2026-10-10T17:52:50.0262773Z    --> vendor/yrs-0.28.0/src/update.rs:503:8
2026-10-10T17:52:50.0263181Z     |
2026-10-10T17:52:50.0263450Z 169 | impl Update {
2026-10-10T17:52:50.0263868Z     | ----------- associated functions in this implementation
2026-10-10T17:52:50.0264349Z ...
2026-10-10T17:52:50.0264624Z 503 |     fn next_target<'a, 'b>(
2026-10-10T17:52:50.0265173Z     |        ^^^^^^^^^^^
2026-10-10T17:52:50.0265513Z ...
2026-10-10T17:52:50.0266017Z 526 |     fn return_stack(stack: Vec<Block>, refs: &mut BlockSet, remaining: &mut BlockSet) {
2026-10-10T17:52:50.0266646Z     |        ^^^^^^^^^^^^
2026-10-10T17:52:50.0266842Z 
2026-10-10T17:52:50.0267112Z warning: methods `forward`, `backward`, and `values` are never used
2026-10-10T17:52:50.0267694Z    --> vendor/yrs-0.28.0/src/block_iter.rs:76:12
2026-10-10T17:52:50.0268126Z     |
2026-10-10T17:52:50.0268417Z  18 | impl BlockIter {
2026-10-10T17:52:50.0268782Z     | -------------- methods in this implementation
2026-10-10T17:52:50.0269214Z ...
2026-10-10T17:52:50.0269591Z  76 |     pub fn forward<T: ReadTxn>(&mut self, txn: &T, len: u32) {
2026-10-10T17:52:50.0270069Z     |            ^^^^^^^
2026-10-10T17:52:50.0270382Z ...
2026-10-10T17:52:50.0271040Z 130 |     pub fn backward<T: ReadTxn>(&mut self, txn: &mut T, mut len: u32) {
2026-10-10T17:52:50.0271621Z     |            ^^^^^^^^
2026-10-10T17:52:50.0271957Z ...
2026-10-10T17:52:50.0272267Z 369 |     pub fn values<'a, 'txn, T: ReadTxn>(
2026-10-10T17:52:50.0272691Z     |            ^^^^^^
2026-10-10T17:52:50.0272884Z 
2026-10-10T17:52:50.0273066Z warning: struct `Values` is never constructed
2026-10-10T17:52:50.0273550Z    --> vendor/yrs-0.28.0/src/block_iter.rs:377:12
2026-10-10T17:52:50.0273965Z     |
2026-10-10T17:52:50.0274247Z 377 | pub struct Values<'a, 'txn> {
2026-10-10T17:52:50.0274621Z     |            ^^^^^^
2026-10-10T17:52:50.0274822Z 
2026-10-10T17:52:50.0275008Z warning: associated function `new` is never used
2026-10-10T17:52:50.0275508Z    --> vendor/yrs-0.28.0/src/block_iter.rs:383:8
2026-10-10T17:52:50.0275916Z     |
2026-10-10T17:52:50.0276205Z 382 | impl<'a, 'txn> Values<'a, 'txn> {
2026-10-10T17:52:50.0276742Z     | ------------------------------- associated function in this implementation
2026-10-10T17:52:50.0277493Z 383 |     fn new(iter: &'a mut BlockIter, txn: &'txn mut TransactionMut<'txn>) -> Self {
2026-10-10T17:52:50.0278079Z     |        ^^^
2026-10-10T17:52:50.0278271Z 
2026-10-10T17:52:50.0278427Z warning: method `remove_at` is never used
2026-10-10T17:52:50.0278886Z    --> vendor/yrs-0.28.0/src/branch.rs:398:19
2026-10-10T17:52:50.0279282Z     |
2026-10-10T17:52:50.0279554Z 222 | impl Branch {
2026-10-10T17:52:50.0279894Z     | ----------- method in this implementation
2026-10-10T17:52:50.0280298Z ...
2026-10-10T17:52:50.0281027Z 398 |     pub(crate) fn remove_at(&self, txn: &mut TransactionMut, index: u32, len: u32) -> u32 {
2026-10-10T17:52:50.0281688Z     |                   ^^^^^^^^^
2026-10-10T17:52:50.0281930Z 
2026-10-10T17:52:50.0282106Z warning: method `inner_mut` is never used
2026-10-10T17:52:50.0282560Z    --> vendor/yrs-0.28.0/src/ids.rs:548:19
2026-10-10T17:52:50.0282963Z     |
2026-10-10T17:52:50.0283259Z  58 | impl<T: Merge> IdRanges<T> {
2026-10-10T17:52:50.0283735Z     | -------------------------- method in this implementation
2026-10-10T17:52:50.0284202Z ...
2026-10-10T17:52:50.0284675Z 548 |     pub(crate) fn inner_mut(&mut self) -> &mut SmallVec<[(Range<u32>, T); 1]> {
2026-10-10T17:52:50.0285273Z     |                   ^^^^^^^^^
2026-10-10T17:52:50.0285519Z 
2026-10-10T17:52:50.0285697Z warning: trait `BlockIterator` is never used
2026-10-10T17:52:50.0286202Z  --> vendor/yrs-0.28.0/src/iter.rs:7:18
2026-10-10T17:52:50.0286618Z   |
2026-10-10T17:52:50.0287082Z 7 | pub(crate) trait BlockIterator: Iterator<Item = ItemPtr> + Sized {
2026-10-10T17:52:50.0287687Z   |                  ^^^^^^^^^^^^^
2026-10-10T17:52:50.0287954Z 
2026-10-10T17:52:50.0288168Z warning: trait `BlockSliceIterator` is never used
2026-10-10T17:52:50.0288957Z   --> vendor/yrs-0.28.0/src/iter.rs:16:18
2026-10-10T17:52:50.0289370Z    |
2026-10-10T17:52:50.0289867Z 16 | pub(crate) trait BlockSliceIterator: Iterator<Item = ItemSlice> + Sized {
2026-10-10T17:52:50.0290477Z    |                  ^^^^^^^^^^^^^^^^^^
2026-10-10T17:52:50.0291063Z 
2026-10-10T17:52:50.0291278Z warning: struct `RangeIter` is never constructed
2026-10-10T17:52:50.0292000Z    --> vendor/yrs-0.28.0/src/iter.rs:106:19
2026-10-10T17:52:50.0292417Z     |
2026-10-10T17:52:50.0292731Z 106 | pub(crate) struct RangeIter<I> {
2026-10-10T17:52:50.0293130Z     |                   ^^^^^^^^^
2026-10-10T17:52:50.0293378Z 
2026-10-10T17:52:50.0293642Z warning: associated items `new` and `begin` are never used
2026-10-10T17:52:50.0294156Z    --> vendor/yrs-0.28.0/src/iter.rs:117:8
2026-10-10T17:52:50.0294584Z     |
2026-10-10T17:52:50.0294870Z 113 | / impl<I> RangeIter<I>
2026-10-10T17:52:50.0295207Z 114 | | where
2026-10-10T17:52:50.0295531Z 115 | |     I: Iterator<Item = ItemPtr>,
2026-10-10T17:52:50.0296090Z     | |________________________________- associated items in this implementation
2026-10-10T17:52:50.0296612Z 116 |   {
2026-10-10T17:52:50.0297059Z 117 |       fn new(iter: I, start: StickyIndex, end: StickyIndex) -> Self {
2026-10-10T17:52:50.0297594Z     |          ^^^
2026-10-10T17:52:50.0297875Z ...
2026-10-10T17:52:50.0298289Z 126 |       fn begin(&mut self, start_offset: &mut u32) -> Option<ItemPtr> {
2026-10-10T17:52:50.0298819Z     |          ^^^^^
2026-10-10T17:52:50.0299014Z 
2026-10-10T17:52:50.0299193Z warning: enum `RangeIterState` is never used
2026-10-10T17:52:50.0299647Z    --> vendor/yrs-0.28.0/src/iter.rs:234:6
2026-10-10T17:52:50.0300032Z     |
2026-10-10T17:52:50.0300319Z 234 | enum RangeIterState {
2026-10-10T17:52:50.0300936Z     |      ^^^^^^^^^^^^^^
2026-10-10T17:52:50.0301167Z 
2026-10-10T17:52:50.0301352Z warning: struct `Values` is never constructed
2026-10-10T17:52:50.0301815Z    --> vendor/yrs-0.28.0/src/iter.rs:245:19
2026-10-10T17:52:50.0302211Z     |
2026-10-10T17:52:50.0302507Z 245 | pub(crate) struct Values<I> {
2026-10-10T17:52:50.0302880Z     |                   ^^^^^^
2026-10-10T17:52:50.0303108Z 
2026-10-10T17:52:50.0303290Z warning: associated function `new` is never used
2026-10-10T17:52:50.0303782Z    --> vendor/yrs-0.28.0/src/iter.rs:251:8
2026-10-10T17:52:50.0304195Z     |
2026-10-10T17:52:50.0304506Z 250 | impl<I> Values<I> {
2026-10-10T17:52:50.0304966Z     | ----------------- associated function in this implementation
2026-10-10T17:52:50.0305481Z 251 |     fn new(iter: I) -> Self {
2026-10-10T17:52:50.0305861Z     |        ^^^
2026-10-10T17:52:50.0306046Z 
2026-10-10T17:52:50.0306199Z warning: field `txn` is never read
2026-10-10T17:52:50.0306622Z    --> vendor/yrs-0.28.0/src/iter.rs:287:5
2026-10-10T17:52:50.0307017Z     |
2026-10-10T17:52:50.0307300Z 286 | pub struct AsIter<'a, T, I> {
2026-10-10T17:52:50.0307723Z     |            ------ field in this struct
2026-10-10T17:52:50.0308120Z 287 |     txn: &'a T,
2026-10-10T17:52:50.0308424Z     |     ^^^
2026-10-10T17:52:50.0308702Z     |
2026-10-10T17:52:50.0309360Z     = note: `AsIter` has a derived impl for the trait `Debug`, but this is intentionally ignored during dead code analysis
2026-10-10T17:52:50.0310080Z 
2026-10-10T17:52:50.0310444Z warning: methods `adjacent`, `contains_id`, `right`, and `left` are never used
2026-10-10T17:52:50.0311377Z    --> vendor/yrs-0.28.0/src/slice.rs:164:12
2026-10-10T17:52:50.0311831Z     |
2026-10-10T17:52:50.0312129Z 105 | impl ItemSlice {
2026-10-10T17:52:50.0312509Z     | -------------- methods in this implementation
2026-10-10T17:52:50.0312950Z ...
2026-10-10T17:52:50.0313285Z 164 |     pub fn adjacent(&self) -> bool {
2026-10-10T17:52:50.0313727Z     |            ^^^^^^^^
2026-10-10T17:52:50.0314064Z ...
2026-10-10T17:52:50.0314420Z 179 |     pub fn contains_id(&self, id: &ID) -> bool {
2026-10-10T17:52:50.0314908Z     |            ^^^^^^^^^^^
2026-10-10T17:52:50.0315275Z ...
2026-10-10T17:52:50.0315623Z 249 |     pub fn right(&self) -> Option<ItemSlice> {
2026-10-10T17:52:50.0316347Z     |            ^^^^^
2026-10-10T17:52:50.0316666Z ...
2026-10-10T17:52:50.0317018Z 269 |     pub fn left(&self) -> Option<ItemSlice> {
2026-10-10T17:52:50.0317488Z     |            ^^^^
2026-10-10T17:52:50.0317696Z 
2026-10-10T17:52:50.0317957Z warning: methods `within_range` and `get_item` are never used
2026-10-10T17:52:50.0318745Z    --> vendor/yrs-0.28.0/src/sticky_index.rs:272:19
2026-10-10T17:52:50.0319185Z     |
2026-10-10T17:52:50.0319480Z  51 | impl StickyIndex {
2026-10-10T17:52:50.0319891Z     | ---------------- methods in this implementation
2026-10-10T17:52:50.0320324Z ...
2026-10-10T17:52:50.0321074Z 272 |     pub(crate) fn within_range(&self, ptr: Option<ItemPtr>) -> bool {
2026-10-10T17:52:50.0321688Z     |                   ^^^^^^^^^^^^
2026-10-10T17:52:50.0322075Z ...
2026-10-10T17:52:50.0322557Z 287 |     pub(crate) fn get_item<T: ReadTxn>(&self, txn: &T) -> Option<ItemPtr> {
2026-10-10T17:52:50.0323180Z     |                   ^^^^^^^^
2026-10-10T17:52:50.0323445Z 
2026-10-10T17:52:50.0323716Z warning: hiding a lifetime that's elided elsewhere is confusing
2026-10-10T17:52:50.0324287Z   --> vendor/yrs-0.28.0/src/event.rs:63:18
2026-10-10T17:52:50.0324677Z    |
2026-10-10T17:52:50.0325054Z 63 |     pub fn added(&self) -> SubdocsEventIter {
2026-10-10T17:52:50.0325639Z    |                  ^^^^^     ^^^^^^^^^^^^^^^^ the same lifetime is hidden here
2026-10-10T17:52:50.0326178Z    |                  |
2026-10-10T17:52:50.0326563Z    |                  the lifetime is elided here
2026-10-10T17:52:50.0327015Z    |
2026-10-10T17:52:50.0327592Z    = help: the same lifetime is referred to in inconsistent ways, making the signature confusing
2026-10-10T17:52:50.0328453Z    = note: `#[warn(mismatched_lifetime_syntaxes)]` on by default
2026-10-10T17:52:50.0329017Z help: use `'_` for type paths
2026-10-10T17:52:50.0329398Z    |
2026-10-10T17:52:50.0329764Z 63 |     pub fn added(&self) -> SubdocsEventIter<'_> {
2026-10-10T17:52:50.0330278Z    |                                            ++++
2026-10-10T17:52:50.0330819Z 
2026-10-10T17:52:50.0331084Z warning: hiding a lifetime that's elided elsewhere is confusing
2026-10-10T17:52:50.0331645Z   --> vendor/yrs-0.28.0/src/event.rs:69:20
2026-10-10T17:52:50.0332043Z    |
2026-10-10T17:52:50.0332374Z 69 |     pub fn removed(&self) -> SubdocsEventIter {
2026-10-10T17:52:50.0332914Z    |                    ^^^^^     ^^^^^^^^^^^^^^^^ the same lifetime is hidden here
2026-10-10T17:52:50.0333402Z    |                    |
2026-10-10T17:52:50.0333770Z    |                    the lifetime is elided here
2026-10-10T17:52:50.0334242Z    |
2026-10-10T17:52:50.0334787Z    = help: the same lifetime is referred to in inconsistent ways, making the signature confusing
2026-10-10T17:52:50.0335481Z help: use `'_` for type paths
2026-10-10T17:52:50.0335835Z    |
2026-10-10T17:52:50.0336180Z 69 |     pub fn removed(&self) -> SubdocsEventIter<'_> {
2026-10-10T17:52:50.0336663Z    |                                              ++++
2026-10-10T17:52:50.0336962Z 
2026-10-10T17:52:50.0337219Z warning: hiding a lifetime that's elided elsewhere is confusing
2026-10-10T17:52:50.0337781Z   --> vendor/yrs-0.28.0/src/event.rs:75:19
2026-10-10T17:52:50.0338168Z    |
2026-10-10T17:52:50.0338503Z 75 |     pub fn loaded(&self) -> SubdocsEventIter {
2026-10-10T17:52:50.0339037Z    |                   ^^^^^     ^^^^^^^^^^^^^^^^ the same lifetime is hidden here
2026-10-10T17:52:50.0339532Z    |                   |
2026-10-10T17:52:50.0339887Z    |                   the lifetime is elided here
2026-10-10T17:52:50.0340308Z    |
2026-10-10T17:52:50.0341075Z    = help: the same lifetime is referred to in inconsistent ways, making the signature confusing
2026-10-10T17:52:50.0341761Z help: use `'_` for type paths
2026-10-10T17:52:50.0342102Z    |
2026-10-10T17:52:50.0342452Z 75 |     pub fn loaded(&self) -> SubdocsEventIter<'_> {
2026-10-10T17:52:50.0342939Z    |                                             ++++
2026-10-10T17:52:50.0343243Z 
2026-10-10T17:52:50.0343537Z warning: hiding a lifetime that's elided elsewhere is confusing
2026-10-10T17:52:50.0344424Z    --> vendor/yrs-0.28.0/src/store.rs:358:20
2026-10-10T17:52:50.0344853Z     |
2026-10-10T17:52:50.0345209Z 358 |     pub fn subdocs(&self) -> SubdocsIter {
2026-10-10T17:52:50.0345764Z     |                    ^^^^^     ^^^^^^^^^^^ the same lifetime is hidden here
2026-10-10T17:52:50.0346290Z     |                    |
2026-10-10T17:52:50.0346909Z     |                    the lifetime is elided here
2026-10-10T17:52:50.0347337Z     |
2026-10-10T17:52:50.0347872Z     = help: the same lifetime is referred to in inconsistent ways, making the signature confusing
2026-10-10T17:52:50.0348565Z help: use `'_` for type paths
2026-10-10T17:52:50.0348918Z     |
2026-10-10T17:52:50.0349266Z 358 |     pub fn subdocs(&self) -> SubdocsIter<'_> {
2026-10-10T17:52:50.0349735Z     |                                         ++++
2026-10-10T17:52:50.0350025Z 
2026-10-10T17:52:50.0350301Z warning: hiding a lifetime that's elided elsewhere is confusing
2026-10-10T17:52:50.0351126Z    --> vendor/yrs-0.28.0/src/store.rs:364:25
2026-10-10T17:52:50.0351535Z     |
2026-10-10T17:52:50.0351871Z 364 |     pub fn subdoc_guids(&self) -> SubdocGuids {
2026-10-10T17:52:50.0352396Z     |                         ^^^^^     ^^^^^^^^^^^ the same lifetime is hidden here
2026-10-10T17:52:50.0352886Z     |                         |
2026-10-10T17:52:50.0353277Z     |                         the lifetime is elided here
2026-10-10T17:52:50.0353695Z     |
2026-10-10T17:52:50.0354267Z     = help: the same lifetime is referred to in inconsistent ways, making the signature confusing
2026-10-10T17:52:50.0355035Z help: use `'_` for type paths
2026-10-10T17:52:50.0355405Z     |
2026-10-10T17:52:50.0355771Z 364 |     pub fn subdoc_guids(&self) -> SubdocGuids<'_> {
2026-10-10T17:52:50.0356263Z     |                                              ++++
2026-10-10T17:52:50.0356565Z 
2026-10-10T17:52:50.0356849Z warning: hiding a lifetime that's elided elsewhere is confusing
2026-10-10T17:52:50.0357457Z    --> vendor/yrs-0.28.0/src/store.rs:444:28
2026-10-10T17:52:50.0357866Z     |
2026-10-10T17:52:50.0358287Z 444 |     pub(crate) fn try_read(&self) -> Option<RwLockReadGuard<Store>> {
2026-10-10T17:52:50.0359010Z     |                            ^^^^^            ^^^^^^^^^^^^^^^^^^^^^^ the same lifetime is hidden here
2026-10-10T17:52:50.0359546Z     |                            |
2026-10-10T17:52:50.0359966Z     |                            the lifetime is elided here
2026-10-10T17:52:50.0360413Z     |
2026-10-10T17:52:50.0361209Z     = help: the same lifetime is referred to in inconsistent ways, making the signature confusing
2026-10-10T17:52:50.0361902Z help: use `'_` for type paths
2026-10-10T17:52:50.0362251Z     |
2026-10-10T17:52:50.0362709Z 444 |     pub(crate) fn try_read(&self) -> Option<RwLockReadGuard<'_, Store>> {
2026-10-10T17:52:50.0363318Z     |                                                             +++
2026-10-10T17:52:50.0363665Z 
2026-10-10T17:52:50.0363947Z warning: hiding a lifetime that's elided elsewhere is confusing
2026-10-10T17:52:50.0364528Z    --> vendor/yrs-0.28.0/src/store.rs:449:33
2026-10-10T17:52:50.0364922Z     |
2026-10-10T17:52:50.0365343Z 449 |     pub(crate) fn read_blocking(&self) -> RwLockReadGuard<Store> {
2026-10-10T17:52:50.0366011Z     |                                 ^^^^^     ^^^^^^^^^^^^^^^^^^^^^^ the same lifetime is hidden here
2026-10-10T17:52:50.0366549Z     |                                 |
2026-10-10T17:52:50.0366981Z     |                                 the lifetime is elided here
2026-10-10T17:52:50.0367418Z     |
2026-10-10T17:52:50.0367969Z     = help: the same lifetime is referred to in inconsistent ways, making the signature confusing
2026-10-10T17:52:50.0368675Z help: use `'_` for type paths
2026-10-10T17:52:50.0369035Z     |
2026-10-10T17:52:50.0369495Z 449 |     pub(crate) fn read_blocking(&self) -> RwLockReadGuard<'_, Store> {
2026-10-10T17:52:50.0370091Z     |                                                           +++
2026-10-10T17:52:50.0370857Z 
2026-10-10T17:52:50.0371115Z warning: hiding a lifetime that's elided elsewhere is confusing
2026-10-10T17:52:50.0371676Z    --> vendor/yrs-0.28.0/src/store.rs:458:30
2026-10-10T17:52:50.0372085Z     |
2026-10-10T17:52:50.0372448Z 458 |     pub(crate) fn read_async(&self) -> Read<Store> {
2026-10-10T17:52:50.0373206Z     |                              ^^^^^     ^^^^^^^^^^^ the same lifetime is hidden here
2026-10-10T17:52:50.0373722Z     |                              |
2026-10-10T17:52:50.0374154Z     |                              the lifetime is elided here
2026-10-10T17:52:50.0374589Z     |
2026-10-10T17:52:50.0375140Z     = help: the same lifetime is referred to in inconsistent ways, making the signature confusing
2026-10-10T17:52:50.0375829Z help: use `'_` for type paths
2026-10-10T17:52:50.0376179Z     |
2026-10-10T17:52:50.0376554Z 458 |     pub(crate) fn read_async(&self) -> Read<'_, Store> {
2026-10-10T17:52:50.0377063Z     |                                             +++
2026-10-10T17:52:50.0377364Z 
2026-10-10T17:52:50.0377630Z warning: hiding a lifetime that's elided elsewhere is confusing
2026-10-10T17:52:50.0378188Z    --> vendor/yrs-0.28.0/src/store.rs:462:29
2026-10-10T17:52:50.0378595Z     |
2026-10-10T17:52:50.0379013Z 462 |     pub(crate) fn try_write(&self) -> Option<RwLockWriteGuard<Store>> {
2026-10-10T17:52:50.0379709Z     |                             ^^^^^            ^^^^^^^^^^^^^^^^^^^^^^^ the same lifetime is hidden here
2026-10-10T17:52:50.0380258Z     |                             |
2026-10-10T17:52:50.0380921Z     |                             the lifetime is elided here
2026-10-10T17:52:50.0381345Z     |
2026-10-10T17:52:50.0381915Z     = help: the same lifetime is referred to in inconsistent ways, making the signature confusing
2026-10-10T17:52:50.0382641Z help: use `'_` for type paths
2026-10-10T17:52:50.0382981Z     |
2026-10-10T17:52:50.0383437Z 462 |     pub(crate) fn try_write(&self) -> Option<RwLockWriteGuard<'_, Store>> {
2026-10-10T17:52:50.0384057Z     |                                                               +++
2026-10-10T17:52:50.0384389Z 
2026-10-10T17:52:50.0384637Z warning: hiding a lifetime that's elided elsewhere is confusing
2026-10-10T17:52:50.0385198Z    --> vendor/yrs-0.28.0/src/store.rs:467:34
2026-10-10T17:52:50.0385601Z     |
2026-10-10T17:52:50.0386027Z 467 |     pub(crate) fn write_blocking(&self) -> RwLockWriteGuard<Store> {
2026-10-10T17:52:50.0386715Z     |                                  ^^^^^     ^^^^^^^^^^^^^^^^^^^^^^^ the same lifetime is hidden here
2026-10-10T17:52:50.0387249Z     |                                  |
2026-10-10T17:52:50.0387685Z     |                                  the lifetime is elided here
2026-10-10T17:52:50.0388118Z     |
2026-10-10T17:52:50.0388644Z     = help: the same lifetime is referred to in inconsistent ways, making the signature confusing
2026-10-10T17:52:50.0389327Z help: use `'_` for type paths
2026-10-10T17:52:50.0389675Z     |
2026-10-10T17:52:50.0390117Z 467 |     pub(crate) fn write_blocking(&self) -> RwLockWriteGuard<'_, Store> {
2026-10-10T17:52:50.0390978Z     |                                                             +++
2026-10-10T17:52:50.0391308Z 
2026-10-10T17:52:50.0391564Z warning: hiding a lifetime that's elided elsewhere is confusing
2026-10-10T17:52:50.0392147Z    --> vendor/yrs-0.28.0/src/store.rs:476:31
2026-10-10T17:52:50.0392586Z     |
2026-10-10T17:52:50.0392990Z 476 |     pub(crate) fn write_async(&self) -> Write<Store> {
2026-10-10T17:52:50.0393596Z     |                               ^^^^^     ^^^^^^^^^^^^ the same lifetime is hidden here
2026-10-10T17:52:50.0394142Z     |                               |
2026-10-10T17:52:50.0394591Z     |                               the lifetime is elided here
2026-10-10T17:52:50.0395024Z     |
2026-10-10T17:52:50.0395570Z     = help: the same lifetime is referred to in inconsistent ways, making the signature confusing
2026-10-10T17:52:50.0396280Z help: use `'_` for type paths
2026-10-10T17:52:50.0396626Z     |
2026-10-10T17:52:50.0397233Z 476 |     pub(crate) fn write_async(&self) -> Write<'_, Store> {
2026-10-10T17:52:50.0397737Z     |                                               +++
2026-10-10T17:52:50.0398036Z 
2026-10-10T17:52:50.0398316Z warning: hiding a lifetime that's elided elsewhere is confusing
2026-10-10T17:52:50.0398926Z    --> vendor/yrs-0.28.0/src/transaction.rs:168:18
2026-10-10T17:52:50.0399351Z     |
2026-10-10T17:52:50.0399846Z 168 |     fn root_refs(&self) -> RootRefs {
2026-10-10T17:52:50.0400362Z     |                  ^^^^^     ^^^^^^^^ the same lifetime is hidden here
2026-10-10T17:52:50.0401073Z     |                  |
2026-10-10T17:52:50.0401436Z     |                  the lifetime is elided here
2026-10-10T17:52:50.0401852Z     |
2026-10-10T17:52:50.0402385Z     = help: the same lifetime is referred to in inconsistent ways, making the signature confusing
2026-10-10T17:52:50.0403065Z help: use `'_` for type paths
2026-10-10T17:52:50.0403410Z     |
2026-10-10T17:52:50.0403732Z 168 |     fn root_refs(&self) -> RootRefs<'_> {
2026-10-10T17:52:50.0404171Z     |                                    ++++
2026-10-10T17:52:50.0404456Z 
2026-10-10T17:52:50.0404718Z warning: hiding a lifetime that's elided elsewhere is confusing
2026-10-10T17:52:50.0405310Z    --> vendor/yrs-0.28.0/src/transaction.rs:175:21
2026-10-10T17:52:50.0405739Z     |
2026-10-10T17:52:50.0406066Z 175 |     fn subdoc_guids(&self) -> SubdocGuids {
2026-10-10T17:52:50.0406593Z     |                     ^^^^^     ^^^^^^^^^^^ the same lifetime is hidden here
2026-10-10T17:52:50.0407084Z     |                     |
2026-10-10T17:52:50.0407463Z     |                     the lifetime is elided here
2026-10-10T17:52:50.0407900Z     |
2026-10-10T17:52:50.0408472Z     = help: the same lifetime is referred to in inconsistent ways, making the signature confusing
2026-10-10T17:52:50.0409142Z help: use `'_` for type paths
2026-10-10T17:52:50.0409480Z     |
2026-10-10T17:52:50.0409807Z 175 |     fn subdoc_guids(&self) -> SubdocGuids<'_> {
2026-10-10T17:52:50.0410278Z     |                                          ++++
2026-10-10T17:52:50.0410752Z 
2026-10-10T17:52:50.0411016Z warning: hiding a lifetime that's elided elsewhere is confusing
2026-10-10T17:52:50.0411578Z    --> vendor/yrs-0.28.0/src/transaction.rs:181:16
2026-10-10T17:52:50.0411994Z     |
2026-10-10T17:52:50.0412294Z 181 |     fn subdocs(&self) -> SubdocsIter {
2026-10-10T17:52:50.0412786Z     |                ^^^^^     ^^^^^^^^^^^ the same lifetime is hidden here
2026-10-10T17:52:50.0413286Z     |                |
2026-10-10T17:52:50.0413661Z     |                the lifetime is elided here
2026-10-10T17:52:50.0414086Z     |
2026-10-10T17:52:50.0414627Z     = help: the same lifetime is referred to in inconsistent ways, making the signature confusing
2026-10-10T17:52:50.0415296Z help: use `'_` for type paths
2026-10-10T17:52:50.0415642Z     |
2026-10-10T17:52:50.0415948Z 181 |     fn subdocs(&self) -> SubdocsIter<'_> {
2026-10-10T17:52:50.0416377Z     |                                     ++++
2026-10-10T17:52:50.0416656Z 
2026-10-10T17:52:50.0416904Z warning: hiding a lifetime that's elided elsewhere is confusing
2026-10-10T17:52:50.0417504Z    --> vendor/yrs-0.28.0/src/types/mod.rs:911:17
2026-10-10T17:52:50.0417940Z     |
2026-10-10T17:52:50.0418266Z 911 |     pub fn iter(&self) -> EventsIter {
2026-10-10T17:52:50.0418777Z     |                 ^^^^^     ^^^^^^^^^^ the same lifetime is hidden here
2026-10-10T17:52:50.0419241Z     |                 |
2026-10-10T17:52:50.0419595Z     |                 the lifetime is elided here
2026-10-10T17:52:50.0419997Z     |
2026-10-10T17:52:50.0420779Z     = help: the same lifetime is referred to in inconsistent ways, making the signature confusing
2026-10-10T17:52:50.0421479Z help: use `'_` for type paths
2026-10-10T17:52:50.0421831Z     |
2026-10-10T17:52:50.0422155Z 911 |     pub fn iter(&self) -> EventsIter<'_> {
2026-10-10T17:52:50.0422593Z     |                                     ++++
2026-10-10T17:52:50.0422872Z 
2026-10-10T17:52:50.0477988Z warning: hiding a lifetime that's elided elsewhere is confusing
2026-10-10T17:52:50.0478868Z   --> vendor/yrs-0.28.0/src/state_vector.rs:93:17
2026-10-10T17:52:50.0479325Z    |
2026-10-10T17:52:50.0479811Z 93 |     pub fn iter(&self) -> std::collections::hash_map::Iter<ClientID, u32> {
2026-10-10T17:52:50.0480752Z    |                 ^^^^^     ^^^^^^^^^^^^^^^^^^^^^^^^^^^^^^^^^^^^^^^^^^^^^^^ the same lifetime is hidden here
2026-10-10T17:52:50.0481499Z    |                 |
2026-10-10T17:52:50.0481892Z    |                 the lifetime is elided here
2026-10-10T17:52:50.0482307Z    |
2026-10-10T17:52:50.0482867Z    = help: the same lifetime is referred to in inconsistent ways, making the signature confusing
2026-10-10T17:52:50.0483584Z help: use `'_` for type paths
2026-10-10T17:52:50.0483935Z    |
2026-10-10T17:52:50.0484406Z 93 |     pub fn iter(&self) -> std::collections::hash_map::Iter<'_, ClientID, u32> {
2026-10-10T17:52:50.0485076Z    |                                                            +++
2026-10-10T17:52:50.0485431Z 
2026-10-10T17:52:50.0489565Z warning: hiding a lifetime that's elided elsewhere is confusing
2026-10-10T17:52:50.0490383Z    --> vendor/yrs-0.28.0/src/sync/awareness.rs:141:17
2026-10-10T17:52:50.0491163Z     |
2026-10-10T17:52:50.0491581Z 141 |     pub fn iter(&self) -> AwarenessIter {
2026-10-10T17:52:50.0492255Z     |                 ^^^^^     ^^^^^^^^^^^^^ the same lifetime is hidden here
2026-10-10T17:52:50.0492889Z     |                 |
2026-10-10T17:52:50.0493340Z     |                 the lifetime is elided here
2026-10-10T17:52:50.0493834Z     |
2026-10-10T17:52:50.0494293Z     = help: the same lifetime is referred to in inconsistent ways, making the signature confusing
2026-10-10T17:52:50.0494873Z help: use `'_` for type paths
2026-10-10T17:52:50.0495166Z     |
2026-10-10T17:52:50.0495433Z 141 |     pub fn iter(&self) -> AwarenessIter<'_> {
2026-10-10T17:52:50.0495811Z     |                                        ++++
2026-10-10T17:52:50.0496046Z 
2026-10-10T17:52:51.3624106Z warning: `yrs` (lib) generated 58 warnings (run `cargo fix --lib -p yrs` to apply 27 suggestions)
2026-10-10T17:52:51.3625438Z    Compiling tandemlog-text v0.0.0 (/home/runner/work/tandemlog/tandemlog/native/text_engine)
2026-10-10T17:52:52.2163968Z     Finished `test` profile [unoptimized + debuginfo] target(s) in 9.37s
2026-10-10T17:52:52.2181309Z      Running unittests src/lib.rs (/home/runner/work/_temp/tandemlog-rust-bootstrap/target/debug/deps/tandemlog_text-11651a1d89e2bb30)
2026-10-10T17:52:52.2193335Z 
2026-10-10T17:52:52.2193594Z running 4 tests
2026-10-10T17:52:52.2214880Z test worker_failure_tests::disconnected_worker_is_explicit_unknown_outcome ... ok
2026-10-10T17:52:52.2216101Z test worker_failure_tests::worker_panic_quarantines_without_implicit_reset ... ok
2026-10-10T17:52:52.2302090Z test owned_undo_tests::requested_ineffective_item_never_consumes_older_owned_save ... ok
2026-10-10T17:52:52.2330410Z test owned_undo_tests::successive_owned_replacements_follow_restored_identity_and_preserve_peer ... ok
2026-10-10T17:52:52.2331450Z 
2026-10-10T17:52:52.2331873Z test result: ok. 4 passed; 0 failed; 0 ignored; 0 measured; 0 filtered out; finished in 0.01s
2026-10-10T17:52:52.2332454Z 
2026-10-10T17:52:52.3090369Z test_R01_foreign_root_apply_is_atomic (test_admission.Admission.test_R01_foreign_root_apply_is_atomic) ... ok
2026-10-10T17:52:52.3093440Z test_R02_foreign_root_cannot_enter_new (test_admission.Admission.test_R02_foreign_root_cannot_enter_new) ... ok
2026-10-10T17:52:52.3096468Z test_R03_foreign_root_cannot_enter_restore (test_admission.Admission.test_R03_foreign_root_cannot_enter_restore) ... ok
2026-10-10T17:52:52.3103644Z test_R04_embed_rejected_even_when_get_string_hides_it (test_admission.Admission.test_R04_embed_rejected_even_when_get_string_hides_it) ... ok
2026-10-10T17:52:52.3110100Z test_R05_format_rejected (test_admission.Admission.test_R05_format_rejected) ... ok
2026-10-10T17:52:52.3117146Z test_R06_nested_shared_type_rejected (test_admission.Admission.test_R06_nested_shared_type_rejected) ... ok
2026-10-10T17:52:52.3123977Z test_R07_map_slot_rejected (test_admission.Admission.test_R07_map_slot_rejected) ... ok
2026-10-10T17:52:52.3131863Z test_R08_missing_nested_parent_rejected_before_pending_storage (test_admission.Admission.test_R08_missing_nested_parent_rejected_before_pending_storage) ... ok
2026-10-10T17:52:52.3139197Z test_R09_conflicting_reserved_seed_rejected (test_admission.Admission.test_R09_conflicting_reserved_seed_rejected) ... ok
2026-10-10T17:52:52.3149601Z test_R10_deleted_seed_identity_survives_checkpoint (test_admission.Admission.test_R10_deleted_seed_identity_survives_checkpoint) ... ok
2026-10-10T17:52:52.3159363Z test_R11_duplicate_full_state_with_split_seed_is_allowed (test_admission.Admission.test_R11_duplicate_full_state_with_split_seed_is_allowed) ... ok
2026-10-10T17:52:52.3166531Z test_R12_conflicting_nonseed_actor_overlap_rejected (test_admission.Admission.test_R12_conflicting_nonseed_actor_overlap_rejected) ... ok
2026-10-10T17:52:52.3173694Z test_R13_trailing_bytes_rejected_without_mutation (test_admission.Admission.test_R13_trailing_bytes_rejected_without_mutation) ... ok
2026-10-10T17:52:52.3181028Z test_R14_reserved_seed_cannot_extend_its_original_identity (test_admission.Admission.test_R14_reserved_seed_cannot_extend_its_original_identity) ... ok
2026-10-10T17:52:52.3194374Z test_U01_large_plaintext_inspect_rejected_preflight (test_admission_units.Units.test_U01_large_plaintext_inspect_rejected_preflight) ... ok
2026-10-10T17:52:52.3197339Z test_U02_explicit_inspector_units (test_admission_units.Units.test_U02_explicit_inspector_units) ... ok
2026-10-10T17:52:52.3206819Z test_U03_retained_deleted_identity_budget_preserves_undo (test_admission_units.Units.test_U03_retained_deleted_identity_budget_preserves_undo) ... ok
2026-10-10T17:52:52.3212971Z test_U04_remote_combined_budget_atomic (test_admission_units.Units.test_U04_remote_combined_budget_atomic) ... ok
2026-10-10T17:52:52.3215973Z test_U05_skips_and_delete_ranges_have_work_budget (test_admission_units.Units.test_U05_skips_and_delete_ranges_have_work_budget) ... ok
2026-10-10T17:52:52.3225471Z test_U06_restore_draft_inherit_and_validation (test_admission_units.Units.test_U06_restore_draft_inherit_and_validation) ... ok
2026-10-10T17:52:52.3234931Z test_C01_shared_seed_does_not_duplicate_historical_text (test_contract.Contract.test_C01_shared_seed_does_not_duplicate_historical_text) ... ok
2026-10-10T17:52:52.3244676Z test_C02_save_publishes_only_draft_changes (test_contract.Contract.test_C02_save_publishes_only_draft_changes) ... ok
2026-10-10T17:52:52.3252872Z test_C03_cancel_has_no_published_change (test_contract.Contract.test_C03_cancel_has_no_published_change) ... ok
2026-10-10T17:52:52.3263697Z test_C04_save_captured_baseline_preserves_remote_insert (test_contract.Contract.test_C04_save_captured_baseline_preserves_remote_insert) ... ok
2026-10-10T17:52:52.3275510Z test_C05_draft_delete_does_not_delete_concurrent_insert (test_contract.Contract.test_C05_draft_delete_does_not_delete_concurrent_insert) ... ok
2026-10-10T17:52:52.3284641Z test_C06_offline_disjoint_insertions_merge (test_contract.Contract.test_C06_offline_disjoint_insertions_merge) ... ok
2026-10-10T17:52:52.3294588Z test_C07_same_location_insertions_converge_without_lost_text (test_contract.Contract.test_C07_same_location_insertions_converge_without_lost_text) ... ok
2026-10-10T17:52:52.3304132Z test_C08_concurrent_overlapping_deletes_converge (test_contract.Contract.test_C08_concurrent_overlapping_deletes_converge) ... ok
2026-10-10T17:52:52.3330117Z test_C09_duplicate_delivery_is_idempotent (test_contract.Contract.test_C09_duplicate_delivery_is_idempotent) ... ok
2026-10-10T17:52:52.3341046Z test_C10_out_of_order_missing_dependency_eventually_integrates (test_contract.Contract.test_C10_out_of_order_missing_dependency_eventually_integrates) ... ok
2026-10-10T17:52:52.3352029Z test_C11_pending_dependency_survives_checkpoint_restart (test_contract.Contract.test_C11_pending_dependency_survives_checkpoint_restart) ... ok
2026-10-10T17:52:52.3386541Z test_C12_all_delivery_permutations_converge (test_contract.Contract.test_C12_all_delivery_permutations_converge) ... ok
2026-10-10T17:52:52.7932809Z test_C13_random_duplicate_out_of_order_delivery (test_contract.Contract.test_C13_random_duplicate_out_of_order_delivery) ... ok
2026-10-10T17:52:52.7942425Z test_C14_independent_fields_remain_independent (test_contract.Contract.test_C14_independent_fields_remain_independent) ... ok
2026-10-10T17:52:52.7950813Z test_C15_recurrence_successor_text_is_independent (test_contract.Contract.test_C15_recurrence_successor_text_is_independent) ... ok
2026-10-10T17:52:52.7959484Z test_C16_unicode_utf16_offsets_and_emoji (test_contract.Contract.test_C16_unicode_utf16_offsets_and_emoji) ... ok
2026-10-10T17:52:52.7968944Z test_C17_split_surrogate_offsets_rejected_without_mutation (test_contract.Contract.test_C17_split_surrogate_offsets_rejected_without_mutation) ... ok
2026-10-10T17:52:52.7976277Z test_C18_combining_zwj_and_markdown_remain_source_text (test_contract.Contract.test_C18_combining_zwj_and_markdown_remain_source_text) ... ok
2026-10-10T17:52:52.7986260Z test_C19_composition_blocks_save_and_cancel_discards (test_contract.Contract.test_C19_composition_blocks_save_and_cancel_discards) ... ok
2026-10-10T17:52:52.7999391Z test_C20_composition_commit_publishes_final_text_once (test_contract.Contract.test_C20_composition_commit_publishes_final_text_once) ... ok
2026-10-10T17:52:52.8007406Z test_C21_sticky_selection_moves_with_remote_prefix (test_contract.Contract.test_C21_sticky_selection_moves_with_remote_prefix) ... ok
2026-10-10T17:52:52.8019164Z test_C22_selective_undo_preserves_remote_insert (test_contract.Contract.test_C22_selective_undo_preserves_remote_insert) ... ok
2026-10-10T17:52:52.8031004Z test_C23_selective_undo_save_batch_retains_remote (test_contract.Contract.test_C23_selective_undo_save_batch_retains_remote) ... ok
2026-10-10T17:52:52.8041926Z test_C24_redo_is_compensation_not_history_removal (test_contract.Contract.test_C24_redo_is_compensation_not_history_removal) ... ok
2026-10-10T17:52:52.8052074Z test_C25_undo_after_remote_delete_does_not_resurrect_remote_work (test_contract.Contract.test_C25_undo_after_remote_delete_does_not_resurrect_remote_work) ... ok
2026-10-10T17:52:52.8062797Z test_C26_invalid_binary_rejected_atomically (test_contract.Contract.test_C26_invalid_binary_rejected_atomically) ... ok
2026-10-10T17:52:52.8075029Z test_C27_oversized_update_rejected_before_decode (test_contract.Contract.test_C27_oversized_update_rejected_before_decode) ... ok
2026-10-10T17:52:52.8083385Z test_C28_out_of_range_edit_and_invalid_base64_are_atomic (test_contract.Contract.test_C28_out_of_range_edit_and_invalid_base64_are_atomic) ... ok
2026-10-10T17:52:52.8088483Z test_C29_actor_collision_rejected (test_contract.Contract.test_C29_actor_collision_rejected) ... ok
2026-10-10T17:52:52.8097850Z test_C30_text_limit_rejected_without_partial_commit (test_contract.Contract.test_C30_text_limit_rejected_without_partial_commit) ... ok
2026-10-10T17:52:52.8114225Z test_C31_exact_update_bytes_survive_json_roundtrip_and_replay (test_contract.Contract.test_C31_exact_update_bytes_survive_json_roundtrip_and_replay) ... ok
2026-10-10T17:52:52.8307185Z test_C32_full_checkpoint_and_tail_equal_full_replay (test_contract.Contract.test_C32_full_checkpoint_and_tail_equal_full_replay) ... ok
2026-10-10T17:52:52.8895999Z test_C33_bridge_utf8_memory_cycles (test_contract.Contract.test_C33_bridge_utf8_memory_cycles) ... ok
2026-10-10T17:52:56.6926816Z test_C34_performance_and_storage_measurements (test_contract.Contract.test_C34_performance_and_storage_measurements) ... ok
2026-10-10T17:52:56.6937471Z test_O01_draft_cannot_save_to_different_source (test_ownership.Ownership.test_O01_draft_cannot_save_to_different_source) ... ok
2026-10-10T17:52:56.6950788Z test_O02_incoming_update_cannot_be_attributed_to_draft (test_ownership.Ownership.test_O02_incoming_update_cannot_be_attributed_to_draft) ... ok
2026-10-10T17:52:56.6971547Z test_O03_successful_save_consumes_draft_once (test_ownership.Ownership.test_O03_successful_save_consumes_draft_once) ... ok
2026-10-10T17:52:56.6973493Z test_O04_failed_save_preserves_prior_undo_and_draft (test_ownership.Ownership.test_O04_failed_save_preserves_prior_undo_and_draft) ... ok
2026-10-10T17:52:56.6981136Z test_U01_prepare_is_nonmutating_and_repeated_bytes_are_immutable (test_prepared_undo.PreparedUndo.test_U01_prepare_is_nonmutating_and_repeated_bytes_are_immutable) ... ok
2026-10-10T17:52:56.6996457Z test_U02_missing_wrong_receipt_does_not_change_live_or_consume_undo (test_prepared_undo.PreparedUndo.test_U02_missing_wrong_receipt_does_not_change_live_or_consume_undo) ... ok
2026-10-10T17:52:56.7008569Z test_U03_remote_arrival_after_prepare_preserves_exact_compensation (test_prepared_undo.PreparedUndo.test_U03_remote_arrival_after_prepare_preserves_exact_compensation) ... ok
2026-10-10T17:52:56.7018493Z test_U04_unknown_receipt_retry_is_idempotent_and_keeps_prior_undo (test_prepared_undo.PreparedUndo.test_U04_unknown_receipt_retry_is_idempotent_and_keeps_prior_undo) ... ok
2026-10-10T17:52:56.7027845Z test_U05_cancel_and_rejection_preserve_prior_selective_undo (test_prepared_undo.PreparedUndo.test_U05_cancel_and_rejection_preserve_prior_selective_undo) ... ok
2026-10-10T17:52:56.7042189Z test_U06_pending_blocks_local_changes_but_accepts_remote (test_prepared_undo.PreparedUndo.test_U06_pending_blocks_local_changes_but_accepts_remote) ... ok
2026-10-10T17:52:56.7050453Z test_U07_token_bound_to_owner_and_not_reused_name (test_prepared_undo.PreparedUndo.test_U07_token_bound_to_owner_and_not_reused_name) ... ok
2026-10-10T17:52:56.7061424Z test_U08_captured_draft_identity_survives_clone_commit_and_remote (test_prepared_undo.PreparedUndo.test_U08_captured_draft_identity_survives_clone_commit_and_remote) ... ok
2026-10-10T17:52:56.7075212Z test_U09_saved_draft_batch_undo_and_redo_ownership_are_preserved (test_prepared_undo.PreparedUndo.test_U09_saved_draft_batch_undo_and_redo_ownership_are_preserved) ... ok
2026-10-10T17:52:56.7084287Z test_U10_immutable_compensation_replays_after_native_reset (test_prepared_undo.PreparedUndo.test_U10_immutable_compensation_replays_after_native_reset) ... ok
2026-10-10T17:52:56.7093067Z test_U11_no_undo_rejection_and_anchor_lifetime (test_prepared_undo.PreparedUndo.test_U11_no_undo_rejection_and_anchor_lifetime) ... ok
2026-10-10T17:52:56.7099655Z test_U12_failed_prepare_draft_keeps_target_and_private_undo (test_prepared_undo.PreparedUndo.test_U12_failed_prepare_draft_keeps_target_and_private_undo) ... ok
2026-10-10T17:52:56.7108750Z test_A01_receipt_history_budget_rejection_keeps_preparation_and_live_undo (test_resource_atomic.AtomicBudgetReceipt.test_A01_receipt_history_budget_rejection_keeps_preparation_and_live_undo) ... ok
2026-10-10T17:52:56.7119991Z test_A02_queued_remote_budget_rejection_preserves_live_and_frozen_packet (test_resource_atomic.AtomicBudgetReceipt.test_A02_queued_remote_budget_rejection_preserves_live_and_frozen_packet) ... ok
2026-10-10T17:52:56.7128695Z test_B01_struct_actor_inspection_is_sorted_unique_and_readonly (test_resource_limits.NativeBudgets.test_B01_struct_actor_inspection_is_sorted_unique_and_readonly) ... ok
2026-10-10T17:52:56.7134289Z test_B02_delete_references_and_skip_holes_are_not_struct_authors (test_resource_limits.NativeBudgets.test_B02_delete_references_and_skip_holes_are_not_struct_authors) ... ok
2026-10-10T17:52:56.7143606Z test_B03_inspector_validates_binary_base64_and_plaintext_before_metadata (test_resource_limits.NativeBudgets.test_B03_inspector_validates_binary_base64_and_plaintext_before_metadata) ... ok
2026-10-10T17:52:56.7150778Z test_B04_visible_utf16_limit_rejects_atomically_with_prior_undo (test_resource_limits.NativeBudgets.test_B04_visible_utf16_limit_rejects_atomically_with_prior_undo) ... ok
2026-10-10T17:52:56.7157403Z test_B05_generated_update_budget_is_distinct_from_visible_and_state (test_resource_limits.NativeBudgets.test_B05_generated_update_budget_is_distinct_from_visible_and_state) ... ok
2026-10-10T17:52:56.7209370Z test_B06_large_checkpoint_and_existing_history_do_not_use_operation_limit (test_resource_limits.NativeBudgets.test_B06_large_checkpoint_and_existing_history_do_not_use_operation_limit) ... ok
2026-10-10T17:52:56.7229848Z test_B07_state_limit_growth_rejection_retains_exact_live_state (test_resource_limits.NativeBudgets.test_B07_state_limit_growth_rejection_retains_exact_live_state) ... ok
2026-10-10T17:52:56.7242630Z test_B08_session_replay_limit_is_explicit_and_rejection_keeps_undo (test_resource_limits.NativeBudgets.test_B08_session_replay_limit_is_explicit_and_rejection_keeps_undo) ... ok
2026-10-10T17:52:56.7249324Z test_B09_prepared_clone_budget_rejection_keeps_original_session_undo (test_resource_limits.NativeBudgets.test_B09_prepared_clone_budget_rejection_keeps_original_session_undo) ... ok
2026-10-10T17:52:56.7254233Z test_B10_usage_documents_serialized_weights_and_actual_owner_guid (test_resource_limits.NativeBudgets.test_B10_usage_documents_serialized_weights_and_actual_owner_guid) ... ok
2026-10-10T17:52:56.7268882Z test_B11_retained_receipt_history_is_bounded_without_pruning (test_resource_limits.NativeBudgets.test_B11_retained_receipt_history_is_bounded_without_pruning) ... ok
2026-10-10T17:52:56.7275786Z test_B12_restore_limit_failure_does_not_replace_existing_owner (test_resource_limits.NativeBudgets.test_B12_restore_limit_failure_does_not_replace_existing_owner) ... ok
2026-10-10T17:52:56.7283740Z test_B13_private_draft_inherits_limits_and_rejection_preserves_draft (test_resource_limits.NativeBudgets.test_B13_private_draft_inherits_limits_and_rejection_preserves_draft) ... ok
2026-10-10T17:52:56.7294963Z test_B14_limit_configuration_rejects_unknown_zero_boolean_and_overflow (test_resource_limits.NativeBudgets.test_B14_limit_configuration_rejects_unknown_zero_boolean_and_overflow) ... ok
2026-10-10T17:52:56.8791822Z test_B15_large_bounded_checkpoint_frame_and_input_allocator (test_resource_limits.NativeBudgets.test_B15_large_bounded_checkpoint_frame_and_input_allocator) ... ok
2026-10-10T17:52:56.8801787Z test_H01_original_packets_duplicates_and_concurrent_delivery_match_owned_state (test_shared_history_materializer.SharedHistoryMaterializer.test_H01_original_packets_duplicates_and_concurrent_delivery_match_owned_state) ... ok
2026-10-10T17:52:56.8810873Z test_H02_missing_causal_dependency_survives_checkpoint_and_later_arrival (test_shared_history_materializer.SharedHistoryMaterializer.test_H02_missing_causal_dependency_survives_checkpoint_and_later_arrival) ... ok
2026-10-10T17:52:56.8818759Z test_H03_rejection_quarantines_disposable_state_and_preserves_other_owners (test_shared_history_materializer.SharedHistoryMaterializer.test_H03_rejection_quarantines_disposable_state_and_preserves_other_owners) ... ok
2026-10-10T17:52:56.8824497Z test_H04_materializer_and_session_handles_cannot_alias (test_shared_history_materializer.SharedHistoryMaterializer.test_H04_materializer_and_session_handles_cannot_alias) ... ok
2026-10-10T17:52:56.8887907Z test_H05_incremental_history_has_no_session_undo_replay_budget (test_shared_history_materializer.SharedHistoryMaterializer.test_H05_incremental_history_has_no_session_undo_replay_budget) ... ok
2026-10-10T17:52:56.9086072Z test_H06_private_save_packets_do_not_repeat_prior_generations_delete_sets (test_shared_history_materializer.SharedHistoryMaterializer.test_H06_private_save_packets_do_not_repeat_prior_generations_delete_sets) ... ok
2026-10-10T17:52:56.9093063Z test_H07_foreign_root_and_conflicting_seed_quarantine_materializers (test_shared_history_materializer.SharedHistoryMaterializer.test_H07_foreign_root_and_conflicting_seed_quarantine_materializers) ... ok
2026-10-10T17:52:56.9101712Z test_H08_visible_and_retained_budgets_fail_without_touching_editor (test_shared_history_materializer.SharedHistoryMaterializer.test_H08_visible_and_retained_budgets_fail_without_touching_editor) ... ok
2026-10-10T17:52:56.9105563Z test_H09_rejected_seed_does_not_reserve_handle (test_shared_history_materializer.SharedHistoryMaterializer.test_H09_rejected_seed_does_not_reserve_handle) ... ok
2026-10-10T17:52:56.9157644Z test_W01_same_handle_is_shared_across_different_caller_threads (test_worker_ownership.WorkerOwnership.test_W01_same_handle_is_shared_across_different_caller_threads) ... ok
2026-10-10T17:52:56.9165355Z test_W02_production_and_spike_json_aliases_share_exact_owner (test_worker_ownership.WorkerOwnership.test_W02_production_and_spike_json_aliases_share_exact_owner) ... ok
2026-10-10T17:52:56.9189767Z test_W03_concurrent_remote_prepare_and_receipt_commit_converge (test_worker_ownership.WorkerOwnership.test_W03_concurrent_remote_prepare_and_receipt_commit_converge) ... ok
2026-10-10T17:52:56.9220009Z test_W04_simultaneous_prepare_returns_one_immutable_owner_token (test_worker_ownership.WorkerOwnership.test_W04_simultaneous_prepare_returns_one_immutable_owner_token) ... ok
2026-10-10T17:52:56.9235659Z test_W05_wrong_receipt_and_cross_thread_cancel_preserve_prior_undo (test_worker_ownership.WorkerOwnership.test_W05_wrong_receipt_and_cross_thread_cancel_preserve_prior_undo) ... ok
2026-10-10T17:52:56.9376518Z test_W06_response_callback_buffer_can_be_read_and_freed_elsewhere (test_worker_ownership.WorkerOwnership.test_W06_response_callback_buffer_can_be_read_and_freed_elsewhere) ... ok
2026-10-10T17:52:56.9392128Z test_W07_late_cross_thread_receipt_cannot_attach_to_recreated_name (test_worker_ownership.WorkerOwnership.test_W07_late_cross_thread_receipt_cannot_attach_to_recreated_name) ... ok
2026-10-10T17:52:56.9401877Z test_W08_invalid_request_error_does_not_reset_or_reseed_owner (test_worker_ownership.WorkerOwnership.test_W08_invalid_request_error_does_not_reset_or_reseed_owner) ... ok
2026-10-10T17:52:56.9411743Z test_W09_private_draft_preparation_has_specific_ownership_rejection (test_worker_ownership.WorkerOwnership.test_W09_private_draft_preparation_has_specific_ownership_rejection) ... ok
2026-10-10T17:52:56.9426456Z test_W10_captured_draft_guid_survives_cross_thread_receipt_commit (test_worker_ownership.WorkerOwnership.test_W10_captured_draft_guid_survives_cross_thread_receipt_commit) ... ok
2026-10-10T17:52:56.9443281Z test_W11_input_allocation_and_release_aliases_share_allocator (test_worker_ownership.WorkerOwnership.test_W11_input_allocation_and_release_aliases_share_allocator) ... ok
2026-10-10T17:52:56.9444031Z 
2026-10-10T17:52:56.9444193Z ----------------------------------------------------------------------
2026-10-10T17:52:56.9444547Z Ran 107 tests in 4.636s
2026-10-10T17:52:56.9444689Z 
2026-10-10T17:52:56.9444771Z OK
2026-10-10T17:52:56.9597971Z ##[group]Run python3 -m unittest discover -s tool -p 'test_*.py'
2026-10-10T17:52:56.9598481Z [36;1mpython3 -m unittest discover -s tool -p 'test_*.py'[0m
2026-10-10T17:52:56.9660726Z shell: /usr/bin/bash -e {0}
2026-10-10T17:52:56.9661020Z env:
2026-10-10T17:52:56.9661371Z   CARGO_HOME: /home/runner/work/_temp/tandemlog-rust-bootstrap/cargo
2026-10-10T17:52:56.9661992Z   RUSTUP_HOME: /home/runner/work/_temp/tandemlog-rust-bootstrap/rustup
2026-10-10T17:52:56.9662539Z   RUSTUP_UPDATE_ROOT: https://static.rust-lang.org/rustup
2026-10-10T17:52:56.9662984Z   RUSTUP_DIST_SERVER: https://static.rust-lang.org
2026-10-10T17:52:56.9663357Z   RUSTUP_AUTO_INSTALL: 0
2026-10-10T17:52:56.9663793Z   TANDEMLOG_TEXT_TARGET_DIR: /home/runner/work/_temp/tandemlog-rust-bootstrap/target
2026-10-10T17:52:56.9664449Z   TANDEMLOG_TEXT_LIBRARY: /home/runner/work/_temp/native-unit/libtandemlog_text.so
2026-10-10T17:52:56.9664924Z ##[endgroup]
2026-10-10T17:52:58.1169784Z .........................................................
2026-10-10T17:52:58.1170947Z ----------------------------------------------------------------------
2026-10-10T17:52:58.1171500Z Ran 57 tests in 1.031s
2026-10-10T17:52:58.1171709Z 
2026-10-10T17:52:58.1171829Z OK
2026-10-10T17:52:58.1174399Z {"executable_sha256": "0370190d81a1bc1e156676eb83f3adb83bb65e765fd5b7b74719004b77345310", "github_run_id": "123", "native_library_sha256": "7bc2fcce9d2525bcb6a722a6cc144de4fd8946c0047d7de73788e37d1f2d42d8", "portable_archive": "tandemlog-windows-x64-unsigned-portable.zip", "portable_sha256": "59a37a6da62f9bfb4d6af9fb90bb1a1fa80e2b69a504b7ced597f661daaf3047", "source_revision": "aaaaaaaaaaaaaaaaaaaaaaaaaaaaaaaaaaaaaaaa"}
2026-10-10T17:52:58.1341082Z ##[group]Run xvfb-run -a dbus-run-session -- flutter test integration_test/task_flow_test.dart -d linux
2026-10-10T17:52:58.1341852Z [36;1mxvfb-run -a dbus-run-session -- flutter test integration_test/task_flow_test.dart -d linux[0m
2026-10-10T17:52:58.1403524Z shell: /usr/bin/bash -e {0}
2026-10-10T17:52:58.1403782Z env:
2026-10-10T17:52:58.1404083Z   CARGO_HOME: /home/runner/work/_temp/tandemlog-rust-bootstrap/cargo
2026-10-10T17:52:58.1404571Z   RUSTUP_HOME: /home/runner/work/_temp/tandemlog-rust-bootstrap/rustup
2026-10-10T17:52:58.1405054Z   RUSTUP_UPDATE_ROOT: https://static.rust-lang.org/rustup
2026-10-10T17:52:58.1405469Z   RUSTUP_DIST_SERVER: https://static.rust-lang.org
2026-10-10T17:52:58.1405794Z   RUSTUP_AUTO_INSTALL: 0
2026-10-10T17:52:58.1406180Z   TANDEMLOG_TEXT_TARGET_DIR: /home/runner/work/_temp/tandemlog-rust-bootstrap/target
2026-10-10T17:52:58.1406759Z   TANDEMLOG_TEXT_LIBRARY: /home/runner/work/_temp/native-unit/libtandemlog_text.so
2026-10-10T17:52:58.1407223Z ##[endgroup]
2026-10-10T17:53:01.1388437Z [1/3] Linux SDK
2026-10-10T17:53:01.9621440Z   ├─ [1/3] linux-x64-debug/linux-x64-flutter-gtk                   821ms
2026-10-10T17:53:02.6868224Z   ├─ [2/3] linux-x64-profile/linux-x64-flutter-gtk                 339ms
2026-10-10T17:53:03.1603669Z   └─ [3/3] linux-x64-release/linux-x64-flutter-gtk                 275ms
2026-10-10T17:53:03.3916729Z Resolving dependencies...
2026-10-10T17:53:03.4777233Z Downloading packages...
2026-10-10T17:53:03.5032609Z   code_assets 1.2.1 (2.1.0 available)
2026-10-10T17:53:03.5033479Z   cross_file 0.3.5+5 (0.4.0 available)
2026-10-10T17:53:03.5034256Z   jni 1.0.3 (1.1.0 available)
2026-10-10T17:53:03.5034977Z   jni_flutter 1.0.3 (1.0.4+1 available)
2026-10-10T17:53:03.5035867Z   material_color_utilities 0.13.0 (0.13.1 available)
2026-10-10T17:53:03.5036829Z   native_toolchain_c 0.19.3 (0.19.5 available)
2026-10-10T17:53:03.5037690Z   objective_c 9.5.0 (9.6.2 available)
2026-10-10T17:53:03.5038526Z   test_api 0.7.12 (0.7.15 available)
2026-10-10T17:53:03.5039304Z   url_launcher 6.3.2 (6.3.3 available)
2026-10-10T17:53:03.5040092Z   vector_math 2.4.0 (2.4.3 available)
2026-10-10T17:53:03.5040891Z Got dependencies!
2026-10-10T17:53:03.5041494Z 10 packages have newer versions incompatible with dependency constraints.
2026-10-10T17:53:03.5042261Z Try `flutter pub outdated` for more information.
2026-10-10T17:53:03.8621127Z 
2026-10-10T17:53:06.3313279Z Building Linux application...                                   
2026-10-10T17:53:06.3341466Z warning: unused imports: `BlockRange` and `Block`
2026-10-10T17:53:06.3366372Z warning: unused import: `Block`
2026-10-10T17:53:06.3391131Z warning: unused import: `ItemContent`
2026-10-10T17:53:06.3411335Z warning: unused imports: `SmallVec` and `smallvec`
2026-10-10T17:53:06.3441259Z warning: unused import: `crate::utils::OptionExt`
2026-10-10T17:53:06.3451360Z warning: value assigned to `left` is never read
2026-10-10T17:53:06.3479882Z warning: unused variable: `ptr`
2026-10-10T17:53:06.3501204Z warning: unused variable: `ptr`
2026-10-10T17:53:06.3506083Z warning: variable does not need to be mutable
2026-10-10T17:53:06.3508675Z warning: variable does not need to be mutable
2026-10-10T17:53:06.3509388Z warning: unused variable: `clear_undo`
2026-10-10T17:53:06.3510049Z warning: unused variable: `clear_redo`
2026-10-10T17:53:06.3510939Z warning: method `as_item` is never used
2026-10-10T17:53:06.3511781Z warning: methods `last_id`, `is_item`, and `is_gc` are never used
2026-10-10T17:53:06.3512585Z warning: method `delete_as_cleanup` is never used
2026-10-10T17:53:06.3513296Z warning: method `integrate` is never used
2026-10-10T17:53:06.3514057Z warning: method `contains` is never used
2026-10-10T17:53:06.3514828Z warning: constant `WEAK_REF_FLAGS_QUOTE` is never used
2026-10-10T17:53:06.3515644Z warning: constant `WEAK_REF_FLAGS_START_ASSOC` is never used
2026-10-10T17:53:06.3516483Z warning: constant `WEAK_REF_FLAGS_END_ASSOC` is never used
2026-10-10T17:53:06.3518017Z warning: constant `WEAK_REF_FLAGS_START_UNBOUNDED` is never used
2026-10-10T17:53:06.3518919Z warning: constant `WEAK_REF_FLAGS_END_UNBOUNDED` is never used
2026-10-10T17:53:06.3519796Z warning: constant `WEAK_REF_FLAGS_PARENT_ROOT` is never used
2026-10-10T17:53:06.3520831Z warning: field `txn` is never read
2026-10-10T17:53:06.3521488Z warning: method `as_id_set` is never used
2026-10-10T17:53:06.3522322Z warning: associated functions `next_target` and `return_stack` are never used
2026-10-10T17:53:06.3523313Z warning: methods `forward`, `backward`, and `values` are never used
2026-10-10T17:53:06.3524117Z warning: struct `Values` is never constructed
2026-10-10T17:53:06.3524822Z warning: associated function `new` is never used
2026-10-10T17:53:06.3525529Z warning: method `remove_at` is never used
2026-10-10T17:53:06.3526199Z warning: method `inner_mut` is never used
2026-10-10T17:53:06.3526963Z warning: trait `BlockIterator` is never used
2026-10-10T17:53:06.3527708Z warning: trait `BlockSliceIterator` is never used
2026-10-10T17:53:06.3528439Z warning: struct `RangeIter` is never constructed
2026-10-10T17:53:06.3529214Z warning: associated items `new` and `begin` are never used
2026-10-10T17:53:06.3529972Z warning: enum `RangeIterState` is never used
2026-10-10T17:53:06.3530894Z warning: struct `Values` is never constructed
2026-10-10T17:53:06.3531632Z warning: associated function `new` is never used
2026-10-10T17:53:06.3532332Z warning: field `txn` is never read
2026-10-10T17:53:06.3533131Z warning: methods `adjacent`, `contains_id`, `right`, and `left` are never used
2026-10-10T17:53:06.3534158Z warning: methods `within_range` and `get_item` are never used
2026-10-10T17:53:06.3535038Z warning: hiding a lifetime that's elided elsewhere is confusing
2026-10-10T17:53:06.3535926Z warning: hiding a lifetime that's elided elsewhere is confusing
2026-10-10T17:53:06.3536786Z warning: hiding a lifetime that's elided elsewhere is confusing
2026-10-10T17:53:06.3537643Z warning: hiding a lifetime that's elided elsewhere is confusing
2026-10-10T17:53:06.3538519Z warning: hiding a lifetime that's elided elsewhere is confusing
2026-10-10T17:53:06.3539400Z warning: hiding a lifetime that's elided elsewhere is confusing
2026-10-10T17:53:06.3542423Z warning: hiding a lifetime that's elided elsewhere is confusing
2026-10-10T17:53:06.3564408Z warning: hiding a lifetime that's elided elsewhere is confusing
2026-10-10T17:53:06.3565409Z warning: hiding a lifetime that's elided elsewhere is confusing
2026-10-10T17:53:06.3581440Z warning: hiding a lifetime that's elided elsewhere is confusing
2026-10-10T17:53:06.3608955Z warning: hiding a lifetime that's elided elsewhere is confusing
2026-10-10T17:53:06.3636060Z warning: hiding a lifetime that's elided elsewhere is confusing
2026-10-10T17:53:06.3652594Z warning: hiding a lifetime that's elided elsewhere is confusing
2026-10-10T17:53:06.3653392Z warning: hiding a lifetime that's elided elsewhere is confusing
2026-10-10T17:53:06.3654140Z warning: hiding a lifetime that's elided elsewhere is confusing
2026-10-10T17:53:06.3654903Z warning: hiding a lifetime that's elided elsewhere is confusing
2026-10-10T17:53:06.3655631Z warning: hiding a lifetime that's elided elsewhere is confusing
2026-10-10T17:53:06.3656548Z warning: `yrs` (lib) generated 58 warnings (run `cargo fix --lib -p yrs` to apply 27 suggestions)
2026-10-10T17:53:22.5196671Z ✓ Built build/linux/x64/debug/bundle/tandemlog
2026-10-10T17:53:23.0795361Z dbus-daemon[7253]: [session uid=1001 pid=7253] Activating service name='org.freedesktop.portal.Desktop' requested by ':1.0' (uid=1001 pid=7616 comm="/home/runner/work/tandemlog/tandemlog/build/linux/" label="unconfined")
2026-10-10T17:53:23.0858956Z dbus-daemon[7253]: [session uid=1001 pid=7253] Activating service name='org.freedesktop.portal.Documents' requested by ':1.2' (uid=1001 pid=7621 comm="/usr/libexec/xdg-desktop-portal" label="unconfined")
2026-10-10T17:53:23.0913063Z dbus-daemon[7253]: [session uid=1001 pid=7253] Activating service name='org.freedesktop.impl.portal.PermissionStore' requested by ':1.3' (uid=1001 pid=7627 comm="/usr/libexec/xdg-document-portal" label="unconfined")
2026-10-10T17:53:23.0946302Z dbus-daemon[7253]: [session uid=1001 pid=7253] Successfully activated service 'org.freedesktop.impl.portal.PermissionStore'
2026-10-10T17:53:23.0958365Z dbus-daemon[7253]: [session uid=1001 pid=7253] Successfully activated service 'org.freedesktop.portal.Documents'
2026-10-10T17:53:23.1006026Z Ignoring invalid max threads value 4294967295 > max (100000).
2026-10-10T17:53:23.1024828Z 
2026-10-10T17:53:23.1026095Z (/usr/libexec/xdg-desktop-portal:7621): xdg-desktop-portal-WARNING **: 17:53:23.102: Choosing gtk.portal for org.freedesktop.impl.portal.Lockdown as a last-resort fallback
2026-10-10T17:53:23.1027216Z 
2026-10-10T17:53:23.1032295Z (/usr/libexec/xdg-desktop-portal:7621): xdg-desktop-portal-WARNING **: 17:53:23.102: The preferred method to match portal implementations to desktop environments is to use the portals.conf(5) configuration file
2026-10-10T17:53:23.1035537Z dbus-daemon[7253]: [session uid=1001 pid=7253] Activating service name='org.freedesktop.impl.portal.desktop.gtk' requested by ':1.2' (uid=1001 pid=7621 comm="/usr/libexec/xdg-desktop-portal" label="unconfined")
2026-10-10T17:53:23.1164201Z 
2026-10-10T17:53:23.1165691Z (xdg-desktop-portal-gtk:7645): dbind-WARNING **: 17:53:23.116: AT-SPI: Error retrieving accessibility bus address: org.freedesktop.DBus.Error.ServiceUnknown: The name org.a11y.Bus was not provided by any .service files
2026-10-10T17:53:23.1564504Z dbus-daemon[7253]: [session uid=1001 pid=7253] Successfully activated service 'org.freedesktop.impl.portal.desktop.gtk'
2026-10-10T17:53:23.1599260Z 
2026-10-10T17:53:23.1601285Z (/usr/libexec/xdg-desktop-portal:7621): xdg-desktop-portal-WARNING **: 17:53:23.159: Failed to load RealtimeKit property: GDBus.Error:org.freedesktop.DBus.Error.ServiceUnknown: The name org.freedesktop.RealtimeKit1 was not provided by any .service files
2026-10-10T17:53:23.1602853Z 
2026-10-10T17:53:23.1604356Z (/usr/libexec/xdg-desktop-portal:7621): xdg-desktop-portal-WARNING **: 17:53:23.160: Failed to load RealtimeKit property: GDBus.Error:org.freedesktop.DBus.Error.ServiceUnknown: The name org.freedesktop.RealtimeKit1 was not provided by any .service files
2026-10-10T17:53:23.1605821Z 
2026-10-10T17:53:23.1607290Z (/usr/libexec/xdg-desktop-portal:7621): xdg-desktop-portal-WARNING **: 17:53:23.160: Failed to load RealtimeKit property: GDBus.Error:org.freedesktop.DBus.Error.ServiceUnknown: The name org.freedesktop.RealtimeKit1 was not provided by any .service files
2026-10-10T17:53:23.1608232Z 
2026-10-10T17:53:23.1608561Z (/usr/libexec/xdg-desktop-portal:7621): xdg-desktop-portal-WARNING **: 17:53:23.160: No skeleton to export
2026-10-10T17:53:23.1608981Z 
2026-10-10T17:53:23.1609774Z (/usr/libexec/xdg-desktop-portal:7621): xdg-desktop-portal-WARNING **: 17:53:23.160: Choosing gtk.portal for org.freedesktop.impl.portal.FileChooser as a last-resort fallback
2026-10-10T17:53:23.1615492Z 
2026-10-10T17:53:23.1616597Z (/usr/libexec/xdg-desktop-portal:7621): xdg-desktop-portal-WARNING **: 17:53:23.161: Choosing gtk.portal for org.freedesktop.impl.portal.AppChooser as a last-resort fallback
2026-10-10T17:53:23.1624485Z 
2026-10-10T17:53:23.1625607Z (/usr/libexec/xdg-desktop-portal:7621): xdg-desktop-portal-WARNING **: 17:53:23.162: Choosing gtk.portal for org.freedesktop.impl.portal.Print as a last-resort fallback
2026-10-10T17:53:23.1633476Z 
2026-10-10T17:53:23.1634585Z (/usr/libexec/xdg-desktop-portal:7621): xdg-desktop-portal-WARNING **: 17:53:23.163: Choosing gtk.portal for org.freedesktop.impl.portal.Notification as a last-resort fallback
2026-10-10T17:53:23.1643034Z 
2026-10-10T17:53:23.1644174Z (/usr/libexec/xdg-desktop-portal:7621): xdg-desktop-portal-WARNING **: 17:53:23.164: Choosing gtk.portal for org.freedesktop.impl.portal.Inhibit as a last-resort fallback
2026-10-10T17:53:23.1651517Z 
2026-10-10T17:53:23.1652784Z (/usr/libexec/xdg-desktop-portal:7621): xdg-desktop-portal-WARNING **: 17:53:23.165: Choosing gtk.portal for org.freedesktop.impl.portal.Access as a last-resort fallback
2026-10-10T17:53:23.1677297Z [W][00354.750827] pw.conf      | [          conf.c: 1031 try_load_conf()] can't load config client.conf: No such file or directory
2026-10-10T17:53:23.1678439Z [E][00354.750879] pw.conf      | [          conf.c: 1060 pw_conf_load_conf_for_context()] can't load config client.conf: No such file or directory
2026-10-10T17:53:23.1679104Z 
2026-10-10T17:53:23.1683547Z (/usr/libexec/xdg-desktop-portal:7621): xdg-desktop-portal-WARNING **: 17:53:23.167: Failed connect to PipeWire: Couldn't create PipeWire context
2026-10-10T17:53:23.1684345Z 
2026-10-10T17:53:23.1684889Z (/usr/libexec/xdg-desktop-portal:7621): xdg-desktop-portal-WARNING **: 17:53:23.167: Choosing gtk.portal for org.freedesktop.impl.portal.Account as a last-resort fallback
2026-10-10T17:53:23.1688956Z 
2026-10-10T17:53:23.1690154Z (/usr/libexec/xdg-desktop-portal:7621): xdg-desktop-portal-WARNING **: 17:53:23.168: Choosing gtk.portal for org.freedesktop.impl.portal.Email as a last-resort fallback
2026-10-10T17:53:23.1697712Z 
2026-10-10T17:53:23.1698763Z (/usr/libexec/xdg-desktop-portal:7621): xdg-desktop-portal-WARNING **: 17:53:23.169: Choosing gtk.portal for org.freedesktop.impl.portal.DynamicLauncher as a last-resort fallback
2026-10-10T17:53:23.1710092Z dbus-daemon[7253]: [session uid=1001 pid=7253] Successfully activated service 'org.freedesktop.portal.Desktop'
2026-10-10T17:53:51.4691302Z ##[group]✅ sticky date groups retain drafts, selection and safe edge drops
2026-10-10T17:53:51.4692283Z TANDEMLOG_FIRST_FRAME_MS=321
2026-10-10T17:53:51.4692692Z TANDEMLOG_PHASE identity_lock=0
2026-10-10T17:53:51.4693126Z TANDEMLOG_PHASE sqlite_open_schema=15
2026-10-10T17:53:51.4693554Z TANDEMLOG_PHASE manifest=11
2026-10-10T17:53:51.4693932Z TANDEMLOG_PHASE ingest=177
2026-10-10T17:53:51.4694398Z TANDEMLOG_ROWS {"query_ms":0,"decode_ms":0,"sort_ms":0}
2026-10-10T17:53:51.4694908Z TANDEMLOG_READY_MS=1595 FILES_READ=1
2026-10-10T17:53:51.4695637Z ##[endgroup]
2026-10-10T17:53:52.4632388Z TANDEMLOG_FIRST_FRAME_MS=21
2026-10-10T17:53:52.7117635Z TANDEMLOG_PHASE identity_lock=0
2026-10-10T17:53:52.7275985Z TANDEMLOG_PHASE sqlite_open_schema=15
2026-10-10T17:53:52.7390687Z TANDEMLOG_PHASE manifest=11
2026-10-10T17:53:52.7739336Z TANDEMLOG_PHASE ingest=34
2026-10-10T17:53:52.8031452Z TANDEMLOG_ROWS {"query_ms":0,"decode_ms":0,"sort_ms":0}
2026-10-10T17:53:52.8515023Z TANDEMLOG_READY_MS=409 FILES_READ=1
2026-10-10T17:54:05.0071984Z ##[group]✅ Passing tests
2026-10-10T17:54:05.0072544Z ✅ future start hints update idle, search and resumed local time
2026-10-10T17:54:10.0148121Z ✅ legacy v3 provider replacement blocks retry until exact pending history recovery
2026-10-10T17:54:11.9656733Z ✅ native provider replacement freezes draft and retries the exact canonical receipt
2026-10-10T17:54:12.5046240Z ##[endgroup]
2026-10-10T17:54:12.7618809Z TANDEMLOG_FIRST_FRAME_MS=15
2026-10-10T17:54:12.7619184Z TANDEMLOG_PHASE identity_lock=0
2026-10-10T17:54:12.7768308Z TANDEMLOG_PHASE sqlite_open_schema=14
2026-10-10T17:54:12.7880354Z TANDEMLOG_PHASE manifest=11
2026-10-10T17:54:12.8094170Z TANDEMLOG_PHASE ingest=21
2026-10-10T17:54:12.8280357Z TANDEMLOG_ROWS {"query_ms":0,"decode_ms":0,"sort_ms":0}
2026-10-10T17:54:12.9074930Z TANDEMLOG_READY_MS=418 FILES_READ=2
2026-10-10T17:54:38.6899784Z ##[group]✅ Passing tests
2026-10-10T17:54:38.6900900Z ✅ historical v3 recurrence compatibility: checked completion, failed reopen and Undo
2026-10-10T17:54:38.9864748Z ##[endgroup]
2026-10-10T17:54:38.9865163Z TANDEMLOG_FIRST_FRAME_MS=15
2026-10-10T17:54:39.2378487Z TANDEMLOG_PHASE identity_lock=0
2026-10-10T17:54:39.2524091Z TANDEMLOG_PHASE sqlite_open_schema=14
2026-10-10T17:54:39.2633754Z TANDEMLOG_PHASE manifest=10
2026-10-10T17:54:39.2856017Z TANDEMLOG_PHASE ingest=22
2026-10-10T17:54:39.3135411Z TANDEMLOG_ROWS {"query_ms":0,"decode_ms":0,"sort_ms":0}
2026-10-10T17:54:39.3873568Z TANDEMLOG_READY_MS=416 FILES_READ=1
2026-10-10T17:54:44.6396673Z ##[group]✅ Passing tests
2026-10-10T17:54:44.6397883Z ✅ checkbox focus light 1200.0 x1.0: offline native task
2026-10-10T17:54:44.9351092Z ##[endgroup]
2026-10-10T17:54:44.9351420Z TANDEMLOG_FIRST_FRAME_MS=13
2026-10-10T17:54:45.1757134Z TANDEMLOG_PHASE identity_lock=0
2026-10-10T17:54:45.2056819Z TANDEMLOG_PHASE sqlite_open_schema=29
2026-10-10T17:54:45.2215554Z TANDEMLOG_PHASE manifest=14
2026-10-10T17:54:45.2452908Z TANDEMLOG_PHASE ingest=23
2026-10-10T17:54:45.2785859Z TANDEMLOG_ROWS {"query_ms":0,"decode_ms":0,"sort_ms":0}
2026-10-10T17:54:45.3453631Z TANDEMLOG_READY_MS=424 FILES_READ=1
2026-10-10T17:54:50.9393718Z ##[group]✅ Passing tests
2026-10-10T17:54:50.9394330Z ✅ checkbox focus dark 390.0 x1.0: offline native task
2026-10-10T17:54:51.2197727Z ##[endgroup]
2026-10-10T17:54:51.2198123Z TANDEMLOG_FIRST_FRAME_MS=15
2026-10-10T17:54:51.4615856Z TANDEMLOG_PHASE identity_lock=0
2026-10-10T17:54:51.4914134Z TANDEMLOG_PHASE sqlite_open_schema=29
2026-10-10T17:54:51.5023932Z TANDEMLOG_PHASE manifest=11
2026-10-10T17:54:51.5225945Z TANDEMLOG_PHASE ingest=20
2026-10-10T17:54:51.5504643Z TANDEMLOG_ROWS {"query_ms":0,"decode_ms":0,"sort_ms":0}
2026-10-10T17:54:51.6134794Z TANDEMLOG_READY_MS=409 FILES_READ=1
2026-10-10T17:54:58.4051837Z ##[group]✅ Passing tests
2026-10-10T17:54:58.4052598Z ✅ checkbox focus dark 390.0 x2.0: historical v3 recurrence compatibility
2026-10-10T17:54:59.5854771Z ##[endgroup]
2026-10-10T17:54:59.5855158Z TANDEMLOG_FIRST_FRAME_MS=13
2026-10-10T17:54:59.8325791Z TANDEMLOG_PHASE identity_lock=0
2026-10-10T17:54:59.8474223Z TANDEMLOG_PHASE sqlite_open_schema=14
2026-10-10T17:54:59.8587488Z TANDEMLOG_PHASE manifest=11
2026-10-10T17:54:59.9053941Z TANDEMLOG_PHASE ingest=46
2026-10-10T17:54:59.9250942Z TANDEMLOG_ROWS {"query_ms":0,"decode_ms":0,"sort_ms":0}
2026-10-10T17:54:59.9689429Z TANDEMLOG_READY_MS=397 FILES_READ=1
2026-10-10T17:55:03.2036461Z ##[group]✅ Passing tests
2026-10-10T17:55:03.2037235Z ✅ completion consent progress and admission: cancel
2026-10-10T17:55:04.3681541Z ##[endgroup]
2026-10-10T17:55:04.3682093Z TANDEMLOG_FIRST_FRAME_MS=13
2026-10-10T17:55:04.6248933Z TANDEMLOG_PHASE identity_lock=0
2026-10-10T17:55:04.6398501Z TANDEMLOG_PHASE sqlite_open_schema=14
2026-10-10T17:55:04.6511157Z TANDEMLOG_PHASE manifest=11
2026-10-10T17:55:04.6963596Z TANDEMLOG_PHASE ingest=45
2026-10-10T17:55:04.7294607Z TANDEMLOG_ROWS {"query_ms":0,"decode_ms":0,"sort_ms":0}
2026-10-10T17:55:04.8667667Z TANDEMLOG_READY_MS=512 FILES_READ=2
2026-10-10T17:55:07.9370159Z ##[group]✅ Passing tests
2026-10-10T17:55:07.9370879Z ✅ completion consent progress and admission: barrier
2026-10-10T17:55:09.1231368Z ##[endgroup]
2026-10-10T17:55:09.1231947Z TANDEMLOG_FIRST_FRAME_MS=17
2026-10-10T17:55:09.3835469Z TANDEMLOG_PHASE identity_lock=0
2026-10-10T17:55:09.3979997Z TANDEMLOG_PHASE sqlite_open_schema=14
2026-10-10T17:55:09.4088717Z TANDEMLOG_PHASE manifest=10
2026-10-10T17:55:09.4553194Z TANDEMLOG_PHASE ingest=46
2026-10-10T17:55:09.4930495Z TANDEMLOG_ROWS {"query_ms":0,"decode_ms":0,"sort_ms":0}
2026-10-10T17:55:09.6151655Z TANDEMLOG_READY_MS=509 FILES_READ=2
2026-10-10T17:55:12.8036420Z ##[group]✅ Passing tests
2026-10-10T17:55:12.8037033Z ✅ completion consent progress and admission: escape
2026-10-10T17:55:13.9520056Z ##[endgroup]
2026-10-10T17:55:13.9520357Z TANDEMLOG_FIRST_FRAME_MS=13
2026-10-10T17:55:14.1931896Z TANDEMLOG_PHASE identity_lock=0
2026-10-10T17:55:14.2080480Z TANDEMLOG_PHASE sqlite_open_schema=14
2026-10-10T17:55:14.2191494Z TANDEMLOG_PHASE manifest=11
2026-10-10T17:55:14.2613042Z TANDEMLOG_PHASE ingest=42
2026-10-10T17:55:14.2793662Z TANDEMLOG_ROWS {"query_ms":0,"decode_ms":0,"sort_ms":0}
2026-10-10T17:55:14.3371323Z TANDEMLOG_READY_MS=399 FILES_READ=1
2026-10-10T17:55:17.8707782Z ##[group]✅ Passing tests
2026-10-10T17:55:17.8708185Z ✅ completion consent progress and admission: confirm
2026-10-10T17:55:19.0357199Z ##[endgroup]
2026-10-10T17:55:19.0357651Z TANDEMLOG_FIRST_FRAME_MS=15
2026-10-10T17:55:19.2808967Z TANDEMLOG_PHASE identity_lock=0
2026-10-10T17:55:19.2976369Z TANDEMLOG_PHASE sqlite_open_schema=16
2026-10-10T17:55:19.3088210Z TANDEMLOG_PHASE manifest=11
2026-10-10T17:55:19.3512806Z TANDEMLOG_PHASE ingest=42
2026-10-10T17:55:19.3713811Z TANDEMLOG_ROWS {"query_ms":0,"decode_ms":0,"sort_ms":0}
2026-10-10T17:55:19.4140069Z TANDEMLOG_READY_MS=393 FILES_READ=1
2026-10-10T17:55:22.9373488Z ##[group]✅ Passing tests
2026-10-10T17:55:30.5851803Z ✅ completion consent progress and admission: failure
2026-10-10T17:55:30.5852600Z ##[endgroup]
2026-10-10T17:55:30.5852882Z TANDEMLOG_FIRST_FRAME_MS=14
2026-10-10T17:55:30.8279536Z TANDEMLOG_PHASE identity_lock=0
2026-10-10T17:55:30.8553928Z TANDEMLOG_PHASE sqlite_open_schema=27
2026-10-10T17:55:30.8665730Z TANDEMLOG_PHASE manifest=11
2026-10-10T17:55:31.0198470Z TANDEMLOG_PHASE ingest=152
2026-10-10T17:55:31.0538739Z TANDEMLOG_ROWS {"query_ms":0,"decode_ms":0,"sort_ms":0}
2026-10-10T17:55:31.2513034Z TANDEMLOG_READY_MS=680 FILES_READ=1
2026-10-10T17:55:43.1074672Z ##[group]✅ combined header and stationary selection 390.0 x1.0
2026-10-10T17:55:43.1075879Z HEADER_SELECTION_SEEK {"width":390.0,"text_scale":1.0,"steps":6,"viewport_height":578.0,"offset":1763.0,"max_extent":3585.7837837837833,"row_height":58.0}
2026-10-10T17:55:43.1077396Z ##[endgroup]
2026-10-10T17:55:50.4855943Z TANDEMLOG_FIRST_FRAME_MS=14
2026-10-10T17:55:50.7541867Z TANDEMLOG_PHASE identity_lock=0
2026-10-10T17:55:50.7689418Z TANDEMLOG_PHASE sqlite_open_schema=14
2026-10-10T17:55:50.7799098Z TANDEMLOG_PHASE manifest=10
2026-10-10T17:55:50.9224532Z TANDEMLOG_PHASE ingest=141
2026-10-10T17:55:50.9663533Z TANDEMLOG_ROWS {"query_ms":0,"decode_ms":0,"sort_ms":0}
2026-10-10T17:55:51.1124708Z TANDEMLOG_READY_MS=641 FILES_READ=1
2026-10-10T17:56:06.9908419Z ##[group]✅ combined header and stationary selection 320.0 x2.0
2026-10-10T17:56:06.9909748Z HEADER_SELECTION_SEEK {"width":320.0,"text_scale":2.0,"steps":21,"viewport_height":474.0,"offset":5231.0,"max_extent":10647.538461538461,"row_height":150.0}
2026-10-10T17:56:06.9911311Z ##[endgroup]
2026-10-10T17:56:08.1016363Z TANDEMLOG_FIRST_FRAME_MS=14
2026-10-10T17:56:08.3413863Z TANDEMLOG_PHASE identity_lock=0
2026-10-10T17:56:08.3706757Z TANDEMLOG_PHASE sqlite_open_schema=29
2026-10-10T17:56:08.3819415Z TANDEMLOG_PHASE manifest=11
2026-10-10T17:56:08.4251720Z TANDEMLOG_PHASE ingest=43
2026-10-10T17:56:08.4524260Z TANDEMLOG_ROWS {"query_ms":0,"decode_ms":0,"sort_ms":0}
2026-10-10T17:56:08.4996073Z TANDEMLOG_READY_MS=412 FILES_READ=1
2026-10-10T17:56:29.3077291Z ##[group]✅ Passing tests
2026-10-10T17:56:29.3077746Z ✅ native historical checklist recompletion and Undo keep child text
2026-10-10T17:56:29.7001525Z ##[endgroup]
2026-10-10T17:56:29.7001924Z TANDEMLOG_FIRST_FRAME_MS=13
2026-10-10T17:56:29.9365785Z TANDEMLOG_PHASE identity_lock=0
2026-10-10T17:56:29.9511342Z TANDEMLOG_PHASE sqlite_open_schema=14
2026-10-10T17:56:29.9668575Z TANDEMLOG_PHASE manifest=15
2026-10-10T17:56:29.9899921Z TANDEMLOG_PHASE ingest=23
2026-10-10T17:56:30.0170291Z TANDEMLOG_ROWS {"query_ms":0,"decode_ms":0,"sort_ms":0}
2026-10-10T17:56:30.0994140Z TANDEMLOG_READY_MS=412 FILES_READ=1
2026-10-10T17:56:34.2531137Z ##[group]✅ Passing tests
2026-10-10T17:56:34.2531855Z ✅ native stale bulk failure stays visible desktop-dark
2026-10-10T17:56:34.6490283Z ##[endgroup]
2026-10-10T17:56:34.6490930Z TANDEMLOG_FIRST_FRAME_MS=11
2026-10-10T17:56:34.8881179Z TANDEMLOG_PHASE identity_lock=0
2026-10-10T17:56:34.9045311Z TANDEMLOG_PHASE sqlite_open_schema=16
2026-10-10T17:56:34.9155233Z TANDEMLOG_PHASE manifest=11
2026-10-10T17:56:34.9382890Z TANDEMLOG_PHASE ingest=22
2026-10-10T17:56:34.9659323Z TANDEMLOG_ROWS {"query_ms":0,"decode_ms":0,"sort_ms":0}
2026-10-10T17:56:35.0510025Z TANDEMLOG_READY_MS=413 FILES_READ=1
2026-10-10T17:56:39.2202201Z ##[group]✅ Passing tests
2026-10-10T17:56:39.2203017Z ✅ native stale bulk failure stays visible narrow-dark
2026-10-10T17:56:39.6208477Z ##[endgroup]
2026-10-10T17:56:39.6208888Z TANDEMLOG_FIRST_FRAME_MS=16
2026-10-10T17:56:39.8642857Z TANDEMLOG_PHASE identity_lock=0
2026-10-10T17:56:39.8802482Z TANDEMLOG_PHASE sqlite_open_schema=15
2026-10-10T17:56:39.8913500Z TANDEMLOG_PHASE manifest=11
2026-10-10T17:56:39.9145837Z TANDEMLOG_PHASE ingest=23
2026-10-10T17:56:39.9423910Z TANDEMLOG_ROWS {"query_ms":0,"decode_ms":0,"sort_ms":0}
2026-10-10T17:56:40.0139143Z TANDEMLOG_READY_MS=410 FILES_READ=1
2026-10-10T17:56:43.0638603Z ##[group]❌ native stale bulk failure stays visible narrow-light-200-ime (failed)
2026-10-10T17:56:43.0640939Z ══╡ EXCEPTION CAUGHT BY FLUTTER TEST FRAMEWORK ╞════════════════════════════════════════════════════
2026-10-10T17:56:43.0642207Z The following TestFailure was thrown running a test:
2026-10-10T17:56:43.0643019Z Expected: a value less than or equal to <540.0>
2026-10-10T17:56:43.0643729Z   Actual: <656.0>
2026-10-10T17:56:43.0644361Z    Which: is not a value less than or equal to <540.0>
2026-10-10T17:56:43.0644919Z 
2026-10-10T17:56:43.0645313Z When the exception was thrown, this was the stack:
2026-10-10T17:56:43.0646860Z #4      registerBulkFailureVisibilityTests.<anonymous closure> (file:///home/runner/work/tandemlog/tandemlog/integration_test/bulk_failure_visibility_test.dart:174:11)
2026-10-10T17:56:43.0648596Z <asynchronous suspension>
2026-10-10T17:56:43.0649750Z #5      testWidgets.<anonymous closure>.<anonymous closure> (package:flutter_test/src/widget_tester.dart:192:15)
2026-10-10T17:56:43.0651009Z <asynchronous suspension>
2026-10-10T17:56:43.0651711Z #6      TestWidgetsFlutterBinding._runTestBody (package:flutter_test/src/binding.dart:1953:5)
2026-10-10T17:56:43.0663338Z <asynchronous suspension>
2026-10-10T17:56:43.0663816Z <asynchronous suspension>
2026-10-10T17:56:43.0664254Z (elided one frame from package:stack_trace)
2026-10-10T17:56:43.0664599Z 
2026-10-10T17:56:43.0664870Z This was caught by the test expectation on the following line:
2026-10-10T17:56:43.0665840Z   file:///home/runner/work/tandemlog/tandemlog/integration_test/bulk_failure_visibility_test.dart line 174
2026-10-10T17:56:43.0666694Z The test description was:
2026-10-10T17:56:43.0667205Z   native stale bulk failure stays visible narrow-light-200-ime
2026-10-10T17:56:43.0667928Z ════════════════════════════════════════════════════════════════════════════════════════════════════
2026-10-10T17:56:43.0668356Z Test failed. See exception logs above.
2026-10-10T17:56:43.0668784Z The test description was: native stale bulk failure stays visible narrow-light-200-ime
2026-10-10T17:56:43.0669122Z 
2026-10-10T17:56:43.0669399Z ##[endgroup]
2026-10-10T17:56:43.4648305Z TANDEMLOG_FIRST_FRAME_MS=11
2026-10-10T17:56:43.7226926Z TANDEMLOG_PHASE identity_lock=0
2026-10-10T17:56:43.7404094Z TANDEMLOG_PHASE sqlite_open_schema=17
2026-10-10T17:56:43.7517562Z TANDEMLOG_PHASE manifest=11
2026-10-10T17:56:43.7754104Z TANDEMLOG_PHASE ingest=23
2026-10-10T17:56:43.8031513Z TANDEMLOG_ROWS {"query_ms":0,"decode_ms":0,"sort_ms":0}
2026-10-10T17:56:43.8606254Z TANDEMLOG_READY_MS=407 FILES_READ=1
2026-10-10T17:56:46.7392754Z ##[group]❌ native stale bulk failure stays visible small-dark-200-ime (failed)
2026-10-10T17:56:46.7393995Z ══╡ EXCEPTION CAUGHT BY FLUTTER TEST FRAMEWORK ╞════════════════════════════════════════════════════
2026-10-10T17:56:46.7395151Z The following TestFailure was thrown running a test:
2026-10-10T17:56:46.7395715Z Expected: a value less than or equal to <360.0>
2026-10-10T17:56:46.7396177Z   Actual: <476.0>
2026-10-10T17:56:46.7396569Z    Which: is not a value less than or equal to <360.0>
2026-10-10T17:56:46.7396907Z 
2026-10-10T17:56:46.7397139Z When the exception was thrown, this was the stack:
2026-10-10T17:56:46.7398441Z #4      registerBulkFailureVisibilityTests.<anonymous closure> (file:///home/runner/work/tandemlog/tandemlog/integration_test/bulk_failure_visibility_test.dart:174:11)
2026-10-10T17:56:46.7399694Z <asynchronous suspension>
2026-10-10T17:56:46.7400691Z #5      testWidgets.<anonymous closure>.<anonymous closure> (package:flutter_test/src/widget_tester.dart:192:15)
2026-10-10T17:56:46.7401547Z <asynchronous suspension>
2026-10-10T17:56:46.7402015Z #6      TestWidgetsFlutterBinding._runTestBody (package:flutter_test/src/binding.dart:1953:5)
2026-10-10T17:56:46.7402491Z <asynchronous suspension>
2026-10-10T17:56:46.7402732Z <asynchronous suspension>
2026-10-10T17:56:46.7403188Z (elided one frame from package:stack_trace)
2026-10-10T17:56:46.7403389Z 
2026-10-10T17:56:46.7403555Z This was caught by the test expectation on the following line:
2026-10-10T17:56:46.7404123Z   file:///home/runner/work/tandemlog/tandemlog/integration_test/bulk_failure_visibility_test.dart line 174
2026-10-10T17:56:46.7404613Z The test description was:
2026-10-10T17:56:46.7404903Z   native stale bulk failure stays visible small-dark-200-ime
2026-10-10T17:56:46.7405521Z ════════════════════════════════════════════════════════════════════════════════════════════════════
2026-10-10T17:56:46.7405904Z Test failed. See exception logs above.
2026-10-10T17:56:46.7406307Z The test description was: native stale bulk failure stays visible small-dark-200-ime
2026-10-10T17:56:46.7406625Z 
2026-10-10T17:56:46.7406900Z ##[endgroup]
2026-10-10T17:56:47.0989962Z TANDEMLOG_FIRST_FRAME_MS=11
2026-10-10T17:56:47.3385172Z TANDEMLOG_PHASE identity_lock=0
2026-10-10T17:56:47.3633584Z TANDEMLOG_PHASE sqlite_open_schema=24
2026-10-10T17:56:47.3746975Z TANDEMLOG_PHASE manifest=11
2026-10-10T17:56:47.4044781Z TANDEMLOG_PHASE ingest=29
2026-10-10T17:56:47.4317860Z TANDEMLOG_ROWS {"query_ms":0,"decode_ms":0,"sort_ms":0}
2026-10-10T17:56:47.5100760Z TANDEMLOG_READY_MS=422 FILES_READ=1
2026-10-10T17:56:48.9637421Z ##[group]✅ Passing tests
2026-10-10T17:56:48.9637816Z ✅ Search keeps Undo and text alignment 1200.0 x1.0
2026-10-10T17:56:49.3001036Z ##[endgroup]
2026-10-10T17:56:49.5461076Z TANDEMLOG_FIRST_FRAME_MS=13
2026-10-10T17:56:49.5461608Z TANDEMLOG_PHASE identity_lock=0
2026-10-10T17:56:49.5730009Z TANDEMLOG_PHASE sqlite_open_schema=26
2026-10-10T17:56:49.5838336Z TANDEMLOG_PHASE manifest=10
2026-10-10T17:56:49.6099019Z TANDEMLOG_PHASE ingest=25
2026-10-10T17:56:49.6372113Z TANDEMLOG_ROWS {"query_ms":0,"decode_ms":0,"sort_ms":0}
2026-10-10T17:56:49.7169320Z TANDEMLOG_READY_MS=430 FILES_READ=1
2026-10-10T17:56:51.4111006Z ##[group]✅ Passing tests
2026-10-10T17:56:51.4111973Z ✅ Search keeps Undo and text alignment 1200.0 x2.0
2026-10-10T17:56:51.7668464Z ##[endgroup]
2026-10-10T17:56:51.7668709Z TANDEMLOG_FIRST_FRAME_MS=13
2026-10-10T17:56:52.0188139Z TANDEMLOG_PHASE identity_lock=0
2026-10-10T17:56:52.0331520Z TANDEMLOG_PHASE sqlite_open_schema=14
2026-10-10T17:56:52.0439494Z TANDEMLOG_PHASE manifest=10
2026-10-10T17:56:52.0693504Z TANDEMLOG_PHASE ingest=25
2026-10-10T17:56:52.0964889Z TANDEMLOG_ROWS {"query_ms":0,"decode_ms":0,"sort_ms":0}
2026-10-10T17:56:52.1758280Z TANDEMLOG_READY_MS=422 FILES_READ=1
2026-10-10T17:56:53.9946753Z ##[group]✅ Passing tests
2026-10-10T17:56:53.9947357Z ✅ Search keeps Undo and text alignment 390.0 x1.0
2026-10-10T17:56:54.3329851Z ##[endgroup]
2026-10-10T17:56:54.3330120Z TANDEMLOG_FIRST_FRAME_MS=13
2026-10-10T17:56:54.5816143Z TANDEMLOG_PHASE identity_lock=0
2026-10-10T17:56:54.6059975Z TANDEMLOG_PHASE sqlite_open_schema=24
2026-10-10T17:56:54.6167915Z TANDEMLOG_PHASE manifest=10
2026-10-10T17:56:54.6427569Z TANDEMLOG_PHASE ingest=25
2026-10-10T17:56:54.6699880Z TANDEMLOG_ROWS {"query_ms":0,"decode_ms":0,"sort_ms":0}
2026-10-10T17:56:54.7358658Z TANDEMLOG_READY_MS=416 FILES_READ=1
2026-10-10T17:56:56.1954279Z ##[group]✅ Passing tests
2026-10-10T17:56:56.1955082Z ✅ Search keeps Undo and text alignment 320.0 x2.0
2026-10-10T17:56:56.2503107Z ##[endgroup]
2026-10-10T17:56:56.2503609Z TANDEMLOG_FIRST_FRAME_MS=13
2026-10-10T17:56:56.5372373Z TANDEMLOG_ONBOARDING_READY_MS=300 FILES_READ=0
2026-10-10T17:56:56.9323314Z ##[group]✅ Passing tests
2026-10-10T17:56:56.9324109Z ✅ second instance does not read or write preferences and Retry acquires released lease
2026-10-10T17:56:56.9686402Z ##[endgroup]
2026-10-10T17:56:56.9686783Z TANDEMLOG_FIRST_FRAME_MS=14
2026-10-10T17:56:57.2318494Z ##[group]✅ Passing tests
2026-10-10T17:56:57.2319095Z ✅ interrupted startup releases installation lease after pending work
2026-10-10T17:56:57.6311078Z ##[endgroup]
2026-10-10T17:56:57.6311406Z TANDEMLOG_FIRST_FRAME_MS=11
2026-10-10T17:56:57.8685317Z TANDEMLOG_PHASE identity_lock=0
2026-10-10T17:56:57.8829688Z TANDEMLOG_PHASE sqlite_open_schema=14
2026-10-10T17:56:57.8956038Z TANDEMLOG_PHASE manifest=12
2026-10-10T17:56:57.9185560Z TANDEMLOG_PHASE ingest=22
2026-10-10T17:56:57.9491730Z TANDEMLOG_ROWS {"query_ms":0,"decode_ms":0,"sort_ms":0}
2026-10-10T17:56:58.0274989Z TANDEMLOG_READY_MS=407 FILES_READ=1
2026-10-10T17:57:04.8196195Z ##[group]✅ Passing tests
2026-10-10T17:57:04.8196705Z ✅ Inbox capture cancel edit Undo and history remain coherent
2026-10-10T17:57:05.1149882Z ##[endgroup]
2026-10-10T17:57:05.1150180Z TANDEMLOG_FIRST_FRAME_MS=11
2026-10-10T17:57:05.3712594Z TANDEMLOG_PHASE identity_lock=0
2026-10-10T17:57:05.3859987Z TANDEMLOG_PHASE sqlite_open_schema=14
2026-10-10T17:57:05.3968638Z TANDEMLOG_PHASE manifest=10
2026-10-10T17:57:05.4180632Z TANDEMLOG_PHASE ingest=21
2026-10-10T17:57:05.4364623Z TANDEMLOG_ROWS {"query_ms":0,"decode_ms":0,"sort_ms":0}
2026-10-10T17:57:05.5052503Z TANDEMLOG_READY_MS=402 FILES_READ=1
2026-10-10T17:57:06.9674857Z ##[group]✅ Passing tests
2026-10-10T17:57:06.9675537Z ✅ creation-only prefix keeps immutable capture through background reconciliation
2026-10-10T17:57:07.0000748Z ##[endgroup]
2026-10-10T17:57:07.0001254Z TANDEMLOG_FIRST_FRAME_MS=11
2026-10-10T17:57:07.1367258Z TANDEMLOG_ONBOARDING_READY_MS=149 FILES_READ=0
2026-10-10T17:57:08.0105667Z ##[group]✅ Passing tests
2026-10-10T17:57:08.0106233Z ✅ integrity action requires an open store
2026-10-10T17:57:08.3183377Z ##[endgroup]
2026-10-10T17:57:08.3183797Z TANDEMLOG_FIRST_FRAME_MS=14
2026-10-10T17:57:08.5674614Z TANDEMLOG_PHASE identity_lock=0
2026-10-10T17:57:08.5817112Z TANDEMLOG_PHASE sqlite_open_schema=14
2026-10-10T17:57:08.5925958Z TANDEMLOG_PHASE manifest=10
2026-10-10T17:57:08.6139418Z TANDEMLOG_PHASE ingest=21
2026-10-10T17:57:08.6409763Z TANDEMLOG_ROWS {"query_ms":0,"decode_ms":0,"sort_ms":0}
2026-10-10T17:57:08.7048731Z TANDEMLOG_READY_MS=401 FILES_READ=1
2026-10-10T17:57:18.8197952Z ##[group]✅ Passing tests
2026-10-10T17:57:18.8198728Z ✅ manual integrity preserves drafts Search selection and Undo, imports valid growth, and copies diagnostics
2026-10-10T17:57:19.6481378Z ##[endgroup]
2026-10-10T17:57:19.6481674Z TANDEMLOG_FIRST_FRAME_MS=11
2026-10-10T17:57:19.8874621Z TANDEMLOG_PHASE identity_lock=0
2026-10-10T17:57:19.9024263Z TANDEMLOG_PHASE sqlite_open_schema=14
2026-10-10T17:57:19.9137615Z TANDEMLOG_PHASE manifest=11
2026-10-10T17:57:19.9469131Z TANDEMLOG_PHASE ingest=33
2026-10-10T17:57:19.9740352Z TANDEMLOG_ROWS {"query_ms":0,"decode_ms":0,"sort_ms":0}
2026-10-10T17:57:20.0490436Z TANDEMLOG_READY_MS=412 FILES_READ=1
2026-10-10T17:57:22.2393588Z ##[group]✅ Passing tests
2026-10-10T17:57:22.2394764Z ✅ same-day precision sorts, constrains dragging and retains historical title
2026-10-10T17:57:22.5664200Z ##[endgroup]
2026-10-10T17:57:22.5664682Z TANDEMLOG_FIRST_FRAME_MS=12
2026-10-10T17:57:22.8476946Z TANDEMLOG_PHASE identity_lock=0
2026-10-10T17:57:22.8618956Z TANDEMLOG_PHASE sqlite_open_schema=14
2026-10-10T17:57:22.8728197Z TANDEMLOG_PHASE manifest=10
2026-10-10T17:57:22.8943877Z TANDEMLOG_PHASE ingest=21
2026-10-10T17:57:22.9244402Z TANDEMLOG_ROWS {"query_ms":0,"decode_ms":0,"sort_ms":0}
2026-10-10T17:57:22.9591423Z TANDEMLOG_READY_MS=405 FILES_READ=1
2026-10-10T17:57:33.5026910Z ##[group]✅ Passing tests
2026-10-10T17:57:33.5027356Z ✅ Settings copies the running release name without changing tasks
2026-10-10T17:57:33.8156162Z ##[endgroup]
2026-10-10T17:57:33.8156549Z TANDEMLOG_FIRST_FRAME_MS=12
2026-10-10T17:57:34.0973745Z TANDEMLOG_PHASE identity_lock=0
2026-10-10T17:57:34.1116630Z TANDEMLOG_PHASE sqlite_open_schema=14
2026-10-10T17:57:34.1226047Z TANDEMLOG_PHASE manifest=10
2026-10-10T17:57:34.1437370Z TANDEMLOG_PHASE ingest=21
2026-10-10T17:57:34.1711337Z TANDEMLOG_ROWS {"query_ms":0,"decode_ms":0,"sort_ms":0}
2026-10-10T17:57:34.2131083Z TANDEMLOG_READY_MS=406 FILES_READ=1
2026-10-10T17:57:49.3551846Z ##[group]✅ Passing tests
2026-10-10T17:57:49.3552436Z ✅ optional time rows preserve precision, zone and drafts
2026-10-10T17:57:49.6992883Z ##[endgroup]
2026-10-10T17:57:49.6993231Z TANDEMLOG_FIRST_FRAME_MS=12
2026-10-10T17:57:49.9390751Z TANDEMLOG_PHASE identity_lock=0
2026-10-10T17:57:49.9545407Z TANDEMLOG_PHASE sqlite_open_schema=15
2026-10-10T17:57:49.9659792Z TANDEMLOG_PHASE manifest=11
2026-10-10T17:57:49.9856693Z TANDEMLOG_PHASE ingest=19
2026-10-10T17:57:50.0127527Z TANDEMLOG_ROWS {"query_ms":0,"decode_ms":0,"sort_ms":0}
2026-10-10T17:57:50.0878805Z TANDEMLOG_READY_MS=401 FILES_READ=1
2026-10-10T17:57:56.9485230Z TANDEMLOG_FIRST_FRAME_MS=12
2026-10-10T17:57:56.9574023Z TANDEMLOG_PHASE identity_lock=0
2026-10-10T17:57:56.9781766Z TANDEMLOG_PHASE sqlite_open_schema=20
2026-10-10T17:57:56.9916891Z TANDEMLOG_PHASE manifest=13
2026-10-10T17:57:57.0055404Z TANDEMLOG_PHASE ingest=13
2026-10-10T17:57:57.0355683Z TANDEMLOG_ROWS {"query_ms":0,"decode_ms":0,"sort_ms":0}
2026-10-10T17:57:57.1111471Z TANDEMLOG_READY_MS=174 FILES_READ=0
2026-10-10T17:57:57.3532910Z ##[group]✅ Passing tests
2026-10-10T17:57:57.3533422Z ✅ offline new text, remote draft Save, Undo and explicit legacy setup
2026-10-10T17:57:58.0664770Z ##[endgroup]
2026-10-10T17:57:58.0665182Z TANDEMLOG_FIRST_FRAME_MS=12
2026-10-10T17:57:58.3478441Z TANDEMLOG_PHASE identity_lock=0
2026-10-10T17:57:58.3620257Z TANDEMLOG_PHASE sqlite_open_schema=14
2026-10-10T17:57:58.3730084Z TANDEMLOG_PHASE manifest=10
2026-10-10T17:57:58.4012217Z TANDEMLOG_PHASE ingest=28
2026-10-10T17:57:58.4300383Z TANDEMLOG_ROWS {"query_ms":0,"decode_ms":0,"sort_ms":0}
2026-10-10T17:57:58.4644729Z TANDEMLOG_READY_MS=411 FILES_READ=1
2026-10-10T17:57:59.8309334Z ##[group]✅ Passing tests
2026-10-10T17:57:59.8310115Z ✅ historical successor recompletion completes parent and keeps independent child
2026-10-10T17:58:00.1153170Z ##[endgroup]
2026-10-10T17:58:00.1153558Z TANDEMLOG_FIRST_FRAME_MS=11
2026-10-10T17:58:00.3523783Z TANDEMLOG_PHASE identity_lock=0
2026-10-10T17:58:00.3673391Z TANDEMLOG_PHASE sqlite_open_schema=14
2026-10-10T17:58:00.3896176Z TANDEMLOG_PHASE manifest=22
2026-10-10T17:58:00.4185481Z TANDEMLOG_PHASE ingest=26
2026-10-10T17:58:00.4544403Z TANDEMLOG_ROWS {"query_ms":0,"decode_ms":0,"sort_ms":0}
2026-10-10T17:58:00.5227450Z TANDEMLOG_READY_MS=418 FILES_READ=1
2026-10-10T17:58:03.0385248Z ##[group]✅ Passing tests
2026-10-10T17:58:03.0386251Z ✅ native recurring completion creates one editable inherited successor with receipt Undo
2026-10-10T17:58:03.6152089Z ##[endgroup]
2026-10-10T17:58:03.6152389Z TANDEMLOG_FIRST_FRAME_MS=11
2026-10-10T17:58:03.8693387Z TANDEMLOG_PHASE identity_lock=0
2026-10-10T17:58:03.8837156Z TANDEMLOG_PHASE sqlite_open_schema=14
2026-10-10T17:58:03.8945344Z TANDEMLOG_PHASE manifest=10
2026-10-10T17:58:03.9235528Z TANDEMLOG_PHASE ingest=28
2026-10-10T17:58:03.9513539Z TANDEMLOG_ROWS {"query_ms":0,"decode_ms":0,"sort_ms":0}
2026-10-10T17:58:04.0093368Z TANDEMLOG_READY_MS=405 FILES_READ=1
2026-10-10T17:58:26.3194912Z ##[group]✅ Passing tests
2026-10-10T17:58:26.3195456Z ✅ native checklist desktop dark repeated editors and refreshed completion warning
2026-10-10T17:58:26.8885709Z ##[endgroup]
2026-10-10T17:58:26.8886354Z TANDEMLOG_FIRST_FRAME_MS=11
2026-10-10T17:58:27.1247271Z TANDEMLOG_PHASE identity_lock=0
2026-10-10T17:58:27.1516435Z TANDEMLOG_PHASE sqlite_open_schema=26
2026-10-10T17:58:27.1626299Z TANDEMLOG_PHASE manifest=11
2026-10-10T17:58:27.1920622Z TANDEMLOG_PHASE ingest=29
2026-10-10T17:58:27.2217790Z TANDEMLOG_ROWS {"query_ms":0,"decode_ms":0,"sort_ms":0}
2026-10-10T17:58:27.2726492Z TANDEMLOG_READY_MS=395 FILES_READ=1
2026-10-10T17:58:52.8371841Z ##[group]✅ Passing tests
2026-10-10T17:58:52.8372865Z ✅ native checklist narrow enlarged light repeated editors and refreshed completion warning
2026-10-10T17:58:53.5152987Z ##[endgroup]
2026-10-10T17:58:53.5153505Z TANDEMLOG_FIRST_FRAME_MS=12
2026-10-10T17:58:53.7545397Z TANDEMLOG_PHASE identity_lock=0
2026-10-10T17:58:53.7690755Z TANDEMLOG_PHASE sqlite_open_schema=14
2026-10-10T17:58:53.7801248Z TANDEMLOG_PHASE manifest=11
2026-10-10T17:58:53.8102836Z TANDEMLOG_PHASE ingest=30
2026-10-10T17:58:53.8376195Z TANDEMLOG_ROWS {"query_ms":0,"decode_ms":0,"sort_ms":0}
2026-10-10T17:58:53.8998914Z TANDEMLOG_READY_MS=396 FILES_READ=1
2026-10-10T17:59:03.3369561Z ##[group]✅ Passing tests
2026-10-10T17:59:03.3370117Z ✅ checklist toggle acts directly on shown parents and follows live state
2026-10-10T17:59:04.2490110Z ##[endgroup]
2026-10-10T17:59:04.2490353Z TANDEMLOG_FIRST_FRAME_MS=12
2026-10-10T17:59:04.4876340Z TANDEMLOG_PHASE identity_lock=0
2026-10-10T17:59:04.5025371Z TANDEMLOG_PHASE sqlite_open_schema=14
2026-10-10T17:59:04.5135629Z TANDEMLOG_PHASE manifest=10
2026-10-10T17:59:04.5483932Z TANDEMLOG_PHASE ingest=34
2026-10-10T17:59:04.5751757Z TANDEMLOG_ROWS {"query_ms":0,"decode_ms":0,"sort_ms":0}
2026-10-10T17:59:04.6555125Z TANDEMLOG_READY_MS=419 FILES_READ=1
2026-10-10T17:59:13.0542452Z ##[group]✅ task row inset follows available width including desktop resize
2026-10-10T17:59:13.0544153Z CHECKLIST_DISCLOSURE_GEOMETRY width=599.0 scale=1.0 secondary=true body=Rect.fromLTRB(52.0, 238.0, 499.0, 314.0) target=Rect.fromLTRB(52.0, 314.0, 100.0, 342.0) count=Rect.fromLTRB(65.0, 316.0, 87.8, 336.0) textBottom=314.0
2026-10-10T17:59:13.0546717Z CHECKLIST_DISCLOSURE_GEOMETRY width=599.0 scale=1.0 secondary=false body=Rect.fromLTRB(52.0, 487.0, 499.0, 541.0) target=Rect.fromLTRB(52.0, 541.0, 100.0, 569.0) count=Rect.fromLTRB(65.0, 543.0, 87.8, 563.0) textBottom=541.0
2026-10-10T17:59:13.0548859Z CHECKLIST_DISCLOSURE_GEOMETRY width=1200.0 scale=1.0 secondary=true body=Rect.fromLTRB(68.0, 238.0, 819.4, 286.0) target=Rect.fromLTRB(68.0, 286.0, 116.0, 314.0) count=Rect.fromLTRB(81.0, 288.0, 103.8, 308.0) textBottom=286.0
2026-10-10T17:59:13.0550817Z CHECKLIST_DISCLOSURE_GEOMETRY width=1200.0 scale=1.0 secondary=false body=Rect.fromLTRB(68.0, 459.0, 754.9, 507.0) target=Rect.fromLTRB(68.0, 507.0, 116.0, 535.0) count=Rect.fromLTRB(81.0, 509.0, 103.8, 529.0) textBottom=507.0
2026-10-10T17:59:13.0552579Z CHECKLIST_DISCLOSURE_GEOMETRY width=600.0 scale=1.0 secondary=true body=Rect.fromLTRB(68.0, 238.0, 484.0, 314.0) target=Rect.fromLTRB(68.0, 314.0, 116.0, 342.0) count=Rect.fromLTRB(81.0, 316.0, 103.8, 336.0) textBottom=314.0
2026-10-10T17:59:13.0554178Z CHECKLIST_DISCLOSURE_GEOMETRY width=600.0 scale=1.0 secondary=false body=Rect.fromLTRB(68.0, 487.0, 484.0, 541.0) target=Rect.fromLTRB(68.0, 541.0, 116.0, 569.0) count=Rect.fromLTRB(81.0, 543.0, 103.8, 563.0) textBottom=541.0
2026-10-10T17:59:13.0555515Z CHECKLIST_DISCLOSURE_GEOMETRY width=390.0 scale=1.0 secondary=true body=Rect.fromLTRB(52.0, 238.0, 290.0, 362.0) target=Rect.fromLTRB(52.0, 362.0, 100.0, 390.0) count=Rect.fromLTRB(65.0, 364.0, 87.8, 384.0) textBottom=362.0
2026-10-10T17:59:13.0556858Z CHECKLIST_DISCLOSURE_GEOMETRY width=390.0 scale=1.0 secondary=false body=Rect.fromLTRB(52.0, 575.0, 290.0, 677.0) target=Rect.fromLTRB(52.0, 677.0, 100.0, 705.0) count=Rect.fromLTRB(65.0, 679.0, 87.8, 699.0) textBottom=677.0
2026-10-10T17:59:13.0558325Z CHECKLIST_DISCLOSURE_GEOMETRY width=360.0 scale=2.0 secondary=true body=Rect.fromLTRB(52.0, 286.0, 260.0, 766.0) target=Rect.fromLTRB(52.0, 766.0, 110.4, 814.0) count=Rect.fromLTRB(65.0, 768.0, 110.4, 808.0) textBottom=766.0
2026-10-10T17:59:13.0559886Z CHECKLIST_DISCLOSURE_GEOMETRY width=360.0 scale=2.0 secondary=false body=Rect.fromLTRB(52.0, 505.0, 260.0, 943.0) target=Rect.fromLTRB(52.0, 943.0, 110.4, 991.0) count=Rect.fromLTRB(65.0, 945.0, 110.4, 985.0) textBottom=943.0
2026-10-10T17:59:13.0561503Z CHECKLIST_DISCLOSURE_GEOMETRY width=390.0 scale=2.0 secondary=true body=Rect.fromLTRB(52.0, 238.0, 290.0, 670.0) target=Rect.fromLTRB(52.0, 670.0, 110.4, 718.0) count=Rect.fromLTRB(65.0, 672.0, 110.4, 712.0) textBottom=670.0
2026-10-10T17:59:13.0562807Z CHECKLIST_DISCLOSURE_GEOMETRY width=390.0 scale=2.0 secondary=false body=Rect.fromLTRB(52.0, 553.0, 290.0, 943.0) target=Rect.fromLTRB(52.0, 943.0, 110.4, 991.0) count=Rect.fromLTRB(65.0, 945.0, 110.4, 985.0) textBottom=943.0
2026-10-10T17:59:13.0564880Z CHECKLIST_DISCLOSURE_GEOMETRY width=620.0 scale=1.0 secondary=true body=Rect.fromLTRB(64.0, 238.0, 500.0, 314.0) target=Rect.fromLTRB(64.0, 314.0, 112.0, 342.0) count=Rect.fromLTRB(77.0, 316.0, 99.8, 336.0) textBottom=314.0
2026-10-10T17:59:13.0567405Z CHECKLIST_DISCLOSURE_GEOMETRY width=620.0 scale=1.0 secondary=false body=Rect.fromLTRB(64.0, 487.0, 500.0, 541.0) target=Rect.fromLTRB(64.0, 541.0, 112.0, 569.0) count=Rect.fromLTRB(77.0, 543.0, 99.8, 563.0) textBottom=541.0
2026-10-10T17:59:13.0569821Z CHECKLIST_DISCLOSURE_GEOMETRY width=390.0 scale=1.0 secondary=true body=Rect.fromLTRB(64.0, 238.0, 270.0, 362.0) target=Rect.fromLTRB(64.0, 362.0, 112.0, 390.0) count=Rect.fromLTRB(77.0, 364.0, 99.8, 384.0) textBottom=362.0
2026-10-10T17:59:13.0571320Z CHECKLIST_DISCLOSURE_GEOMETRY width=390.0 scale=1.0 secondary=false body=Rect.fromLTRB(64.0, 575.0, 270.0, 677.0) target=Rect.fromLTRB(64.0, 677.0, 112.0, 705.0) count=Rect.fromLTRB(77.0, 679.0, 99.8, 699.0) textBottom=677.0
2026-10-10T17:59:13.0572276Z ##[endgroup]
2026-10-10T17:59:13.3495206Z TANDEMLOG_FIRST_FRAME_MS=12
2026-10-10T17:59:13.5928220Z TANDEMLOG_PHASE identity_lock=0
2026-10-10T17:59:13.6074361Z TANDEMLOG_PHASE sqlite_open_schema=14
2026-10-10T17:59:13.6187357Z TANDEMLOG_PHASE manifest=11
2026-10-10T17:59:13.6399128Z TANDEMLOG_PHASE ingest=21
2026-10-10T17:59:13.6671640Z TANDEMLOG_ROWS {"query_ms":0,"decode_ms":0,"sort_ms":0}
2026-10-10T17:59:13.7261168Z TANDEMLOG_READY_MS=389 FILES_READ=1
2026-10-10T17:59:29.4210063Z ##[group]✅ Passing tests
2026-10-10T17:59:29.4210972Z ✅ task menu follows live item counts for mouse and keyboard
2026-10-10T17:59:29.8163169Z ##[endgroup]
2026-10-10T17:59:29.8163580Z TANDEMLOG_FIRST_FRAME_MS=12
2026-10-10T17:59:30.0601498Z TANDEMLOG_PHASE identity_lock=0
2026-10-10T17:59:30.0752182Z TANDEMLOG_PHASE sqlite_open_schema=14
2026-10-10T17:59:30.0866979Z TANDEMLOG_PHASE manifest=11
2026-10-10T17:59:30.1080050Z TANDEMLOG_PHASE ingest=21
2026-10-10T17:59:30.1268850Z TANDEMLOG_ROWS {"query_ms":0,"decode_ms":0,"sort_ms":0}
2026-10-10T17:59:30.1983116Z TANDEMLOG_READY_MS=394 FILES_READ=2
2026-10-10T17:59:40.5208134Z ##[group]✅ Passing tests
2026-10-10T17:59:40.5208666Z ✅ task menu refresh failure, keyboard, right click, selected-row Delete and Undo
2026-10-10T17:59:41.1821576Z ##[endgroup]
2026-10-10T17:59:41.1822004Z TANDEMLOG_FIRST_FRAME_MS=11
2026-10-10T17:59:41.4378880Z TANDEMLOG_PHASE identity_lock=0
2026-10-10T17:59:41.4526124Z TANDEMLOG_PHASE sqlite_open_schema=14
2026-10-10T17:59:41.4637383Z TANDEMLOG_PHASE manifest=11
2026-10-10T17:59:41.4947483Z TANDEMLOG_PHASE ingest=30
2026-10-10T17:59:41.5237462Z TANDEMLOG_ROWS {"query_ms":0,"decode_ms":0,"sort_ms":0}
2026-10-10T17:59:41.5695995Z TANDEMLOG_READY_MS=399 FILES_READ=1
2026-10-10T17:59:42.7639648Z TANDEMLOG_FIRST_FRAME_MS=11
2026-10-10T17:59:42.7728493Z TANDEMLOG_PHASE identity_lock=0
2026-10-10T17:59:42.7830966Z TANDEMLOG_PHASE sqlite_open_schema=10
2026-10-10T17:59:42.7934094Z TANDEMLOG_PHASE manifest=10
2026-10-10T17:59:42.8036903Z TANDEMLOG_PHASE ingest=10
2026-10-10T17:59:42.8310076Z TANDEMLOG_ROWS {"query_ms":0,"decode_ms":0,"sort_ms":0}
2026-10-10T17:59:42.9272609Z TANDEMLOG_READY_MS=174 FILES_READ=0
2026-10-10T17:59:51.6235751Z ##[group]✅ inline checklist desktop menu and item ownership
2026-10-10T17:59:51.6237756Z CHECKLIST_TRAILING_GEOMETRY narrow=false menu=Rect.fromLTRB(1088.0, 252.0, 1136.0, 300.0) parent=Rect.fromLTRB(1136.0, 252.0, 1184.0, 300.0) child=Rect.fromLTRB(1136.0, 314.0, 1184.0, 362.0) delete=Rect.fromLTRB(1088.0, 314.0, 1136.0, 362.0)
2026-10-10T17:59:51.6239750Z ##[endgroup]
2026-10-10T17:59:52.4171766Z TANDEMLOG_FIRST_FRAME_MS=12
2026-10-10T17:59:52.6708442Z TANDEMLOG_PHASE identity_lock=0
2026-10-10T17:59:52.6856889Z TANDEMLOG_PHASE sqlite_open_schema=14
2026-10-10T17:59:52.6969970Z TANDEMLOG_PHASE manifest=11
2026-10-10T17:59:52.7287434Z TANDEMLOG_PHASE ingest=31
2026-10-10T17:59:52.7584920Z TANDEMLOG_ROWS {"query_ms":0,"decode_ms":0,"sort_ms":0}
2026-10-10T17:59:52.8022104Z TANDEMLOG_READY_MS=397 FILES_READ=1
2026-10-10T17:59:53.9966965Z TANDEMLOG_FIRST_FRAME_MS=10
2026-10-10T17:59:54.0053552Z TANDEMLOG_PHASE identity_lock=0
2026-10-10T17:59:54.0213062Z TANDEMLOG_PHASE sqlite_open_schema=15
2026-10-10T17:59:54.0329201Z TANDEMLOG_PHASE manifest=11
2026-10-10T17:59:54.0440886Z TANDEMLOG_PHASE ingest=11
2026-10-10T17:59:54.0776280Z TANDEMLOG_ROWS {"query_ms":0,"decode_ms":0,"sort_ms":0}
2026-10-10T17:59:54.1518474Z TANDEMLOG_READY_MS=166 FILES_READ=0
2026-10-10T18:00:03.6867273Z ##[group]✅ inline checklist phone enlarged menu and item ownership
2026-10-10T18:00:03.6868886Z CHECKLIST_TRAILING_GEOMETRY narrow=true menu=Rect.fromLTRB(294.0, 357.0, 342.0, 405.0) parent=Rect.fromLTRB(342.0, 357.0, 390.0, 405.0) child=Rect.fromLTRB(342.0, 456.0, 390.0, 504.0) delete=Rect.fromLTRB(294.0, 456.0, 342.0, 504.0)
2026-10-10T18:00:03.6870808Z ##[endgroup]
2026-10-10T18:00:06.0831626Z TANDEMLOG_FIRST_FRAME_MS=12
2026-10-10T18:00:06.3238630Z TANDEMLOG_PHASE identity_lock=0
2026-10-10T18:00:06.3386995Z TANDEMLOG_PHASE sqlite_open_schema=14
2026-10-10T18:00:06.3499900Z TANDEMLOG_PHASE manifest=11
2026-10-10T18:00:06.4188974Z TANDEMLOG_PHASE ingest=68
2026-10-10T18:00:06.4563989Z TANDEMLOG_ROWS {"query_ms":0,"decode_ms":0,"sort_ms":0}
2026-10-10T18:00:06.5927653Z TANDEMLOG_READY_MS=522 FILES_READ=1
2026-10-10T18:00:22.4711862Z ##[group]✅ disclosure bottom spacing and ink retain compact row geometry
2026-10-10T18:00:22.4713231Z DISCLOSURE_LAYOUT width=1200.0 scale=1.0 secondary=true ordinaryBottom=6.0 disclosureBottom=6.0 body=Rect.fromLTRB(68.0, 355.0, 348.3, 405.0) target=Rect.fromLTRB(68.0, 405.0, 116.0, 433.0) count=Rect.fromLTRB(81.0, 407.0, 103.8, 427.0) shape=ChecklistDisclosureInkBorder()
2026-10-10T18:00:22.4715496Z DISCLOSURE_LAYOUT width=1200.0 scale=1.0 secondary=false ordinaryBottom=6.0 disclosureBottom=6.0 body=Rect.fromLTRB(68.0, 238.0, 283.9, 286.0) target=Rect.fromLTRB(68.0, 286.0, 116.0, 314.0) count=Rect.fromLTRB(81.0, 288.0, 103.8, 308.0) shape=ChecklistDisclosureInkBorder()
2026-10-10T18:00:22.4717762Z DISCLOSURE_LAYOUT width=1200.0 scale=2.0 secondary=true ordinaryBottom=6.0 disclosureBottom=6.0 body=Rect.fromLTRB(68.0, 477.0, 604.1, 571.0) target=Rect.fromLTRB(68.0, 571.0, 126.4, 619.0) count=Rect.fromLTRB(81.0, 573.0, 126.4, 613.0) shape=ChecklistDisclosureInkBorder()
2026-10-10T18:00:22.4719826Z DISCLOSURE_LAYOUT width=1200.0 scale=2.0 secondary=false ordinaryBottom=6.0 disclosureBottom=6.0 body=Rect.fromLTRB(68.0, 314.0, 488.8, 368.0) target=Rect.fromLTRB(68.0, 368.0, 126.4, 416.0) count=Rect.fromLTRB(81.0, 370.0, 126.4, 410.0) shape=ChecklistDisclosureInkBorder()
2026-10-10T18:00:22.4722142Z DISCLOSURE_LAYOUT width=390.0 scale=1.0 secondary=true ordinaryBottom=6.0 disclosureBottom=6.0 body=Rect.fromLTRB(52.0, 355.0, 267.9, 427.0) target=Rect.fromLTRB(52.0, 427.0, 100.0, 455.0) count=Rect.fromLTRB(65.0, 429.0, 87.8, 449.0) shape=ChecklistDisclosureInkBorder()
2026-10-10T18:00:22.4724148Z DISCLOSURE_LAYOUT width=390.0 scale=1.0 secondary=false ordinaryBottom=6.0 disclosureBottom=6.0 body=Rect.fromLTRB(52.0, 238.0, 267.9, 286.0) target=Rect.fromLTRB(52.0, 286.0, 100.0, 314.0) count=Rect.fromLTRB(65.0, 288.0, 87.8, 308.0) shape=ChecklistDisclosureInkBorder()
2026-10-10T18:00:22.4726161Z DISCLOSURE_LAYOUT width=390.0 scale=2.0 secondary=true ordinaryBottom=6.0 disclosureBottom=6.0 body=Rect.fromLTRB(52.0, 363.0, 290.0, 595.0) target=Rect.fromLTRB(52.0, 595.0, 110.4, 643.0) count=Rect.fromLTRB(65.0, 597.0, 110.4, 637.0) shape=ChecklistDisclosureInkBorder()
2026-10-10T18:00:22.4728141Z DISCLOSURE_LAYOUT width=390.0 scale=2.0 secondary=false ordinaryBottom=6.0 disclosureBottom=6.0 body=Rect.fromLTRB(52.0, 306.0, 290.0, 456.0) target=Rect.fromLTRB(52.0, 456.0, 110.4, 504.0) count=Rect.fromLTRB(65.0, 458.0, 110.4, 498.0) shape=ChecklistDisclosureInkBorder()
2026-10-10T18:00:22.4729252Z ##[endgroup]
2026-10-10T18:00:23.5821348Z TANDEMLOG_FIRST_FRAME_MS=12
2026-10-10T18:00:23.8477167Z TANDEMLOG_PHASE identity_lock=0
2026-10-10T18:00:23.8626619Z TANDEMLOG_PHASE sqlite_open_schema=14
2026-10-10T18:00:23.8739505Z TANDEMLOG_PHASE manifest=11
2026-10-10T18:00:23.9033768Z TANDEMLOG_PHASE ingest=28
2026-10-10T18:00:23.9308755Z TANDEMLOG_ROWS {"query_ms":0,"decode_ms":0,"sort_ms":0}
2026-10-10T18:00:23.9761831Z TANDEMLOG_READY_MS=406 FILES_READ=1
2026-10-10T18:00:31.1086615Z ##[group]✅ workspace switch rejects old checklist and menu callbacks with colliding IDs
2026-10-10T18:00:31.1087489Z TANDEMLOG_PHASE identity_lock=0
2026-10-10T18:00:31.1087974Z TANDEMLOG_PHASE sqlite_open_schema=31
2026-10-10T18:00:31.1088443Z TANDEMLOG_PHASE manifest=21
2026-10-10T18:00:31.1088848Z TANDEMLOG_PHASE ingest=42
2026-10-10T18:00:31.1089316Z TANDEMLOG_ROWS {"query_ms":0,"decode_ms":0,"sort_ms":0}
2026-10-10T18:00:31.1089861Z TANDEMLOG_PHASE identity_lock=0
2026-10-10T18:00:31.1090294Z TANDEMLOG_PHASE sqlite_open_schema=10
2026-10-10T18:00:31.1091073Z TANDEMLOG_PHASE manifest=24
2026-10-10T18:00:31.1091477Z TANDEMLOG_PHASE ingest=17
2026-10-10T18:00:31.1091948Z TANDEMLOG_ROWS {"query_ms":0,"decode_ms":0,"sort_ms":0}
2026-10-10T18:00:31.1092675Z ##[endgroup]
2026-10-10T18:00:31.5499709Z TANDEMLOG_FIRST_FRAME_MS=13
2026-10-10T18:00:31.8441419Z TANDEMLOG_PHASE identity_lock=0
2026-10-10T18:00:31.8594356Z TANDEMLOG_PHASE sqlite_open_schema=15
2026-10-10T18:00:31.8705507Z TANDEMLOG_PHASE manifest=11
2026-10-10T18:00:31.8939867Z TANDEMLOG_PHASE ingest=23
2026-10-10T18:00:31.9131575Z TANDEMLOG_ROWS {"query_ms":0,"decode_ms":0,"sort_ms":0}
2026-10-10T18:00:31.9451244Z TANDEMLOG_READY_MS=405 FILES_READ=1
2026-10-10T18:00:34.3687439Z TANDEMLOG_FIRST_FRAME_MS=15
2026-10-10T18:00:34.4011725Z TANDEMLOG_PHASE identity_lock=0
2026-10-10T18:00:34.4123720Z TANDEMLOG_PHASE sqlite_open_schema=11
2026-10-10T18:00:34.4243018Z TANDEMLOG_PHASE manifest=11
2026-10-10T18:00:34.4482070Z TANDEMLOG_PHASE ingest=23
2026-10-10T18:00:34.4765676Z TANDEMLOG_ROWS {"query_ms":0,"decode_ms":0,"sort_ms":0}
2026-10-10T18:00:34.5316639Z TANDEMLOG_READY_MS=176 FILES_READ=2
2026-10-10T18:00:34.7075913Z ##[group]✅ Passing tests
2026-10-10T18:00:34.7077059Z ✅ application disposal during item Save confirmed preserves durable intent
2026-10-10T18:00:35.1797538Z ##[endgroup]
2026-10-10T18:00:35.1797794Z TANDEMLOG_FIRST_FRAME_MS=13
2026-10-10T18:00:35.4588855Z TANDEMLOG_PHASE identity_lock=0
2026-10-10T18:00:35.4734399Z TANDEMLOG_PHASE sqlite_open_schema=14
2026-10-10T18:00:35.4843093Z TANDEMLOG_PHASE manifest=10
2026-10-10T18:00:35.5070010Z TANDEMLOG_PHASE ingest=22
2026-10-10T18:00:35.5249530Z TANDEMLOG_ROWS {"query_ms":0,"decode_ms":0,"sort_ms":0}
2026-10-10T18:00:35.5771712Z TANDEMLOG_READY_MS=407 FILES_READ=2
2026-10-10T18:00:37.9308040Z TANDEMLOG_FIRST_FRAME_MS=11
2026-10-10T18:00:37.9548876Z TANDEMLOG_PHASE identity_lock=0
2026-10-10T18:00:37.9760373Z TANDEMLOG_PHASE sqlite_open_schema=20
2026-10-10T18:00:37.9879922Z TANDEMLOG_PHASE manifest=11
2026-10-10T18:00:38.0228669Z TANDEMLOG_PHASE ingest=34
2026-10-10T18:00:38.0507362Z TANDEMLOG_ROWS {"query_ms":0,"decode_ms":0,"sort_ms":0}
2026-10-10T18:00:38.0994496Z TANDEMLOG_READY_MS=178 FILES_READ=2
2026-10-10T18:00:38.2962049Z ##[group]✅ Passing tests
2026-10-10T18:00:38.2962519Z ✅ application disposal during item Save unknown preserves durable intent
2026-10-10T18:00:38.7322799Z ##[endgroup]
2026-10-10T18:00:38.7323087Z TANDEMLOG_FIRST_FRAME_MS=12
2026-10-10T18:00:39.0237403Z TANDEMLOG_PHASE identity_lock=0
2026-10-10T18:00:39.0384664Z TANDEMLOG_PHASE sqlite_open_schema=14
2026-10-10T18:00:39.0503677Z TANDEMLOG_PHASE manifest=12
2026-10-10T18:00:39.0757217Z TANDEMLOG_PHASE ingest=25
2026-10-10T18:00:39.1167411Z TANDEMLOG_ROWS {"query_ms":0,"decode_ms":0,"sort_ms":0}
2026-10-10T18:00:39.2421603Z TANDEMLOG_READY_MS=521 FILES_READ=1
2026-10-10T18:00:40.4365913Z ##[group]✅ Passing tests
2026-10-10T18:00:40.4366581Z ✅ application disposal finishes item route ownership teardown
2026-10-10T18:00:40.7319691Z ##[endgroup]
2026-10-10T18:00:40.7320033Z TANDEMLOG_FIRST_FRAME_MS=12
2026-10-10T18:00:40.9697894Z TANDEMLOG_PHASE identity_lock=0
2026-10-10T18:00:40.9845711Z TANDEMLOG_PHASE sqlite_open_schema=14
2026-10-10T18:00:41.0061718Z TANDEMLOG_PHASE manifest=21
2026-10-10T18:00:41.0325576Z TANDEMLOG_PHASE ingest=25
2026-10-10T18:00:41.0511116Z TANDEMLOG_ROWS {"query_ms":0,"decode_ms":0,"sort_ms":0}
2026-10-10T18:00:41.1379166Z TANDEMLOG_READY_MS=418 FILES_READ=2
2026-10-10T18:00:44.4199707Z ##[group]✅ Passing tests
2026-10-10T18:00:44.4201057Z ✅ new item late acknowledgement remains frozen until exact Retry Save
2026-10-10T18:00:44.8484866Z ##[endgroup]
2026-10-10T18:00:44.8485129Z TANDEMLOG_FIRST_FRAME_MS=12
2026-10-10T18:00:45.1041416Z TANDEMLOG_PHASE identity_lock=0
2026-10-10T18:00:45.1190096Z TANDEMLOG_PHASE sqlite_open_schema=14
2026-10-10T18:00:45.1298886Z TANDEMLOG_PHASE manifest=11
2026-10-10T18:00:45.1529720Z TANDEMLOG_PHASE ingest=22
2026-10-10T18:00:45.1712678Z TANDEMLOG_ROWS {"query_ms":0,"decode_ms":0,"sort_ms":0}
2026-10-10T18:00:45.2411062Z TANDEMLOG_READY_MS=404 FILES_READ=2
2026-10-10T18:00:48.5029073Z ##[group]✅ Passing tests
2026-10-10T18:00:48.5029789Z ✅ task Undo waits for item route and native lease teardown once
2026-10-10T18:00:49.0155831Z ##[endgroup]
2026-10-10T18:00:49.0156110Z TANDEMLOG_FIRST_FRAME_MS=12
2026-10-10T18:00:49.2526517Z TANDEMLOG_PHASE identity_lock=0
2026-10-10T18:00:49.2667756Z TANDEMLOG_PHASE sqlite_open_schema=14
2026-10-10T18:00:49.2886048Z TANDEMLOG_PHASE manifest=21
2026-10-10T18:00:49.3159145Z TANDEMLOG_PHASE ingest=27
2026-10-10T18:00:49.3340916Z TANDEMLOG_ROWS {"query_ms":0,"decode_ms":0,"sort_ms":0}
2026-10-10T18:00:49.4230913Z TANDEMLOG_READY_MS=419 FILES_READ=2
2026-10-10T18:00:51.6523097Z ##[group]✅ Passing tests
2026-10-10T18:00:51.6523836Z ✅ user switch waits only for item Save and route teardown
2026-10-10T18:00:52.1653751Z ##[endgroup]
2026-10-10T18:00:52.1654060Z TANDEMLOG_FIRST_FRAME_MS=12
2026-10-10T18:00:52.4087279Z TANDEMLOG_PHASE identity_lock=0
2026-10-10T18:00:52.4400463Z TANDEMLOG_PHASE sqlite_open_schema=30
2026-10-10T18:00:52.4520124Z TANDEMLOG_PHASE manifest=11
2026-10-10T18:00:52.4781516Z TANDEMLOG_PHASE ingest=25
2026-10-10T18:00:52.5005057Z TANDEMLOG_ROWS {"query_ms":0,"decode_ms":0,"sort_ms":0}
2026-10-10T18:00:52.5571694Z TANDEMLOG_READY_MS=403 FILES_READ=2
2026-10-10T18:00:55.0029026Z ##[group]✅ Passing tests
2026-10-10T18:00:55.0029680Z ✅ user switch saves private item before changing identity
2026-10-10T18:00:55.4045416Z ##[endgroup]
2026-10-10T18:00:55.4046125Z TANDEMLOG_FIRST_FRAME_MS=15
2026-10-10T18:00:55.6524903Z TANDEMLOG_PHASE identity_lock=0
2026-10-10T18:00:55.6680942Z TANDEMLOG_PHASE sqlite_open_schema=15
2026-10-10T18:00:55.6803872Z TANDEMLOG_PHASE manifest=12
2026-10-10T18:00:55.7030278Z TANDEMLOG_PHASE ingest=22
2026-10-10T18:00:55.7304860Z TANDEMLOG_ROWS {"query_ms":0,"decode_ms":0,"sort_ms":0}
2026-10-10T18:00:55.8123149Z TANDEMLOG_READY_MS=423 FILES_READ=1
2026-10-10T18:01:00.0874486Z ##[group]✅ Passing tests
2026-10-10T18:01:00.0874975Z ✅ native bulk named apply persists only Due time desktop-dark
2026-10-10T18:01:00.4965034Z ##[endgroup]
2026-10-10T18:01:00.4965320Z TANDEMLOG_FIRST_FRAME_MS=10
2026-10-10T18:01:00.7379792Z TANDEMLOG_PHASE identity_lock=0
2026-10-10T18:01:00.7534872Z TANDEMLOG_PHASE sqlite_open_schema=15
2026-10-10T18:01:00.7646940Z TANDEMLOG_PHASE manifest=11
2026-10-10T18:01:00.7875757Z TANDEMLOG_PHASE ingest=22
2026-10-10T18:01:00.8149912Z TANDEMLOG_ROWS {"query_ms":0,"decode_ms":0,"sort_ms":0}
2026-10-10T18:01:00.8943240Z TANDEMLOG_READY_MS=408 FILES_READ=1
2026-10-10T18:01:05.2535101Z ##[group]✅ Passing tests
2026-10-10T18:01:05.2535626Z ✅ native bulk named apply persists only Due time narrow-light-200
2026-10-10T18:01:05.6982969Z ##[endgroup]
2026-10-10T18:01:05.6983380Z TANDEMLOG_FIRST_FRAME_MS=12
2026-10-10T18:01:05.9570155Z TANDEMLOG_PHASE identity_lock=0
2026-10-10T18:01:05.9719165Z TANDEMLOG_PHASE sqlite_open_schema=14
2026-10-10T18:01:05.9833711Z TANDEMLOG_PHASE manifest=11
2026-10-10T18:01:06.0049508Z TANDEMLOG_PHASE ingest=21
2026-10-10T18:01:06.0327935Z TANDEMLOG_ROWS {"query_ms":0,"decode_ms":0,"sort_ms":0}
2026-10-10T18:01:06.0915307Z TANDEMLOG_READY_MS=405 FILES_READ=1
2026-10-10T18:01:10.8728040Z ##[group]✅ Passing tests
2026-10-10T18:01:10.8728515Z ✅ native field spacing 1200.0/1.0
2026-10-10T18:01:11.2815435Z ##[endgroup]
2026-10-10T18:01:11.2815706Z TANDEMLOG_FIRST_FRAME_MS=12
2026-10-10T18:01:11.5263368Z TANDEMLOG_PHASE identity_lock=0
2026-10-10T18:01:11.5512454Z TANDEMLOG_PHASE sqlite_open_schema=24
2026-10-10T18:01:11.5622055Z TANDEMLOG_PHASE manifest=11
2026-10-10T18:01:11.5842623Z TANDEMLOG_PHASE ingest=21
2026-10-10T18:01:11.6121501Z TANDEMLOG_ROWS {"query_ms":0,"decode_ms":0,"sort_ms":0}
2026-10-10T18:01:11.6726807Z TANDEMLOG_READY_MS=403 FILES_READ=1
2026-10-10T18:01:16.3228546Z ##[group]✅ Passing tests
2026-10-10T18:01:16.3228996Z ✅ native field spacing 390.0/1.0
2026-10-10T18:01:16.7153889Z ##[endgroup]
2026-10-10T18:01:16.7154239Z TANDEMLOG_FIRST_FRAME_MS=12
2026-10-10T18:01:16.9536907Z TANDEMLOG_PHASE identity_lock=0
2026-10-10T18:01:16.9680241Z TANDEMLOG_PHASE sqlite_open_schema=14
2026-10-10T18:01:16.9897873Z TANDEMLOG_PHASE manifest=20
2026-10-10T18:01:17.0101805Z TANDEMLOG_PHASE ingest=21
2026-10-10T18:01:17.0448958Z TANDEMLOG_ROWS {"query_ms":0,"decode_ms":0,"sort_ms":0}
2026-10-10T18:01:17.1123130Z TANDEMLOG_READY_MS=409 FILES_READ=1
2026-10-10T18:01:22.0053555Z ##[group]✅ Passing tests
2026-10-10T18:01:22.0053972Z ✅ native field spacing 390.0/2.0
2026-10-10T18:01:22.8835950Z ##[endgroup]
2026-10-10T18:01:22.8836347Z TANDEMLOG_FIRST_FRAME_MS=13
2026-10-10T18:01:23.1361493Z TANDEMLOG_PHASE identity_lock=0
2026-10-10T18:01:23.1506948Z TANDEMLOG_PHASE sqlite_open_schema=14
2026-10-10T18:01:23.1619157Z TANDEMLOG_PHASE manifest=11
2026-10-10T18:01:23.1879734Z TANDEMLOG_PHASE ingest=25
2026-10-10T18:01:23.2158141Z TANDEMLOG_ROWS {"query_ms":0,"decode_ms":0,"sort_ms":0}
2026-10-10T18:01:23.2798049Z TANDEMLOG_READY_MS=409 FILES_READ=1
2026-10-10T18:01:39.8900736Z ##[group]✅ Passing tests
2026-10-10T18:01:39.8901316Z ✅ shared tag editing and filtering desktop-dark
2026-10-10T18:01:40.7659153Z ##[endgroup]
2026-10-10T18:01:40.7659502Z TANDEMLOG_FIRST_FRAME_MS=12
2026-10-10T18:01:41.0057931Z TANDEMLOG_PHASE identity_lock=0
2026-10-10T18:01:41.0309540Z TANDEMLOG_PHASE sqlite_open_schema=24
2026-10-10T18:01:41.0422268Z TANDEMLOG_PHASE manifest=11
2026-10-10T18:01:41.0684544Z TANDEMLOG_PHASE ingest=26
2026-10-10T18:01:41.0997111Z TANDEMLOG_ROWS {"query_ms":0,"decode_ms":0,"sort_ms":0}
2026-10-10T18:01:41.1767560Z TANDEMLOG_READY_MS=423 FILES_READ=1
2026-10-10T18:01:59.0236122Z ##[group]✅ Passing tests
2026-10-10T18:01:59.0236607Z ✅ shared tag editing and filtering narrow-dark
2026-10-10T18:01:59.8993484Z ##[endgroup]
2026-10-10T18:01:59.8993831Z TANDEMLOG_FIRST_FRAME_MS=12
2026-10-10T18:02:00.1402859Z TANDEMLOG_PHASE identity_lock=0
2026-10-10T18:02:00.1645334Z TANDEMLOG_PHASE sqlite_open_schema=23
2026-10-10T18:02:00.1753010Z TANDEMLOG_PHASE manifest=10
2026-10-10T18:02:00.2013849Z TANDEMLOG_PHASE ingest=25
2026-10-10T18:02:00.2362950Z TANDEMLOG_ROWS {"query_ms":0,"decode_ms":0,"sort_ms":0}
2026-10-10T18:02:00.2998300Z TANDEMLOG_READY_MS=412 FILES_READ=1
2026-10-10T18:02:19.9057634Z ##[group]✅ Passing tests
2026-10-10T18:02:19.9058277Z ✅ shared tag editing and filtering narrow-light-200
2026-10-10T18:02:20.1973904Z ##[endgroup]
2026-10-10T18:02:20.1974242Z TANDEMLOG_FIRST_FRAME_MS=11
2026-10-10T18:02:20.4358211Z TANDEMLOG_PHASE identity_lock=0
2026-10-10T18:02:20.4503015Z TANDEMLOG_PHASE sqlite_open_schema=14
2026-10-10T18:02:20.4720332Z TANDEMLOG_PHASE manifest=21
2026-10-10T18:02:20.4949357Z TANDEMLOG_PHASE ingest=22
2026-10-10T18:02:20.5131159Z TANDEMLOG_ROWS {"query_ms":0,"decode_ms":0,"sort_ms":0}
2026-10-10T18:02:20.6040270Z TANDEMLOG_READY_MS=418 FILES_READ=2
2026-10-10T18:02:22.5031454Z ##[group]✅ Passing tests
2026-10-10T18:02:22.5032904Z ✅ queued task capture cannot append after reconciliation discovers shared authority loss
2026-10-10T18:02:22.7986467Z ##[endgroup]
2026-10-10T18:02:22.7986713Z TANDEMLOG_FIRST_FRAME_MS=12
2026-10-10T18:02:23.0370001Z TANDEMLOG_PHASE identity_lock=0
2026-10-10T18:02:23.0622128Z TANDEMLOG_PHASE sqlite_open_schema=24
2026-10-10T18:02:23.0736331Z TANDEMLOG_PHASE manifest=11
2026-10-10T18:02:23.1005400Z TANDEMLOG_PHASE ingest=26
2026-10-10T18:02:23.1197979Z TANDEMLOG_ROWS {"query_ms":0,"decode_ms":0,"sort_ms":0}
2026-10-10T18:02:23.1882571Z TANDEMLOG_READY_MS=401 FILES_READ=2
2026-10-10T18:02:25.3361669Z ##[group]✅ Passing tests
2026-10-10T18:02:25.3362466Z ✅ shared recovery retains private task editor draft and rejects a retained Save
2026-10-10T18:02:25.6313223Z ##[endgroup]
2026-10-10T18:02:25.6313510Z TANDEMLOG_FIRST_FRAME_MS=11
2026-10-10T18:02:25.8734901Z TANDEMLOG_PHASE identity_lock=0
2026-10-10T18:02:25.8989425Z TANDEMLOG_PHASE sqlite_open_schema=25
2026-10-10T18:02:25.9099509Z TANDEMLOG_PHASE manifest=11
2026-10-10T18:02:25.9288627Z TANDEMLOG_PHASE ingest=18
2026-10-10T18:02:25.9472418Z TANDEMLOG_ROWS {"query_ms":0,"decode_ms":0,"sort_ms":0}
2026-10-10T18:02:26.0346616Z TANDEMLOG_READY_MS=414 FILES_READ=2
2026-10-10T18:02:29.6708444Z ##[group]✅ Passing tests
2026-10-10T18:02:29.6708959Z ✅ restored exact manifest resumes the same draft after guarded repeated Retry
2026-10-10T18:02:29.9644551Z ##[endgroup]
2026-10-10T18:02:29.9644943Z TANDEMLOG_FIRST_FRAME_MS=12
2026-10-10T18:02:30.2049582Z TANDEMLOG_PHASE identity_lock=0
2026-10-10T18:02:30.2321178Z TANDEMLOG_PHASE sqlite_open_schema=26
2026-10-10T18:02:30.2442459Z TANDEMLOG_PHASE manifest=12
2026-10-10T18:02:30.2667016Z TANDEMLOG_PHASE ingest=22
2026-10-10T18:02:30.3247734Z TANDEMLOG_ROWS {"query_ms":0,"decode_ms":0,"sort_ms":0}
2026-10-10T18:02:30.3539952Z TANDEMLOG_READY_MS=401 FILES_READ=1
2026-10-10T18:02:32.6869045Z ##[group]✅ Passing tests
2026-10-10T18:02:32.6869752Z ✅ isolated Food startup failure keeps Tasks writable and retries only Food
2026-10-10T18:02:32.9162443Z ##[endgroup]
2026-10-10T18:02:32.9162820Z TANDEMLOG_FIRST_FRAME_MS=13
2026-10-10T18:02:33.1237628Z TANDEMLOG_PHASE identity_lock=0
2026-10-10T18:02:33.1372643Z TANDEMLOG_PHASE sqlite_open_schema=13
2026-10-10T18:02:33.1472649Z TANDEMLOG_PHASE manifest=9
2026-10-10T18:02:33.1673581Z TANDEMLOG_PHASE ingest=20
2026-10-10T18:02:33.1992123Z TANDEMLOG_ROWS {"query_ms":0,"decode_ms":0,"sort_ms":0}
2026-10-10T18:02:33.3061739Z TANDEMLOG_READY_MS=403 FILES_READ=1
2026-10-10T18:02:37.5323371Z TANDEMLOG_FIRST_FRAME_MS=12
2026-10-10T18:02:37.5409216Z TANDEMLOG_PHASE identity_lock=0
2026-10-10T18:02:37.5710834Z TANDEMLOG_PHASE sqlite_open_schema=29
2026-10-10T18:02:37.5873052Z TANDEMLOG_PHASE manifest=14
2026-10-10T18:02:37.5979157Z TANDEMLOG_PHASE ingest=12
2026-10-10T18:02:37.6463451Z TANDEMLOG_ROWS {"query_ms":0,"decode_ms":0,"sort_ms":0}
2026-10-10T18:02:37.6876151Z TANDEMLOG_READY_MS=167 FILES_READ=0
2026-10-10T18:02:40.4038721Z ##[group]✅ Passing tests
2026-10-10T18:02:40.4039740Z ✅ production Food navigation persists Deleted and restores after restart
2026-10-10T18:03:39.9373464Z ✅ native 320dp expiry guidance at 100/200% in both themes
2026-10-10T18:07:23.4214377Z ✅ native Food editor title/form/IME/error layout matrix
2026-10-10T18:07:23.8178069Z ##[endgroup]
2026-10-10T18:07:23.8179775Z TANDEMLOG_FIRST_FRAME_MS=13
2026-10-10T18:07:24.1089288Z TANDEMLOG_PHASE identity_lock=0
2026-10-10T18:07:24.1233482Z TANDEMLOG_PHASE sqlite_open_schema=14
2026-10-10T18:07:24.1344292Z TANDEMLOG_PHASE manifest=11
2026-10-10T18:07:24.1586463Z TANDEMLOG_PHASE ingest=23
2026-10-10T18:07:24.1970953Z TANDEMLOG_ROWS {"query_ms":0,"decode_ms":0,"sort_ms":0}
2026-10-10T18:07:24.3141429Z TANDEMLOG_READY_MS=508 FILES_READ=1
2026-10-10T18:07:58.7887537Z ##[group]✅ Passing tests
2026-10-10T18:07:58.7888286Z ✅ phone single and bulk editors keep fields usable with the IME
2026-10-10T18:07:59.1835206Z ##[endgroup]
2026-10-10T18:07:59.1835480Z TANDEMLOG_FIRST_FRAME_MS=13
2026-10-10T18:07:59.4672375Z TANDEMLOG_PHASE identity_lock=0
2026-10-10T18:07:59.4817845Z TANDEMLOG_PHASE sqlite_open_schema=14
2026-10-10T18:07:59.4928478Z TANDEMLOG_PHASE manifest=10
2026-10-10T18:07:59.5149588Z TANDEMLOG_PHASE ingest=21
2026-10-10T18:07:59.5561939Z TANDEMLOG_ROWS {"query_ms":0,"decode_ms":0,"sort_ms":0}
2026-10-10T18:07:59.6576981Z TANDEMLOG_READY_MS=485 FILES_READ=1
2026-10-10T18:08:06.9338159Z TANDEMLOG_FIRST_FRAME_MS=13
2026-10-10T18:08:06.9517071Z TANDEMLOG_PHASE identity_lock=0
2026-10-10T18:08:06.9617740Z TANDEMLOG_PHASE sqlite_open_schema=10
2026-10-10T18:08:06.9728909Z TANDEMLOG_PHASE manifest=10
2026-10-10T18:08:06.9837392Z TANDEMLOG_PHASE ingest=10
2026-10-10T18:08:07.0109946Z TANDEMLOG_ROWS {"query_ms":0,"decode_ms":0,"sort_ms":0}
2026-10-10T18:08:07.0902045Z TANDEMLOG_READY_MS=164 FILES_READ=0
2026-10-10T18:08:15.9587142Z ##[group]✅ Passing tests
2026-10-10T18:08:15.9587569Z ✅ phone tag dropdown stays tappable above an open keyboard
2026-10-10T18:08:17.3656107Z ##[endgroup]
2026-10-10T18:08:17.3656480Z TANDEMLOG_FIRST_FRAME_MS=12
2026-10-10T18:08:17.6428925Z TANDEMLOG_PHASE identity_lock=0
2026-10-10T18:08:17.6574585Z TANDEMLOG_PHASE sqlite_open_schema=14
2026-10-10T18:08:17.6695968Z TANDEMLOG_PHASE manifest=12
2026-10-10T18:08:17.7019671Z TANDEMLOG_PHASE ingest=32
2026-10-10T18:08:17.7505436Z TANDEMLOG_ROWS {"query_ms":0,"decode_ms":0,"sort_ms":0}
2026-10-10T18:08:17.8523848Z TANDEMLOG_READY_MS=497 FILES_READ=1
2026-10-10T18:08:52.3156649Z ##[group]✅ Passing tests
2026-10-10T18:08:52.3157115Z ✅ multi-tag selection bulk editing deletion and guarded editor sessions
2026-10-10T18:08:53.8311894Z ##[endgroup]
2026-10-10T18:08:53.8312259Z TANDEMLOG_FIRST_FRAME_MS=12
2026-10-10T18:08:54.0624894Z TANDEMLOG_PHASE identity_lock=0
2026-10-10T18:08:54.0737744Z TANDEMLOG_PHASE sqlite_open_schema=11
2026-10-10T18:08:54.0805135Z TANDEMLOG_PHASE manifest=6
2026-10-10T18:08:54.1045209Z TANDEMLOG_PHASE ingest=23
2026-10-10T18:08:54.1289954Z TANDEMLOG_ROWS {"query_ms":0,"decode_ms":0,"sort_ms":0}
2026-10-10T18:08:54.2080884Z TANDEMLOG_READY_MS=389 FILES_READ=1
2026-10-10T18:09:03.5065099Z ##[group]✅ Passing tests
2026-10-10T18:09:03.5065677Z ✅ workspace search preserves filters drafts and completion sections
2026-10-10T18:09:03.5496497Z ##[endgroup]
2026-10-10T18:09:03.5496893Z TANDEMLOG_FIRST_FRAME_MS=12
2026-10-10T18:09:04.0971652Z TANDEMLOG_FIRST_FRAME_MS=11
2026-10-10T18:09:04.1191239Z TANDEMLOG_PHASE identity_lock=0
2026-10-10T18:09:04.1384317Z TANDEMLOG_PHASE sqlite_open_schema=19
2026-10-10T18:09:04.1520492Z TANDEMLOG_PHASE manifest=13
2026-10-10T18:09:04.1631204Z TANDEMLOG_PHASE ingest=11
2026-10-10T18:09:04.1905248Z TANDEMLOG_ROWS {"query_ms":0,"decode_ms":0,"sort_ms":0}
2026-10-10T18:09:04.2489362Z TANDEMLOG_ONBOARDING_READY_MS=161 FILES_READ=0
2026-10-10T18:09:22.3149678Z TANDEMLOG_FIRST_FRAME_MS=11
2026-10-10T18:09:22.3388836Z TANDEMLOG_PHASE identity_lock=0
2026-10-10T18:09:22.3578197Z TANDEMLOG_PHASE sqlite_open_schema=19
2026-10-10T18:09:22.3684835Z TANDEMLOG_PHASE manifest=10
2026-10-10T18:09:22.3790339Z TANDEMLOG_PHASE ingest=10
2026-10-10T18:09:22.4070721Z TANDEMLOG_ROWS {"query_ms":0,"decode_ms":0,"sort_ms":0}
2026-10-10T18:09:22.4744371Z TANDEMLOG_READY_MS=169 FILES_READ=0
2026-10-10T18:09:25.0448102Z ##[group]✅ Passing tests
2026-10-10T18:09:25.0448793Z ✅ native capture, edit, completion, undo, restart and error recovery
2026-10-10T18:09:25.0864830Z ##[endgroup]
2026-10-10T18:09:25.0865246Z TANDEMLOG_FIRST_FRAME_MS=14
2026-10-10T18:09:25.2027357Z TANDEMLOG_ONBOARDING_READY_MS=130 FILES_READ=0
2026-10-10T18:09:28.8982267Z TANDEMLOG_FIRST_FRAME_MS=11
2026-10-10T18:09:29.0227542Z TANDEMLOG_ONBOARDING_READY_MS=136 FILES_READ=0
2026-10-10T18:09:40.2157318Z TANDEMLOG_FIRST_FRAME_MS=13
2026-10-10T18:09:40.2300866Z TANDEMLOG_PHASE identity_lock=0
2026-10-10T18:09:40.2417575Z TANDEMLOG_PHASE sqlite_open_schema=11
2026-10-10T18:09:40.2524093Z TANDEMLOG_PHASE manifest=10
2026-10-10T18:09:40.2630186Z TANDEMLOG_PHASE ingest=10
2026-10-10T18:09:40.2912882Z TANDEMLOG_ROWS {"query_ms":0,"decode_ms":0,"sort_ms":0}
2026-10-10T18:09:40.3518729Z TANDEMLOG_READY_MS=148 FILES_READ=0
2026-10-10T18:09:40.9778651Z ##[group]✅ desktop onboarding, live theme, inline retry and folder actions
2026-10-10T18:09:40.9779105Z TANDEMLOG_PHASE identity_lock=0
2026-10-10T18:09:40.9779377Z TANDEMLOG_PHASE sqlite_open_schema=10
2026-10-10T18:09:40.9779650Z TANDEMLOG_PHASE manifest=12
2026-10-10T18:09:40.9779885Z TANDEMLOG_PHASE ingest=10
2026-10-10T18:09:40.9780162Z TANDEMLOG_ROWS {"query_ms":0,"decode_ms":0,"sort_ms":0}
2026-10-10T18:09:40.9780775Z TANDEMLOG_PHASE identity_lock=0
2026-10-10T18:09:40.9781302Z ##[endgroup]
2026-10-10T18:09:41.1804346Z TANDEMLOG_FIRST_FRAME_MS=10
2026-10-10T18:09:41.4589569Z TANDEMLOG_PHASE identity_lock=0
2026-10-10T18:09:41.4707630Z TANDEMLOG_PHASE sqlite_open_schema=11
2026-10-10T18:09:41.4806403Z TANDEMLOG_PHASE manifest=9
2026-10-10T18:09:41.4940612Z TANDEMLOG_PHASE ingest=13
2026-10-10T18:09:41.5184061Z TANDEMLOG_ROWS {"query_ms":0,"decode_ms":0,"sort_ms":0}
2026-10-10T18:09:41.5688940Z TANDEMLOG_READY_MS=397 FILES_READ=1
2026-10-10T18:09:50.0996512Z ##[group]✅ Passing tests
2026-10-10T18:09:50.0998371Z ✅ explicit Add finalizes composing drafts once while Enter leaves IME candidates alone
2026-10-10T18:09:50.4006010Z ##[endgroup]
2026-10-10T18:09:50.4006560Z TANDEMLOG_FIRST_FRAME_MS=14
2026-10-10T18:09:50.6694474Z TANDEMLOG_PHASE identity_lock=0
2026-10-10T18:09:50.6849266Z TANDEMLOG_PHASE sqlite_open_schema=15
2026-10-10T18:09:50.6961647Z TANDEMLOG_PHASE manifest=11
2026-10-10T18:09:50.7179373Z TANDEMLOG_PHASE ingest=21
2026-10-10T18:09:50.7471133Z TANDEMLOG_ROWS {"query_ms":0,"decode_ms":0,"sort_ms":0}
2026-10-10T18:09:50.7775364Z TANDEMLOG_READY_MS=388 FILES_READ=1
2026-10-10T18:10:01.3383967Z ##[group]✅ Passing tests
2026-10-10T18:10:01.3384813Z ✅ automatic imports preserve edit/capture buffers and keyboard submission
2026-10-10T18:10:01.6652468Z ##[endgroup]
2026-10-10T18:10:01.6652852Z TANDEMLOG_FIRST_FRAME_MS=12
2026-10-10T18:10:01.7857354Z TANDEMLOG_ONBOARDING_READY_MS=132 FILES_READ=0
2026-10-10T18:10:02.6314726Z TANDEMLOG_FIRST_FRAME_MS=11
2026-10-10T18:10:02.6453370Z TANDEMLOG_PHASE identity_lock=0
2026-10-10T18:10:02.6555329Z TANDEMLOG_PHASE sqlite_open_schema=10
2026-10-10T18:10:02.6662642Z TANDEMLOG_PHASE manifest=10
2026-10-10T18:10:02.6766915Z TANDEMLOG_PHASE ingest=10
2026-10-10T18:10:02.7045699Z TANDEMLOG_ROWS {"query_ms":0,"decode_ms":0,"sort_ms":0}
2026-10-10T18:10:02.7738804Z TANDEMLOG_READY_MS=151 FILES_READ=0
2026-10-10T18:10:03.0450980Z ##[group]✅ desktop Start retains legacy default data after settings reset
2026-10-10T18:10:03.0451460Z TANDEMLOG_PHASE identity_lock=0
2026-10-10T18:10:03.0451726Z TANDEMLOG_PHASE sqlite_open_schema=20
2026-10-10T18:10:03.0452001Z TANDEMLOG_PHASE manifest=19
2026-10-10T18:10:03.0452267Z TANDEMLOG_PHASE ingest=47
2026-10-10T18:10:03.0452559Z TANDEMLOG_ROWS {"query_ms":0,"decode_ms":0,"sort_ms":0}
2026-10-10T18:10:03.0453014Z ##[endgroup]
2026-10-10T18:10:03.0980560Z TANDEMLOG_FIRST_FRAME_MS=11
2026-10-10T18:10:03.3712597Z TANDEMLOG_PHASE identity_lock=0
2026-10-10T18:10:04.2945533Z ##[group]✅ missing saved workspace does not silently create a default
2026-10-10T18:10:04.2945959Z TANDEMLOG_PHASE identity_lock=0
2026-10-10T18:10:04.2946353Z ##[endgroup]
2026-10-10T18:10:04.3321047Z TANDEMLOG_FIRST_FRAME_MS=10
2026-10-10T18:10:04.4517868Z TANDEMLOG_ONBOARDING_READY_MS=130 FILES_READ=0
2026-10-10T18:10:05.2948129Z ##[group]✅ Passing tests
2026-10-10T18:10:05.2948576Z ✅ Android Start keeps picker and cancel creates no private workspace
2026-10-10T18:10:05.4981069Z ##[endgroup]
2026-10-10T18:10:05.4981449Z TANDEMLOG_FIRST_FRAME_MS=11
2026-10-10T18:10:05.7810124Z TANDEMLOG_PHASE identity_lock=0
2026-10-10T18:10:05.7960036Z TANDEMLOG_PHASE sqlite_open_schema=15
2026-10-10T18:10:05.8070565Z TANDEMLOG_PHASE manifest=10
2026-10-10T18:10:05.8264452Z TANDEMLOG_PHASE ingest=19
2026-10-10T18:10:05.8659910Z TANDEMLOG_ROWS {"query_ms":0,"decode_ms":0,"sort_ms":0}
2026-10-10T18:10:05.9884548Z TANDEMLOG_READY_MS=498 FILES_READ=1
2026-10-10T18:10:11.4600794Z ##[group]✅ Passing tests
2026-10-10T18:10:11.4601294Z ✅ Shift+Enter reveals caret before any further input
2026-10-10T18:10:12.7983608Z ##[endgroup]
2026-10-10T18:10:12.7983854Z TANDEMLOG_FIRST_FRAME_MS=11
2026-10-10T18:10:13.0683255Z TANDEMLOG_PHASE identity_lock=0
2026-10-10T18:10:13.0841967Z TANDEMLOG_PHASE sqlite_open_schema=16
2026-10-10T18:10:13.0951778Z TANDEMLOG_PHASE manifest=10
2026-10-10T18:10:13.1263889Z TANDEMLOG_PHASE ingest=31
2026-10-10T18:10:13.1657910Z TANDEMLOG_ROWS {"query_ms":0,"decode_ms":0,"sort_ms":0}
2026-10-10T18:10:13.2980719Z TANDEMLOG_READY_MS=512 FILES_READ=1
2026-10-10T18:10:23.1311466Z ##[group]✅ Passing tests
2026-10-10T18:10:23.1311948Z ✅ compact filters compose reopen reset and keep identity separate
2026-10-10T18:10:24.4805119Z ##[endgroup]
2026-10-10T18:10:24.4805968Z TANDEMLOG_FIRST_FRAME_MS=10
2026-10-10T18:10:24.7605805Z TANDEMLOG_PHASE identity_lock=0
2026-10-10T18:10:24.7751768Z TANDEMLOG_PHASE sqlite_open_schema=14
2026-10-10T18:10:24.7864500Z TANDEMLOG_PHASE manifest=11
2026-10-10T18:10:24.8271883Z TANDEMLOG_PHASE ingest=40
2026-10-10T18:10:24.8656343Z TANDEMLOG_ROWS {"query_ms":0,"decode_ms":0,"sort_ms":0}
2026-10-10T18:10:24.9939378Z TANDEMLOG_READY_MS=521 FILES_READ=1
2026-10-10T18:10:35.3142201Z ##[group]✅ Passing tests
2026-10-10T18:10:35.3142884Z ✅ bounded tag search and responsive task metadata remain readable
2026-10-10T18:12:25.6318176Z ##[endgroup]
2026-10-10T18:12:25.6318586Z TANDEMLOG_FIRST_FRAME_MS=11
2026-10-10T18:12:25.9006057Z TANDEMLOG_PHASE identity_lock=0
2026-10-10T18:12:25.9145681Z TANDEMLOG_PHASE sqlite_open_schema=14
2026-10-10T18:12:25.9259972Z TANDEMLOG_PHASE manifest=11
2026-10-10T18:12:27.3538108Z TANDEMLOG_PHASE ingest=1427
2026-10-10T18:12:27.4160004Z TANDEMLOG_ROWS {"query_ms":4,"decode_ms":14,"sort_ms":0}
2026-10-10T18:12:27.5515578Z TANDEMLOG_READY_MS=1932 FILES_READ=1
2026-10-10T18:12:50.3133415Z ##[group]✅ Passing tests
2026-10-10T18:12:50.3134058Z ✅ header controls stay fixed between open and completed tabs
2026-10-10T18:12:50.6987413Z ##[endgroup]
2026-10-10T18:12:50.6987747Z TANDEMLOG_FIRST_FRAME_MS=11
2026-10-10T18:12:50.9871684Z TANDEMLOG_PHASE identity_lock=0
2026-10-10T18:12:51.0020169Z TANDEMLOG_PHASE sqlite_open_schema=15
2026-10-10T18:12:51.0131947Z TANDEMLOG_PHASE manifest=11
2026-10-10T18:12:51.0354732Z TANDEMLOG_PHASE ingest=22
2026-10-10T18:12:51.0741067Z TANDEMLOG_ROWS {"query_ms":0,"decode_ms":0,"sort_ms":0}
2026-10-10T18:12:51.1935042Z TANDEMLOG_READY_MS=505 FILES_READ=1
2026-10-10T18:13:03.3487251Z ##[group]✅ Passing tests
2026-10-10T18:13:03.3487724Z ✅ dates, zones, tags and order with historical v3 recurrence compatibility
2026-10-10T18:13:03.5528847Z ##[endgroup]
2026-10-10T18:13:03.5529324Z TANDEMLOG_FIRST_FRAME_MS=13
2026-10-10T18:13:03.8191113Z TANDEMLOG_PHASE identity_lock=0
2026-10-10T18:13:03.8337720Z TANDEMLOG_PHASE sqlite_open_schema=14
2026-10-10T18:13:03.8447485Z TANDEMLOG_PHASE manifest=10
2026-10-10T18:13:03.8639027Z TANDEMLOG_PHASE ingest=19
2026-10-10T18:13:03.8927334Z TANDEMLOG_ROWS {"query_ms":0,"decode_ms":0,"sort_ms":0}
2026-10-10T18:13:03.9209022Z TANDEMLOG_READY_MS=379 FILES_READ=1
2026-10-10T18:13:04.6147005Z ##[group]✅ Passing tests
2026-10-10T18:13:04.6147790Z ✅ future event clock warns without blocking capture
2026-10-10T18:13:11.9148067Z ##[endgroup]
2026-10-10T18:13:11.9148428Z TANDEMLOG_FIRST_FRAME_MS=11
2026-10-10T18:13:12.1798183Z TANDEMLOG_PHASE identity_lock=0
2026-10-10T18:13:12.1946540Z TANDEMLOG_PHASE sqlite_open_schema=14
2026-10-10T18:13:12.2056252Z TANDEMLOG_PHASE manifest=11
2026-10-10T18:13:12.2966576Z TANDEMLOG_PHASE ingest=90
2026-10-10T18:13:12.3389499Z TANDEMLOG_ROWS {"query_ms":0,"decode_ms":0,"sort_ms":0}
2026-10-10T18:13:12.4960563Z TANDEMLOG_READY_MS=593 FILES_READ=1
2026-10-10T18:13:37.9142430Z TANDEMLOG_FIRST_FRAME_MS=11
2026-10-10T18:13:37.9326645Z TANDEMLOG_PHASE identity_lock=0
2026-10-10T18:13:37.9440330Z TANDEMLOG_PHASE sqlite_open_schema=11
2026-10-10T18:13:37.9558412Z TANDEMLOG_PHASE manifest=11
2026-10-10T18:13:37.9676906Z TANDEMLOG_PHASE ingest=11
2026-10-10T18:13:37.9973612Z TANDEMLOG_ROWS {"query_ms":0,"decode_ms":0,"sort_ms":0}
2026-10-10T18:13:38.1160331Z TANDEMLOG_READY_MS=214 FILES_READ=0
2026-10-10T18:13:38.4330787Z ##[group]✅ Passing tests
2026-10-10T18:13:38.4331600Z ✅ native tag filters preserve drafts and selected block drag scrolls offscreen
2026-10-10T18:13:39.5144315Z ##[endgroup]
2026-10-10T18:13:39.5144686Z TANDEMLOG_FIRST_FRAME_MS=10
2026-10-10T18:13:39.7857478Z TANDEMLOG_PHASE identity_lock=0
2026-10-10T18:13:39.7998001Z TANDEMLOG_PHASE sqlite_open_schema=14
2026-10-10T18:13:39.8109240Z TANDEMLOG_PHASE manifest=11
2026-10-10T18:13:39.8440977Z TANDEMLOG_PHASE ingest=33
2026-10-10T18:13:39.8837802Z TANDEMLOG_ROWS {"query_ms":0,"decode_ms":0,"sort_ms":0}
2026-10-10T18:13:40.0288706Z TANDEMLOG_READY_MS=524 FILES_READ=1
2026-10-10T18:13:51.1469163Z TANDEMLOG_FIRST_FRAME_MS=11
2026-10-10T18:13:51.1659234Z TANDEMLOG_PHASE identity_lock=0
2026-10-10T18:13:51.1840471Z TANDEMLOG_PHASE sqlite_open_schema=17
2026-10-10T18:13:51.1970852Z TANDEMLOG_PHASE manifest=12
2026-10-10T18:13:51.2094581Z TANDEMLOG_PHASE ingest=12
2026-10-10T18:13:51.2479538Z TANDEMLOG_ROWS {"query_ms":0,"decode_ms":0,"sort_ms":0}
2026-10-10T18:13:51.3198861Z TANDEMLOG_READY_MS=184 FILES_READ=0
2026-10-10T18:13:52.5647161Z ##[group]✅ Passing tests
2026-10-10T18:13:52.5647616Z ✅ native drag preserves hidden order and rejects other time buckets
2026-10-10T18:13:52.8522214Z ##[endgroup]
2026-10-10T18:13:52.8522596Z TANDEMLOG_FIRST_FRAME_MS=14
2026-10-10T18:13:53.2103098Z TANDEMLOG_PHASE identity_lock=0
2026-10-10T18:13:53.2348581Z TANDEMLOG_PHASE sqlite_open_schema=24
2026-10-10T18:13:53.2459013Z TANDEMLOG_PHASE manifest=11
2026-10-10T18:13:53.2787272Z TANDEMLOG_PHASE ingest=32
2026-10-10T18:13:53.3186437Z TANDEMLOG_ROWS {"query_ms":0,"decode_ms":0,"sort_ms":0}
2026-10-10T18:13:53.5234820Z TANDEMLOG_READY_MS=683 FILES_READ=1
2026-10-10T18:13:54.0445277Z ##[group]✅ Passing tests
2026-10-10T18:13:54.0445710Z ✅ loaded startup marker waits for a rendered time projection
2026-10-10T18:13:54.9987815Z ##[endgroup]
2026-10-10T18:13:54.9988068Z TANDEMLOG_FIRST_FRAME_MS=11
2026-10-10T18:13:55.2645722Z TANDEMLOG_PHASE identity_lock=0
2026-10-10T18:13:55.2785392Z TANDEMLOG_PHASE sqlite_open_schema=14
2026-10-10T18:13:55.2903925Z TANDEMLOG_PHASE manifest=11
2026-10-10T18:13:55.3203957Z TANDEMLOG_PHASE ingest=29
2026-10-10T18:13:55.3504143Z TANDEMLOG_ROWS {"query_ms":0,"decode_ms":0,"sort_ms":0}
2026-10-10T18:13:55.4988063Z TANDEMLOG_READY_MS=509 FILES_READ=1
2026-10-10T18:14:04.8984422Z ##[group]✅ Passing tests
2026-10-10T18:14:04.8984873Z ✅ timed task groups preserve drafts and editors without log writes
2026-10-10T18:14:05.1997381Z ##[endgroup]
2026-10-10T18:14:05.1998027Z TANDEMLOG_FIRST_FRAME_MS=12
2026-10-10T18:14:05.4505975Z TANDEMLOG_PHASE identity_lock=0
2026-10-10T18:14:05.4644553Z TANDEMLOG_PHASE sqlite_open_schema=13
2026-10-10T18:14:05.4756800Z TANDEMLOG_PHASE manifest=11
2026-10-10T18:14:05.4966187Z TANDEMLOG_PHASE ingest=20
2026-10-10T18:14:05.5242306Z TANDEMLOG_ROWS {"query_ms":0,"decode_ms":0,"sort_ms":0}
2026-10-10T18:14:05.5910021Z TANDEMLOG_READY_MS=404 FILES_READ=1
2026-10-10T18:15:09.9471278Z TANDEMLOG_FIRST_FRAME_MS=11
2026-10-10T18:15:09.9554953Z TANDEMLOG_PHASE identity_lock=0
2026-10-10T18:15:09.9798735Z TANDEMLOG_PHASE sqlite_open_schema=24
2026-10-10T18:15:09.9914705Z TANDEMLOG_PHASE manifest=11
2026-10-10T18:15:10.0028441Z TANDEMLOG_PHASE ingest=11
2026-10-10T18:15:10.0310734Z TANDEMLOG_ROWS {"query_ms":0,"decode_ms":0,"sort_ms":0}
2026-10-10T18:15:10.1097062Z TANDEMLOG_READY_MS=173 FILES_READ=0
2026-10-10T18:15:10.6052256Z ##[group]✅ Passing tests
2026-10-10T18:15:10.6053016Z ✅ session Undo survives notices, protects drafts and preserves newer synced edits
2026-10-10T18:15:10.8812096Z ##[endgroup]
2026-10-10T18:15:10.8812736Z TANDEMLOG_FIRST_FRAME_MS=11
2026-10-10T18:15:11.1232900Z TANDEMLOG_PHASE identity_lock=0
2026-10-10T18:15:11.1473135Z TANDEMLOG_PHASE sqlite_open_schema=23
2026-10-10T18:15:11.1585024Z TANDEMLOG_PHASE manifest=11
2026-10-10T18:15:11.1782859Z TANDEMLOG_PHASE ingest=19
2026-10-10T18:15:11.2053982Z TANDEMLOG_ROWS {"query_ms":0,"decode_ms":0,"sort_ms":0}
2026-10-10T18:15:11.2714424Z TANDEMLOG_READY_MS=401 FILES_READ=1
2026-10-10T18:15:15.4716689Z ##[group]✅ Passing tests
2026-10-10T18:15:15.4717522Z ✅ historical v3 recurrence compatibility enables unchanged completion at midnight
2026-10-10T18:15:17.0812829Z ##[endgroup]
2026-10-10T18:15:17.0813165Z TANDEMLOG_FIRST_FRAME_MS=11
2026-10-10T18:15:17.3208906Z TANDEMLOG_PHASE identity_lock=0
2026-10-10T18:15:17.3367544Z TANDEMLOG_PHASE sqlite_open_schema=15
2026-10-10T18:15:17.3476108Z TANDEMLOG_PHASE manifest=10
2026-10-10T18:15:17.3787038Z TANDEMLOG_PHASE ingest=31
2026-10-10T18:15:17.4110934Z TANDEMLOG_ROWS {"query_ms":0,"decode_ms":0,"sort_ms":0}
2026-10-10T18:15:17.4851505Z TANDEMLOG_READY_MS=415 FILES_READ=1
2026-10-10T18:15:23.7730317Z ##[group]✅ Passing tests
2026-10-10T18:15:23.7731135Z ✅ single and bulk dirty panes stay mounted through drag and reorder Undo
2026-10-10T18:15:23.9650359Z ##[endgroup]
2026-10-10T18:15:23.9650837Z TANDEMLOG_FIRST_FRAME_MS=11
2026-10-10T18:15:24.2272237Z TANDEMLOG_PHASE identity_lock=0
2026-10-10T18:15:24.2420476Z TANDEMLOG_PHASE sqlite_open_schema=14
2026-10-10T18:15:24.2535176Z TANDEMLOG_PHASE manifest=11
2026-10-10T18:15:24.2732722Z TANDEMLOG_PHASE ingest=19
2026-10-10T18:15:24.3014085Z TANDEMLOG_ROWS {"query_ms":0,"decode_ms":0,"sort_ms":0}
2026-10-10T18:15:24.3491598Z TANDEMLOG_READY_MS=395 FILES_READ=1
2026-10-10T18:15:28.7739317Z ##[group]✅ capture batches update draft once and retain responsive native frames
2026-10-10T18:15:28.7739960Z TANDEMLOG_NATIVE_BATCH count=1 input_clear_ms=66 settle_ms=356 frames=1 input_updates=1
2026-10-10T18:15:28.7740847Z TANDEMLOG_NATIVE_BATCH count=30 input_clear_ms=365 settle_ms=501 frames=3 input_updates=1
2026-10-10T18:15:28.7741530Z TANDEMLOG_NATIVE_BATCH count=100 input_clear_ms=888 settle_ms=377 frames=3 input_updates=1
2026-10-10T18:15:28.7742357Z ##[endgroup]
2026-10-10T18:15:29.8638882Z TANDEMLOG_FIRST_FRAME_MS=11
2026-10-10T18:15:30.1028008Z TANDEMLOG_PHASE identity_lock=0
2026-10-10T18:15:30.1166791Z TANDEMLOG_PHASE sqlite_open_schema=13
2026-10-10T18:15:30.1290067Z TANDEMLOG_PHASE manifest=12
2026-10-10T18:15:30.2350941Z TANDEMLOG_PHASE ingest=105
2026-10-10T18:15:30.2691695Z TANDEMLOG_ROWS {"query_ms":0,"decode_ms":0,"sort_ms":0}
2026-10-10T18:15:30.4550762Z TANDEMLOG_READY_MS=602 FILES_READ=1
2026-10-10T18:15:56.0391434Z ##[group]✅ Passing tests
2026-10-10T18:15:56.0392788Z ✅ compact selection commands stay reachable through scrolling and resize
2026-10-10T18:15:56.0631052Z ##[endgroup]
2026-10-10T18:15:56.0631266Z 
2026-10-10T18:15:56.0655902Z ##[error]92 tests passed, 2 failed.
2026-10-10T18:15:56.0922920Z ##[error]Process completed with exit code 1.
2026-10-10T18:15:56.1068582Z Post job cleanup.
2026-10-10T18:15:56.1906006Z [command]/usr/bin/git version
2026-10-10T18:15:56.1945233Z git version 2.55.0
2026-10-10T18:15:56.1988815Z Temporarily overriding HOME='/home/runner/work/_temp/1cf36f0d-2163-4c46-b6d2-0b0d48b6d99e' before making global git config changes
2026-10-10T18:15:56.1989769Z Adding repository directory to the temporary git global config as a safe directory
2026-10-10T18:15:56.1994663Z [command]/usr/bin/git config --global --add safe.directory /home/runner/work/tandemlog/tandemlog
2026-10-10T18:15:56.2025527Z Removing SSH command configuration
2026-10-10T18:15:56.2031664Z [command]/usr/bin/git config --local --name-only --get-regexp core\.sshCommand
2026-10-10T18:15:56.2066224Z [command]/usr/bin/git submodule foreach --recursive sh -c "git config --local --name-only --get-regexp 'core\.sshCommand' && git config --local --unset-all 'core.sshCommand' || :"
2026-10-10T18:15:56.2295649Z Removing HTTP extra header
2026-10-10T18:15:56.2301854Z [command]/usr/bin/git config --local --name-only --get-regexp http\.https\:\/\/github\.com\/\.extraheader
2026-10-10T18:15:56.2336211Z [command]/usr/bin/git submodule foreach --recursive sh -c "git config --local --name-only --get-regexp 'http\.https\:\/\/github\.com\/\.extraheader' && git config --local --unset-all 'http.https://github.com/.extraheader' || :"
2026-10-10T18:15:56.2560352Z Removing includeIf entries pointing to credentials config files
2026-10-10T18:15:56.2567620Z [command]/usr/bin/git config --local --name-only --get-regexp ^includeIf\.gitdir:
2026-10-10T18:15:56.2601951Z includeif.gitdir:/home/runner/work/tandemlog/tandemlog/.git.path
2026-10-10T18:15:56.2605468Z includeif.gitdir:/home/runner/work/tandemlog/tandemlog/.git/worktrees/*.path
2026-10-10T18:15:56.2606318Z includeif.gitdir:/github/workspace/.git.path
2026-10-10T18:15:56.2607218Z includeif.gitdir:/github/workspace/.git/worktrees/*.path
2026-10-10T18:15:56.2610043Z [command]/usr/bin/git config --local --get-all includeif.gitdir:/home/runner/work/tandemlog/tandemlog/.git.path
2026-10-10T18:15:56.2632713Z /home/runner/work/_temp/git-credentials-d828d085-7877-49cc-adf5-3d4faa3239fe.config
2026-10-10T18:15:56.2650364Z [command]/usr/bin/git config --local --unset includeif.gitdir:/home/runner/work/tandemlog/tandemlog/.git.path \/home\/runner\/work\/_temp\/git\-credentials\-d828d085\-7877\-49cc\-adf5\-3d4faa3239fe\.config
2026-10-10T18:15:56.2678799Z [command]/usr/bin/git config --local --get-all includeif.gitdir:/home/runner/work/tandemlog/tandemlog/.git/worktrees/*.path
2026-10-10T18:15:56.2701420Z /home/runner/work/_temp/git-credentials-d828d085-7877-49cc-adf5-3d4faa3239fe.config
2026-10-10T18:15:56.2717389Z [command]/usr/bin/git config --local --unset includeif.gitdir:/home/runner/work/tandemlog/tandemlog/.git/worktrees/*.path \/home\/runner\/work\/_temp\/git\-credentials\-d828d085\-7877\-49cc\-adf5\-3d4faa3239fe\.config
2026-10-10T18:15:56.2750098Z [command]/usr/bin/git config --local --get-all includeif.gitdir:/github/workspace/.git.path
2026-10-10T18:15:56.2771686Z /github/runner_temp/git-credentials-d828d085-7877-49cc-adf5-3d4faa3239fe.config
2026-10-10T18:15:56.2778953Z [command]/usr/bin/git config --local --unset includeif.gitdir:/github/workspace/.git.path \/github\/runner_temp\/git\-credentials\-d828d085\-7877\-49cc\-adf5\-3d4faa3239fe\.config
2026-10-10T18:15:56.2810025Z [command]/usr/bin/git config --local --get-all includeif.gitdir:/github/workspace/.git/worktrees/*.path
2026-10-10T18:15:56.2830871Z /github/runner_temp/git-credentials-d828d085-7877-49cc-adf5-3d4faa3239fe.config
2026-10-10T18:15:56.2839443Z [command]/usr/bin/git config --local --unset includeif.gitdir:/github/workspace/.git/worktrees/*.path \/github\/runner_temp\/git\-credentials\-d828d085\-7877\-49cc\-adf5\-3d4faa3239fe\.config
2026-10-10T18:15:56.2871301Z [command]/usr/bin/git submodule foreach --recursive git config --local --show-origin --name-only --get-regexp remote.origin.url
2026-10-10T18:15:56.3088690Z Removing credentials config '/home/runner/work/_temp/git-credentials-d828d085-7877-49cc-adf5-3d4faa3239fe.config'
2026-10-10T18:15:56.3243520Z Cleaning up orphan processes
